[2026-05-19T07:38:45.824+0000] {processor.py:161} INFO - Started process (PID=95) to work on /home/airflow/.local/lib/python3.12/site-packages/airflow/example_dags/example_dynamic_task_mapping.py
[2026-05-19T07:38:45.828+0000] {processor.py:830} INFO - Processing file /home/airflow/.local/lib/python3.12/site-packages/airflow/example_dags/example_dynamic_task_mapping.py for tasks to queue
[2026-05-19T07:38:45.847+0000] {logging_mixin.py:188} INFO - [2026-05-19T07:38:45.846+0000] {dagbag.py:545} INFO - Filling up the DagBag from /home/airflow/.local/lib/python3.12/site-packages/airflow/example_dags/example_dynamic_task_mapping.py
[2026-05-19T07:38:45.948+0000] {processor.py:840} INFO - DAG(s) 'example_dynamic_task_mapping' retrieved from /home/airflow/.local/lib/python3.12/site-packages/airflow/example_dags/example_dynamic_task_mapping.py
[2026-05-19T07:38:46.820+0000] {logging_mixin.py:188} INFO - [2026-05-19T07:38:46.820+0000] {dag.py:3089} INFO - Sync 1 DAGs
[2026-05-19T07:38:46.911+0000] {logging_mixin.py:188} INFO - [2026-05-19T07:38:46.910+0000] {dag.py:3947} INFO - Setting next_dagrun for example_dynamic_task_mapping to 2022-03-04 00:00:00+00:00, run_after=2022-03-05 00:00:00+00:00
[2026-05-19T07:38:46.980+0000] {processor.py:183} INFO - Processing /home/airflow/.local/lib/python3.12/site-packages/airflow/example_dags/example_dynamic_task_mapping.py took 1.186 seconds
[2026-05-19T07:39:17.283+0000] {processor.py:161} INFO - Started process (PID=153) to work on /home/airflow/.local/lib/python3.12/site-packages/airflow/example_dags/example_dynamic_task_mapping.py
[2026-05-19T07:39:17.285+0000] {processor.py:830} INFO - Processing file /home/airflow/.local/lib/python3.12/site-packages/airflow/example_dags/example_dynamic_task_mapping.py for tasks to queue
[2026-05-19T07:39:17.289+0000] {logging_mixin.py:188} INFO - [2026-05-19T07:39:17.289+0000] {dagbag.py:545} INFO - Filling up the DagBag from /home/airflow/.local/lib/python3.12/site-packages/airflow/example_dags/example_dynamic_task_mapping.py
[2026-05-19T07:39:17.306+0000] {processor.py:840} INFO - DAG(s) 'example_dynamic_task_mapping' retrieved from /home/airflow/.local/lib/python3.12/site-packages/airflow/example_dags/example_dynamic_task_mapping.py
[2026-05-19T07:39:17.368+0000] {logging_mixin.py:188} INFO - [2026-05-19T07:39:17.367+0000] {dag.py:3089} INFO - Sync 1 DAGs
[2026-05-19T07:39:17.464+0000] {logging_mixin.py:188} INFO - [2026-05-19T07:39:17.462+0000] {dag.py:3947} INFO - Setting next_dagrun for example_dynamic_task_mapping to 2022-03-04 00:00:00+00:00, run_after=2022-03-05 00:00:00+00:00
[2026-05-19T07:39:17.542+0000] {processor.py:183} INFO - Processing /home/airflow/.local/lib/python3.12/site-packages/airflow/example_dags/example_dynamic_task_mapping.py took 0.270 seconds
[2026-05-19T07:39:47.711+0000] {processor.py:161} INFO - Started process (PID=212) to work on /home/airflow/.local/lib/python3.12/site-packages/airflow/example_dags/example_dynamic_task_mapping.py
[2026-05-19T07:39:47.713+0000] {processor.py:830} INFO - Processing file /home/airflow/.local/lib/python3.12/site-packages/airflow/example_dags/example_dynamic_task_mapping.py for tasks to queue
[2026-05-19T07:39:47.717+0000] {logging_mixin.py:188} INFO - [2026-05-19T07:39:47.716+0000] {dagbag.py:545} INFO - Filling up the DagBag from /home/airflow/.local/lib/python3.12/site-packages/airflow/example_dags/example_dynamic_task_mapping.py
[2026-05-19T07:39:47.730+0000] {processor.py:840} INFO - DAG(s) 'example_dynamic_task_mapping' retrieved from /home/airflow/.local/lib/python3.12/site-packages/airflow/example_dags/example_dynamic_task_mapping.py
[2026-05-19T07:39:47.768+0000] {logging_mixin.py:188} INFO - [2026-05-19T07:39:47.768+0000] {dag.py:3089} INFO - Sync 1 DAGs
[2026-05-19T07:39:47.813+0000] {logging_mixin.py:188} INFO - [2026-05-19T07:39:47.812+0000] {dag.py:3947} INFO - Setting next_dagrun for example_dynamic_task_mapping to 2022-03-04 00:00:00+00:00, run_after=2022-03-05 00:00:00+00:00
[2026-05-19T07:39:47.850+0000] {processor.py:183} INFO - Processing /home/airflow/.local/lib/python3.12/site-packages/airflow/example_dags/example_dynamic_task_mapping.py took 0.152 seconds
[2026-05-19T07:40:17.947+0000] {processor.py:161} INFO - Started process (PID=270) to work on /home/airflow/.local/lib/python3.12/site-packages/airflow/example_dags/example_dynamic_task_mapping.py
[2026-05-19T07:40:17.950+0000] {processor.py:830} INFO - Processing file /home/airflow/.local/lib/python3.12/site-packages/airflow/example_dags/example_dynamic_task_mapping.py for tasks to queue
[2026-05-19T07:40:17.958+0000] {logging_mixin.py:188} INFO - [2026-05-19T07:40:17.957+0000] {dagbag.py:545} INFO - Filling up the DagBag from /home/airflow/.local/lib/python3.12/site-packages/airflow/example_dags/example_dynamic_task_mapping.py
[2026-05-19T07:40:17.977+0000] {processor.py:840} INFO - DAG(s) 'example_dynamic_task_mapping' retrieved from /home/airflow/.local/lib/python3.12/site-packages/airflow/example_dags/example_dynamic_task_mapping.py
[2026-05-19T07:40:18.045+0000] {logging_mixin.py:188} INFO - [2026-05-19T07:40:18.043+0000] {dag.py:3089} INFO - Sync 1 DAGs
[2026-05-19T07:40:18.120+0000] {logging_mixin.py:188} INFO - [2026-05-19T07:40:18.120+0000] {dag.py:3947} INFO - Setting next_dagrun for example_dynamic_task_mapping to 2022-03-04 00:00:00+00:00, run_after=2022-03-05 00:00:00+00:00
[2026-05-19T07:40:18.177+0000] {processor.py:183} INFO - Processing /home/airflow/.local/lib/python3.12/site-packages/airflow/example_dags/example_dynamic_task_mapping.py took 0.247 seconds
[2026-05-19T07:40:49.149+0000] {processor.py:161} INFO - Started process (PID=328) to work on /home/airflow/.local/lib/python3.12/site-packages/airflow/example_dags/example_dynamic_task_mapping.py
[2026-05-19T07:40:49.151+0000] {processor.py:830} INFO - Processing file /home/airflow/.local/lib/python3.12/site-packages/airflow/example_dags/example_dynamic_task_mapping.py for tasks to queue
[2026-05-19T07:40:49.154+0000] {logging_mixin.py:188} INFO - [2026-05-19T07:40:49.154+0000] {dagbag.py:545} INFO - Filling up the DagBag from /home/airflow/.local/lib/python3.12/site-packages/airflow/example_dags/example_dynamic_task_mapping.py
[2026-05-19T07:40:49.166+0000] {processor.py:840} INFO - DAG(s) 'example_dynamic_task_mapping' retrieved from /home/airflow/.local/lib/python3.12/site-packages/airflow/example_dags/example_dynamic_task_mapping.py
[2026-05-19T07:40:49.201+0000] {logging_mixin.py:188} INFO - [2026-05-19T07:40:49.201+0000] {dag.py:3089} INFO - Sync 1 DAGs
[2026-05-19T07:40:49.241+0000] {logging_mixin.py:188} INFO - [2026-05-19T07:40:49.240+0000] {dag.py:3947} INFO - Setting next_dagrun for example_dynamic_task_mapping to 2022-03-04 00:00:00+00:00, run_after=2022-03-05 00:00:00+00:00
[2026-05-19T07:40:49.280+0000] {processor.py:183} INFO - Processing /home/airflow/.local/lib/python3.12/site-packages/airflow/example_dags/example_dynamic_task_mapping.py took 0.141 seconds
[2026-05-19T07:41:19.794+0000] {processor.py:161} INFO - Started process (PID=386) to work on /home/airflow/.local/lib/python3.12/site-packages/airflow/example_dags/example_dynamic_task_mapping.py
[2026-05-19T07:41:19.798+0000] {processor.py:830} INFO - Processing file /home/airflow/.local/lib/python3.12/site-packages/airflow/example_dags/example_dynamic_task_mapping.py for tasks to queue
[2026-05-19T07:41:19.804+0000] {logging_mixin.py:188} INFO - [2026-05-19T07:41:19.802+0000] {dagbag.py:545} INFO - Filling up the DagBag from /home/airflow/.local/lib/python3.12/site-packages/airflow/example_dags/example_dynamic_task_mapping.py
[2026-05-19T07:41:19.824+0000] {processor.py:840} INFO - DAG(s) 'example_dynamic_task_mapping' retrieved from /home/airflow/.local/lib/python3.12/site-packages/airflow/example_dags/example_dynamic_task_mapping.py
[2026-05-19T07:41:19.869+0000] {logging_mixin.py:188} INFO - [2026-05-19T07:41:19.868+0000] {dag.py:3089} INFO - Sync 1 DAGs
[2026-05-19T07:41:19.906+0000] {logging_mixin.py:188} INFO - [2026-05-19T07:41:19.905+0000] {dag.py:3947} INFO - Setting next_dagrun for example_dynamic_task_mapping to 2022-03-04 00:00:00+00:00, run_after=2022-03-05 00:00:00+00:00
[2026-05-19T07:41:19.938+0000] {processor.py:183} INFO - Processing /home/airflow/.local/lib/python3.12/site-packages/airflow/example_dags/example_dynamic_task_mapping.py took 0.161 seconds
[2026-05-19T07:41:50.127+0000] {processor.py:161} INFO - Started process (PID=444) to work on /home/airflow/.local/lib/python3.12/site-packages/airflow/example_dags/example_dynamic_task_mapping.py
[2026-05-19T07:41:50.129+0000] {processor.py:830} INFO - Processing file /home/airflow/.local/lib/python3.12/site-packages/airflow/example_dags/example_dynamic_task_mapping.py for tasks to queue
[2026-05-19T07:41:50.132+0000] {logging_mixin.py:188} INFO - [2026-05-19T07:41:50.131+0000] {dagbag.py:545} INFO - Filling up the DagBag from /home/airflow/.local/lib/python3.12/site-packages/airflow/example_dags/example_dynamic_task_mapping.py
[2026-05-19T07:41:50.145+0000] {processor.py:840} INFO - DAG(s) 'example_dynamic_task_mapping' retrieved from /home/airflow/.local/lib/python3.12/site-packages/airflow/example_dags/example_dynamic_task_mapping.py
[2026-05-19T07:41:50.191+0000] {logging_mixin.py:188} INFO - [2026-05-19T07:41:50.191+0000] {dag.py:3089} INFO - Sync 1 DAGs
[2026-05-19T07:41:50.232+0000] {logging_mixin.py:188} INFO - [2026-05-19T07:41:50.232+0000] {dag.py:3947} INFO - Setting next_dagrun for example_dynamic_task_mapping to 2022-03-04 00:00:00+00:00, run_after=2022-03-05 00:00:00+00:00
[2026-05-19T07:41:50.269+0000] {processor.py:183} INFO - Processing /home/airflow/.local/lib/python3.12/site-packages/airflow/example_dags/example_dynamic_task_mapping.py took 0.151 seconds
[2026-05-19T07:42:21.408+0000] {processor.py:161} INFO - Started process (PID=502) to work on /home/airflow/.local/lib/python3.12/site-packages/airflow/example_dags/example_dynamic_task_mapping.py
[2026-05-19T07:42:21.422+0000] {processor.py:830} INFO - Processing file /home/airflow/.local/lib/python3.12/site-packages/airflow/example_dags/example_dynamic_task_mapping.py for tasks to queue
[2026-05-19T07:42:21.440+0000] {logging_mixin.py:188} INFO - [2026-05-19T07:42:21.439+0000] {dagbag.py:545} INFO - Filling up the DagBag from /home/airflow/.local/lib/python3.12/site-packages/airflow/example_dags/example_dynamic_task_mapping.py
[2026-05-19T07:42:21.514+0000] {processor.py:840} INFO - DAG(s) 'example_dynamic_task_mapping' retrieved from /home/airflow/.local/lib/python3.12/site-packages/airflow/example_dags/example_dynamic_task_mapping.py
[2026-05-19T07:42:21.770+0000] {logging_mixin.py:188} INFO - [2026-05-19T07:42:21.769+0000] {dag.py:3089} INFO - Sync 1 DAGs
[2026-05-19T07:42:22.017+0000] {logging_mixin.py:188} INFO - [2026-05-19T07:42:22.016+0000] {dag.py:3947} INFO - Setting next_dagrun for example_dynamic_task_mapping to 2022-03-04 00:00:00+00:00, run_after=2022-03-05 00:00:00+00:00
[2026-05-19T07:42:22.210+0000] {processor.py:183} INFO - Processing /home/airflow/.local/lib/python3.12/site-packages/airflow/example_dags/example_dynamic_task_mapping.py took 0.860 seconds
[2026-05-19T07:42:52.458+0000] {processor.py:161} INFO - Started process (PID=561) to work on /home/airflow/.local/lib/python3.12/site-packages/airflow/example_dags/example_dynamic_task_mapping.py
[2026-05-19T07:42:52.468+0000] {processor.py:830} INFO - Processing file /home/airflow/.local/lib/python3.12/site-packages/airflow/example_dags/example_dynamic_task_mapping.py for tasks to queue
[2026-05-19T07:42:52.472+0000] {logging_mixin.py:188} INFO - [2026-05-19T07:42:52.471+0000] {dagbag.py:545} INFO - Filling up the DagBag from /home/airflow/.local/lib/python3.12/site-packages/airflow/example_dags/example_dynamic_task_mapping.py
[2026-05-19T07:42:52.490+0000] {processor.py:840} INFO - DAG(s) 'example_dynamic_task_mapping' retrieved from /home/airflow/.local/lib/python3.12/site-packages/airflow/example_dags/example_dynamic_task_mapping.py
[2026-05-19T07:42:52.535+0000] {logging_mixin.py:188} INFO - [2026-05-19T07:42:52.535+0000] {dag.py:3089} INFO - Sync 1 DAGs
[2026-05-19T07:42:52.579+0000] {logging_mixin.py:188} INFO - [2026-05-19T07:42:52.579+0000] {dag.py:3947} INFO - Setting next_dagrun for example_dynamic_task_mapping to 2022-03-04 00:00:00+00:00, run_after=2022-03-05 00:00:00+00:00
[2026-05-19T07:42:52.632+0000] {processor.py:183} INFO - Processing /home/airflow/.local/lib/python3.12/site-packages/airflow/example_dags/example_dynamic_task_mapping.py took 0.190 seconds
[2026-05-19T07:43:22.994+0000] {processor.py:161} INFO - Started process (PID=619) to work on /home/airflow/.local/lib/python3.12/site-packages/airflow/example_dags/example_dynamic_task_mapping.py
[2026-05-19T07:43:22.997+0000] {processor.py:830} INFO - Processing file /home/airflow/.local/lib/python3.12/site-packages/airflow/example_dags/example_dynamic_task_mapping.py for tasks to queue
[2026-05-19T07:43:23.004+0000] {logging_mixin.py:188} INFO - [2026-05-19T07:43:23.002+0000] {dagbag.py:545} INFO - Filling up the DagBag from /home/airflow/.local/lib/python3.12/site-packages/airflow/example_dags/example_dynamic_task_mapping.py
[2026-05-19T07:43:23.031+0000] {processor.py:840} INFO - DAG(s) 'example_dynamic_task_mapping' retrieved from /home/airflow/.local/lib/python3.12/site-packages/airflow/example_dags/example_dynamic_task_mapping.py
[2026-05-19T07:43:23.083+0000] {logging_mixin.py:188} INFO - [2026-05-19T07:43:23.083+0000] {dag.py:3089} INFO - Sync 1 DAGs
[2026-05-19T07:43:23.147+0000] {logging_mixin.py:188} INFO - [2026-05-19T07:43:23.147+0000] {dag.py:3947} INFO - Setting next_dagrun for example_dynamic_task_mapping to 2022-03-04 00:00:00+00:00, run_after=2022-03-05 00:00:00+00:00
[2026-05-19T07:43:23.206+0000] {processor.py:183} INFO - Processing /home/airflow/.local/lib/python3.12/site-packages/airflow/example_dags/example_dynamic_task_mapping.py took 0.235 seconds
[2026-05-19T07:43:53.829+0000] {processor.py:161} INFO - Started process (PID=678) to work on /home/airflow/.local/lib/python3.12/site-packages/airflow/example_dags/example_dynamic_task_mapping.py
[2026-05-19T07:43:53.831+0000] {processor.py:830} INFO - Processing file /home/airflow/.local/lib/python3.12/site-packages/airflow/example_dags/example_dynamic_task_mapping.py for tasks to queue
[2026-05-19T07:43:53.835+0000] {logging_mixin.py:188} INFO - [2026-05-19T07:43:53.834+0000] {dagbag.py:545} INFO - Filling up the DagBag from /home/airflow/.local/lib/python3.12/site-packages/airflow/example_dags/example_dynamic_task_mapping.py
[2026-05-19T07:43:53.851+0000] {processor.py:840} INFO - DAG(s) 'example_dynamic_task_mapping' retrieved from /home/airflow/.local/lib/python3.12/site-packages/airflow/example_dags/example_dynamic_task_mapping.py
[2026-05-19T07:43:53.897+0000] {logging_mixin.py:188} INFO - [2026-05-19T07:43:53.896+0000] {dag.py:3089} INFO - Sync 1 DAGs
[2026-05-19T07:43:53.941+0000] {logging_mixin.py:188} INFO - [2026-05-19T07:43:53.940+0000] {dag.py:3947} INFO - Setting next_dagrun for example_dynamic_task_mapping to 2022-03-04 00:00:00+00:00, run_after=2022-03-05 00:00:00+00:00
[2026-05-19T07:43:53.987+0000] {processor.py:183} INFO - Processing /home/airflow/.local/lib/python3.12/site-packages/airflow/example_dags/example_dynamic_task_mapping.py took 0.171 seconds
[2026-05-19T07:44:24.618+0000] {processor.py:161} INFO - Started process (PID=736) to work on /home/airflow/.local/lib/python3.12/site-packages/airflow/example_dags/example_dynamic_task_mapping.py
[2026-05-19T07:44:24.621+0000] {processor.py:830} INFO - Processing file /home/airflow/.local/lib/python3.12/site-packages/airflow/example_dags/example_dynamic_task_mapping.py for tasks to queue
[2026-05-19T07:44:24.630+0000] {logging_mixin.py:188} INFO - [2026-05-19T07:44:24.628+0000] {dagbag.py:545} INFO - Filling up the DagBag from /home/airflow/.local/lib/python3.12/site-packages/airflow/example_dags/example_dynamic_task_mapping.py
[2026-05-19T07:44:24.652+0000] {processor.py:840} INFO - DAG(s) 'example_dynamic_task_mapping' retrieved from /home/airflow/.local/lib/python3.12/site-packages/airflow/example_dags/example_dynamic_task_mapping.py
[2026-05-19T07:44:24.747+0000] {logging_mixin.py:188} INFO - [2026-05-19T07:44:24.747+0000] {dag.py:3089} INFO - Sync 1 DAGs
[2026-05-19T07:44:24.857+0000] {logging_mixin.py:188} INFO - [2026-05-19T07:44:24.856+0000] {dag.py:3947} INFO - Setting next_dagrun for example_dynamic_task_mapping to 2022-03-04 00:00:00+00:00, run_after=2022-03-05 00:00:00+00:00
[2026-05-19T07:44:24.944+0000] {processor.py:183} INFO - Processing /home/airflow/.local/lib/python3.12/site-packages/airflow/example_dags/example_dynamic_task_mapping.py took 0.345 seconds
[2026-05-19T07:44:55.201+0000] {processor.py:161} INFO - Started process (PID=794) to work on /home/airflow/.local/lib/python3.12/site-packages/airflow/example_dags/example_dynamic_task_mapping.py
[2026-05-19T07:44:55.203+0000] {processor.py:830} INFO - Processing file /home/airflow/.local/lib/python3.12/site-packages/airflow/example_dags/example_dynamic_task_mapping.py for tasks to queue
[2026-05-19T07:44:55.208+0000] {logging_mixin.py:188} INFO - [2026-05-19T07:44:55.207+0000] {dagbag.py:545} INFO - Filling up the DagBag from /home/airflow/.local/lib/python3.12/site-packages/airflow/example_dags/example_dynamic_task_mapping.py
[2026-05-19T07:44:55.226+0000] {processor.py:840} INFO - DAG(s) 'example_dynamic_task_mapping' retrieved from /home/airflow/.local/lib/python3.12/site-packages/airflow/example_dags/example_dynamic_task_mapping.py
[2026-05-19T07:44:55.268+0000] {logging_mixin.py:188} INFO - [2026-05-19T07:44:55.268+0000] {dag.py:3089} INFO - Sync 1 DAGs
[2026-05-19T07:44:55.319+0000] {logging_mixin.py:188} INFO - [2026-05-19T07:44:55.319+0000] {dag.py:3947} INFO - Setting next_dagrun for example_dynamic_task_mapping to 2022-03-04 00:00:00+00:00, run_after=2022-03-05 00:00:00+00:00
[2026-05-19T07:44:55.355+0000] {processor.py:183} INFO - Processing /home/airflow/.local/lib/python3.12/site-packages/airflow/example_dags/example_dynamic_task_mapping.py took 0.168 seconds
[2026-05-19T07:45:25.538+0000] {processor.py:161} INFO - Started process (PID=850) to work on /home/airflow/.local/lib/python3.12/site-packages/airflow/example_dags/example_dynamic_task_mapping.py
[2026-05-19T07:45:25.540+0000] {processor.py:830} INFO - Processing file /home/airflow/.local/lib/python3.12/site-packages/airflow/example_dags/example_dynamic_task_mapping.py for tasks to queue
[2026-05-19T07:45:25.544+0000] {logging_mixin.py:188} INFO - [2026-05-19T07:45:25.544+0000] {dagbag.py:545} INFO - Filling up the DagBag from /home/airflow/.local/lib/python3.12/site-packages/airflow/example_dags/example_dynamic_task_mapping.py
[2026-05-19T07:45:25.557+0000] {processor.py:840} INFO - DAG(s) 'example_dynamic_task_mapping' retrieved from /home/airflow/.local/lib/python3.12/site-packages/airflow/example_dags/example_dynamic_task_mapping.py
[2026-05-19T07:45:25.593+0000] {logging_mixin.py:188} INFO - [2026-05-19T07:45:25.593+0000] {dag.py:3089} INFO - Sync 1 DAGs
[2026-05-19T07:45:25.632+0000] {logging_mixin.py:188} INFO - [2026-05-19T07:45:25.632+0000] {dag.py:3947} INFO - Setting next_dagrun for example_dynamic_task_mapping to 2022-03-04 00:00:00+00:00, run_after=2022-03-05 00:00:00+00:00
[2026-05-19T07:45:25.662+0000] {processor.py:183} INFO - Processing /home/airflow/.local/lib/python3.12/site-packages/airflow/example_dags/example_dynamic_task_mapping.py took 0.134 seconds
[2026-05-19T07:45:56.452+0000] {processor.py:161} INFO - Started process (PID=908) to work on /home/airflow/.local/lib/python3.12/site-packages/airflow/example_dags/example_dynamic_task_mapping.py
[2026-05-19T07:45:56.455+0000] {processor.py:830} INFO - Processing file /home/airflow/.local/lib/python3.12/site-packages/airflow/example_dags/example_dynamic_task_mapping.py for tasks to queue
[2026-05-19T07:45:56.461+0000] {logging_mixin.py:188} INFO - [2026-05-19T07:45:56.460+0000] {dagbag.py:545} INFO - Filling up the DagBag from /home/airflow/.local/lib/python3.12/site-packages/airflow/example_dags/example_dynamic_task_mapping.py
[2026-05-19T07:45:56.482+0000] {processor.py:840} INFO - DAG(s) 'example_dynamic_task_mapping' retrieved from /home/airflow/.local/lib/python3.12/site-packages/airflow/example_dags/example_dynamic_task_mapping.py
[2026-05-19T07:45:56.534+0000] {logging_mixin.py:188} INFO - [2026-05-19T07:45:56.534+0000] {dag.py:3089} INFO - Sync 1 DAGs
[2026-05-19T07:45:56.581+0000] {logging_mixin.py:188} INFO - [2026-05-19T07:45:56.580+0000] {dag.py:3947} INFO - Setting next_dagrun for example_dynamic_task_mapping to 2022-03-04 00:00:00+00:00, run_after=2022-03-05 00:00:00+00:00
[2026-05-19T07:45:56.651+0000] {processor.py:183} INFO - Processing /home/airflow/.local/lib/python3.12/site-packages/airflow/example_dags/example_dynamic_task_mapping.py took 0.215 seconds
[2026-05-19T07:46:26.925+0000] {processor.py:161} INFO - Started process (PID=966) to work on /home/airflow/.local/lib/python3.12/site-packages/airflow/example_dags/example_dynamic_task_mapping.py
[2026-05-19T07:46:26.930+0000] {processor.py:830} INFO - Processing file /home/airflow/.local/lib/python3.12/site-packages/airflow/example_dags/example_dynamic_task_mapping.py for tasks to queue
[2026-05-19T07:46:26.939+0000] {logging_mixin.py:188} INFO - [2026-05-19T07:46:26.937+0000] {dagbag.py:545} INFO - Filling up the DagBag from /home/airflow/.local/lib/python3.12/site-packages/airflow/example_dags/example_dynamic_task_mapping.py
[2026-05-19T07:46:26.996+0000] {processor.py:840} INFO - DAG(s) 'example_dynamic_task_mapping' retrieved from /home/airflow/.local/lib/python3.12/site-packages/airflow/example_dags/example_dynamic_task_mapping.py
[2026-05-19T07:46:27.120+0000] {logging_mixin.py:188} INFO - [2026-05-19T07:46:27.119+0000] {dag.py:3089} INFO - Sync 1 DAGs
[2026-05-19T07:46:27.273+0000] {logging_mixin.py:188} INFO - [2026-05-19T07:46:27.272+0000] {dag.py:3947} INFO - Setting next_dagrun for example_dynamic_task_mapping to 2022-03-04 00:00:00+00:00, run_after=2022-03-05 00:00:00+00:00
[2026-05-19T07:46:27.411+0000] {processor.py:183} INFO - Processing /home/airflow/.local/lib/python3.12/site-packages/airflow/example_dags/example_dynamic_task_mapping.py took 0.526 seconds
[2026-05-19T07:46:57.940+0000] {processor.py:161} INFO - Started process (PID=1024) to work on /home/airflow/.local/lib/python3.12/site-packages/airflow/example_dags/example_dynamic_task_mapping.py
[2026-05-19T07:46:57.942+0000] {processor.py:830} INFO - Processing file /home/airflow/.local/lib/python3.12/site-packages/airflow/example_dags/example_dynamic_task_mapping.py for tasks to queue
[2026-05-19T07:46:57.946+0000] {logging_mixin.py:188} INFO - [2026-05-19T07:46:57.945+0000] {dagbag.py:545} INFO - Filling up the DagBag from /home/airflow/.local/lib/python3.12/site-packages/airflow/example_dags/example_dynamic_task_mapping.py
[2026-05-19T07:46:57.957+0000] {processor.py:840} INFO - DAG(s) 'example_dynamic_task_mapping' retrieved from /home/airflow/.local/lib/python3.12/site-packages/airflow/example_dags/example_dynamic_task_mapping.py
[2026-05-19T07:46:57.989+0000] {logging_mixin.py:188} INFO - [2026-05-19T07:46:57.988+0000] {dag.py:3089} INFO - Sync 1 DAGs
[2026-05-19T07:46:58.032+0000] {logging_mixin.py:188} INFO - [2026-05-19T07:46:58.032+0000] {dag.py:3947} INFO - Setting next_dagrun for example_dynamic_task_mapping to 2022-03-04 00:00:00+00:00, run_after=2022-03-05 00:00:00+00:00
[2026-05-19T07:46:58.099+0000] {processor.py:183} INFO - Processing /home/airflow/.local/lib/python3.12/site-packages/airflow/example_dags/example_dynamic_task_mapping.py took 0.168 seconds
[2026-05-19T07:47:28.422+0000] {processor.py:161} INFO - Started process (PID=1082) to work on /home/airflow/.local/lib/python3.12/site-packages/airflow/example_dags/example_dynamic_task_mapping.py
[2026-05-19T07:47:28.425+0000] {processor.py:830} INFO - Processing file /home/airflow/.local/lib/python3.12/site-packages/airflow/example_dags/example_dynamic_task_mapping.py for tasks to queue
[2026-05-19T07:47:28.431+0000] {logging_mixin.py:188} INFO - [2026-05-19T07:47:28.430+0000] {dagbag.py:545} INFO - Filling up the DagBag from /home/airflow/.local/lib/python3.12/site-packages/airflow/example_dags/example_dynamic_task_mapping.py
[2026-05-19T07:47:28.448+0000] {processor.py:840} INFO - DAG(s) 'example_dynamic_task_mapping' retrieved from /home/airflow/.local/lib/python3.12/site-packages/airflow/example_dags/example_dynamic_task_mapping.py
[2026-05-19T07:47:28.496+0000] {logging_mixin.py:188} INFO - [2026-05-19T07:47:28.495+0000] {dag.py:3089} INFO - Sync 1 DAGs
[2026-05-19T07:47:28.569+0000] {logging_mixin.py:188} INFO - [2026-05-19T07:47:28.568+0000] {dag.py:3947} INFO - Setting next_dagrun for example_dynamic_task_mapping to 2022-03-04 00:00:00+00:00, run_after=2022-03-05 00:00:00+00:00
[2026-05-19T07:47:28.641+0000] {processor.py:183} INFO - Processing /home/airflow/.local/lib/python3.12/site-packages/airflow/example_dags/example_dynamic_task_mapping.py took 0.233 seconds
[2026-05-19T07:47:58.767+0000] {processor.py:161} INFO - Started process (PID=1140) to work on /home/airflow/.local/lib/python3.12/site-packages/airflow/example_dags/example_dynamic_task_mapping.py
[2026-05-19T07:47:58.770+0000] {processor.py:830} INFO - Processing file /home/airflow/.local/lib/python3.12/site-packages/airflow/example_dags/example_dynamic_task_mapping.py for tasks to queue
[2026-05-19T07:47:58.778+0000] {logging_mixin.py:188} INFO - [2026-05-19T07:47:58.777+0000] {dagbag.py:545} INFO - Filling up the DagBag from /home/airflow/.local/lib/python3.12/site-packages/airflow/example_dags/example_dynamic_task_mapping.py
[2026-05-19T07:47:58.794+0000] {processor.py:840} INFO - DAG(s) 'example_dynamic_task_mapping' retrieved from /home/airflow/.local/lib/python3.12/site-packages/airflow/example_dags/example_dynamic_task_mapping.py
[2026-05-19T07:47:58.849+0000] {logging_mixin.py:188} INFO - [2026-05-19T07:47:58.848+0000] {dag.py:3089} INFO - Sync 1 DAGs
[2026-05-19T07:47:58.913+0000] {logging_mixin.py:188} INFO - [2026-05-19T07:47:58.912+0000] {dag.py:3947} INFO - Setting next_dagrun for example_dynamic_task_mapping to 2022-03-04 00:00:00+00:00, run_after=2022-03-05 00:00:00+00:00
[2026-05-19T07:47:58.981+0000] {processor.py:183} INFO - Processing /home/airflow/.local/lib/python3.12/site-packages/airflow/example_dags/example_dynamic_task_mapping.py took 0.227 seconds
[2026-05-19T07:48:29.212+0000] {processor.py:161} INFO - Started process (PID=1198) to work on /home/airflow/.local/lib/python3.12/site-packages/airflow/example_dags/example_dynamic_task_mapping.py
[2026-05-19T07:48:29.214+0000] {processor.py:830} INFO - Processing file /home/airflow/.local/lib/python3.12/site-packages/airflow/example_dags/example_dynamic_task_mapping.py for tasks to queue
[2026-05-19T07:48:29.218+0000] {logging_mixin.py:188} INFO - [2026-05-19T07:48:29.217+0000] {dagbag.py:545} INFO - Filling up the DagBag from /home/airflow/.local/lib/python3.12/site-packages/airflow/example_dags/example_dynamic_task_mapping.py
[2026-05-19T07:48:29.232+0000] {processor.py:840} INFO - DAG(s) 'example_dynamic_task_mapping' retrieved from /home/airflow/.local/lib/python3.12/site-packages/airflow/example_dags/example_dynamic_task_mapping.py
[2026-05-19T07:48:29.268+0000] {logging_mixin.py:188} INFO - [2026-05-19T07:48:29.268+0000] {dag.py:3089} INFO - Sync 1 DAGs
[2026-05-19T07:48:29.305+0000] {logging_mixin.py:188} INFO - [2026-05-19T07:48:29.304+0000] {dag.py:3947} INFO - Setting next_dagrun for example_dynamic_task_mapping to 2022-03-04 00:00:00+00:00, run_after=2022-03-05 00:00:00+00:00
[2026-05-19T07:48:29.336+0000] {processor.py:183} INFO - Processing /home/airflow/.local/lib/python3.12/site-packages/airflow/example_dags/example_dynamic_task_mapping.py took 0.134 seconds
[2026-05-19T07:48:59.520+0000] {processor.py:161} INFO - Started process (PID=1256) to work on /home/airflow/.local/lib/python3.12/site-packages/airflow/example_dags/example_dynamic_task_mapping.py
[2026-05-19T07:48:59.521+0000] {processor.py:830} INFO - Processing file /home/airflow/.local/lib/python3.12/site-packages/airflow/example_dags/example_dynamic_task_mapping.py for tasks to queue
[2026-05-19T07:48:59.525+0000] {logging_mixin.py:188} INFO - [2026-05-19T07:48:59.524+0000] {dagbag.py:545} INFO - Filling up the DagBag from /home/airflow/.local/lib/python3.12/site-packages/airflow/example_dags/example_dynamic_task_mapping.py
[2026-05-19T07:48:59.537+0000] {processor.py:840} INFO - DAG(s) 'example_dynamic_task_mapping' retrieved from /home/airflow/.local/lib/python3.12/site-packages/airflow/example_dags/example_dynamic_task_mapping.py
[2026-05-19T07:48:59.572+0000] {logging_mixin.py:188} INFO - [2026-05-19T07:48:59.571+0000] {dag.py:3089} INFO - Sync 1 DAGs
[2026-05-19T07:48:59.614+0000] {logging_mixin.py:188} INFO - [2026-05-19T07:48:59.613+0000] {dag.py:3947} INFO - Setting next_dagrun for example_dynamic_task_mapping to 2022-03-04 00:00:00+00:00, run_after=2022-03-05 00:00:00+00:00
[2026-05-19T07:48:59.651+0000] {processor.py:183} INFO - Processing /home/airflow/.local/lib/python3.12/site-packages/airflow/example_dags/example_dynamic_task_mapping.py took 0.140 seconds
[2026-05-19T07:49:30.249+0000] {processor.py:161} INFO - Started process (PID=1316) to work on /home/airflow/.local/lib/python3.12/site-packages/airflow/example_dags/example_dynamic_task_mapping.py
[2026-05-19T07:49:30.256+0000] {processor.py:830} INFO - Processing file /home/airflow/.local/lib/python3.12/site-packages/airflow/example_dags/example_dynamic_task_mapping.py for tasks to queue
[2026-05-19T07:49:30.261+0000] {logging_mixin.py:188} INFO - [2026-05-19T07:49:30.260+0000] {dagbag.py:545} INFO - Filling up the DagBag from /home/airflow/.local/lib/python3.12/site-packages/airflow/example_dags/example_dynamic_task_mapping.py
[2026-05-19T07:49:30.281+0000] {processor.py:840} INFO - DAG(s) 'example_dynamic_task_mapping' retrieved from /home/airflow/.local/lib/python3.12/site-packages/airflow/example_dags/example_dynamic_task_mapping.py
[2026-05-19T07:49:30.323+0000] {logging_mixin.py:188} INFO - [2026-05-19T07:49:30.322+0000] {dag.py:3089} INFO - Sync 1 DAGs
[2026-05-19T07:49:30.369+0000] {logging_mixin.py:188} INFO - [2026-05-19T07:49:30.369+0000] {dag.py:3947} INFO - Setting next_dagrun for example_dynamic_task_mapping to 2022-03-04 00:00:00+00:00, run_after=2022-03-05 00:00:00+00:00
[2026-05-19T07:49:30.411+0000] {processor.py:183} INFO - Processing /home/airflow/.local/lib/python3.12/site-packages/airflow/example_dags/example_dynamic_task_mapping.py took 0.177 seconds
[2026-05-19T07:50:01.280+0000] {processor.py:161} INFO - Started process (PID=1374) to work on /home/airflow/.local/lib/python3.12/site-packages/airflow/example_dags/example_dynamic_task_mapping.py
[2026-05-19T07:50:01.281+0000] {processor.py:830} INFO - Processing file /home/airflow/.local/lib/python3.12/site-packages/airflow/example_dags/example_dynamic_task_mapping.py for tasks to queue
[2026-05-19T07:50:01.285+0000] {logging_mixin.py:188} INFO - [2026-05-19T07:50:01.284+0000] {dagbag.py:545} INFO - Filling up the DagBag from /home/airflow/.local/lib/python3.12/site-packages/airflow/example_dags/example_dynamic_task_mapping.py
[2026-05-19T07:50:01.297+0000] {processor.py:840} INFO - DAG(s) 'example_dynamic_task_mapping' retrieved from /home/airflow/.local/lib/python3.12/site-packages/airflow/example_dags/example_dynamic_task_mapping.py
[2026-05-19T07:50:01.330+0000] {logging_mixin.py:188} INFO - [2026-05-19T07:50:01.330+0000] {dag.py:3089} INFO - Sync 1 DAGs
[2026-05-19T07:50:01.369+0000] {logging_mixin.py:188} INFO - [2026-05-19T07:50:01.368+0000] {dag.py:3947} INFO - Setting next_dagrun for example_dynamic_task_mapping to 2022-03-04 00:00:00+00:00, run_after=2022-03-05 00:00:00+00:00
[2026-05-19T07:50:01.402+0000] {processor.py:183} INFO - Processing /home/airflow/.local/lib/python3.12/site-packages/airflow/example_dags/example_dynamic_task_mapping.py took 0.132 seconds
[2026-05-19T07:50:32.060+0000] {processor.py:161} INFO - Started process (PID=1432) to work on /home/airflow/.local/lib/python3.12/site-packages/airflow/example_dags/example_dynamic_task_mapping.py
[2026-05-19T07:50:32.062+0000] {processor.py:830} INFO - Processing file /home/airflow/.local/lib/python3.12/site-packages/airflow/example_dags/example_dynamic_task_mapping.py for tasks to queue
[2026-05-19T07:50:32.068+0000] {logging_mixin.py:188} INFO - [2026-05-19T07:50:32.067+0000] {dagbag.py:545} INFO - Filling up the DagBag from /home/airflow/.local/lib/python3.12/site-packages/airflow/example_dags/example_dynamic_task_mapping.py
[2026-05-19T07:50:32.085+0000] {processor.py:840} INFO - DAG(s) 'example_dynamic_task_mapping' retrieved from /home/airflow/.local/lib/python3.12/site-packages/airflow/example_dags/example_dynamic_task_mapping.py
[2026-05-19T07:50:32.135+0000] {logging_mixin.py:188} INFO - [2026-05-19T07:50:32.135+0000] {dag.py:3089} INFO - Sync 1 DAGs
[2026-05-19T07:50:32.177+0000] {logging_mixin.py:188} INFO - [2026-05-19T07:50:32.177+0000] {dag.py:3947} INFO - Setting next_dagrun for example_dynamic_task_mapping to 2022-03-04 00:00:00+00:00, run_after=2022-03-05 00:00:00+00:00
[2026-05-19T07:50:32.218+0000] {processor.py:183} INFO - Processing /home/airflow/.local/lib/python3.12/site-packages/airflow/example_dags/example_dynamic_task_mapping.py took 0.174 seconds
[2026-05-19T07:52:29.462+0000] {processor.py:161} INFO - Started process (PID=90) to work on /home/airflow/.local/lib/python3.12/site-packages/airflow/example_dags/example_dynamic_task_mapping.py
[2026-05-19T07:52:29.466+0000] {processor.py:830} INFO - Processing file /home/airflow/.local/lib/python3.12/site-packages/airflow/example_dags/example_dynamic_task_mapping.py for tasks to queue
[2026-05-19T07:52:29.474+0000] {logging_mixin.py:188} INFO - [2026-05-19T07:52:29.473+0000] {dagbag.py:545} INFO - Filling up the DagBag from /home/airflow/.local/lib/python3.12/site-packages/airflow/example_dags/example_dynamic_task_mapping.py
[2026-05-19T07:52:29.511+0000] {processor.py:840} INFO - DAG(s) 'example_dynamic_task_mapping' retrieved from /home/airflow/.local/lib/python3.12/site-packages/airflow/example_dags/example_dynamic_task_mapping.py
[2026-05-19T07:52:29.693+0000] {logging_mixin.py:188} INFO - [2026-05-19T07:52:29.692+0000] {dag.py:3089} INFO - Sync 1 DAGs
[2026-05-19T07:52:29.817+0000] {logging_mixin.py:188} INFO - [2026-05-19T07:52:29.812+0000] {dag.py:3947} INFO - Setting next_dagrun for example_dynamic_task_mapping to 2022-03-04 00:00:00+00:00, run_after=2022-03-05 00:00:00+00:00
[2026-05-19T07:52:30.032+0000] {processor.py:183} INFO - Processing /home/airflow/.local/lib/python3.12/site-packages/airflow/example_dags/example_dynamic_task_mapping.py took 0.593 seconds
[2026-05-19T07:53:30.435+0000] {processor.py:161} INFO - Started process (PID=84) to work on /home/airflow/.local/lib/python3.12/site-packages/airflow/example_dags/example_dynamic_task_mapping.py
[2026-05-19T07:53:30.437+0000] {processor.py:830} INFO - Processing file /home/airflow/.local/lib/python3.12/site-packages/airflow/example_dags/example_dynamic_task_mapping.py for tasks to queue
[2026-05-19T07:53:30.441+0000] {logging_mixin.py:188} INFO - [2026-05-19T07:53:30.440+0000] {dagbag.py:545} INFO - Filling up the DagBag from /home/airflow/.local/lib/python3.12/site-packages/airflow/example_dags/example_dynamic_task_mapping.py
[2026-05-19T07:53:30.458+0000] {processor.py:840} INFO - DAG(s) 'example_dynamic_task_mapping' retrieved from /home/airflow/.local/lib/python3.12/site-packages/airflow/example_dags/example_dynamic_task_mapping.py
[2026-05-19T07:53:30.697+0000] {logging_mixin.py:188} INFO - [2026-05-19T07:53:30.696+0000] {dag.py:3089} INFO - Sync 1 DAGs
[2026-05-19T07:53:30.741+0000] {logging_mixin.py:188} INFO - [2026-05-19T07:53:30.741+0000] {dag.py:3947} INFO - Setting next_dagrun for example_dynamic_task_mapping to 2022-03-04 00:00:00+00:00, run_after=2022-03-05 00:00:00+00:00
[2026-05-19T07:53:30.804+0000] {processor.py:183} INFO - Processing /home/airflow/.local/lib/python3.12/site-packages/airflow/example_dags/example_dynamic_task_mapping.py took 0.379 seconds
[2026-05-19T07:54:01.227+0000] {processor.py:161} INFO - Started process (PID=142) to work on /home/airflow/.local/lib/python3.12/site-packages/airflow/example_dags/example_dynamic_task_mapping.py
[2026-05-19T07:54:01.231+0000] {processor.py:830} INFO - Processing file /home/airflow/.local/lib/python3.12/site-packages/airflow/example_dags/example_dynamic_task_mapping.py for tasks to queue
[2026-05-19T07:54:01.235+0000] {logging_mixin.py:188} INFO - [2026-05-19T07:54:01.235+0000] {dagbag.py:545} INFO - Filling up the DagBag from /home/airflow/.local/lib/python3.12/site-packages/airflow/example_dags/example_dynamic_task_mapping.py
[2026-05-19T07:54:01.253+0000] {processor.py:840} INFO - DAG(s) 'example_dynamic_task_mapping' retrieved from /home/airflow/.local/lib/python3.12/site-packages/airflow/example_dags/example_dynamic_task_mapping.py
[2026-05-19T07:54:01.300+0000] {logging_mixin.py:188} INFO - [2026-05-19T07:54:01.299+0000] {dag.py:3089} INFO - Sync 1 DAGs
[2026-05-19T07:54:01.344+0000] {logging_mixin.py:188} INFO - [2026-05-19T07:54:01.344+0000] {dag.py:3947} INFO - Setting next_dagrun for example_dynamic_task_mapping to 2022-03-04 00:00:00+00:00, run_after=2022-03-05 00:00:00+00:00
[2026-05-19T07:54:01.375+0000] {processor.py:183} INFO - Processing /home/airflow/.local/lib/python3.12/site-packages/airflow/example_dags/example_dynamic_task_mapping.py took 0.162 seconds
[2026-05-19T07:54:32.263+0000] {processor.py:161} INFO - Started process (PID=200) to work on /home/airflow/.local/lib/python3.12/site-packages/airflow/example_dags/example_dynamic_task_mapping.py
[2026-05-19T07:54:32.265+0000] {processor.py:830} INFO - Processing file /home/airflow/.local/lib/python3.12/site-packages/airflow/example_dags/example_dynamic_task_mapping.py for tasks to queue
[2026-05-19T07:54:32.270+0000] {logging_mixin.py:188} INFO - [2026-05-19T07:54:32.269+0000] {dagbag.py:545} INFO - Filling up the DagBag from /home/airflow/.local/lib/python3.12/site-packages/airflow/example_dags/example_dynamic_task_mapping.py
[2026-05-19T07:54:32.284+0000] {processor.py:840} INFO - DAG(s) 'example_dynamic_task_mapping' retrieved from /home/airflow/.local/lib/python3.12/site-packages/airflow/example_dags/example_dynamic_task_mapping.py
[2026-05-19T07:54:32.324+0000] {logging_mixin.py:188} INFO - [2026-05-19T07:54:32.323+0000] {dag.py:3089} INFO - Sync 1 DAGs
[2026-05-19T07:54:32.375+0000] {logging_mixin.py:188} INFO - [2026-05-19T07:54:32.375+0000] {dag.py:3947} INFO - Setting next_dagrun for example_dynamic_task_mapping to 2022-03-04 00:00:00+00:00, run_after=2022-03-05 00:00:00+00:00
[2026-05-19T07:54:32.428+0000] {processor.py:183} INFO - Processing /home/airflow/.local/lib/python3.12/site-packages/airflow/example_dags/example_dynamic_task_mapping.py took 0.175 seconds
[2026-05-19T07:55:06.626+0000] {processor.py:161} INFO - Started process (PID=258) to work on /home/airflow/.local/lib/python3.12/site-packages/airflow/example_dags/example_dynamic_task_mapping.py
[2026-05-19T07:55:06.629+0000] {processor.py:830} INFO - Processing file /home/airflow/.local/lib/python3.12/site-packages/airflow/example_dags/example_dynamic_task_mapping.py for tasks to queue
[2026-05-19T07:55:06.634+0000] {logging_mixin.py:188} INFO - [2026-05-19T07:55:06.633+0000] {dagbag.py:545} INFO - Filling up the DagBag from /home/airflow/.local/lib/python3.12/site-packages/airflow/example_dags/example_dynamic_task_mapping.py
[2026-05-19T07:55:06.654+0000] {processor.py:840} INFO - DAG(s) 'example_dynamic_task_mapping' retrieved from /home/airflow/.local/lib/python3.12/site-packages/airflow/example_dags/example_dynamic_task_mapping.py
[2026-05-19T07:55:06.717+0000] {logging_mixin.py:188} INFO - [2026-05-19T07:55:06.716+0000] {dag.py:3089} INFO - Sync 1 DAGs
[2026-05-19T07:55:06.782+0000] {logging_mixin.py:188} INFO - [2026-05-19T07:55:06.781+0000] {dag.py:3947} INFO - Setting next_dagrun for example_dynamic_task_mapping to 2022-03-04 00:00:00+00:00, run_after=2022-03-05 00:00:00+00:00
[2026-05-19T07:55:06.868+0000] {processor.py:183} INFO - Processing /home/airflow/.local/lib/python3.12/site-packages/airflow/example_dags/example_dynamic_task_mapping.py took 0.257 seconds
[2026-05-19T07:55:37.343+0000] {processor.py:161} INFO - Started process (PID=315) to work on /home/airflow/.local/lib/python3.12/site-packages/airflow/example_dags/example_dynamic_task_mapping.py
[2026-05-19T07:55:37.347+0000] {processor.py:830} INFO - Processing file /home/airflow/.local/lib/python3.12/site-packages/airflow/example_dags/example_dynamic_task_mapping.py for tasks to queue
[2026-05-19T07:55:37.352+0000] {logging_mixin.py:188} INFO - [2026-05-19T07:55:37.351+0000] {dagbag.py:545} INFO - Filling up the DagBag from /home/airflow/.local/lib/python3.12/site-packages/airflow/example_dags/example_dynamic_task_mapping.py
[2026-05-19T07:55:37.372+0000] {processor.py:840} INFO - DAG(s) 'example_dynamic_task_mapping' retrieved from /home/airflow/.local/lib/python3.12/site-packages/airflow/example_dags/example_dynamic_task_mapping.py
[2026-05-19T07:55:37.424+0000] {logging_mixin.py:188} INFO - [2026-05-19T07:55:37.423+0000] {dag.py:3089} INFO - Sync 1 DAGs
[2026-05-19T07:55:37.493+0000] {logging_mixin.py:188} INFO - [2026-05-19T07:55:37.493+0000] {dag.py:3947} INFO - Setting next_dagrun for example_dynamic_task_mapping to 2022-03-04 00:00:00+00:00, run_after=2022-03-05 00:00:00+00:00
[2026-05-19T07:55:37.535+0000] {processor.py:183} INFO - Processing /home/airflow/.local/lib/python3.12/site-packages/airflow/example_dags/example_dynamic_task_mapping.py took 0.204 seconds
[2026-05-19T07:56:08.995+0000] {processor.py:161} INFO - Started process (PID=373) to work on /home/airflow/.local/lib/python3.12/site-packages/airflow/example_dags/example_dynamic_task_mapping.py
[2026-05-19T07:56:08.999+0000] {processor.py:830} INFO - Processing file /home/airflow/.local/lib/python3.12/site-packages/airflow/example_dags/example_dynamic_task_mapping.py for tasks to queue
[2026-05-19T07:56:09.005+0000] {logging_mixin.py:188} INFO - [2026-05-19T07:56:09.004+0000] {dagbag.py:545} INFO - Filling up the DagBag from /home/airflow/.local/lib/python3.12/site-packages/airflow/example_dags/example_dynamic_task_mapping.py
[2026-05-19T07:56:09.040+0000] {processor.py:840} INFO - DAG(s) 'example_dynamic_task_mapping' retrieved from /home/airflow/.local/lib/python3.12/site-packages/airflow/example_dags/example_dynamic_task_mapping.py
[2026-05-19T07:56:09.130+0000] {logging_mixin.py:188} INFO - [2026-05-19T07:56:09.129+0000] {dag.py:3089} INFO - Sync 1 DAGs
[2026-05-19T07:56:09.221+0000] {logging_mixin.py:188} INFO - [2026-05-19T07:56:09.220+0000] {dag.py:3947} INFO - Setting next_dagrun for example_dynamic_task_mapping to 2022-03-04 00:00:00+00:00, run_after=2022-03-05 00:00:00+00:00
[2026-05-19T07:56:09.283+0000] {processor.py:183} INFO - Processing /home/airflow/.local/lib/python3.12/site-packages/airflow/example_dags/example_dynamic_task_mapping.py took 0.309 seconds
[2026-05-19T07:58:46.420+0000] {processor.py:161} INFO - Started process (PID=93) to work on /home/airflow/.local/lib/python3.12/site-packages/airflow/example_dags/example_dynamic_task_mapping.py
[2026-05-19T07:58:46.427+0000] {processor.py:830} INFO - Processing file /home/airflow/.local/lib/python3.12/site-packages/airflow/example_dags/example_dynamic_task_mapping.py for tasks to queue
[2026-05-19T07:58:46.432+0000] {logging_mixin.py:188} INFO - [2026-05-19T07:58:46.431+0000] {dagbag.py:545} INFO - Filling up the DagBag from /home/airflow/.local/lib/python3.12/site-packages/airflow/example_dags/example_dynamic_task_mapping.py
[2026-05-19T07:58:46.480+0000] {processor.py:840} INFO - DAG(s) 'example_dynamic_task_mapping' retrieved from /home/airflow/.local/lib/python3.12/site-packages/airflow/example_dags/example_dynamic_task_mapping.py
[2026-05-19T07:58:47.109+0000] {logging_mixin.py:188} INFO - [2026-05-19T07:58:47.108+0000] {dag.py:3089} INFO - Sync 1 DAGs
[2026-05-19T07:58:47.210+0000] {logging_mixin.py:188} INFO - [2026-05-19T07:58:47.209+0000] {dag.py:3947} INFO - Setting next_dagrun for example_dynamic_task_mapping to 2022-03-04 00:00:00+00:00, run_after=2022-03-05 00:00:00+00:00
[2026-05-19T07:58:47.342+0000] {processor.py:183} INFO - Processing /home/airflow/.local/lib/python3.12/site-packages/airflow/example_dags/example_dynamic_task_mapping.py took 0.952 seconds
[2026-05-19T07:59:18.168+0000] {processor.py:161} INFO - Started process (PID=151) to work on /home/airflow/.local/lib/python3.12/site-packages/airflow/example_dags/example_dynamic_task_mapping.py
[2026-05-19T07:59:18.172+0000] {processor.py:830} INFO - Processing file /home/airflow/.local/lib/python3.12/site-packages/airflow/example_dags/example_dynamic_task_mapping.py for tasks to queue
[2026-05-19T07:59:18.178+0000] {logging_mixin.py:188} INFO - [2026-05-19T07:59:18.177+0000] {dagbag.py:545} INFO - Filling up the DagBag from /home/airflow/.local/lib/python3.12/site-packages/airflow/example_dags/example_dynamic_task_mapping.py
[2026-05-19T07:59:18.195+0000] {processor.py:840} INFO - DAG(s) 'example_dynamic_task_mapping' retrieved from /home/airflow/.local/lib/python3.12/site-packages/airflow/example_dags/example_dynamic_task_mapping.py
[2026-05-19T07:59:18.247+0000] {logging_mixin.py:188} INFO - [2026-05-19T07:59:18.247+0000] {dag.py:3089} INFO - Sync 1 DAGs
[2026-05-19T07:59:18.297+0000] {logging_mixin.py:188} INFO - [2026-05-19T07:59:18.296+0000] {dag.py:3947} INFO - Setting next_dagrun for example_dynamic_task_mapping to 2022-03-04 00:00:00+00:00, run_after=2022-03-05 00:00:00+00:00
[2026-05-19T07:59:18.331+0000] {processor.py:183} INFO - Processing /home/airflow/.local/lib/python3.12/site-packages/airflow/example_dags/example_dynamic_task_mapping.py took 0.177 seconds
[2026-05-19T07:59:49.009+0000] {processor.py:161} INFO - Started process (PID=210) to work on /home/airflow/.local/lib/python3.12/site-packages/airflow/example_dags/example_dynamic_task_mapping.py
[2026-05-19T07:59:49.012+0000] {processor.py:830} INFO - Processing file /home/airflow/.local/lib/python3.12/site-packages/airflow/example_dags/example_dynamic_task_mapping.py for tasks to queue
[2026-05-19T07:59:49.018+0000] {logging_mixin.py:188} INFO - [2026-05-19T07:59:49.017+0000] {dagbag.py:545} INFO - Filling up the DagBag from /home/airflow/.local/lib/python3.12/site-packages/airflow/example_dags/example_dynamic_task_mapping.py
[2026-05-19T07:59:49.034+0000] {processor.py:840} INFO - DAG(s) 'example_dynamic_task_mapping' retrieved from /home/airflow/.local/lib/python3.12/site-packages/airflow/example_dags/example_dynamic_task_mapping.py
[2026-05-19T07:59:49.080+0000] {logging_mixin.py:188} INFO - [2026-05-19T07:59:49.079+0000] {dag.py:3089} INFO - Sync 1 DAGs
[2026-05-19T07:59:49.120+0000] {logging_mixin.py:188} INFO - [2026-05-19T07:59:49.120+0000] {dag.py:3947} INFO - Setting next_dagrun for example_dynamic_task_mapping to 2022-03-04 00:00:00+00:00, run_after=2022-03-05 00:00:00+00:00
[2026-05-19T07:59:49.165+0000] {processor.py:183} INFO - Processing /home/airflow/.local/lib/python3.12/site-packages/airflow/example_dags/example_dynamic_task_mapping.py took 0.166 seconds
[2026-05-19T08:00:19.436+0000] {processor.py:161} INFO - Started process (PID=268) to work on /home/airflow/.local/lib/python3.12/site-packages/airflow/example_dags/example_dynamic_task_mapping.py
[2026-05-19T08:00:19.439+0000] {processor.py:830} INFO - Processing file /home/airflow/.local/lib/python3.12/site-packages/airflow/example_dags/example_dynamic_task_mapping.py for tasks to queue
[2026-05-19T08:00:19.444+0000] {logging_mixin.py:188} INFO - [2026-05-19T08:00:19.444+0000] {dagbag.py:545} INFO - Filling up the DagBag from /home/airflow/.local/lib/python3.12/site-packages/airflow/example_dags/example_dynamic_task_mapping.py
[2026-05-19T08:00:19.461+0000] {processor.py:840} INFO - DAG(s) 'example_dynamic_task_mapping' retrieved from /home/airflow/.local/lib/python3.12/site-packages/airflow/example_dags/example_dynamic_task_mapping.py
[2026-05-19T08:00:19.505+0000] {logging_mixin.py:188} INFO - [2026-05-19T08:00:19.504+0000] {dag.py:3089} INFO - Sync 1 DAGs
[2026-05-19T08:00:19.545+0000] {logging_mixin.py:188} INFO - [2026-05-19T08:00:19.544+0000] {dag.py:3947} INFO - Setting next_dagrun for example_dynamic_task_mapping to 2022-03-04 00:00:00+00:00, run_after=2022-03-05 00:00:00+00:00
[2026-05-19T08:00:19.574+0000] {processor.py:183} INFO - Processing /home/airflow/.local/lib/python3.12/site-packages/airflow/example_dags/example_dynamic_task_mapping.py took 0.151 seconds
[2026-05-19T08:00:49.839+0000] {processor.py:161} INFO - Started process (PID=326) to work on /home/airflow/.local/lib/python3.12/site-packages/airflow/example_dags/example_dynamic_task_mapping.py
[2026-05-19T08:00:49.842+0000] {processor.py:830} INFO - Processing file /home/airflow/.local/lib/python3.12/site-packages/airflow/example_dags/example_dynamic_task_mapping.py for tasks to queue
[2026-05-19T08:00:49.847+0000] {logging_mixin.py:188} INFO - [2026-05-19T08:00:49.846+0000] {dagbag.py:545} INFO - Filling up the DagBag from /home/airflow/.local/lib/python3.12/site-packages/airflow/example_dags/example_dynamic_task_mapping.py
[2026-05-19T08:00:49.866+0000] {processor.py:840} INFO - DAG(s) 'example_dynamic_task_mapping' retrieved from /home/airflow/.local/lib/python3.12/site-packages/airflow/example_dags/example_dynamic_task_mapping.py
[2026-05-19T08:00:49.912+0000] {logging_mixin.py:188} INFO - [2026-05-19T08:00:49.911+0000] {dag.py:3089} INFO - Sync 1 DAGs
[2026-05-19T08:00:49.955+0000] {logging_mixin.py:188} INFO - [2026-05-19T08:00:49.955+0000] {dag.py:3947} INFO - Setting next_dagrun for example_dynamic_task_mapping to 2022-03-04 00:00:00+00:00, run_after=2022-03-05 00:00:00+00:00
[2026-05-19T08:00:49.995+0000] {processor.py:183} INFO - Processing /home/airflow/.local/lib/python3.12/site-packages/airflow/example_dags/example_dynamic_task_mapping.py took 0.174 seconds
[2026-05-19T08:01:20.479+0000] {processor.py:161} INFO - Started process (PID=384) to work on /home/airflow/.local/lib/python3.12/site-packages/airflow/example_dags/example_dynamic_task_mapping.py
[2026-05-19T08:01:20.482+0000] {processor.py:830} INFO - Processing file /home/airflow/.local/lib/python3.12/site-packages/airflow/example_dags/example_dynamic_task_mapping.py for tasks to queue
[2026-05-19T08:01:20.486+0000] {logging_mixin.py:188} INFO - [2026-05-19T08:01:20.485+0000] {dagbag.py:545} INFO - Filling up the DagBag from /home/airflow/.local/lib/python3.12/site-packages/airflow/example_dags/example_dynamic_task_mapping.py
[2026-05-19T08:01:20.500+0000] {processor.py:840} INFO - DAG(s) 'example_dynamic_task_mapping' retrieved from /home/airflow/.local/lib/python3.12/site-packages/airflow/example_dags/example_dynamic_task_mapping.py
[2026-05-19T08:01:20.553+0000] {logging_mixin.py:188} INFO - [2026-05-19T08:01:20.552+0000] {dag.py:3089} INFO - Sync 1 DAGs
[2026-05-19T08:01:20.617+0000] {logging_mixin.py:188} INFO - [2026-05-19T08:01:20.616+0000] {dag.py:3947} INFO - Setting next_dagrun for example_dynamic_task_mapping to 2022-03-04 00:00:00+00:00, run_after=2022-03-05 00:00:00+00:00
[2026-05-19T08:01:20.689+0000] {processor.py:183} INFO - Processing /home/airflow/.local/lib/python3.12/site-packages/airflow/example_dags/example_dynamic_task_mapping.py took 0.222 seconds
[2026-05-19T08:01:51.077+0000] {processor.py:161} INFO - Started process (PID=442) to work on /home/airflow/.local/lib/python3.12/site-packages/airflow/example_dags/example_dynamic_task_mapping.py
[2026-05-19T08:01:51.079+0000] {processor.py:830} INFO - Processing file /home/airflow/.local/lib/python3.12/site-packages/airflow/example_dags/example_dynamic_task_mapping.py for tasks to queue
[2026-05-19T08:01:51.082+0000] {logging_mixin.py:188} INFO - [2026-05-19T08:01:51.082+0000] {dagbag.py:545} INFO - Filling up the DagBag from /home/airflow/.local/lib/python3.12/site-packages/airflow/example_dags/example_dynamic_task_mapping.py
[2026-05-19T08:01:51.094+0000] {processor.py:840} INFO - DAG(s) 'example_dynamic_task_mapping' retrieved from /home/airflow/.local/lib/python3.12/site-packages/airflow/example_dags/example_dynamic_task_mapping.py
[2026-05-19T08:01:51.126+0000] {logging_mixin.py:188} INFO - [2026-05-19T08:01:51.126+0000] {dag.py:3089} INFO - Sync 1 DAGs
[2026-05-19T08:01:51.161+0000] {logging_mixin.py:188} INFO - [2026-05-19T08:01:51.160+0000] {dag.py:3947} INFO - Setting next_dagrun for example_dynamic_task_mapping to 2022-03-04 00:00:00+00:00, run_after=2022-03-05 00:00:00+00:00
[2026-05-19T08:01:51.194+0000] {processor.py:183} INFO - Processing /home/airflow/.local/lib/python3.12/site-packages/airflow/example_dags/example_dynamic_task_mapping.py took 0.127 seconds
[2026-05-19T08:02:21.240+0000] {processor.py:161} INFO - Started process (PID=499) to work on /home/airflow/.local/lib/python3.12/site-packages/airflow/example_dags/example_dynamic_task_mapping.py
[2026-05-19T08:02:21.242+0000] {processor.py:830} INFO - Processing file /home/airflow/.local/lib/python3.12/site-packages/airflow/example_dags/example_dynamic_task_mapping.py for tasks to queue
[2026-05-19T08:02:21.245+0000] {logging_mixin.py:188} INFO - [2026-05-19T08:02:21.244+0000] {dagbag.py:545} INFO - Filling up the DagBag from /home/airflow/.local/lib/python3.12/site-packages/airflow/example_dags/example_dynamic_task_mapping.py
[2026-05-19T08:02:21.258+0000] {processor.py:840} INFO - DAG(s) 'example_dynamic_task_mapping' retrieved from /home/airflow/.local/lib/python3.12/site-packages/airflow/example_dags/example_dynamic_task_mapping.py
[2026-05-19T08:02:21.290+0000] {logging_mixin.py:188} INFO - [2026-05-19T08:02:21.290+0000] {dag.py:3089} INFO - Sync 1 DAGs
[2026-05-19T08:02:21.326+0000] {logging_mixin.py:188} INFO - [2026-05-19T08:02:21.326+0000] {dag.py:3947} INFO - Setting next_dagrun for example_dynamic_task_mapping to 2022-03-04 00:00:00+00:00, run_after=2022-03-05 00:00:00+00:00
[2026-05-19T08:02:21.358+0000] {processor.py:183} INFO - Processing /home/airflow/.local/lib/python3.12/site-packages/airflow/example_dags/example_dynamic_task_mapping.py took 0.127 seconds
[2026-05-19T08:02:51.730+0000] {processor.py:161} INFO - Started process (PID=556) to work on /home/airflow/.local/lib/python3.12/site-packages/airflow/example_dags/example_dynamic_task_mapping.py
[2026-05-19T08:02:51.731+0000] {processor.py:830} INFO - Processing file /home/airflow/.local/lib/python3.12/site-packages/airflow/example_dags/example_dynamic_task_mapping.py for tasks to queue
[2026-05-19T08:02:51.741+0000] {logging_mixin.py:188} INFO - [2026-05-19T08:02:51.741+0000] {dagbag.py:545} INFO - Filling up the DagBag from /home/airflow/.local/lib/python3.12/site-packages/airflow/example_dags/example_dynamic_task_mapping.py
[2026-05-19T08:02:51.755+0000] {processor.py:840} INFO - DAG(s) 'example_dynamic_task_mapping' retrieved from /home/airflow/.local/lib/python3.12/site-packages/airflow/example_dags/example_dynamic_task_mapping.py
[2026-05-19T08:02:51.784+0000] {logging_mixin.py:188} INFO - [2026-05-19T08:02:51.784+0000] {dag.py:3089} INFO - Sync 1 DAGs
[2026-05-19T08:02:51.819+0000] {logging_mixin.py:188} INFO - [2026-05-19T08:02:51.818+0000] {dag.py:3947} INFO - Setting next_dagrun for example_dynamic_task_mapping to 2022-03-04 00:00:00+00:00, run_after=2022-03-05 00:00:00+00:00
[2026-05-19T08:02:51.849+0000] {processor.py:183} INFO - Processing /home/airflow/.local/lib/python3.12/site-packages/airflow/example_dags/example_dynamic_task_mapping.py took 0.132 seconds
[2026-05-19T08:03:22.130+0000] {processor.py:161} INFO - Started process (PID=614) to work on /home/airflow/.local/lib/python3.12/site-packages/airflow/example_dags/example_dynamic_task_mapping.py
[2026-05-19T08:03:22.133+0000] {processor.py:830} INFO - Processing file /home/airflow/.local/lib/python3.12/site-packages/airflow/example_dags/example_dynamic_task_mapping.py for tasks to queue
[2026-05-19T08:03:22.138+0000] {logging_mixin.py:188} INFO - [2026-05-19T08:03:22.137+0000] {dagbag.py:545} INFO - Filling up the DagBag from /home/airflow/.local/lib/python3.12/site-packages/airflow/example_dags/example_dynamic_task_mapping.py
[2026-05-19T08:03:22.153+0000] {processor.py:840} INFO - DAG(s) 'example_dynamic_task_mapping' retrieved from /home/airflow/.local/lib/python3.12/site-packages/airflow/example_dags/example_dynamic_task_mapping.py
[2026-05-19T08:03:22.190+0000] {logging_mixin.py:188} INFO - [2026-05-19T08:03:22.189+0000] {dag.py:3089} INFO - Sync 1 DAGs
[2026-05-19T08:03:22.240+0000] {logging_mixin.py:188} INFO - [2026-05-19T08:03:22.240+0000] {dag.py:3947} INFO - Setting next_dagrun for example_dynamic_task_mapping to 2022-03-04 00:00:00+00:00, run_after=2022-03-05 00:00:00+00:00
[2026-05-19T08:03:22.279+0000] {processor.py:183} INFO - Processing /home/airflow/.local/lib/python3.12/site-packages/airflow/example_dags/example_dynamic_task_mapping.py took 0.161 seconds
[2026-05-19T08:03:52.407+0000] {processor.py:161} INFO - Started process (PID=673) to work on /home/airflow/.local/lib/python3.12/site-packages/airflow/example_dags/example_dynamic_task_mapping.py
[2026-05-19T08:03:52.409+0000] {processor.py:830} INFO - Processing file /home/airflow/.local/lib/python3.12/site-packages/airflow/example_dags/example_dynamic_task_mapping.py for tasks to queue
[2026-05-19T08:03:52.412+0000] {logging_mixin.py:188} INFO - [2026-05-19T08:03:52.411+0000] {dagbag.py:545} INFO - Filling up the DagBag from /home/airflow/.local/lib/python3.12/site-packages/airflow/example_dags/example_dynamic_task_mapping.py
[2026-05-19T08:03:52.423+0000] {processor.py:840} INFO - DAG(s) 'example_dynamic_task_mapping' retrieved from /home/airflow/.local/lib/python3.12/site-packages/airflow/example_dags/example_dynamic_task_mapping.py
[2026-05-19T08:03:52.455+0000] {logging_mixin.py:188} INFO - [2026-05-19T08:03:52.455+0000] {dag.py:3089} INFO - Sync 1 DAGs
[2026-05-19T08:03:52.488+0000] {logging_mixin.py:188} INFO - [2026-05-19T08:03:52.488+0000] {dag.py:3947} INFO - Setting next_dagrun for example_dynamic_task_mapping to 2022-03-04 00:00:00+00:00, run_after=2022-03-05 00:00:00+00:00
[2026-05-19T08:03:52.526+0000] {processor.py:183} INFO - Processing /home/airflow/.local/lib/python3.12/site-packages/airflow/example_dags/example_dynamic_task_mapping.py took 0.128 seconds
[2026-05-19T08:04:24.586+0000] {processor.py:161} INFO - Started process (PID=731) to work on /home/airflow/.local/lib/python3.12/site-packages/airflow/example_dags/example_dynamic_task_mapping.py
[2026-05-19T08:04:24.592+0000] {processor.py:830} INFO - Processing file /home/airflow/.local/lib/python3.12/site-packages/airflow/example_dags/example_dynamic_task_mapping.py for tasks to queue
[2026-05-19T08:04:24.598+0000] {logging_mixin.py:188} INFO - [2026-05-19T08:04:24.597+0000] {dagbag.py:545} INFO - Filling up the DagBag from /home/airflow/.local/lib/python3.12/site-packages/airflow/example_dags/example_dynamic_task_mapping.py
[2026-05-19T08:04:24.617+0000] {processor.py:840} INFO - DAG(s) 'example_dynamic_task_mapping' retrieved from /home/airflow/.local/lib/python3.12/site-packages/airflow/example_dags/example_dynamic_task_mapping.py
[2026-05-19T08:04:24.665+0000] {logging_mixin.py:188} INFO - [2026-05-19T08:04:24.664+0000] {dag.py:3089} INFO - Sync 1 DAGs
[2026-05-19T08:04:24.736+0000] {logging_mixin.py:188} INFO - [2026-05-19T08:04:24.735+0000] {dag.py:3947} INFO - Setting next_dagrun for example_dynamic_task_mapping to 2022-03-04 00:00:00+00:00, run_after=2022-03-05 00:00:00+00:00
[2026-05-19T08:04:24.885+0000] {processor.py:183} INFO - Processing /home/airflow/.local/lib/python3.12/site-packages/airflow/example_dags/example_dynamic_task_mapping.py took 0.367 seconds
[2026-05-19T08:04:56.115+0000] {processor.py:161} INFO - Started process (PID=789) to work on /home/airflow/.local/lib/python3.12/site-packages/airflow/example_dags/example_dynamic_task_mapping.py
[2026-05-19T08:04:56.118+0000] {processor.py:830} INFO - Processing file /home/airflow/.local/lib/python3.12/site-packages/airflow/example_dags/example_dynamic_task_mapping.py for tasks to queue
[2026-05-19T08:04:56.127+0000] {logging_mixin.py:188} INFO - [2026-05-19T08:04:56.125+0000] {dagbag.py:545} INFO - Filling up the DagBag from /home/airflow/.local/lib/python3.12/site-packages/airflow/example_dags/example_dynamic_task_mapping.py
[2026-05-19T08:04:56.151+0000] {processor.py:840} INFO - DAG(s) 'example_dynamic_task_mapping' retrieved from /home/airflow/.local/lib/python3.12/site-packages/airflow/example_dags/example_dynamic_task_mapping.py
[2026-05-19T08:04:56.210+0000] {logging_mixin.py:188} INFO - [2026-05-19T08:04:56.209+0000] {dag.py:3089} INFO - Sync 1 DAGs
[2026-05-19T08:04:56.258+0000] {logging_mixin.py:188} INFO - [2026-05-19T08:04:56.258+0000] {dag.py:3947} INFO - Setting next_dagrun for example_dynamic_task_mapping to 2022-03-04 00:00:00+00:00, run_after=2022-03-05 00:00:00+00:00
[2026-05-19T08:04:56.315+0000] {processor.py:183} INFO - Processing /home/airflow/.local/lib/python3.12/site-packages/airflow/example_dags/example_dynamic_task_mapping.py took 0.226 seconds
[2026-05-19T08:05:26.800+0000] {processor.py:161} INFO - Started process (PID=846) to work on /home/airflow/.local/lib/python3.12/site-packages/airflow/example_dags/example_dynamic_task_mapping.py
[2026-05-19T08:05:26.803+0000] {processor.py:830} INFO - Processing file /home/airflow/.local/lib/python3.12/site-packages/airflow/example_dags/example_dynamic_task_mapping.py for tasks to queue
[2026-05-19T08:05:26.807+0000] {logging_mixin.py:188} INFO - [2026-05-19T08:05:26.807+0000] {dagbag.py:545} INFO - Filling up the DagBag from /home/airflow/.local/lib/python3.12/site-packages/airflow/example_dags/example_dynamic_task_mapping.py
[2026-05-19T08:05:26.826+0000] {processor.py:840} INFO - DAG(s) 'example_dynamic_task_mapping' retrieved from /home/airflow/.local/lib/python3.12/site-packages/airflow/example_dags/example_dynamic_task_mapping.py
[2026-05-19T08:05:26.863+0000] {logging_mixin.py:188} INFO - [2026-05-19T08:05:26.863+0000] {dag.py:3089} INFO - Sync 1 DAGs
[2026-05-19T08:05:26.897+0000] {logging_mixin.py:188} INFO - [2026-05-19T08:05:26.897+0000] {dag.py:3947} INFO - Setting next_dagrun for example_dynamic_task_mapping to 2022-03-04 00:00:00+00:00, run_after=2022-03-05 00:00:00+00:00
[2026-05-19T08:05:26.937+0000] {processor.py:183} INFO - Processing /home/airflow/.local/lib/python3.12/site-packages/airflow/example_dags/example_dynamic_task_mapping.py took 0.152 seconds
[2026-05-19T08:05:57.119+0000] {processor.py:161} INFO - Started process (PID=904) to work on /home/airflow/.local/lib/python3.12/site-packages/airflow/example_dags/example_dynamic_task_mapping.py
[2026-05-19T08:05:57.121+0000] {processor.py:830} INFO - Processing file /home/airflow/.local/lib/python3.12/site-packages/airflow/example_dags/example_dynamic_task_mapping.py for tasks to queue
[2026-05-19T08:05:57.124+0000] {logging_mixin.py:188} INFO - [2026-05-19T08:05:57.124+0000] {dagbag.py:545} INFO - Filling up the DagBag from /home/airflow/.local/lib/python3.12/site-packages/airflow/example_dags/example_dynamic_task_mapping.py
[2026-05-19T08:05:57.135+0000] {processor.py:840} INFO - DAG(s) 'example_dynamic_task_mapping' retrieved from /home/airflow/.local/lib/python3.12/site-packages/airflow/example_dags/example_dynamic_task_mapping.py
[2026-05-19T08:05:57.167+0000] {logging_mixin.py:188} INFO - [2026-05-19T08:05:57.166+0000] {dag.py:3089} INFO - Sync 1 DAGs
[2026-05-19T08:05:57.200+0000] {logging_mixin.py:188} INFO - [2026-05-19T08:05:57.200+0000] {dag.py:3947} INFO - Setting next_dagrun for example_dynamic_task_mapping to 2022-03-04 00:00:00+00:00, run_after=2022-03-05 00:00:00+00:00
[2026-05-19T08:05:57.234+0000] {processor.py:183} INFO - Processing /home/airflow/.local/lib/python3.12/site-packages/airflow/example_dags/example_dynamic_task_mapping.py took 0.128 seconds
[2026-05-19T08:06:28.189+0000] {processor.py:161} INFO - Started process (PID=962) to work on /home/airflow/.local/lib/python3.12/site-packages/airflow/example_dags/example_dynamic_task_mapping.py
[2026-05-19T08:06:28.191+0000] {processor.py:830} INFO - Processing file /home/airflow/.local/lib/python3.12/site-packages/airflow/example_dags/example_dynamic_task_mapping.py for tasks to queue
[2026-05-19T08:06:28.194+0000] {logging_mixin.py:188} INFO - [2026-05-19T08:06:28.194+0000] {dagbag.py:545} INFO - Filling up the DagBag from /home/airflow/.local/lib/python3.12/site-packages/airflow/example_dags/example_dynamic_task_mapping.py
[2026-05-19T08:06:28.205+0000] {processor.py:840} INFO - DAG(s) 'example_dynamic_task_mapping' retrieved from /home/airflow/.local/lib/python3.12/site-packages/airflow/example_dags/example_dynamic_task_mapping.py
[2026-05-19T08:06:28.249+0000] {logging_mixin.py:188} INFO - [2026-05-19T08:06:28.248+0000] {dag.py:3089} INFO - Sync 1 DAGs
[2026-05-19T08:06:28.305+0000] {logging_mixin.py:188} INFO - [2026-05-19T08:06:28.304+0000] {dag.py:3947} INFO - Setting next_dagrun for example_dynamic_task_mapping to 2022-03-04 00:00:00+00:00, run_after=2022-03-05 00:00:00+00:00
[2026-05-19T08:06:28.361+0000] {processor.py:183} INFO - Processing /home/airflow/.local/lib/python3.12/site-packages/airflow/example_dags/example_dynamic_task_mapping.py took 0.183 seconds
[2026-05-19T08:06:58.484+0000] {processor.py:161} INFO - Started process (PID=1020) to work on /home/airflow/.local/lib/python3.12/site-packages/airflow/example_dags/example_dynamic_task_mapping.py
[2026-05-19T08:06:58.485+0000] {processor.py:830} INFO - Processing file /home/airflow/.local/lib/python3.12/site-packages/airflow/example_dags/example_dynamic_task_mapping.py for tasks to queue
[2026-05-19T08:06:58.489+0000] {logging_mixin.py:188} INFO - [2026-05-19T08:06:58.489+0000] {dagbag.py:545} INFO - Filling up the DagBag from /home/airflow/.local/lib/python3.12/site-packages/airflow/example_dags/example_dynamic_task_mapping.py
[2026-05-19T08:06:58.501+0000] {processor.py:840} INFO - DAG(s) 'example_dynamic_task_mapping' retrieved from /home/airflow/.local/lib/python3.12/site-packages/airflow/example_dags/example_dynamic_task_mapping.py
[2026-05-19T08:06:58.531+0000] {logging_mixin.py:188} INFO - [2026-05-19T08:06:58.531+0000] {dag.py:3089} INFO - Sync 1 DAGs
[2026-05-19T08:06:58.562+0000] {logging_mixin.py:188} INFO - [2026-05-19T08:06:58.561+0000] {dag.py:3947} INFO - Setting next_dagrun for example_dynamic_task_mapping to 2022-03-04 00:00:00+00:00, run_after=2022-03-05 00:00:00+00:00
[2026-05-19T08:06:58.593+0000] {processor.py:183} INFO - Processing /home/airflow/.local/lib/python3.12/site-packages/airflow/example_dags/example_dynamic_task_mapping.py took 0.119 seconds
[2026-05-19T08:07:28.720+0000] {processor.py:161} INFO - Started process (PID=1078) to work on /home/airflow/.local/lib/python3.12/site-packages/airflow/example_dags/example_dynamic_task_mapping.py
[2026-05-19T08:07:28.723+0000] {processor.py:830} INFO - Processing file /home/airflow/.local/lib/python3.12/site-packages/airflow/example_dags/example_dynamic_task_mapping.py for tasks to queue
[2026-05-19T08:07:28.727+0000] {logging_mixin.py:188} INFO - [2026-05-19T08:07:28.726+0000] {dagbag.py:545} INFO - Filling up the DagBag from /home/airflow/.local/lib/python3.12/site-packages/airflow/example_dags/example_dynamic_task_mapping.py
[2026-05-19T08:07:28.738+0000] {processor.py:840} INFO - DAG(s) 'example_dynamic_task_mapping' retrieved from /home/airflow/.local/lib/python3.12/site-packages/airflow/example_dags/example_dynamic_task_mapping.py
[2026-05-19T08:07:28.771+0000] {logging_mixin.py:188} INFO - [2026-05-19T08:07:28.770+0000] {dag.py:3089} INFO - Sync 1 DAGs
[2026-05-19T08:07:28.806+0000] {logging_mixin.py:188} INFO - [2026-05-19T08:07:28.805+0000] {dag.py:3947} INFO - Setting next_dagrun for example_dynamic_task_mapping to 2022-03-04 00:00:00+00:00, run_after=2022-03-05 00:00:00+00:00
[2026-05-19T08:07:28.834+0000] {processor.py:183} INFO - Processing /home/airflow/.local/lib/python3.12/site-packages/airflow/example_dags/example_dynamic_task_mapping.py took 0.123 seconds
[2026-05-19T08:07:59.479+0000] {processor.py:161} INFO - Started process (PID=1136) to work on /home/airflow/.local/lib/python3.12/site-packages/airflow/example_dags/example_dynamic_task_mapping.py
[2026-05-19T08:07:59.481+0000] {processor.py:830} INFO - Processing file /home/airflow/.local/lib/python3.12/site-packages/airflow/example_dags/example_dynamic_task_mapping.py for tasks to queue
[2026-05-19T08:07:59.488+0000] {logging_mixin.py:188} INFO - [2026-05-19T08:07:59.487+0000] {dagbag.py:545} INFO - Filling up the DagBag from /home/airflow/.local/lib/python3.12/site-packages/airflow/example_dags/example_dynamic_task_mapping.py
[2026-05-19T08:07:59.504+0000] {processor.py:840} INFO - DAG(s) 'example_dynamic_task_mapping' retrieved from /home/airflow/.local/lib/python3.12/site-packages/airflow/example_dags/example_dynamic_task_mapping.py
[2026-05-19T08:07:59.543+0000] {logging_mixin.py:188} INFO - [2026-05-19T08:07:59.542+0000] {dag.py:3089} INFO - Sync 1 DAGs
[2026-05-19T08:07:59.581+0000] {logging_mixin.py:188} INFO - [2026-05-19T08:07:59.581+0000] {dag.py:3947} INFO - Setting next_dagrun for example_dynamic_task_mapping to 2022-03-04 00:00:00+00:00, run_after=2022-03-05 00:00:00+00:00
[2026-05-19T08:07:59.610+0000] {processor.py:183} INFO - Processing /home/airflow/.local/lib/python3.12/site-packages/airflow/example_dags/example_dynamic_task_mapping.py took 0.144 seconds
[2026-05-19T08:08:30.139+0000] {processor.py:161} INFO - Started process (PID=1193) to work on /home/airflow/.local/lib/python3.12/site-packages/airflow/example_dags/example_dynamic_task_mapping.py
[2026-05-19T08:08:30.141+0000] {processor.py:830} INFO - Processing file /home/airflow/.local/lib/python3.12/site-packages/airflow/example_dags/example_dynamic_task_mapping.py for tasks to queue
[2026-05-19T08:08:30.145+0000] {logging_mixin.py:188} INFO - [2026-05-19T08:08:30.144+0000] {dagbag.py:545} INFO - Filling up the DagBag from /home/airflow/.local/lib/python3.12/site-packages/airflow/example_dags/example_dynamic_task_mapping.py
[2026-05-19T08:08:30.158+0000] {processor.py:840} INFO - DAG(s) 'example_dynamic_task_mapping' retrieved from /home/airflow/.local/lib/python3.12/site-packages/airflow/example_dags/example_dynamic_task_mapping.py
[2026-05-19T08:08:30.202+0000] {logging_mixin.py:188} INFO - [2026-05-19T08:08:30.201+0000] {dag.py:3089} INFO - Sync 1 DAGs
[2026-05-19T08:08:30.240+0000] {logging_mixin.py:188} INFO - [2026-05-19T08:08:30.240+0000] {dag.py:3947} INFO - Setting next_dagrun for example_dynamic_task_mapping to 2022-03-04 00:00:00+00:00, run_after=2022-03-05 00:00:00+00:00
[2026-05-19T08:08:30.268+0000] {processor.py:183} INFO - Processing /home/airflow/.local/lib/python3.12/site-packages/airflow/example_dags/example_dynamic_task_mapping.py took 0.140 seconds
[2026-05-19T08:09:01.073+0000] {processor.py:161} INFO - Started process (PID=1251) to work on /home/airflow/.local/lib/python3.12/site-packages/airflow/example_dags/example_dynamic_task_mapping.py
[2026-05-19T08:09:01.075+0000] {processor.py:830} INFO - Processing file /home/airflow/.local/lib/python3.12/site-packages/airflow/example_dags/example_dynamic_task_mapping.py for tasks to queue
[2026-05-19T08:09:01.080+0000] {logging_mixin.py:188} INFO - [2026-05-19T08:09:01.079+0000] {dagbag.py:545} INFO - Filling up the DagBag from /home/airflow/.local/lib/python3.12/site-packages/airflow/example_dags/example_dynamic_task_mapping.py
[2026-05-19T08:09:01.099+0000] {processor.py:840} INFO - DAG(s) 'example_dynamic_task_mapping' retrieved from /home/airflow/.local/lib/python3.12/site-packages/airflow/example_dags/example_dynamic_task_mapping.py
[2026-05-19T08:09:01.138+0000] {logging_mixin.py:188} INFO - [2026-05-19T08:09:01.137+0000] {dag.py:3089} INFO - Sync 1 DAGs
[2026-05-19T08:09:01.171+0000] {logging_mixin.py:188} INFO - [2026-05-19T08:09:01.170+0000] {dag.py:3947} INFO - Setting next_dagrun for example_dynamic_task_mapping to 2022-03-04 00:00:00+00:00, run_after=2022-03-05 00:00:00+00:00
[2026-05-19T08:09:01.202+0000] {processor.py:183} INFO - Processing /home/airflow/.local/lib/python3.12/site-packages/airflow/example_dags/example_dynamic_task_mapping.py took 0.144 seconds
[2026-05-19T08:09:31.524+0000] {processor.py:161} INFO - Started process (PID=1310) to work on /home/airflow/.local/lib/python3.12/site-packages/airflow/example_dags/example_dynamic_task_mapping.py
[2026-05-19T08:09:31.526+0000] {processor.py:830} INFO - Processing file /home/airflow/.local/lib/python3.12/site-packages/airflow/example_dags/example_dynamic_task_mapping.py for tasks to queue
[2026-05-19T08:09:31.530+0000] {logging_mixin.py:188} INFO - [2026-05-19T08:09:31.529+0000] {dagbag.py:545} INFO - Filling up the DagBag from /home/airflow/.local/lib/python3.12/site-packages/airflow/example_dags/example_dynamic_task_mapping.py
[2026-05-19T08:09:31.540+0000] {processor.py:840} INFO - DAG(s) 'example_dynamic_task_mapping' retrieved from /home/airflow/.local/lib/python3.12/site-packages/airflow/example_dags/example_dynamic_task_mapping.py
[2026-05-19T08:09:31.574+0000] {logging_mixin.py:188} INFO - [2026-05-19T08:09:31.574+0000] {dag.py:3089} INFO - Sync 1 DAGs
[2026-05-19T08:09:31.616+0000] {logging_mixin.py:188} INFO - [2026-05-19T08:09:31.615+0000] {dag.py:3947} INFO - Setting next_dagrun for example_dynamic_task_mapping to 2022-03-04 00:00:00+00:00, run_after=2022-03-05 00:00:00+00:00
[2026-05-19T08:09:31.651+0000] {processor.py:183} INFO - Processing /home/airflow/.local/lib/python3.12/site-packages/airflow/example_dags/example_dynamic_task_mapping.py took 0.137 seconds
[2026-05-19T08:10:01.989+0000] {processor.py:161} INFO - Started process (PID=1368) to work on /home/airflow/.local/lib/python3.12/site-packages/airflow/example_dags/example_dynamic_task_mapping.py
[2026-05-19T08:10:01.994+0000] {processor.py:830} INFO - Processing file /home/airflow/.local/lib/python3.12/site-packages/airflow/example_dags/example_dynamic_task_mapping.py for tasks to queue
[2026-05-19T08:10:01.999+0000] {logging_mixin.py:188} INFO - [2026-05-19T08:10:01.998+0000] {dagbag.py:545} INFO - Filling up the DagBag from /home/airflow/.local/lib/python3.12/site-packages/airflow/example_dags/example_dynamic_task_mapping.py
[2026-05-19T08:10:02.015+0000] {processor.py:840} INFO - DAG(s) 'example_dynamic_task_mapping' retrieved from /home/airflow/.local/lib/python3.12/site-packages/airflow/example_dags/example_dynamic_task_mapping.py
[2026-05-19T08:10:02.070+0000] {logging_mixin.py:188} INFO - [2026-05-19T08:10:02.069+0000] {dag.py:3089} INFO - Sync 1 DAGs
[2026-05-19T08:10:02.115+0000] {logging_mixin.py:188} INFO - [2026-05-19T08:10:02.114+0000] {dag.py:3947} INFO - Setting next_dagrun for example_dynamic_task_mapping to 2022-03-04 00:00:00+00:00, run_after=2022-03-05 00:00:00+00:00
[2026-05-19T08:10:02.150+0000] {processor.py:183} INFO - Processing /home/airflow/.local/lib/python3.12/site-packages/airflow/example_dags/example_dynamic_task_mapping.py took 0.175 seconds
[2026-05-19T08:10:32.675+0000] {processor.py:161} INFO - Started process (PID=1426) to work on /home/airflow/.local/lib/python3.12/site-packages/airflow/example_dags/example_dynamic_task_mapping.py
[2026-05-19T08:10:32.678+0000] {processor.py:830} INFO - Processing file /home/airflow/.local/lib/python3.12/site-packages/airflow/example_dags/example_dynamic_task_mapping.py for tasks to queue
[2026-05-19T08:10:32.686+0000] {logging_mixin.py:188} INFO - [2026-05-19T08:10:32.685+0000] {dagbag.py:545} INFO - Filling up the DagBag from /home/airflow/.local/lib/python3.12/site-packages/airflow/example_dags/example_dynamic_task_mapping.py
[2026-05-19T08:10:32.699+0000] {processor.py:840} INFO - DAG(s) 'example_dynamic_task_mapping' retrieved from /home/airflow/.local/lib/python3.12/site-packages/airflow/example_dags/example_dynamic_task_mapping.py
[2026-05-19T08:10:32.738+0000] {logging_mixin.py:188} INFO - [2026-05-19T08:10:32.738+0000] {dag.py:3089} INFO - Sync 1 DAGs
[2026-05-19T08:10:32.780+0000] {logging_mixin.py:188} INFO - [2026-05-19T08:10:32.779+0000] {dag.py:3947} INFO - Setting next_dagrun for example_dynamic_task_mapping to 2022-03-04 00:00:00+00:00, run_after=2022-03-05 00:00:00+00:00
[2026-05-19T08:10:32.811+0000] {processor.py:183} INFO - Processing /home/airflow/.local/lib/python3.12/site-packages/airflow/example_dags/example_dynamic_task_mapping.py took 0.149 seconds
[2026-05-19T08:11:03.111+0000] {processor.py:161} INFO - Started process (PID=1484) to work on /home/airflow/.local/lib/python3.12/site-packages/airflow/example_dags/example_dynamic_task_mapping.py
[2026-05-19T08:11:03.113+0000] {processor.py:830} INFO - Processing file /home/airflow/.local/lib/python3.12/site-packages/airflow/example_dags/example_dynamic_task_mapping.py for tasks to queue
[2026-05-19T08:11:03.117+0000] {logging_mixin.py:188} INFO - [2026-05-19T08:11:03.117+0000] {dagbag.py:545} INFO - Filling up the DagBag from /home/airflow/.local/lib/python3.12/site-packages/airflow/example_dags/example_dynamic_task_mapping.py
[2026-05-19T08:11:03.132+0000] {processor.py:840} INFO - DAG(s) 'example_dynamic_task_mapping' retrieved from /home/airflow/.local/lib/python3.12/site-packages/airflow/example_dags/example_dynamic_task_mapping.py
[2026-05-19T08:11:03.174+0000] {logging_mixin.py:188} INFO - [2026-05-19T08:11:03.173+0000] {dag.py:3089} INFO - Sync 1 DAGs
[2026-05-19T08:11:03.230+0000] {logging_mixin.py:188} INFO - [2026-05-19T08:11:03.230+0000] {dag.py:3947} INFO - Setting next_dagrun for example_dynamic_task_mapping to 2022-03-04 00:00:00+00:00, run_after=2022-03-05 00:00:00+00:00
[2026-05-19T08:11:03.285+0000] {processor.py:183} INFO - Processing /home/airflow/.local/lib/python3.12/site-packages/airflow/example_dags/example_dynamic_task_mapping.py took 0.186 seconds
[2026-05-19T08:11:33.379+0000] {processor.py:161} INFO - Started process (PID=1542) to work on /home/airflow/.local/lib/python3.12/site-packages/airflow/example_dags/example_dynamic_task_mapping.py
[2026-05-19T08:11:33.381+0000] {processor.py:830} INFO - Processing file /home/airflow/.local/lib/python3.12/site-packages/airflow/example_dags/example_dynamic_task_mapping.py for tasks to queue
[2026-05-19T08:11:33.384+0000] {logging_mixin.py:188} INFO - [2026-05-19T08:11:33.384+0000] {dagbag.py:545} INFO - Filling up the DagBag from /home/airflow/.local/lib/python3.12/site-packages/airflow/example_dags/example_dynamic_task_mapping.py
[2026-05-19T08:11:33.396+0000] {processor.py:840} INFO - DAG(s) 'example_dynamic_task_mapping' retrieved from /home/airflow/.local/lib/python3.12/site-packages/airflow/example_dags/example_dynamic_task_mapping.py
[2026-05-19T08:11:33.431+0000] {logging_mixin.py:188} INFO - [2026-05-19T08:11:33.431+0000] {dag.py:3089} INFO - Sync 1 DAGs
[2026-05-19T08:11:33.464+0000] {logging_mixin.py:188} INFO - [2026-05-19T08:11:33.464+0000] {dag.py:3947} INFO - Setting next_dagrun for example_dynamic_task_mapping to 2022-03-04 00:00:00+00:00, run_after=2022-03-05 00:00:00+00:00
[2026-05-19T08:11:33.492+0000] {processor.py:183} INFO - Processing /home/airflow/.local/lib/python3.12/site-packages/airflow/example_dags/example_dynamic_task_mapping.py took 0.123 seconds
[2026-05-19T08:12:04.061+0000] {processor.py:161} INFO - Started process (PID=1600) to work on /home/airflow/.local/lib/python3.12/site-packages/airflow/example_dags/example_dynamic_task_mapping.py
[2026-05-19T08:12:04.063+0000] {processor.py:830} INFO - Processing file /home/airflow/.local/lib/python3.12/site-packages/airflow/example_dags/example_dynamic_task_mapping.py for tasks to queue
[2026-05-19T08:12:04.066+0000] {logging_mixin.py:188} INFO - [2026-05-19T08:12:04.065+0000] {dagbag.py:545} INFO - Filling up the DagBag from /home/airflow/.local/lib/python3.12/site-packages/airflow/example_dags/example_dynamic_task_mapping.py
[2026-05-19T08:12:04.076+0000] {processor.py:840} INFO - DAG(s) 'example_dynamic_task_mapping' retrieved from /home/airflow/.local/lib/python3.12/site-packages/airflow/example_dags/example_dynamic_task_mapping.py
[2026-05-19T08:12:04.112+0000] {logging_mixin.py:188} INFO - [2026-05-19T08:12:04.111+0000] {dag.py:3089} INFO - Sync 1 DAGs
[2026-05-19T08:12:04.148+0000] {logging_mixin.py:188} INFO - [2026-05-19T08:12:04.147+0000] {dag.py:3947} INFO - Setting next_dagrun for example_dynamic_task_mapping to 2022-03-04 00:00:00+00:00, run_after=2022-03-05 00:00:00+00:00
[2026-05-19T08:12:04.175+0000] {processor.py:183} INFO - Processing /home/airflow/.local/lib/python3.12/site-packages/airflow/example_dags/example_dynamic_task_mapping.py took 0.123 seconds
[2026-05-19T08:12:34.863+0000] {processor.py:161} INFO - Started process (PID=1658) to work on /home/airflow/.local/lib/python3.12/site-packages/airflow/example_dags/example_dynamic_task_mapping.py
[2026-05-19T08:12:34.865+0000] {processor.py:830} INFO - Processing file /home/airflow/.local/lib/python3.12/site-packages/airflow/example_dags/example_dynamic_task_mapping.py for tasks to queue
[2026-05-19T08:12:34.869+0000] {logging_mixin.py:188} INFO - [2026-05-19T08:12:34.868+0000] {dagbag.py:545} INFO - Filling up the DagBag from /home/airflow/.local/lib/python3.12/site-packages/airflow/example_dags/example_dynamic_task_mapping.py
[2026-05-19T08:12:34.881+0000] {processor.py:840} INFO - DAG(s) 'example_dynamic_task_mapping' retrieved from /home/airflow/.local/lib/python3.12/site-packages/airflow/example_dags/example_dynamic_task_mapping.py
[2026-05-19T08:12:34.916+0000] {logging_mixin.py:188} INFO - [2026-05-19T08:12:34.916+0000] {dag.py:3089} INFO - Sync 1 DAGs
[2026-05-19T08:12:34.949+0000] {logging_mixin.py:188} INFO - [2026-05-19T08:12:34.949+0000] {dag.py:3947} INFO - Setting next_dagrun for example_dynamic_task_mapping to 2022-03-04 00:00:00+00:00, run_after=2022-03-05 00:00:00+00:00
[2026-05-19T08:12:34.974+0000] {processor.py:183} INFO - Processing /home/airflow/.local/lib/python3.12/site-packages/airflow/example_dags/example_dynamic_task_mapping.py took 0.121 seconds
[2026-05-19T08:13:07.043+0000] {processor.py:161} INFO - Started process (PID=1715) to work on /home/airflow/.local/lib/python3.12/site-packages/airflow/example_dags/example_dynamic_task_mapping.py
[2026-05-19T08:13:07.046+0000] {processor.py:830} INFO - Processing file /home/airflow/.local/lib/python3.12/site-packages/airflow/example_dags/example_dynamic_task_mapping.py for tasks to queue
[2026-05-19T08:13:07.050+0000] {logging_mixin.py:188} INFO - [2026-05-19T08:13:07.049+0000] {dagbag.py:545} INFO - Filling up the DagBag from /home/airflow/.local/lib/python3.12/site-packages/airflow/example_dags/example_dynamic_task_mapping.py
[2026-05-19T08:13:07.064+0000] {processor.py:840} INFO - DAG(s) 'example_dynamic_task_mapping' retrieved from /home/airflow/.local/lib/python3.12/site-packages/airflow/example_dags/example_dynamic_task_mapping.py
[2026-05-19T08:13:07.130+0000] {logging_mixin.py:188} INFO - [2026-05-19T08:13:07.126+0000] {dag.py:3089} INFO - Sync 1 DAGs
[2026-05-19T08:13:07.476+0000] {logging_mixin.py:188} INFO - [2026-05-19T08:13:07.475+0000] {dag.py:3947} INFO - Setting next_dagrun for example_dynamic_task_mapping to 2022-03-04 00:00:00+00:00, run_after=2022-03-05 00:00:00+00:00
[2026-05-19T08:13:07.506+0000] {processor.py:183} INFO - Processing /home/airflow/.local/lib/python3.12/site-packages/airflow/example_dags/example_dynamic_task_mapping.py took 0.476 seconds
[2026-05-19T08:13:38.151+0000] {processor.py:161} INFO - Started process (PID=1773) to work on /home/airflow/.local/lib/python3.12/site-packages/airflow/example_dags/example_dynamic_task_mapping.py
[2026-05-19T08:13:38.154+0000] {processor.py:830} INFO - Processing file /home/airflow/.local/lib/python3.12/site-packages/airflow/example_dags/example_dynamic_task_mapping.py for tasks to queue
[2026-05-19T08:13:38.157+0000] {logging_mixin.py:188} INFO - [2026-05-19T08:13:38.156+0000] {dagbag.py:545} INFO - Filling up the DagBag from /home/airflow/.local/lib/python3.12/site-packages/airflow/example_dags/example_dynamic_task_mapping.py
[2026-05-19T08:13:38.172+0000] {processor.py:840} INFO - DAG(s) 'example_dynamic_task_mapping' retrieved from /home/airflow/.local/lib/python3.12/site-packages/airflow/example_dags/example_dynamic_task_mapping.py
[2026-05-19T08:13:38.225+0000] {logging_mixin.py:188} INFO - [2026-05-19T08:13:38.225+0000] {dag.py:3089} INFO - Sync 1 DAGs
[2026-05-19T08:13:38.582+0000] {logging_mixin.py:188} INFO - [2026-05-19T08:13:38.582+0000] {dag.py:3947} INFO - Setting next_dagrun for example_dynamic_task_mapping to 2022-03-04 00:00:00+00:00, run_after=2022-03-05 00:00:00+00:00
[2026-05-19T08:13:38.627+0000] {processor.py:183} INFO - Processing /home/airflow/.local/lib/python3.12/site-packages/airflow/example_dags/example_dynamic_task_mapping.py took 0.487 seconds
[2026-05-19T08:14:12.843+0000] {processor.py:161} INFO - Started process (PID=1830) to work on /home/airflow/.local/lib/python3.12/site-packages/airflow/example_dags/example_dynamic_task_mapping.py
[2026-05-19T08:14:12.846+0000] {processor.py:830} INFO - Processing file /home/airflow/.local/lib/python3.12/site-packages/airflow/example_dags/example_dynamic_task_mapping.py for tasks to queue
[2026-05-19T08:14:12.852+0000] {logging_mixin.py:188} INFO - [2026-05-19T08:14:12.851+0000] {dagbag.py:545} INFO - Filling up the DagBag from /home/airflow/.local/lib/python3.12/site-packages/airflow/example_dags/example_dynamic_task_mapping.py
[2026-05-19T08:14:12.869+0000] {processor.py:840} INFO - DAG(s) 'example_dynamic_task_mapping' retrieved from /home/airflow/.local/lib/python3.12/site-packages/airflow/example_dags/example_dynamic_task_mapping.py
[2026-05-19T08:14:12.922+0000] {logging_mixin.py:188} INFO - [2026-05-19T08:14:12.921+0000] {dag.py:3089} INFO - Sync 1 DAGs
[2026-05-19T08:14:12.986+0000] {logging_mixin.py:188} INFO - [2026-05-19T08:14:12.984+0000] {dag.py:3947} INFO - Setting next_dagrun for example_dynamic_task_mapping to 2022-03-04 00:00:00+00:00, run_after=2022-03-05 00:00:00+00:00
[2026-05-19T08:14:13.466+0000] {processor.py:183} INFO - Processing /home/airflow/.local/lib/python3.12/site-packages/airflow/example_dags/example_dynamic_task_mapping.py took 0.637 seconds
[2026-05-19T08:14:44.017+0000] {processor.py:161} INFO - Started process (PID=1888) to work on /home/airflow/.local/lib/python3.12/site-packages/airflow/example_dags/example_dynamic_task_mapping.py
[2026-05-19T08:14:44.019+0000] {processor.py:830} INFO - Processing file /home/airflow/.local/lib/python3.12/site-packages/airflow/example_dags/example_dynamic_task_mapping.py for tasks to queue
[2026-05-19T08:14:44.022+0000] {logging_mixin.py:188} INFO - [2026-05-19T08:14:44.022+0000] {dagbag.py:545} INFO - Filling up the DagBag from /home/airflow/.local/lib/python3.12/site-packages/airflow/example_dags/example_dynamic_task_mapping.py
[2026-05-19T08:14:44.033+0000] {processor.py:840} INFO - DAG(s) 'example_dynamic_task_mapping' retrieved from /home/airflow/.local/lib/python3.12/site-packages/airflow/example_dags/example_dynamic_task_mapping.py
[2026-05-19T08:14:44.071+0000] {logging_mixin.py:188} INFO - [2026-05-19T08:14:44.070+0000] {dag.py:3089} INFO - Sync 1 DAGs
[2026-05-19T08:14:44.110+0000] {logging_mixin.py:188} INFO - [2026-05-19T08:14:44.109+0000] {dag.py:3947} INFO - Setting next_dagrun for example_dynamic_task_mapping to 2022-03-04 00:00:00+00:00, run_after=2022-03-05 00:00:00+00:00
[2026-05-19T08:14:44.150+0000] {processor.py:183} INFO - Processing /home/airflow/.local/lib/python3.12/site-packages/airflow/example_dags/example_dynamic_task_mapping.py took 0.142 seconds
[2026-05-19T08:15:23.705+0000] {processor.py:161} INFO - Started process (PID=1951) to work on /home/airflow/.local/lib/python3.12/site-packages/airflow/example_dags/example_dynamic_task_mapping.py
[2026-05-19T08:15:23.708+0000] {processor.py:830} INFO - Processing file /home/airflow/.local/lib/python3.12/site-packages/airflow/example_dags/example_dynamic_task_mapping.py for tasks to queue
[2026-05-19T08:15:23.712+0000] {logging_mixin.py:188} INFO - [2026-05-19T08:15:23.711+0000] {dagbag.py:545} INFO - Filling up the DagBag from /home/airflow/.local/lib/python3.12/site-packages/airflow/example_dags/example_dynamic_task_mapping.py
[2026-05-19T08:15:23.739+0000] {processor.py:840} INFO - DAG(s) 'example_dynamic_task_mapping' retrieved from /home/airflow/.local/lib/python3.12/site-packages/airflow/example_dags/example_dynamic_task_mapping.py
[2026-05-19T08:15:23.824+0000] {logging_mixin.py:188} INFO - [2026-05-19T08:15:23.823+0000] {dag.py:3089} INFO - Sync 1 DAGs
[2026-05-19T08:15:23.927+0000] {logging_mixin.py:188} INFO - [2026-05-19T08:15:23.926+0000] {dag.py:3947} INFO - Setting next_dagrun for example_dynamic_task_mapping to 2022-03-04 00:00:00+00:00, run_after=2022-03-05 00:00:00+00:00
[2026-05-19T08:15:23.978+0000] {processor.py:183} INFO - Processing /home/airflow/.local/lib/python3.12/site-packages/airflow/example_dags/example_dynamic_task_mapping.py took 0.286 seconds
[2026-05-19T08:15:54.830+0000] {processor.py:161} INFO - Started process (PID=2009) to work on /home/airflow/.local/lib/python3.12/site-packages/airflow/example_dags/example_dynamic_task_mapping.py
[2026-05-19T08:15:54.835+0000] {processor.py:830} INFO - Processing file /home/airflow/.local/lib/python3.12/site-packages/airflow/example_dags/example_dynamic_task_mapping.py for tasks to queue
[2026-05-19T08:15:54.852+0000] {logging_mixin.py:188} INFO - [2026-05-19T08:15:54.851+0000] {dagbag.py:545} INFO - Filling up the DagBag from /home/airflow/.local/lib/python3.12/site-packages/airflow/example_dags/example_dynamic_task_mapping.py
[2026-05-19T08:15:54.891+0000] {processor.py:840} INFO - DAG(s) 'example_dynamic_task_mapping' retrieved from /home/airflow/.local/lib/python3.12/site-packages/airflow/example_dags/example_dynamic_task_mapping.py
[2026-05-19T08:15:54.960+0000] {logging_mixin.py:188} INFO - [2026-05-19T08:15:54.959+0000] {dag.py:3089} INFO - Sync 1 DAGs
[2026-05-19T08:15:55.041+0000] {logging_mixin.py:188} INFO - [2026-05-19T08:15:55.040+0000] {dag.py:3947} INFO - Setting next_dagrun for example_dynamic_task_mapping to 2022-03-04 00:00:00+00:00, run_after=2022-03-05 00:00:00+00:00
[2026-05-19T08:15:55.104+0000] {processor.py:183} INFO - Processing /home/airflow/.local/lib/python3.12/site-packages/airflow/example_dags/example_dynamic_task_mapping.py took 0.301 seconds
[2026-05-19T08:16:25.774+0000] {processor.py:161} INFO - Started process (PID=2067) to work on /home/airflow/.local/lib/python3.12/site-packages/airflow/example_dags/example_dynamic_task_mapping.py
[2026-05-19T08:16:25.776+0000] {processor.py:830} INFO - Processing file /home/airflow/.local/lib/python3.12/site-packages/airflow/example_dags/example_dynamic_task_mapping.py for tasks to queue
[2026-05-19T08:16:25.781+0000] {logging_mixin.py:188} INFO - [2026-05-19T08:16:25.781+0000] {dagbag.py:545} INFO - Filling up the DagBag from /home/airflow/.local/lib/python3.12/site-packages/airflow/example_dags/example_dynamic_task_mapping.py
[2026-05-19T08:16:25.794+0000] {processor.py:840} INFO - DAG(s) 'example_dynamic_task_mapping' retrieved from /home/airflow/.local/lib/python3.12/site-packages/airflow/example_dags/example_dynamic_task_mapping.py
[2026-05-19T08:16:25.827+0000] {logging_mixin.py:188} INFO - [2026-05-19T08:16:25.826+0000] {dag.py:3089} INFO - Sync 1 DAGs
[2026-05-19T08:16:25.860+0000] {logging_mixin.py:188} INFO - [2026-05-19T08:16:25.859+0000] {dag.py:3947} INFO - Setting next_dagrun for example_dynamic_task_mapping to 2022-03-04 00:00:00+00:00, run_after=2022-03-05 00:00:00+00:00
[2026-05-19T08:16:25.888+0000] {processor.py:183} INFO - Processing /home/airflow/.local/lib/python3.12/site-packages/airflow/example_dags/example_dynamic_task_mapping.py took 0.123 seconds
[2026-05-19T08:16:56.096+0000] {processor.py:161} INFO - Started process (PID=2124) to work on /home/airflow/.local/lib/python3.12/site-packages/airflow/example_dags/example_dynamic_task_mapping.py
[2026-05-19T08:16:56.098+0000] {processor.py:830} INFO - Processing file /home/airflow/.local/lib/python3.12/site-packages/airflow/example_dags/example_dynamic_task_mapping.py for tasks to queue
[2026-05-19T08:16:56.103+0000] {logging_mixin.py:188} INFO - [2026-05-19T08:16:56.101+0000] {dagbag.py:545} INFO - Filling up the DagBag from /home/airflow/.local/lib/python3.12/site-packages/airflow/example_dags/example_dynamic_task_mapping.py
[2026-05-19T08:16:56.114+0000] {processor.py:840} INFO - DAG(s) 'example_dynamic_task_mapping' retrieved from /home/airflow/.local/lib/python3.12/site-packages/airflow/example_dags/example_dynamic_task_mapping.py
[2026-05-19T08:16:56.148+0000] {logging_mixin.py:188} INFO - [2026-05-19T08:16:56.148+0000] {dag.py:3089} INFO - Sync 1 DAGs
[2026-05-19T08:16:56.190+0000] {logging_mixin.py:188} INFO - [2026-05-19T08:16:56.190+0000] {dag.py:3947} INFO - Setting next_dagrun for example_dynamic_task_mapping to 2022-03-04 00:00:00+00:00, run_after=2022-03-05 00:00:00+00:00
[2026-05-19T08:16:56.225+0000] {processor.py:183} INFO - Processing /home/airflow/.local/lib/python3.12/site-packages/airflow/example_dags/example_dynamic_task_mapping.py took 0.138 seconds
[2026-05-19T08:17:26.362+0000] {processor.py:161} INFO - Started process (PID=2182) to work on /home/airflow/.local/lib/python3.12/site-packages/airflow/example_dags/example_dynamic_task_mapping.py
[2026-05-19T08:17:26.364+0000] {processor.py:830} INFO - Processing file /home/airflow/.local/lib/python3.12/site-packages/airflow/example_dags/example_dynamic_task_mapping.py for tasks to queue
[2026-05-19T08:17:26.368+0000] {logging_mixin.py:188} INFO - [2026-05-19T08:17:26.367+0000] {dagbag.py:545} INFO - Filling up the DagBag from /home/airflow/.local/lib/python3.12/site-packages/airflow/example_dags/example_dynamic_task_mapping.py
[2026-05-19T08:17:26.383+0000] {processor.py:840} INFO - DAG(s) 'example_dynamic_task_mapping' retrieved from /home/airflow/.local/lib/python3.12/site-packages/airflow/example_dags/example_dynamic_task_mapping.py
[2026-05-19T08:17:26.422+0000] {logging_mixin.py:188} INFO - [2026-05-19T08:17:26.421+0000] {dag.py:3089} INFO - Sync 1 DAGs
[2026-05-19T08:17:26.466+0000] {logging_mixin.py:188} INFO - [2026-05-19T08:17:26.466+0000] {dag.py:3947} INFO - Setting next_dagrun for example_dynamic_task_mapping to 2022-03-04 00:00:00+00:00, run_after=2022-03-05 00:00:00+00:00
[2026-05-19T08:17:26.510+0000] {processor.py:183} INFO - Processing /home/airflow/.local/lib/python3.12/site-packages/airflow/example_dags/example_dynamic_task_mapping.py took 0.160 seconds
[2026-05-19T08:17:56.765+0000] {processor.py:161} INFO - Started process (PID=2240) to work on /home/airflow/.local/lib/python3.12/site-packages/airflow/example_dags/example_dynamic_task_mapping.py
[2026-05-19T08:17:56.767+0000] {processor.py:830} INFO - Processing file /home/airflow/.local/lib/python3.12/site-packages/airflow/example_dags/example_dynamic_task_mapping.py for tasks to queue
[2026-05-19T08:17:56.769+0000] {logging_mixin.py:188} INFO - [2026-05-19T08:17:56.769+0000] {dagbag.py:545} INFO - Filling up the DagBag from /home/airflow/.local/lib/python3.12/site-packages/airflow/example_dags/example_dynamic_task_mapping.py
[2026-05-19T08:17:56.780+0000] {processor.py:840} INFO - DAG(s) 'example_dynamic_task_mapping' retrieved from /home/airflow/.local/lib/python3.12/site-packages/airflow/example_dags/example_dynamic_task_mapping.py
[2026-05-19T08:17:56.809+0000] {logging_mixin.py:188} INFO - [2026-05-19T08:17:56.809+0000] {dag.py:3089} INFO - Sync 1 DAGs
[2026-05-19T08:17:56.843+0000] {logging_mixin.py:188} INFO - [2026-05-19T08:17:56.843+0000] {dag.py:3947} INFO - Setting next_dagrun for example_dynamic_task_mapping to 2022-03-04 00:00:00+00:00, run_after=2022-03-05 00:00:00+00:00
[2026-05-19T08:17:56.875+0000] {processor.py:183} INFO - Processing /home/airflow/.local/lib/python3.12/site-packages/airflow/example_dags/example_dynamic_task_mapping.py took 0.119 seconds
[2026-05-19T08:18:27.360+0000] {processor.py:161} INFO - Started process (PID=2297) to work on /home/airflow/.local/lib/python3.12/site-packages/airflow/example_dags/example_dynamic_task_mapping.py
[2026-05-19T08:18:27.361+0000] {processor.py:830} INFO - Processing file /home/airflow/.local/lib/python3.12/site-packages/airflow/example_dags/example_dynamic_task_mapping.py for tasks to queue
[2026-05-19T08:18:27.365+0000] {logging_mixin.py:188} INFO - [2026-05-19T08:18:27.364+0000] {dagbag.py:545} INFO - Filling up the DagBag from /home/airflow/.local/lib/python3.12/site-packages/airflow/example_dags/example_dynamic_task_mapping.py
[2026-05-19T08:18:27.375+0000] {processor.py:840} INFO - DAG(s) 'example_dynamic_task_mapping' retrieved from /home/airflow/.local/lib/python3.12/site-packages/airflow/example_dags/example_dynamic_task_mapping.py
[2026-05-19T08:18:27.403+0000] {logging_mixin.py:188} INFO - [2026-05-19T08:18:27.403+0000] {dag.py:3089} INFO - Sync 1 DAGs
[2026-05-19T08:18:27.435+0000] {logging_mixin.py:188} INFO - [2026-05-19T08:18:27.435+0000] {dag.py:3947} INFO - Setting next_dagrun for example_dynamic_task_mapping to 2022-03-04 00:00:00+00:00, run_after=2022-03-05 00:00:00+00:00
[2026-05-19T08:18:27.461+0000] {processor.py:183} INFO - Processing /home/airflow/.local/lib/python3.12/site-packages/airflow/example_dags/example_dynamic_task_mapping.py took 0.112 seconds
[2026-05-19T08:18:58.364+0000] {processor.py:161} INFO - Started process (PID=2356) to work on /home/airflow/.local/lib/python3.12/site-packages/airflow/example_dags/example_dynamic_task_mapping.py
[2026-05-19T08:18:58.366+0000] {processor.py:830} INFO - Processing file /home/airflow/.local/lib/python3.12/site-packages/airflow/example_dags/example_dynamic_task_mapping.py for tasks to queue
[2026-05-19T08:18:58.371+0000] {logging_mixin.py:188} INFO - [2026-05-19T08:18:58.370+0000] {dagbag.py:545} INFO - Filling up the DagBag from /home/airflow/.local/lib/python3.12/site-packages/airflow/example_dags/example_dynamic_task_mapping.py
[2026-05-19T08:18:58.385+0000] {processor.py:840} INFO - DAG(s) 'example_dynamic_task_mapping' retrieved from /home/airflow/.local/lib/python3.12/site-packages/airflow/example_dags/example_dynamic_task_mapping.py
[2026-05-19T08:18:58.432+0000] {logging_mixin.py:188} INFO - [2026-05-19T08:18:58.431+0000] {dag.py:3089} INFO - Sync 1 DAGs
[2026-05-19T08:18:58.473+0000] {logging_mixin.py:188} INFO - [2026-05-19T08:18:58.473+0000] {dag.py:3947} INFO - Setting next_dagrun for example_dynamic_task_mapping to 2022-03-04 00:00:00+00:00, run_after=2022-03-05 00:00:00+00:00
[2026-05-19T08:18:58.507+0000] {processor.py:183} INFO - Processing /home/airflow/.local/lib/python3.12/site-packages/airflow/example_dags/example_dynamic_task_mapping.py took 0.158 seconds
[2026-05-19T08:19:29.308+0000] {processor.py:161} INFO - Started process (PID=2414) to work on /home/airflow/.local/lib/python3.12/site-packages/airflow/example_dags/example_dynamic_task_mapping.py
[2026-05-19T08:19:29.310+0000] {processor.py:830} INFO - Processing file /home/airflow/.local/lib/python3.12/site-packages/airflow/example_dags/example_dynamic_task_mapping.py for tasks to queue
[2026-05-19T08:19:29.314+0000] {logging_mixin.py:188} INFO - [2026-05-19T08:19:29.313+0000] {dagbag.py:545} INFO - Filling up the DagBag from /home/airflow/.local/lib/python3.12/site-packages/airflow/example_dags/example_dynamic_task_mapping.py
[2026-05-19T08:19:29.329+0000] {processor.py:840} INFO - DAG(s) 'example_dynamic_task_mapping' retrieved from /home/airflow/.local/lib/python3.12/site-packages/airflow/example_dags/example_dynamic_task_mapping.py
[2026-05-19T08:19:29.361+0000] {logging_mixin.py:188} INFO - [2026-05-19T08:19:29.360+0000] {dag.py:3089} INFO - Sync 1 DAGs
[2026-05-19T08:19:29.398+0000] {logging_mixin.py:188} INFO - [2026-05-19T08:19:29.398+0000] {dag.py:3947} INFO - Setting next_dagrun for example_dynamic_task_mapping to 2022-03-04 00:00:00+00:00, run_after=2022-03-05 00:00:00+00:00
[2026-05-19T08:19:29.431+0000] {processor.py:183} INFO - Processing /home/airflow/.local/lib/python3.12/site-packages/airflow/example_dags/example_dynamic_task_mapping.py took 0.132 seconds
[2026-05-19T08:19:59.638+0000] {processor.py:161} INFO - Started process (PID=2473) to work on /home/airflow/.local/lib/python3.12/site-packages/airflow/example_dags/example_dynamic_task_mapping.py
[2026-05-19T08:19:59.639+0000] {processor.py:830} INFO - Processing file /home/airflow/.local/lib/python3.12/site-packages/airflow/example_dags/example_dynamic_task_mapping.py for tasks to queue
[2026-05-19T08:19:59.643+0000] {logging_mixin.py:188} INFO - [2026-05-19T08:19:59.642+0000] {dagbag.py:545} INFO - Filling up the DagBag from /home/airflow/.local/lib/python3.12/site-packages/airflow/example_dags/example_dynamic_task_mapping.py
[2026-05-19T08:19:59.657+0000] {processor.py:840} INFO - DAG(s) 'example_dynamic_task_mapping' retrieved from /home/airflow/.local/lib/python3.12/site-packages/airflow/example_dags/example_dynamic_task_mapping.py
[2026-05-19T08:19:59.690+0000] {logging_mixin.py:188} INFO - [2026-05-19T08:19:59.690+0000] {dag.py:3089} INFO - Sync 1 DAGs
[2026-05-19T08:19:59.728+0000] {logging_mixin.py:188} INFO - [2026-05-19T08:19:59.727+0000] {dag.py:3947} INFO - Setting next_dagrun for example_dynamic_task_mapping to 2022-03-04 00:00:00+00:00, run_after=2022-03-05 00:00:00+00:00
[2026-05-19T08:19:59.776+0000] {processor.py:183} INFO - Processing /home/airflow/.local/lib/python3.12/site-packages/airflow/example_dags/example_dynamic_task_mapping.py took 0.148 seconds
[2026-05-19T08:20:29.932+0000] {processor.py:161} INFO - Started process (PID=2532) to work on /home/airflow/.local/lib/python3.12/site-packages/airflow/example_dags/example_dynamic_task_mapping.py
[2026-05-19T08:20:29.934+0000] {processor.py:830} INFO - Processing file /home/airflow/.local/lib/python3.12/site-packages/airflow/example_dags/example_dynamic_task_mapping.py for tasks to queue
[2026-05-19T08:20:29.939+0000] {logging_mixin.py:188} INFO - [2026-05-19T08:20:29.938+0000] {dagbag.py:545} INFO - Filling up the DagBag from /home/airflow/.local/lib/python3.12/site-packages/airflow/example_dags/example_dynamic_task_mapping.py
[2026-05-19T08:20:29.957+0000] {processor.py:840} INFO - DAG(s) 'example_dynamic_task_mapping' retrieved from /home/airflow/.local/lib/python3.12/site-packages/airflow/example_dags/example_dynamic_task_mapping.py
[2026-05-19T08:20:29.997+0000] {logging_mixin.py:188} INFO - [2026-05-19T08:20:29.997+0000] {dag.py:3089} INFO - Sync 1 DAGs
[2026-05-19T08:20:30.042+0000] {logging_mixin.py:188} INFO - [2026-05-19T08:20:30.041+0000] {dag.py:3947} INFO - Setting next_dagrun for example_dynamic_task_mapping to 2022-03-04 00:00:00+00:00, run_after=2022-03-05 00:00:00+00:00
[2026-05-19T08:20:30.082+0000] {processor.py:183} INFO - Processing /home/airflow/.local/lib/python3.12/site-packages/airflow/example_dags/example_dynamic_task_mapping.py took 0.161 seconds
[2026-05-19T08:21:00.337+0000] {processor.py:161} INFO - Started process (PID=2591) to work on /home/airflow/.local/lib/python3.12/site-packages/airflow/example_dags/example_dynamic_task_mapping.py
[2026-05-19T08:21:00.339+0000] {processor.py:830} INFO - Processing file /home/airflow/.local/lib/python3.12/site-packages/airflow/example_dags/example_dynamic_task_mapping.py for tasks to queue
[2026-05-19T08:21:00.342+0000] {logging_mixin.py:188} INFO - [2026-05-19T08:21:00.341+0000] {dagbag.py:545} INFO - Filling up the DagBag from /home/airflow/.local/lib/python3.12/site-packages/airflow/example_dags/example_dynamic_task_mapping.py
[2026-05-19T08:21:00.354+0000] {processor.py:840} INFO - DAG(s) 'example_dynamic_task_mapping' retrieved from /home/airflow/.local/lib/python3.12/site-packages/airflow/example_dags/example_dynamic_task_mapping.py
[2026-05-19T08:21:00.390+0000] {logging_mixin.py:188} INFO - [2026-05-19T08:21:00.390+0000] {dag.py:3089} INFO - Sync 1 DAGs
[2026-05-19T08:21:00.437+0000] {logging_mixin.py:188} INFO - [2026-05-19T08:21:00.436+0000] {dag.py:3947} INFO - Setting next_dagrun for example_dynamic_task_mapping to 2022-03-04 00:00:00+00:00, run_after=2022-03-05 00:00:00+00:00
[2026-05-19T08:21:00.483+0000] {processor.py:183} INFO - Processing /home/airflow/.local/lib/python3.12/site-packages/airflow/example_dags/example_dynamic_task_mapping.py took 0.156 seconds
[2026-05-19T08:21:30.813+0000] {processor.py:161} INFO - Started process (PID=2650) to work on /home/airflow/.local/lib/python3.12/site-packages/airflow/example_dags/example_dynamic_task_mapping.py
[2026-05-19T08:21:30.815+0000] {processor.py:830} INFO - Processing file /home/airflow/.local/lib/python3.12/site-packages/airflow/example_dags/example_dynamic_task_mapping.py for tasks to queue
[2026-05-19T08:21:30.818+0000] {logging_mixin.py:188} INFO - [2026-05-19T08:21:30.818+0000] {dagbag.py:545} INFO - Filling up the DagBag from /home/airflow/.local/lib/python3.12/site-packages/airflow/example_dags/example_dynamic_task_mapping.py
[2026-05-19T08:21:30.830+0000] {processor.py:840} INFO - DAG(s) 'example_dynamic_task_mapping' retrieved from /home/airflow/.local/lib/python3.12/site-packages/airflow/example_dags/example_dynamic_task_mapping.py
[2026-05-19T08:21:30.859+0000] {logging_mixin.py:188} INFO - [2026-05-19T08:21:30.859+0000] {dag.py:3089} INFO - Sync 1 DAGs
[2026-05-19T08:21:30.900+0000] {logging_mixin.py:188} INFO - [2026-05-19T08:21:30.899+0000] {dag.py:3947} INFO - Setting next_dagrun for example_dynamic_task_mapping to 2022-03-04 00:00:00+00:00, run_after=2022-03-05 00:00:00+00:00
[2026-05-19T08:21:30.935+0000] {processor.py:183} INFO - Processing /home/airflow/.local/lib/python3.12/site-packages/airflow/example_dags/example_dynamic_task_mapping.py took 0.131 seconds
[2026-05-19T08:22:01.786+0000] {processor.py:161} INFO - Started process (PID=2707) to work on /home/airflow/.local/lib/python3.12/site-packages/airflow/example_dags/example_dynamic_task_mapping.py
[2026-05-19T08:22:01.788+0000] {processor.py:830} INFO - Processing file /home/airflow/.local/lib/python3.12/site-packages/airflow/example_dags/example_dynamic_task_mapping.py for tasks to queue
[2026-05-19T08:22:01.793+0000] {logging_mixin.py:188} INFO - [2026-05-19T08:22:01.792+0000] {dagbag.py:545} INFO - Filling up the DagBag from /home/airflow/.local/lib/python3.12/site-packages/airflow/example_dags/example_dynamic_task_mapping.py
[2026-05-19T08:22:01.805+0000] {processor.py:840} INFO - DAG(s) 'example_dynamic_task_mapping' retrieved from /home/airflow/.local/lib/python3.12/site-packages/airflow/example_dags/example_dynamic_task_mapping.py
[2026-05-19T08:22:01.837+0000] {logging_mixin.py:188} INFO - [2026-05-19T08:22:01.836+0000] {dag.py:3089} INFO - Sync 1 DAGs
[2026-05-19T08:22:01.874+0000] {logging_mixin.py:188} INFO - [2026-05-19T08:22:01.873+0000] {dag.py:3947} INFO - Setting next_dagrun for example_dynamic_task_mapping to 2022-03-04 00:00:00+00:00, run_after=2022-03-05 00:00:00+00:00
[2026-05-19T08:22:01.907+0000] {processor.py:183} INFO - Processing /home/airflow/.local/lib/python3.12/site-packages/airflow/example_dags/example_dynamic_task_mapping.py took 0.132 seconds
[2026-05-19T08:22:32.233+0000] {processor.py:161} INFO - Started process (PID=2767) to work on /home/airflow/.local/lib/python3.12/site-packages/airflow/example_dags/example_dynamic_task_mapping.py
[2026-05-19T08:22:32.235+0000] {processor.py:830} INFO - Processing file /home/airflow/.local/lib/python3.12/site-packages/airflow/example_dags/example_dynamic_task_mapping.py for tasks to queue
[2026-05-19T08:22:32.238+0000] {logging_mixin.py:188} INFO - [2026-05-19T08:22:32.237+0000] {dagbag.py:545} INFO - Filling up the DagBag from /home/airflow/.local/lib/python3.12/site-packages/airflow/example_dags/example_dynamic_task_mapping.py
[2026-05-19T08:22:32.251+0000] {processor.py:840} INFO - DAG(s) 'example_dynamic_task_mapping' retrieved from /home/airflow/.local/lib/python3.12/site-packages/airflow/example_dags/example_dynamic_task_mapping.py
[2026-05-19T08:22:32.291+0000] {logging_mixin.py:188} INFO - [2026-05-19T08:22:32.291+0000] {dag.py:3089} INFO - Sync 1 DAGs
[2026-05-19T08:22:32.328+0000] {logging_mixin.py:188} INFO - [2026-05-19T08:22:32.327+0000] {dag.py:3947} INFO - Setting next_dagrun for example_dynamic_task_mapping to 2022-03-04 00:00:00+00:00, run_after=2022-03-05 00:00:00+00:00
[2026-05-19T08:22:32.361+0000] {processor.py:183} INFO - Processing /home/airflow/.local/lib/python3.12/site-packages/airflow/example_dags/example_dynamic_task_mapping.py took 0.138 seconds
[2026-05-19T08:23:02.897+0000] {processor.py:161} INFO - Started process (PID=2826) to work on /home/airflow/.local/lib/python3.12/site-packages/airflow/example_dags/example_dynamic_task_mapping.py
[2026-05-19T08:23:02.902+0000] {processor.py:830} INFO - Processing file /home/airflow/.local/lib/python3.12/site-packages/airflow/example_dags/example_dynamic_task_mapping.py for tasks to queue
[2026-05-19T08:23:02.906+0000] {logging_mixin.py:188} INFO - [2026-05-19T08:23:02.906+0000] {dagbag.py:545} INFO - Filling up the DagBag from /home/airflow/.local/lib/python3.12/site-packages/airflow/example_dags/example_dynamic_task_mapping.py
[2026-05-19T08:23:02.918+0000] {processor.py:840} INFO - DAG(s) 'example_dynamic_task_mapping' retrieved from /home/airflow/.local/lib/python3.12/site-packages/airflow/example_dags/example_dynamic_task_mapping.py
[2026-05-19T08:23:02.960+0000] {logging_mixin.py:188} INFO - [2026-05-19T08:23:02.960+0000] {dag.py:3089} INFO - Sync 1 DAGs
[2026-05-19T08:23:03.023+0000] {logging_mixin.py:188} INFO - [2026-05-19T08:23:03.022+0000] {dag.py:3947} INFO - Setting next_dagrun for example_dynamic_task_mapping to 2022-03-04 00:00:00+00:00, run_after=2022-03-05 00:00:00+00:00
[2026-05-19T08:23:03.085+0000] {processor.py:183} INFO - Processing /home/airflow/.local/lib/python3.12/site-packages/airflow/example_dags/example_dynamic_task_mapping.py took 0.201 seconds
[2026-05-19T08:23:33.554+0000] {processor.py:161} INFO - Started process (PID=2885) to work on /home/airflow/.local/lib/python3.12/site-packages/airflow/example_dags/example_dynamic_task_mapping.py
[2026-05-19T08:23:33.558+0000] {processor.py:830} INFO - Processing file /home/airflow/.local/lib/python3.12/site-packages/airflow/example_dags/example_dynamic_task_mapping.py for tasks to queue
[2026-05-19T08:23:33.562+0000] {logging_mixin.py:188} INFO - [2026-05-19T08:23:33.562+0000] {dagbag.py:545} INFO - Filling up the DagBag from /home/airflow/.local/lib/python3.12/site-packages/airflow/example_dags/example_dynamic_task_mapping.py
[2026-05-19T08:23:33.578+0000] {processor.py:840} INFO - DAG(s) 'example_dynamic_task_mapping' retrieved from /home/airflow/.local/lib/python3.12/site-packages/airflow/example_dags/example_dynamic_task_mapping.py
[2026-05-19T08:23:33.619+0000] {logging_mixin.py:188} INFO - [2026-05-19T08:23:33.618+0000] {dag.py:3089} INFO - Sync 1 DAGs
[2026-05-19T08:23:33.684+0000] {logging_mixin.py:188} INFO - [2026-05-19T08:23:33.683+0000] {dag.py:3947} INFO - Setting next_dagrun for example_dynamic_task_mapping to 2022-03-04 00:00:00+00:00, run_after=2022-03-05 00:00:00+00:00
[2026-05-19T08:23:33.740+0000] {processor.py:183} INFO - Processing /home/airflow/.local/lib/python3.12/site-packages/airflow/example_dags/example_dynamic_task_mapping.py took 0.201 seconds
[2026-05-19T08:24:03.951+0000] {processor.py:161} INFO - Started process (PID=2944) to work on /home/airflow/.local/lib/python3.12/site-packages/airflow/example_dags/example_dynamic_task_mapping.py
[2026-05-19T08:24:03.953+0000] {processor.py:830} INFO - Processing file /home/airflow/.local/lib/python3.12/site-packages/airflow/example_dags/example_dynamic_task_mapping.py for tasks to queue
[2026-05-19T08:24:03.962+0000] {logging_mixin.py:188} INFO - [2026-05-19T08:24:03.962+0000] {dagbag.py:545} INFO - Filling up the DagBag from /home/airflow/.local/lib/python3.12/site-packages/airflow/example_dags/example_dynamic_task_mapping.py
[2026-05-19T08:24:03.977+0000] {processor.py:840} INFO - DAG(s) 'example_dynamic_task_mapping' retrieved from /home/airflow/.local/lib/python3.12/site-packages/airflow/example_dags/example_dynamic_task_mapping.py
[2026-05-19T08:24:04.022+0000] {logging_mixin.py:188} INFO - [2026-05-19T08:24:04.021+0000] {dag.py:3089} INFO - Sync 1 DAGs
[2026-05-19T08:24:04.074+0000] {logging_mixin.py:188} INFO - [2026-05-19T08:24:04.073+0000] {dag.py:3947} INFO - Setting next_dagrun for example_dynamic_task_mapping to 2022-03-04 00:00:00+00:00, run_after=2022-03-05 00:00:00+00:00
[2026-05-19T08:24:04.136+0000] {processor.py:183} INFO - Processing /home/airflow/.local/lib/python3.12/site-packages/airflow/example_dags/example_dynamic_task_mapping.py took 0.203 seconds
[2026-05-19T08:24:34.642+0000] {processor.py:161} INFO - Started process (PID=3003) to work on /home/airflow/.local/lib/python3.12/site-packages/airflow/example_dags/example_dynamic_task_mapping.py
[2026-05-19T08:24:34.646+0000] {processor.py:830} INFO - Processing file /home/airflow/.local/lib/python3.12/site-packages/airflow/example_dags/example_dynamic_task_mapping.py for tasks to queue
[2026-05-19T08:24:34.651+0000] {logging_mixin.py:188} INFO - [2026-05-19T08:24:34.650+0000] {dagbag.py:545} INFO - Filling up the DagBag from /home/airflow/.local/lib/python3.12/site-packages/airflow/example_dags/example_dynamic_task_mapping.py
[2026-05-19T08:24:34.670+0000] {processor.py:840} INFO - DAG(s) 'example_dynamic_task_mapping' retrieved from /home/airflow/.local/lib/python3.12/site-packages/airflow/example_dags/example_dynamic_task_mapping.py
[2026-05-19T08:24:34.721+0000] {logging_mixin.py:188} INFO - [2026-05-19T08:24:34.720+0000] {dag.py:3089} INFO - Sync 1 DAGs
[2026-05-19T08:24:34.784+0000] {logging_mixin.py:188} INFO - [2026-05-19T08:24:34.783+0000] {dag.py:3947} INFO - Setting next_dagrun for example_dynamic_task_mapping to 2022-03-04 00:00:00+00:00, run_after=2022-03-05 00:00:00+00:00
[2026-05-19T08:24:34.843+0000] {processor.py:183} INFO - Processing /home/airflow/.local/lib/python3.12/site-packages/airflow/example_dags/example_dynamic_task_mapping.py took 0.219 seconds
[2026-05-19T08:25:05.759+0000] {processor.py:161} INFO - Started process (PID=3062) to work on /home/airflow/.local/lib/python3.12/site-packages/airflow/example_dags/example_dynamic_task_mapping.py
[2026-05-19T08:25:05.762+0000] {processor.py:830} INFO - Processing file /home/airflow/.local/lib/python3.12/site-packages/airflow/example_dags/example_dynamic_task_mapping.py for tasks to queue
[2026-05-19T08:25:05.768+0000] {logging_mixin.py:188} INFO - [2026-05-19T08:25:05.767+0000] {dagbag.py:545} INFO - Filling up the DagBag from /home/airflow/.local/lib/python3.12/site-packages/airflow/example_dags/example_dynamic_task_mapping.py
[2026-05-19T08:25:05.791+0000] {processor.py:840} INFO - DAG(s) 'example_dynamic_task_mapping' retrieved from /home/airflow/.local/lib/python3.12/site-packages/airflow/example_dags/example_dynamic_task_mapping.py
[2026-05-19T08:25:05.852+0000] {logging_mixin.py:188} INFO - [2026-05-19T08:25:05.851+0000] {dag.py:3089} INFO - Sync 1 DAGs
[2026-05-19T08:25:05.923+0000] {logging_mixin.py:188} INFO - [2026-05-19T08:25:05.923+0000] {dag.py:3947} INFO - Setting next_dagrun for example_dynamic_task_mapping to 2022-03-04 00:00:00+00:00, run_after=2022-03-05 00:00:00+00:00
[2026-05-19T08:25:05.971+0000] {processor.py:183} INFO - Processing /home/airflow/.local/lib/python3.12/site-packages/airflow/example_dags/example_dynamic_task_mapping.py took 0.235 seconds
[2026-05-19T08:25:36.700+0000] {processor.py:161} INFO - Started process (PID=3121) to work on /home/airflow/.local/lib/python3.12/site-packages/airflow/example_dags/example_dynamic_task_mapping.py
[2026-05-19T08:25:36.703+0000] {processor.py:830} INFO - Processing file /home/airflow/.local/lib/python3.12/site-packages/airflow/example_dags/example_dynamic_task_mapping.py for tasks to queue
[2026-05-19T08:25:36.708+0000] {logging_mixin.py:188} INFO - [2026-05-19T08:25:36.707+0000] {dagbag.py:545} INFO - Filling up the DagBag from /home/airflow/.local/lib/python3.12/site-packages/airflow/example_dags/example_dynamic_task_mapping.py
[2026-05-19T08:25:36.737+0000] {processor.py:840} INFO - DAG(s) 'example_dynamic_task_mapping' retrieved from /home/airflow/.local/lib/python3.12/site-packages/airflow/example_dags/example_dynamic_task_mapping.py
[2026-05-19T08:25:36.800+0000] {logging_mixin.py:188} INFO - [2026-05-19T08:25:36.799+0000] {dag.py:3089} INFO - Sync 1 DAGs
[2026-05-19T08:25:36.865+0000] {logging_mixin.py:188} INFO - [2026-05-19T08:25:36.865+0000] {dag.py:3947} INFO - Setting next_dagrun for example_dynamic_task_mapping to 2022-03-04 00:00:00+00:00, run_after=2022-03-05 00:00:00+00:00
[2026-05-19T08:25:36.925+0000] {processor.py:183} INFO - Processing /home/airflow/.local/lib/python3.12/site-packages/airflow/example_dags/example_dynamic_task_mapping.py took 0.244 seconds
[2026-05-19T08:26:07.622+0000] {processor.py:161} INFO - Started process (PID=3180) to work on /home/airflow/.local/lib/python3.12/site-packages/airflow/example_dags/example_dynamic_task_mapping.py
[2026-05-19T08:26:07.625+0000] {processor.py:830} INFO - Processing file /home/airflow/.local/lib/python3.12/site-packages/airflow/example_dags/example_dynamic_task_mapping.py for tasks to queue
[2026-05-19T08:26:07.632+0000] {logging_mixin.py:188} INFO - [2026-05-19T08:26:07.631+0000] {dagbag.py:545} INFO - Filling up the DagBag from /home/airflow/.local/lib/python3.12/site-packages/airflow/example_dags/example_dynamic_task_mapping.py
[2026-05-19T08:26:07.647+0000] {processor.py:840} INFO - DAG(s) 'example_dynamic_task_mapping' retrieved from /home/airflow/.local/lib/python3.12/site-packages/airflow/example_dags/example_dynamic_task_mapping.py
[2026-05-19T08:26:07.698+0000] {logging_mixin.py:188} INFO - [2026-05-19T08:26:07.697+0000] {dag.py:3089} INFO - Sync 1 DAGs
[2026-05-19T08:26:07.754+0000] {logging_mixin.py:188} INFO - [2026-05-19T08:26:07.753+0000] {dag.py:3947} INFO - Setting next_dagrun for example_dynamic_task_mapping to 2022-03-04 00:00:00+00:00, run_after=2022-03-05 00:00:00+00:00
[2026-05-19T08:26:07.800+0000] {processor.py:183} INFO - Processing /home/airflow/.local/lib/python3.12/site-packages/airflow/example_dags/example_dynamic_task_mapping.py took 0.198 seconds
[2026-05-19T08:26:38.942+0000] {processor.py:161} INFO - Started process (PID=3239) to work on /home/airflow/.local/lib/python3.12/site-packages/airflow/example_dags/example_dynamic_task_mapping.py
[2026-05-19T08:26:38.944+0000] {processor.py:830} INFO - Processing file /home/airflow/.local/lib/python3.12/site-packages/airflow/example_dags/example_dynamic_task_mapping.py for tasks to queue
[2026-05-19T08:26:38.951+0000] {logging_mixin.py:188} INFO - [2026-05-19T08:26:38.950+0000] {dagbag.py:545} INFO - Filling up the DagBag from /home/airflow/.local/lib/python3.12/site-packages/airflow/example_dags/example_dynamic_task_mapping.py
[2026-05-19T08:26:38.970+0000] {processor.py:840} INFO - DAG(s) 'example_dynamic_task_mapping' retrieved from /home/airflow/.local/lib/python3.12/site-packages/airflow/example_dags/example_dynamic_task_mapping.py
[2026-05-19T08:26:39.061+0000] {logging_mixin.py:188} INFO - [2026-05-19T08:26:39.058+0000] {dag.py:3089} INFO - Sync 1 DAGs
[2026-05-19T08:26:39.180+0000] {logging_mixin.py:188} INFO - [2026-05-19T08:26:39.179+0000] {dag.py:3947} INFO - Setting next_dagrun for example_dynamic_task_mapping to 2022-03-04 00:00:00+00:00, run_after=2022-03-05 00:00:00+00:00
[2026-05-19T08:26:39.226+0000] {processor.py:183} INFO - Processing /home/airflow/.local/lib/python3.12/site-packages/airflow/example_dags/example_dynamic_task_mapping.py took 0.304 seconds
[2026-05-19T08:27:10.354+0000] {processor.py:161} INFO - Started process (PID=3299) to work on /home/airflow/.local/lib/python3.12/site-packages/airflow/example_dags/example_dynamic_task_mapping.py
[2026-05-19T08:27:10.357+0000] {processor.py:830} INFO - Processing file /home/airflow/.local/lib/python3.12/site-packages/airflow/example_dags/example_dynamic_task_mapping.py for tasks to queue
[2026-05-19T08:27:10.362+0000] {logging_mixin.py:188} INFO - [2026-05-19T08:27:10.361+0000] {dagbag.py:545} INFO - Filling up the DagBag from /home/airflow/.local/lib/python3.12/site-packages/airflow/example_dags/example_dynamic_task_mapping.py
[2026-05-19T08:27:10.377+0000] {processor.py:840} INFO - DAG(s) 'example_dynamic_task_mapping' retrieved from /home/airflow/.local/lib/python3.12/site-packages/airflow/example_dags/example_dynamic_task_mapping.py
[2026-05-19T08:27:10.437+0000] {logging_mixin.py:188} INFO - [2026-05-19T08:27:10.436+0000] {dag.py:3089} INFO - Sync 1 DAGs
[2026-05-19T08:27:10.505+0000] {logging_mixin.py:188} INFO - [2026-05-19T08:27:10.505+0000] {dag.py:3947} INFO - Setting next_dagrun for example_dynamic_task_mapping to 2022-03-04 00:00:00+00:00, run_after=2022-03-05 00:00:00+00:00
[2026-05-19T08:27:10.546+0000] {processor.py:183} INFO - Processing /home/airflow/.local/lib/python3.12/site-packages/airflow/example_dags/example_dynamic_task_mapping.py took 0.205 seconds
[2026-05-19T08:27:40.783+0000] {processor.py:161} INFO - Started process (PID=3358) to work on /home/airflow/.local/lib/python3.12/site-packages/airflow/example_dags/example_dynamic_task_mapping.py
[2026-05-19T08:27:40.786+0000] {processor.py:830} INFO - Processing file /home/airflow/.local/lib/python3.12/site-packages/airflow/example_dags/example_dynamic_task_mapping.py for tasks to queue
[2026-05-19T08:27:40.793+0000] {logging_mixin.py:188} INFO - [2026-05-19T08:27:40.792+0000] {dagbag.py:545} INFO - Filling up the DagBag from /home/airflow/.local/lib/python3.12/site-packages/airflow/example_dags/example_dynamic_task_mapping.py
[2026-05-19T08:27:40.810+0000] {processor.py:840} INFO - DAG(s) 'example_dynamic_task_mapping' retrieved from /home/airflow/.local/lib/python3.12/site-packages/airflow/example_dags/example_dynamic_task_mapping.py
[2026-05-19T08:27:40.863+0000] {logging_mixin.py:188} INFO - [2026-05-19T08:27:40.863+0000] {dag.py:3089} INFO - Sync 1 DAGs
[2026-05-19T08:27:40.926+0000] {logging_mixin.py:188} INFO - [2026-05-19T08:27:40.925+0000] {dag.py:3947} INFO - Setting next_dagrun for example_dynamic_task_mapping to 2022-03-04 00:00:00+00:00, run_after=2022-03-05 00:00:00+00:00
[2026-05-19T08:27:40.995+0000] {processor.py:183} INFO - Processing /home/airflow/.local/lib/python3.12/site-packages/airflow/example_dags/example_dynamic_task_mapping.py took 0.227 seconds
[2026-05-19T08:28:11.496+0000] {processor.py:161} INFO - Started process (PID=3417) to work on /home/airflow/.local/lib/python3.12/site-packages/airflow/example_dags/example_dynamic_task_mapping.py
[2026-05-19T08:28:11.499+0000] {processor.py:830} INFO - Processing file /home/airflow/.local/lib/python3.12/site-packages/airflow/example_dags/example_dynamic_task_mapping.py for tasks to queue
[2026-05-19T08:28:11.514+0000] {logging_mixin.py:188} INFO - [2026-05-19T08:28:11.513+0000] {dagbag.py:545} INFO - Filling up the DagBag from /home/airflow/.local/lib/python3.12/site-packages/airflow/example_dags/example_dynamic_task_mapping.py
[2026-05-19T08:28:11.554+0000] {processor.py:840} INFO - DAG(s) 'example_dynamic_task_mapping' retrieved from /home/airflow/.local/lib/python3.12/site-packages/airflow/example_dags/example_dynamic_task_mapping.py
[2026-05-19T08:28:11.717+0000] {logging_mixin.py:188} INFO - [2026-05-19T08:28:11.716+0000] {dag.py:3089} INFO - Sync 1 DAGs
[2026-05-19T08:28:11.825+0000] {logging_mixin.py:188} INFO - [2026-05-19T08:28:11.824+0000] {dag.py:3947} INFO - Setting next_dagrun for example_dynamic_task_mapping to 2022-03-04 00:00:00+00:00, run_after=2022-03-05 00:00:00+00:00
[2026-05-19T08:28:11.946+0000] {processor.py:183} INFO - Processing /home/airflow/.local/lib/python3.12/site-packages/airflow/example_dags/example_dynamic_task_mapping.py took 0.478 seconds
[2026-05-19T08:28:42.306+0000] {processor.py:161} INFO - Started process (PID=3475) to work on /home/airflow/.local/lib/python3.12/site-packages/airflow/example_dags/example_dynamic_task_mapping.py
[2026-05-19T08:28:42.310+0000] {processor.py:830} INFO - Processing file /home/airflow/.local/lib/python3.12/site-packages/airflow/example_dags/example_dynamic_task_mapping.py for tasks to queue
[2026-05-19T08:28:42.318+0000] {logging_mixin.py:188} INFO - [2026-05-19T08:28:42.316+0000] {dagbag.py:545} INFO - Filling up the DagBag from /home/airflow/.local/lib/python3.12/site-packages/airflow/example_dags/example_dynamic_task_mapping.py
[2026-05-19T08:28:42.338+0000] {processor.py:840} INFO - DAG(s) 'example_dynamic_task_mapping' retrieved from /home/airflow/.local/lib/python3.12/site-packages/airflow/example_dags/example_dynamic_task_mapping.py
[2026-05-19T08:28:42.396+0000] {logging_mixin.py:188} INFO - [2026-05-19T08:28:42.396+0000] {dag.py:3089} INFO - Sync 1 DAGs
[2026-05-19T08:28:42.472+0000] {logging_mixin.py:188} INFO - [2026-05-19T08:28:42.471+0000] {dag.py:3947} INFO - Setting next_dagrun for example_dynamic_task_mapping to 2022-03-04 00:00:00+00:00, run_after=2022-03-05 00:00:00+00:00
[2026-05-19T08:28:42.520+0000] {processor.py:183} INFO - Processing /home/airflow/.local/lib/python3.12/site-packages/airflow/example_dags/example_dynamic_task_mapping.py took 0.228 seconds
[2026-05-19T08:29:12.762+0000] {processor.py:161} INFO - Started process (PID=3533) to work on /home/airflow/.local/lib/python3.12/site-packages/airflow/example_dags/example_dynamic_task_mapping.py
[2026-05-19T08:29:12.765+0000] {processor.py:830} INFO - Processing file /home/airflow/.local/lib/python3.12/site-packages/airflow/example_dags/example_dynamic_task_mapping.py for tasks to queue
[2026-05-19T08:29:12.769+0000] {logging_mixin.py:188} INFO - [2026-05-19T08:29:12.768+0000] {dagbag.py:545} INFO - Filling up the DagBag from /home/airflow/.local/lib/python3.12/site-packages/airflow/example_dags/example_dynamic_task_mapping.py
[2026-05-19T08:29:12.782+0000] {processor.py:840} INFO - DAG(s) 'example_dynamic_task_mapping' retrieved from /home/airflow/.local/lib/python3.12/site-packages/airflow/example_dags/example_dynamic_task_mapping.py
[2026-05-19T08:29:12.853+0000] {logging_mixin.py:188} INFO - [2026-05-19T08:29:12.852+0000] {dag.py:3089} INFO - Sync 1 DAGs
[2026-05-19T08:29:12.920+0000] {logging_mixin.py:188} INFO - [2026-05-19T08:29:12.919+0000] {dag.py:3947} INFO - Setting next_dagrun for example_dynamic_task_mapping to 2022-03-04 00:00:00+00:00, run_after=2022-03-05 00:00:00+00:00
[2026-05-19T08:29:12.975+0000] {processor.py:183} INFO - Processing /home/airflow/.local/lib/python3.12/site-packages/airflow/example_dags/example_dynamic_task_mapping.py took 0.224 seconds
[2026-05-19T08:29:43.190+0000] {processor.py:161} INFO - Started process (PID=3592) to work on /home/airflow/.local/lib/python3.12/site-packages/airflow/example_dags/example_dynamic_task_mapping.py
[2026-05-19T08:29:43.192+0000] {processor.py:830} INFO - Processing file /home/airflow/.local/lib/python3.12/site-packages/airflow/example_dags/example_dynamic_task_mapping.py for tasks to queue
[2026-05-19T08:29:43.197+0000] {logging_mixin.py:188} INFO - [2026-05-19T08:29:43.197+0000] {dagbag.py:545} INFO - Filling up the DagBag from /home/airflow/.local/lib/python3.12/site-packages/airflow/example_dags/example_dynamic_task_mapping.py
[2026-05-19T08:29:43.213+0000] {processor.py:840} INFO - DAG(s) 'example_dynamic_task_mapping' retrieved from /home/airflow/.local/lib/python3.12/site-packages/airflow/example_dags/example_dynamic_task_mapping.py
[2026-05-19T08:29:43.260+0000] {logging_mixin.py:188} INFO - [2026-05-19T08:29:43.259+0000] {dag.py:3089} INFO - Sync 1 DAGs
[2026-05-19T08:29:43.326+0000] {logging_mixin.py:188} INFO - [2026-05-19T08:29:43.325+0000] {dag.py:3947} INFO - Setting next_dagrun for example_dynamic_task_mapping to 2022-03-04 00:00:00+00:00, run_after=2022-03-05 00:00:00+00:00
[2026-05-19T08:29:43.381+0000] {processor.py:183} INFO - Processing /home/airflow/.local/lib/python3.12/site-packages/airflow/example_dags/example_dynamic_task_mapping.py took 0.203 seconds
[2026-05-19T08:30:13.534+0000] {processor.py:161} INFO - Started process (PID=3651) to work on /home/airflow/.local/lib/python3.12/site-packages/airflow/example_dags/example_dynamic_task_mapping.py
[2026-05-19T08:30:13.537+0000] {processor.py:830} INFO - Processing file /home/airflow/.local/lib/python3.12/site-packages/airflow/example_dags/example_dynamic_task_mapping.py for tasks to queue
[2026-05-19T08:30:13.542+0000] {logging_mixin.py:188} INFO - [2026-05-19T08:30:13.542+0000] {dagbag.py:545} INFO - Filling up the DagBag from /home/airflow/.local/lib/python3.12/site-packages/airflow/example_dags/example_dynamic_task_mapping.py
[2026-05-19T08:30:13.561+0000] {processor.py:840} INFO - DAG(s) 'example_dynamic_task_mapping' retrieved from /home/airflow/.local/lib/python3.12/site-packages/airflow/example_dags/example_dynamic_task_mapping.py
[2026-05-19T08:30:13.603+0000] {logging_mixin.py:188} INFO - [2026-05-19T08:30:13.602+0000] {dag.py:3089} INFO - Sync 1 DAGs
[2026-05-19T08:30:13.667+0000] {logging_mixin.py:188} INFO - [2026-05-19T08:30:13.666+0000] {dag.py:3947} INFO - Setting next_dagrun for example_dynamic_task_mapping to 2022-03-04 00:00:00+00:00, run_after=2022-03-05 00:00:00+00:00
[2026-05-19T08:30:13.708+0000] {processor.py:183} INFO - Processing /home/airflow/.local/lib/python3.12/site-packages/airflow/example_dags/example_dynamic_task_mapping.py took 0.186 seconds
[2026-05-19T08:30:44.559+0000] {processor.py:161} INFO - Started process (PID=3710) to work on /home/airflow/.local/lib/python3.12/site-packages/airflow/example_dags/example_dynamic_task_mapping.py
[2026-05-19T08:30:44.560+0000] {processor.py:830} INFO - Processing file /home/airflow/.local/lib/python3.12/site-packages/airflow/example_dags/example_dynamic_task_mapping.py for tasks to queue
[2026-05-19T08:30:44.565+0000] {logging_mixin.py:188} INFO - [2026-05-19T08:30:44.563+0000] {dagbag.py:545} INFO - Filling up the DagBag from /home/airflow/.local/lib/python3.12/site-packages/airflow/example_dags/example_dynamic_task_mapping.py
[2026-05-19T08:30:44.576+0000] {processor.py:840} INFO - DAG(s) 'example_dynamic_task_mapping' retrieved from /home/airflow/.local/lib/python3.12/site-packages/airflow/example_dags/example_dynamic_task_mapping.py
[2026-05-19T08:30:44.626+0000] {logging_mixin.py:188} INFO - [2026-05-19T08:30:44.626+0000] {dag.py:3089} INFO - Sync 1 DAGs
[2026-05-19T08:30:44.671+0000] {logging_mixin.py:188} INFO - [2026-05-19T08:30:44.671+0000] {dag.py:3947} INFO - Setting next_dagrun for example_dynamic_task_mapping to 2022-03-04 00:00:00+00:00, run_after=2022-03-05 00:00:00+00:00
[2026-05-19T08:30:44.703+0000] {processor.py:183} INFO - Processing /home/airflow/.local/lib/python3.12/site-packages/airflow/example_dags/example_dynamic_task_mapping.py took 0.153 seconds
[2026-05-19T08:31:15.209+0000] {processor.py:161} INFO - Started process (PID=3769) to work on /home/airflow/.local/lib/python3.12/site-packages/airflow/example_dags/example_dynamic_task_mapping.py
[2026-05-19T08:31:15.210+0000] {processor.py:830} INFO - Processing file /home/airflow/.local/lib/python3.12/site-packages/airflow/example_dags/example_dynamic_task_mapping.py for tasks to queue
[2026-05-19T08:31:15.215+0000] {logging_mixin.py:188} INFO - [2026-05-19T08:31:15.213+0000] {dagbag.py:545} INFO - Filling up the DagBag from /home/airflow/.local/lib/python3.12/site-packages/airflow/example_dags/example_dynamic_task_mapping.py
[2026-05-19T08:31:15.225+0000] {processor.py:840} INFO - DAG(s) 'example_dynamic_task_mapping' retrieved from /home/airflow/.local/lib/python3.12/site-packages/airflow/example_dags/example_dynamic_task_mapping.py
[2026-05-19T08:31:15.259+0000] {logging_mixin.py:188} INFO - [2026-05-19T08:31:15.259+0000] {dag.py:3089} INFO - Sync 1 DAGs
[2026-05-19T08:31:15.295+0000] {logging_mixin.py:188} INFO - [2026-05-19T08:31:15.294+0000] {dag.py:3947} INFO - Setting next_dagrun for example_dynamic_task_mapping to 2022-03-04 00:00:00+00:00, run_after=2022-03-05 00:00:00+00:00
[2026-05-19T08:31:15.334+0000] {processor.py:183} INFO - Processing /home/airflow/.local/lib/python3.12/site-packages/airflow/example_dags/example_dynamic_task_mapping.py took 0.135 seconds
[2026-05-19T08:31:46.067+0000] {processor.py:161} INFO - Started process (PID=3829) to work on /home/airflow/.local/lib/python3.12/site-packages/airflow/example_dags/example_dynamic_task_mapping.py
[2026-05-19T08:31:46.069+0000] {processor.py:830} INFO - Processing file /home/airflow/.local/lib/python3.12/site-packages/airflow/example_dags/example_dynamic_task_mapping.py for tasks to queue
[2026-05-19T08:31:46.072+0000] {logging_mixin.py:188} INFO - [2026-05-19T08:31:46.071+0000] {dagbag.py:545} INFO - Filling up the DagBag from /home/airflow/.local/lib/python3.12/site-packages/airflow/example_dags/example_dynamic_task_mapping.py
[2026-05-19T08:31:46.085+0000] {processor.py:840} INFO - DAG(s) 'example_dynamic_task_mapping' retrieved from /home/airflow/.local/lib/python3.12/site-packages/airflow/example_dags/example_dynamic_task_mapping.py
[2026-05-19T08:31:46.138+0000] {logging_mixin.py:188} INFO - [2026-05-19T08:31:46.138+0000] {dag.py:3089} INFO - Sync 1 DAGs
[2026-05-19T08:31:46.192+0000] {logging_mixin.py:188} INFO - [2026-05-19T08:31:46.192+0000] {dag.py:3947} INFO - Setting next_dagrun for example_dynamic_task_mapping to 2022-03-04 00:00:00+00:00, run_after=2022-03-05 00:00:00+00:00
[2026-05-19T08:31:46.240+0000] {processor.py:183} INFO - Processing /home/airflow/.local/lib/python3.12/site-packages/airflow/example_dags/example_dynamic_task_mapping.py took 0.184 seconds
[2026-05-19T08:32:16.363+0000] {processor.py:161} INFO - Started process (PID=3888) to work on /home/airflow/.local/lib/python3.12/site-packages/airflow/example_dags/example_dynamic_task_mapping.py
[2026-05-19T08:32:16.364+0000] {processor.py:830} INFO - Processing file /home/airflow/.local/lib/python3.12/site-packages/airflow/example_dags/example_dynamic_task_mapping.py for tasks to queue
[2026-05-19T08:32:16.369+0000] {logging_mixin.py:188} INFO - [2026-05-19T08:32:16.368+0000] {dagbag.py:545} INFO - Filling up the DagBag from /home/airflow/.local/lib/python3.12/site-packages/airflow/example_dags/example_dynamic_task_mapping.py
[2026-05-19T08:32:16.379+0000] {processor.py:840} INFO - DAG(s) 'example_dynamic_task_mapping' retrieved from /home/airflow/.local/lib/python3.12/site-packages/airflow/example_dags/example_dynamic_task_mapping.py
[2026-05-19T08:32:16.410+0000] {logging_mixin.py:188} INFO - [2026-05-19T08:32:16.409+0000] {dag.py:3089} INFO - Sync 1 DAGs
[2026-05-19T08:32:16.452+0000] {logging_mixin.py:188} INFO - [2026-05-19T08:32:16.452+0000] {dag.py:3947} INFO - Setting next_dagrun for example_dynamic_task_mapping to 2022-03-04 00:00:00+00:00, run_after=2022-03-05 00:00:00+00:00
[2026-05-19T08:32:16.483+0000] {processor.py:183} INFO - Processing /home/airflow/.local/lib/python3.12/site-packages/airflow/example_dags/example_dynamic_task_mapping.py took 0.129 seconds
[2026-05-19T08:32:47.458+0000] {processor.py:161} INFO - Started process (PID=3947) to work on /home/airflow/.local/lib/python3.12/site-packages/airflow/example_dags/example_dynamic_task_mapping.py
[2026-05-19T08:32:47.465+0000] {processor.py:830} INFO - Processing file /home/airflow/.local/lib/python3.12/site-packages/airflow/example_dags/example_dynamic_task_mapping.py for tasks to queue
[2026-05-19T08:32:47.472+0000] {logging_mixin.py:188} INFO - [2026-05-19T08:32:47.471+0000] {dagbag.py:545} INFO - Filling up the DagBag from /home/airflow/.local/lib/python3.12/site-packages/airflow/example_dags/example_dynamic_task_mapping.py
[2026-05-19T08:32:47.484+0000] {processor.py:840} INFO - DAG(s) 'example_dynamic_task_mapping' retrieved from /home/airflow/.local/lib/python3.12/site-packages/airflow/example_dags/example_dynamic_task_mapping.py
[2026-05-19T08:32:47.522+0000] {logging_mixin.py:188} INFO - [2026-05-19T08:32:47.522+0000] {dag.py:3089} INFO - Sync 1 DAGs
[2026-05-19T08:32:47.563+0000] {logging_mixin.py:188} INFO - [2026-05-19T08:32:47.563+0000] {dag.py:3947} INFO - Setting next_dagrun for example_dynamic_task_mapping to 2022-03-04 00:00:00+00:00, run_after=2022-03-05 00:00:00+00:00
[2026-05-19T08:32:47.598+0000] {processor.py:183} INFO - Processing /home/airflow/.local/lib/python3.12/site-packages/airflow/example_dags/example_dynamic_task_mapping.py took 0.152 seconds
[2026-05-19T08:33:18.254+0000] {processor.py:161} INFO - Started process (PID=4006) to work on /home/airflow/.local/lib/python3.12/site-packages/airflow/example_dags/example_dynamic_task_mapping.py
[2026-05-19T08:33:18.258+0000] {processor.py:830} INFO - Processing file /home/airflow/.local/lib/python3.12/site-packages/airflow/example_dags/example_dynamic_task_mapping.py for tasks to queue
[2026-05-19T08:33:18.267+0000] {logging_mixin.py:188} INFO - [2026-05-19T08:33:18.266+0000] {dagbag.py:545} INFO - Filling up the DagBag from /home/airflow/.local/lib/python3.12/site-packages/airflow/example_dags/example_dynamic_task_mapping.py
[2026-05-19T08:33:18.285+0000] {processor.py:840} INFO - DAG(s) 'example_dynamic_task_mapping' retrieved from /home/airflow/.local/lib/python3.12/site-packages/airflow/example_dags/example_dynamic_task_mapping.py
[2026-05-19T08:33:18.349+0000] {logging_mixin.py:188} INFO - [2026-05-19T08:33:18.348+0000] {dag.py:3089} INFO - Sync 1 DAGs
[2026-05-19T08:33:18.402+0000] {logging_mixin.py:188} INFO - [2026-05-19T08:33:18.402+0000] {dag.py:3947} INFO - Setting next_dagrun for example_dynamic_task_mapping to 2022-03-04 00:00:00+00:00, run_after=2022-03-05 00:00:00+00:00
[2026-05-19T08:33:18.437+0000] {processor.py:183} INFO - Processing /home/airflow/.local/lib/python3.12/site-packages/airflow/example_dags/example_dynamic_task_mapping.py took 0.203 seconds
[2026-05-19T08:33:49.157+0000] {processor.py:161} INFO - Started process (PID=4065) to work on /home/airflow/.local/lib/python3.12/site-packages/airflow/example_dags/example_dynamic_task_mapping.py
[2026-05-19T08:33:49.160+0000] {processor.py:830} INFO - Processing file /home/airflow/.local/lib/python3.12/site-packages/airflow/example_dags/example_dynamic_task_mapping.py for tasks to queue
[2026-05-19T08:33:49.165+0000] {logging_mixin.py:188} INFO - [2026-05-19T08:33:49.164+0000] {dagbag.py:545} INFO - Filling up the DagBag from /home/airflow/.local/lib/python3.12/site-packages/airflow/example_dags/example_dynamic_task_mapping.py
[2026-05-19T08:33:49.183+0000] {processor.py:840} INFO - DAG(s) 'example_dynamic_task_mapping' retrieved from /home/airflow/.local/lib/python3.12/site-packages/airflow/example_dags/example_dynamic_task_mapping.py
[2026-05-19T08:33:49.238+0000] {logging_mixin.py:188} INFO - [2026-05-19T08:33:49.238+0000] {dag.py:3089} INFO - Sync 1 DAGs
[2026-05-19T08:33:49.283+0000] {logging_mixin.py:188} INFO - [2026-05-19T08:33:49.283+0000] {dag.py:3947} INFO - Setting next_dagrun for example_dynamic_task_mapping to 2022-03-04 00:00:00+00:00, run_after=2022-03-05 00:00:00+00:00
[2026-05-19T08:33:49.331+0000] {processor.py:183} INFO - Processing /home/airflow/.local/lib/python3.12/site-packages/airflow/example_dags/example_dynamic_task_mapping.py took 0.187 seconds
[2026-05-19T08:34:20.052+0000] {processor.py:161} INFO - Started process (PID=4123) to work on /home/airflow/.local/lib/python3.12/site-packages/airflow/example_dags/example_dynamic_task_mapping.py
[2026-05-19T08:34:20.054+0000] {processor.py:830} INFO - Processing file /home/airflow/.local/lib/python3.12/site-packages/airflow/example_dags/example_dynamic_task_mapping.py for tasks to queue
[2026-05-19T08:34:20.058+0000] {logging_mixin.py:188} INFO - [2026-05-19T08:34:20.058+0000] {dagbag.py:545} INFO - Filling up the DagBag from /home/airflow/.local/lib/python3.12/site-packages/airflow/example_dags/example_dynamic_task_mapping.py
[2026-05-19T08:34:20.073+0000] {processor.py:840} INFO - DAG(s) 'example_dynamic_task_mapping' retrieved from /home/airflow/.local/lib/python3.12/site-packages/airflow/example_dags/example_dynamic_task_mapping.py
[2026-05-19T08:34:20.105+0000] {logging_mixin.py:188} INFO - [2026-05-19T08:34:20.105+0000] {dag.py:3089} INFO - Sync 1 DAGs
[2026-05-19T08:34:20.153+0000] {logging_mixin.py:188} INFO - [2026-05-19T08:34:20.152+0000] {dag.py:3947} INFO - Setting next_dagrun for example_dynamic_task_mapping to 2022-03-04 00:00:00+00:00, run_after=2022-03-05 00:00:00+00:00
[2026-05-19T08:34:20.195+0000] {processor.py:183} INFO - Processing /home/airflow/.local/lib/python3.12/site-packages/airflow/example_dags/example_dynamic_task_mapping.py took 0.153 seconds
[2026-05-19T08:34:50.484+0000] {processor.py:161} INFO - Started process (PID=4181) to work on /home/airflow/.local/lib/python3.12/site-packages/airflow/example_dags/example_dynamic_task_mapping.py
[2026-05-19T08:34:50.487+0000] {processor.py:830} INFO - Processing file /home/airflow/.local/lib/python3.12/site-packages/airflow/example_dags/example_dynamic_task_mapping.py for tasks to queue
[2026-05-19T08:34:50.491+0000] {logging_mixin.py:188} INFO - [2026-05-19T08:34:50.490+0000] {dagbag.py:545} INFO - Filling up the DagBag from /home/airflow/.local/lib/python3.12/site-packages/airflow/example_dags/example_dynamic_task_mapping.py
[2026-05-19T08:34:50.506+0000] {processor.py:840} INFO - DAG(s) 'example_dynamic_task_mapping' retrieved from /home/airflow/.local/lib/python3.12/site-packages/airflow/example_dags/example_dynamic_task_mapping.py
[2026-05-19T08:34:50.549+0000] {logging_mixin.py:188} INFO - [2026-05-19T08:34:50.549+0000] {dag.py:3089} INFO - Sync 1 DAGs
[2026-05-19T08:34:50.602+0000] {logging_mixin.py:188} INFO - [2026-05-19T08:34:50.602+0000] {dag.py:3947} INFO - Setting next_dagrun for example_dynamic_task_mapping to 2022-03-04 00:00:00+00:00, run_after=2022-03-05 00:00:00+00:00
[2026-05-19T08:34:50.645+0000] {processor.py:183} INFO - Processing /home/airflow/.local/lib/python3.12/site-packages/airflow/example_dags/example_dynamic_task_mapping.py took 0.173 seconds
[2026-05-19T08:35:21.446+0000] {processor.py:161} INFO - Started process (PID=4240) to work on /home/airflow/.local/lib/python3.12/site-packages/airflow/example_dags/example_dynamic_task_mapping.py
[2026-05-19T08:35:21.448+0000] {processor.py:830} INFO - Processing file /home/airflow/.local/lib/python3.12/site-packages/airflow/example_dags/example_dynamic_task_mapping.py for tasks to queue
[2026-05-19T08:35:21.452+0000] {logging_mixin.py:188} INFO - [2026-05-19T08:35:21.451+0000] {dagbag.py:545} INFO - Filling up the DagBag from /home/airflow/.local/lib/python3.12/site-packages/airflow/example_dags/example_dynamic_task_mapping.py
[2026-05-19T08:35:21.467+0000] {processor.py:840} INFO - DAG(s) 'example_dynamic_task_mapping' retrieved from /home/airflow/.local/lib/python3.12/site-packages/airflow/example_dags/example_dynamic_task_mapping.py
[2026-05-19T08:35:21.510+0000] {logging_mixin.py:188} INFO - [2026-05-19T08:35:21.508+0000] {dag.py:3089} INFO - Sync 1 DAGs
[2026-05-19T08:35:21.584+0000] {logging_mixin.py:188} INFO - [2026-05-19T08:35:21.584+0000] {dag.py:3947} INFO - Setting next_dagrun for example_dynamic_task_mapping to 2022-03-04 00:00:00+00:00, run_after=2022-03-05 00:00:00+00:00
[2026-05-19T08:35:21.639+0000] {processor.py:183} INFO - Processing /home/airflow/.local/lib/python3.12/site-packages/airflow/example_dags/example_dynamic_task_mapping.py took 0.206 seconds
[2026-05-19T08:35:51.825+0000] {processor.py:161} INFO - Started process (PID=4299) to work on /home/airflow/.local/lib/python3.12/site-packages/airflow/example_dags/example_dynamic_task_mapping.py
[2026-05-19T08:35:51.827+0000] {processor.py:830} INFO - Processing file /home/airflow/.local/lib/python3.12/site-packages/airflow/example_dags/example_dynamic_task_mapping.py for tasks to queue
[2026-05-19T08:35:51.831+0000] {logging_mixin.py:188} INFO - [2026-05-19T08:35:51.830+0000] {dagbag.py:545} INFO - Filling up the DagBag from /home/airflow/.local/lib/python3.12/site-packages/airflow/example_dags/example_dynamic_task_mapping.py
[2026-05-19T08:35:51.845+0000] {processor.py:840} INFO - DAG(s) 'example_dynamic_task_mapping' retrieved from /home/airflow/.local/lib/python3.12/site-packages/airflow/example_dags/example_dynamic_task_mapping.py
[2026-05-19T08:35:51.891+0000] {logging_mixin.py:188} INFO - [2026-05-19T08:35:51.891+0000] {dag.py:3089} INFO - Sync 1 DAGs
[2026-05-19T08:35:52.018+0000] {logging_mixin.py:188} INFO - [2026-05-19T08:35:52.017+0000] {dag.py:3947} INFO - Setting next_dagrun for example_dynamic_task_mapping to 2022-03-04 00:00:00+00:00, run_after=2022-03-05 00:00:00+00:00
[2026-05-19T08:35:52.091+0000] {processor.py:183} INFO - Processing /home/airflow/.local/lib/python3.12/site-packages/airflow/example_dags/example_dynamic_task_mapping.py took 0.279 seconds
[2026-05-19T08:36:23.076+0000] {processor.py:161} INFO - Started process (PID=4358) to work on /home/airflow/.local/lib/python3.12/site-packages/airflow/example_dags/example_dynamic_task_mapping.py
[2026-05-19T08:36:23.081+0000] {processor.py:830} INFO - Processing file /home/airflow/.local/lib/python3.12/site-packages/airflow/example_dags/example_dynamic_task_mapping.py for tasks to queue
[2026-05-19T08:36:23.089+0000] {logging_mixin.py:188} INFO - [2026-05-19T08:36:23.087+0000] {dagbag.py:545} INFO - Filling up the DagBag from /home/airflow/.local/lib/python3.12/site-packages/airflow/example_dags/example_dynamic_task_mapping.py
[2026-05-19T08:36:23.118+0000] {processor.py:840} INFO - DAG(s) 'example_dynamic_task_mapping' retrieved from /home/airflow/.local/lib/python3.12/site-packages/airflow/example_dags/example_dynamic_task_mapping.py
[2026-05-19T08:36:23.190+0000] {logging_mixin.py:188} INFO - [2026-05-19T08:36:23.189+0000] {dag.py:3089} INFO - Sync 1 DAGs
[2026-05-19T08:36:23.271+0000] {logging_mixin.py:188} INFO - [2026-05-19T08:36:23.270+0000] {dag.py:3947} INFO - Setting next_dagrun for example_dynamic_task_mapping to 2022-03-04 00:00:00+00:00, run_after=2022-03-05 00:00:00+00:00
[2026-05-19T08:36:23.375+0000] {processor.py:183} INFO - Processing /home/airflow/.local/lib/python3.12/site-packages/airflow/example_dags/example_dynamic_task_mapping.py took 0.316 seconds
[2026-05-19T08:36:53.897+0000] {processor.py:161} INFO - Started process (PID=4417) to work on /home/airflow/.local/lib/python3.12/site-packages/airflow/example_dags/example_dynamic_task_mapping.py
[2026-05-19T08:36:53.905+0000] {processor.py:830} INFO - Processing file /home/airflow/.local/lib/python3.12/site-packages/airflow/example_dags/example_dynamic_task_mapping.py for tasks to queue
[2026-05-19T08:36:53.912+0000] {logging_mixin.py:188} INFO - [2026-05-19T08:36:53.911+0000] {dagbag.py:545} INFO - Filling up the DagBag from /home/airflow/.local/lib/python3.12/site-packages/airflow/example_dags/example_dynamic_task_mapping.py
[2026-05-19T08:36:53.939+0000] {processor.py:840} INFO - DAG(s) 'example_dynamic_task_mapping' retrieved from /home/airflow/.local/lib/python3.12/site-packages/airflow/example_dags/example_dynamic_task_mapping.py
[2026-05-19T08:36:54.028+0000] {logging_mixin.py:188} INFO - [2026-05-19T08:36:54.028+0000] {dag.py:3089} INFO - Sync 1 DAGs
[2026-05-19T08:36:54.098+0000] {logging_mixin.py:188} INFO - [2026-05-19T08:36:54.097+0000] {dag.py:3947} INFO - Setting next_dagrun for example_dynamic_task_mapping to 2022-03-04 00:00:00+00:00, run_after=2022-03-05 00:00:00+00:00
[2026-05-19T08:36:54.159+0000] {processor.py:183} INFO - Processing /home/airflow/.local/lib/python3.12/site-packages/airflow/example_dags/example_dynamic_task_mapping.py took 0.284 seconds
[2026-05-19T08:37:24.536+0000] {processor.py:161} INFO - Started process (PID=4476) to work on /home/airflow/.local/lib/python3.12/site-packages/airflow/example_dags/example_dynamic_task_mapping.py
[2026-05-19T08:37:24.540+0000] {processor.py:830} INFO - Processing file /home/airflow/.local/lib/python3.12/site-packages/airflow/example_dags/example_dynamic_task_mapping.py for tasks to queue
[2026-05-19T08:37:24.546+0000] {logging_mixin.py:188} INFO - [2026-05-19T08:37:24.545+0000] {dagbag.py:545} INFO - Filling up the DagBag from /home/airflow/.local/lib/python3.12/site-packages/airflow/example_dags/example_dynamic_task_mapping.py
[2026-05-19T08:37:24.587+0000] {processor.py:840} INFO - DAG(s) 'example_dynamic_task_mapping' retrieved from /home/airflow/.local/lib/python3.12/site-packages/airflow/example_dags/example_dynamic_task_mapping.py
[2026-05-19T08:37:24.703+0000] {logging_mixin.py:188} INFO - [2026-05-19T08:37:24.702+0000] {dag.py:3089} INFO - Sync 1 DAGs
[2026-05-19T08:37:24.782+0000] {logging_mixin.py:188} INFO - [2026-05-19T08:37:24.781+0000] {dag.py:3947} INFO - Setting next_dagrun for example_dynamic_task_mapping to 2022-03-04 00:00:00+00:00, run_after=2022-03-05 00:00:00+00:00
[2026-05-19T08:37:24.863+0000] {processor.py:183} INFO - Processing /home/airflow/.local/lib/python3.12/site-packages/airflow/example_dags/example_dynamic_task_mapping.py took 0.346 seconds
[2026-05-19T08:37:55.528+0000] {processor.py:161} INFO - Started process (PID=4535) to work on /home/airflow/.local/lib/python3.12/site-packages/airflow/example_dags/example_dynamic_task_mapping.py
[2026-05-19T08:37:55.543+0000] {processor.py:830} INFO - Processing file /home/airflow/.local/lib/python3.12/site-packages/airflow/example_dags/example_dynamic_task_mapping.py for tasks to queue
[2026-05-19T08:37:55.562+0000] {logging_mixin.py:188} INFO - [2026-05-19T08:37:55.552+0000] {dagbag.py:545} INFO - Filling up the DagBag from /home/airflow/.local/lib/python3.12/site-packages/airflow/example_dags/example_dynamic_task_mapping.py
[2026-05-19T08:37:55.627+0000] {processor.py:840} INFO - DAG(s) 'example_dynamic_task_mapping' retrieved from /home/airflow/.local/lib/python3.12/site-packages/airflow/example_dags/example_dynamic_task_mapping.py
[2026-05-19T08:37:55.736+0000] {logging_mixin.py:188} INFO - [2026-05-19T08:37:55.735+0000] {dag.py:3089} INFO - Sync 1 DAGs
[2026-05-19T08:37:55.817+0000] {logging_mixin.py:188} INFO - [2026-05-19T08:37:55.816+0000] {dag.py:3947} INFO - Setting next_dagrun for example_dynamic_task_mapping to 2022-03-04 00:00:00+00:00, run_after=2022-03-05 00:00:00+00:00
[2026-05-19T08:37:55.920+0000] {processor.py:183} INFO - Processing /home/airflow/.local/lib/python3.12/site-packages/airflow/example_dags/example_dynamic_task_mapping.py took 0.454 seconds
[2026-05-19T08:38:28.445+0000] {processor.py:161} INFO - Started process (PID=4600) to work on /home/airflow/.local/lib/python3.12/site-packages/airflow/example_dags/example_dynamic_task_mapping.py
[2026-05-19T08:38:28.450+0000] {processor.py:830} INFO - Processing file /home/airflow/.local/lib/python3.12/site-packages/airflow/example_dags/example_dynamic_task_mapping.py for tasks to queue
[2026-05-19T08:38:28.460+0000] {logging_mixin.py:188} INFO - [2026-05-19T08:38:28.458+0000] {dagbag.py:545} INFO - Filling up the DagBag from /home/airflow/.local/lib/python3.12/site-packages/airflow/example_dags/example_dynamic_task_mapping.py
[2026-05-19T08:38:28.506+0000] {processor.py:840} INFO - DAG(s) 'example_dynamic_task_mapping' retrieved from /home/airflow/.local/lib/python3.12/site-packages/airflow/example_dags/example_dynamic_task_mapping.py
[2026-05-19T08:38:28.691+0000] {logging_mixin.py:188} INFO - [2026-05-19T08:38:28.690+0000] {dag.py:3089} INFO - Sync 1 DAGs
[2026-05-19T08:38:28.857+0000] {logging_mixin.py:188} INFO - [2026-05-19T08:38:28.856+0000] {dag.py:3947} INFO - Setting next_dagrun for example_dynamic_task_mapping to 2022-03-04 00:00:00+00:00, run_after=2022-03-05 00:00:00+00:00
[2026-05-19T08:38:28.941+0000] {processor.py:183} INFO - Processing /home/airflow/.local/lib/python3.12/site-packages/airflow/example_dags/example_dynamic_task_mapping.py took 0.552 seconds
[2026-05-19T08:38:59.304+0000] {processor.py:161} INFO - Started process (PID=4659) to work on /home/airflow/.local/lib/python3.12/site-packages/airflow/example_dags/example_dynamic_task_mapping.py
[2026-05-19T08:38:59.307+0000] {processor.py:830} INFO - Processing file /home/airflow/.local/lib/python3.12/site-packages/airflow/example_dags/example_dynamic_task_mapping.py for tasks to queue
[2026-05-19T08:38:59.312+0000] {logging_mixin.py:188} INFO - [2026-05-19T08:38:59.311+0000] {dagbag.py:545} INFO - Filling up the DagBag from /home/airflow/.local/lib/python3.12/site-packages/airflow/example_dags/example_dynamic_task_mapping.py
[2026-05-19T08:38:59.328+0000] {processor.py:840} INFO - DAG(s) 'example_dynamic_task_mapping' retrieved from /home/airflow/.local/lib/python3.12/site-packages/airflow/example_dags/example_dynamic_task_mapping.py
[2026-05-19T08:38:59.380+0000] {logging_mixin.py:188} INFO - [2026-05-19T08:38:59.380+0000] {dag.py:3089} INFO - Sync 1 DAGs
[2026-05-19T08:38:59.432+0000] {logging_mixin.py:188} INFO - [2026-05-19T08:38:59.432+0000] {dag.py:3947} INFO - Setting next_dagrun for example_dynamic_task_mapping to 2022-03-04 00:00:00+00:00, run_after=2022-03-05 00:00:00+00:00
[2026-05-19T08:38:59.475+0000] {processor.py:183} INFO - Processing /home/airflow/.local/lib/python3.12/site-packages/airflow/example_dags/example_dynamic_task_mapping.py took 0.184 seconds
[2026-05-19T08:39:29.999+0000] {processor.py:161} INFO - Started process (PID=4718) to work on /home/airflow/.local/lib/python3.12/site-packages/airflow/example_dags/example_dynamic_task_mapping.py
[2026-05-19T08:39:30.005+0000] {processor.py:830} INFO - Processing file /home/airflow/.local/lib/python3.12/site-packages/airflow/example_dags/example_dynamic_task_mapping.py for tasks to queue
[2026-05-19T08:39:30.013+0000] {logging_mixin.py:188} INFO - [2026-05-19T08:39:30.012+0000] {dagbag.py:545} INFO - Filling up the DagBag from /home/airflow/.local/lib/python3.12/site-packages/airflow/example_dags/example_dynamic_task_mapping.py
[2026-05-19T08:39:30.044+0000] {processor.py:840} INFO - DAG(s) 'example_dynamic_task_mapping' retrieved from /home/airflow/.local/lib/python3.12/site-packages/airflow/example_dags/example_dynamic_task_mapping.py
[2026-05-19T08:39:30.109+0000] {logging_mixin.py:188} INFO - [2026-05-19T08:39:30.109+0000] {dag.py:3089} INFO - Sync 1 DAGs
[2026-05-19T08:39:30.177+0000] {logging_mixin.py:188} INFO - [2026-05-19T08:39:30.176+0000] {dag.py:3947} INFO - Setting next_dagrun for example_dynamic_task_mapping to 2022-03-04 00:00:00+00:00, run_after=2022-03-05 00:00:00+00:00
[2026-05-19T08:39:30.255+0000] {processor.py:183} INFO - Processing /home/airflow/.local/lib/python3.12/site-packages/airflow/example_dags/example_dynamic_task_mapping.py took 0.275 seconds
[2026-05-19T08:40:02.979+0000] {processor.py:161} INFO - Started process (PID=4778) to work on /home/airflow/.local/lib/python3.12/site-packages/airflow/example_dags/example_dynamic_task_mapping.py
[2026-05-19T08:40:02.986+0000] {processor.py:830} INFO - Processing file /home/airflow/.local/lib/python3.12/site-packages/airflow/example_dags/example_dynamic_task_mapping.py for tasks to queue
[2026-05-19T08:40:03.001+0000] {logging_mixin.py:188} INFO - [2026-05-19T08:40:02.999+0000] {dagbag.py:545} INFO - Filling up the DagBag from /home/airflow/.local/lib/python3.12/site-packages/airflow/example_dags/example_dynamic_task_mapping.py
[2026-05-19T08:40:03.031+0000] {processor.py:840} INFO - DAG(s) 'example_dynamic_task_mapping' retrieved from /home/airflow/.local/lib/python3.12/site-packages/airflow/example_dags/example_dynamic_task_mapping.py
[2026-05-19T08:40:03.112+0000] {logging_mixin.py:188} INFO - [2026-05-19T08:40:03.110+0000] {dag.py:3089} INFO - Sync 1 DAGs
[2026-05-19T08:40:03.247+0000] {logging_mixin.py:188} INFO - [2026-05-19T08:40:03.247+0000] {dag.py:3947} INFO - Setting next_dagrun for example_dynamic_task_mapping to 2022-03-04 00:00:00+00:00, run_after=2022-03-05 00:00:00+00:00
[2026-05-19T08:40:03.308+0000] {processor.py:183} INFO - Processing /home/airflow/.local/lib/python3.12/site-packages/airflow/example_dags/example_dynamic_task_mapping.py took 0.394 seconds
[2026-05-19T08:40:37.153+0000] {processor.py:161} INFO - Started process (PID=4837) to work on /home/airflow/.local/lib/python3.12/site-packages/airflow/example_dags/example_dynamic_task_mapping.py
[2026-05-19T08:40:37.169+0000] {processor.py:830} INFO - Processing file /home/airflow/.local/lib/python3.12/site-packages/airflow/example_dags/example_dynamic_task_mapping.py for tasks to queue
[2026-05-19T08:40:37.200+0000] {logging_mixin.py:188} INFO - [2026-05-19T08:40:37.198+0000] {dagbag.py:545} INFO - Filling up the DagBag from /home/airflow/.local/lib/python3.12/site-packages/airflow/example_dags/example_dynamic_task_mapping.py
[2026-05-19T08:40:37.250+0000] {processor.py:840} INFO - DAG(s) 'example_dynamic_task_mapping' retrieved from /home/airflow/.local/lib/python3.12/site-packages/airflow/example_dags/example_dynamic_task_mapping.py
[2026-05-19T08:40:37.426+0000] {logging_mixin.py:188} INFO - [2026-05-19T08:40:37.424+0000] {dag.py:3089} INFO - Sync 1 DAGs
[2026-05-19T08:40:37.583+0000] {logging_mixin.py:188} INFO - [2026-05-19T08:40:37.582+0000] {dag.py:3947} INFO - Setting next_dagrun for example_dynamic_task_mapping to 2022-03-04 00:00:00+00:00, run_after=2022-03-05 00:00:00+00:00
[2026-05-19T08:40:37.653+0000] {processor.py:183} INFO - Processing /home/airflow/.local/lib/python3.12/site-packages/airflow/example_dags/example_dynamic_task_mapping.py took 0.530 seconds
[2026-05-19T08:41:09.021+0000] {processor.py:161} INFO - Started process (PID=4897) to work on /home/airflow/.local/lib/python3.12/site-packages/airflow/example_dags/example_dynamic_task_mapping.py
[2026-05-19T08:41:09.034+0000] {processor.py:830} INFO - Processing file /home/airflow/.local/lib/python3.12/site-packages/airflow/example_dags/example_dynamic_task_mapping.py for tasks to queue
[2026-05-19T08:41:09.061+0000] {logging_mixin.py:188} INFO - [2026-05-19T08:41:09.060+0000] {dagbag.py:545} INFO - Filling up the DagBag from /home/airflow/.local/lib/python3.12/site-packages/airflow/example_dags/example_dynamic_task_mapping.py
[2026-05-19T08:41:09.111+0000] {processor.py:840} INFO - DAG(s) 'example_dynamic_task_mapping' retrieved from /home/airflow/.local/lib/python3.12/site-packages/airflow/example_dags/example_dynamic_task_mapping.py
[2026-05-19T08:41:09.199+0000] {logging_mixin.py:188} INFO - [2026-05-19T08:41:09.198+0000] {dag.py:3089} INFO - Sync 1 DAGs
[2026-05-19T08:41:09.341+0000] {logging_mixin.py:188} INFO - [2026-05-19T08:41:09.339+0000] {dag.py:3947} INFO - Setting next_dagrun for example_dynamic_task_mapping to 2022-03-04 00:00:00+00:00, run_after=2022-03-05 00:00:00+00:00
[2026-05-19T08:41:09.403+0000] {processor.py:183} INFO - Processing /home/airflow/.local/lib/python3.12/site-packages/airflow/example_dags/example_dynamic_task_mapping.py took 0.442 seconds
[2026-05-19T08:41:40.138+0000] {processor.py:161} INFO - Started process (PID=4954) to work on /home/airflow/.local/lib/python3.12/site-packages/airflow/example_dags/example_dynamic_task_mapping.py
[2026-05-19T08:41:40.142+0000] {processor.py:830} INFO - Processing file /home/airflow/.local/lib/python3.12/site-packages/airflow/example_dags/example_dynamic_task_mapping.py for tasks to queue
[2026-05-19T08:41:40.149+0000] {logging_mixin.py:188} INFO - [2026-05-19T08:41:40.148+0000] {dagbag.py:545} INFO - Filling up the DagBag from /home/airflow/.local/lib/python3.12/site-packages/airflow/example_dags/example_dynamic_task_mapping.py
[2026-05-19T08:41:40.171+0000] {processor.py:840} INFO - DAG(s) 'example_dynamic_task_mapping' retrieved from /home/airflow/.local/lib/python3.12/site-packages/airflow/example_dags/example_dynamic_task_mapping.py
[2026-05-19T08:41:40.265+0000] {logging_mixin.py:188} INFO - [2026-05-19T08:41:40.264+0000] {dag.py:3089} INFO - Sync 1 DAGs
[2026-05-19T08:41:40.502+0000] {logging_mixin.py:188} INFO - [2026-05-19T08:41:40.500+0000] {dag.py:3947} INFO - Setting next_dagrun for example_dynamic_task_mapping to 2022-03-04 00:00:00+00:00, run_after=2022-03-05 00:00:00+00:00
[2026-05-19T08:41:40.627+0000] {processor.py:183} INFO - Processing /home/airflow/.local/lib/python3.12/site-packages/airflow/example_dags/example_dynamic_task_mapping.py took 0.512 seconds
[2026-05-19T08:42:10.921+0000] {processor.py:161} INFO - Started process (PID=5012) to work on /home/airflow/.local/lib/python3.12/site-packages/airflow/example_dags/example_dynamic_task_mapping.py
[2026-05-19T08:42:10.927+0000] {processor.py:830} INFO - Processing file /home/airflow/.local/lib/python3.12/site-packages/airflow/example_dags/example_dynamic_task_mapping.py for tasks to queue
[2026-05-19T08:42:10.933+0000] {logging_mixin.py:188} INFO - [2026-05-19T08:42:10.932+0000] {dagbag.py:545} INFO - Filling up the DagBag from /home/airflow/.local/lib/python3.12/site-packages/airflow/example_dags/example_dynamic_task_mapping.py
[2026-05-19T08:42:10.954+0000] {processor.py:840} INFO - DAG(s) 'example_dynamic_task_mapping' retrieved from /home/airflow/.local/lib/python3.12/site-packages/airflow/example_dags/example_dynamic_task_mapping.py
[2026-05-19T08:42:11.021+0000] {logging_mixin.py:188} INFO - [2026-05-19T08:42:11.018+0000] {dag.py:3089} INFO - Sync 1 DAGs
[2026-05-19T08:42:11.121+0000] {logging_mixin.py:188} INFO - [2026-05-19T08:42:11.120+0000] {dag.py:3947} INFO - Setting next_dagrun for example_dynamic_task_mapping to 2022-03-04 00:00:00+00:00, run_after=2022-03-05 00:00:00+00:00
[2026-05-19T08:42:11.185+0000] {processor.py:183} INFO - Processing /home/airflow/.local/lib/python3.12/site-packages/airflow/example_dags/example_dynamic_task_mapping.py took 0.287 seconds
[2026-05-19T08:42:42.024+0000] {processor.py:161} INFO - Started process (PID=5072) to work on /home/airflow/.local/lib/python3.12/site-packages/airflow/example_dags/example_dynamic_task_mapping.py
[2026-05-19T08:42:42.027+0000] {processor.py:830} INFO - Processing file /home/airflow/.local/lib/python3.12/site-packages/airflow/example_dags/example_dynamic_task_mapping.py for tasks to queue
[2026-05-19T08:42:42.035+0000] {logging_mixin.py:188} INFO - [2026-05-19T08:42:42.034+0000] {dagbag.py:545} INFO - Filling up the DagBag from /home/airflow/.local/lib/python3.12/site-packages/airflow/example_dags/example_dynamic_task_mapping.py
[2026-05-19T08:42:42.069+0000] {processor.py:840} INFO - DAG(s) 'example_dynamic_task_mapping' retrieved from /home/airflow/.local/lib/python3.12/site-packages/airflow/example_dags/example_dynamic_task_mapping.py
[2026-05-19T08:42:42.142+0000] {logging_mixin.py:188} INFO - [2026-05-19T08:42:42.140+0000] {dag.py:3089} INFO - Sync 1 DAGs
[2026-05-19T08:42:42.229+0000] {logging_mixin.py:188} INFO - [2026-05-19T08:42:42.228+0000] {dag.py:3947} INFO - Setting next_dagrun for example_dynamic_task_mapping to 2022-03-04 00:00:00+00:00, run_after=2022-03-05 00:00:00+00:00
[2026-05-19T08:42:42.403+0000] {processor.py:183} INFO - Processing /home/airflow/.local/lib/python3.12/site-packages/airflow/example_dags/example_dynamic_task_mapping.py took 0.402 seconds
[2026-05-19T08:43:15.517+0000] {processor.py:161} INFO - Started process (PID=5133) to work on /home/airflow/.local/lib/python3.12/site-packages/airflow/example_dags/example_dynamic_task_mapping.py
[2026-05-19T08:43:15.522+0000] {processor.py:830} INFO - Processing file /home/airflow/.local/lib/python3.12/site-packages/airflow/example_dags/example_dynamic_task_mapping.py for tasks to queue
[2026-05-19T08:43:15.537+0000] {logging_mixin.py:188} INFO - [2026-05-19T08:43:15.536+0000] {dagbag.py:545} INFO - Filling up the DagBag from /home/airflow/.local/lib/python3.12/site-packages/airflow/example_dags/example_dynamic_task_mapping.py
[2026-05-19T08:43:15.557+0000] {processor.py:840} INFO - DAG(s) 'example_dynamic_task_mapping' retrieved from /home/airflow/.local/lib/python3.12/site-packages/airflow/example_dags/example_dynamic_task_mapping.py
[2026-05-19T08:43:15.663+0000] {logging_mixin.py:188} INFO - [2026-05-19T08:43:15.662+0000] {dag.py:3089} INFO - Sync 1 DAGs
[2026-05-19T08:43:15.778+0000] {logging_mixin.py:188} INFO - [2026-05-19T08:43:15.777+0000] {dag.py:3947} INFO - Setting next_dagrun for example_dynamic_task_mapping to 2022-03-04 00:00:00+00:00, run_after=2022-03-05 00:00:00+00:00
[2026-05-19T08:43:15.839+0000] {processor.py:183} INFO - Processing /home/airflow/.local/lib/python3.12/site-packages/airflow/example_dags/example_dynamic_task_mapping.py took 0.343 seconds
[2026-05-19T08:43:46.557+0000] {processor.py:161} INFO - Started process (PID=5191) to work on /home/airflow/.local/lib/python3.12/site-packages/airflow/example_dags/example_dynamic_task_mapping.py
[2026-05-19T08:43:46.563+0000] {processor.py:830} INFO - Processing file /home/airflow/.local/lib/python3.12/site-packages/airflow/example_dags/example_dynamic_task_mapping.py for tasks to queue
[2026-05-19T08:43:46.587+0000] {logging_mixin.py:188} INFO - [2026-05-19T08:43:46.586+0000] {dagbag.py:545} INFO - Filling up the DagBag from /home/airflow/.local/lib/python3.12/site-packages/airflow/example_dags/example_dynamic_task_mapping.py
[2026-05-19T08:43:46.611+0000] {processor.py:840} INFO - DAG(s) 'example_dynamic_task_mapping' retrieved from /home/airflow/.local/lib/python3.12/site-packages/airflow/example_dags/example_dynamic_task_mapping.py
[2026-05-19T08:43:46.667+0000] {logging_mixin.py:188} INFO - [2026-05-19T08:43:46.666+0000] {dag.py:3089} INFO - Sync 1 DAGs
[2026-05-19T08:43:46.753+0000] {logging_mixin.py:188} INFO - [2026-05-19T08:43:46.752+0000] {dag.py:3947} INFO - Setting next_dagrun for example_dynamic_task_mapping to 2022-03-04 00:00:00+00:00, run_after=2022-03-05 00:00:00+00:00
[2026-05-19T08:43:46.822+0000] {processor.py:183} INFO - Processing /home/airflow/.local/lib/python3.12/site-packages/airflow/example_dags/example_dynamic_task_mapping.py took 0.288 seconds
[2026-05-19T08:44:17.217+0000] {processor.py:161} INFO - Started process (PID=5251) to work on /home/airflow/.local/lib/python3.12/site-packages/airflow/example_dags/example_dynamic_task_mapping.py
[2026-05-19T08:44:17.221+0000] {processor.py:830} INFO - Processing file /home/airflow/.local/lib/python3.12/site-packages/airflow/example_dags/example_dynamic_task_mapping.py for tasks to queue
[2026-05-19T08:44:17.230+0000] {logging_mixin.py:188} INFO - [2026-05-19T08:44:17.229+0000] {dagbag.py:545} INFO - Filling up the DagBag from /home/airflow/.local/lib/python3.12/site-packages/airflow/example_dags/example_dynamic_task_mapping.py
[2026-05-19T08:44:17.252+0000] {processor.py:840} INFO - DAG(s) 'example_dynamic_task_mapping' retrieved from /home/airflow/.local/lib/python3.12/site-packages/airflow/example_dags/example_dynamic_task_mapping.py
[2026-05-19T08:44:17.351+0000] {logging_mixin.py:188} INFO - [2026-05-19T08:44:17.350+0000] {dag.py:3089} INFO - Sync 1 DAGs
[2026-05-19T08:44:17.501+0000] {logging_mixin.py:188} INFO - [2026-05-19T08:44:17.500+0000] {dag.py:3947} INFO - Setting next_dagrun for example_dynamic_task_mapping to 2022-03-04 00:00:00+00:00, run_after=2022-03-05 00:00:00+00:00
[2026-05-19T08:44:17.575+0000] {processor.py:183} INFO - Processing /home/airflow/.local/lib/python3.12/site-packages/airflow/example_dags/example_dynamic_task_mapping.py took 0.378 seconds
[2026-05-19T08:44:47.694+0000] {processor.py:161} INFO - Started process (PID=5311) to work on /home/airflow/.local/lib/python3.12/site-packages/airflow/example_dags/example_dynamic_task_mapping.py
[2026-05-19T08:44:47.697+0000] {processor.py:830} INFO - Processing file /home/airflow/.local/lib/python3.12/site-packages/airflow/example_dags/example_dynamic_task_mapping.py for tasks to queue
[2026-05-19T08:44:47.704+0000] {logging_mixin.py:188} INFO - [2026-05-19T08:44:47.703+0000] {dagbag.py:545} INFO - Filling up the DagBag from /home/airflow/.local/lib/python3.12/site-packages/airflow/example_dags/example_dynamic_task_mapping.py
[2026-05-19T08:44:47.722+0000] {processor.py:840} INFO - DAG(s) 'example_dynamic_task_mapping' retrieved from /home/airflow/.local/lib/python3.12/site-packages/airflow/example_dags/example_dynamic_task_mapping.py
[2026-05-19T08:44:47.783+0000] {logging_mixin.py:188} INFO - [2026-05-19T08:44:47.782+0000] {dag.py:3089} INFO - Sync 1 DAGs
[2026-05-19T08:44:47.839+0000] {logging_mixin.py:188} INFO - [2026-05-19T08:44:47.838+0000] {dag.py:3947} INFO - Setting next_dagrun for example_dynamic_task_mapping to 2022-03-04 00:00:00+00:00, run_after=2022-03-05 00:00:00+00:00
[2026-05-19T08:44:47.904+0000] {processor.py:183} INFO - Processing /home/airflow/.local/lib/python3.12/site-packages/airflow/example_dags/example_dynamic_task_mapping.py took 0.226 seconds
[2026-05-19T08:45:19.069+0000] {processor.py:161} INFO - Started process (PID=5371) to work on /home/airflow/.local/lib/python3.12/site-packages/airflow/example_dags/example_dynamic_task_mapping.py
[2026-05-19T08:45:19.071+0000] {processor.py:830} INFO - Processing file /home/airflow/.local/lib/python3.12/site-packages/airflow/example_dags/example_dynamic_task_mapping.py for tasks to queue
[2026-05-19T08:45:19.075+0000] {logging_mixin.py:188} INFO - [2026-05-19T08:45:19.075+0000] {dagbag.py:545} INFO - Filling up the DagBag from /home/airflow/.local/lib/python3.12/site-packages/airflow/example_dags/example_dynamic_task_mapping.py
[2026-05-19T08:45:19.093+0000] {processor.py:840} INFO - DAG(s) 'example_dynamic_task_mapping' retrieved from /home/airflow/.local/lib/python3.12/site-packages/airflow/example_dags/example_dynamic_task_mapping.py
[2026-05-19T08:45:19.133+0000] {logging_mixin.py:188} INFO - [2026-05-19T08:45:19.133+0000] {dag.py:3089} INFO - Sync 1 DAGs
[2026-05-19T08:45:19.186+0000] {logging_mixin.py:188} INFO - [2026-05-19T08:45:19.186+0000] {dag.py:3947} INFO - Setting next_dagrun for example_dynamic_task_mapping to 2022-03-04 00:00:00+00:00, run_after=2022-03-05 00:00:00+00:00
[2026-05-19T08:45:19.266+0000] {processor.py:183} INFO - Processing /home/airflow/.local/lib/python3.12/site-packages/airflow/example_dags/example_dynamic_task_mapping.py took 0.214 seconds
[2026-05-19T08:45:49.978+0000] {processor.py:161} INFO - Started process (PID=5431) to work on /home/airflow/.local/lib/python3.12/site-packages/airflow/example_dags/example_dynamic_task_mapping.py
[2026-05-19T08:45:49.982+0000] {processor.py:830} INFO - Processing file /home/airflow/.local/lib/python3.12/site-packages/airflow/example_dags/example_dynamic_task_mapping.py for tasks to queue
[2026-05-19T08:45:49.988+0000] {logging_mixin.py:188} INFO - [2026-05-19T08:45:49.987+0000] {dagbag.py:545} INFO - Filling up the DagBag from /home/airflow/.local/lib/python3.12/site-packages/airflow/example_dags/example_dynamic_task_mapping.py
[2026-05-19T08:45:50.006+0000] {processor.py:840} INFO - DAG(s) 'example_dynamic_task_mapping' retrieved from /home/airflow/.local/lib/python3.12/site-packages/airflow/example_dags/example_dynamic_task_mapping.py
[2026-05-19T08:45:50.060+0000] {logging_mixin.py:188} INFO - [2026-05-19T08:45:50.060+0000] {dag.py:3089} INFO - Sync 1 DAGs
[2026-05-19T08:45:50.117+0000] {logging_mixin.py:188} INFO - [2026-05-19T08:45:50.116+0000] {dag.py:3947} INFO - Setting next_dagrun for example_dynamic_task_mapping to 2022-03-04 00:00:00+00:00, run_after=2022-03-05 00:00:00+00:00
[2026-05-19T08:45:50.181+0000] {processor.py:183} INFO - Processing /home/airflow/.local/lib/python3.12/site-packages/airflow/example_dags/example_dynamic_task_mapping.py took 0.222 seconds
[2026-05-19T08:46:20.617+0000] {processor.py:161} INFO - Started process (PID=5491) to work on /home/airflow/.local/lib/python3.12/site-packages/airflow/example_dags/example_dynamic_task_mapping.py
[2026-05-19T08:46:20.620+0000] {processor.py:830} INFO - Processing file /home/airflow/.local/lib/python3.12/site-packages/airflow/example_dags/example_dynamic_task_mapping.py for tasks to queue
[2026-05-19T08:46:20.626+0000] {logging_mixin.py:188} INFO - [2026-05-19T08:46:20.625+0000] {dagbag.py:545} INFO - Filling up the DagBag from /home/airflow/.local/lib/python3.12/site-packages/airflow/example_dags/example_dynamic_task_mapping.py
[2026-05-19T08:46:20.645+0000] {processor.py:840} INFO - DAG(s) 'example_dynamic_task_mapping' retrieved from /home/airflow/.local/lib/python3.12/site-packages/airflow/example_dags/example_dynamic_task_mapping.py
[2026-05-19T08:46:20.702+0000] {logging_mixin.py:188} INFO - [2026-05-19T08:46:20.701+0000] {dag.py:3089} INFO - Sync 1 DAGs
[2026-05-19T08:46:20.760+0000] {logging_mixin.py:188} INFO - [2026-05-19T08:46:20.760+0000] {dag.py:3947} INFO - Setting next_dagrun for example_dynamic_task_mapping to 2022-03-04 00:00:00+00:00, run_after=2022-03-05 00:00:00+00:00
[2026-05-19T08:46:20.816+0000] {processor.py:183} INFO - Processing /home/airflow/.local/lib/python3.12/site-packages/airflow/example_dags/example_dynamic_task_mapping.py took 0.216 seconds
[2026-05-19T08:46:51.574+0000] {processor.py:161} INFO - Started process (PID=5550) to work on /home/airflow/.local/lib/python3.12/site-packages/airflow/example_dags/example_dynamic_task_mapping.py
[2026-05-19T08:46:51.578+0000] {processor.py:830} INFO - Processing file /home/airflow/.local/lib/python3.12/site-packages/airflow/example_dags/example_dynamic_task_mapping.py for tasks to queue
[2026-05-19T08:46:51.585+0000] {logging_mixin.py:188} INFO - [2026-05-19T08:46:51.584+0000] {dagbag.py:545} INFO - Filling up the DagBag from /home/airflow/.local/lib/python3.12/site-packages/airflow/example_dags/example_dynamic_task_mapping.py
[2026-05-19T08:46:51.615+0000] {processor.py:840} INFO - DAG(s) 'example_dynamic_task_mapping' retrieved from /home/airflow/.local/lib/python3.12/site-packages/airflow/example_dags/example_dynamic_task_mapping.py
[2026-05-19T08:46:51.675+0000] {logging_mixin.py:188} INFO - [2026-05-19T08:46:51.674+0000] {dag.py:3089} INFO - Sync 1 DAGs
[2026-05-19T08:46:51.749+0000] {logging_mixin.py:188} INFO - [2026-05-19T08:46:51.748+0000] {dag.py:3947} INFO - Setting next_dagrun for example_dynamic_task_mapping to 2022-03-04 00:00:00+00:00, run_after=2022-03-05 00:00:00+00:00
[2026-05-19T08:46:51.826+0000] {processor.py:183} INFO - Processing /home/airflow/.local/lib/python3.12/site-packages/airflow/example_dags/example_dynamic_task_mapping.py took 0.275 seconds
[2026-05-19T08:47:22.406+0000] {processor.py:161} INFO - Started process (PID=5609) to work on /home/airflow/.local/lib/python3.12/site-packages/airflow/example_dags/example_dynamic_task_mapping.py
[2026-05-19T08:47:22.412+0000] {processor.py:830} INFO - Processing file /home/airflow/.local/lib/python3.12/site-packages/airflow/example_dags/example_dynamic_task_mapping.py for tasks to queue
[2026-05-19T08:47:22.420+0000] {logging_mixin.py:188} INFO - [2026-05-19T08:47:22.418+0000] {dagbag.py:545} INFO - Filling up the DagBag from /home/airflow/.local/lib/python3.12/site-packages/airflow/example_dags/example_dynamic_task_mapping.py
[2026-05-19T08:47:22.452+0000] {processor.py:840} INFO - DAG(s) 'example_dynamic_task_mapping' retrieved from /home/airflow/.local/lib/python3.12/site-packages/airflow/example_dags/example_dynamic_task_mapping.py
[2026-05-19T08:47:22.601+0000] {logging_mixin.py:188} INFO - [2026-05-19T08:47:22.599+0000] {dag.py:3089} INFO - Sync 1 DAGs
[2026-05-19T08:47:22.723+0000] {logging_mixin.py:188} INFO - [2026-05-19T08:47:22.722+0000] {dag.py:3947} INFO - Setting next_dagrun for example_dynamic_task_mapping to 2022-03-04 00:00:00+00:00, run_after=2022-03-05 00:00:00+00:00
[2026-05-19T08:47:22.810+0000] {processor.py:183} INFO - Processing /home/airflow/.local/lib/python3.12/site-packages/airflow/example_dags/example_dynamic_task_mapping.py took 0.424 seconds
[2026-05-19T08:47:53.670+0000] {processor.py:161} INFO - Started process (PID=5669) to work on /home/airflow/.local/lib/python3.12/site-packages/airflow/example_dags/example_dynamic_task_mapping.py
[2026-05-19T08:47:53.678+0000] {processor.py:830} INFO - Processing file /home/airflow/.local/lib/python3.12/site-packages/airflow/example_dags/example_dynamic_task_mapping.py for tasks to queue
[2026-05-19T08:47:53.702+0000] {logging_mixin.py:188} INFO - [2026-05-19T08:47:53.700+0000] {dagbag.py:545} INFO - Filling up the DagBag from /home/airflow/.local/lib/python3.12/site-packages/airflow/example_dags/example_dynamic_task_mapping.py
[2026-05-19T08:47:53.776+0000] {processor.py:840} INFO - DAG(s) 'example_dynamic_task_mapping' retrieved from /home/airflow/.local/lib/python3.12/site-packages/airflow/example_dags/example_dynamic_task_mapping.py
[2026-05-19T08:47:53.916+0000] {logging_mixin.py:188} INFO - [2026-05-19T08:47:53.913+0000] {dag.py:3089} INFO - Sync 1 DAGs
[2026-05-19T08:47:54.041+0000] {logging_mixin.py:188} INFO - [2026-05-19T08:47:54.040+0000] {dag.py:3947} INFO - Setting next_dagrun for example_dynamic_task_mapping to 2022-03-04 00:00:00+00:00, run_after=2022-03-05 00:00:00+00:00
[2026-05-19T08:47:54.173+0000] {processor.py:183} INFO - Processing /home/airflow/.local/lib/python3.12/site-packages/airflow/example_dags/example_dynamic_task_mapping.py took 0.537 seconds
[2026-05-19T08:48:24.612+0000] {processor.py:161} INFO - Started process (PID=5729) to work on /home/airflow/.local/lib/python3.12/site-packages/airflow/example_dags/example_dynamic_task_mapping.py
[2026-05-19T08:48:24.617+0000] {processor.py:830} INFO - Processing file /home/airflow/.local/lib/python3.12/site-packages/airflow/example_dags/example_dynamic_task_mapping.py for tasks to queue
[2026-05-19T08:48:24.624+0000] {logging_mixin.py:188} INFO - [2026-05-19T08:48:24.623+0000] {dagbag.py:545} INFO - Filling up the DagBag from /home/airflow/.local/lib/python3.12/site-packages/airflow/example_dags/example_dynamic_task_mapping.py
[2026-05-19T08:48:24.658+0000] {processor.py:840} INFO - DAG(s) 'example_dynamic_task_mapping' retrieved from /home/airflow/.local/lib/python3.12/site-packages/airflow/example_dags/example_dynamic_task_mapping.py
[2026-05-19T08:48:24.741+0000] {logging_mixin.py:188} INFO - [2026-05-19T08:48:24.740+0000] {dag.py:3089} INFO - Sync 1 DAGs
[2026-05-19T08:48:24.831+0000] {logging_mixin.py:188} INFO - [2026-05-19T08:48:24.830+0000] {dag.py:3947} INFO - Setting next_dagrun for example_dynamic_task_mapping to 2022-03-04 00:00:00+00:00, run_after=2022-03-05 00:00:00+00:00
[2026-05-19T08:48:24.911+0000] {processor.py:183} INFO - Processing /home/airflow/.local/lib/python3.12/site-packages/airflow/example_dags/example_dynamic_task_mapping.py took 0.325 seconds
[2026-05-19T08:48:55.254+0000] {processor.py:161} INFO - Started process (PID=5789) to work on /home/airflow/.local/lib/python3.12/site-packages/airflow/example_dags/example_dynamic_task_mapping.py
[2026-05-19T08:48:55.259+0000] {processor.py:830} INFO - Processing file /home/airflow/.local/lib/python3.12/site-packages/airflow/example_dags/example_dynamic_task_mapping.py for tasks to queue
[2026-05-19T08:48:55.266+0000] {logging_mixin.py:188} INFO - [2026-05-19T08:48:55.265+0000] {dagbag.py:545} INFO - Filling up the DagBag from /home/airflow/.local/lib/python3.12/site-packages/airflow/example_dags/example_dynamic_task_mapping.py
[2026-05-19T08:48:55.292+0000] {processor.py:840} INFO - DAG(s) 'example_dynamic_task_mapping' retrieved from /home/airflow/.local/lib/python3.12/site-packages/airflow/example_dags/example_dynamic_task_mapping.py
[2026-05-19T08:48:55.360+0000] {logging_mixin.py:188} INFO - [2026-05-19T08:48:55.359+0000] {dag.py:3089} INFO - Sync 1 DAGs
[2026-05-19T08:48:55.446+0000] {logging_mixin.py:188} INFO - [2026-05-19T08:48:55.444+0000] {dag.py:3947} INFO - Setting next_dagrun for example_dynamic_task_mapping to 2022-03-04 00:00:00+00:00, run_after=2022-03-05 00:00:00+00:00
[2026-05-19T08:48:55.527+0000] {processor.py:183} INFO - Processing /home/airflow/.local/lib/python3.12/site-packages/airflow/example_dags/example_dynamic_task_mapping.py took 0.351 seconds
[2026-05-19T08:49:25.964+0000] {processor.py:161} INFO - Started process (PID=5850) to work on /home/airflow/.local/lib/python3.12/site-packages/airflow/example_dags/example_dynamic_task_mapping.py
[2026-05-19T08:49:25.968+0000] {processor.py:830} INFO - Processing file /home/airflow/.local/lib/python3.12/site-packages/airflow/example_dags/example_dynamic_task_mapping.py for tasks to queue
[2026-05-19T08:49:25.975+0000] {logging_mixin.py:188} INFO - [2026-05-19T08:49:25.974+0000] {dagbag.py:545} INFO - Filling up the DagBag from /home/airflow/.local/lib/python3.12/site-packages/airflow/example_dags/example_dynamic_task_mapping.py
[2026-05-19T08:49:25.998+0000] {processor.py:840} INFO - DAG(s) 'example_dynamic_task_mapping' retrieved from /home/airflow/.local/lib/python3.12/site-packages/airflow/example_dags/example_dynamic_task_mapping.py
[2026-05-19T08:49:26.068+0000] {logging_mixin.py:188} INFO - [2026-05-19T08:49:26.067+0000] {dag.py:3089} INFO - Sync 1 DAGs
[2026-05-19T08:49:26.130+0000] {logging_mixin.py:188} INFO - [2026-05-19T08:49:26.129+0000] {dag.py:3947} INFO - Setting next_dagrun for example_dynamic_task_mapping to 2022-03-04 00:00:00+00:00, run_after=2022-03-05 00:00:00+00:00
[2026-05-19T08:49:26.188+0000] {processor.py:183} INFO - Processing /home/airflow/.local/lib/python3.12/site-packages/airflow/example_dags/example_dynamic_task_mapping.py took 0.245 seconds
[2026-05-19T08:49:56.880+0000] {processor.py:161} INFO - Started process (PID=5910) to work on /home/airflow/.local/lib/python3.12/site-packages/airflow/example_dags/example_dynamic_task_mapping.py
[2026-05-19T08:49:56.884+0000] {processor.py:830} INFO - Processing file /home/airflow/.local/lib/python3.12/site-packages/airflow/example_dags/example_dynamic_task_mapping.py for tasks to queue
[2026-05-19T08:49:56.892+0000] {logging_mixin.py:188} INFO - [2026-05-19T08:49:56.890+0000] {dagbag.py:545} INFO - Filling up the DagBag from /home/airflow/.local/lib/python3.12/site-packages/airflow/example_dags/example_dynamic_task_mapping.py
[2026-05-19T08:49:56.928+0000] {processor.py:840} INFO - DAG(s) 'example_dynamic_task_mapping' retrieved from /home/airflow/.local/lib/python3.12/site-packages/airflow/example_dags/example_dynamic_task_mapping.py
[2026-05-19T08:49:57.060+0000] {logging_mixin.py:188} INFO - [2026-05-19T08:49:57.059+0000] {dag.py:3089} INFO - Sync 1 DAGs
[2026-05-19T08:49:57.174+0000] {logging_mixin.py:188} INFO - [2026-05-19T08:49:57.173+0000] {dag.py:3947} INFO - Setting next_dagrun for example_dynamic_task_mapping to 2022-03-04 00:00:00+00:00, run_after=2022-03-05 00:00:00+00:00
[2026-05-19T08:49:57.298+0000] {processor.py:183} INFO - Processing /home/airflow/.local/lib/python3.12/site-packages/airflow/example_dags/example_dynamic_task_mapping.py took 0.441 seconds
[2026-05-19T08:50:28.439+0000] {processor.py:161} INFO - Started process (PID=5971) to work on /home/airflow/.local/lib/python3.12/site-packages/airflow/example_dags/example_dynamic_task_mapping.py
[2026-05-19T08:50:28.455+0000] {processor.py:830} INFO - Processing file /home/airflow/.local/lib/python3.12/site-packages/airflow/example_dags/example_dynamic_task_mapping.py for tasks to queue
[2026-05-19T08:50:28.481+0000] {logging_mixin.py:188} INFO - [2026-05-19T08:50:28.480+0000] {dagbag.py:545} INFO - Filling up the DagBag from /home/airflow/.local/lib/python3.12/site-packages/airflow/example_dags/example_dynamic_task_mapping.py
[2026-05-19T08:50:28.551+0000] {processor.py:840} INFO - DAG(s) 'example_dynamic_task_mapping' retrieved from /home/airflow/.local/lib/python3.12/site-packages/airflow/example_dags/example_dynamic_task_mapping.py
[2026-05-19T08:50:28.676+0000] {logging_mixin.py:188} INFO - [2026-05-19T08:50:28.675+0000] {dag.py:3089} INFO - Sync 1 DAGs
[2026-05-19T08:50:28.762+0000] {logging_mixin.py:188} INFO - [2026-05-19T08:50:28.761+0000] {dag.py:3947} INFO - Setting next_dagrun for example_dynamic_task_mapping to 2022-03-04 00:00:00+00:00, run_after=2022-03-05 00:00:00+00:00
[2026-05-19T08:50:28.864+0000] {processor.py:183} INFO - Processing /home/airflow/.local/lib/python3.12/site-packages/airflow/example_dags/example_dynamic_task_mapping.py took 0.467 seconds
[2026-05-19T08:50:59.526+0000] {processor.py:161} INFO - Started process (PID=6031) to work on /home/airflow/.local/lib/python3.12/site-packages/airflow/example_dags/example_dynamic_task_mapping.py
[2026-05-19T08:50:59.531+0000] {processor.py:830} INFO - Processing file /home/airflow/.local/lib/python3.12/site-packages/airflow/example_dags/example_dynamic_task_mapping.py for tasks to queue
[2026-05-19T08:50:59.540+0000] {logging_mixin.py:188} INFO - [2026-05-19T08:50:59.539+0000] {dagbag.py:545} INFO - Filling up the DagBag from /home/airflow/.local/lib/python3.12/site-packages/airflow/example_dags/example_dynamic_task_mapping.py
[2026-05-19T08:50:59.576+0000] {processor.py:840} INFO - DAG(s) 'example_dynamic_task_mapping' retrieved from /home/airflow/.local/lib/python3.12/site-packages/airflow/example_dags/example_dynamic_task_mapping.py
[2026-05-19T08:50:59.651+0000] {logging_mixin.py:188} INFO - [2026-05-19T08:50:59.651+0000] {dag.py:3089} INFO - Sync 1 DAGs
[2026-05-19T08:50:59.720+0000] {logging_mixin.py:188} INFO - [2026-05-19T08:50:59.719+0000] {dag.py:3947} INFO - Setting next_dagrun for example_dynamic_task_mapping to 2022-03-04 00:00:00+00:00, run_after=2022-03-05 00:00:00+00:00
[2026-05-19T08:50:59.791+0000] {processor.py:183} INFO - Processing /home/airflow/.local/lib/python3.12/site-packages/airflow/example_dags/example_dynamic_task_mapping.py took 0.290 seconds
[2026-05-19T08:51:30.746+0000] {processor.py:161} INFO - Started process (PID=6089) to work on /home/airflow/.local/lib/python3.12/site-packages/airflow/example_dags/example_dynamic_task_mapping.py
[2026-05-19T08:51:30.750+0000] {processor.py:830} INFO - Processing file /home/airflow/.local/lib/python3.12/site-packages/airflow/example_dags/example_dynamic_task_mapping.py for tasks to queue
[2026-05-19T08:51:30.756+0000] {logging_mixin.py:188} INFO - [2026-05-19T08:51:30.755+0000] {dagbag.py:545} INFO - Filling up the DagBag from /home/airflow/.local/lib/python3.12/site-packages/airflow/example_dags/example_dynamic_task_mapping.py
[2026-05-19T08:51:30.776+0000] {processor.py:840} INFO - DAG(s) 'example_dynamic_task_mapping' retrieved from /home/airflow/.local/lib/python3.12/site-packages/airflow/example_dags/example_dynamic_task_mapping.py
[2026-05-19T08:51:30.849+0000] {logging_mixin.py:188} INFO - [2026-05-19T08:51:30.848+0000] {dag.py:3089} INFO - Sync 1 DAGs
[2026-05-19T08:51:30.909+0000] {logging_mixin.py:188} INFO - [2026-05-19T08:51:30.908+0000] {dag.py:3947} INFO - Setting next_dagrun for example_dynamic_task_mapping to 2022-03-04 00:00:00+00:00, run_after=2022-03-05 00:00:00+00:00
[2026-05-19T08:51:30.972+0000] {processor.py:183} INFO - Processing /home/airflow/.local/lib/python3.12/site-packages/airflow/example_dags/example_dynamic_task_mapping.py took 0.242 seconds
[2026-05-19T08:52:03.385+0000] {processor.py:161} INFO - Started process (PID=6150) to work on /home/airflow/.local/lib/python3.12/site-packages/airflow/example_dags/example_dynamic_task_mapping.py
[2026-05-19T08:52:03.390+0000] {processor.py:830} INFO - Processing file /home/airflow/.local/lib/python3.12/site-packages/airflow/example_dags/example_dynamic_task_mapping.py for tasks to queue
[2026-05-19T08:52:03.397+0000] {logging_mixin.py:188} INFO - [2026-05-19T08:52:03.396+0000] {dagbag.py:545} INFO - Filling up the DagBag from /home/airflow/.local/lib/python3.12/site-packages/airflow/example_dags/example_dynamic_task_mapping.py
[2026-05-19T08:52:03.424+0000] {processor.py:840} INFO - DAG(s) 'example_dynamic_task_mapping' retrieved from /home/airflow/.local/lib/python3.12/site-packages/airflow/example_dags/example_dynamic_task_mapping.py
[2026-05-19T08:52:03.481+0000] {logging_mixin.py:188} INFO - [2026-05-19T08:52:03.480+0000] {dag.py:3089} INFO - Sync 1 DAGs
[2026-05-19T08:52:03.543+0000] {logging_mixin.py:188} INFO - [2026-05-19T08:52:03.542+0000] {dag.py:3947} INFO - Setting next_dagrun for example_dynamic_task_mapping to 2022-03-04 00:00:00+00:00, run_after=2022-03-05 00:00:00+00:00
[2026-05-19T08:52:03.601+0000] {processor.py:183} INFO - Processing /home/airflow/.local/lib/python3.12/site-packages/airflow/example_dags/example_dynamic_task_mapping.py took 0.241 seconds
[2026-05-19T08:52:35.175+0000] {processor.py:161} INFO - Started process (PID=6211) to work on /home/airflow/.local/lib/python3.12/site-packages/airflow/example_dags/example_dynamic_task_mapping.py
[2026-05-19T08:52:35.178+0000] {processor.py:830} INFO - Processing file /home/airflow/.local/lib/python3.12/site-packages/airflow/example_dags/example_dynamic_task_mapping.py for tasks to queue
[2026-05-19T08:52:35.184+0000] {logging_mixin.py:188} INFO - [2026-05-19T08:52:35.183+0000] {dagbag.py:545} INFO - Filling up the DagBag from /home/airflow/.local/lib/python3.12/site-packages/airflow/example_dags/example_dynamic_task_mapping.py
[2026-05-19T08:52:35.210+0000] {processor.py:840} INFO - DAG(s) 'example_dynamic_task_mapping' retrieved from /home/airflow/.local/lib/python3.12/site-packages/airflow/example_dags/example_dynamic_task_mapping.py
[2026-05-19T08:52:35.268+0000] {logging_mixin.py:188} INFO - [2026-05-19T08:52:35.267+0000] {dag.py:3089} INFO - Sync 1 DAGs
[2026-05-19T08:52:35.331+0000] {logging_mixin.py:188} INFO - [2026-05-19T08:52:35.331+0000] {dag.py:3947} INFO - Setting next_dagrun for example_dynamic_task_mapping to 2022-03-04 00:00:00+00:00, run_after=2022-03-05 00:00:00+00:00
[2026-05-19T08:52:35.394+0000] {processor.py:183} INFO - Processing /home/airflow/.local/lib/python3.12/site-packages/airflow/example_dags/example_dynamic_task_mapping.py took 0.234 seconds
[2026-05-19T08:53:05.910+0000] {processor.py:161} INFO - Started process (PID=6271) to work on /home/airflow/.local/lib/python3.12/site-packages/airflow/example_dags/example_dynamic_task_mapping.py
[2026-05-19T08:53:05.915+0000] {processor.py:830} INFO - Processing file /home/airflow/.local/lib/python3.12/site-packages/airflow/example_dags/example_dynamic_task_mapping.py for tasks to queue
[2026-05-19T08:53:05.922+0000] {logging_mixin.py:188} INFO - [2026-05-19T08:53:05.921+0000] {dagbag.py:545} INFO - Filling up the DagBag from /home/airflow/.local/lib/python3.12/site-packages/airflow/example_dags/example_dynamic_task_mapping.py
[2026-05-19T08:53:05.946+0000] {processor.py:840} INFO - DAG(s) 'example_dynamic_task_mapping' retrieved from /home/airflow/.local/lib/python3.12/site-packages/airflow/example_dags/example_dynamic_task_mapping.py
[2026-05-19T08:53:06.023+0000] {logging_mixin.py:188} INFO - [2026-05-19T08:53:06.022+0000] {dag.py:3089} INFO - Sync 1 DAGs
[2026-05-19T08:53:06.100+0000] {logging_mixin.py:188} INFO - [2026-05-19T08:53:06.098+0000] {dag.py:3947} INFO - Setting next_dagrun for example_dynamic_task_mapping to 2022-03-04 00:00:00+00:00, run_after=2022-03-05 00:00:00+00:00
[2026-05-19T08:53:06.193+0000] {processor.py:183} INFO - Processing /home/airflow/.local/lib/python3.12/site-packages/airflow/example_dags/example_dynamic_task_mapping.py took 0.306 seconds
[2026-05-19T08:53:37.434+0000] {processor.py:161} INFO - Started process (PID=6338) to work on /home/airflow/.local/lib/python3.12/site-packages/airflow/example_dags/example_dynamic_task_mapping.py
[2026-05-19T08:53:37.439+0000] {processor.py:830} INFO - Processing file /home/airflow/.local/lib/python3.12/site-packages/airflow/example_dags/example_dynamic_task_mapping.py for tasks to queue
[2026-05-19T08:53:37.445+0000] {logging_mixin.py:188} INFO - [2026-05-19T08:53:37.444+0000] {dagbag.py:545} INFO - Filling up the DagBag from /home/airflow/.local/lib/python3.12/site-packages/airflow/example_dags/example_dynamic_task_mapping.py
[2026-05-19T08:53:37.470+0000] {processor.py:840} INFO - DAG(s) 'example_dynamic_task_mapping' retrieved from /home/airflow/.local/lib/python3.12/site-packages/airflow/example_dags/example_dynamic_task_mapping.py
[2026-05-19T08:53:37.563+0000] {logging_mixin.py:188} INFO - [2026-05-19T08:53:37.562+0000] {dag.py:3089} INFO - Sync 1 DAGs
[2026-05-19T08:53:37.650+0000] {logging_mixin.py:188} INFO - [2026-05-19T08:53:37.649+0000] {dag.py:3947} INFO - Setting next_dagrun for example_dynamic_task_mapping to 2022-03-04 00:00:00+00:00, run_after=2022-03-05 00:00:00+00:00
[2026-05-19T08:53:37.721+0000] {processor.py:183} INFO - Processing /home/airflow/.local/lib/python3.12/site-packages/airflow/example_dags/example_dynamic_task_mapping.py took 0.312 seconds
[2026-05-19T08:54:08.174+0000] {processor.py:161} INFO - Started process (PID=6395) to work on /home/airflow/.local/lib/python3.12/site-packages/airflow/example_dags/example_dynamic_task_mapping.py
[2026-05-19T08:54:08.179+0000] {processor.py:830} INFO - Processing file /home/airflow/.local/lib/python3.12/site-packages/airflow/example_dags/example_dynamic_task_mapping.py for tasks to queue
[2026-05-19T08:54:08.189+0000] {logging_mixin.py:188} INFO - [2026-05-19T08:54:08.187+0000] {dagbag.py:545} INFO - Filling up the DagBag from /home/airflow/.local/lib/python3.12/site-packages/airflow/example_dags/example_dynamic_task_mapping.py
[2026-05-19T08:54:08.253+0000] {processor.py:840} INFO - DAG(s) 'example_dynamic_task_mapping' retrieved from /home/airflow/.local/lib/python3.12/site-packages/airflow/example_dags/example_dynamic_task_mapping.py
[2026-05-19T08:54:08.387+0000] {logging_mixin.py:188} INFO - [2026-05-19T08:54:08.386+0000] {dag.py:3089} INFO - Sync 1 DAGs
[2026-05-19T08:54:08.521+0000] {logging_mixin.py:188} INFO - [2026-05-19T08:54:08.520+0000] {dag.py:3947} INFO - Setting next_dagrun for example_dynamic_task_mapping to 2022-03-04 00:00:00+00:00, run_after=2022-03-05 00:00:00+00:00
[2026-05-19T08:54:08.649+0000] {processor.py:183} INFO - Processing /home/airflow/.local/lib/python3.12/site-packages/airflow/example_dags/example_dynamic_task_mapping.py took 0.503 seconds
[2026-05-19T08:54:39.352+0000] {processor.py:161} INFO - Started process (PID=6456) to work on /home/airflow/.local/lib/python3.12/site-packages/airflow/example_dags/example_dynamic_task_mapping.py
[2026-05-19T08:54:39.356+0000] {processor.py:830} INFO - Processing file /home/airflow/.local/lib/python3.12/site-packages/airflow/example_dags/example_dynamic_task_mapping.py for tasks to queue
[2026-05-19T08:54:39.362+0000] {logging_mixin.py:188} INFO - [2026-05-19T08:54:39.361+0000] {dagbag.py:545} INFO - Filling up the DagBag from /home/airflow/.local/lib/python3.12/site-packages/airflow/example_dags/example_dynamic_task_mapping.py
[2026-05-19T08:54:39.383+0000] {processor.py:840} INFO - DAG(s) 'example_dynamic_task_mapping' retrieved from /home/airflow/.local/lib/python3.12/site-packages/airflow/example_dags/example_dynamic_task_mapping.py
[2026-05-19T08:54:39.443+0000] {logging_mixin.py:188} INFO - [2026-05-19T08:54:39.442+0000] {dag.py:3089} INFO - Sync 1 DAGs
[2026-05-19T08:54:39.508+0000] {logging_mixin.py:188} INFO - [2026-05-19T08:54:39.508+0000] {dag.py:3947} INFO - Setting next_dagrun for example_dynamic_task_mapping to 2022-03-04 00:00:00+00:00, run_after=2022-03-05 00:00:00+00:00
[2026-05-19T08:54:39.571+0000] {processor.py:183} INFO - Processing /home/airflow/.local/lib/python3.12/site-packages/airflow/example_dags/example_dynamic_task_mapping.py took 0.240 seconds
[2026-05-19T08:55:11.000+0000] {processor.py:161} INFO - Started process (PID=6515) to work on /home/airflow/.local/lib/python3.12/site-packages/airflow/example_dags/example_dynamic_task_mapping.py
[2026-05-19T08:55:11.004+0000] {processor.py:830} INFO - Processing file /home/airflow/.local/lib/python3.12/site-packages/airflow/example_dags/example_dynamic_task_mapping.py for tasks to queue
[2026-05-19T08:55:11.012+0000] {logging_mixin.py:188} INFO - [2026-05-19T08:55:11.011+0000] {dagbag.py:545} INFO - Filling up the DagBag from /home/airflow/.local/lib/python3.12/site-packages/airflow/example_dags/example_dynamic_task_mapping.py
[2026-05-19T08:55:11.041+0000] {processor.py:840} INFO - DAG(s) 'example_dynamic_task_mapping' retrieved from /home/airflow/.local/lib/python3.12/site-packages/airflow/example_dags/example_dynamic_task_mapping.py
[2026-05-19T08:55:11.125+0000] {logging_mixin.py:188} INFO - [2026-05-19T08:55:11.123+0000] {dag.py:3089} INFO - Sync 1 DAGs
[2026-05-19T08:55:11.225+0000] {logging_mixin.py:188} INFO - [2026-05-19T08:55:11.223+0000] {dag.py:3947} INFO - Setting next_dagrun for example_dynamic_task_mapping to 2022-03-04 00:00:00+00:00, run_after=2022-03-05 00:00:00+00:00
[2026-05-19T08:55:11.311+0000] {processor.py:183} INFO - Processing /home/airflow/.local/lib/python3.12/site-packages/airflow/example_dags/example_dynamic_task_mapping.py took 0.337 seconds
[2026-05-19T08:55:41.556+0000] {processor.py:161} INFO - Started process (PID=6574) to work on /home/airflow/.local/lib/python3.12/site-packages/airflow/example_dags/example_dynamic_task_mapping.py
[2026-05-19T08:55:41.560+0000] {processor.py:830} INFO - Processing file /home/airflow/.local/lib/python3.12/site-packages/airflow/example_dags/example_dynamic_task_mapping.py for tasks to queue
[2026-05-19T08:55:41.566+0000] {logging_mixin.py:188} INFO - [2026-05-19T08:55:41.565+0000] {dagbag.py:545} INFO - Filling up the DagBag from /home/airflow/.local/lib/python3.12/site-packages/airflow/example_dags/example_dynamic_task_mapping.py
[2026-05-19T08:55:41.588+0000] {processor.py:840} INFO - DAG(s) 'example_dynamic_task_mapping' retrieved from /home/airflow/.local/lib/python3.12/site-packages/airflow/example_dags/example_dynamic_task_mapping.py
[2026-05-19T08:55:41.667+0000] {logging_mixin.py:188} INFO - [2026-05-19T08:55:41.666+0000] {dag.py:3089} INFO - Sync 1 DAGs
[2026-05-19T08:55:41.740+0000] {logging_mixin.py:188} INFO - [2026-05-19T08:55:41.740+0000] {dag.py:3947} INFO - Setting next_dagrun for example_dynamic_task_mapping to 2022-03-04 00:00:00+00:00, run_after=2022-03-05 00:00:00+00:00
[2026-05-19T08:55:41.801+0000] {processor.py:183} INFO - Processing /home/airflow/.local/lib/python3.12/site-packages/airflow/example_dags/example_dynamic_task_mapping.py took 0.258 seconds
[2026-05-19T08:56:12.049+0000] {processor.py:161} INFO - Started process (PID=6634) to work on /home/airflow/.local/lib/python3.12/site-packages/airflow/example_dags/example_dynamic_task_mapping.py
[2026-05-19T08:56:12.053+0000] {processor.py:830} INFO - Processing file /home/airflow/.local/lib/python3.12/site-packages/airflow/example_dags/example_dynamic_task_mapping.py for tasks to queue
[2026-05-19T08:56:12.061+0000] {logging_mixin.py:188} INFO - [2026-05-19T08:56:12.060+0000] {dagbag.py:545} INFO - Filling up the DagBag from /home/airflow/.local/lib/python3.12/site-packages/airflow/example_dags/example_dynamic_task_mapping.py
[2026-05-19T08:56:12.086+0000] {processor.py:840} INFO - DAG(s) 'example_dynamic_task_mapping' retrieved from /home/airflow/.local/lib/python3.12/site-packages/airflow/example_dags/example_dynamic_task_mapping.py
[2026-05-19T08:56:12.157+0000] {logging_mixin.py:188} INFO - [2026-05-19T08:56:12.156+0000] {dag.py:3089} INFO - Sync 1 DAGs
[2026-05-19T08:56:12.247+0000] {logging_mixin.py:188} INFO - [2026-05-19T08:56:12.246+0000] {dag.py:3947} INFO - Setting next_dagrun for example_dynamic_task_mapping to 2022-03-04 00:00:00+00:00, run_after=2022-03-05 00:00:00+00:00
[2026-05-19T08:56:12.346+0000] {processor.py:183} INFO - Processing /home/airflow/.local/lib/python3.12/site-packages/airflow/example_dags/example_dynamic_task_mapping.py took 0.326 seconds
[2026-05-19T08:56:43.242+0000] {processor.py:161} INFO - Started process (PID=6694) to work on /home/airflow/.local/lib/python3.12/site-packages/airflow/example_dags/example_dynamic_task_mapping.py
[2026-05-19T08:56:43.256+0000] {processor.py:830} INFO - Processing file /home/airflow/.local/lib/python3.12/site-packages/airflow/example_dags/example_dynamic_task_mapping.py for tasks to queue
[2026-05-19T08:56:43.285+0000] {logging_mixin.py:188} INFO - [2026-05-19T08:56:43.278+0000] {dagbag.py:545} INFO - Filling up the DagBag from /home/airflow/.local/lib/python3.12/site-packages/airflow/example_dags/example_dynamic_task_mapping.py
[2026-05-19T08:56:43.380+0000] {processor.py:840} INFO - DAG(s) 'example_dynamic_task_mapping' retrieved from /home/airflow/.local/lib/python3.12/site-packages/airflow/example_dags/example_dynamic_task_mapping.py
[2026-05-19T08:56:43.641+0000] {logging_mixin.py:188} INFO - [2026-05-19T08:56:43.638+0000] {dag.py:3089} INFO - Sync 1 DAGs
[2026-05-19T08:56:43.804+0000] {logging_mixin.py:188} INFO - [2026-05-19T08:56:43.803+0000] {dag.py:3947} INFO - Setting next_dagrun for example_dynamic_task_mapping to 2022-03-04 00:00:00+00:00, run_after=2022-03-05 00:00:00+00:00
[2026-05-19T08:56:44.024+0000] {processor.py:183} INFO - Processing /home/airflow/.local/lib/python3.12/site-packages/airflow/example_dags/example_dynamic_task_mapping.py took 0.818 seconds
[2026-05-19T08:57:14.685+0000] {processor.py:161} INFO - Started process (PID=6753) to work on /home/airflow/.local/lib/python3.12/site-packages/airflow/example_dags/example_dynamic_task_mapping.py
[2026-05-19T08:57:14.691+0000] {processor.py:830} INFO - Processing file /home/airflow/.local/lib/python3.12/site-packages/airflow/example_dags/example_dynamic_task_mapping.py for tasks to queue
[2026-05-19T08:57:14.696+0000] {logging_mixin.py:188} INFO - [2026-05-19T08:57:14.695+0000] {dagbag.py:545} INFO - Filling up the DagBag from /home/airflow/.local/lib/python3.12/site-packages/airflow/example_dags/example_dynamic_task_mapping.py
[2026-05-19T08:57:14.720+0000] {processor.py:840} INFO - DAG(s) 'example_dynamic_task_mapping' retrieved from /home/airflow/.local/lib/python3.12/site-packages/airflow/example_dags/example_dynamic_task_mapping.py
[2026-05-19T08:57:14.790+0000] {logging_mixin.py:188} INFO - [2026-05-19T08:57:14.789+0000] {dag.py:3089} INFO - Sync 1 DAGs
[2026-05-19T08:57:14.946+0000] {logging_mixin.py:188} INFO - [2026-05-19T08:57:14.945+0000] {dag.py:3947} INFO - Setting next_dagrun for example_dynamic_task_mapping to 2022-03-04 00:00:00+00:00, run_after=2022-03-05 00:00:00+00:00
[2026-05-19T08:57:15.042+0000] {processor.py:183} INFO - Processing /home/airflow/.local/lib/python3.12/site-packages/airflow/example_dags/example_dynamic_task_mapping.py took 0.368 seconds
[2026-05-19T08:57:46.375+0000] {processor.py:161} INFO - Started process (PID=6813) to work on /home/airflow/.local/lib/python3.12/site-packages/airflow/example_dags/example_dynamic_task_mapping.py
[2026-05-19T08:57:46.384+0000] {processor.py:830} INFO - Processing file /home/airflow/.local/lib/python3.12/site-packages/airflow/example_dags/example_dynamic_task_mapping.py for tasks to queue
[2026-05-19T08:57:46.391+0000] {logging_mixin.py:188} INFO - [2026-05-19T08:57:46.390+0000] {dagbag.py:545} INFO - Filling up the DagBag from /home/airflow/.local/lib/python3.12/site-packages/airflow/example_dags/example_dynamic_task_mapping.py
[2026-05-19T08:57:46.426+0000] {processor.py:840} INFO - DAG(s) 'example_dynamic_task_mapping' retrieved from /home/airflow/.local/lib/python3.12/site-packages/airflow/example_dags/example_dynamic_task_mapping.py
[2026-05-19T08:57:46.493+0000] {logging_mixin.py:188} INFO - [2026-05-19T08:57:46.493+0000] {dag.py:3089} INFO - Sync 1 DAGs
[2026-05-19T08:57:46.582+0000] {logging_mixin.py:188} INFO - [2026-05-19T08:57:46.581+0000] {dag.py:3947} INFO - Setting next_dagrun for example_dynamic_task_mapping to 2022-03-04 00:00:00+00:00, run_after=2022-03-05 00:00:00+00:00
[2026-05-19T08:57:46.634+0000] {processor.py:183} INFO - Processing /home/airflow/.local/lib/python3.12/site-packages/airflow/example_dags/example_dynamic_task_mapping.py took 0.292 seconds
[2026-05-19T08:58:17.493+0000] {processor.py:161} INFO - Started process (PID=6873) to work on /home/airflow/.local/lib/python3.12/site-packages/airflow/example_dags/example_dynamic_task_mapping.py
[2026-05-19T08:58:17.496+0000] {processor.py:830} INFO - Processing file /home/airflow/.local/lib/python3.12/site-packages/airflow/example_dags/example_dynamic_task_mapping.py for tasks to queue
[2026-05-19T08:58:17.502+0000] {logging_mixin.py:188} INFO - [2026-05-19T08:58:17.501+0000] {dagbag.py:545} INFO - Filling up the DagBag from /home/airflow/.local/lib/python3.12/site-packages/airflow/example_dags/example_dynamic_task_mapping.py
[2026-05-19T08:58:17.520+0000] {processor.py:840} INFO - DAG(s) 'example_dynamic_task_mapping' retrieved from /home/airflow/.local/lib/python3.12/site-packages/airflow/example_dags/example_dynamic_task_mapping.py
[2026-05-19T08:58:17.602+0000] {logging_mixin.py:188} INFO - [2026-05-19T08:58:17.602+0000] {dag.py:3089} INFO - Sync 1 DAGs
[2026-05-19T08:58:17.673+0000] {logging_mixin.py:188} INFO - [2026-05-19T08:58:17.672+0000] {dag.py:3947} INFO - Setting next_dagrun for example_dynamic_task_mapping to 2022-03-04 00:00:00+00:00, run_after=2022-03-05 00:00:00+00:00
[2026-05-19T08:58:17.738+0000] {processor.py:183} INFO - Processing /home/airflow/.local/lib/python3.12/site-packages/airflow/example_dags/example_dynamic_task_mapping.py took 0.263 seconds
[2026-05-19T08:58:48.422+0000] {processor.py:161} INFO - Started process (PID=6933) to work on /home/airflow/.local/lib/python3.12/site-packages/airflow/example_dags/example_dynamic_task_mapping.py
[2026-05-19T08:58:48.426+0000] {processor.py:830} INFO - Processing file /home/airflow/.local/lib/python3.12/site-packages/airflow/example_dags/example_dynamic_task_mapping.py for tasks to queue
[2026-05-19T08:58:48.432+0000] {logging_mixin.py:188} INFO - [2026-05-19T08:58:48.431+0000] {dagbag.py:545} INFO - Filling up the DagBag from /home/airflow/.local/lib/python3.12/site-packages/airflow/example_dags/example_dynamic_task_mapping.py
[2026-05-19T08:58:48.462+0000] {processor.py:840} INFO - DAG(s) 'example_dynamic_task_mapping' retrieved from /home/airflow/.local/lib/python3.12/site-packages/airflow/example_dags/example_dynamic_task_mapping.py
[2026-05-19T08:58:48.571+0000] {logging_mixin.py:188} INFO - [2026-05-19T08:58:48.569+0000] {dag.py:3089} INFO - Sync 1 DAGs
[2026-05-19T08:58:48.862+0000] {logging_mixin.py:188} INFO - [2026-05-19T08:58:48.860+0000] {dag.py:3947} INFO - Setting next_dagrun for example_dynamic_task_mapping to 2022-03-04 00:00:00+00:00, run_after=2022-03-05 00:00:00+00:00
[2026-05-19T08:58:49.140+0000] {processor.py:183} INFO - Processing /home/airflow/.local/lib/python3.12/site-packages/airflow/example_dags/example_dynamic_task_mapping.py took 0.735 seconds
[2026-05-19T08:59:25.080+0000] {processor.py:161} INFO - Started process (PID=6994) to work on /home/airflow/.local/lib/python3.12/site-packages/airflow/example_dags/example_dynamic_task_mapping.py
[2026-05-19T08:59:25.089+0000] {processor.py:830} INFO - Processing file /home/airflow/.local/lib/python3.12/site-packages/airflow/example_dags/example_dynamic_task_mapping.py for tasks to queue
[2026-05-19T08:59:25.103+0000] {logging_mixin.py:188} INFO - [2026-05-19T08:59:25.099+0000] {dagbag.py:545} INFO - Filling up the DagBag from /home/airflow/.local/lib/python3.12/site-packages/airflow/example_dags/example_dynamic_task_mapping.py
[2026-05-19T08:59:25.134+0000] {processor.py:840} INFO - DAG(s) 'example_dynamic_task_mapping' retrieved from /home/airflow/.local/lib/python3.12/site-packages/airflow/example_dags/example_dynamic_task_mapping.py
[2026-05-19T08:59:25.219+0000] {logging_mixin.py:188} INFO - [2026-05-19T08:59:25.217+0000] {dag.py:3089} INFO - Sync 1 DAGs
[2026-05-19T08:59:25.293+0000] {logging_mixin.py:188} INFO - [2026-05-19T08:59:25.293+0000] {dag.py:3947} INFO - Setting next_dagrun for example_dynamic_task_mapping to 2022-03-04 00:00:00+00:00, run_after=2022-03-05 00:00:00+00:00
[2026-05-19T08:59:25.684+0000] {processor.py:183} INFO - Processing /home/airflow/.local/lib/python3.12/site-packages/airflow/example_dags/example_dynamic_task_mapping.py took 0.620 seconds
[2026-05-19T09:00:00.628+0000] {processor.py:161} INFO - Started process (PID=7050) to work on /home/airflow/.local/lib/python3.12/site-packages/airflow/example_dags/example_dynamic_task_mapping.py
[2026-05-19T09:00:00.633+0000] {processor.py:830} INFO - Processing file /home/airflow/.local/lib/python3.12/site-packages/airflow/example_dags/example_dynamic_task_mapping.py for tasks to queue
[2026-05-19T09:00:00.639+0000] {logging_mixin.py:188} INFO - [2026-05-19T09:00:00.638+0000] {dagbag.py:545} INFO - Filling up the DagBag from /home/airflow/.local/lib/python3.12/site-packages/airflow/example_dags/example_dynamic_task_mapping.py
[2026-05-19T09:00:00.668+0000] {processor.py:840} INFO - DAG(s) 'example_dynamic_task_mapping' retrieved from /home/airflow/.local/lib/python3.12/site-packages/airflow/example_dags/example_dynamic_task_mapping.py
[2026-05-19T09:00:00.739+0000] {logging_mixin.py:188} INFO - [2026-05-19T09:00:00.739+0000] {dag.py:3089} INFO - Sync 1 DAGs
[2026-05-19T09:00:01.431+0000] {logging_mixin.py:188} INFO - [2026-05-19T09:00:01.430+0000] {dag.py:3947} INFO - Setting next_dagrun for example_dynamic_task_mapping to 2022-03-04 00:00:00+00:00, run_after=2022-03-05 00:00:00+00:00
[2026-05-19T09:00:01.521+0000] {processor.py:183} INFO - Processing /home/airflow/.local/lib/python3.12/site-packages/airflow/example_dags/example_dynamic_task_mapping.py took 0.910 seconds
[2026-05-19T09:00:31.811+0000] {processor.py:161} INFO - Started process (PID=7110) to work on /home/airflow/.local/lib/python3.12/site-packages/airflow/example_dags/example_dynamic_task_mapping.py
[2026-05-19T09:00:31.815+0000] {processor.py:830} INFO - Processing file /home/airflow/.local/lib/python3.12/site-packages/airflow/example_dags/example_dynamic_task_mapping.py for tasks to queue
[2026-05-19T09:00:31.822+0000] {logging_mixin.py:188} INFO - [2026-05-19T09:00:31.821+0000] {dagbag.py:545} INFO - Filling up the DagBag from /home/airflow/.local/lib/python3.12/site-packages/airflow/example_dags/example_dynamic_task_mapping.py
[2026-05-19T09:00:31.857+0000] {processor.py:840} INFO - DAG(s) 'example_dynamic_task_mapping' retrieved from /home/airflow/.local/lib/python3.12/site-packages/airflow/example_dags/example_dynamic_task_mapping.py
[2026-05-19T09:00:31.923+0000] {logging_mixin.py:188} INFO - [2026-05-19T09:00:31.922+0000] {dag.py:3089} INFO - Sync 1 DAGs
[2026-05-19T09:00:31.986+0000] {logging_mixin.py:188} INFO - [2026-05-19T09:00:31.985+0000] {dag.py:3947} INFO - Setting next_dagrun for example_dynamic_task_mapping to 2022-03-04 00:00:00+00:00, run_after=2022-03-05 00:00:00+00:00
[2026-05-19T09:00:32.046+0000] {processor.py:183} INFO - Processing /home/airflow/.local/lib/python3.12/site-packages/airflow/example_dags/example_dynamic_task_mapping.py took 0.256 seconds
[2026-05-19T09:01:02.739+0000] {processor.py:161} INFO - Started process (PID=7171) to work on /home/airflow/.local/lib/python3.12/site-packages/airflow/example_dags/example_dynamic_task_mapping.py
[2026-05-19T09:01:02.743+0000] {processor.py:830} INFO - Processing file /home/airflow/.local/lib/python3.12/site-packages/airflow/example_dags/example_dynamic_task_mapping.py for tasks to queue
[2026-05-19T09:01:02.748+0000] {logging_mixin.py:188} INFO - [2026-05-19T09:01:02.747+0000] {dagbag.py:545} INFO - Filling up the DagBag from /home/airflow/.local/lib/python3.12/site-packages/airflow/example_dags/example_dynamic_task_mapping.py
[2026-05-19T09:01:02.767+0000] {processor.py:840} INFO - DAG(s) 'example_dynamic_task_mapping' retrieved from /home/airflow/.local/lib/python3.12/site-packages/airflow/example_dags/example_dynamic_task_mapping.py
[2026-05-19T09:01:02.842+0000] {logging_mixin.py:188} INFO - [2026-05-19T09:01:02.841+0000] {dag.py:3089} INFO - Sync 1 DAGs
[2026-05-19T09:01:02.934+0000] {logging_mixin.py:188} INFO - [2026-05-19T09:01:02.932+0000] {dag.py:3947} INFO - Setting next_dagrun for example_dynamic_task_mapping to 2022-03-04 00:00:00+00:00, run_after=2022-03-05 00:00:00+00:00
[2026-05-19T09:01:03.013+0000] {processor.py:183} INFO - Processing /home/airflow/.local/lib/python3.12/site-packages/airflow/example_dags/example_dynamic_task_mapping.py took 0.292 seconds
[2026-05-19T09:01:37.411+0000] {processor.py:161} INFO - Started process (PID=7231) to work on /home/airflow/.local/lib/python3.12/site-packages/airflow/example_dags/example_dynamic_task_mapping.py
[2026-05-19T09:01:37.413+0000] {processor.py:830} INFO - Processing file /home/airflow/.local/lib/python3.12/site-packages/airflow/example_dags/example_dynamic_task_mapping.py for tasks to queue
[2026-05-19T09:01:37.416+0000] {logging_mixin.py:188} INFO - [2026-05-19T09:01:37.415+0000] {dagbag.py:545} INFO - Filling up the DagBag from /home/airflow/.local/lib/python3.12/site-packages/airflow/example_dags/example_dynamic_task_mapping.py
[2026-05-19T09:01:37.432+0000] {processor.py:840} INFO - DAG(s) 'example_dynamic_task_mapping' retrieved from /home/airflow/.local/lib/python3.12/site-packages/airflow/example_dags/example_dynamic_task_mapping.py
[2026-05-19T09:01:37.472+0000] {logging_mixin.py:188} INFO - [2026-05-19T09:01:37.472+0000] {dag.py:3089} INFO - Sync 1 DAGs
[2026-05-19T09:01:38.062+0000] {logging_mixin.py:188} INFO - [2026-05-19T09:01:38.062+0000] {dag.py:3947} INFO - Setting next_dagrun for example_dynamic_task_mapping to 2022-03-04 00:00:00+00:00, run_after=2022-03-05 00:00:00+00:00
[2026-05-19T09:01:38.168+0000] {processor.py:183} INFO - Processing /home/airflow/.local/lib/python3.12/site-packages/airflow/example_dags/example_dynamic_task_mapping.py took 0.769 seconds
[2026-05-19T09:02:08.682+0000] {processor.py:161} INFO - Started process (PID=7291) to work on /home/airflow/.local/lib/python3.12/site-packages/airflow/example_dags/example_dynamic_task_mapping.py
[2026-05-19T09:02:08.687+0000] {processor.py:830} INFO - Processing file /home/airflow/.local/lib/python3.12/site-packages/airflow/example_dags/example_dynamic_task_mapping.py for tasks to queue
[2026-05-19T09:02:08.694+0000] {logging_mixin.py:188} INFO - [2026-05-19T09:02:08.693+0000] {dagbag.py:545} INFO - Filling up the DagBag from /home/airflow/.local/lib/python3.12/site-packages/airflow/example_dags/example_dynamic_task_mapping.py
[2026-05-19T09:02:08.752+0000] {processor.py:840} INFO - DAG(s) 'example_dynamic_task_mapping' retrieved from /home/airflow/.local/lib/python3.12/site-packages/airflow/example_dags/example_dynamic_task_mapping.py
[2026-05-19T09:02:08.850+0000] {logging_mixin.py:188} INFO - [2026-05-19T09:02:08.849+0000] {dag.py:3089} INFO - Sync 1 DAGs
[2026-05-19T09:02:08.932+0000] {logging_mixin.py:188} INFO - [2026-05-19T09:02:08.931+0000] {dag.py:3947} INFO - Setting next_dagrun for example_dynamic_task_mapping to 2022-03-04 00:00:00+00:00, run_after=2022-03-05 00:00:00+00:00
[2026-05-19T09:02:09.005+0000] {processor.py:183} INFO - Processing /home/airflow/.local/lib/python3.12/site-packages/airflow/example_dags/example_dynamic_task_mapping.py took 0.340 seconds
[2026-05-19T09:02:39.378+0000] {processor.py:161} INFO - Started process (PID=7349) to work on /home/airflow/.local/lib/python3.12/site-packages/airflow/example_dags/example_dynamic_task_mapping.py
[2026-05-19T09:02:39.383+0000] {processor.py:830} INFO - Processing file /home/airflow/.local/lib/python3.12/site-packages/airflow/example_dags/example_dynamic_task_mapping.py for tasks to queue
[2026-05-19T09:02:39.393+0000] {logging_mixin.py:188} INFO - [2026-05-19T09:02:39.392+0000] {dagbag.py:545} INFO - Filling up the DagBag from /home/airflow/.local/lib/python3.12/site-packages/airflow/example_dags/example_dynamic_task_mapping.py
[2026-05-19T09:02:39.420+0000] {processor.py:840} INFO - DAG(s) 'example_dynamic_task_mapping' retrieved from /home/airflow/.local/lib/python3.12/site-packages/airflow/example_dags/example_dynamic_task_mapping.py
[2026-05-19T09:02:39.495+0000] {logging_mixin.py:188} INFO - [2026-05-19T09:02:39.493+0000] {dag.py:3089} INFO - Sync 1 DAGs
[2026-05-19T09:02:39.561+0000] {logging_mixin.py:188} INFO - [2026-05-19T09:02:39.560+0000] {dag.py:3947} INFO - Setting next_dagrun for example_dynamic_task_mapping to 2022-03-04 00:00:00+00:00, run_after=2022-03-05 00:00:00+00:00
[2026-05-19T09:02:39.629+0000] {processor.py:183} INFO - Processing /home/airflow/.local/lib/python3.12/site-packages/airflow/example_dags/example_dynamic_task_mapping.py took 0.274 seconds
[2026-05-19T09:03:10.117+0000] {processor.py:161} INFO - Started process (PID=7409) to work on /home/airflow/.local/lib/python3.12/site-packages/airflow/example_dags/example_dynamic_task_mapping.py
[2026-05-19T09:03:10.120+0000] {processor.py:830} INFO - Processing file /home/airflow/.local/lib/python3.12/site-packages/airflow/example_dags/example_dynamic_task_mapping.py for tasks to queue
[2026-05-19T09:03:10.128+0000] {logging_mixin.py:188} INFO - [2026-05-19T09:03:10.126+0000] {dagbag.py:545} INFO - Filling up the DagBag from /home/airflow/.local/lib/python3.12/site-packages/airflow/example_dags/example_dynamic_task_mapping.py
[2026-05-19T09:03:10.151+0000] {processor.py:840} INFO - DAG(s) 'example_dynamic_task_mapping' retrieved from /home/airflow/.local/lib/python3.12/site-packages/airflow/example_dags/example_dynamic_task_mapping.py
[2026-05-19T09:03:10.223+0000] {logging_mixin.py:188} INFO - [2026-05-19T09:03:10.222+0000] {dag.py:3089} INFO - Sync 1 DAGs
[2026-05-19T09:03:10.286+0000] {logging_mixin.py:188} INFO - [2026-05-19T09:03:10.286+0000] {dag.py:3947} INFO - Setting next_dagrun for example_dynamic_task_mapping to 2022-03-04 00:00:00+00:00, run_after=2022-03-05 00:00:00+00:00
[2026-05-19T09:03:10.347+0000] {processor.py:183} INFO - Processing /home/airflow/.local/lib/python3.12/site-packages/airflow/example_dags/example_dynamic_task_mapping.py took 0.247 seconds
[2026-05-19T09:03:41.344+0000] {processor.py:161} INFO - Started process (PID=7469) to work on /home/airflow/.local/lib/python3.12/site-packages/airflow/example_dags/example_dynamic_task_mapping.py
[2026-05-19T09:03:41.347+0000] {processor.py:830} INFO - Processing file /home/airflow/.local/lib/python3.12/site-packages/airflow/example_dags/example_dynamic_task_mapping.py for tasks to queue
[2026-05-19T09:03:41.352+0000] {logging_mixin.py:188} INFO - [2026-05-19T09:03:41.351+0000] {dagbag.py:545} INFO - Filling up the DagBag from /home/airflow/.local/lib/python3.12/site-packages/airflow/example_dags/example_dynamic_task_mapping.py
[2026-05-19T09:03:41.372+0000] {processor.py:840} INFO - DAG(s) 'example_dynamic_task_mapping' retrieved from /home/airflow/.local/lib/python3.12/site-packages/airflow/example_dags/example_dynamic_task_mapping.py
[2026-05-19T09:03:41.426+0000] {logging_mixin.py:188} INFO - [2026-05-19T09:03:41.425+0000] {dag.py:3089} INFO - Sync 1 DAGs
[2026-05-19T09:03:41.493+0000] {logging_mixin.py:188} INFO - [2026-05-19T09:03:41.492+0000] {dag.py:3947} INFO - Setting next_dagrun for example_dynamic_task_mapping to 2022-03-04 00:00:00+00:00, run_after=2022-03-05 00:00:00+00:00
[2026-05-19T09:03:41.561+0000] {processor.py:183} INFO - Processing /home/airflow/.local/lib/python3.12/site-packages/airflow/example_dags/example_dynamic_task_mapping.py took 0.237 seconds
[2026-05-19T09:04:11.997+0000] {processor.py:161} INFO - Started process (PID=7529) to work on /home/airflow/.local/lib/python3.12/site-packages/airflow/example_dags/example_dynamic_task_mapping.py
[2026-05-19T09:04:12.000+0000] {processor.py:830} INFO - Processing file /home/airflow/.local/lib/python3.12/site-packages/airflow/example_dags/example_dynamic_task_mapping.py for tasks to queue
[2026-05-19T09:04:12.007+0000] {logging_mixin.py:188} INFO - [2026-05-19T09:04:12.006+0000] {dagbag.py:545} INFO - Filling up the DagBag from /home/airflow/.local/lib/python3.12/site-packages/airflow/example_dags/example_dynamic_task_mapping.py
[2026-05-19T09:04:12.028+0000] {processor.py:840} INFO - DAG(s) 'example_dynamic_task_mapping' retrieved from /home/airflow/.local/lib/python3.12/site-packages/airflow/example_dags/example_dynamic_task_mapping.py
[2026-05-19T09:04:12.097+0000] {logging_mixin.py:188} INFO - [2026-05-19T09:04:12.095+0000] {dag.py:3089} INFO - Sync 1 DAGs
[2026-05-19T09:04:12.174+0000] {logging_mixin.py:188} INFO - [2026-05-19T09:04:12.173+0000] {dag.py:3947} INFO - Setting next_dagrun for example_dynamic_task_mapping to 2022-03-04 00:00:00+00:00, run_after=2022-03-05 00:00:00+00:00
[2026-05-19T09:04:12.235+0000] {processor.py:183} INFO - Processing /home/airflow/.local/lib/python3.12/site-packages/airflow/example_dags/example_dynamic_task_mapping.py took 0.253 seconds
[2026-05-19T09:04:42.624+0000] {processor.py:161} INFO - Started process (PID=7589) to work on /home/airflow/.local/lib/python3.12/site-packages/airflow/example_dags/example_dynamic_task_mapping.py
[2026-05-19T09:04:42.628+0000] {processor.py:830} INFO - Processing file /home/airflow/.local/lib/python3.12/site-packages/airflow/example_dags/example_dynamic_task_mapping.py for tasks to queue
[2026-05-19T09:04:42.636+0000] {logging_mixin.py:188} INFO - [2026-05-19T09:04:42.634+0000] {dagbag.py:545} INFO - Filling up the DagBag from /home/airflow/.local/lib/python3.12/site-packages/airflow/example_dags/example_dynamic_task_mapping.py
[2026-05-19T09:04:42.669+0000] {processor.py:840} INFO - DAG(s) 'example_dynamic_task_mapping' retrieved from /home/airflow/.local/lib/python3.12/site-packages/airflow/example_dags/example_dynamic_task_mapping.py
[2026-05-19T09:04:42.760+0000] {logging_mixin.py:188} INFO - [2026-05-19T09:04:42.758+0000] {dag.py:3089} INFO - Sync 1 DAGs
[2026-05-19T09:04:42.889+0000] {logging_mixin.py:188} INFO - [2026-05-19T09:04:42.887+0000] {dag.py:3947} INFO - Setting next_dagrun for example_dynamic_task_mapping to 2022-03-04 00:00:00+00:00, run_after=2022-03-05 00:00:00+00:00
[2026-05-19T09:04:43.086+0000] {processor.py:183} INFO - Processing /home/airflow/.local/lib/python3.12/site-packages/airflow/example_dags/example_dynamic_task_mapping.py took 0.480 seconds
[2026-05-19T09:05:13.668+0000] {processor.py:161} INFO - Started process (PID=7655) to work on /home/airflow/.local/lib/python3.12/site-packages/airflow/example_dags/example_dynamic_task_mapping.py
[2026-05-19T09:05:13.671+0000] {processor.py:830} INFO - Processing file /home/airflow/.local/lib/python3.12/site-packages/airflow/example_dags/example_dynamic_task_mapping.py for tasks to queue
[2026-05-19T09:05:13.682+0000] {logging_mixin.py:188} INFO - [2026-05-19T09:05:13.680+0000] {dagbag.py:545} INFO - Filling up the DagBag from /home/airflow/.local/lib/python3.12/site-packages/airflow/example_dags/example_dynamic_task_mapping.py
[2026-05-19T09:05:13.726+0000] {processor.py:840} INFO - DAG(s) 'example_dynamic_task_mapping' retrieved from /home/airflow/.local/lib/python3.12/site-packages/airflow/example_dags/example_dynamic_task_mapping.py
[2026-05-19T09:05:13.851+0000] {logging_mixin.py:188} INFO - [2026-05-19T09:05:13.847+0000] {dag.py:3089} INFO - Sync 1 DAGs
[2026-05-19T09:05:14.171+0000] {logging_mixin.py:188} INFO - [2026-05-19T09:05:14.168+0000] {dag.py:3947} INFO - Setting next_dagrun for example_dynamic_task_mapping to 2022-03-04 00:00:00+00:00, run_after=2022-03-05 00:00:00+00:00
[2026-05-19T09:05:14.316+0000] {processor.py:183} INFO - Processing /home/airflow/.local/lib/python3.12/site-packages/airflow/example_dags/example_dynamic_task_mapping.py took 0.676 seconds
[2026-05-19T09:05:45.198+0000] {processor.py:161} INFO - Started process (PID=7715) to work on /home/airflow/.local/lib/python3.12/site-packages/airflow/example_dags/example_dynamic_task_mapping.py
[2026-05-19T09:05:45.202+0000] {processor.py:830} INFO - Processing file /home/airflow/.local/lib/python3.12/site-packages/airflow/example_dags/example_dynamic_task_mapping.py for tasks to queue
[2026-05-19T09:05:45.211+0000] {logging_mixin.py:188} INFO - [2026-05-19T09:05:45.209+0000] {dagbag.py:545} INFO - Filling up the DagBag from /home/airflow/.local/lib/python3.12/site-packages/airflow/example_dags/example_dynamic_task_mapping.py
[2026-05-19T09:05:45.242+0000] {processor.py:840} INFO - DAG(s) 'example_dynamic_task_mapping' retrieved from /home/airflow/.local/lib/python3.12/site-packages/airflow/example_dags/example_dynamic_task_mapping.py
[2026-05-19T09:05:45.300+0000] {logging_mixin.py:188} INFO - [2026-05-19T09:05:45.300+0000] {dag.py:3089} INFO - Sync 1 DAGs
[2026-05-19T09:05:45.375+0000] {logging_mixin.py:188} INFO - [2026-05-19T09:05:45.375+0000] {dag.py:3947} INFO - Setting next_dagrun for example_dynamic_task_mapping to 2022-03-04 00:00:00+00:00, run_after=2022-03-05 00:00:00+00:00
[2026-05-19T09:05:45.437+0000] {processor.py:183} INFO - Processing /home/airflow/.local/lib/python3.12/site-packages/airflow/example_dags/example_dynamic_task_mapping.py took 0.256 seconds
[2026-05-19T09:06:16.063+0000] {processor.py:161} INFO - Started process (PID=7775) to work on /home/airflow/.local/lib/python3.12/site-packages/airflow/example_dags/example_dynamic_task_mapping.py
[2026-05-19T09:06:16.067+0000] {processor.py:830} INFO - Processing file /home/airflow/.local/lib/python3.12/site-packages/airflow/example_dags/example_dynamic_task_mapping.py for tasks to queue
[2026-05-19T09:06:16.076+0000] {logging_mixin.py:188} INFO - [2026-05-19T09:06:16.075+0000] {dagbag.py:545} INFO - Filling up the DagBag from /home/airflow/.local/lib/python3.12/site-packages/airflow/example_dags/example_dynamic_task_mapping.py
[2026-05-19T09:06:16.109+0000] {processor.py:840} INFO - DAG(s) 'example_dynamic_task_mapping' retrieved from /home/airflow/.local/lib/python3.12/site-packages/airflow/example_dags/example_dynamic_task_mapping.py
[2026-05-19T09:06:16.200+0000] {logging_mixin.py:188} INFO - [2026-05-19T09:06:16.199+0000] {dag.py:3089} INFO - Sync 1 DAGs
[2026-05-19T09:06:16.326+0000] {logging_mixin.py:188} INFO - [2026-05-19T09:06:16.325+0000] {dag.py:3947} INFO - Setting next_dagrun for example_dynamic_task_mapping to 2022-03-04 00:00:00+00:00, run_after=2022-03-05 00:00:00+00:00
[2026-05-19T09:06:16.433+0000] {processor.py:183} INFO - Processing /home/airflow/.local/lib/python3.12/site-packages/airflow/example_dags/example_dynamic_task_mapping.py took 0.398 seconds
[2026-05-19T09:06:46.754+0000] {processor.py:161} INFO - Started process (PID=7834) to work on /home/airflow/.local/lib/python3.12/site-packages/airflow/example_dags/example_dynamic_task_mapping.py
[2026-05-19T09:06:46.758+0000] {processor.py:830} INFO - Processing file /home/airflow/.local/lib/python3.12/site-packages/airflow/example_dags/example_dynamic_task_mapping.py for tasks to queue
[2026-05-19T09:06:46.765+0000] {logging_mixin.py:188} INFO - [2026-05-19T09:06:46.764+0000] {dagbag.py:545} INFO - Filling up the DagBag from /home/airflow/.local/lib/python3.12/site-packages/airflow/example_dags/example_dynamic_task_mapping.py
[2026-05-19T09:06:46.787+0000] {processor.py:840} INFO - DAG(s) 'example_dynamic_task_mapping' retrieved from /home/airflow/.local/lib/python3.12/site-packages/airflow/example_dags/example_dynamic_task_mapping.py
[2026-05-19T09:06:46.848+0000] {logging_mixin.py:188} INFO - [2026-05-19T09:06:46.848+0000] {dag.py:3089} INFO - Sync 1 DAGs
[2026-05-19T09:06:46.920+0000] {logging_mixin.py:188} INFO - [2026-05-19T09:06:46.919+0000] {dag.py:3947} INFO - Setting next_dagrun for example_dynamic_task_mapping to 2022-03-04 00:00:00+00:00, run_after=2022-03-05 00:00:00+00:00
[2026-05-19T09:06:47.010+0000] {processor.py:183} INFO - Processing /home/airflow/.local/lib/python3.12/site-packages/airflow/example_dags/example_dynamic_task_mapping.py took 0.271 seconds
[2026-05-19T09:07:17.360+0000] {processor.py:161} INFO - Started process (PID=7894) to work on /home/airflow/.local/lib/python3.12/site-packages/airflow/example_dags/example_dynamic_task_mapping.py
[2026-05-19T09:07:17.364+0000] {processor.py:830} INFO - Processing file /home/airflow/.local/lib/python3.12/site-packages/airflow/example_dags/example_dynamic_task_mapping.py for tasks to queue
[2026-05-19T09:07:17.370+0000] {logging_mixin.py:188} INFO - [2026-05-19T09:07:17.368+0000] {dagbag.py:545} INFO - Filling up the DagBag from /home/airflow/.local/lib/python3.12/site-packages/airflow/example_dags/example_dynamic_task_mapping.py
[2026-05-19T09:07:17.389+0000] {processor.py:840} INFO - DAG(s) 'example_dynamic_task_mapping' retrieved from /home/airflow/.local/lib/python3.12/site-packages/airflow/example_dags/example_dynamic_task_mapping.py
[2026-05-19T09:07:17.453+0000] {logging_mixin.py:188} INFO - [2026-05-19T09:07:17.452+0000] {dag.py:3089} INFO - Sync 1 DAGs
[2026-05-19T09:07:17.515+0000] {logging_mixin.py:188} INFO - [2026-05-19T09:07:17.515+0000] {dag.py:3947} INFO - Setting next_dagrun for example_dynamic_task_mapping to 2022-03-04 00:00:00+00:00, run_after=2022-03-05 00:00:00+00:00
[2026-05-19T09:07:17.573+0000] {processor.py:183} INFO - Processing /home/airflow/.local/lib/python3.12/site-packages/airflow/example_dags/example_dynamic_task_mapping.py took 0.235 seconds
[2026-05-19T09:07:47.821+0000] {processor.py:161} INFO - Started process (PID=7954) to work on /home/airflow/.local/lib/python3.12/site-packages/airflow/example_dags/example_dynamic_task_mapping.py
[2026-05-19T09:07:47.824+0000] {processor.py:830} INFO - Processing file /home/airflow/.local/lib/python3.12/site-packages/airflow/example_dags/example_dynamic_task_mapping.py for tasks to queue
[2026-05-19T09:07:47.828+0000] {logging_mixin.py:188} INFO - [2026-05-19T09:07:47.827+0000] {dagbag.py:545} INFO - Filling up the DagBag from /home/airflow/.local/lib/python3.12/site-packages/airflow/example_dags/example_dynamic_task_mapping.py
[2026-05-19T09:07:47.844+0000] {processor.py:840} INFO - DAG(s) 'example_dynamic_task_mapping' retrieved from /home/airflow/.local/lib/python3.12/site-packages/airflow/example_dags/example_dynamic_task_mapping.py
[2026-05-19T09:07:47.887+0000] {logging_mixin.py:188} INFO - [2026-05-19T09:07:47.887+0000] {dag.py:3089} INFO - Sync 1 DAGs
[2026-05-19T09:07:47.942+0000] {logging_mixin.py:188} INFO - [2026-05-19T09:07:47.941+0000] {dag.py:3947} INFO - Setting next_dagrun for example_dynamic_task_mapping to 2022-03-04 00:00:00+00:00, run_after=2022-03-05 00:00:00+00:00
[2026-05-19T09:07:47.990+0000] {processor.py:183} INFO - Processing /home/airflow/.local/lib/python3.12/site-packages/airflow/example_dags/example_dynamic_task_mapping.py took 0.181 seconds
[2026-05-19T09:08:18.749+0000] {processor.py:161} INFO - Started process (PID=8014) to work on /home/airflow/.local/lib/python3.12/site-packages/airflow/example_dags/example_dynamic_task_mapping.py
[2026-05-19T09:08:18.754+0000] {processor.py:830} INFO - Processing file /home/airflow/.local/lib/python3.12/site-packages/airflow/example_dags/example_dynamic_task_mapping.py for tasks to queue
[2026-05-19T09:08:18.760+0000] {logging_mixin.py:188} INFO - [2026-05-19T09:08:18.759+0000] {dagbag.py:545} INFO - Filling up the DagBag from /home/airflow/.local/lib/python3.12/site-packages/airflow/example_dags/example_dynamic_task_mapping.py
[2026-05-19T09:08:18.779+0000] {processor.py:840} INFO - DAG(s) 'example_dynamic_task_mapping' retrieved from /home/airflow/.local/lib/python3.12/site-packages/airflow/example_dags/example_dynamic_task_mapping.py
[2026-05-19T09:08:18.833+0000] {logging_mixin.py:188} INFO - [2026-05-19T09:08:18.832+0000] {dag.py:3089} INFO - Sync 1 DAGs
[2026-05-19T09:08:18.890+0000] {logging_mixin.py:188} INFO - [2026-05-19T09:08:18.889+0000] {dag.py:3947} INFO - Setting next_dagrun for example_dynamic_task_mapping to 2022-03-04 00:00:00+00:00, run_after=2022-03-05 00:00:00+00:00
[2026-05-19T09:08:18.951+0000] {processor.py:183} INFO - Processing /home/airflow/.local/lib/python3.12/site-packages/airflow/example_dags/example_dynamic_task_mapping.py took 0.218 seconds
[2026-05-19T09:08:49.416+0000] {processor.py:161} INFO - Started process (PID=8074) to work on /home/airflow/.local/lib/python3.12/site-packages/airflow/example_dags/example_dynamic_task_mapping.py
[2026-05-19T09:08:49.420+0000] {processor.py:830} INFO - Processing file /home/airflow/.local/lib/python3.12/site-packages/airflow/example_dags/example_dynamic_task_mapping.py for tasks to queue
[2026-05-19T09:08:49.430+0000] {logging_mixin.py:188} INFO - [2026-05-19T09:08:49.429+0000] {dagbag.py:545} INFO - Filling up the DagBag from /home/airflow/.local/lib/python3.12/site-packages/airflow/example_dags/example_dynamic_task_mapping.py
[2026-05-19T09:08:49.455+0000] {processor.py:840} INFO - DAG(s) 'example_dynamic_task_mapping' retrieved from /home/airflow/.local/lib/python3.12/site-packages/airflow/example_dags/example_dynamic_task_mapping.py
[2026-05-19T09:08:49.522+0000] {logging_mixin.py:188} INFO - [2026-05-19T09:08:49.522+0000] {dag.py:3089} INFO - Sync 1 DAGs
[2026-05-19T09:08:49.590+0000] {logging_mixin.py:188} INFO - [2026-05-19T09:08:49.589+0000] {dag.py:3947} INFO - Setting next_dagrun for example_dynamic_task_mapping to 2022-03-04 00:00:00+00:00, run_after=2022-03-05 00:00:00+00:00
[2026-05-19T09:08:49.663+0000] {processor.py:183} INFO - Processing /home/airflow/.local/lib/python3.12/site-packages/airflow/example_dags/example_dynamic_task_mapping.py took 0.269 seconds
[2026-05-19T09:09:21.093+0000] {processor.py:161} INFO - Started process (PID=8134) to work on /home/airflow/.local/lib/python3.12/site-packages/airflow/example_dags/example_dynamic_task_mapping.py
[2026-05-19T09:09:21.098+0000] {processor.py:830} INFO - Processing file /home/airflow/.local/lib/python3.12/site-packages/airflow/example_dags/example_dynamic_task_mapping.py for tasks to queue
[2026-05-19T09:09:21.104+0000] {logging_mixin.py:188} INFO - [2026-05-19T09:09:21.103+0000] {dagbag.py:545} INFO - Filling up the DagBag from /home/airflow/.local/lib/python3.12/site-packages/airflow/example_dags/example_dynamic_task_mapping.py
[2026-05-19T09:09:21.128+0000] {processor.py:840} INFO - DAG(s) 'example_dynamic_task_mapping' retrieved from /home/airflow/.local/lib/python3.12/site-packages/airflow/example_dags/example_dynamic_task_mapping.py
[2026-05-19T09:09:21.199+0000] {logging_mixin.py:188} INFO - [2026-05-19T09:09:21.198+0000] {dag.py:3089} INFO - Sync 1 DAGs
[2026-05-19T09:09:21.299+0000] {logging_mixin.py:188} INFO - [2026-05-19T09:09:21.298+0000] {dag.py:3947} INFO - Setting next_dagrun for example_dynamic_task_mapping to 2022-03-04 00:00:00+00:00, run_after=2022-03-05 00:00:00+00:00
[2026-05-19T09:09:21.370+0000] {processor.py:183} INFO - Processing /home/airflow/.local/lib/python3.12/site-packages/airflow/example_dags/example_dynamic_task_mapping.py took 0.303 seconds
[2026-05-19T09:09:52.145+0000] {processor.py:161} INFO - Started process (PID=8196) to work on /home/airflow/.local/lib/python3.12/site-packages/airflow/example_dags/example_dynamic_task_mapping.py
[2026-05-19T09:09:52.148+0000] {processor.py:830} INFO - Processing file /home/airflow/.local/lib/python3.12/site-packages/airflow/example_dags/example_dynamic_task_mapping.py for tasks to queue
[2026-05-19T09:09:52.154+0000] {logging_mixin.py:188} INFO - [2026-05-19T09:09:52.153+0000] {dagbag.py:545} INFO - Filling up the DagBag from /home/airflow/.local/lib/python3.12/site-packages/airflow/example_dags/example_dynamic_task_mapping.py
[2026-05-19T09:09:52.172+0000] {processor.py:840} INFO - DAG(s) 'example_dynamic_task_mapping' retrieved from /home/airflow/.local/lib/python3.12/site-packages/airflow/example_dags/example_dynamic_task_mapping.py
[2026-05-19T09:09:52.233+0000] {logging_mixin.py:188} INFO - [2026-05-19T09:09:52.232+0000] {dag.py:3089} INFO - Sync 1 DAGs
[2026-05-19T09:09:52.294+0000] {logging_mixin.py:188} INFO - [2026-05-19T09:09:52.294+0000] {dag.py:3947} INFO - Setting next_dagrun for example_dynamic_task_mapping to 2022-03-04 00:00:00+00:00, run_after=2022-03-05 00:00:00+00:00
[2026-05-19T09:09:52.355+0000] {processor.py:183} INFO - Processing /home/airflow/.local/lib/python3.12/site-packages/airflow/example_dags/example_dynamic_task_mapping.py took 0.225 seconds
[2026-05-19T09:10:23.072+0000] {processor.py:161} INFO - Started process (PID=8256) to work on /home/airflow/.local/lib/python3.12/site-packages/airflow/example_dags/example_dynamic_task_mapping.py
[2026-05-19T09:10:23.076+0000] {processor.py:830} INFO - Processing file /home/airflow/.local/lib/python3.12/site-packages/airflow/example_dags/example_dynamic_task_mapping.py for tasks to queue
[2026-05-19T09:10:23.084+0000] {logging_mixin.py:188} INFO - [2026-05-19T09:10:23.082+0000] {dagbag.py:545} INFO - Filling up the DagBag from /home/airflow/.local/lib/python3.12/site-packages/airflow/example_dags/example_dynamic_task_mapping.py
[2026-05-19T09:10:23.111+0000] {processor.py:840} INFO - DAG(s) 'example_dynamic_task_mapping' retrieved from /home/airflow/.local/lib/python3.12/site-packages/airflow/example_dags/example_dynamic_task_mapping.py
[2026-05-19T09:10:23.180+0000] {logging_mixin.py:188} INFO - [2026-05-19T09:10:23.179+0000] {dag.py:3089} INFO - Sync 1 DAGs
[2026-05-19T09:10:23.258+0000] {logging_mixin.py:188} INFO - [2026-05-19T09:10:23.257+0000] {dag.py:3947} INFO - Setting next_dagrun for example_dynamic_task_mapping to 2022-03-04 00:00:00+00:00, run_after=2022-03-05 00:00:00+00:00
[2026-05-19T09:10:23.349+0000] {processor.py:183} INFO - Processing /home/airflow/.local/lib/python3.12/site-packages/airflow/example_dags/example_dynamic_task_mapping.py took 0.299 seconds
[2026-05-19T09:10:54.161+0000] {processor.py:161} INFO - Started process (PID=8314) to work on /home/airflow/.local/lib/python3.12/site-packages/airflow/example_dags/example_dynamic_task_mapping.py
[2026-05-19T09:10:54.165+0000] {processor.py:830} INFO - Processing file /home/airflow/.local/lib/python3.12/site-packages/airflow/example_dags/example_dynamic_task_mapping.py for tasks to queue
[2026-05-19T09:10:54.172+0000] {logging_mixin.py:188} INFO - [2026-05-19T09:10:54.171+0000] {dagbag.py:545} INFO - Filling up the DagBag from /home/airflow/.local/lib/python3.12/site-packages/airflow/example_dags/example_dynamic_task_mapping.py
[2026-05-19T09:10:54.200+0000] {processor.py:840} INFO - DAG(s) 'example_dynamic_task_mapping' retrieved from /home/airflow/.local/lib/python3.12/site-packages/airflow/example_dags/example_dynamic_task_mapping.py
[2026-05-19T09:10:54.272+0000] {logging_mixin.py:188} INFO - [2026-05-19T09:10:54.272+0000] {dag.py:3089} INFO - Sync 1 DAGs
[2026-05-19T09:10:54.339+0000] {logging_mixin.py:188} INFO - [2026-05-19T09:10:54.338+0000] {dag.py:3947} INFO - Setting next_dagrun for example_dynamic_task_mapping to 2022-03-04 00:00:00+00:00, run_after=2022-03-05 00:00:00+00:00
[2026-05-19T09:10:54.401+0000] {processor.py:183} INFO - Processing /home/airflow/.local/lib/python3.12/site-packages/airflow/example_dags/example_dynamic_task_mapping.py took 0.261 seconds
[2026-05-19T09:11:25.106+0000] {processor.py:161} INFO - Started process (PID=8374) to work on /home/airflow/.local/lib/python3.12/site-packages/airflow/example_dags/example_dynamic_task_mapping.py
[2026-05-19T09:11:25.110+0000] {processor.py:830} INFO - Processing file /home/airflow/.local/lib/python3.12/site-packages/airflow/example_dags/example_dynamic_task_mapping.py for tasks to queue
[2026-05-19T09:11:25.121+0000] {logging_mixin.py:188} INFO - [2026-05-19T09:11:25.119+0000] {dagbag.py:545} INFO - Filling up the DagBag from /home/airflow/.local/lib/python3.12/site-packages/airflow/example_dags/example_dynamic_task_mapping.py
[2026-05-19T09:11:25.149+0000] {processor.py:840} INFO - DAG(s) 'example_dynamic_task_mapping' retrieved from /home/airflow/.local/lib/python3.12/site-packages/airflow/example_dags/example_dynamic_task_mapping.py
[2026-05-19T09:11:25.215+0000] {logging_mixin.py:188} INFO - [2026-05-19T09:11:25.214+0000] {dag.py:3089} INFO - Sync 1 DAGs
[2026-05-19T09:11:25.279+0000] {logging_mixin.py:188} INFO - [2026-05-19T09:11:25.279+0000] {dag.py:3947} INFO - Setting next_dagrun for example_dynamic_task_mapping to 2022-03-04 00:00:00+00:00, run_after=2022-03-05 00:00:00+00:00
[2026-05-19T09:11:25.339+0000] {processor.py:183} INFO - Processing /home/airflow/.local/lib/python3.12/site-packages/airflow/example_dags/example_dynamic_task_mapping.py took 0.255 seconds
[2026-05-19T09:11:56.351+0000] {processor.py:161} INFO - Started process (PID=8434) to work on /home/airflow/.local/lib/python3.12/site-packages/airflow/example_dags/example_dynamic_task_mapping.py
[2026-05-19T09:11:56.355+0000] {processor.py:830} INFO - Processing file /home/airflow/.local/lib/python3.12/site-packages/airflow/example_dags/example_dynamic_task_mapping.py for tasks to queue
[2026-05-19T09:11:56.361+0000] {logging_mixin.py:188} INFO - [2026-05-19T09:11:56.360+0000] {dagbag.py:545} INFO - Filling up the DagBag from /home/airflow/.local/lib/python3.12/site-packages/airflow/example_dags/example_dynamic_task_mapping.py
[2026-05-19T09:11:56.389+0000] {processor.py:840} INFO - DAG(s) 'example_dynamic_task_mapping' retrieved from /home/airflow/.local/lib/python3.12/site-packages/airflow/example_dags/example_dynamic_task_mapping.py
[2026-05-19T09:11:56.466+0000] {logging_mixin.py:188} INFO - [2026-05-19T09:11:56.465+0000] {dag.py:3089} INFO - Sync 1 DAGs
[2026-05-19T09:11:56.557+0000] {logging_mixin.py:188} INFO - [2026-05-19T09:11:56.556+0000] {dag.py:3947} INFO - Setting next_dagrun for example_dynamic_task_mapping to 2022-03-04 00:00:00+00:00, run_after=2022-03-05 00:00:00+00:00
[2026-05-19T09:11:56.651+0000] {processor.py:183} INFO - Processing /home/airflow/.local/lib/python3.12/site-packages/airflow/example_dags/example_dynamic_task_mapping.py took 0.321 seconds
[2026-05-19T09:12:27.212+0000] {processor.py:161} INFO - Started process (PID=8494) to work on /home/airflow/.local/lib/python3.12/site-packages/airflow/example_dags/example_dynamic_task_mapping.py
[2026-05-19T09:12:27.215+0000] {processor.py:830} INFO - Processing file /home/airflow/.local/lib/python3.12/site-packages/airflow/example_dags/example_dynamic_task_mapping.py for tasks to queue
[2026-05-19T09:12:27.225+0000] {logging_mixin.py:188} INFO - [2026-05-19T09:12:27.223+0000] {dagbag.py:545} INFO - Filling up the DagBag from /home/airflow/.local/lib/python3.12/site-packages/airflow/example_dags/example_dynamic_task_mapping.py
[2026-05-19T09:12:27.256+0000] {processor.py:840} INFO - DAG(s) 'example_dynamic_task_mapping' retrieved from /home/airflow/.local/lib/python3.12/site-packages/airflow/example_dags/example_dynamic_task_mapping.py
[2026-05-19T09:12:27.313+0000] {logging_mixin.py:188} INFO - [2026-05-19T09:12:27.312+0000] {dag.py:3089} INFO - Sync 1 DAGs
[2026-05-19T09:12:27.382+0000] {logging_mixin.py:188} INFO - [2026-05-19T09:12:27.381+0000] {dag.py:3947} INFO - Setting next_dagrun for example_dynamic_task_mapping to 2022-03-04 00:00:00+00:00, run_after=2022-03-05 00:00:00+00:00
[2026-05-19T09:12:27.440+0000] {processor.py:183} INFO - Processing /home/airflow/.local/lib/python3.12/site-packages/airflow/example_dags/example_dynamic_task_mapping.py took 0.246 seconds
[2026-05-19T09:12:57.948+0000] {processor.py:161} INFO - Started process (PID=8554) to work on /home/airflow/.local/lib/python3.12/site-packages/airflow/example_dags/example_dynamic_task_mapping.py
[2026-05-19T09:12:57.951+0000] {processor.py:830} INFO - Processing file /home/airflow/.local/lib/python3.12/site-packages/airflow/example_dags/example_dynamic_task_mapping.py for tasks to queue
[2026-05-19T09:12:57.957+0000] {logging_mixin.py:188} INFO - [2026-05-19T09:12:57.956+0000] {dagbag.py:545} INFO - Filling up the DagBag from /home/airflow/.local/lib/python3.12/site-packages/airflow/example_dags/example_dynamic_task_mapping.py
[2026-05-19T09:12:57.982+0000] {processor.py:840} INFO - DAG(s) 'example_dynamic_task_mapping' retrieved from /home/airflow/.local/lib/python3.12/site-packages/airflow/example_dags/example_dynamic_task_mapping.py
[2026-05-19T09:12:58.044+0000] {logging_mixin.py:188} INFO - [2026-05-19T09:12:58.043+0000] {dag.py:3089} INFO - Sync 1 DAGs
[2026-05-19T09:12:58.123+0000] {logging_mixin.py:188} INFO - [2026-05-19T09:12:58.122+0000] {dag.py:3947} INFO - Setting next_dagrun for example_dynamic_task_mapping to 2022-03-04 00:00:00+00:00, run_after=2022-03-05 00:00:00+00:00
[2026-05-19T09:12:58.204+0000] {processor.py:183} INFO - Processing /home/airflow/.local/lib/python3.12/site-packages/airflow/example_dags/example_dynamic_task_mapping.py took 0.274 seconds
[2026-05-19T09:13:28.475+0000] {processor.py:161} INFO - Started process (PID=8614) to work on /home/airflow/.local/lib/python3.12/site-packages/airflow/example_dags/example_dynamic_task_mapping.py
[2026-05-19T09:13:28.478+0000] {processor.py:830} INFO - Processing file /home/airflow/.local/lib/python3.12/site-packages/airflow/example_dags/example_dynamic_task_mapping.py for tasks to queue
[2026-05-19T09:13:28.484+0000] {logging_mixin.py:188} INFO - [2026-05-19T09:13:28.483+0000] {dagbag.py:545} INFO - Filling up the DagBag from /home/airflow/.local/lib/python3.12/site-packages/airflow/example_dags/example_dynamic_task_mapping.py
[2026-05-19T09:13:28.507+0000] {processor.py:840} INFO - DAG(s) 'example_dynamic_task_mapping' retrieved from /home/airflow/.local/lib/python3.12/site-packages/airflow/example_dags/example_dynamic_task_mapping.py
[2026-05-19T09:13:28.570+0000] {logging_mixin.py:188} INFO - [2026-05-19T09:13:28.569+0000] {dag.py:3089} INFO - Sync 1 DAGs
[2026-05-19T09:13:28.625+0000] {logging_mixin.py:188} INFO - [2026-05-19T09:13:28.625+0000] {dag.py:3947} INFO - Setting next_dagrun for example_dynamic_task_mapping to 2022-03-04 00:00:00+00:00, run_after=2022-03-05 00:00:00+00:00
[2026-05-19T09:13:28.680+0000] {processor.py:183} INFO - Processing /home/airflow/.local/lib/python3.12/site-packages/airflow/example_dags/example_dynamic_task_mapping.py took 0.229 seconds
[2026-05-19T09:13:59.169+0000] {processor.py:161} INFO - Started process (PID=8674) to work on /home/airflow/.local/lib/python3.12/site-packages/airflow/example_dags/example_dynamic_task_mapping.py
[2026-05-19T09:13:59.173+0000] {processor.py:830} INFO - Processing file /home/airflow/.local/lib/python3.12/site-packages/airflow/example_dags/example_dynamic_task_mapping.py for tasks to queue
[2026-05-19T09:13:59.194+0000] {logging_mixin.py:188} INFO - [2026-05-19T09:13:59.191+0000] {dagbag.py:545} INFO - Filling up the DagBag from /home/airflow/.local/lib/python3.12/site-packages/airflow/example_dags/example_dynamic_task_mapping.py
[2026-05-19T09:13:59.225+0000] {processor.py:840} INFO - DAG(s) 'example_dynamic_task_mapping' retrieved from /home/airflow/.local/lib/python3.12/site-packages/airflow/example_dags/example_dynamic_task_mapping.py
[2026-05-19T09:13:59.288+0000] {logging_mixin.py:188} INFO - [2026-05-19T09:13:59.287+0000] {dag.py:3089} INFO - Sync 1 DAGs
[2026-05-19T09:13:59.376+0000] {logging_mixin.py:188} INFO - [2026-05-19T09:13:59.375+0000] {dag.py:3947} INFO - Setting next_dagrun for example_dynamic_task_mapping to 2022-03-04 00:00:00+00:00, run_after=2022-03-05 00:00:00+00:00
[2026-05-19T09:13:59.473+0000] {processor.py:183} INFO - Processing /home/airflow/.local/lib/python3.12/site-packages/airflow/example_dags/example_dynamic_task_mapping.py took 0.337 seconds
[2026-05-19T09:14:29.604+0000] {processor.py:161} INFO - Started process (PID=8732) to work on /home/airflow/.local/lib/python3.12/site-packages/airflow/example_dags/example_dynamic_task_mapping.py
[2026-05-19T09:14:29.607+0000] {processor.py:830} INFO - Processing file /home/airflow/.local/lib/python3.12/site-packages/airflow/example_dags/example_dynamic_task_mapping.py for tasks to queue
[2026-05-19T09:14:29.613+0000] {logging_mixin.py:188} INFO - [2026-05-19T09:14:29.613+0000] {dagbag.py:545} INFO - Filling up the DagBag from /home/airflow/.local/lib/python3.12/site-packages/airflow/example_dags/example_dynamic_task_mapping.py
[2026-05-19T09:14:29.631+0000] {processor.py:840} INFO - DAG(s) 'example_dynamic_task_mapping' retrieved from /home/airflow/.local/lib/python3.12/site-packages/airflow/example_dags/example_dynamic_task_mapping.py
[2026-05-19T09:14:29.691+0000] {logging_mixin.py:188} INFO - [2026-05-19T09:14:29.690+0000] {dag.py:3089} INFO - Sync 1 DAGs
[2026-05-19T09:14:29.749+0000] {logging_mixin.py:188} INFO - [2026-05-19T09:14:29.749+0000] {dag.py:3947} INFO - Setting next_dagrun for example_dynamic_task_mapping to 2022-03-04 00:00:00+00:00, run_after=2022-03-05 00:00:00+00:00
[2026-05-19T09:14:29.814+0000] {processor.py:183} INFO - Processing /home/airflow/.local/lib/python3.12/site-packages/airflow/example_dags/example_dynamic_task_mapping.py took 0.225 seconds
[2026-05-19T09:15:00.167+0000] {processor.py:161} INFO - Started process (PID=8792) to work on /home/airflow/.local/lib/python3.12/site-packages/airflow/example_dags/example_dynamic_task_mapping.py
[2026-05-19T09:15:00.178+0000] {processor.py:830} INFO - Processing file /home/airflow/.local/lib/python3.12/site-packages/airflow/example_dags/example_dynamic_task_mapping.py for tasks to queue
[2026-05-19T09:15:00.194+0000] {logging_mixin.py:188} INFO - [2026-05-19T09:15:00.189+0000] {dagbag.py:545} INFO - Filling up the DagBag from /home/airflow/.local/lib/python3.12/site-packages/airflow/example_dags/example_dynamic_task_mapping.py
[2026-05-19T09:15:00.224+0000] {processor.py:840} INFO - DAG(s) 'example_dynamic_task_mapping' retrieved from /home/airflow/.local/lib/python3.12/site-packages/airflow/example_dags/example_dynamic_task_mapping.py
[2026-05-19T09:15:00.298+0000] {logging_mixin.py:188} INFO - [2026-05-19T09:15:00.297+0000] {dag.py:3089} INFO - Sync 1 DAGs
[2026-05-19T09:15:00.492+0000] {logging_mixin.py:188} INFO - [2026-05-19T09:15:00.490+0000] {dag.py:3947} INFO - Setting next_dagrun for example_dynamic_task_mapping to 2022-03-04 00:00:00+00:00, run_after=2022-03-05 00:00:00+00:00
[2026-05-19T09:15:00.643+0000] {processor.py:183} INFO - Processing /home/airflow/.local/lib/python3.12/site-packages/airflow/example_dags/example_dynamic_task_mapping.py took 0.532 seconds
[2026-05-19T09:15:31.125+0000] {processor.py:161} INFO - Started process (PID=8852) to work on /home/airflow/.local/lib/python3.12/site-packages/airflow/example_dags/example_dynamic_task_mapping.py
[2026-05-19T09:15:31.128+0000] {processor.py:830} INFO - Processing file /home/airflow/.local/lib/python3.12/site-packages/airflow/example_dags/example_dynamic_task_mapping.py for tasks to queue
[2026-05-19T09:15:31.135+0000] {logging_mixin.py:188} INFO - [2026-05-19T09:15:31.134+0000] {dagbag.py:545} INFO - Filling up the DagBag from /home/airflow/.local/lib/python3.12/site-packages/airflow/example_dags/example_dynamic_task_mapping.py
[2026-05-19T09:15:31.157+0000] {processor.py:840} INFO - DAG(s) 'example_dynamic_task_mapping' retrieved from /home/airflow/.local/lib/python3.12/site-packages/airflow/example_dags/example_dynamic_task_mapping.py
[2026-05-19T09:15:31.217+0000] {logging_mixin.py:188} INFO - [2026-05-19T09:15:31.216+0000] {dag.py:3089} INFO - Sync 1 DAGs
[2026-05-19T09:15:31.277+0000] {logging_mixin.py:188} INFO - [2026-05-19T09:15:31.276+0000] {dag.py:3947} INFO - Setting next_dagrun for example_dynamic_task_mapping to 2022-03-04 00:00:00+00:00, run_after=2022-03-05 00:00:00+00:00
[2026-05-19T09:15:31.354+0000] {processor.py:183} INFO - Processing /home/airflow/.local/lib/python3.12/site-packages/airflow/example_dags/example_dynamic_task_mapping.py took 0.247 seconds
[2026-05-19T09:16:02.270+0000] {processor.py:161} INFO - Started process (PID=8912) to work on /home/airflow/.local/lib/python3.12/site-packages/airflow/example_dags/example_dynamic_task_mapping.py
[2026-05-19T09:16:02.274+0000] {processor.py:830} INFO - Processing file /home/airflow/.local/lib/python3.12/site-packages/airflow/example_dags/example_dynamic_task_mapping.py for tasks to queue
[2026-05-19T09:16:02.280+0000] {logging_mixin.py:188} INFO - [2026-05-19T09:16:02.279+0000] {dagbag.py:545} INFO - Filling up the DagBag from /home/airflow/.local/lib/python3.12/site-packages/airflow/example_dags/example_dynamic_task_mapping.py
[2026-05-19T09:16:02.300+0000] {processor.py:840} INFO - DAG(s) 'example_dynamic_task_mapping' retrieved from /home/airflow/.local/lib/python3.12/site-packages/airflow/example_dags/example_dynamic_task_mapping.py
[2026-05-19T09:16:02.359+0000] {logging_mixin.py:188} INFO - [2026-05-19T09:16:02.358+0000] {dag.py:3089} INFO - Sync 1 DAGs
[2026-05-19T09:16:02.426+0000] {logging_mixin.py:188} INFO - [2026-05-19T09:16:02.425+0000] {dag.py:3947} INFO - Setting next_dagrun for example_dynamic_task_mapping to 2022-03-04 00:00:00+00:00, run_after=2022-03-05 00:00:00+00:00
[2026-05-19T09:16:02.496+0000] {processor.py:183} INFO - Processing /home/airflow/.local/lib/python3.12/site-packages/airflow/example_dags/example_dynamic_task_mapping.py took 0.249 seconds
[2026-05-19T09:16:33.149+0000] {processor.py:161} INFO - Started process (PID=8972) to work on /home/airflow/.local/lib/python3.12/site-packages/airflow/example_dags/example_dynamic_task_mapping.py
[2026-05-19T09:16:33.154+0000] {processor.py:830} INFO - Processing file /home/airflow/.local/lib/python3.12/site-packages/airflow/example_dags/example_dynamic_task_mapping.py for tasks to queue
[2026-05-19T09:16:33.161+0000] {logging_mixin.py:188} INFO - [2026-05-19T09:16:33.160+0000] {dagbag.py:545} INFO - Filling up the DagBag from /home/airflow/.local/lib/python3.12/site-packages/airflow/example_dags/example_dynamic_task_mapping.py
[2026-05-19T09:16:33.186+0000] {processor.py:840} INFO - DAG(s) 'example_dynamic_task_mapping' retrieved from /home/airflow/.local/lib/python3.12/site-packages/airflow/example_dags/example_dynamic_task_mapping.py
[2026-05-19T09:16:33.266+0000] {logging_mixin.py:188} INFO - [2026-05-19T09:16:33.263+0000] {dag.py:3089} INFO - Sync 1 DAGs
[2026-05-19T09:16:33.356+0000] {logging_mixin.py:188} INFO - [2026-05-19T09:16:33.356+0000] {dag.py:3947} INFO - Setting next_dagrun for example_dynamic_task_mapping to 2022-03-04 00:00:00+00:00, run_after=2022-03-05 00:00:00+00:00
[2026-05-19T09:16:33.439+0000] {processor.py:183} INFO - Processing /home/airflow/.local/lib/python3.12/site-packages/airflow/example_dags/example_dynamic_task_mapping.py took 0.319 seconds
[2026-05-19T09:17:04.543+0000] {processor.py:161} INFO - Started process (PID=9032) to work on /home/airflow/.local/lib/python3.12/site-packages/airflow/example_dags/example_dynamic_task_mapping.py
[2026-05-19T09:17:04.549+0000] {processor.py:830} INFO - Processing file /home/airflow/.local/lib/python3.12/site-packages/airflow/example_dags/example_dynamic_task_mapping.py for tasks to queue
[2026-05-19T09:17:04.589+0000] {logging_mixin.py:188} INFO - [2026-05-19T09:17:04.584+0000] {dagbag.py:545} INFO - Filling up the DagBag from /home/airflow/.local/lib/python3.12/site-packages/airflow/example_dags/example_dynamic_task_mapping.py
[2026-05-19T09:17:04.643+0000] {processor.py:840} INFO - DAG(s) 'example_dynamic_task_mapping' retrieved from /home/airflow/.local/lib/python3.12/site-packages/airflow/example_dags/example_dynamic_task_mapping.py
[2026-05-19T09:17:04.724+0000] {logging_mixin.py:188} INFO - [2026-05-19T09:17:04.723+0000] {dag.py:3089} INFO - Sync 1 DAGs
[2026-05-19T09:17:04.817+0000] {logging_mixin.py:188} INFO - [2026-05-19T09:17:04.815+0000] {dag.py:3947} INFO - Setting next_dagrun for example_dynamic_task_mapping to 2022-03-04 00:00:00+00:00, run_after=2022-03-05 00:00:00+00:00
[2026-05-19T09:17:04.892+0000] {processor.py:183} INFO - Processing /home/airflow/.local/lib/python3.12/site-packages/airflow/example_dags/example_dynamic_task_mapping.py took 0.414 seconds
[2026-05-19T09:17:35.418+0000] {processor.py:161} INFO - Started process (PID=9092) to work on /home/airflow/.local/lib/python3.12/site-packages/airflow/example_dags/example_dynamic_task_mapping.py
[2026-05-19T09:17:35.421+0000] {processor.py:830} INFO - Processing file /home/airflow/.local/lib/python3.12/site-packages/airflow/example_dags/example_dynamic_task_mapping.py for tasks to queue
[2026-05-19T09:17:35.427+0000] {logging_mixin.py:188} INFO - [2026-05-19T09:17:35.426+0000] {dagbag.py:545} INFO - Filling up the DagBag from /home/airflow/.local/lib/python3.12/site-packages/airflow/example_dags/example_dynamic_task_mapping.py
[2026-05-19T09:17:35.456+0000] {processor.py:840} INFO - DAG(s) 'example_dynamic_task_mapping' retrieved from /home/airflow/.local/lib/python3.12/site-packages/airflow/example_dags/example_dynamic_task_mapping.py
[2026-05-19T09:17:35.524+0000] {logging_mixin.py:188} INFO - [2026-05-19T09:17:35.523+0000] {dag.py:3089} INFO - Sync 1 DAGs
[2026-05-19T09:17:35.585+0000] {logging_mixin.py:188} INFO - [2026-05-19T09:17:35.584+0000] {dag.py:3947} INFO - Setting next_dagrun for example_dynamic_task_mapping to 2022-03-04 00:00:00+00:00, run_after=2022-03-05 00:00:00+00:00
[2026-05-19T09:17:35.669+0000] {processor.py:183} INFO - Processing /home/airflow/.local/lib/python3.12/site-packages/airflow/example_dags/example_dynamic_task_mapping.py took 0.266 seconds
[2026-05-19T09:18:05.985+0000] {processor.py:161} INFO - Started process (PID=9152) to work on /home/airflow/.local/lib/python3.12/site-packages/airflow/example_dags/example_dynamic_task_mapping.py
[2026-05-19T09:18:05.991+0000] {processor.py:830} INFO - Processing file /home/airflow/.local/lib/python3.12/site-packages/airflow/example_dags/example_dynamic_task_mapping.py for tasks to queue
[2026-05-19T09:18:05.999+0000] {logging_mixin.py:188} INFO - [2026-05-19T09:18:05.998+0000] {dagbag.py:545} INFO - Filling up the DagBag from /home/airflow/.local/lib/python3.12/site-packages/airflow/example_dags/example_dynamic_task_mapping.py
[2026-05-19T09:18:06.020+0000] {processor.py:840} INFO - DAG(s) 'example_dynamic_task_mapping' retrieved from /home/airflow/.local/lib/python3.12/site-packages/airflow/example_dags/example_dynamic_task_mapping.py
[2026-05-19T09:18:06.084+0000] {logging_mixin.py:188} INFO - [2026-05-19T09:18:06.083+0000] {dag.py:3089} INFO - Sync 1 DAGs
[2026-05-19T09:18:06.148+0000] {logging_mixin.py:188} INFO - [2026-05-19T09:18:06.147+0000] {dag.py:3947} INFO - Setting next_dagrun for example_dynamic_task_mapping to 2022-03-04 00:00:00+00:00, run_after=2022-03-05 00:00:00+00:00
[2026-05-19T09:18:06.213+0000] {processor.py:183} INFO - Processing /home/airflow/.local/lib/python3.12/site-packages/airflow/example_dags/example_dynamic_task_mapping.py took 0.248 seconds
[2026-05-19T09:18:36.851+0000] {processor.py:161} INFO - Started process (PID=9212) to work on /home/airflow/.local/lib/python3.12/site-packages/airflow/example_dags/example_dynamic_task_mapping.py
[2026-05-19T09:18:36.855+0000] {processor.py:830} INFO - Processing file /home/airflow/.local/lib/python3.12/site-packages/airflow/example_dags/example_dynamic_task_mapping.py for tasks to queue
[2026-05-19T09:18:36.865+0000] {logging_mixin.py:188} INFO - [2026-05-19T09:18:36.862+0000] {dagbag.py:545} INFO - Filling up the DagBag from /home/airflow/.local/lib/python3.12/site-packages/airflow/example_dags/example_dynamic_task_mapping.py
[2026-05-19T09:18:36.893+0000] {processor.py:840} INFO - DAG(s) 'example_dynamic_task_mapping' retrieved from /home/airflow/.local/lib/python3.12/site-packages/airflow/example_dags/example_dynamic_task_mapping.py
[2026-05-19T09:18:36.969+0000] {logging_mixin.py:188} INFO - [2026-05-19T09:18:36.969+0000] {dag.py:3089} INFO - Sync 1 DAGs
[2026-05-19T09:18:37.032+0000] {logging_mixin.py:188} INFO - [2026-05-19T09:18:37.031+0000] {dag.py:3947} INFO - Setting next_dagrun for example_dynamic_task_mapping to 2022-03-04 00:00:00+00:00, run_after=2022-03-05 00:00:00+00:00
[2026-05-19T09:18:37.086+0000] {processor.py:183} INFO - Processing /home/airflow/.local/lib/python3.12/site-packages/airflow/example_dags/example_dynamic_task_mapping.py took 0.254 seconds
[2026-05-19T09:19:07.593+0000] {processor.py:161} INFO - Started process (PID=9272) to work on /home/airflow/.local/lib/python3.12/site-packages/airflow/example_dags/example_dynamic_task_mapping.py
[2026-05-19T09:19:07.597+0000] {processor.py:830} INFO - Processing file /home/airflow/.local/lib/python3.12/site-packages/airflow/example_dags/example_dynamic_task_mapping.py for tasks to queue
[2026-05-19T09:19:07.604+0000] {logging_mixin.py:188} INFO - [2026-05-19T09:19:07.603+0000] {dagbag.py:545} INFO - Filling up the DagBag from /home/airflow/.local/lib/python3.12/site-packages/airflow/example_dags/example_dynamic_task_mapping.py
[2026-05-19T09:19:07.633+0000] {processor.py:840} INFO - DAG(s) 'example_dynamic_task_mapping' retrieved from /home/airflow/.local/lib/python3.12/site-packages/airflow/example_dags/example_dynamic_task_mapping.py
[2026-05-19T09:19:07.688+0000] {logging_mixin.py:188} INFO - [2026-05-19T09:19:07.687+0000] {dag.py:3089} INFO - Sync 1 DAGs
[2026-05-19T09:19:07.748+0000] {logging_mixin.py:188} INFO - [2026-05-19T09:19:07.747+0000] {dag.py:3947} INFO - Setting next_dagrun for example_dynamic_task_mapping to 2022-03-04 00:00:00+00:00, run_after=2022-03-05 00:00:00+00:00
[2026-05-19T09:19:07.808+0000] {processor.py:183} INFO - Processing /home/airflow/.local/lib/python3.12/site-packages/airflow/example_dags/example_dynamic_task_mapping.py took 0.233 seconds
[2026-05-19T09:19:38.578+0000] {processor.py:161} INFO - Started process (PID=9332) to work on /home/airflow/.local/lib/python3.12/site-packages/airflow/example_dags/example_dynamic_task_mapping.py
[2026-05-19T09:19:38.582+0000] {processor.py:830} INFO - Processing file /home/airflow/.local/lib/python3.12/site-packages/airflow/example_dags/example_dynamic_task_mapping.py for tasks to queue
[2026-05-19T09:19:38.588+0000] {logging_mixin.py:188} INFO - [2026-05-19T09:19:38.587+0000] {dagbag.py:545} INFO - Filling up the DagBag from /home/airflow/.local/lib/python3.12/site-packages/airflow/example_dags/example_dynamic_task_mapping.py
[2026-05-19T09:19:38.609+0000] {processor.py:840} INFO - DAG(s) 'example_dynamic_task_mapping' retrieved from /home/airflow/.local/lib/python3.12/site-packages/airflow/example_dags/example_dynamic_task_mapping.py
[2026-05-19T09:19:38.672+0000] {logging_mixin.py:188} INFO - [2026-05-19T09:19:38.672+0000] {dag.py:3089} INFO - Sync 1 DAGs
[2026-05-19T09:19:38.734+0000] {logging_mixin.py:188} INFO - [2026-05-19T09:19:38.733+0000] {dag.py:3947} INFO - Setting next_dagrun for example_dynamic_task_mapping to 2022-03-04 00:00:00+00:00, run_after=2022-03-05 00:00:00+00:00
[2026-05-19T09:19:38.795+0000] {processor.py:183} INFO - Processing /home/airflow/.local/lib/python3.12/site-packages/airflow/example_dags/example_dynamic_task_mapping.py took 0.234 seconds
[2026-05-19T09:20:09.915+0000] {processor.py:161} INFO - Started process (PID=9392) to work on /home/airflow/.local/lib/python3.12/site-packages/airflow/example_dags/example_dynamic_task_mapping.py
[2026-05-19T09:20:09.918+0000] {processor.py:830} INFO - Processing file /home/airflow/.local/lib/python3.12/site-packages/airflow/example_dags/example_dynamic_task_mapping.py for tasks to queue
[2026-05-19T09:20:09.926+0000] {logging_mixin.py:188} INFO - [2026-05-19T09:20:09.924+0000] {dagbag.py:545} INFO - Filling up the DagBag from /home/airflow/.local/lib/python3.12/site-packages/airflow/example_dags/example_dynamic_task_mapping.py
[2026-05-19T09:20:09.954+0000] {processor.py:840} INFO - DAG(s) 'example_dynamic_task_mapping' retrieved from /home/airflow/.local/lib/python3.12/site-packages/airflow/example_dags/example_dynamic_task_mapping.py
[2026-05-19T09:20:10.031+0000] {logging_mixin.py:188} INFO - [2026-05-19T09:20:10.029+0000] {dag.py:3089} INFO - Sync 1 DAGs
[2026-05-19T09:20:10.111+0000] {logging_mixin.py:188} INFO - [2026-05-19T09:20:10.110+0000] {dag.py:3947} INFO - Setting next_dagrun for example_dynamic_task_mapping to 2022-03-04 00:00:00+00:00, run_after=2022-03-05 00:00:00+00:00
[2026-05-19T09:20:10.182+0000] {processor.py:183} INFO - Processing /home/airflow/.local/lib/python3.12/site-packages/airflow/example_dags/example_dynamic_task_mapping.py took 0.289 seconds
[2026-05-19T09:20:41.176+0000] {processor.py:161} INFO - Started process (PID=9450) to work on /home/airflow/.local/lib/python3.12/site-packages/airflow/example_dags/example_dynamic_task_mapping.py
[2026-05-19T09:20:41.185+0000] {processor.py:830} INFO - Processing file /home/airflow/.local/lib/python3.12/site-packages/airflow/example_dags/example_dynamic_task_mapping.py for tasks to queue
[2026-05-19T09:20:41.193+0000] {logging_mixin.py:188} INFO - [2026-05-19T09:20:41.191+0000] {dagbag.py:545} INFO - Filling up the DagBag from /home/airflow/.local/lib/python3.12/site-packages/airflow/example_dags/example_dynamic_task_mapping.py
[2026-05-19T09:20:41.211+0000] {processor.py:840} INFO - DAG(s) 'example_dynamic_task_mapping' retrieved from /home/airflow/.local/lib/python3.12/site-packages/airflow/example_dags/example_dynamic_task_mapping.py
[2026-05-19T09:20:41.266+0000] {logging_mixin.py:188} INFO - [2026-05-19T09:20:41.265+0000] {dag.py:3089} INFO - Sync 1 DAGs
[2026-05-19T09:20:41.327+0000] {logging_mixin.py:188} INFO - [2026-05-19T09:20:41.327+0000] {dag.py:3947} INFO - Setting next_dagrun for example_dynamic_task_mapping to 2022-03-04 00:00:00+00:00, run_after=2022-03-05 00:00:00+00:00
[2026-05-19T09:20:41.386+0000] {processor.py:183} INFO - Processing /home/airflow/.local/lib/python3.12/site-packages/airflow/example_dags/example_dynamic_task_mapping.py took 0.226 seconds
[2026-05-19T09:21:12.254+0000] {processor.py:161} INFO - Started process (PID=9510) to work on /home/airflow/.local/lib/python3.12/site-packages/airflow/example_dags/example_dynamic_task_mapping.py
[2026-05-19T09:21:12.257+0000] {processor.py:830} INFO - Processing file /home/airflow/.local/lib/python3.12/site-packages/airflow/example_dags/example_dynamic_task_mapping.py for tasks to queue
[2026-05-19T09:21:12.265+0000] {logging_mixin.py:188} INFO - [2026-05-19T09:21:12.264+0000] {dagbag.py:545} INFO - Filling up the DagBag from /home/airflow/.local/lib/python3.12/site-packages/airflow/example_dags/example_dynamic_task_mapping.py
[2026-05-19T09:21:12.286+0000] {processor.py:840} INFO - DAG(s) 'example_dynamic_task_mapping' retrieved from /home/airflow/.local/lib/python3.12/site-packages/airflow/example_dags/example_dynamic_task_mapping.py
[2026-05-19T09:21:12.341+0000] {logging_mixin.py:188} INFO - [2026-05-19T09:21:12.341+0000] {dag.py:3089} INFO - Sync 1 DAGs
[2026-05-19T09:21:12.403+0000] {logging_mixin.py:188} INFO - [2026-05-19T09:21:12.402+0000] {dag.py:3947} INFO - Setting next_dagrun for example_dynamic_task_mapping to 2022-03-04 00:00:00+00:00, run_after=2022-03-05 00:00:00+00:00
[2026-05-19T09:21:12.460+0000] {processor.py:183} INFO - Processing /home/airflow/.local/lib/python3.12/site-packages/airflow/example_dags/example_dynamic_task_mapping.py took 0.228 seconds
[2026-05-19T09:21:43.487+0000] {processor.py:161} INFO - Started process (PID=9570) to work on /home/airflow/.local/lib/python3.12/site-packages/airflow/example_dags/example_dynamic_task_mapping.py
[2026-05-19T09:21:43.491+0000] {processor.py:830} INFO - Processing file /home/airflow/.local/lib/python3.12/site-packages/airflow/example_dags/example_dynamic_task_mapping.py for tasks to queue
[2026-05-19T09:21:43.503+0000] {logging_mixin.py:188} INFO - [2026-05-19T09:21:43.501+0000] {dagbag.py:545} INFO - Filling up the DagBag from /home/airflow/.local/lib/python3.12/site-packages/airflow/example_dags/example_dynamic_task_mapping.py
[2026-05-19T09:21:43.527+0000] {processor.py:840} INFO - DAG(s) 'example_dynamic_task_mapping' retrieved from /home/airflow/.local/lib/python3.12/site-packages/airflow/example_dags/example_dynamic_task_mapping.py
[2026-05-19T09:21:43.625+0000] {logging_mixin.py:188} INFO - [2026-05-19T09:21:43.624+0000] {dag.py:3089} INFO - Sync 1 DAGs
[2026-05-19T09:21:43.742+0000] {logging_mixin.py:188} INFO - [2026-05-19T09:21:43.740+0000] {dag.py:3947} INFO - Setting next_dagrun for example_dynamic_task_mapping to 2022-03-04 00:00:00+00:00, run_after=2022-03-05 00:00:00+00:00
[2026-05-19T09:21:43.819+0000] {processor.py:183} INFO - Processing /home/airflow/.local/lib/python3.12/site-packages/airflow/example_dags/example_dynamic_task_mapping.py took 0.353 seconds
[2026-05-19T09:22:14.324+0000] {processor.py:161} INFO - Started process (PID=9630) to work on /home/airflow/.local/lib/python3.12/site-packages/airflow/example_dags/example_dynamic_task_mapping.py
[2026-05-19T09:22:14.335+0000] {processor.py:830} INFO - Processing file /home/airflow/.local/lib/python3.12/site-packages/airflow/example_dags/example_dynamic_task_mapping.py for tasks to queue
[2026-05-19T09:22:14.348+0000] {logging_mixin.py:188} INFO - [2026-05-19T09:22:14.346+0000] {dagbag.py:545} INFO - Filling up the DagBag from /home/airflow/.local/lib/python3.12/site-packages/airflow/example_dags/example_dynamic_task_mapping.py
[2026-05-19T09:22:14.370+0000] {processor.py:840} INFO - DAG(s) 'example_dynamic_task_mapping' retrieved from /home/airflow/.local/lib/python3.12/site-packages/airflow/example_dags/example_dynamic_task_mapping.py
[2026-05-19T09:22:14.448+0000] {logging_mixin.py:188} INFO - [2026-05-19T09:22:14.447+0000] {dag.py:3089} INFO - Sync 1 DAGs
[2026-05-19T09:22:14.555+0000] {logging_mixin.py:188} INFO - [2026-05-19T09:22:14.554+0000] {dag.py:3947} INFO - Setting next_dagrun for example_dynamic_task_mapping to 2022-03-04 00:00:00+00:00, run_after=2022-03-05 00:00:00+00:00
[2026-05-19T09:22:14.638+0000] {processor.py:183} INFO - Processing /home/airflow/.local/lib/python3.12/site-packages/airflow/example_dags/example_dynamic_task_mapping.py took 0.347 seconds
[2026-05-19T09:22:45.178+0000] {processor.py:161} INFO - Started process (PID=9690) to work on /home/airflow/.local/lib/python3.12/site-packages/airflow/example_dags/example_dynamic_task_mapping.py
[2026-05-19T09:22:45.181+0000] {processor.py:830} INFO - Processing file /home/airflow/.local/lib/python3.12/site-packages/airflow/example_dags/example_dynamic_task_mapping.py for tasks to queue
[2026-05-19T09:22:45.189+0000] {logging_mixin.py:188} INFO - [2026-05-19T09:22:45.187+0000] {dagbag.py:545} INFO - Filling up the DagBag from /home/airflow/.local/lib/python3.12/site-packages/airflow/example_dags/example_dynamic_task_mapping.py
[2026-05-19T09:22:45.207+0000] {processor.py:840} INFO - DAG(s) 'example_dynamic_task_mapping' retrieved from /home/airflow/.local/lib/python3.12/site-packages/airflow/example_dags/example_dynamic_task_mapping.py
[2026-05-19T09:22:45.259+0000] {logging_mixin.py:188} INFO - [2026-05-19T09:22:45.259+0000] {dag.py:3089} INFO - Sync 1 DAGs
[2026-05-19T09:22:45.347+0000] {logging_mixin.py:188} INFO - [2026-05-19T09:22:45.346+0000] {dag.py:3947} INFO - Setting next_dagrun for example_dynamic_task_mapping to 2022-03-04 00:00:00+00:00, run_after=2022-03-05 00:00:00+00:00
[2026-05-19T09:22:45.435+0000] {processor.py:183} INFO - Processing /home/airflow/.local/lib/python3.12/site-packages/airflow/example_dags/example_dynamic_task_mapping.py took 0.278 seconds
[2026-05-19T09:23:15.967+0000] {processor.py:161} INFO - Started process (PID=9750) to work on /home/airflow/.local/lib/python3.12/site-packages/airflow/example_dags/example_dynamic_task_mapping.py
[2026-05-19T09:23:15.970+0000] {processor.py:830} INFO - Processing file /home/airflow/.local/lib/python3.12/site-packages/airflow/example_dags/example_dynamic_task_mapping.py for tasks to queue
[2026-05-19T09:23:15.976+0000] {logging_mixin.py:188} INFO - [2026-05-19T09:23:15.975+0000] {dagbag.py:545} INFO - Filling up the DagBag from /home/airflow/.local/lib/python3.12/site-packages/airflow/example_dags/example_dynamic_task_mapping.py
[2026-05-19T09:23:15.997+0000] {processor.py:840} INFO - DAG(s) 'example_dynamic_task_mapping' retrieved from /home/airflow/.local/lib/python3.12/site-packages/airflow/example_dags/example_dynamic_task_mapping.py
[2026-05-19T09:23:16.054+0000] {logging_mixin.py:188} INFO - [2026-05-19T09:23:16.054+0000] {dag.py:3089} INFO - Sync 1 DAGs
[2026-05-19T09:23:16.116+0000] {logging_mixin.py:188} INFO - [2026-05-19T09:23:16.116+0000] {dag.py:3947} INFO - Setting next_dagrun for example_dynamic_task_mapping to 2022-03-04 00:00:00+00:00, run_after=2022-03-05 00:00:00+00:00
[2026-05-19T09:23:16.180+0000] {processor.py:183} INFO - Processing /home/airflow/.local/lib/python3.12/site-packages/airflow/example_dags/example_dynamic_task_mapping.py took 0.229 seconds
[2026-05-19T09:23:46.323+0000] {processor.py:161} INFO - Started process (PID=9810) to work on /home/airflow/.local/lib/python3.12/site-packages/airflow/example_dags/example_dynamic_task_mapping.py
[2026-05-19T09:23:46.327+0000] {processor.py:830} INFO - Processing file /home/airflow/.local/lib/python3.12/site-packages/airflow/example_dags/example_dynamic_task_mapping.py for tasks to queue
[2026-05-19T09:23:46.333+0000] {logging_mixin.py:188} INFO - [2026-05-19T09:23:46.332+0000] {dagbag.py:545} INFO - Filling up the DagBag from /home/airflow/.local/lib/python3.12/site-packages/airflow/example_dags/example_dynamic_task_mapping.py
[2026-05-19T09:23:46.355+0000] {processor.py:840} INFO - DAG(s) 'example_dynamic_task_mapping' retrieved from /home/airflow/.local/lib/python3.12/site-packages/airflow/example_dags/example_dynamic_task_mapping.py
[2026-05-19T09:23:46.412+0000] {logging_mixin.py:188} INFO - [2026-05-19T09:23:46.411+0000] {dag.py:3089} INFO - Sync 1 DAGs
[2026-05-19T09:23:46.481+0000] {logging_mixin.py:188} INFO - [2026-05-19T09:23:46.481+0000] {dag.py:3947} INFO - Setting next_dagrun for example_dynamic_task_mapping to 2022-03-04 00:00:00+00:00, run_after=2022-03-05 00:00:00+00:00
[2026-05-19T09:23:46.549+0000] {processor.py:183} INFO - Processing /home/airflow/.local/lib/python3.12/site-packages/airflow/example_dags/example_dynamic_task_mapping.py took 0.242 seconds
[2026-05-19T09:24:16.774+0000] {processor.py:161} INFO - Started process (PID=9870) to work on /home/airflow/.local/lib/python3.12/site-packages/airflow/example_dags/example_dynamic_task_mapping.py
[2026-05-19T09:24:16.777+0000] {processor.py:830} INFO - Processing file /home/airflow/.local/lib/python3.12/site-packages/airflow/example_dags/example_dynamic_task_mapping.py for tasks to queue
[2026-05-19T09:24:16.790+0000] {logging_mixin.py:188} INFO - [2026-05-19T09:24:16.786+0000] {dagbag.py:545} INFO - Filling up the DagBag from /home/airflow/.local/lib/python3.12/site-packages/airflow/example_dags/example_dynamic_task_mapping.py
[2026-05-19T09:24:16.835+0000] {processor.py:840} INFO - DAG(s) 'example_dynamic_task_mapping' retrieved from /home/airflow/.local/lib/python3.12/site-packages/airflow/example_dags/example_dynamic_task_mapping.py
[2026-05-19T09:24:16.930+0000] {logging_mixin.py:188} INFO - [2026-05-19T09:24:16.930+0000] {dag.py:3089} INFO - Sync 1 DAGs
[2026-05-19T09:24:17.006+0000] {logging_mixin.py:188} INFO - [2026-05-19T09:24:17.005+0000] {dag.py:3947} INFO - Setting next_dagrun for example_dynamic_task_mapping to 2022-03-04 00:00:00+00:00, run_after=2022-03-05 00:00:00+00:00
[2026-05-19T09:24:17.076+0000] {processor.py:183} INFO - Processing /home/airflow/.local/lib/python3.12/site-packages/airflow/example_dags/example_dynamic_task_mapping.py took 0.318 seconds
[2026-05-19T09:24:47.528+0000] {processor.py:161} INFO - Started process (PID=9930) to work on /home/airflow/.local/lib/python3.12/site-packages/airflow/example_dags/example_dynamic_task_mapping.py
[2026-05-19T09:24:47.533+0000] {processor.py:830} INFO - Processing file /home/airflow/.local/lib/python3.12/site-packages/airflow/example_dags/example_dynamic_task_mapping.py for tasks to queue
[2026-05-19T09:24:47.543+0000] {logging_mixin.py:188} INFO - [2026-05-19T09:24:47.542+0000] {dagbag.py:545} INFO - Filling up the DagBag from /home/airflow/.local/lib/python3.12/site-packages/airflow/example_dags/example_dynamic_task_mapping.py
[2026-05-19T09:24:47.581+0000] {processor.py:840} INFO - DAG(s) 'example_dynamic_task_mapping' retrieved from /home/airflow/.local/lib/python3.12/site-packages/airflow/example_dags/example_dynamic_task_mapping.py
[2026-05-19T09:24:47.657+0000] {logging_mixin.py:188} INFO - [2026-05-19T09:24:47.656+0000] {dag.py:3089} INFO - Sync 1 DAGs
[2026-05-19T09:24:47.781+0000] {logging_mixin.py:188} INFO - [2026-05-19T09:24:47.779+0000] {dag.py:3947} INFO - Setting next_dagrun for example_dynamic_task_mapping to 2022-03-04 00:00:00+00:00, run_after=2022-03-05 00:00:00+00:00
[2026-05-19T09:24:47.902+0000] {processor.py:183} INFO - Processing /home/airflow/.local/lib/python3.12/site-packages/airflow/example_dags/example_dynamic_task_mapping.py took 0.395 seconds
[2026-05-19T09:25:18.608+0000] {processor.py:161} INFO - Started process (PID=9990) to work on /home/airflow/.local/lib/python3.12/site-packages/airflow/example_dags/example_dynamic_task_mapping.py
[2026-05-19T09:25:18.611+0000] {processor.py:830} INFO - Processing file /home/airflow/.local/lib/python3.12/site-packages/airflow/example_dags/example_dynamic_task_mapping.py for tasks to queue
[2026-05-19T09:25:18.618+0000] {logging_mixin.py:188} INFO - [2026-05-19T09:25:18.617+0000] {dagbag.py:545} INFO - Filling up the DagBag from /home/airflow/.local/lib/python3.12/site-packages/airflow/example_dags/example_dynamic_task_mapping.py
[2026-05-19T09:25:18.638+0000] {processor.py:840} INFO - DAG(s) 'example_dynamic_task_mapping' retrieved from /home/airflow/.local/lib/python3.12/site-packages/airflow/example_dags/example_dynamic_task_mapping.py
[2026-05-19T09:25:18.707+0000] {logging_mixin.py:188} INFO - [2026-05-19T09:25:18.706+0000] {dag.py:3089} INFO - Sync 1 DAGs
[2026-05-19T09:25:18.780+0000] {logging_mixin.py:188} INFO - [2026-05-19T09:25:18.778+0000] {dag.py:3947} INFO - Setting next_dagrun for example_dynamic_task_mapping to 2022-03-04 00:00:00+00:00, run_after=2022-03-05 00:00:00+00:00
[2026-05-19T09:25:18.836+0000] {processor.py:183} INFO - Processing /home/airflow/.local/lib/python3.12/site-packages/airflow/example_dags/example_dynamic_task_mapping.py took 0.246 seconds
[2026-05-19T09:25:49.399+0000] {processor.py:161} INFO - Started process (PID=10050) to work on /home/airflow/.local/lib/python3.12/site-packages/airflow/example_dags/example_dynamic_task_mapping.py
[2026-05-19T09:25:49.402+0000] {processor.py:830} INFO - Processing file /home/airflow/.local/lib/python3.12/site-packages/airflow/example_dags/example_dynamic_task_mapping.py for tasks to queue
[2026-05-19T09:25:49.408+0000] {logging_mixin.py:188} INFO - [2026-05-19T09:25:49.407+0000] {dagbag.py:545} INFO - Filling up the DagBag from /home/airflow/.local/lib/python3.12/site-packages/airflow/example_dags/example_dynamic_task_mapping.py
[2026-05-19T09:25:49.426+0000] {processor.py:840} INFO - DAG(s) 'example_dynamic_task_mapping' retrieved from /home/airflow/.local/lib/python3.12/site-packages/airflow/example_dags/example_dynamic_task_mapping.py
[2026-05-19T09:25:49.482+0000] {logging_mixin.py:188} INFO - [2026-05-19T09:25:49.481+0000] {dag.py:3089} INFO - Sync 1 DAGs
[2026-05-19T09:25:49.546+0000] {logging_mixin.py:188} INFO - [2026-05-19T09:25:49.545+0000] {dag.py:3947} INFO - Setting next_dagrun for example_dynamic_task_mapping to 2022-03-04 00:00:00+00:00, run_after=2022-03-05 00:00:00+00:00
[2026-05-19T09:25:49.602+0000] {processor.py:183} INFO - Processing /home/airflow/.local/lib/python3.12/site-packages/airflow/example_dags/example_dynamic_task_mapping.py took 0.221 seconds
[2026-05-19T09:26:19.776+0000] {processor.py:161} INFO - Started process (PID=10108) to work on /home/airflow/.local/lib/python3.12/site-packages/airflow/example_dags/example_dynamic_task_mapping.py
[2026-05-19T09:26:19.781+0000] {processor.py:830} INFO - Processing file /home/airflow/.local/lib/python3.12/site-packages/airflow/example_dags/example_dynamic_task_mapping.py for tasks to queue
[2026-05-19T09:26:19.788+0000] {logging_mixin.py:188} INFO - [2026-05-19T09:26:19.787+0000] {dagbag.py:545} INFO - Filling up the DagBag from /home/airflow/.local/lib/python3.12/site-packages/airflow/example_dags/example_dynamic_task_mapping.py
[2026-05-19T09:26:19.816+0000] {processor.py:840} INFO - DAG(s) 'example_dynamic_task_mapping' retrieved from /home/airflow/.local/lib/python3.12/site-packages/airflow/example_dags/example_dynamic_task_mapping.py
[2026-05-19T09:26:19.893+0000] {logging_mixin.py:188} INFO - [2026-05-19T09:26:19.892+0000] {dag.py:3089} INFO - Sync 1 DAGs
[2026-05-19T09:26:19.979+0000] {logging_mixin.py:188} INFO - [2026-05-19T09:26:19.978+0000] {dag.py:3947} INFO - Setting next_dagrun for example_dynamic_task_mapping to 2022-03-04 00:00:00+00:00, run_after=2022-03-05 00:00:00+00:00
[2026-05-19T09:26:20.073+0000] {processor.py:183} INFO - Processing /home/airflow/.local/lib/python3.12/site-packages/airflow/example_dags/example_dynamic_task_mapping.py took 0.319 seconds
[2026-05-19T09:26:50.425+0000] {processor.py:161} INFO - Started process (PID=10168) to work on /home/airflow/.local/lib/python3.12/site-packages/airflow/example_dags/example_dynamic_task_mapping.py
[2026-05-19T09:26:50.429+0000] {processor.py:830} INFO - Processing file /home/airflow/.local/lib/python3.12/site-packages/airflow/example_dags/example_dynamic_task_mapping.py for tasks to queue
[2026-05-19T09:26:50.437+0000] {logging_mixin.py:188} INFO - [2026-05-19T09:26:50.436+0000] {dagbag.py:545} INFO - Filling up the DagBag from /home/airflow/.local/lib/python3.12/site-packages/airflow/example_dags/example_dynamic_task_mapping.py
[2026-05-19T09:26:50.462+0000] {processor.py:840} INFO - DAG(s) 'example_dynamic_task_mapping' retrieved from /home/airflow/.local/lib/python3.12/site-packages/airflow/example_dags/example_dynamic_task_mapping.py
[2026-05-19T09:26:50.522+0000] {logging_mixin.py:188} INFO - [2026-05-19T09:26:50.521+0000] {dag.py:3089} INFO - Sync 1 DAGs
[2026-05-19T09:26:50.593+0000] {logging_mixin.py:188} INFO - [2026-05-19T09:26:50.593+0000] {dag.py:3947} INFO - Setting next_dagrun for example_dynamic_task_mapping to 2022-03-04 00:00:00+00:00, run_after=2022-03-05 00:00:00+00:00
[2026-05-19T09:26:50.659+0000] {processor.py:183} INFO - Processing /home/airflow/.local/lib/python3.12/site-packages/airflow/example_dags/example_dynamic_task_mapping.py took 0.253 seconds
[2026-05-19T09:27:21.166+0000] {processor.py:161} INFO - Started process (PID=10228) to work on /home/airflow/.local/lib/python3.12/site-packages/airflow/example_dags/example_dynamic_task_mapping.py
[2026-05-19T09:27:21.170+0000] {processor.py:830} INFO - Processing file /home/airflow/.local/lib/python3.12/site-packages/airflow/example_dags/example_dynamic_task_mapping.py for tasks to queue
[2026-05-19T09:27:21.180+0000] {logging_mixin.py:188} INFO - [2026-05-19T09:27:21.178+0000] {dagbag.py:545} INFO - Filling up the DagBag from /home/airflow/.local/lib/python3.12/site-packages/airflow/example_dags/example_dynamic_task_mapping.py
[2026-05-19T09:27:21.200+0000] {processor.py:840} INFO - DAG(s) 'example_dynamic_task_mapping' retrieved from /home/airflow/.local/lib/python3.12/site-packages/airflow/example_dags/example_dynamic_task_mapping.py
[2026-05-19T09:27:21.275+0000] {logging_mixin.py:188} INFO - [2026-05-19T09:27:21.274+0000] {dag.py:3089} INFO - Sync 1 DAGs
[2026-05-19T09:27:21.338+0000] {logging_mixin.py:188} INFO - [2026-05-19T09:27:21.338+0000] {dag.py:3947} INFO - Setting next_dagrun for example_dynamic_task_mapping to 2022-03-04 00:00:00+00:00, run_after=2022-03-05 00:00:00+00:00
[2026-05-19T09:27:21.403+0000] {processor.py:183} INFO - Processing /home/airflow/.local/lib/python3.12/site-packages/airflow/example_dags/example_dynamic_task_mapping.py took 0.260 seconds
[2026-05-19T09:27:52.319+0000] {processor.py:161} INFO - Started process (PID=10287) to work on /home/airflow/.local/lib/python3.12/site-packages/airflow/example_dags/example_dynamic_task_mapping.py
[2026-05-19T09:27:52.322+0000] {processor.py:830} INFO - Processing file /home/airflow/.local/lib/python3.12/site-packages/airflow/example_dags/example_dynamic_task_mapping.py for tasks to queue
[2026-05-19T09:27:52.329+0000] {logging_mixin.py:188} INFO - [2026-05-19T09:27:52.328+0000] {dagbag.py:545} INFO - Filling up the DagBag from /home/airflow/.local/lib/python3.12/site-packages/airflow/example_dags/example_dynamic_task_mapping.py
[2026-05-19T09:27:52.349+0000] {processor.py:840} INFO - DAG(s) 'example_dynamic_task_mapping' retrieved from /home/airflow/.local/lib/python3.12/site-packages/airflow/example_dags/example_dynamic_task_mapping.py
[2026-05-19T09:27:52.409+0000] {logging_mixin.py:188} INFO - [2026-05-19T09:27:52.409+0000] {dag.py:3089} INFO - Sync 1 DAGs
[2026-05-19T09:27:52.467+0000] {logging_mixin.py:188} INFO - [2026-05-19T09:27:52.467+0000] {dag.py:3947} INFO - Setting next_dagrun for example_dynamic_task_mapping to 2022-03-04 00:00:00+00:00, run_after=2022-03-05 00:00:00+00:00
[2026-05-19T09:27:52.534+0000] {processor.py:183} INFO - Processing /home/airflow/.local/lib/python3.12/site-packages/airflow/example_dags/example_dynamic_task_mapping.py took 0.237 seconds
[2026-05-19T09:28:22.928+0000] {processor.py:161} INFO - Started process (PID=10347) to work on /home/airflow/.local/lib/python3.12/site-packages/airflow/example_dags/example_dynamic_task_mapping.py
[2026-05-19T09:28:22.937+0000] {processor.py:830} INFO - Processing file /home/airflow/.local/lib/python3.12/site-packages/airflow/example_dags/example_dynamic_task_mapping.py for tasks to queue
[2026-05-19T09:28:22.946+0000] {logging_mixin.py:188} INFO - [2026-05-19T09:28:22.945+0000] {dagbag.py:545} INFO - Filling up the DagBag from /home/airflow/.local/lib/python3.12/site-packages/airflow/example_dags/example_dynamic_task_mapping.py
[2026-05-19T09:28:22.986+0000] {processor.py:840} INFO - DAG(s) 'example_dynamic_task_mapping' retrieved from /home/airflow/.local/lib/python3.12/site-packages/airflow/example_dags/example_dynamic_task_mapping.py
[2026-05-19T09:28:23.074+0000] {logging_mixin.py:188} INFO - [2026-05-19T09:28:23.073+0000] {dag.py:3089} INFO - Sync 1 DAGs
[2026-05-19T09:28:23.150+0000] {logging_mixin.py:188} INFO - [2026-05-19T09:28:23.148+0000] {dag.py:3947} INFO - Setting next_dagrun for example_dynamic_task_mapping to 2022-03-04 00:00:00+00:00, run_after=2022-03-05 00:00:00+00:00
[2026-05-19T09:28:23.261+0000] {processor.py:183} INFO - Processing /home/airflow/.local/lib/python3.12/site-packages/airflow/example_dags/example_dynamic_task_mapping.py took 0.358 seconds
[2026-05-19T09:28:53.948+0000] {processor.py:161} INFO - Started process (PID=10413) to work on /home/airflow/.local/lib/python3.12/site-packages/airflow/example_dags/example_dynamic_task_mapping.py
[2026-05-19T09:28:53.951+0000] {processor.py:830} INFO - Processing file /home/airflow/.local/lib/python3.12/site-packages/airflow/example_dags/example_dynamic_task_mapping.py for tasks to queue
[2026-05-19T09:28:53.960+0000] {logging_mixin.py:188} INFO - [2026-05-19T09:28:53.959+0000] {dagbag.py:545} INFO - Filling up the DagBag from /home/airflow/.local/lib/python3.12/site-packages/airflow/example_dags/example_dynamic_task_mapping.py
[2026-05-19T09:28:53.990+0000] {processor.py:840} INFO - DAG(s) 'example_dynamic_task_mapping' retrieved from /home/airflow/.local/lib/python3.12/site-packages/airflow/example_dags/example_dynamic_task_mapping.py
[2026-05-19T09:28:54.070+0000] {logging_mixin.py:188} INFO - [2026-05-19T09:28:54.069+0000] {dag.py:3089} INFO - Sync 1 DAGs
[2026-05-19T09:28:54.154+0000] {logging_mixin.py:188} INFO - [2026-05-19T09:28:54.154+0000] {dag.py:3947} INFO - Setting next_dagrun for example_dynamic_task_mapping to 2022-03-04 00:00:00+00:00, run_after=2022-03-05 00:00:00+00:00
[2026-05-19T09:28:54.223+0000] {processor.py:183} INFO - Processing /home/airflow/.local/lib/python3.12/site-packages/airflow/example_dags/example_dynamic_task_mapping.py took 0.305 seconds
[2026-05-19T09:29:24.722+0000] {processor.py:161} INFO - Started process (PID=10473) to work on /home/airflow/.local/lib/python3.12/site-packages/airflow/example_dags/example_dynamic_task_mapping.py
[2026-05-19T09:29:24.731+0000] {processor.py:830} INFO - Processing file /home/airflow/.local/lib/python3.12/site-packages/airflow/example_dags/example_dynamic_task_mapping.py for tasks to queue
[2026-05-19T09:29:24.749+0000] {logging_mixin.py:188} INFO - [2026-05-19T09:29:24.741+0000] {dagbag.py:545} INFO - Filling up the DagBag from /home/airflow/.local/lib/python3.12/site-packages/airflow/example_dags/example_dynamic_task_mapping.py
[2026-05-19T09:29:24.781+0000] {processor.py:840} INFO - DAG(s) 'example_dynamic_task_mapping' retrieved from /home/airflow/.local/lib/python3.12/site-packages/airflow/example_dags/example_dynamic_task_mapping.py
[2026-05-19T09:29:24.951+0000] {logging_mixin.py:188} INFO - [2026-05-19T09:29:24.948+0000] {dag.py:3089} INFO - Sync 1 DAGs
[2026-05-19T09:29:25.124+0000] {logging_mixin.py:188} INFO - [2026-05-19T09:29:25.123+0000] {dag.py:3947} INFO - Setting next_dagrun for example_dynamic_task_mapping to 2022-03-04 00:00:00+00:00, run_after=2022-03-05 00:00:00+00:00
[2026-05-19T09:29:25.240+0000] {processor.py:183} INFO - Processing /home/airflow/.local/lib/python3.12/site-packages/airflow/example_dags/example_dynamic_task_mapping.py took 0.559 seconds
[2026-05-19T09:29:55.412+0000] {processor.py:161} INFO - Started process (PID=10531) to work on /home/airflow/.local/lib/python3.12/site-packages/airflow/example_dags/example_dynamic_task_mapping.py
[2026-05-19T09:29:55.417+0000] {processor.py:830} INFO - Processing file /home/airflow/.local/lib/python3.12/site-packages/airflow/example_dags/example_dynamic_task_mapping.py for tasks to queue
[2026-05-19T09:29:55.428+0000] {logging_mixin.py:188} INFO - [2026-05-19T09:29:55.427+0000] {dagbag.py:545} INFO - Filling up the DagBag from /home/airflow/.local/lib/python3.12/site-packages/airflow/example_dags/example_dynamic_task_mapping.py
[2026-05-19T09:29:55.455+0000] {processor.py:840} INFO - DAG(s) 'example_dynamic_task_mapping' retrieved from /home/airflow/.local/lib/python3.12/site-packages/airflow/example_dags/example_dynamic_task_mapping.py
[2026-05-19T09:29:55.520+0000] {logging_mixin.py:188} INFO - [2026-05-19T09:29:55.519+0000] {dag.py:3089} INFO - Sync 1 DAGs
[2026-05-19T09:29:55.598+0000] {logging_mixin.py:188} INFO - [2026-05-19T09:29:55.597+0000] {dag.py:3947} INFO - Setting next_dagrun for example_dynamic_task_mapping to 2022-03-04 00:00:00+00:00, run_after=2022-03-05 00:00:00+00:00
[2026-05-19T09:29:55.679+0000] {processor.py:183} INFO - Processing /home/airflow/.local/lib/python3.12/site-packages/airflow/example_dags/example_dynamic_task_mapping.py took 0.284 seconds
[2026-05-19T09:30:26.068+0000] {processor.py:161} INFO - Started process (PID=10591) to work on /home/airflow/.local/lib/python3.12/site-packages/airflow/example_dags/example_dynamic_task_mapping.py
[2026-05-19T09:30:26.072+0000] {processor.py:830} INFO - Processing file /home/airflow/.local/lib/python3.12/site-packages/airflow/example_dags/example_dynamic_task_mapping.py for tasks to queue
[2026-05-19T09:30:26.081+0000] {logging_mixin.py:188} INFO - [2026-05-19T09:30:26.080+0000] {dagbag.py:545} INFO - Filling up the DagBag from /home/airflow/.local/lib/python3.12/site-packages/airflow/example_dags/example_dynamic_task_mapping.py
[2026-05-19T09:30:26.104+0000] {processor.py:840} INFO - DAG(s) 'example_dynamic_task_mapping' retrieved from /home/airflow/.local/lib/python3.12/site-packages/airflow/example_dags/example_dynamic_task_mapping.py
[2026-05-19T09:30:26.177+0000] {logging_mixin.py:188} INFO - [2026-05-19T09:30:26.176+0000] {dag.py:3089} INFO - Sync 1 DAGs
[2026-05-19T09:30:26.276+0000] {logging_mixin.py:188} INFO - [2026-05-19T09:30:26.276+0000] {dag.py:3947} INFO - Setting next_dagrun for example_dynamic_task_mapping to 2022-03-04 00:00:00+00:00, run_after=2022-03-05 00:00:00+00:00
[2026-05-19T09:30:26.357+0000] {processor.py:183} INFO - Processing /home/airflow/.local/lib/python3.12/site-packages/airflow/example_dags/example_dynamic_task_mapping.py took 0.312 seconds
[2026-05-19T09:30:56.755+0000] {processor.py:161} INFO - Started process (PID=10651) to work on /home/airflow/.local/lib/python3.12/site-packages/airflow/example_dags/example_dynamic_task_mapping.py
[2026-05-19T09:30:56.759+0000] {processor.py:830} INFO - Processing file /home/airflow/.local/lib/python3.12/site-packages/airflow/example_dags/example_dynamic_task_mapping.py for tasks to queue
[2026-05-19T09:30:56.768+0000] {logging_mixin.py:188} INFO - [2026-05-19T09:30:56.767+0000] {dagbag.py:545} INFO - Filling up the DagBag from /home/airflow/.local/lib/python3.12/site-packages/airflow/example_dags/example_dynamic_task_mapping.py
[2026-05-19T09:30:56.791+0000] {processor.py:840} INFO - DAG(s) 'example_dynamic_task_mapping' retrieved from /home/airflow/.local/lib/python3.12/site-packages/airflow/example_dags/example_dynamic_task_mapping.py
[2026-05-19T09:30:56.872+0000] {logging_mixin.py:188} INFO - [2026-05-19T09:30:56.871+0000] {dag.py:3089} INFO - Sync 1 DAGs
[2026-05-19T09:30:56.996+0000] {logging_mixin.py:188} INFO - [2026-05-19T09:30:56.995+0000] {dag.py:3947} INFO - Setting next_dagrun for example_dynamic_task_mapping to 2022-03-04 00:00:00+00:00, run_after=2022-03-05 00:00:00+00:00
[2026-05-19T09:30:57.070+0000] {processor.py:183} INFO - Processing /home/airflow/.local/lib/python3.12/site-packages/airflow/example_dags/example_dynamic_task_mapping.py took 0.335 seconds
[2026-05-19T09:31:27.246+0000] {processor.py:161} INFO - Started process (PID=10712) to work on /home/airflow/.local/lib/python3.12/site-packages/airflow/example_dags/example_dynamic_task_mapping.py
[2026-05-19T09:31:27.249+0000] {processor.py:830} INFO - Processing file /home/airflow/.local/lib/python3.12/site-packages/airflow/example_dags/example_dynamic_task_mapping.py for tasks to queue
[2026-05-19T09:31:27.258+0000] {logging_mixin.py:188} INFO - [2026-05-19T09:31:27.256+0000] {dagbag.py:545} INFO - Filling up the DagBag from /home/airflow/.local/lib/python3.12/site-packages/airflow/example_dags/example_dynamic_task_mapping.py
[2026-05-19T09:31:27.280+0000] {processor.py:840} INFO - DAG(s) 'example_dynamic_task_mapping' retrieved from /home/airflow/.local/lib/python3.12/site-packages/airflow/example_dags/example_dynamic_task_mapping.py
[2026-05-19T09:31:27.351+0000] {logging_mixin.py:188} INFO - [2026-05-19T09:31:27.350+0000] {dag.py:3089} INFO - Sync 1 DAGs
[2026-05-19T09:31:27.414+0000] {logging_mixin.py:188} INFO - [2026-05-19T09:31:27.413+0000] {dag.py:3947} INFO - Setting next_dagrun for example_dynamic_task_mapping to 2022-03-04 00:00:00+00:00, run_after=2022-03-05 00:00:00+00:00
[2026-05-19T09:31:27.479+0000] {processor.py:183} INFO - Processing /home/airflow/.local/lib/python3.12/site-packages/airflow/example_dags/example_dynamic_task_mapping.py took 0.252 seconds
[2026-05-19T09:31:57.837+0000] {processor.py:161} INFO - Started process (PID=10772) to work on /home/airflow/.local/lib/python3.12/site-packages/airflow/example_dags/example_dynamic_task_mapping.py
[2026-05-19T09:31:57.840+0000] {processor.py:830} INFO - Processing file /home/airflow/.local/lib/python3.12/site-packages/airflow/example_dags/example_dynamic_task_mapping.py for tasks to queue
[2026-05-19T09:31:57.846+0000] {logging_mixin.py:188} INFO - [2026-05-19T09:31:57.845+0000] {dagbag.py:545} INFO - Filling up the DagBag from /home/airflow/.local/lib/python3.12/site-packages/airflow/example_dags/example_dynamic_task_mapping.py
[2026-05-19T09:31:57.866+0000] {processor.py:840} INFO - DAG(s) 'example_dynamic_task_mapping' retrieved from /home/airflow/.local/lib/python3.12/site-packages/airflow/example_dags/example_dynamic_task_mapping.py
[2026-05-19T09:31:57.919+0000] {logging_mixin.py:188} INFO - [2026-05-19T09:31:57.918+0000] {dag.py:3089} INFO - Sync 1 DAGs
[2026-05-19T09:31:58.008+0000] {logging_mixin.py:188} INFO - [2026-05-19T09:31:58.007+0000] {dag.py:3947} INFO - Setting next_dagrun for example_dynamic_task_mapping to 2022-03-04 00:00:00+00:00, run_after=2022-03-05 00:00:00+00:00
[2026-05-19T09:31:58.078+0000] {processor.py:183} INFO - Processing /home/airflow/.local/lib/python3.12/site-packages/airflow/example_dags/example_dynamic_task_mapping.py took 0.257 seconds
[2026-05-19T09:32:28.337+0000] {processor.py:161} INFO - Started process (PID=10832) to work on /home/airflow/.local/lib/python3.12/site-packages/airflow/example_dags/example_dynamic_task_mapping.py
[2026-05-19T09:32:28.341+0000] {processor.py:830} INFO - Processing file /home/airflow/.local/lib/python3.12/site-packages/airflow/example_dags/example_dynamic_task_mapping.py for tasks to queue
[2026-05-19T09:32:28.350+0000] {logging_mixin.py:188} INFO - [2026-05-19T09:32:28.349+0000] {dagbag.py:545} INFO - Filling up the DagBag from /home/airflow/.local/lib/python3.12/site-packages/airflow/example_dags/example_dynamic_task_mapping.py
[2026-05-19T09:32:28.382+0000] {processor.py:840} INFO - DAG(s) 'example_dynamic_task_mapping' retrieved from /home/airflow/.local/lib/python3.12/site-packages/airflow/example_dags/example_dynamic_task_mapping.py
[2026-05-19T09:32:28.458+0000] {logging_mixin.py:188} INFO - [2026-05-19T09:32:28.457+0000] {dag.py:3089} INFO - Sync 1 DAGs
[2026-05-19T09:32:28.533+0000] {logging_mixin.py:188} INFO - [2026-05-19T09:32:28.532+0000] {dag.py:3947} INFO - Setting next_dagrun for example_dynamic_task_mapping to 2022-03-04 00:00:00+00:00, run_after=2022-03-05 00:00:00+00:00
[2026-05-19T09:32:28.590+0000] {processor.py:183} INFO - Processing /home/airflow/.local/lib/python3.12/site-packages/airflow/example_dags/example_dynamic_task_mapping.py took 0.283 seconds
[2026-05-19T09:32:58.754+0000] {processor.py:161} INFO - Started process (PID=10892) to work on /home/airflow/.local/lib/python3.12/site-packages/airflow/example_dags/example_dynamic_task_mapping.py
[2026-05-19T09:32:58.757+0000] {processor.py:830} INFO - Processing file /home/airflow/.local/lib/python3.12/site-packages/airflow/example_dags/example_dynamic_task_mapping.py for tasks to queue
[2026-05-19T09:32:58.763+0000] {logging_mixin.py:188} INFO - [2026-05-19T09:32:58.762+0000] {dagbag.py:545} INFO - Filling up the DagBag from /home/airflow/.local/lib/python3.12/site-packages/airflow/example_dags/example_dynamic_task_mapping.py
[2026-05-19T09:32:58.781+0000] {processor.py:840} INFO - DAG(s) 'example_dynamic_task_mapping' retrieved from /home/airflow/.local/lib/python3.12/site-packages/airflow/example_dags/example_dynamic_task_mapping.py
[2026-05-19T09:32:58.845+0000] {logging_mixin.py:188} INFO - [2026-05-19T09:32:58.844+0000] {dag.py:3089} INFO - Sync 1 DAGs
[2026-05-19T09:32:58.907+0000] {logging_mixin.py:188} INFO - [2026-05-19T09:32:58.906+0000] {dag.py:3947} INFO - Setting next_dagrun for example_dynamic_task_mapping to 2022-03-04 00:00:00+00:00, run_after=2022-03-05 00:00:00+00:00
[2026-05-19T09:32:58.971+0000] {processor.py:183} INFO - Processing /home/airflow/.local/lib/python3.12/site-packages/airflow/example_dags/example_dynamic_task_mapping.py took 0.233 seconds
[2026-05-19T09:33:29.259+0000] {processor.py:161} INFO - Started process (PID=10950) to work on /home/airflow/.local/lib/python3.12/site-packages/airflow/example_dags/example_dynamic_task_mapping.py
[2026-05-19T09:33:29.263+0000] {processor.py:830} INFO - Processing file /home/airflow/.local/lib/python3.12/site-packages/airflow/example_dags/example_dynamic_task_mapping.py for tasks to queue
[2026-05-19T09:33:29.270+0000] {logging_mixin.py:188} INFO - [2026-05-19T09:33:29.269+0000] {dagbag.py:545} INFO - Filling up the DagBag from /home/airflow/.local/lib/python3.12/site-packages/airflow/example_dags/example_dynamic_task_mapping.py
[2026-05-19T09:33:29.290+0000] {processor.py:840} INFO - DAG(s) 'example_dynamic_task_mapping' retrieved from /home/airflow/.local/lib/python3.12/site-packages/airflow/example_dags/example_dynamic_task_mapping.py
[2026-05-19T09:33:29.354+0000] {logging_mixin.py:188} INFO - [2026-05-19T09:33:29.354+0000] {dag.py:3089} INFO - Sync 1 DAGs
[2026-05-19T09:33:29.412+0000] {logging_mixin.py:188} INFO - [2026-05-19T09:33:29.412+0000] {dag.py:3947} INFO - Setting next_dagrun for example_dynamic_task_mapping to 2022-03-04 00:00:00+00:00, run_after=2022-03-05 00:00:00+00:00
[2026-05-19T09:33:29.468+0000] {processor.py:183} INFO - Processing /home/airflow/.local/lib/python3.12/site-packages/airflow/example_dags/example_dynamic_task_mapping.py took 0.228 seconds
[2026-05-19T09:34:00.269+0000] {processor.py:161} INFO - Started process (PID=11010) to work on /home/airflow/.local/lib/python3.12/site-packages/airflow/example_dags/example_dynamic_task_mapping.py
[2026-05-19T09:34:00.273+0000] {processor.py:830} INFO - Processing file /home/airflow/.local/lib/python3.12/site-packages/airflow/example_dags/example_dynamic_task_mapping.py for tasks to queue
[2026-05-19T09:34:00.279+0000] {logging_mixin.py:188} INFO - [2026-05-19T09:34:00.278+0000] {dagbag.py:545} INFO - Filling up the DagBag from /home/airflow/.local/lib/python3.12/site-packages/airflow/example_dags/example_dynamic_task_mapping.py
[2026-05-19T09:34:00.299+0000] {processor.py:840} INFO - DAG(s) 'example_dynamic_task_mapping' retrieved from /home/airflow/.local/lib/python3.12/site-packages/airflow/example_dags/example_dynamic_task_mapping.py
[2026-05-19T09:34:00.356+0000] {logging_mixin.py:188} INFO - [2026-05-19T09:34:00.356+0000] {dag.py:3089} INFO - Sync 1 DAGs
[2026-05-19T09:34:00.430+0000] {logging_mixin.py:188} INFO - [2026-05-19T09:34:00.429+0000] {dag.py:3947} INFO - Setting next_dagrun for example_dynamic_task_mapping to 2022-03-04 00:00:00+00:00, run_after=2022-03-05 00:00:00+00:00
[2026-05-19T09:34:00.490+0000] {processor.py:183} INFO - Processing /home/airflow/.local/lib/python3.12/site-packages/airflow/example_dags/example_dynamic_task_mapping.py took 0.237 seconds
[2026-05-19T09:34:30.880+0000] {processor.py:161} INFO - Started process (PID=11069) to work on /home/airflow/.local/lib/python3.12/site-packages/airflow/example_dags/example_dynamic_task_mapping.py
[2026-05-19T09:34:30.884+0000] {processor.py:830} INFO - Processing file /home/airflow/.local/lib/python3.12/site-packages/airflow/example_dags/example_dynamic_task_mapping.py for tasks to queue
[2026-05-19T09:34:30.890+0000] {logging_mixin.py:188} INFO - [2026-05-19T09:34:30.889+0000] {dagbag.py:545} INFO - Filling up the DagBag from /home/airflow/.local/lib/python3.12/site-packages/airflow/example_dags/example_dynamic_task_mapping.py
[2026-05-19T09:34:30.910+0000] {processor.py:840} INFO - DAG(s) 'example_dynamic_task_mapping' retrieved from /home/airflow/.local/lib/python3.12/site-packages/airflow/example_dags/example_dynamic_task_mapping.py
[2026-05-19T09:34:30.979+0000] {logging_mixin.py:188} INFO - [2026-05-19T09:34:30.978+0000] {dag.py:3089} INFO - Sync 1 DAGs
[2026-05-19T09:34:31.051+0000] {logging_mixin.py:188} INFO - [2026-05-19T09:34:31.051+0000] {dag.py:3947} INFO - Setting next_dagrun for example_dynamic_task_mapping to 2022-03-04 00:00:00+00:00, run_after=2022-03-05 00:00:00+00:00
[2026-05-19T09:34:31.115+0000] {processor.py:183} INFO - Processing /home/airflow/.local/lib/python3.12/site-packages/airflow/example_dags/example_dynamic_task_mapping.py took 0.250 seconds
[2026-05-19T09:35:01.520+0000] {processor.py:161} INFO - Started process (PID=11130) to work on /home/airflow/.local/lib/python3.12/site-packages/airflow/example_dags/example_dynamic_task_mapping.py
[2026-05-19T09:35:01.524+0000] {processor.py:830} INFO - Processing file /home/airflow/.local/lib/python3.12/site-packages/airflow/example_dags/example_dynamic_task_mapping.py for tasks to queue
[2026-05-19T09:35:01.533+0000] {logging_mixin.py:188} INFO - [2026-05-19T09:35:01.532+0000] {dagbag.py:545} INFO - Filling up the DagBag from /home/airflow/.local/lib/python3.12/site-packages/airflow/example_dags/example_dynamic_task_mapping.py
[2026-05-19T09:35:01.562+0000] {processor.py:840} INFO - DAG(s) 'example_dynamic_task_mapping' retrieved from /home/airflow/.local/lib/python3.12/site-packages/airflow/example_dags/example_dynamic_task_mapping.py
[2026-05-19T09:35:01.628+0000] {logging_mixin.py:188} INFO - [2026-05-19T09:35:01.627+0000] {dag.py:3089} INFO - Sync 1 DAGs
[2026-05-19T09:35:01.691+0000] {logging_mixin.py:188} INFO - [2026-05-19T09:35:01.690+0000] {dag.py:3947} INFO - Setting next_dagrun for example_dynamic_task_mapping to 2022-03-04 00:00:00+00:00, run_after=2022-03-05 00:00:00+00:00
[2026-05-19T09:35:01.760+0000] {processor.py:183} INFO - Processing /home/airflow/.local/lib/python3.12/site-packages/airflow/example_dags/example_dynamic_task_mapping.py took 0.265 seconds
[2026-05-19T09:35:32.663+0000] {processor.py:161} INFO - Started process (PID=11190) to work on /home/airflow/.local/lib/python3.12/site-packages/airflow/example_dags/example_dynamic_task_mapping.py
[2026-05-19T09:35:32.668+0000] {processor.py:830} INFO - Processing file /home/airflow/.local/lib/python3.12/site-packages/airflow/example_dags/example_dynamic_task_mapping.py for tasks to queue
[2026-05-19T09:35:32.678+0000] {logging_mixin.py:188} INFO - [2026-05-19T09:35:32.676+0000] {dagbag.py:545} INFO - Filling up the DagBag from /home/airflow/.local/lib/python3.12/site-packages/airflow/example_dags/example_dynamic_task_mapping.py
[2026-05-19T09:35:32.702+0000] {processor.py:840} INFO - DAG(s) 'example_dynamic_task_mapping' retrieved from /home/airflow/.local/lib/python3.12/site-packages/airflow/example_dags/example_dynamic_task_mapping.py
[2026-05-19T09:35:32.785+0000] {logging_mixin.py:188} INFO - [2026-05-19T09:35:32.784+0000] {dag.py:3089} INFO - Sync 1 DAGs
[2026-05-19T09:35:32.875+0000] {logging_mixin.py:188} INFO - [2026-05-19T09:35:32.873+0000] {dag.py:3947} INFO - Setting next_dagrun for example_dynamic_task_mapping to 2022-03-04 00:00:00+00:00, run_after=2022-03-05 00:00:00+00:00
[2026-05-19T09:35:32.954+0000] {processor.py:183} INFO - Processing /home/airflow/.local/lib/python3.12/site-packages/airflow/example_dags/example_dynamic_task_mapping.py took 0.309 seconds
[2026-05-19T09:36:03.847+0000] {processor.py:161} INFO - Started process (PID=11250) to work on /home/airflow/.local/lib/python3.12/site-packages/airflow/example_dags/example_dynamic_task_mapping.py
[2026-05-19T09:36:03.851+0000] {processor.py:830} INFO - Processing file /home/airflow/.local/lib/python3.12/site-packages/airflow/example_dags/example_dynamic_task_mapping.py for tasks to queue
[2026-05-19T09:36:03.857+0000] {logging_mixin.py:188} INFO - [2026-05-19T09:36:03.856+0000] {dagbag.py:545} INFO - Filling up the DagBag from /home/airflow/.local/lib/python3.12/site-packages/airflow/example_dags/example_dynamic_task_mapping.py
[2026-05-19T09:36:03.887+0000] {processor.py:840} INFO - DAG(s) 'example_dynamic_task_mapping' retrieved from /home/airflow/.local/lib/python3.12/site-packages/airflow/example_dags/example_dynamic_task_mapping.py
[2026-05-19T09:36:04.053+0000] {logging_mixin.py:188} INFO - [2026-05-19T09:36:04.052+0000] {dag.py:3089} INFO - Sync 1 DAGs
[2026-05-19T09:36:04.169+0000] {logging_mixin.py:188} INFO - [2026-05-19T09:36:04.168+0000] {dag.py:3947} INFO - Setting next_dagrun for example_dynamic_task_mapping to 2022-03-04 00:00:00+00:00, run_after=2022-03-05 00:00:00+00:00
[2026-05-19T09:36:04.265+0000] {processor.py:183} INFO - Processing /home/airflow/.local/lib/python3.12/site-packages/airflow/example_dags/example_dynamic_task_mapping.py took 0.435 seconds
[2026-05-19T09:36:34.571+0000] {processor.py:161} INFO - Started process (PID=11310) to work on /home/airflow/.local/lib/python3.12/site-packages/airflow/example_dags/example_dynamic_task_mapping.py
[2026-05-19T09:36:34.574+0000] {processor.py:830} INFO - Processing file /home/airflow/.local/lib/python3.12/site-packages/airflow/example_dags/example_dynamic_task_mapping.py for tasks to queue
[2026-05-19T09:36:34.581+0000] {logging_mixin.py:188} INFO - [2026-05-19T09:36:34.580+0000] {dagbag.py:545} INFO - Filling up the DagBag from /home/airflow/.local/lib/python3.12/site-packages/airflow/example_dags/example_dynamic_task_mapping.py
[2026-05-19T09:36:34.604+0000] {processor.py:840} INFO - DAG(s) 'example_dynamic_task_mapping' retrieved from /home/airflow/.local/lib/python3.12/site-packages/airflow/example_dags/example_dynamic_task_mapping.py
[2026-05-19T09:36:34.730+0000] {logging_mixin.py:188} INFO - [2026-05-19T09:36:34.728+0000] {dag.py:3089} INFO - Sync 1 DAGs
[2026-05-19T09:36:34.907+0000] {logging_mixin.py:188} INFO - [2026-05-19T09:36:34.906+0000] {dag.py:3947} INFO - Setting next_dagrun for example_dynamic_task_mapping to 2022-03-04 00:00:00+00:00, run_after=2022-03-05 00:00:00+00:00
[2026-05-19T09:36:35.028+0000] {processor.py:183} INFO - Processing /home/airflow/.local/lib/python3.12/site-packages/airflow/example_dags/example_dynamic_task_mapping.py took 0.483 seconds
[2026-05-19T09:37:05.708+0000] {processor.py:161} INFO - Started process (PID=11368) to work on /home/airflow/.local/lib/python3.12/site-packages/airflow/example_dags/example_dynamic_task_mapping.py
[2026-05-19T09:37:05.718+0000] {processor.py:830} INFO - Processing file /home/airflow/.local/lib/python3.12/site-packages/airflow/example_dags/example_dynamic_task_mapping.py for tasks to queue
[2026-05-19T09:37:05.726+0000] {logging_mixin.py:188} INFO - [2026-05-19T09:37:05.725+0000] {dagbag.py:545} INFO - Filling up the DagBag from /home/airflow/.local/lib/python3.12/site-packages/airflow/example_dags/example_dynamic_task_mapping.py
[2026-05-19T09:37:05.766+0000] {processor.py:840} INFO - DAG(s) 'example_dynamic_task_mapping' retrieved from /home/airflow/.local/lib/python3.12/site-packages/airflow/example_dags/example_dynamic_task_mapping.py
[2026-05-19T09:37:05.843+0000] {logging_mixin.py:188} INFO - [2026-05-19T09:37:05.842+0000] {dag.py:3089} INFO - Sync 1 DAGs
[2026-05-19T09:37:05.909+0000] {logging_mixin.py:188} INFO - [2026-05-19T09:37:05.908+0000] {dag.py:3947} INFO - Setting next_dagrun for example_dynamic_task_mapping to 2022-03-04 00:00:00+00:00, run_after=2022-03-05 00:00:00+00:00
[2026-05-19T09:37:05.987+0000] {processor.py:183} INFO - Processing /home/airflow/.local/lib/python3.12/site-packages/airflow/example_dags/example_dynamic_task_mapping.py took 0.308 seconds
[2026-05-19T09:37:36.206+0000] {processor.py:161} INFO - Started process (PID=11428) to work on /home/airflow/.local/lib/python3.12/site-packages/airflow/example_dags/example_dynamic_task_mapping.py
[2026-05-19T09:37:36.209+0000] {processor.py:830} INFO - Processing file /home/airflow/.local/lib/python3.12/site-packages/airflow/example_dags/example_dynamic_task_mapping.py for tasks to queue
[2026-05-19T09:37:36.214+0000] {logging_mixin.py:188} INFO - [2026-05-19T09:37:36.213+0000] {dagbag.py:545} INFO - Filling up the DagBag from /home/airflow/.local/lib/python3.12/site-packages/airflow/example_dags/example_dynamic_task_mapping.py
[2026-05-19T09:37:36.234+0000] {processor.py:840} INFO - DAG(s) 'example_dynamic_task_mapping' retrieved from /home/airflow/.local/lib/python3.12/site-packages/airflow/example_dags/example_dynamic_task_mapping.py
[2026-05-19T09:37:36.286+0000] {logging_mixin.py:188} INFO - [2026-05-19T09:37:36.286+0000] {dag.py:3089} INFO - Sync 1 DAGs
[2026-05-19T09:37:36.344+0000] {logging_mixin.py:188} INFO - [2026-05-19T09:37:36.344+0000] {dag.py:3947} INFO - Setting next_dagrun for example_dynamic_task_mapping to 2022-03-04 00:00:00+00:00, run_after=2022-03-05 00:00:00+00:00
[2026-05-19T09:37:36.398+0000] {processor.py:183} INFO - Processing /home/airflow/.local/lib/python3.12/site-packages/airflow/example_dags/example_dynamic_task_mapping.py took 0.214 seconds
[2026-05-19T09:38:06.870+0000] {processor.py:161} INFO - Started process (PID=11488) to work on /home/airflow/.local/lib/python3.12/site-packages/airflow/example_dags/example_dynamic_task_mapping.py
[2026-05-19T09:38:06.874+0000] {processor.py:830} INFO - Processing file /home/airflow/.local/lib/python3.12/site-packages/airflow/example_dags/example_dynamic_task_mapping.py for tasks to queue
[2026-05-19T09:38:06.879+0000] {logging_mixin.py:188} INFO - [2026-05-19T09:38:06.878+0000] {dagbag.py:545} INFO - Filling up the DagBag from /home/airflow/.local/lib/python3.12/site-packages/airflow/example_dags/example_dynamic_task_mapping.py
[2026-05-19T09:38:06.903+0000] {processor.py:840} INFO - DAG(s) 'example_dynamic_task_mapping' retrieved from /home/airflow/.local/lib/python3.12/site-packages/airflow/example_dags/example_dynamic_task_mapping.py
[2026-05-19T09:38:06.967+0000] {logging_mixin.py:188} INFO - [2026-05-19T09:38:06.967+0000] {dag.py:3089} INFO - Sync 1 DAGs
[2026-05-19T09:38:07.043+0000] {logging_mixin.py:188} INFO - [2026-05-19T09:38:07.042+0000] {dag.py:3947} INFO - Setting next_dagrun for example_dynamic_task_mapping to 2022-03-04 00:00:00+00:00, run_after=2022-03-05 00:00:00+00:00
[2026-05-19T09:38:07.094+0000] {processor.py:183} INFO - Processing /home/airflow/.local/lib/python3.12/site-packages/airflow/example_dags/example_dynamic_task_mapping.py took 0.249 seconds
[2026-05-19T09:38:37.544+0000] {processor.py:161} INFO - Started process (PID=11548) to work on /home/airflow/.local/lib/python3.12/site-packages/airflow/example_dags/example_dynamic_task_mapping.py
[2026-05-19T09:38:37.548+0000] {processor.py:830} INFO - Processing file /home/airflow/.local/lib/python3.12/site-packages/airflow/example_dags/example_dynamic_task_mapping.py for tasks to queue
[2026-05-19T09:38:37.555+0000] {logging_mixin.py:188} INFO - [2026-05-19T09:38:37.554+0000] {dagbag.py:545} INFO - Filling up the DagBag from /home/airflow/.local/lib/python3.12/site-packages/airflow/example_dags/example_dynamic_task_mapping.py
[2026-05-19T09:38:37.588+0000] {processor.py:840} INFO - DAG(s) 'example_dynamic_task_mapping' retrieved from /home/airflow/.local/lib/python3.12/site-packages/airflow/example_dags/example_dynamic_task_mapping.py
[2026-05-19T09:38:37.740+0000] {logging_mixin.py:188} INFO - [2026-05-19T09:38:37.738+0000] {dag.py:3089} INFO - Sync 1 DAGs
[2026-05-19T09:38:37.836+0000] {logging_mixin.py:188} INFO - [2026-05-19T09:38:37.835+0000] {dag.py:3947} INFO - Setting next_dagrun for example_dynamic_task_mapping to 2022-03-04 00:00:00+00:00, run_after=2022-03-05 00:00:00+00:00
[2026-05-19T09:38:37.901+0000] {processor.py:183} INFO - Processing /home/airflow/.local/lib/python3.12/site-packages/airflow/example_dags/example_dynamic_task_mapping.py took 0.383 seconds
[2026-05-19T09:39:08.039+0000] {processor.py:161} INFO - Started process (PID=11608) to work on /home/airflow/.local/lib/python3.12/site-packages/airflow/example_dags/example_dynamic_task_mapping.py
[2026-05-19T09:39:08.042+0000] {processor.py:830} INFO - Processing file /home/airflow/.local/lib/python3.12/site-packages/airflow/example_dags/example_dynamic_task_mapping.py for tasks to queue
[2026-05-19T09:39:08.049+0000] {logging_mixin.py:188} INFO - [2026-05-19T09:39:08.048+0000] {dagbag.py:545} INFO - Filling up the DagBag from /home/airflow/.local/lib/python3.12/site-packages/airflow/example_dags/example_dynamic_task_mapping.py
[2026-05-19T09:39:08.070+0000] {processor.py:840} INFO - DAG(s) 'example_dynamic_task_mapping' retrieved from /home/airflow/.local/lib/python3.12/site-packages/airflow/example_dags/example_dynamic_task_mapping.py
[2026-05-19T09:39:08.136+0000] {logging_mixin.py:188} INFO - [2026-05-19T09:39:08.135+0000] {dag.py:3089} INFO - Sync 1 DAGs
[2026-05-19T09:39:08.230+0000] {logging_mixin.py:188} INFO - [2026-05-19T09:39:08.229+0000] {dag.py:3947} INFO - Setting next_dagrun for example_dynamic_task_mapping to 2022-03-04 00:00:00+00:00, run_after=2022-03-05 00:00:00+00:00
[2026-05-19T09:39:08.299+0000] {processor.py:183} INFO - Processing /home/airflow/.local/lib/python3.12/site-packages/airflow/example_dags/example_dynamic_task_mapping.py took 0.277 seconds
[2026-05-19T09:39:41.025+0000] {processor.py:161} INFO - Started process (PID=11667) to work on /home/airflow/.local/lib/python3.12/site-packages/airflow/example_dags/example_dynamic_task_mapping.py
[2026-05-19T09:39:41.029+0000] {processor.py:830} INFO - Processing file /home/airflow/.local/lib/python3.12/site-packages/airflow/example_dags/example_dynamic_task_mapping.py for tasks to queue
[2026-05-19T09:39:41.035+0000] {logging_mixin.py:188} INFO - [2026-05-19T09:39:41.034+0000] {dagbag.py:545} INFO - Filling up the DagBag from /home/airflow/.local/lib/python3.12/site-packages/airflow/example_dags/example_dynamic_task_mapping.py
[2026-05-19T09:39:41.089+0000] {processor.py:840} INFO - DAG(s) 'example_dynamic_task_mapping' retrieved from /home/airflow/.local/lib/python3.12/site-packages/airflow/example_dags/example_dynamic_task_mapping.py
[2026-05-19T09:39:41.150+0000] {logging_mixin.py:188} INFO - [2026-05-19T09:39:41.149+0000] {dag.py:3089} INFO - Sync 1 DAGs
[2026-05-19T09:39:41.199+0000] {logging_mixin.py:188} INFO - [2026-05-19T09:39:41.199+0000] {dag.py:3947} INFO - Setting next_dagrun for example_dynamic_task_mapping to 2022-03-04 00:00:00+00:00, run_after=2022-03-05 00:00:00+00:00
[2026-05-19T09:39:41.243+0000] {processor.py:183} INFO - Processing /home/airflow/.local/lib/python3.12/site-packages/airflow/example_dags/example_dynamic_task_mapping.py took 0.250 seconds
[2026-05-19T09:40:11.660+0000] {processor.py:161} INFO - Started process (PID=11727) to work on /home/airflow/.local/lib/python3.12/site-packages/airflow/example_dags/example_dynamic_task_mapping.py
[2026-05-19T09:40:11.663+0000] {processor.py:830} INFO - Processing file /home/airflow/.local/lib/python3.12/site-packages/airflow/example_dags/example_dynamic_task_mapping.py for tasks to queue
[2026-05-19T09:40:11.669+0000] {logging_mixin.py:188} INFO - [2026-05-19T09:40:11.668+0000] {dagbag.py:545} INFO - Filling up the DagBag from /home/airflow/.local/lib/python3.12/site-packages/airflow/example_dags/example_dynamic_task_mapping.py
[2026-05-19T09:40:11.699+0000] {processor.py:840} INFO - DAG(s) 'example_dynamic_task_mapping' retrieved from /home/airflow/.local/lib/python3.12/site-packages/airflow/example_dags/example_dynamic_task_mapping.py
[2026-05-19T09:40:11.788+0000] {logging_mixin.py:188} INFO - [2026-05-19T09:40:11.787+0000] {dag.py:3089} INFO - Sync 1 DAGs
[2026-05-19T09:40:11.910+0000] {logging_mixin.py:188} INFO - [2026-05-19T09:40:11.909+0000] {dag.py:3947} INFO - Setting next_dagrun for example_dynamic_task_mapping to 2022-03-04 00:00:00+00:00, run_after=2022-03-05 00:00:00+00:00
[2026-05-19T09:40:12.012+0000] {processor.py:183} INFO - Processing /home/airflow/.local/lib/python3.12/site-packages/airflow/example_dags/example_dynamic_task_mapping.py took 0.369 seconds
[2026-05-19T09:40:43.080+0000] {processor.py:161} INFO - Started process (PID=11782) to work on /home/airflow/.local/lib/python3.12/site-packages/airflow/example_dags/example_dynamic_task_mapping.py
[2026-05-19T09:40:43.085+0000] {processor.py:830} INFO - Processing file /home/airflow/.local/lib/python3.12/site-packages/airflow/example_dags/example_dynamic_task_mapping.py for tasks to queue
[2026-05-19T09:40:43.093+0000] {logging_mixin.py:188} INFO - [2026-05-19T09:40:43.091+0000] {dagbag.py:545} INFO - Filling up the DagBag from /home/airflow/.local/lib/python3.12/site-packages/airflow/example_dags/example_dynamic_task_mapping.py
[2026-05-19T09:40:43.131+0000] {processor.py:840} INFO - DAG(s) 'example_dynamic_task_mapping' retrieved from /home/airflow/.local/lib/python3.12/site-packages/airflow/example_dags/example_dynamic_task_mapping.py
[2026-05-19T09:40:43.214+0000] {logging_mixin.py:188} INFO - [2026-05-19T09:40:43.213+0000] {dag.py:3089} INFO - Sync 1 DAGs
[2026-05-19T09:40:43.287+0000] {logging_mixin.py:188} INFO - [2026-05-19T09:40:43.287+0000] {dag.py:3947} INFO - Setting next_dagrun for example_dynamic_task_mapping to 2022-03-04 00:00:00+00:00, run_after=2022-03-05 00:00:00+00:00
[2026-05-19T09:40:43.344+0000] {processor.py:183} INFO - Processing /home/airflow/.local/lib/python3.12/site-packages/airflow/example_dags/example_dynamic_task_mapping.py took 0.294 seconds
[2026-05-19T09:41:14.927+0000] {processor.py:161} INFO - Started process (PID=11841) to work on /home/airflow/.local/lib/python3.12/site-packages/airflow/example_dags/example_dynamic_task_mapping.py
[2026-05-19T09:41:14.931+0000] {processor.py:830} INFO - Processing file /home/airflow/.local/lib/python3.12/site-packages/airflow/example_dags/example_dynamic_task_mapping.py for tasks to queue
[2026-05-19T09:41:14.945+0000] {logging_mixin.py:188} INFO - [2026-05-19T09:41:14.943+0000] {dagbag.py:545} INFO - Filling up the DagBag from /home/airflow/.local/lib/python3.12/site-packages/airflow/example_dags/example_dynamic_task_mapping.py
[2026-05-19T09:41:14.972+0000] {processor.py:840} INFO - DAG(s) 'example_dynamic_task_mapping' retrieved from /home/airflow/.local/lib/python3.12/site-packages/airflow/example_dags/example_dynamic_task_mapping.py
[2026-05-19T09:41:15.213+0000] {logging_mixin.py:188} INFO - [2026-05-19T09:41:15.212+0000] {dag.py:3089} INFO - Sync 1 DAGs
[2026-05-19T09:41:15.341+0000] {logging_mixin.py:188} INFO - [2026-05-19T09:41:15.340+0000] {dag.py:3947} INFO - Setting next_dagrun for example_dynamic_task_mapping to 2022-03-04 00:00:00+00:00, run_after=2022-03-05 00:00:00+00:00
[2026-05-19T09:41:15.459+0000] {processor.py:183} INFO - Processing /home/airflow/.local/lib/python3.12/site-packages/airflow/example_dags/example_dynamic_task_mapping.py took 0.567 seconds
[2026-05-19T09:41:46.872+0000] {processor.py:161} INFO - Started process (PID=11901) to work on /home/airflow/.local/lib/python3.12/site-packages/airflow/example_dags/example_dynamic_task_mapping.py
[2026-05-19T09:41:46.876+0000] {processor.py:830} INFO - Processing file /home/airflow/.local/lib/python3.12/site-packages/airflow/example_dags/example_dynamic_task_mapping.py for tasks to queue
[2026-05-19T09:41:46.889+0000] {logging_mixin.py:188} INFO - [2026-05-19T09:41:46.888+0000] {dagbag.py:545} INFO - Filling up the DagBag from /home/airflow/.local/lib/python3.12/site-packages/airflow/example_dags/example_dynamic_task_mapping.py
[2026-05-19T09:41:46.924+0000] {processor.py:840} INFO - DAG(s) 'example_dynamic_task_mapping' retrieved from /home/airflow/.local/lib/python3.12/site-packages/airflow/example_dags/example_dynamic_task_mapping.py
[2026-05-19T09:41:46.993+0000] {logging_mixin.py:188} INFO - [2026-05-19T09:41:46.991+0000] {dag.py:3089} INFO - Sync 1 DAGs
[2026-05-19T09:41:47.144+0000] {logging_mixin.py:188} INFO - [2026-05-19T09:41:47.143+0000] {dag.py:3947} INFO - Setting next_dagrun for example_dynamic_task_mapping to 2022-03-04 00:00:00+00:00, run_after=2022-03-05 00:00:00+00:00
[2026-05-19T09:41:47.214+0000] {processor.py:183} INFO - Processing /home/airflow/.local/lib/python3.12/site-packages/airflow/example_dags/example_dynamic_task_mapping.py took 0.368 seconds
[2026-05-19T09:42:18.063+0000] {processor.py:161} INFO - Started process (PID=11961) to work on /home/airflow/.local/lib/python3.12/site-packages/airflow/example_dags/example_dynamic_task_mapping.py
[2026-05-19T09:42:18.067+0000] {processor.py:830} INFO - Processing file /home/airflow/.local/lib/python3.12/site-packages/airflow/example_dags/example_dynamic_task_mapping.py for tasks to queue
[2026-05-19T09:42:18.074+0000] {logging_mixin.py:188} INFO - [2026-05-19T09:42:18.073+0000] {dagbag.py:545} INFO - Filling up the DagBag from /home/airflow/.local/lib/python3.12/site-packages/airflow/example_dags/example_dynamic_task_mapping.py
[2026-05-19T09:42:18.095+0000] {processor.py:840} INFO - DAG(s) 'example_dynamic_task_mapping' retrieved from /home/airflow/.local/lib/python3.12/site-packages/airflow/example_dags/example_dynamic_task_mapping.py
[2026-05-19T09:42:18.152+0000] {logging_mixin.py:188} INFO - [2026-05-19T09:42:18.151+0000] {dag.py:3089} INFO - Sync 1 DAGs
[2026-05-19T09:42:18.218+0000] {logging_mixin.py:188} INFO - [2026-05-19T09:42:18.217+0000] {dag.py:3947} INFO - Setting next_dagrun for example_dynamic_task_mapping to 2022-03-04 00:00:00+00:00, run_after=2022-03-05 00:00:00+00:00
[2026-05-19T09:42:18.291+0000] {processor.py:183} INFO - Processing /home/airflow/.local/lib/python3.12/site-packages/airflow/example_dags/example_dynamic_task_mapping.py took 0.244 seconds
[2026-05-19T09:42:49.578+0000] {processor.py:161} INFO - Started process (PID=12020) to work on /home/airflow/.local/lib/python3.12/site-packages/airflow/example_dags/example_dynamic_task_mapping.py
[2026-05-19T09:42:49.582+0000] {processor.py:830} INFO - Processing file /home/airflow/.local/lib/python3.12/site-packages/airflow/example_dags/example_dynamic_task_mapping.py for tasks to queue
[2026-05-19T09:42:49.590+0000] {logging_mixin.py:188} INFO - [2026-05-19T09:42:49.589+0000] {dagbag.py:545} INFO - Filling up the DagBag from /home/airflow/.local/lib/python3.12/site-packages/airflow/example_dags/example_dynamic_task_mapping.py
[2026-05-19T09:42:49.617+0000] {processor.py:840} INFO - DAG(s) 'example_dynamic_task_mapping' retrieved from /home/airflow/.local/lib/python3.12/site-packages/airflow/example_dags/example_dynamic_task_mapping.py
[2026-05-19T09:42:49.689+0000] {logging_mixin.py:188} INFO - [2026-05-19T09:42:49.688+0000] {dag.py:3089} INFO - Sync 1 DAGs
[2026-05-19T09:42:49.770+0000] {logging_mixin.py:188} INFO - [2026-05-19T09:42:49.769+0000] {dag.py:3947} INFO - Setting next_dagrun for example_dynamic_task_mapping to 2022-03-04 00:00:00+00:00, run_after=2022-03-05 00:00:00+00:00
[2026-05-19T09:42:49.833+0000] {processor.py:183} INFO - Processing /home/airflow/.local/lib/python3.12/site-packages/airflow/example_dags/example_dynamic_task_mapping.py took 0.272 seconds
[2026-05-19T09:43:21.431+0000] {processor.py:161} INFO - Started process (PID=12081) to work on /home/airflow/.local/lib/python3.12/site-packages/airflow/example_dags/example_dynamic_task_mapping.py
[2026-05-19T09:43:21.435+0000] {processor.py:830} INFO - Processing file /home/airflow/.local/lib/python3.12/site-packages/airflow/example_dags/example_dynamic_task_mapping.py for tasks to queue
[2026-05-19T09:43:21.442+0000] {logging_mixin.py:188} INFO - [2026-05-19T09:43:21.441+0000] {dagbag.py:545} INFO - Filling up the DagBag from /home/airflow/.local/lib/python3.12/site-packages/airflow/example_dags/example_dynamic_task_mapping.py
[2026-05-19T09:43:21.471+0000] {processor.py:840} INFO - DAG(s) 'example_dynamic_task_mapping' retrieved from /home/airflow/.local/lib/python3.12/site-packages/airflow/example_dags/example_dynamic_task_mapping.py
[2026-05-19T09:43:21.548+0000] {logging_mixin.py:188} INFO - [2026-05-19T09:43:21.547+0000] {dag.py:3089} INFO - Sync 1 DAGs
[2026-05-19T09:43:21.623+0000] {logging_mixin.py:188} INFO - [2026-05-19T09:43:21.622+0000] {dag.py:3947} INFO - Setting next_dagrun for example_dynamic_task_mapping to 2022-03-04 00:00:00+00:00, run_after=2022-03-05 00:00:00+00:00
[2026-05-19T09:43:21.695+0000] {processor.py:183} INFO - Processing /home/airflow/.local/lib/python3.12/site-packages/airflow/example_dags/example_dynamic_task_mapping.py took 0.284 seconds
[2026-05-19T09:43:52.033+0000] {processor.py:161} INFO - Started process (PID=12140) to work on /home/airflow/.local/lib/python3.12/site-packages/airflow/example_dags/example_dynamic_task_mapping.py
[2026-05-19T09:43:52.037+0000] {processor.py:830} INFO - Processing file /home/airflow/.local/lib/python3.12/site-packages/airflow/example_dags/example_dynamic_task_mapping.py for tasks to queue
[2026-05-19T09:43:52.045+0000] {logging_mixin.py:188} INFO - [2026-05-19T09:43:52.044+0000] {dagbag.py:545} INFO - Filling up the DagBag from /home/airflow/.local/lib/python3.12/site-packages/airflow/example_dags/example_dynamic_task_mapping.py
[2026-05-19T09:43:52.073+0000] {processor.py:840} INFO - DAG(s) 'example_dynamic_task_mapping' retrieved from /home/airflow/.local/lib/python3.12/site-packages/airflow/example_dags/example_dynamic_task_mapping.py
[2026-05-19T09:43:52.175+0000] {logging_mixin.py:188} INFO - [2026-05-19T09:43:52.174+0000] {dag.py:3089} INFO - Sync 1 DAGs
[2026-05-19T09:43:52.271+0000] {logging_mixin.py:188} INFO - [2026-05-19T09:43:52.270+0000] {dag.py:3947} INFO - Setting next_dagrun for example_dynamic_task_mapping to 2022-03-04 00:00:00+00:00, run_after=2022-03-05 00:00:00+00:00
[2026-05-19T09:43:52.383+0000] {processor.py:183} INFO - Processing /home/airflow/.local/lib/python3.12/site-packages/airflow/example_dags/example_dynamic_task_mapping.py took 0.373 seconds
[2026-05-19T09:44:22.743+0000] {processor.py:161} INFO - Started process (PID=12200) to work on /home/airflow/.local/lib/python3.12/site-packages/airflow/example_dags/example_dynamic_task_mapping.py
[2026-05-19T09:44:22.746+0000] {processor.py:830} INFO - Processing file /home/airflow/.local/lib/python3.12/site-packages/airflow/example_dags/example_dynamic_task_mapping.py for tasks to queue
[2026-05-19T09:44:22.752+0000] {logging_mixin.py:188} INFO - [2026-05-19T09:44:22.751+0000] {dagbag.py:545} INFO - Filling up the DagBag from /home/airflow/.local/lib/python3.12/site-packages/airflow/example_dags/example_dynamic_task_mapping.py
[2026-05-19T09:44:22.771+0000] {processor.py:840} INFO - DAG(s) 'example_dynamic_task_mapping' retrieved from /home/airflow/.local/lib/python3.12/site-packages/airflow/example_dags/example_dynamic_task_mapping.py
[2026-05-19T09:44:22.827+0000] {logging_mixin.py:188} INFO - [2026-05-19T09:44:22.827+0000] {dag.py:3089} INFO - Sync 1 DAGs
[2026-05-19T09:44:22.893+0000] {logging_mixin.py:188} INFO - [2026-05-19T09:44:22.892+0000] {dag.py:3947} INFO - Setting next_dagrun for example_dynamic_task_mapping to 2022-03-04 00:00:00+00:00, run_after=2022-03-05 00:00:00+00:00
[2026-05-19T09:44:22.957+0000] {processor.py:183} INFO - Processing /home/airflow/.local/lib/python3.12/site-packages/airflow/example_dags/example_dynamic_task_mapping.py took 0.231 seconds
[2026-05-19T09:44:53.624+0000] {processor.py:161} INFO - Started process (PID=12260) to work on /home/airflow/.local/lib/python3.12/site-packages/airflow/example_dags/example_dynamic_task_mapping.py
[2026-05-19T09:44:53.628+0000] {processor.py:830} INFO - Processing file /home/airflow/.local/lib/python3.12/site-packages/airflow/example_dags/example_dynamic_task_mapping.py for tasks to queue
[2026-05-19T09:44:53.634+0000] {logging_mixin.py:188} INFO - [2026-05-19T09:44:53.633+0000] {dagbag.py:545} INFO - Filling up the DagBag from /home/airflow/.local/lib/python3.12/site-packages/airflow/example_dags/example_dynamic_task_mapping.py
[2026-05-19T09:44:53.654+0000] {processor.py:840} INFO - DAG(s) 'example_dynamic_task_mapping' retrieved from /home/airflow/.local/lib/python3.12/site-packages/airflow/example_dags/example_dynamic_task_mapping.py
[2026-05-19T09:44:53.721+0000] {logging_mixin.py:188} INFO - [2026-05-19T09:44:53.720+0000] {dag.py:3089} INFO - Sync 1 DAGs
[2026-05-19T09:44:53.800+0000] {logging_mixin.py:188} INFO - [2026-05-19T09:44:53.800+0000] {dag.py:3947} INFO - Setting next_dagrun for example_dynamic_task_mapping to 2022-03-04 00:00:00+00:00, run_after=2022-03-05 00:00:00+00:00
[2026-05-19T09:44:53.874+0000] {processor.py:183} INFO - Processing /home/airflow/.local/lib/python3.12/site-packages/airflow/example_dags/example_dynamic_task_mapping.py took 0.269 seconds
[2026-05-19T09:45:24.133+0000] {processor.py:161} INFO - Started process (PID=12318) to work on /home/airflow/.local/lib/python3.12/site-packages/airflow/example_dags/example_dynamic_task_mapping.py
[2026-05-19T09:45:24.138+0000] {processor.py:830} INFO - Processing file /home/airflow/.local/lib/python3.12/site-packages/airflow/example_dags/example_dynamic_task_mapping.py for tasks to queue
[2026-05-19T09:45:24.146+0000] {logging_mixin.py:188} INFO - [2026-05-19T09:45:24.144+0000] {dagbag.py:545} INFO - Filling up the DagBag from /home/airflow/.local/lib/python3.12/site-packages/airflow/example_dags/example_dynamic_task_mapping.py
[2026-05-19T09:45:24.172+0000] {processor.py:840} INFO - DAG(s) 'example_dynamic_task_mapping' retrieved from /home/airflow/.local/lib/python3.12/site-packages/airflow/example_dags/example_dynamic_task_mapping.py
[2026-05-19T09:45:24.237+0000] {logging_mixin.py:188} INFO - [2026-05-19T09:45:24.236+0000] {dag.py:3089} INFO - Sync 1 DAGs
[2026-05-19T09:45:24.299+0000] {logging_mixin.py:188} INFO - [2026-05-19T09:45:24.298+0000] {dag.py:3947} INFO - Setting next_dagrun for example_dynamic_task_mapping to 2022-03-04 00:00:00+00:00, run_after=2022-03-05 00:00:00+00:00
[2026-05-19T09:45:24.352+0000] {processor.py:183} INFO - Processing /home/airflow/.local/lib/python3.12/site-packages/airflow/example_dags/example_dynamic_task_mapping.py took 0.240 seconds
[2026-05-19T09:45:54.764+0000] {processor.py:161} INFO - Started process (PID=12378) to work on /home/airflow/.local/lib/python3.12/site-packages/airflow/example_dags/example_dynamic_task_mapping.py
[2026-05-19T09:45:54.767+0000] {processor.py:830} INFO - Processing file /home/airflow/.local/lib/python3.12/site-packages/airflow/example_dags/example_dynamic_task_mapping.py for tasks to queue
[2026-05-19T09:45:54.774+0000] {logging_mixin.py:188} INFO - [2026-05-19T09:45:54.773+0000] {dagbag.py:545} INFO - Filling up the DagBag from /home/airflow/.local/lib/python3.12/site-packages/airflow/example_dags/example_dynamic_task_mapping.py
[2026-05-19T09:45:54.803+0000] {processor.py:840} INFO - DAG(s) 'example_dynamic_task_mapping' retrieved from /home/airflow/.local/lib/python3.12/site-packages/airflow/example_dags/example_dynamic_task_mapping.py
[2026-05-19T09:45:54.888+0000] {logging_mixin.py:188} INFO - [2026-05-19T09:45:54.887+0000] {dag.py:3089} INFO - Sync 1 DAGs
[2026-05-19T09:45:54.969+0000] {logging_mixin.py:188} INFO - [2026-05-19T09:45:54.968+0000] {dag.py:3947} INFO - Setting next_dagrun for example_dynamic_task_mapping to 2022-03-04 00:00:00+00:00, run_after=2022-03-05 00:00:00+00:00
[2026-05-19T09:45:55.025+0000] {processor.py:183} INFO - Processing /home/airflow/.local/lib/python3.12/site-packages/airflow/example_dags/example_dynamic_task_mapping.py took 0.280 seconds
[2026-05-19T09:46:27.088+0000] {processor.py:161} INFO - Started process (PID=12438) to work on /home/airflow/.local/lib/python3.12/site-packages/airflow/example_dags/example_dynamic_task_mapping.py
[2026-05-19T09:46:27.090+0000] {processor.py:830} INFO - Processing file /home/airflow/.local/lib/python3.12/site-packages/airflow/example_dags/example_dynamic_task_mapping.py for tasks to queue
[2026-05-19T09:46:27.095+0000] {logging_mixin.py:188} INFO - [2026-05-19T09:46:27.094+0000] {dagbag.py:545} INFO - Filling up the DagBag from /home/airflow/.local/lib/python3.12/site-packages/airflow/example_dags/example_dynamic_task_mapping.py
[2026-05-19T09:46:27.110+0000] {processor.py:840} INFO - DAG(s) 'example_dynamic_task_mapping' retrieved from /home/airflow/.local/lib/python3.12/site-packages/airflow/example_dags/example_dynamic_task_mapping.py
[2026-05-19T09:46:27.159+0000] {logging_mixin.py:188} INFO - [2026-05-19T09:46:27.159+0000] {dag.py:3089} INFO - Sync 1 DAGs
[2026-05-19T09:46:27.651+0000] {logging_mixin.py:188} INFO - [2026-05-19T09:46:27.650+0000] {dag.py:3947} INFO - Setting next_dagrun for example_dynamic_task_mapping to 2022-03-04 00:00:00+00:00, run_after=2022-03-05 00:00:00+00:00
[2026-05-19T09:46:27.732+0000] {processor.py:183} INFO - Processing /home/airflow/.local/lib/python3.12/site-packages/airflow/example_dags/example_dynamic_task_mapping.py took 0.658 seconds
[2026-05-19T09:46:58.588+0000] {processor.py:161} INFO - Started process (PID=12498) to work on /home/airflow/.local/lib/python3.12/site-packages/airflow/example_dags/example_dynamic_task_mapping.py
[2026-05-19T09:46:58.593+0000] {processor.py:830} INFO - Processing file /home/airflow/.local/lib/python3.12/site-packages/airflow/example_dags/example_dynamic_task_mapping.py for tasks to queue
[2026-05-19T09:46:58.603+0000] {logging_mixin.py:188} INFO - [2026-05-19T09:46:58.601+0000] {dagbag.py:545} INFO - Filling up the DagBag from /home/airflow/.local/lib/python3.12/site-packages/airflow/example_dags/example_dynamic_task_mapping.py
[2026-05-19T09:46:58.645+0000] {processor.py:840} INFO - DAG(s) 'example_dynamic_task_mapping' retrieved from /home/airflow/.local/lib/python3.12/site-packages/airflow/example_dags/example_dynamic_task_mapping.py
[2026-05-19T09:46:58.748+0000] {logging_mixin.py:188} INFO - [2026-05-19T09:46:58.747+0000] {dag.py:3089} INFO - Sync 1 DAGs
[2026-05-19T09:46:58.829+0000] {logging_mixin.py:188} INFO - [2026-05-19T09:46:58.828+0000] {dag.py:3947} INFO - Setting next_dagrun for example_dynamic_task_mapping to 2022-03-04 00:00:00+00:00, run_after=2022-03-05 00:00:00+00:00
[2026-05-19T09:46:58.913+0000] {processor.py:183} INFO - Processing /home/airflow/.local/lib/python3.12/site-packages/airflow/example_dags/example_dynamic_task_mapping.py took 0.352 seconds
[2026-05-19T09:47:29.192+0000] {processor.py:161} INFO - Started process (PID=12558) to work on /home/airflow/.local/lib/python3.12/site-packages/airflow/example_dags/example_dynamic_task_mapping.py
[2026-05-19T09:47:29.196+0000] {processor.py:830} INFO - Processing file /home/airflow/.local/lib/python3.12/site-packages/airflow/example_dags/example_dynamic_task_mapping.py for tasks to queue
[2026-05-19T09:47:29.207+0000] {logging_mixin.py:188} INFO - [2026-05-19T09:47:29.206+0000] {dagbag.py:545} INFO - Filling up the DagBag from /home/airflow/.local/lib/python3.12/site-packages/airflow/example_dags/example_dynamic_task_mapping.py
[2026-05-19T09:47:29.241+0000] {processor.py:840} INFO - DAG(s) 'example_dynamic_task_mapping' retrieved from /home/airflow/.local/lib/python3.12/site-packages/airflow/example_dags/example_dynamic_task_mapping.py
[2026-05-19T09:47:29.353+0000] {logging_mixin.py:188} INFO - [2026-05-19T09:47:29.350+0000] {dag.py:3089} INFO - Sync 1 DAGs
[2026-05-19T09:47:29.488+0000] {logging_mixin.py:188} INFO - [2026-05-19T09:47:29.485+0000] {dag.py:3947} INFO - Setting next_dagrun for example_dynamic_task_mapping to 2022-03-04 00:00:00+00:00, run_after=2022-03-05 00:00:00+00:00
[2026-05-19T09:47:29.594+0000] {processor.py:183} INFO - Processing /home/airflow/.local/lib/python3.12/site-packages/airflow/example_dags/example_dynamic_task_mapping.py took 0.429 seconds
[2026-05-19T09:48:02.857+0000] {processor.py:161} INFO - Started process (PID=12619) to work on /home/airflow/.local/lib/python3.12/site-packages/airflow/example_dags/example_dynamic_task_mapping.py
[2026-05-19T09:48:02.863+0000] {processor.py:830} INFO - Processing file /home/airflow/.local/lib/python3.12/site-packages/airflow/example_dags/example_dynamic_task_mapping.py for tasks to queue
[2026-05-19T09:48:02.872+0000] {logging_mixin.py:188} INFO - [2026-05-19T09:48:02.870+0000] {dagbag.py:545} INFO - Filling up the DagBag from /home/airflow/.local/lib/python3.12/site-packages/airflow/example_dags/example_dynamic_task_mapping.py
[2026-05-19T09:48:02.902+0000] {processor.py:840} INFO - DAG(s) 'example_dynamic_task_mapping' retrieved from /home/airflow/.local/lib/python3.12/site-packages/airflow/example_dags/example_dynamic_task_mapping.py
[2026-05-19T09:48:03.319+0000] {logging_mixin.py:188} INFO - [2026-05-19T09:48:03.318+0000] {dag.py:3089} INFO - Sync 1 DAGs
[2026-05-19T09:48:03.361+0000] {logging_mixin.py:188} INFO - [2026-05-19T09:48:03.361+0000] {dag.py:3947} INFO - Setting next_dagrun for example_dynamic_task_mapping to 2022-03-04 00:00:00+00:00, run_after=2022-03-05 00:00:00+00:00
[2026-05-19T09:48:03.399+0000] {processor.py:183} INFO - Processing /home/airflow/.local/lib/python3.12/site-packages/airflow/example_dags/example_dynamic_task_mapping.py took 0.572 seconds
[2026-05-19T09:48:33.597+0000] {processor.py:161} INFO - Started process (PID=12685) to work on /home/airflow/.local/lib/python3.12/site-packages/airflow/example_dags/example_dynamic_task_mapping.py
[2026-05-19T09:48:33.600+0000] {processor.py:830} INFO - Processing file /home/airflow/.local/lib/python3.12/site-packages/airflow/example_dags/example_dynamic_task_mapping.py for tasks to queue
[2026-05-19T09:48:33.608+0000] {logging_mixin.py:188} INFO - [2026-05-19T09:48:33.607+0000] {dagbag.py:545} INFO - Filling up the DagBag from /home/airflow/.local/lib/python3.12/site-packages/airflow/example_dags/example_dynamic_task_mapping.py
[2026-05-19T09:48:33.635+0000] {processor.py:840} INFO - DAG(s) 'example_dynamic_task_mapping' retrieved from /home/airflow/.local/lib/python3.12/site-packages/airflow/example_dags/example_dynamic_task_mapping.py
[2026-05-19T09:48:33.699+0000] {logging_mixin.py:188} INFO - [2026-05-19T09:48:33.699+0000] {dag.py:3089} INFO - Sync 1 DAGs
[2026-05-19T09:48:33.752+0000] {logging_mixin.py:188} INFO - [2026-05-19T09:48:33.752+0000] {dag.py:3947} INFO - Setting next_dagrun for example_dynamic_task_mapping to 2022-03-04 00:00:00+00:00, run_after=2022-03-05 00:00:00+00:00
[2026-05-19T09:48:33.809+0000] {processor.py:183} INFO - Processing /home/airflow/.local/lib/python3.12/site-packages/airflow/example_dags/example_dynamic_task_mapping.py took 0.228 seconds
[2026-05-19T09:49:06.063+0000] {processor.py:161} INFO - Started process (PID=12744) to work on /home/airflow/.local/lib/python3.12/site-packages/airflow/example_dags/example_dynamic_task_mapping.py
[2026-05-19T09:49:06.072+0000] {processor.py:830} INFO - Processing file /home/airflow/.local/lib/python3.12/site-packages/airflow/example_dags/example_dynamic_task_mapping.py for tasks to queue
[2026-05-19T09:49:06.084+0000] {logging_mixin.py:188} INFO - [2026-05-19T09:49:06.082+0000] {dagbag.py:545} INFO - Filling up the DagBag from /home/airflow/.local/lib/python3.12/site-packages/airflow/example_dags/example_dynamic_task_mapping.py
[2026-05-19T09:49:06.159+0000] {processor.py:840} INFO - DAG(s) 'example_dynamic_task_mapping' retrieved from /home/airflow/.local/lib/python3.12/site-packages/airflow/example_dags/example_dynamic_task_mapping.py
[2026-05-19T09:49:06.300+0000] {logging_mixin.py:188} INFO - [2026-05-19T09:49:06.299+0000] {dag.py:3089} INFO - Sync 1 DAGs
[2026-05-19T09:49:06.442+0000] {logging_mixin.py:188} INFO - [2026-05-19T09:49:06.441+0000] {dag.py:3947} INFO - Setting next_dagrun for example_dynamic_task_mapping to 2022-03-04 00:00:00+00:00, run_after=2022-03-05 00:00:00+00:00
[2026-05-19T09:49:06.638+0000] {processor.py:183} INFO - Processing /home/airflow/.local/lib/python3.12/site-packages/airflow/example_dags/example_dynamic_task_mapping.py took 0.617 seconds
[2026-05-19T09:49:36.818+0000] {processor.py:161} INFO - Started process (PID=12804) to work on /home/airflow/.local/lib/python3.12/site-packages/airflow/example_dags/example_dynamic_task_mapping.py
[2026-05-19T09:49:36.823+0000] {processor.py:830} INFO - Processing file /home/airflow/.local/lib/python3.12/site-packages/airflow/example_dags/example_dynamic_task_mapping.py for tasks to queue
[2026-05-19T09:49:36.836+0000] {logging_mixin.py:188} INFO - [2026-05-19T09:49:36.835+0000] {dagbag.py:545} INFO - Filling up the DagBag from /home/airflow/.local/lib/python3.12/site-packages/airflow/example_dags/example_dynamic_task_mapping.py
[2026-05-19T09:49:36.861+0000] {processor.py:840} INFO - DAG(s) 'example_dynamic_task_mapping' retrieved from /home/airflow/.local/lib/python3.12/site-packages/airflow/example_dags/example_dynamic_task_mapping.py
[2026-05-19T09:49:36.925+0000] {logging_mixin.py:188} INFO - [2026-05-19T09:49:36.925+0000] {dag.py:3089} INFO - Sync 1 DAGs
[2026-05-19T09:49:37.013+0000] {logging_mixin.py:188} INFO - [2026-05-19T09:49:37.013+0000] {dag.py:3947} INFO - Setting next_dagrun for example_dynamic_task_mapping to 2022-03-04 00:00:00+00:00, run_after=2022-03-05 00:00:00+00:00
[2026-05-19T09:49:37.072+0000] {processor.py:183} INFO - Processing /home/airflow/.local/lib/python3.12/site-packages/airflow/example_dags/example_dynamic_task_mapping.py took 0.272 seconds
[2026-05-19T09:50:08.253+0000] {processor.py:161} INFO - Started process (PID=12864) to work on /home/airflow/.local/lib/python3.12/site-packages/airflow/example_dags/example_dynamic_task_mapping.py
[2026-05-19T09:50:08.257+0000] {processor.py:830} INFO - Processing file /home/airflow/.local/lib/python3.12/site-packages/airflow/example_dags/example_dynamic_task_mapping.py for tasks to queue
[2026-05-19T09:50:08.268+0000] {logging_mixin.py:188} INFO - [2026-05-19T09:50:08.267+0000] {dagbag.py:545} INFO - Filling up the DagBag from /home/airflow/.local/lib/python3.12/site-packages/airflow/example_dags/example_dynamic_task_mapping.py
[2026-05-19T09:50:08.292+0000] {processor.py:840} INFO - DAG(s) 'example_dynamic_task_mapping' retrieved from /home/airflow/.local/lib/python3.12/site-packages/airflow/example_dags/example_dynamic_task_mapping.py
[2026-05-19T09:50:08.367+0000] {logging_mixin.py:188} INFO - [2026-05-19T09:50:08.367+0000] {dag.py:3089} INFO - Sync 1 DAGs
[2026-05-19T09:50:08.427+0000] {logging_mixin.py:188} INFO - [2026-05-19T09:50:08.426+0000] {dag.py:3947} INFO - Setting next_dagrun for example_dynamic_task_mapping to 2022-03-04 00:00:00+00:00, run_after=2022-03-05 00:00:00+00:00
[2026-05-19T09:50:08.486+0000] {processor.py:183} INFO - Processing /home/airflow/.local/lib/python3.12/site-packages/airflow/example_dags/example_dynamic_task_mapping.py took 0.255 seconds
[2026-05-19T09:50:38.895+0000] {processor.py:161} INFO - Started process (PID=12923) to work on /home/airflow/.local/lib/python3.12/site-packages/airflow/example_dags/example_dynamic_task_mapping.py
[2026-05-19T09:50:38.899+0000] {processor.py:830} INFO - Processing file /home/airflow/.local/lib/python3.12/site-packages/airflow/example_dags/example_dynamic_task_mapping.py for tasks to queue
[2026-05-19T09:50:38.909+0000] {logging_mixin.py:188} INFO - [2026-05-19T09:50:38.907+0000] {dagbag.py:545} INFO - Filling up the DagBag from /home/airflow/.local/lib/python3.12/site-packages/airflow/example_dags/example_dynamic_task_mapping.py
[2026-05-19T09:50:38.933+0000] {processor.py:840} INFO - DAG(s) 'example_dynamic_task_mapping' retrieved from /home/airflow/.local/lib/python3.12/site-packages/airflow/example_dags/example_dynamic_task_mapping.py
[2026-05-19T09:50:39.015+0000] {logging_mixin.py:188} INFO - [2026-05-19T09:50:39.014+0000] {dag.py:3089} INFO - Sync 1 DAGs
[2026-05-19T09:50:39.111+0000] {logging_mixin.py:188} INFO - [2026-05-19T09:50:39.109+0000] {dag.py:3947} INFO - Setting next_dagrun for example_dynamic_task_mapping to 2022-03-04 00:00:00+00:00, run_after=2022-03-05 00:00:00+00:00
[2026-05-19T09:50:39.207+0000] {processor.py:183} INFO - Processing /home/airflow/.local/lib/python3.12/site-packages/airflow/example_dags/example_dynamic_task_mapping.py took 0.331 seconds
[2026-05-19T09:51:12.935+0000] {processor.py:161} INFO - Started process (PID=12982) to work on /home/airflow/.local/lib/python3.12/site-packages/airflow/example_dags/example_dynamic_task_mapping.py
[2026-05-19T09:51:12.941+0000] {processor.py:830} INFO - Processing file /home/airflow/.local/lib/python3.12/site-packages/airflow/example_dags/example_dynamic_task_mapping.py for tasks to queue
[2026-05-19T09:51:12.957+0000] {logging_mixin.py:188} INFO - [2026-05-19T09:51:12.950+0000] {dagbag.py:545} INFO - Filling up the DagBag from /home/airflow/.local/lib/python3.12/site-packages/airflow/example_dags/example_dynamic_task_mapping.py
[2026-05-19T09:51:13.007+0000] {processor.py:840} INFO - DAG(s) 'example_dynamic_task_mapping' retrieved from /home/airflow/.local/lib/python3.12/site-packages/airflow/example_dags/example_dynamic_task_mapping.py
[2026-05-19T09:51:13.173+0000] {logging_mixin.py:188} INFO - [2026-05-19T09:51:13.172+0000] {dag.py:3089} INFO - Sync 1 DAGs
[2026-05-19T09:51:13.306+0000] {logging_mixin.py:188} INFO - [2026-05-19T09:51:13.304+0000] {dag.py:3947} INFO - Setting next_dagrun for example_dynamic_task_mapping to 2022-03-04 00:00:00+00:00, run_after=2022-03-05 00:00:00+00:00
[2026-05-19T09:51:13.387+0000] {processor.py:183} INFO - Processing /home/airflow/.local/lib/python3.12/site-packages/airflow/example_dags/example_dynamic_task_mapping.py took 0.505 seconds
[2026-05-19T09:56:07.574+0000] {processor.py:161} INFO - Started process (PID=118) to work on /home/airflow/.local/lib/python3.12/site-packages/airflow/example_dags/example_dynamic_task_mapping.py
[2026-05-19T09:56:07.590+0000] {processor.py:830} INFO - Processing file /home/airflow/.local/lib/python3.12/site-packages/airflow/example_dags/example_dynamic_task_mapping.py for tasks to queue
[2026-05-19T09:56:07.606+0000] {logging_mixin.py:188} INFO - [2026-05-19T09:56:07.600+0000] {dagbag.py:545} INFO - Filling up the DagBag from /home/airflow/.local/lib/python3.12/site-packages/airflow/example_dags/example_dynamic_task_mapping.py
[2026-05-19T09:56:07.683+0000] {processor.py:840} INFO - DAG(s) 'example_dynamic_task_mapping' retrieved from /home/airflow/.local/lib/python3.12/site-packages/airflow/example_dags/example_dynamic_task_mapping.py
[2026-05-19T09:56:11.401+0000] {logging_mixin.py:188} INFO - [2026-05-19T09:56:11.381+0000] {dag.py:3089} INFO - Sync 1 DAGs
[2026-05-19T09:56:13.120+0000] {logging_mixin.py:188} INFO - [2026-05-19T09:56:13.119+0000] {dag.py:3947} INFO - Setting next_dagrun for example_dynamic_task_mapping to 2022-03-04 00:00:00+00:00, run_after=2022-03-05 00:00:00+00:00
[2026-05-19T09:56:14.825+0000] {processor.py:183} INFO - Processing /home/airflow/.local/lib/python3.12/site-packages/airflow/example_dags/example_dynamic_task_mapping.py took 7.298 seconds
[2026-05-19T09:57:16.897+0000] {processor.py:161} INFO - Started process (PID=183) to work on /home/airflow/.local/lib/python3.12/site-packages/airflow/example_dags/example_dynamic_task_mapping.py
[2026-05-19T09:57:16.906+0000] {processor.py:830} INFO - Processing file /home/airflow/.local/lib/python3.12/site-packages/airflow/example_dags/example_dynamic_task_mapping.py for tasks to queue
[2026-05-19T09:57:16.922+0000] {logging_mixin.py:188} INFO - [2026-05-19T09:57:16.921+0000] {dagbag.py:545} INFO - Filling up the DagBag from /home/airflow/.local/lib/python3.12/site-packages/airflow/example_dags/example_dynamic_task_mapping.py
[2026-05-19T09:57:16.971+0000] {processor.py:840} INFO - DAG(s) 'example_dynamic_task_mapping' retrieved from /home/airflow/.local/lib/python3.12/site-packages/airflow/example_dags/example_dynamic_task_mapping.py
[2026-05-19T09:57:17.086+0000] {logging_mixin.py:188} INFO - [2026-05-19T09:57:17.085+0000] {dag.py:3089} INFO - Sync 1 DAGs
[2026-05-19T09:57:17.164+0000] {logging_mixin.py:188} INFO - [2026-05-19T09:57:17.163+0000] {dag.py:3947} INFO - Setting next_dagrun for example_dynamic_task_mapping to 2022-03-04 00:00:00+00:00, run_after=2022-03-05 00:00:00+00:00
[2026-05-19T09:57:17.396+0000] {processor.py:183} INFO - Processing /home/airflow/.local/lib/python3.12/site-packages/airflow/example_dags/example_dynamic_task_mapping.py took 0.529 seconds
[2026-05-19T09:57:48.046+0000] {processor.py:161} INFO - Started process (PID=243) to work on /home/airflow/.local/lib/python3.12/site-packages/airflow/example_dags/example_dynamic_task_mapping.py
[2026-05-19T09:57:48.051+0000] {processor.py:830} INFO - Processing file /home/airflow/.local/lib/python3.12/site-packages/airflow/example_dags/example_dynamic_task_mapping.py for tasks to queue
[2026-05-19T09:57:48.061+0000] {logging_mixin.py:188} INFO - [2026-05-19T09:57:48.059+0000] {dagbag.py:545} INFO - Filling up the DagBag from /home/airflow/.local/lib/python3.12/site-packages/airflow/example_dags/example_dynamic_task_mapping.py
[2026-05-19T09:57:48.097+0000] {processor.py:840} INFO - DAG(s) 'example_dynamic_task_mapping' retrieved from /home/airflow/.local/lib/python3.12/site-packages/airflow/example_dags/example_dynamic_task_mapping.py
[2026-05-19T09:57:48.189+0000] {logging_mixin.py:188} INFO - [2026-05-19T09:57:48.188+0000] {dag.py:3089} INFO - Sync 1 DAGs
[2026-05-19T09:57:48.293+0000] {logging_mixin.py:188} INFO - [2026-05-19T09:57:48.292+0000] {dag.py:3947} INFO - Setting next_dagrun for example_dynamic_task_mapping to 2022-03-04 00:00:00+00:00, run_after=2022-03-05 00:00:00+00:00
[2026-05-19T09:57:48.368+0000] {processor.py:183} INFO - Processing /home/airflow/.local/lib/python3.12/site-packages/airflow/example_dags/example_dynamic_task_mapping.py took 0.338 seconds
[2026-05-19T09:58:21.308+0000] {processor.py:161} INFO - Started process (PID=311) to work on /home/airflow/.local/lib/python3.12/site-packages/airflow/example_dags/example_dynamic_task_mapping.py
[2026-05-19T09:58:21.310+0000] {processor.py:830} INFO - Processing file /home/airflow/.local/lib/python3.12/site-packages/airflow/example_dags/example_dynamic_task_mapping.py for tasks to queue
[2026-05-19T09:58:21.315+0000] {logging_mixin.py:188} INFO - [2026-05-19T09:58:21.314+0000] {dagbag.py:545} INFO - Filling up the DagBag from /home/airflow/.local/lib/python3.12/site-packages/airflow/example_dags/example_dynamic_task_mapping.py
[2026-05-19T09:58:21.331+0000] {processor.py:840} INFO - DAG(s) 'example_dynamic_task_mapping' retrieved from /home/airflow/.local/lib/python3.12/site-packages/airflow/example_dags/example_dynamic_task_mapping.py
[2026-05-19T09:58:21.404+0000] {logging_mixin.py:188} INFO - [2026-05-19T09:58:21.398+0000] {dag.py:3089} INFO - Sync 1 DAGs
[2026-05-19T09:58:21.516+0000] {logging_mixin.py:188} INFO - [2026-05-19T09:58:21.515+0000] {dag.py:3947} INFO - Setting next_dagrun for example_dynamic_task_mapping to 2022-03-04 00:00:00+00:00, run_after=2022-03-05 00:00:00+00:00
[2026-05-19T09:58:21.570+0000] {processor.py:183} INFO - Processing /home/airflow/.local/lib/python3.12/site-packages/airflow/example_dags/example_dynamic_task_mapping.py took 0.260 seconds
[2026-05-19T09:58:57.386+0000] {processor.py:161} INFO - Started process (PID=371) to work on /home/airflow/.local/lib/python3.12/site-packages/airflow/example_dags/example_dynamic_task_mapping.py
[2026-05-19T09:58:57.388+0000] {processor.py:830} INFO - Processing file /home/airflow/.local/lib/python3.12/site-packages/airflow/example_dags/example_dynamic_task_mapping.py for tasks to queue
[2026-05-19T09:58:57.392+0000] {logging_mixin.py:188} INFO - [2026-05-19T09:58:57.391+0000] {dagbag.py:545} INFO - Filling up the DagBag from /home/airflow/.local/lib/python3.12/site-packages/airflow/example_dags/example_dynamic_task_mapping.py
[2026-05-19T09:58:57.407+0000] {processor.py:840} INFO - DAG(s) 'example_dynamic_task_mapping' retrieved from /home/airflow/.local/lib/python3.12/site-packages/airflow/example_dags/example_dynamic_task_mapping.py
[2026-05-19T09:58:57.453+0000] {logging_mixin.py:188} INFO - [2026-05-19T09:58:57.452+0000] {dag.py:3089} INFO - Sync 1 DAGs
[2026-05-19T09:58:57.497+0000] {logging_mixin.py:188} INFO - [2026-05-19T09:58:57.496+0000] {dag.py:3947} INFO - Setting next_dagrun for example_dynamic_task_mapping to 2022-03-04 00:00:00+00:00, run_after=2022-03-05 00:00:00+00:00
[2026-05-19T09:58:57.559+0000] {processor.py:183} INFO - Processing /home/airflow/.local/lib/python3.12/site-packages/airflow/example_dags/example_dynamic_task_mapping.py took 0.190 seconds
[2026-05-19T09:59:27.811+0000] {processor.py:161} INFO - Started process (PID=432) to work on /home/airflow/.local/lib/python3.12/site-packages/airflow/example_dags/example_dynamic_task_mapping.py
[2026-05-19T09:59:27.813+0000] {processor.py:830} INFO - Processing file /home/airflow/.local/lib/python3.12/site-packages/airflow/example_dags/example_dynamic_task_mapping.py for tasks to queue
[2026-05-19T09:59:27.818+0000] {logging_mixin.py:188} INFO - [2026-05-19T09:59:27.817+0000] {dagbag.py:545} INFO - Filling up the DagBag from /home/airflow/.local/lib/python3.12/site-packages/airflow/example_dags/example_dynamic_task_mapping.py
[2026-05-19T09:59:27.835+0000] {processor.py:840} INFO - DAG(s) 'example_dynamic_task_mapping' retrieved from /home/airflow/.local/lib/python3.12/site-packages/airflow/example_dags/example_dynamic_task_mapping.py
[2026-05-19T09:59:27.904+0000] {logging_mixin.py:188} INFO - [2026-05-19T09:59:27.903+0000] {dag.py:3089} INFO - Sync 1 DAGs
[2026-05-19T09:59:27.985+0000] {logging_mixin.py:188} INFO - [2026-05-19T09:59:27.984+0000] {dag.py:3947} INFO - Setting next_dagrun for example_dynamic_task_mapping to 2022-03-04 00:00:00+00:00, run_after=2022-03-05 00:00:00+00:00
[2026-05-19T09:59:28.070+0000] {processor.py:183} INFO - Processing /home/airflow/.local/lib/python3.12/site-packages/airflow/example_dags/example_dynamic_task_mapping.py took 0.272 seconds
[2026-05-19T09:59:59.722+0000] {processor.py:161} INFO - Started process (PID=492) to work on /home/airflow/.local/lib/python3.12/site-packages/airflow/example_dags/example_dynamic_task_mapping.py
[2026-05-19T09:59:59.739+0000] {processor.py:830} INFO - Processing file /home/airflow/.local/lib/python3.12/site-packages/airflow/example_dags/example_dynamic_task_mapping.py for tasks to queue
[2026-05-19T09:59:59.746+0000] {logging_mixin.py:188} INFO - [2026-05-19T09:59:59.745+0000] {dagbag.py:545} INFO - Filling up the DagBag from /home/airflow/.local/lib/python3.12/site-packages/airflow/example_dags/example_dynamic_task_mapping.py
[2026-05-19T09:59:59.790+0000] {processor.py:840} INFO - DAG(s) 'example_dynamic_task_mapping' retrieved from /home/airflow/.local/lib/python3.12/site-packages/airflow/example_dags/example_dynamic_task_mapping.py
[2026-05-19T09:59:59.937+0000] {logging_mixin.py:188} INFO - [2026-05-19T09:59:59.936+0000] {dag.py:3089} INFO - Sync 1 DAGs
[2026-05-19T10:00:00.133+0000] {logging_mixin.py:188} INFO - [2026-05-19T10:00:00.132+0000] {dag.py:3947} INFO - Setting next_dagrun for example_dynamic_task_mapping to 2022-03-04 00:00:00+00:00, run_after=2022-03-05 00:00:00+00:00
[2026-05-19T10:00:00.341+0000] {processor.py:183} INFO - Processing /home/airflow/.local/lib/python3.12/site-packages/airflow/example_dags/example_dynamic_task_mapping.py took 0.650 seconds
[2026-05-19T10:00:30.741+0000] {processor.py:161} INFO - Started process (PID=553) to work on /home/airflow/.local/lib/python3.12/site-packages/airflow/example_dags/example_dynamic_task_mapping.py
[2026-05-19T10:00:30.743+0000] {processor.py:830} INFO - Processing file /home/airflow/.local/lib/python3.12/site-packages/airflow/example_dags/example_dynamic_task_mapping.py for tasks to queue
[2026-05-19T10:00:30.747+0000] {logging_mixin.py:188} INFO - [2026-05-19T10:00:30.747+0000] {dagbag.py:545} INFO - Filling up the DagBag from /home/airflow/.local/lib/python3.12/site-packages/airflow/example_dags/example_dynamic_task_mapping.py
[2026-05-19T10:00:30.760+0000] {processor.py:840} INFO - DAG(s) 'example_dynamic_task_mapping' retrieved from /home/airflow/.local/lib/python3.12/site-packages/airflow/example_dags/example_dynamic_task_mapping.py
[2026-05-19T10:00:30.793+0000] {logging_mixin.py:188} INFO - [2026-05-19T10:00:30.792+0000] {dag.py:3089} INFO - Sync 1 DAGs
[2026-05-19T10:00:30.829+0000] {logging_mixin.py:188} INFO - [2026-05-19T10:00:30.828+0000] {dag.py:3947} INFO - Setting next_dagrun for example_dynamic_task_mapping to 2022-03-04 00:00:00+00:00, run_after=2022-03-05 00:00:00+00:00
[2026-05-19T10:00:30.859+0000] {processor.py:183} INFO - Processing /home/airflow/.local/lib/python3.12/site-packages/airflow/example_dags/example_dynamic_task_mapping.py took 0.127 seconds
[2026-05-19T10:01:01.008+0000] {processor.py:161} INFO - Started process (PID=613) to work on /home/airflow/.local/lib/python3.12/site-packages/airflow/example_dags/example_dynamic_task_mapping.py
[2026-05-19T10:01:01.010+0000] {processor.py:830} INFO - Processing file /home/airflow/.local/lib/python3.12/site-packages/airflow/example_dags/example_dynamic_task_mapping.py for tasks to queue
[2026-05-19T10:01:01.015+0000] {logging_mixin.py:188} INFO - [2026-05-19T10:01:01.014+0000] {dagbag.py:545} INFO - Filling up the DagBag from /home/airflow/.local/lib/python3.12/site-packages/airflow/example_dags/example_dynamic_task_mapping.py
[2026-05-19T10:01:01.032+0000] {processor.py:840} INFO - DAG(s) 'example_dynamic_task_mapping' retrieved from /home/airflow/.local/lib/python3.12/site-packages/airflow/example_dags/example_dynamic_task_mapping.py
[2026-05-19T10:01:01.073+0000] {logging_mixin.py:188} INFO - [2026-05-19T10:01:01.073+0000] {dag.py:3089} INFO - Sync 1 DAGs
[2026-05-19T10:01:01.112+0000] {logging_mixin.py:188} INFO - [2026-05-19T10:01:01.112+0000] {dag.py:3947} INFO - Setting next_dagrun for example_dynamic_task_mapping to 2022-03-04 00:00:00+00:00, run_after=2022-03-05 00:00:00+00:00
[2026-05-19T10:01:01.152+0000] {processor.py:183} INFO - Processing /home/airflow/.local/lib/python3.12/site-packages/airflow/example_dags/example_dynamic_task_mapping.py took 0.156 seconds
[2026-05-19T10:01:32.079+0000] {processor.py:161} INFO - Started process (PID=673) to work on /home/airflow/.local/lib/python3.12/site-packages/airflow/example_dags/example_dynamic_task_mapping.py
[2026-05-19T10:01:32.081+0000] {processor.py:830} INFO - Processing file /home/airflow/.local/lib/python3.12/site-packages/airflow/example_dags/example_dynamic_task_mapping.py for tasks to queue
[2026-05-19T10:01:32.085+0000] {logging_mixin.py:188} INFO - [2026-05-19T10:01:32.084+0000] {dagbag.py:545} INFO - Filling up the DagBag from /home/airflow/.local/lib/python3.12/site-packages/airflow/example_dags/example_dynamic_task_mapping.py
[2026-05-19T10:01:32.097+0000] {processor.py:840} INFO - DAG(s) 'example_dynamic_task_mapping' retrieved from /home/airflow/.local/lib/python3.12/site-packages/airflow/example_dags/example_dynamic_task_mapping.py
[2026-05-19T10:01:32.125+0000] {logging_mixin.py:188} INFO - [2026-05-19T10:01:32.125+0000] {dag.py:3089} INFO - Sync 1 DAGs
[2026-05-19T10:01:32.163+0000] {logging_mixin.py:188} INFO - [2026-05-19T10:01:32.163+0000] {dag.py:3947} INFO - Setting next_dagrun for example_dynamic_task_mapping to 2022-03-04 00:00:00+00:00, run_after=2022-03-05 00:00:00+00:00
[2026-05-19T10:01:32.193+0000] {processor.py:183} INFO - Processing /home/airflow/.local/lib/python3.12/site-packages/airflow/example_dags/example_dynamic_task_mapping.py took 0.121 seconds
[2026-05-19T10:02:02.806+0000] {processor.py:161} INFO - Started process (PID=733) to work on /home/airflow/.local/lib/python3.12/site-packages/airflow/example_dags/example_dynamic_task_mapping.py
[2026-05-19T10:02:02.808+0000] {processor.py:830} INFO - Processing file /home/airflow/.local/lib/python3.12/site-packages/airflow/example_dags/example_dynamic_task_mapping.py for tasks to queue
[2026-05-19T10:02:02.811+0000] {logging_mixin.py:188} INFO - [2026-05-19T10:02:02.811+0000] {dagbag.py:545} INFO - Filling up the DagBag from /home/airflow/.local/lib/python3.12/site-packages/airflow/example_dags/example_dynamic_task_mapping.py
[2026-05-19T10:02:02.821+0000] {processor.py:840} INFO - DAG(s) 'example_dynamic_task_mapping' retrieved from /home/airflow/.local/lib/python3.12/site-packages/airflow/example_dags/example_dynamic_task_mapping.py
[2026-05-19T10:02:02.854+0000] {logging_mixin.py:188} INFO - [2026-05-19T10:02:02.854+0000] {dag.py:3089} INFO - Sync 1 DAGs
[2026-05-19T10:02:02.886+0000] {logging_mixin.py:188} INFO - [2026-05-19T10:02:02.885+0000] {dag.py:3947} INFO - Setting next_dagrun for example_dynamic_task_mapping to 2022-03-04 00:00:00+00:00, run_after=2022-03-05 00:00:00+00:00
[2026-05-19T10:02:02.913+0000] {processor.py:183} INFO - Processing /home/airflow/.local/lib/python3.12/site-packages/airflow/example_dags/example_dynamic_task_mapping.py took 0.115 seconds
[2026-05-19T10:02:33.399+0000] {processor.py:161} INFO - Started process (PID=793) to work on /home/airflow/.local/lib/python3.12/site-packages/airflow/example_dags/example_dynamic_task_mapping.py
[2026-05-19T10:02:33.401+0000] {processor.py:830} INFO - Processing file /home/airflow/.local/lib/python3.12/site-packages/airflow/example_dags/example_dynamic_task_mapping.py for tasks to queue
[2026-05-19T10:02:33.405+0000] {logging_mixin.py:188} INFO - [2026-05-19T10:02:33.405+0000] {dagbag.py:545} INFO - Filling up the DagBag from /home/airflow/.local/lib/python3.12/site-packages/airflow/example_dags/example_dynamic_task_mapping.py
[2026-05-19T10:02:33.422+0000] {processor.py:840} INFO - DAG(s) 'example_dynamic_task_mapping' retrieved from /home/airflow/.local/lib/python3.12/site-packages/airflow/example_dags/example_dynamic_task_mapping.py
[2026-05-19T10:02:33.462+0000] {logging_mixin.py:188} INFO - [2026-05-19T10:02:33.461+0000] {dag.py:3089} INFO - Sync 1 DAGs
[2026-05-19T10:02:33.513+0000] {logging_mixin.py:188} INFO - [2026-05-19T10:02:33.513+0000] {dag.py:3947} INFO - Setting next_dagrun for example_dynamic_task_mapping to 2022-03-04 00:00:00+00:00, run_after=2022-03-05 00:00:00+00:00
[2026-05-19T10:02:33.558+0000] {processor.py:183} INFO - Processing /home/airflow/.local/lib/python3.12/site-packages/airflow/example_dags/example_dynamic_task_mapping.py took 0.169 seconds
[2026-05-19T10:03:03.847+0000] {processor.py:161} INFO - Started process (PID=853) to work on /home/airflow/.local/lib/python3.12/site-packages/airflow/example_dags/example_dynamic_task_mapping.py
[2026-05-19T10:03:03.850+0000] {processor.py:830} INFO - Processing file /home/airflow/.local/lib/python3.12/site-packages/airflow/example_dags/example_dynamic_task_mapping.py for tasks to queue
[2026-05-19T10:03:03.854+0000] {logging_mixin.py:188} INFO - [2026-05-19T10:03:03.853+0000] {dagbag.py:545} INFO - Filling up the DagBag from /home/airflow/.local/lib/python3.12/site-packages/airflow/example_dags/example_dynamic_task_mapping.py
[2026-05-19T10:03:03.867+0000] {processor.py:840} INFO - DAG(s) 'example_dynamic_task_mapping' retrieved from /home/airflow/.local/lib/python3.12/site-packages/airflow/example_dags/example_dynamic_task_mapping.py
[2026-05-19T10:03:03.908+0000] {logging_mixin.py:188} INFO - [2026-05-19T10:03:03.908+0000] {dag.py:3089} INFO - Sync 1 DAGs
[2026-05-19T10:03:03.950+0000] {logging_mixin.py:188} INFO - [2026-05-19T10:03:03.950+0000] {dag.py:3947} INFO - Setting next_dagrun for example_dynamic_task_mapping to 2022-03-04 00:00:00+00:00, run_after=2022-03-05 00:00:00+00:00
[2026-05-19T10:03:03.983+0000] {processor.py:183} INFO - Processing /home/airflow/.local/lib/python3.12/site-packages/airflow/example_dags/example_dynamic_task_mapping.py took 0.149 seconds
[2026-05-19T10:03:34.229+0000] {processor.py:161} INFO - Started process (PID=913) to work on /home/airflow/.local/lib/python3.12/site-packages/airflow/example_dags/example_dynamic_task_mapping.py
[2026-05-19T10:03:34.231+0000] {processor.py:830} INFO - Processing file /home/airflow/.local/lib/python3.12/site-packages/airflow/example_dags/example_dynamic_task_mapping.py for tasks to queue
[2026-05-19T10:03:34.234+0000] {logging_mixin.py:188} INFO - [2026-05-19T10:03:34.234+0000] {dagbag.py:545} INFO - Filling up the DagBag from /home/airflow/.local/lib/python3.12/site-packages/airflow/example_dags/example_dynamic_task_mapping.py
[2026-05-19T10:03:34.247+0000] {processor.py:840} INFO - DAG(s) 'example_dynamic_task_mapping' retrieved from /home/airflow/.local/lib/python3.12/site-packages/airflow/example_dags/example_dynamic_task_mapping.py
[2026-05-19T10:03:34.276+0000] {logging_mixin.py:188} INFO - [2026-05-19T10:03:34.275+0000] {dag.py:3089} INFO - Sync 1 DAGs
[2026-05-19T10:03:34.304+0000] {logging_mixin.py:188} INFO - [2026-05-19T10:03:34.304+0000] {dag.py:3947} INFO - Setting next_dagrun for example_dynamic_task_mapping to 2022-03-04 00:00:00+00:00, run_after=2022-03-05 00:00:00+00:00
[2026-05-19T10:03:34.330+0000] {processor.py:183} INFO - Processing /home/airflow/.local/lib/python3.12/site-packages/airflow/example_dags/example_dynamic_task_mapping.py took 0.112 seconds
[2026-05-19T10:04:04.934+0000] {processor.py:161} INFO - Started process (PID=973) to work on /home/airflow/.local/lib/python3.12/site-packages/airflow/example_dags/example_dynamic_task_mapping.py
[2026-05-19T10:04:04.936+0000] {processor.py:830} INFO - Processing file /home/airflow/.local/lib/python3.12/site-packages/airflow/example_dags/example_dynamic_task_mapping.py for tasks to queue
[2026-05-19T10:04:04.939+0000] {logging_mixin.py:188} INFO - [2026-05-19T10:04:04.939+0000] {dagbag.py:545} INFO - Filling up the DagBag from /home/airflow/.local/lib/python3.12/site-packages/airflow/example_dags/example_dynamic_task_mapping.py
[2026-05-19T10:04:04.950+0000] {processor.py:840} INFO - DAG(s) 'example_dynamic_task_mapping' retrieved from /home/airflow/.local/lib/python3.12/site-packages/airflow/example_dags/example_dynamic_task_mapping.py
[2026-05-19T10:04:04.978+0000] {logging_mixin.py:188} INFO - [2026-05-19T10:04:04.978+0000] {dag.py:3089} INFO - Sync 1 DAGs
[2026-05-19T10:04:05.010+0000] {logging_mixin.py:188} INFO - [2026-05-19T10:04:05.010+0000] {dag.py:3947} INFO - Setting next_dagrun for example_dynamic_task_mapping to 2022-03-04 00:00:00+00:00, run_after=2022-03-05 00:00:00+00:00
[2026-05-19T10:04:05.040+0000] {processor.py:183} INFO - Processing /home/airflow/.local/lib/python3.12/site-packages/airflow/example_dags/example_dynamic_task_mapping.py took 0.114 seconds
[2026-05-19T10:04:35.156+0000] {processor.py:161} INFO - Started process (PID=1033) to work on /home/airflow/.local/lib/python3.12/site-packages/airflow/example_dags/example_dynamic_task_mapping.py
[2026-05-19T10:04:35.158+0000] {processor.py:830} INFO - Processing file /home/airflow/.local/lib/python3.12/site-packages/airflow/example_dags/example_dynamic_task_mapping.py for tasks to queue
[2026-05-19T10:04:35.162+0000] {logging_mixin.py:188} INFO - [2026-05-19T10:04:35.161+0000] {dagbag.py:545} INFO - Filling up the DagBag from /home/airflow/.local/lib/python3.12/site-packages/airflow/example_dags/example_dynamic_task_mapping.py
[2026-05-19T10:04:35.173+0000] {processor.py:840} INFO - DAG(s) 'example_dynamic_task_mapping' retrieved from /home/airflow/.local/lib/python3.12/site-packages/airflow/example_dags/example_dynamic_task_mapping.py
[2026-05-19T10:04:35.212+0000] {logging_mixin.py:188} INFO - [2026-05-19T10:04:35.211+0000] {dag.py:3089} INFO - Sync 1 DAGs
[2026-05-19T10:04:35.260+0000] {logging_mixin.py:188} INFO - [2026-05-19T10:04:35.260+0000] {dag.py:3947} INFO - Setting next_dagrun for example_dynamic_task_mapping to 2022-03-04 00:00:00+00:00, run_after=2022-03-05 00:00:00+00:00
[2026-05-19T10:04:35.315+0000] {processor.py:183} INFO - Processing /home/airflow/.local/lib/python3.12/site-packages/airflow/example_dags/example_dynamic_task_mapping.py took 0.168 seconds
[2026-05-19T10:05:05.814+0000] {processor.py:161} INFO - Started process (PID=1091) to work on /home/airflow/.local/lib/python3.12/site-packages/airflow/example_dags/example_dynamic_task_mapping.py
[2026-05-19T10:05:05.817+0000] {processor.py:830} INFO - Processing file /home/airflow/.local/lib/python3.12/site-packages/airflow/example_dags/example_dynamic_task_mapping.py for tasks to queue
[2026-05-19T10:05:05.822+0000] {logging_mixin.py:188} INFO - [2026-05-19T10:05:05.821+0000] {dagbag.py:545} INFO - Filling up the DagBag from /home/airflow/.local/lib/python3.12/site-packages/airflow/example_dags/example_dynamic_task_mapping.py
[2026-05-19T10:05:05.840+0000] {processor.py:840} INFO - DAG(s) 'example_dynamic_task_mapping' retrieved from /home/airflow/.local/lib/python3.12/site-packages/airflow/example_dags/example_dynamic_task_mapping.py
[2026-05-19T10:05:05.896+0000] {logging_mixin.py:188} INFO - [2026-05-19T10:05:05.895+0000] {dag.py:3089} INFO - Sync 1 DAGs
[2026-05-19T10:05:05.953+0000] {logging_mixin.py:188} INFO - [2026-05-19T10:05:05.953+0000] {dag.py:3947} INFO - Setting next_dagrun for example_dynamic_task_mapping to 2022-03-04 00:00:00+00:00, run_after=2022-03-05 00:00:00+00:00
[2026-05-19T10:05:05.999+0000] {processor.py:183} INFO - Processing /home/airflow/.local/lib/python3.12/site-packages/airflow/example_dags/example_dynamic_task_mapping.py took 0.196 seconds
[2026-05-19T10:05:38.348+0000] {processor.py:161} INFO - Started process (PID=1152) to work on /home/airflow/.local/lib/python3.12/site-packages/airflow/example_dags/example_dynamic_task_mapping.py
[2026-05-19T10:05:38.350+0000] {processor.py:830} INFO - Processing file /home/airflow/.local/lib/python3.12/site-packages/airflow/example_dags/example_dynamic_task_mapping.py for tasks to queue
[2026-05-19T10:05:38.357+0000] {logging_mixin.py:188} INFO - [2026-05-19T10:05:38.356+0000] {dagbag.py:545} INFO - Filling up the DagBag from /home/airflow/.local/lib/python3.12/site-packages/airflow/example_dags/example_dynamic_task_mapping.py
[2026-05-19T10:05:38.380+0000] {processor.py:840} INFO - DAG(s) 'example_dynamic_task_mapping' retrieved from /home/airflow/.local/lib/python3.12/site-packages/airflow/example_dags/example_dynamic_task_mapping.py
[2026-05-19T10:05:38.478+0000] {logging_mixin.py:188} INFO - [2026-05-19T10:05:38.478+0000] {dag.py:3089} INFO - Sync 1 DAGs
[2026-05-19T10:05:38.680+0000] {logging_mixin.py:188} INFO - [2026-05-19T10:05:38.679+0000] {dag.py:3947} INFO - Setting next_dagrun for example_dynamic_task_mapping to 2022-03-04 00:00:00+00:00, run_after=2022-03-05 00:00:00+00:00
[2026-05-19T10:05:38.876+0000] {processor.py:183} INFO - Processing /home/airflow/.local/lib/python3.12/site-packages/airflow/example_dags/example_dynamic_task_mapping.py took 0.544 seconds
[2026-05-19T10:06:09.733+0000] {processor.py:161} INFO - Started process (PID=1212) to work on /home/airflow/.local/lib/python3.12/site-packages/airflow/example_dags/example_dynamic_task_mapping.py
[2026-05-19T10:06:09.734+0000] {processor.py:830} INFO - Processing file /home/airflow/.local/lib/python3.12/site-packages/airflow/example_dags/example_dynamic_task_mapping.py for tasks to queue
[2026-05-19T10:06:09.738+0000] {logging_mixin.py:188} INFO - [2026-05-19T10:06:09.737+0000] {dagbag.py:545} INFO - Filling up the DagBag from /home/airflow/.local/lib/python3.12/site-packages/airflow/example_dags/example_dynamic_task_mapping.py
[2026-05-19T10:06:09.749+0000] {processor.py:840} INFO - DAG(s) 'example_dynamic_task_mapping' retrieved from /home/airflow/.local/lib/python3.12/site-packages/airflow/example_dags/example_dynamic_task_mapping.py
[2026-05-19T10:06:09.781+0000] {logging_mixin.py:188} INFO - [2026-05-19T10:06:09.781+0000] {dag.py:3089} INFO - Sync 1 DAGs
[2026-05-19T10:06:09.821+0000] {logging_mixin.py:188} INFO - [2026-05-19T10:06:09.821+0000] {dag.py:3947} INFO - Setting next_dagrun for example_dynamic_task_mapping to 2022-03-04 00:00:00+00:00, run_after=2022-03-05 00:00:00+00:00
[2026-05-19T10:06:09.852+0000] {processor.py:183} INFO - Processing /home/airflow/.local/lib/python3.12/site-packages/airflow/example_dags/example_dynamic_task_mapping.py took 0.130 seconds
[2026-05-19T10:06:40.004+0000] {processor.py:161} INFO - Started process (PID=1272) to work on /home/airflow/.local/lib/python3.12/site-packages/airflow/example_dags/example_dynamic_task_mapping.py
[2026-05-19T10:06:40.006+0000] {processor.py:830} INFO - Processing file /home/airflow/.local/lib/python3.12/site-packages/airflow/example_dags/example_dynamic_task_mapping.py for tasks to queue
[2026-05-19T10:06:40.015+0000] {logging_mixin.py:188} INFO - [2026-05-19T10:06:40.011+0000] {dagbag.py:545} INFO - Filling up the DagBag from /home/airflow/.local/lib/python3.12/site-packages/airflow/example_dags/example_dynamic_task_mapping.py
[2026-05-19T10:06:40.032+0000] {processor.py:840} INFO - DAG(s) 'example_dynamic_task_mapping' retrieved from /home/airflow/.local/lib/python3.12/site-packages/airflow/example_dags/example_dynamic_task_mapping.py
[2026-05-19T10:06:40.073+0000] {logging_mixin.py:188} INFO - [2026-05-19T10:06:40.072+0000] {dag.py:3089} INFO - Sync 1 DAGs
[2026-05-19T10:06:40.107+0000] {logging_mixin.py:188} INFO - [2026-05-19T10:06:40.107+0000] {dag.py:3947} INFO - Setting next_dagrun for example_dynamic_task_mapping to 2022-03-04 00:00:00+00:00, run_after=2022-03-05 00:00:00+00:00
[2026-05-19T10:06:40.134+0000] {processor.py:183} INFO - Processing /home/airflow/.local/lib/python3.12/site-packages/airflow/example_dags/example_dynamic_task_mapping.py took 0.161 seconds
[2026-05-19T10:07:10.929+0000] {processor.py:161} INFO - Started process (PID=1332) to work on /home/airflow/.local/lib/python3.12/site-packages/airflow/example_dags/example_dynamic_task_mapping.py
[2026-05-19T10:07:10.931+0000] {processor.py:830} INFO - Processing file /home/airflow/.local/lib/python3.12/site-packages/airflow/example_dags/example_dynamic_task_mapping.py for tasks to queue
[2026-05-19T10:07:10.936+0000] {logging_mixin.py:188} INFO - [2026-05-19T10:07:10.935+0000] {dagbag.py:545} INFO - Filling up the DagBag from /home/airflow/.local/lib/python3.12/site-packages/airflow/example_dags/example_dynamic_task_mapping.py
[2026-05-19T10:07:10.956+0000] {processor.py:840} INFO - DAG(s) 'example_dynamic_task_mapping' retrieved from /home/airflow/.local/lib/python3.12/site-packages/airflow/example_dags/example_dynamic_task_mapping.py
[2026-05-19T10:07:11.017+0000] {logging_mixin.py:188} INFO - [2026-05-19T10:07:11.017+0000] {dag.py:3089} INFO - Sync 1 DAGs
[2026-05-19T10:07:11.196+0000] {logging_mixin.py:188} INFO - [2026-05-19T10:07:11.195+0000] {dag.py:3947} INFO - Setting next_dagrun for example_dynamic_task_mapping to 2022-03-04 00:00:00+00:00, run_after=2022-03-05 00:00:00+00:00
[2026-05-19T10:07:11.272+0000] {processor.py:183} INFO - Processing /home/airflow/.local/lib/python3.12/site-packages/airflow/example_dags/example_dynamic_task_mapping.py took 0.368 seconds
[2026-05-19T10:07:42.159+0000] {processor.py:161} INFO - Started process (PID=1392) to work on /home/airflow/.local/lib/python3.12/site-packages/airflow/example_dags/example_dynamic_task_mapping.py
[2026-05-19T10:07:42.160+0000] {processor.py:830} INFO - Processing file /home/airflow/.local/lib/python3.12/site-packages/airflow/example_dags/example_dynamic_task_mapping.py for tasks to queue
[2026-05-19T10:07:42.164+0000] {logging_mixin.py:188} INFO - [2026-05-19T10:07:42.163+0000] {dagbag.py:545} INFO - Filling up the DagBag from /home/airflow/.local/lib/python3.12/site-packages/airflow/example_dags/example_dynamic_task_mapping.py
[2026-05-19T10:07:42.175+0000] {processor.py:840} INFO - DAG(s) 'example_dynamic_task_mapping' retrieved from /home/airflow/.local/lib/python3.12/site-packages/airflow/example_dags/example_dynamic_task_mapping.py
[2026-05-19T10:07:42.206+0000] {logging_mixin.py:188} INFO - [2026-05-19T10:07:42.205+0000] {dag.py:3089} INFO - Sync 1 DAGs
[2026-05-19T10:07:42.237+0000] {logging_mixin.py:188} INFO - [2026-05-19T10:07:42.236+0000] {dag.py:3947} INFO - Setting next_dagrun for example_dynamic_task_mapping to 2022-03-04 00:00:00+00:00, run_after=2022-03-05 00:00:00+00:00
[2026-05-19T10:07:42.264+0000] {processor.py:183} INFO - Processing /home/airflow/.local/lib/python3.12/site-packages/airflow/example_dags/example_dynamic_task_mapping.py took 0.115 seconds
[2026-05-19T10:08:12.619+0000] {processor.py:161} INFO - Started process (PID=1452) to work on /home/airflow/.local/lib/python3.12/site-packages/airflow/example_dags/example_dynamic_task_mapping.py
[2026-05-19T10:08:12.621+0000] {processor.py:830} INFO - Processing file /home/airflow/.local/lib/python3.12/site-packages/airflow/example_dags/example_dynamic_task_mapping.py for tasks to queue
[2026-05-19T10:08:12.624+0000] {logging_mixin.py:188} INFO - [2026-05-19T10:08:12.624+0000] {dagbag.py:545} INFO - Filling up the DagBag from /home/airflow/.local/lib/python3.12/site-packages/airflow/example_dags/example_dynamic_task_mapping.py
[2026-05-19T10:08:12.634+0000] {processor.py:840} INFO - DAG(s) 'example_dynamic_task_mapping' retrieved from /home/airflow/.local/lib/python3.12/site-packages/airflow/example_dags/example_dynamic_task_mapping.py
[2026-05-19T10:08:12.664+0000] {logging_mixin.py:188} INFO - [2026-05-19T10:08:12.664+0000] {dag.py:3089} INFO - Sync 1 DAGs
[2026-05-19T10:08:12.697+0000] {logging_mixin.py:188} INFO - [2026-05-19T10:08:12.697+0000] {dag.py:3947} INFO - Setting next_dagrun for example_dynamic_task_mapping to 2022-03-04 00:00:00+00:00, run_after=2022-03-05 00:00:00+00:00
[2026-05-19T10:08:12.725+0000] {processor.py:183} INFO - Processing /home/airflow/.local/lib/python3.12/site-packages/airflow/example_dags/example_dynamic_task_mapping.py took 0.116 seconds
[2026-05-19T10:11:16.295+0000] {processor.py:161} INFO - Started process (PID=110) to work on /home/airflow/.local/lib/python3.12/site-packages/airflow/example_dags/example_dynamic_task_mapping.py
[2026-05-19T10:11:16.376+0000] {processor.py:830} INFO - Processing file /home/airflow/.local/lib/python3.12/site-packages/airflow/example_dags/example_dynamic_task_mapping.py for tasks to queue
[2026-05-19T10:11:16.436+0000] {logging_mixin.py:188} INFO - [2026-05-19T10:11:16.402+0000] {dagbag.py:545} INFO - Filling up the DagBag from /home/airflow/.local/lib/python3.12/site-packages/airflow/example_dags/example_dynamic_task_mapping.py
[2026-05-19T10:11:16.643+0000] {processor.py:840} INFO - DAG(s) 'example_dynamic_task_mapping' retrieved from /home/airflow/.local/lib/python3.12/site-packages/airflow/example_dags/example_dynamic_task_mapping.py
[2026-05-19T10:11:18.325+0000] {logging_mixin.py:188} INFO - [2026-05-19T10:11:18.324+0000] {dag.py:3089} INFO - Sync 1 DAGs
[2026-05-19T10:11:18.600+0000] {logging_mixin.py:188} INFO - [2026-05-19T10:11:18.593+0000] {dag.py:3947} INFO - Setting next_dagrun for example_dynamic_task_mapping to 2022-03-04 00:00:00+00:00, run_after=2022-03-05 00:00:00+00:00
[2026-05-19T10:11:18.954+0000] {processor.py:183} INFO - Processing /home/airflow/.local/lib/python3.12/site-packages/airflow/example_dags/example_dynamic_task_mapping.py took 3.042 seconds
[2026-05-19T10:11:53.226+0000] {processor.py:161} INFO - Started process (PID=171) to work on /home/airflow/.local/lib/python3.12/site-packages/airflow/example_dags/example_dynamic_task_mapping.py
[2026-05-19T10:11:53.237+0000] {processor.py:830} INFO - Processing file /home/airflow/.local/lib/python3.12/site-packages/airflow/example_dags/example_dynamic_task_mapping.py for tasks to queue
[2026-05-19T10:11:53.308+0000] {logging_mixin.py:188} INFO - [2026-05-19T10:11:53.305+0000] {dagbag.py:545} INFO - Filling up the DagBag from /home/airflow/.local/lib/python3.12/site-packages/airflow/example_dags/example_dynamic_task_mapping.py
[2026-05-19T10:11:53.492+0000] {processor.py:840} INFO - DAG(s) 'example_dynamic_task_mapping' retrieved from /home/airflow/.local/lib/python3.12/site-packages/airflow/example_dags/example_dynamic_task_mapping.py
[2026-05-19T10:11:53.789+0000] {logging_mixin.py:188} INFO - [2026-05-19T10:11:53.788+0000] {dag.py:3089} INFO - Sync 1 DAGs
[2026-05-19T10:11:54.033+0000] {logging_mixin.py:188} INFO - [2026-05-19T10:11:54.032+0000] {dag.py:3947} INFO - Setting next_dagrun for example_dynamic_task_mapping to 2022-03-04 00:00:00+00:00, run_after=2022-03-05 00:00:00+00:00
[2026-05-19T10:11:54.286+0000] {processor.py:183} INFO - Processing /home/airflow/.local/lib/python3.12/site-packages/airflow/example_dags/example_dynamic_task_mapping.py took 1.151 seconds
[2026-05-19T10:12:25.232+0000] {processor.py:161} INFO - Started process (PID=231) to work on /home/airflow/.local/lib/python3.12/site-packages/airflow/example_dags/example_dynamic_task_mapping.py
[2026-05-19T10:12:25.234+0000] {processor.py:830} INFO - Processing file /home/airflow/.local/lib/python3.12/site-packages/airflow/example_dags/example_dynamic_task_mapping.py for tasks to queue
[2026-05-19T10:12:25.240+0000] {logging_mixin.py:188} INFO - [2026-05-19T10:12:25.240+0000] {dagbag.py:545} INFO - Filling up the DagBag from /home/airflow/.local/lib/python3.12/site-packages/airflow/example_dags/example_dynamic_task_mapping.py
[2026-05-19T10:12:25.260+0000] {processor.py:840} INFO - DAG(s) 'example_dynamic_task_mapping' retrieved from /home/airflow/.local/lib/python3.12/site-packages/airflow/example_dags/example_dynamic_task_mapping.py
[2026-05-19T10:12:25.309+0000] {logging_mixin.py:188} INFO - [2026-05-19T10:12:25.308+0000] {dag.py:3089} INFO - Sync 1 DAGs
[2026-05-19T10:12:25.366+0000] {logging_mixin.py:188} INFO - [2026-05-19T10:12:25.365+0000] {dag.py:3947} INFO - Setting next_dagrun for example_dynamic_task_mapping to 2022-03-04 00:00:00+00:00, run_after=2022-03-05 00:00:00+00:00
[2026-05-19T10:12:25.422+0000] {processor.py:183} INFO - Processing /home/airflow/.local/lib/python3.12/site-packages/airflow/example_dags/example_dynamic_task_mapping.py took 0.200 seconds
[2026-05-19T10:12:58.774+0000] {processor.py:161} INFO - Started process (PID=291) to work on /home/airflow/.local/lib/python3.12/site-packages/airflow/example_dags/example_dynamic_task_mapping.py
[2026-05-19T10:12:58.778+0000] {processor.py:830} INFO - Processing file /home/airflow/.local/lib/python3.12/site-packages/airflow/example_dags/example_dynamic_task_mapping.py for tasks to queue
[2026-05-19T10:12:58.783+0000] {logging_mixin.py:188} INFO - [2026-05-19T10:12:58.782+0000] {dagbag.py:545} INFO - Filling up the DagBag from /home/airflow/.local/lib/python3.12/site-packages/airflow/example_dags/example_dynamic_task_mapping.py
[2026-05-19T10:12:58.802+0000] {processor.py:840} INFO - DAG(s) 'example_dynamic_task_mapping' retrieved from /home/airflow/.local/lib/python3.12/site-packages/airflow/example_dags/example_dynamic_task_mapping.py
[2026-05-19T10:12:58.851+0000] {logging_mixin.py:188} INFO - [2026-05-19T10:12:58.850+0000] {dag.py:3089} INFO - Sync 1 DAGs
[2026-05-19T10:12:58.892+0000] {logging_mixin.py:188} INFO - [2026-05-19T10:12:58.891+0000] {dag.py:3947} INFO - Setting next_dagrun for example_dynamic_task_mapping to 2022-03-04 00:00:00+00:00, run_after=2022-03-05 00:00:00+00:00
[2026-05-19T10:12:58.939+0000] {processor.py:183} INFO - Processing /home/airflow/.local/lib/python3.12/site-packages/airflow/example_dags/example_dynamic_task_mapping.py took 0.178 seconds
[2026-05-19T10:13:30.662+0000] {processor.py:161} INFO - Started process (PID=351) to work on /home/airflow/.local/lib/python3.12/site-packages/airflow/example_dags/example_dynamic_task_mapping.py
[2026-05-19T10:13:30.665+0000] {processor.py:830} INFO - Processing file /home/airflow/.local/lib/python3.12/site-packages/airflow/example_dags/example_dynamic_task_mapping.py for tasks to queue
[2026-05-19T10:13:30.674+0000] {logging_mixin.py:188} INFO - [2026-05-19T10:13:30.672+0000] {dagbag.py:545} INFO - Filling up the DagBag from /home/airflow/.local/lib/python3.12/site-packages/airflow/example_dags/example_dynamic_task_mapping.py
[2026-05-19T10:13:30.706+0000] {processor.py:840} INFO - DAG(s) 'example_dynamic_task_mapping' retrieved from /home/airflow/.local/lib/python3.12/site-packages/airflow/example_dags/example_dynamic_task_mapping.py
[2026-05-19T10:13:30.764+0000] {logging_mixin.py:188} INFO - [2026-05-19T10:13:30.763+0000] {dag.py:3089} INFO - Sync 1 DAGs
[2026-05-19T10:13:30.807+0000] {logging_mixin.py:188} INFO - [2026-05-19T10:13:30.806+0000] {dag.py:3947} INFO - Setting next_dagrun for example_dynamic_task_mapping to 2022-03-04 00:00:00+00:00, run_after=2022-03-05 00:00:00+00:00
[2026-05-19T10:13:30.845+0000] {processor.py:183} INFO - Processing /home/airflow/.local/lib/python3.12/site-packages/airflow/example_dags/example_dynamic_task_mapping.py took 0.200 seconds
[2026-05-19T10:14:02.609+0000] {processor.py:161} INFO - Started process (PID=411) to work on /home/airflow/.local/lib/python3.12/site-packages/airflow/example_dags/example_dynamic_task_mapping.py
[2026-05-19T10:14:02.612+0000] {processor.py:830} INFO - Processing file /home/airflow/.local/lib/python3.12/site-packages/airflow/example_dags/example_dynamic_task_mapping.py for tasks to queue
[2026-05-19T10:14:02.617+0000] {logging_mixin.py:188} INFO - [2026-05-19T10:14:02.616+0000] {dagbag.py:545} INFO - Filling up the DagBag from /home/airflow/.local/lib/python3.12/site-packages/airflow/example_dags/example_dynamic_task_mapping.py
[2026-05-19T10:14:02.637+0000] {processor.py:840} INFO - DAG(s) 'example_dynamic_task_mapping' retrieved from /home/airflow/.local/lib/python3.12/site-packages/airflow/example_dags/example_dynamic_task_mapping.py
[2026-05-19T10:14:02.704+0000] {logging_mixin.py:188} INFO - [2026-05-19T10:14:02.703+0000] {dag.py:3089} INFO - Sync 1 DAGs
[2026-05-19T10:14:02.766+0000] {logging_mixin.py:188} INFO - [2026-05-19T10:14:02.765+0000] {dag.py:3947} INFO - Setting next_dagrun for example_dynamic_task_mapping to 2022-03-04 00:00:00+00:00, run_after=2022-03-05 00:00:00+00:00
[2026-05-19T10:14:02.812+0000] {processor.py:183} INFO - Processing /home/airflow/.local/lib/python3.12/site-packages/airflow/example_dags/example_dynamic_task_mapping.py took 0.228 seconds
[2026-05-19T10:14:33.472+0000] {processor.py:161} INFO - Started process (PID=471) to work on /home/airflow/.local/lib/python3.12/site-packages/airflow/example_dags/example_dynamic_task_mapping.py
[2026-05-19T10:14:33.474+0000] {processor.py:830} INFO - Processing file /home/airflow/.local/lib/python3.12/site-packages/airflow/example_dags/example_dynamic_task_mapping.py for tasks to queue
[2026-05-19T10:14:33.482+0000] {logging_mixin.py:188} INFO - [2026-05-19T10:14:33.481+0000] {dagbag.py:545} INFO - Filling up the DagBag from /home/airflow/.local/lib/python3.12/site-packages/airflow/example_dags/example_dynamic_task_mapping.py
[2026-05-19T10:14:33.493+0000] {processor.py:840} INFO - DAG(s) 'example_dynamic_task_mapping' retrieved from /home/airflow/.local/lib/python3.12/site-packages/airflow/example_dags/example_dynamic_task_mapping.py
[2026-05-19T10:14:33.524+0000] {logging_mixin.py:188} INFO - [2026-05-19T10:14:33.524+0000] {dag.py:3089} INFO - Sync 1 DAGs
[2026-05-19T10:14:33.557+0000] {logging_mixin.py:188} INFO - [2026-05-19T10:14:33.557+0000] {dag.py:3947} INFO - Setting next_dagrun for example_dynamic_task_mapping to 2022-03-04 00:00:00+00:00, run_after=2022-03-05 00:00:00+00:00
[2026-05-19T10:14:33.592+0000] {processor.py:183} INFO - Processing /home/airflow/.local/lib/python3.12/site-packages/airflow/example_dags/example_dynamic_task_mapping.py took 0.131 seconds
