[2026-05-19T07:38:32.806+0000] {processor.py:161} INFO - Started process (PID=71) to work on /home/airflow/.local/lib/python3.12/site-packages/airflow/example_dags/example_display_name.py
[2026-05-19T07:38:32.808+0000] {processor.py:830} INFO - Processing file /home/airflow/.local/lib/python3.12/site-packages/airflow/example_dags/example_display_name.py for tasks to queue
[2026-05-19T07:38:32.813+0000] {logging_mixin.py:188} INFO - [2026-05-19T07:38:32.812+0000] {dagbag.py:545} INFO - Filling up the DagBag from /home/airflow/.local/lib/python3.12/site-packages/airflow/example_dags/example_display_name.py
[2026-05-19T07:38:32.850+0000] {processor.py:840} INFO - DAG(s) 'example_display_name' retrieved from /home/airflow/.local/lib/python3.12/site-packages/airflow/example_dags/example_display_name.py
[2026-05-19T07:38:33.520+0000] {logging_mixin.py:188} INFO - [2026-05-19T07:38:33.520+0000] {dag.py:3089} INFO - Sync 1 DAGs
[2026-05-19T07:38:33.562+0000] {logging_mixin.py:188} INFO - [2026-05-19T07:38:33.562+0000] {dag.py:3947} INFO - Setting next_dagrun for example_display_name to None, run_after=None
[2026-05-19T07:38:33.635+0000] {processor.py:183} INFO - Processing /home/airflow/.local/lib/python3.12/site-packages/airflow/example_dags/example_display_name.py took 0.846 seconds
[2026-05-19T07:39:04.242+0000] {processor.py:161} INFO - Started process (PID=129) to work on /home/airflow/.local/lib/python3.12/site-packages/airflow/example_dags/example_display_name.py
[2026-05-19T07:39:04.244+0000] {processor.py:830} INFO - Processing file /home/airflow/.local/lib/python3.12/site-packages/airflow/example_dags/example_display_name.py for tasks to queue
[2026-05-19T07:39:04.248+0000] {logging_mixin.py:188} INFO - [2026-05-19T07:39:04.247+0000] {dagbag.py:545} INFO - Filling up the DagBag from /home/airflow/.local/lib/python3.12/site-packages/airflow/example_dags/example_display_name.py
[2026-05-19T07:39:04.260+0000] {processor.py:840} INFO - DAG(s) 'example_display_name' retrieved from /home/airflow/.local/lib/python3.12/site-packages/airflow/example_dags/example_display_name.py
[2026-05-19T07:39:04.299+0000] {logging_mixin.py:188} INFO - [2026-05-19T07:39:04.298+0000] {dag.py:3089} INFO - Sync 1 DAGs
[2026-05-19T07:39:04.328+0000] {logging_mixin.py:188} INFO - [2026-05-19T07:39:04.327+0000] {dag.py:3947} INFO - Setting next_dagrun for example_display_name to None, run_after=None
[2026-05-19T07:39:04.386+0000] {processor.py:183} INFO - Processing /home/airflow/.local/lib/python3.12/site-packages/airflow/example_dags/example_display_name.py took 0.154 seconds
[2026-05-19T07:39:34.748+0000] {processor.py:161} INFO - Started process (PID=187) to work on /home/airflow/.local/lib/python3.12/site-packages/airflow/example_dags/example_display_name.py
[2026-05-19T07:39:34.751+0000] {processor.py:830} INFO - Processing file /home/airflow/.local/lib/python3.12/site-packages/airflow/example_dags/example_display_name.py for tasks to queue
[2026-05-19T07:39:34.757+0000] {logging_mixin.py:188} INFO - [2026-05-19T07:39:34.756+0000] {dagbag.py:545} INFO - Filling up the DagBag from /home/airflow/.local/lib/python3.12/site-packages/airflow/example_dags/example_display_name.py
[2026-05-19T07:39:34.774+0000] {processor.py:840} INFO - DAG(s) 'example_display_name' retrieved from /home/airflow/.local/lib/python3.12/site-packages/airflow/example_dags/example_display_name.py
[2026-05-19T07:39:34.840+0000] {logging_mixin.py:188} INFO - [2026-05-19T07:39:34.839+0000] {dag.py:3089} INFO - Sync 1 DAGs
[2026-05-19T07:39:34.877+0000] {logging_mixin.py:188} INFO - [2026-05-19T07:39:34.876+0000] {dag.py:3947} INFO - Setting next_dagrun for example_display_name to None, run_after=None
[2026-05-19T07:39:34.911+0000] {processor.py:183} INFO - Processing /home/airflow/.local/lib/python3.12/site-packages/airflow/example_dags/example_display_name.py took 0.184 seconds
[2026-05-19T07:40:05.511+0000] {processor.py:161} INFO - Started process (PID=246) to work on /home/airflow/.local/lib/python3.12/site-packages/airflow/example_dags/example_display_name.py
[2026-05-19T07:40:05.514+0000] {processor.py:830} INFO - Processing file /home/airflow/.local/lib/python3.12/site-packages/airflow/example_dags/example_display_name.py for tasks to queue
[2026-05-19T07:40:05.520+0000] {logging_mixin.py:188} INFO - [2026-05-19T07:40:05.518+0000] {dagbag.py:545} INFO - Filling up the DagBag from /home/airflow/.local/lib/python3.12/site-packages/airflow/example_dags/example_display_name.py
[2026-05-19T07:40:05.536+0000] {processor.py:840} INFO - DAG(s) 'example_display_name' retrieved from /home/airflow/.local/lib/python3.12/site-packages/airflow/example_dags/example_display_name.py
[2026-05-19T07:40:05.592+0000] {logging_mixin.py:188} INFO - [2026-05-19T07:40:05.591+0000] {dag.py:3089} INFO - Sync 1 DAGs
[2026-05-19T07:40:05.636+0000] {logging_mixin.py:188} INFO - [2026-05-19T07:40:05.634+0000] {dag.py:3947} INFO - Setting next_dagrun for example_display_name to None, run_after=None
[2026-05-19T07:40:05.707+0000] {processor.py:183} INFO - Processing /home/airflow/.local/lib/python3.12/site-packages/airflow/example_dags/example_display_name.py took 0.210 seconds
[2026-05-19T07:40:36.599+0000] {processor.py:161} INFO - Started process (PID=304) to work on /home/airflow/.local/lib/python3.12/site-packages/airflow/example_dags/example_display_name.py
[2026-05-19T07:40:36.603+0000] {processor.py:830} INFO - Processing file /home/airflow/.local/lib/python3.12/site-packages/airflow/example_dags/example_display_name.py for tasks to queue
[2026-05-19T07:40:36.609+0000] {logging_mixin.py:188} INFO - [2026-05-19T07:40:36.608+0000] {dagbag.py:545} INFO - Filling up the DagBag from /home/airflow/.local/lib/python3.12/site-packages/airflow/example_dags/example_display_name.py
[2026-05-19T07:40:36.627+0000] {processor.py:840} INFO - DAG(s) 'example_display_name' retrieved from /home/airflow/.local/lib/python3.12/site-packages/airflow/example_dags/example_display_name.py
[2026-05-19T07:40:36.709+0000] {logging_mixin.py:188} INFO - [2026-05-19T07:40:36.708+0000] {dag.py:3089} INFO - Sync 1 DAGs
[2026-05-19T07:40:36.753+0000] {logging_mixin.py:188} INFO - [2026-05-19T07:40:36.752+0000] {dag.py:3947} INFO - Setting next_dagrun for example_display_name to None, run_after=None
[2026-05-19T07:40:36.812+0000] {processor.py:183} INFO - Processing /home/airflow/.local/lib/python3.12/site-packages/airflow/example_dags/example_display_name.py took 0.229 seconds
[2026-05-19T07:41:07.445+0000] {processor.py:161} INFO - Started process (PID=360) to work on /home/airflow/.local/lib/python3.12/site-packages/airflow/example_dags/example_display_name.py
[2026-05-19T07:41:07.447+0000] {processor.py:830} INFO - Processing file /home/airflow/.local/lib/python3.12/site-packages/airflow/example_dags/example_display_name.py for tasks to queue
[2026-05-19T07:41:07.451+0000] {logging_mixin.py:188} INFO - [2026-05-19T07:41:07.450+0000] {dagbag.py:545} INFO - Filling up the DagBag from /home/airflow/.local/lib/python3.12/site-packages/airflow/example_dags/example_display_name.py
[2026-05-19T07:41:07.464+0000] {processor.py:840} INFO - DAG(s) 'example_display_name' retrieved from /home/airflow/.local/lib/python3.12/site-packages/airflow/example_dags/example_display_name.py
[2026-05-19T07:41:07.507+0000] {logging_mixin.py:188} INFO - [2026-05-19T07:41:07.506+0000] {dag.py:3089} INFO - Sync 1 DAGs
[2026-05-19T07:41:07.531+0000] {logging_mixin.py:188} INFO - [2026-05-19T07:41:07.530+0000] {dag.py:3947} INFO - Setting next_dagrun for example_display_name to None, run_after=None
[2026-05-19T07:41:07.565+0000] {processor.py:183} INFO - Processing /home/airflow/.local/lib/python3.12/site-packages/airflow/example_dags/example_display_name.py took 0.133 seconds
[2026-05-19T07:41:38.019+0000] {processor.py:161} INFO - Started process (PID=418) to work on /home/airflow/.local/lib/python3.12/site-packages/airflow/example_dags/example_display_name.py
[2026-05-19T07:41:38.022+0000] {processor.py:830} INFO - Processing file /home/airflow/.local/lib/python3.12/site-packages/airflow/example_dags/example_display_name.py for tasks to queue
[2026-05-19T07:41:38.028+0000] {logging_mixin.py:188} INFO - [2026-05-19T07:41:38.026+0000] {dagbag.py:545} INFO - Filling up the DagBag from /home/airflow/.local/lib/python3.12/site-packages/airflow/example_dags/example_display_name.py
[2026-05-19T07:41:38.043+0000] {processor.py:840} INFO - DAG(s) 'example_display_name' retrieved from /home/airflow/.local/lib/python3.12/site-packages/airflow/example_dags/example_display_name.py
[2026-05-19T07:41:38.088+0000] {logging_mixin.py:188} INFO - [2026-05-19T07:41:38.088+0000] {dag.py:3089} INFO - Sync 1 DAGs
[2026-05-19T07:41:38.117+0000] {logging_mixin.py:188} INFO - [2026-05-19T07:41:38.117+0000] {dag.py:3947} INFO - Setting next_dagrun for example_display_name to None, run_after=None
[2026-05-19T07:41:38.167+0000] {processor.py:183} INFO - Processing /home/airflow/.local/lib/python3.12/site-packages/airflow/example_dags/example_display_name.py took 0.161 seconds
[2026-05-19T07:42:08.706+0000] {processor.py:161} INFO - Started process (PID=476) to work on /home/airflow/.local/lib/python3.12/site-packages/airflow/example_dags/example_display_name.py
[2026-05-19T07:42:08.708+0000] {processor.py:830} INFO - Processing file /home/airflow/.local/lib/python3.12/site-packages/airflow/example_dags/example_display_name.py for tasks to queue
[2026-05-19T07:42:08.712+0000] {logging_mixin.py:188} INFO - [2026-05-19T07:42:08.711+0000] {dagbag.py:545} INFO - Filling up the DagBag from /home/airflow/.local/lib/python3.12/site-packages/airflow/example_dags/example_display_name.py
[2026-05-19T07:42:08.725+0000] {processor.py:840} INFO - DAG(s) 'example_display_name' retrieved from /home/airflow/.local/lib/python3.12/site-packages/airflow/example_dags/example_display_name.py
[2026-05-19T07:42:08.763+0000] {logging_mixin.py:188} INFO - [2026-05-19T07:42:08.763+0000] {dag.py:3089} INFO - Sync 1 DAGs
[2026-05-19T07:42:08.785+0000] {logging_mixin.py:188} INFO - [2026-05-19T07:42:08.785+0000] {dag.py:3947} INFO - Setting next_dagrun for example_display_name to None, run_after=None
[2026-05-19T07:42:08.823+0000] {processor.py:183} INFO - Processing /home/airflow/.local/lib/python3.12/site-packages/airflow/example_dags/example_display_name.py took 0.127 seconds
[2026-05-19T07:42:40.792+0000] {processor.py:161} INFO - Started process (PID=541) to work on /home/airflow/.local/lib/python3.12/site-packages/airflow/example_dags/example_display_name.py
[2026-05-19T07:42:40.805+0000] {processor.py:830} INFO - Processing file /home/airflow/.local/lib/python3.12/site-packages/airflow/example_dags/example_display_name.py for tasks to queue
[2026-05-19T07:42:40.826+0000] {logging_mixin.py:188} INFO - [2026-05-19T07:42:40.823+0000] {dagbag.py:545} INFO - Filling up the DagBag from /home/airflow/.local/lib/python3.12/site-packages/airflow/example_dags/example_display_name.py
[2026-05-19T07:42:40.865+0000] {processor.py:840} INFO - DAG(s) 'example_display_name' retrieved from /home/airflow/.local/lib/python3.12/site-packages/airflow/example_dags/example_display_name.py
[2026-05-19T07:42:40.964+0000] {logging_mixin.py:188} INFO - [2026-05-19T07:42:40.952+0000] {dag.py:3089} INFO - Sync 1 DAGs
[2026-05-19T07:42:41.058+0000] {logging_mixin.py:188} INFO - [2026-05-19T07:42:41.058+0000] {dag.py:3947} INFO - Setting next_dagrun for example_display_name to None, run_after=None
[2026-05-19T07:42:41.207+0000] {processor.py:183} INFO - Processing /home/airflow/.local/lib/python3.12/site-packages/airflow/example_dags/example_display_name.py took 0.451 seconds
[2026-05-19T07:43:12.014+0000] {processor.py:161} INFO - Started process (PID=599) to work on /home/airflow/.local/lib/python3.12/site-packages/airflow/example_dags/example_display_name.py
[2026-05-19T07:43:12.022+0000] {processor.py:830} INFO - Processing file /home/airflow/.local/lib/python3.12/site-packages/airflow/example_dags/example_display_name.py for tasks to queue
[2026-05-19T07:43:12.043+0000] {logging_mixin.py:188} INFO - [2026-05-19T07:43:12.036+0000] {dagbag.py:545} INFO - Filling up the DagBag from /home/airflow/.local/lib/python3.12/site-packages/airflow/example_dags/example_display_name.py
[2026-05-19T07:43:12.087+0000] {processor.py:840} INFO - DAG(s) 'example_display_name' retrieved from /home/airflow/.local/lib/python3.12/site-packages/airflow/example_dags/example_display_name.py
[2026-05-19T07:43:12.245+0000] {logging_mixin.py:188} INFO - [2026-05-19T07:43:12.242+0000] {dag.py:3089} INFO - Sync 1 DAGs
[2026-05-19T07:43:12.334+0000] {logging_mixin.py:188} INFO - [2026-05-19T07:43:12.333+0000] {dag.py:3947} INFO - Setting next_dagrun for example_display_name to None, run_after=None
[2026-05-19T07:43:12.419+0000] {processor.py:183} INFO - Processing /home/airflow/.local/lib/python3.12/site-packages/airflow/example_dags/example_display_name.py took 0.430 seconds
[2026-05-19T07:43:43.086+0000] {processor.py:161} INFO - Started process (PID=658) to work on /home/airflow/.local/lib/python3.12/site-packages/airflow/example_dags/example_display_name.py
[2026-05-19T07:43:43.090+0000] {processor.py:830} INFO - Processing file /home/airflow/.local/lib/python3.12/site-packages/airflow/example_dags/example_display_name.py for tasks to queue
[2026-05-19T07:43:43.100+0000] {logging_mixin.py:188} INFO - [2026-05-19T07:43:43.098+0000] {dagbag.py:545} INFO - Filling up the DagBag from /home/airflow/.local/lib/python3.12/site-packages/airflow/example_dags/example_display_name.py
[2026-05-19T07:43:43.126+0000] {processor.py:840} INFO - DAG(s) 'example_display_name' retrieved from /home/airflow/.local/lib/python3.12/site-packages/airflow/example_dags/example_display_name.py
[2026-05-19T07:43:43.216+0000] {logging_mixin.py:188} INFO - [2026-05-19T07:43:43.215+0000] {dag.py:3089} INFO - Sync 1 DAGs
[2026-05-19T07:43:43.295+0000] {logging_mixin.py:188} INFO - [2026-05-19T07:43:43.290+0000] {dag.py:3947} INFO - Setting next_dagrun for example_display_name to None, run_after=None
[2026-05-19T07:43:43.450+0000] {processor.py:183} INFO - Processing /home/airflow/.local/lib/python3.12/site-packages/airflow/example_dags/example_display_name.py took 0.387 seconds
[2026-05-19T07:44:14.300+0000] {processor.py:161} INFO - Started process (PID=716) to work on /home/airflow/.local/lib/python3.12/site-packages/airflow/example_dags/example_display_name.py
[2026-05-19T07:44:14.304+0000] {processor.py:830} INFO - Processing file /home/airflow/.local/lib/python3.12/site-packages/airflow/example_dags/example_display_name.py for tasks to queue
[2026-05-19T07:44:14.311+0000] {logging_mixin.py:188} INFO - [2026-05-19T07:44:14.309+0000] {dagbag.py:545} INFO - Filling up the DagBag from /home/airflow/.local/lib/python3.12/site-packages/airflow/example_dags/example_display_name.py
[2026-05-19T07:44:14.332+0000] {processor.py:840} INFO - DAG(s) 'example_display_name' retrieved from /home/airflow/.local/lib/python3.12/site-packages/airflow/example_dags/example_display_name.py
[2026-05-19T07:44:14.410+0000] {logging_mixin.py:188} INFO - [2026-05-19T07:44:14.409+0000] {dag.py:3089} INFO - Sync 1 DAGs
[2026-05-19T07:44:14.458+0000] {logging_mixin.py:188} INFO - [2026-05-19T07:44:14.457+0000] {dag.py:3947} INFO - Setting next_dagrun for example_display_name to None, run_after=None
[2026-05-19T07:44:14.516+0000] {processor.py:183} INFO - Processing /home/airflow/.local/lib/python3.12/site-packages/airflow/example_dags/example_display_name.py took 0.237 seconds
[2026-05-19T07:44:45.130+0000] {processor.py:161} INFO - Started process (PID=774) to work on /home/airflow/.local/lib/python3.12/site-packages/airflow/example_dags/example_display_name.py
[2026-05-19T07:44:45.132+0000] {processor.py:830} INFO - Processing file /home/airflow/.local/lib/python3.12/site-packages/airflow/example_dags/example_display_name.py for tasks to queue
[2026-05-19T07:44:45.138+0000] {logging_mixin.py:188} INFO - [2026-05-19T07:44:45.137+0000] {dagbag.py:545} INFO - Filling up the DagBag from /home/airflow/.local/lib/python3.12/site-packages/airflow/example_dags/example_display_name.py
[2026-05-19T07:44:45.153+0000] {processor.py:840} INFO - DAG(s) 'example_display_name' retrieved from /home/airflow/.local/lib/python3.12/site-packages/airflow/example_dags/example_display_name.py
[2026-05-19T07:44:45.203+0000] {logging_mixin.py:188} INFO - [2026-05-19T07:44:45.202+0000] {dag.py:3089} INFO - Sync 1 DAGs
[2026-05-19T07:44:45.230+0000] {logging_mixin.py:188} INFO - [2026-05-19T07:44:45.229+0000] {dag.py:3947} INFO - Setting next_dagrun for example_display_name to None, run_after=None
[2026-05-19T07:44:45.270+0000] {processor.py:183} INFO - Processing /home/airflow/.local/lib/python3.12/site-packages/airflow/example_dags/example_display_name.py took 0.152 seconds
[2026-05-19T07:45:15.448+0000] {processor.py:161} INFO - Started process (PID=832) to work on /home/airflow/.local/lib/python3.12/site-packages/airflow/example_dags/example_display_name.py
[2026-05-19T07:45:15.450+0000] {processor.py:830} INFO - Processing file /home/airflow/.local/lib/python3.12/site-packages/airflow/example_dags/example_display_name.py for tasks to queue
[2026-05-19T07:45:15.455+0000] {logging_mixin.py:188} INFO - [2026-05-19T07:45:15.454+0000] {dagbag.py:545} INFO - Filling up the DagBag from /home/airflow/.local/lib/python3.12/site-packages/airflow/example_dags/example_display_name.py
[2026-05-19T07:45:15.469+0000] {processor.py:840} INFO - DAG(s) 'example_display_name' retrieved from /home/airflow/.local/lib/python3.12/site-packages/airflow/example_dags/example_display_name.py
[2026-05-19T07:45:15.504+0000] {logging_mixin.py:188} INFO - [2026-05-19T07:45:15.504+0000] {dag.py:3089} INFO - Sync 1 DAGs
[2026-05-19T07:45:15.527+0000] {logging_mixin.py:188} INFO - [2026-05-19T07:45:15.527+0000] {dag.py:3947} INFO - Setting next_dagrun for example_display_name to None, run_after=None
[2026-05-19T07:45:15.565+0000] {processor.py:183} INFO - Processing /home/airflow/.local/lib/python3.12/site-packages/airflow/example_dags/example_display_name.py took 0.130 seconds
[2026-05-19T07:45:46.228+0000] {processor.py:161} INFO - Started process (PID=890) to work on /home/airflow/.local/lib/python3.12/site-packages/airflow/example_dags/example_display_name.py
[2026-05-19T07:45:46.230+0000] {processor.py:830} INFO - Processing file /home/airflow/.local/lib/python3.12/site-packages/airflow/example_dags/example_display_name.py for tasks to queue
[2026-05-19T07:45:46.235+0000] {logging_mixin.py:188} INFO - [2026-05-19T07:45:46.234+0000] {dagbag.py:545} INFO - Filling up the DagBag from /home/airflow/.local/lib/python3.12/site-packages/airflow/example_dags/example_display_name.py
[2026-05-19T07:45:46.247+0000] {processor.py:840} INFO - DAG(s) 'example_display_name' retrieved from /home/airflow/.local/lib/python3.12/site-packages/airflow/example_dags/example_display_name.py
[2026-05-19T07:45:46.307+0000] {logging_mixin.py:188} INFO - [2026-05-19T07:45:46.307+0000] {dag.py:3089} INFO - Sync 1 DAGs
[2026-05-19T07:45:46.354+0000] {logging_mixin.py:188} INFO - [2026-05-19T07:45:46.353+0000] {dag.py:3947} INFO - Setting next_dagrun for example_display_name to None, run_after=None
[2026-05-19T07:45:46.424+0000] {processor.py:183} INFO - Processing /home/airflow/.local/lib/python3.12/site-packages/airflow/example_dags/example_display_name.py took 0.206 seconds
[2026-05-19T07:46:16.662+0000] {processor.py:161} INFO - Started process (PID=948) to work on /home/airflow/.local/lib/python3.12/site-packages/airflow/example_dags/example_display_name.py
[2026-05-19T07:46:16.664+0000] {processor.py:830} INFO - Processing file /home/airflow/.local/lib/python3.12/site-packages/airflow/example_dags/example_display_name.py for tasks to queue
[2026-05-19T07:46:16.668+0000] {logging_mixin.py:188} INFO - [2026-05-19T07:46:16.668+0000] {dagbag.py:545} INFO - Filling up the DagBag from /home/airflow/.local/lib/python3.12/site-packages/airflow/example_dags/example_display_name.py
[2026-05-19T07:46:16.682+0000] {processor.py:840} INFO - DAG(s) 'example_display_name' retrieved from /home/airflow/.local/lib/python3.12/site-packages/airflow/example_dags/example_display_name.py
[2026-05-19T07:46:16.750+0000] {logging_mixin.py:188} INFO - [2026-05-19T07:46:16.749+0000] {dag.py:3089} INFO - Sync 1 DAGs
[2026-05-19T07:46:16.797+0000] {logging_mixin.py:188} INFO - [2026-05-19T07:46:16.796+0000] {dag.py:3947} INFO - Setting next_dagrun for example_display_name to None, run_after=None
[2026-05-19T07:46:16.875+0000] {processor.py:183} INFO - Processing /home/airflow/.local/lib/python3.12/site-packages/airflow/example_dags/example_display_name.py took 0.226 seconds
[2026-05-19T07:46:47.096+0000] {processor.py:161} INFO - Started process (PID=1006) to work on /home/airflow/.local/lib/python3.12/site-packages/airflow/example_dags/example_display_name.py
[2026-05-19T07:46:47.098+0000] {processor.py:830} INFO - Processing file /home/airflow/.local/lib/python3.12/site-packages/airflow/example_dags/example_display_name.py for tasks to queue
[2026-05-19T07:46:47.101+0000] {logging_mixin.py:188} INFO - [2026-05-19T07:46:47.101+0000] {dagbag.py:545} INFO - Filling up the DagBag from /home/airflow/.local/lib/python3.12/site-packages/airflow/example_dags/example_display_name.py
[2026-05-19T07:46:47.111+0000] {processor.py:840} INFO - DAG(s) 'example_display_name' retrieved from /home/airflow/.local/lib/python3.12/site-packages/airflow/example_dags/example_display_name.py
[2026-05-19T07:46:47.158+0000] {logging_mixin.py:188} INFO - [2026-05-19T07:46:47.158+0000] {dag.py:3089} INFO - Sync 1 DAGs
[2026-05-19T07:46:47.182+0000] {logging_mixin.py:188} INFO - [2026-05-19T07:46:47.181+0000] {dag.py:3947} INFO - Setting next_dagrun for example_display_name to None, run_after=None
[2026-05-19T07:46:47.220+0000] {processor.py:183} INFO - Processing /home/airflow/.local/lib/python3.12/site-packages/airflow/example_dags/example_display_name.py took 0.133 seconds
[2026-05-19T07:47:17.358+0000] {processor.py:161} INFO - Started process (PID=1063) to work on /home/airflow/.local/lib/python3.12/site-packages/airflow/example_dags/example_display_name.py
[2026-05-19T07:47:17.360+0000] {processor.py:830} INFO - Processing file /home/airflow/.local/lib/python3.12/site-packages/airflow/example_dags/example_display_name.py for tasks to queue
[2026-05-19T07:47:17.364+0000] {logging_mixin.py:188} INFO - [2026-05-19T07:47:17.364+0000] {dagbag.py:545} INFO - Filling up the DagBag from /home/airflow/.local/lib/python3.12/site-packages/airflow/example_dags/example_display_name.py
[2026-05-19T07:47:17.376+0000] {processor.py:840} INFO - DAG(s) 'example_display_name' retrieved from /home/airflow/.local/lib/python3.12/site-packages/airflow/example_dags/example_display_name.py
[2026-05-19T07:47:17.409+0000] {logging_mixin.py:188} INFO - [2026-05-19T07:47:17.409+0000] {dag.py:3089} INFO - Sync 1 DAGs
[2026-05-19T07:47:17.429+0000] {logging_mixin.py:188} INFO - [2026-05-19T07:47:17.428+0000] {dag.py:3947} INFO - Setting next_dagrun for example_display_name to None, run_after=None
[2026-05-19T07:47:17.462+0000] {processor.py:183} INFO - Processing /home/airflow/.local/lib/python3.12/site-packages/airflow/example_dags/example_display_name.py took 0.113 seconds
[2026-05-19T07:47:47.704+0000] {processor.py:161} INFO - Started process (PID=1121) to work on /home/airflow/.local/lib/python3.12/site-packages/airflow/example_dags/example_display_name.py
[2026-05-19T07:47:47.707+0000] {processor.py:830} INFO - Processing file /home/airflow/.local/lib/python3.12/site-packages/airflow/example_dags/example_display_name.py for tasks to queue
[2026-05-19T07:47:47.710+0000] {logging_mixin.py:188} INFO - [2026-05-19T07:47:47.710+0000] {dagbag.py:545} INFO - Filling up the DagBag from /home/airflow/.local/lib/python3.12/site-packages/airflow/example_dags/example_display_name.py
[2026-05-19T07:47:47.722+0000] {processor.py:840} INFO - DAG(s) 'example_display_name' retrieved from /home/airflow/.local/lib/python3.12/site-packages/airflow/example_dags/example_display_name.py
[2026-05-19T07:47:47.755+0000] {logging_mixin.py:188} INFO - [2026-05-19T07:47:47.755+0000] {dag.py:3089} INFO - Sync 1 DAGs
[2026-05-19T07:47:47.776+0000] {logging_mixin.py:188} INFO - [2026-05-19T07:47:47.776+0000] {dag.py:3947} INFO - Setting next_dagrun for example_display_name to None, run_after=None
[2026-05-19T07:47:47.820+0000] {processor.py:183} INFO - Processing /home/airflow/.local/lib/python3.12/site-packages/airflow/example_dags/example_display_name.py took 0.129 seconds
[2026-05-19T07:48:18.526+0000] {processor.py:161} INFO - Started process (PID=1178) to work on /home/airflow/.local/lib/python3.12/site-packages/airflow/example_dags/example_display_name.py
[2026-05-19T07:48:18.528+0000] {processor.py:830} INFO - Processing file /home/airflow/.local/lib/python3.12/site-packages/airflow/example_dags/example_display_name.py for tasks to queue
[2026-05-19T07:48:18.531+0000] {logging_mixin.py:188} INFO - [2026-05-19T07:48:18.530+0000] {dagbag.py:545} INFO - Filling up the DagBag from /home/airflow/.local/lib/python3.12/site-packages/airflow/example_dags/example_display_name.py
[2026-05-19T07:48:18.540+0000] {processor.py:840} INFO - DAG(s) 'example_display_name' retrieved from /home/airflow/.local/lib/python3.12/site-packages/airflow/example_dags/example_display_name.py
[2026-05-19T07:48:18.571+0000] {logging_mixin.py:188} INFO - [2026-05-19T07:48:18.571+0000] {dag.py:3089} INFO - Sync 1 DAGs
[2026-05-19T07:48:18.590+0000] {logging_mixin.py:188} INFO - [2026-05-19T07:48:18.590+0000] {dag.py:3947} INFO - Setting next_dagrun for example_display_name to None, run_after=None
[2026-05-19T07:48:18.620+0000] {processor.py:183} INFO - Processing /home/airflow/.local/lib/python3.12/site-packages/airflow/example_dags/example_display_name.py took 0.103 seconds
[2026-05-19T07:48:48.882+0000] {processor.py:161} INFO - Started process (PID=1236) to work on /home/airflow/.local/lib/python3.12/site-packages/airflow/example_dags/example_display_name.py
[2026-05-19T07:48:48.884+0000] {processor.py:830} INFO - Processing file /home/airflow/.local/lib/python3.12/site-packages/airflow/example_dags/example_display_name.py for tasks to queue
[2026-05-19T07:48:48.888+0000] {logging_mixin.py:188} INFO - [2026-05-19T07:48:48.888+0000] {dagbag.py:545} INFO - Filling up the DagBag from /home/airflow/.local/lib/python3.12/site-packages/airflow/example_dags/example_display_name.py
[2026-05-19T07:48:48.899+0000] {processor.py:840} INFO - DAG(s) 'example_display_name' retrieved from /home/airflow/.local/lib/python3.12/site-packages/airflow/example_dags/example_display_name.py
[2026-05-19T07:48:48.944+0000] {logging_mixin.py:188} INFO - [2026-05-19T07:48:48.943+0000] {dag.py:3089} INFO - Sync 1 DAGs
[2026-05-19T07:48:48.979+0000] {logging_mixin.py:188} INFO - [2026-05-19T07:48:48.979+0000] {dag.py:3947} INFO - Setting next_dagrun for example_display_name to None, run_after=None
[2026-05-19T07:48:49.034+0000] {processor.py:183} INFO - Processing /home/airflow/.local/lib/python3.12/site-packages/airflow/example_dags/example_display_name.py took 0.164 seconds
[2026-05-19T07:49:19.650+0000] {processor.py:161} INFO - Started process (PID=1296) to work on /home/airflow/.local/lib/python3.12/site-packages/airflow/example_dags/example_display_name.py
[2026-05-19T07:49:19.652+0000] {processor.py:830} INFO - Processing file /home/airflow/.local/lib/python3.12/site-packages/airflow/example_dags/example_display_name.py for tasks to queue
[2026-05-19T07:49:19.656+0000] {logging_mixin.py:188} INFO - [2026-05-19T07:49:19.655+0000] {dagbag.py:545} INFO - Filling up the DagBag from /home/airflow/.local/lib/python3.12/site-packages/airflow/example_dags/example_display_name.py
[2026-05-19T07:49:19.666+0000] {processor.py:840} INFO - DAG(s) 'example_display_name' retrieved from /home/airflow/.local/lib/python3.12/site-packages/airflow/example_dags/example_display_name.py
[2026-05-19T07:49:19.700+0000] {logging_mixin.py:188} INFO - [2026-05-19T07:49:19.699+0000] {dag.py:3089} INFO - Sync 1 DAGs
[2026-05-19T07:49:19.726+0000] {logging_mixin.py:188} INFO - [2026-05-19T07:49:19.726+0000] {dag.py:3947} INFO - Setting next_dagrun for example_display_name to None, run_after=None
[2026-05-19T07:49:19.758+0000] {processor.py:183} INFO - Processing /home/airflow/.local/lib/python3.12/site-packages/airflow/example_dags/example_display_name.py took 0.116 seconds
[2026-05-19T07:49:50.512+0000] {processor.py:161} INFO - Started process (PID=1354) to work on /home/airflow/.local/lib/python3.12/site-packages/airflow/example_dags/example_display_name.py
[2026-05-19T07:49:50.526+0000] {processor.py:830} INFO - Processing file /home/airflow/.local/lib/python3.12/site-packages/airflow/example_dags/example_display_name.py for tasks to queue
[2026-05-19T07:49:50.548+0000] {logging_mixin.py:188} INFO - [2026-05-19T07:49:50.547+0000] {dagbag.py:545} INFO - Filling up the DagBag from /home/airflow/.local/lib/python3.12/site-packages/airflow/example_dags/example_display_name.py
[2026-05-19T07:49:50.606+0000] {processor.py:840} INFO - DAG(s) 'example_display_name' retrieved from /home/airflow/.local/lib/python3.12/site-packages/airflow/example_dags/example_display_name.py
[2026-05-19T07:49:50.736+0000] {logging_mixin.py:188} INFO - [2026-05-19T07:49:50.734+0000] {dag.py:3089} INFO - Sync 1 DAGs
[2026-05-19T07:49:50.792+0000] {logging_mixin.py:188} INFO - [2026-05-19T07:49:50.791+0000] {dag.py:3947} INFO - Setting next_dagrun for example_display_name to None, run_after=None
[2026-05-19T07:49:50.864+0000] {processor.py:183} INFO - Processing /home/airflow/.local/lib/python3.12/site-packages/airflow/example_dags/example_display_name.py took 0.400 seconds
[2026-05-19T07:50:21.477+0000] {processor.py:161} INFO - Started process (PID=1412) to work on /home/airflow/.local/lib/python3.12/site-packages/airflow/example_dags/example_display_name.py
[2026-05-19T07:50:21.484+0000] {processor.py:830} INFO - Processing file /home/airflow/.local/lib/python3.12/site-packages/airflow/example_dags/example_display_name.py for tasks to queue
[2026-05-19T07:50:21.492+0000] {logging_mixin.py:188} INFO - [2026-05-19T07:50:21.491+0000] {dagbag.py:545} INFO - Filling up the DagBag from /home/airflow/.local/lib/python3.12/site-packages/airflow/example_dags/example_display_name.py
[2026-05-19T07:50:21.518+0000] {processor.py:840} INFO - DAG(s) 'example_display_name' retrieved from /home/airflow/.local/lib/python3.12/site-packages/airflow/example_dags/example_display_name.py
[2026-05-19T07:50:21.584+0000] {logging_mixin.py:188} INFO - [2026-05-19T07:50:21.584+0000] {dag.py:3089} INFO - Sync 1 DAGs
[2026-05-19T07:50:21.618+0000] {logging_mixin.py:188} INFO - [2026-05-19T07:50:21.618+0000] {dag.py:3947} INFO - Setting next_dagrun for example_display_name to None, run_after=None
[2026-05-19T07:50:21.691+0000] {processor.py:183} INFO - Processing /home/airflow/.local/lib/python3.12/site-packages/airflow/example_dags/example_display_name.py took 0.237 seconds
[2026-05-19T07:50:51.830+0000] {processor.py:161} INFO - Started process (PID=1469) to work on /home/airflow/.local/lib/python3.12/site-packages/airflow/example_dags/example_display_name.py
[2026-05-19T07:50:51.831+0000] {processor.py:830} INFO - Processing file /home/airflow/.local/lib/python3.12/site-packages/airflow/example_dags/example_display_name.py for tasks to queue
[2026-05-19T07:50:51.835+0000] {logging_mixin.py:188} INFO - [2026-05-19T07:50:51.834+0000] {dagbag.py:545} INFO - Filling up the DagBag from /home/airflow/.local/lib/python3.12/site-packages/airflow/example_dags/example_display_name.py
[2026-05-19T07:50:51.845+0000] {processor.py:840} INFO - DAG(s) 'example_display_name' retrieved from /home/airflow/.local/lib/python3.12/site-packages/airflow/example_dags/example_display_name.py
[2026-05-19T07:50:51.883+0000] {logging_mixin.py:188} INFO - [2026-05-19T07:50:51.883+0000] {dag.py:3089} INFO - Sync 1 DAGs
[2026-05-19T07:50:51.905+0000] {logging_mixin.py:188} INFO - [2026-05-19T07:50:51.905+0000] {dag.py:3947} INFO - Setting next_dagrun for example_display_name to None, run_after=None
[2026-05-19T07:50:51.937+0000] {processor.py:183} INFO - Processing /home/airflow/.local/lib/python3.12/site-packages/airflow/example_dags/example_display_name.py took 0.117 seconds
[2026-05-19T07:52:22.783+0000] {processor.py:161} INFO - Started process (PID=72) to work on /home/airflow/.local/lib/python3.12/site-packages/airflow/example_dags/example_display_name.py
[2026-05-19T07:52:22.793+0000] {processor.py:830} INFO - Processing file /home/airflow/.local/lib/python3.12/site-packages/airflow/example_dags/example_display_name.py for tasks to queue
[2026-05-19T07:52:22.800+0000] {logging_mixin.py:188} INFO - [2026-05-19T07:52:22.799+0000] {dagbag.py:545} INFO - Filling up the DagBag from /home/airflow/.local/lib/python3.12/site-packages/airflow/example_dags/example_display_name.py
[2026-05-19T07:52:22.879+0000] {processor.py:840} INFO - DAG(s) 'example_display_name' retrieved from /home/airflow/.local/lib/python3.12/site-packages/airflow/example_dags/example_display_name.py
[2026-05-19T07:52:23.001+0000] {logging_mixin.py:188} INFO - [2026-05-19T07:52:22.996+0000] {dag.py:3089} INFO - Sync 1 DAGs
[2026-05-19T07:52:23.072+0000] {logging_mixin.py:188} INFO - [2026-05-19T07:52:23.070+0000] {dag.py:3947} INFO - Setting next_dagrun for example_display_name to None, run_after=None
[2026-05-19T07:52:23.243+0000] {processor.py:183} INFO - Processing /home/airflow/.local/lib/python3.12/site-packages/airflow/example_dags/example_display_name.py took 0.499 seconds
[2026-05-19T07:53:27.046+0000] {processor.py:161} INFO - Started process (PID=66) to work on /home/airflow/.local/lib/python3.12/site-packages/airflow/example_dags/example_display_name.py
[2026-05-19T07:53:27.048+0000] {processor.py:830} INFO - Processing file /home/airflow/.local/lib/python3.12/site-packages/airflow/example_dags/example_display_name.py for tasks to queue
[2026-05-19T07:53:27.051+0000] {logging_mixin.py:188} INFO - [2026-05-19T07:53:27.050+0000] {dagbag.py:545} INFO - Filling up the DagBag from /home/airflow/.local/lib/python3.12/site-packages/airflow/example_dags/example_display_name.py
[2026-05-19T07:53:27.065+0000] {processor.py:840} INFO - DAG(s) 'example_display_name' retrieved from /home/airflow/.local/lib/python3.12/site-packages/airflow/example_dags/example_display_name.py
[2026-05-19T07:53:27.353+0000] {logging_mixin.py:188} INFO - [2026-05-19T07:53:27.353+0000] {dag.py:3089} INFO - Sync 1 DAGs
[2026-05-19T07:53:27.370+0000] {logging_mixin.py:188} INFO - [2026-05-19T07:53:27.370+0000] {dag.py:3947} INFO - Setting next_dagrun for example_display_name to None, run_after=None
[2026-05-19T07:53:27.401+0000] {processor.py:183} INFO - Processing /home/airflow/.local/lib/python3.12/site-packages/airflow/example_dags/example_display_name.py took 0.364 seconds
[2026-05-19T07:53:57.986+0000] {processor.py:161} INFO - Started process (PID=124) to work on /home/airflow/.local/lib/python3.12/site-packages/airflow/example_dags/example_display_name.py
[2026-05-19T07:53:57.990+0000] {processor.py:830} INFO - Processing file /home/airflow/.local/lib/python3.12/site-packages/airflow/example_dags/example_display_name.py for tasks to queue
[2026-05-19T07:53:57.995+0000] {logging_mixin.py:188} INFO - [2026-05-19T07:53:57.995+0000] {dagbag.py:545} INFO - Filling up the DagBag from /home/airflow/.local/lib/python3.12/site-packages/airflow/example_dags/example_display_name.py
[2026-05-19T07:53:58.012+0000] {processor.py:840} INFO - DAG(s) 'example_display_name' retrieved from /home/airflow/.local/lib/python3.12/site-packages/airflow/example_dags/example_display_name.py
[2026-05-19T07:53:58.066+0000] {logging_mixin.py:188} INFO - [2026-05-19T07:53:58.065+0000] {dag.py:3089} INFO - Sync 1 DAGs
[2026-05-19T07:53:58.112+0000] {logging_mixin.py:188} INFO - [2026-05-19T07:53:58.111+0000] {dag.py:3947} INFO - Setting next_dagrun for example_display_name to None, run_after=None
[2026-05-19T07:53:58.176+0000] {processor.py:183} INFO - Processing /home/airflow/.local/lib/python3.12/site-packages/airflow/example_dags/example_display_name.py took 0.202 seconds
[2026-05-19T07:54:29.223+0000] {processor.py:161} INFO - Started process (PID=182) to work on /home/airflow/.local/lib/python3.12/site-packages/airflow/example_dags/example_display_name.py
[2026-05-19T07:54:29.228+0000] {processor.py:830} INFO - Processing file /home/airflow/.local/lib/python3.12/site-packages/airflow/example_dags/example_display_name.py for tasks to queue
[2026-05-19T07:54:29.242+0000] {logging_mixin.py:188} INFO - [2026-05-19T07:54:29.241+0000] {dagbag.py:545} INFO - Filling up the DagBag from /home/airflow/.local/lib/python3.12/site-packages/airflow/example_dags/example_display_name.py
[2026-05-19T07:54:29.277+0000] {processor.py:840} INFO - DAG(s) 'example_display_name' retrieved from /home/airflow/.local/lib/python3.12/site-packages/airflow/example_dags/example_display_name.py
[2026-05-19T07:54:29.349+0000] {logging_mixin.py:188} INFO - [2026-05-19T07:54:29.348+0000] {dag.py:3089} INFO - Sync 1 DAGs
[2026-05-19T07:54:29.380+0000] {logging_mixin.py:188} INFO - [2026-05-19T07:54:29.379+0000] {dag.py:3947} INFO - Setting next_dagrun for example_display_name to None, run_after=None
[2026-05-19T07:54:29.464+0000] {processor.py:183} INFO - Processing /home/airflow/.local/lib/python3.12/site-packages/airflow/example_dags/example_display_name.py took 0.264 seconds
[2026-05-19T07:55:00.690+0000] {processor.py:161} INFO - Started process (PID=240) to work on /home/airflow/.local/lib/python3.12/site-packages/airflow/example_dags/example_display_name.py
[2026-05-19T07:55:00.716+0000] {processor.py:830} INFO - Processing file /home/airflow/.local/lib/python3.12/site-packages/airflow/example_dags/example_display_name.py for tasks to queue
[2026-05-19T07:55:00.733+0000] {logging_mixin.py:188} INFO - [2026-05-19T07:55:00.729+0000] {dagbag.py:545} INFO - Filling up the DagBag from /home/airflow/.local/lib/python3.12/site-packages/airflow/example_dags/example_display_name.py
[2026-05-19T07:55:00.819+0000] {processor.py:840} INFO - DAG(s) 'example_display_name' retrieved from /home/airflow/.local/lib/python3.12/site-packages/airflow/example_dags/example_display_name.py
[2026-05-19T07:55:01.023+0000] {logging_mixin.py:188} INFO - [2026-05-19T07:55:01.023+0000] {dag.py:3089} INFO - Sync 1 DAGs
[2026-05-19T07:55:01.174+0000] {logging_mixin.py:188} INFO - [2026-05-19T07:55:01.163+0000] {dag.py:3947} INFO - Setting next_dagrun for example_display_name to None, run_after=None
[2026-05-19T07:55:01.452+0000] {processor.py:183} INFO - Processing /home/airflow/.local/lib/python3.12/site-packages/airflow/example_dags/example_display_name.py took 0.801 seconds
[2026-05-19T07:55:32.230+0000] {processor.py:161} INFO - Started process (PID=297) to work on /home/airflow/.local/lib/python3.12/site-packages/airflow/example_dags/example_display_name.py
[2026-05-19T07:55:32.233+0000] {processor.py:830} INFO - Processing file /home/airflow/.local/lib/python3.12/site-packages/airflow/example_dags/example_display_name.py for tasks to queue
[2026-05-19T07:55:32.237+0000] {logging_mixin.py:188} INFO - [2026-05-19T07:55:32.236+0000] {dagbag.py:545} INFO - Filling up the DagBag from /home/airflow/.local/lib/python3.12/site-packages/airflow/example_dags/example_display_name.py
[2026-05-19T07:55:32.259+0000] {processor.py:840} INFO - DAG(s) 'example_display_name' retrieved from /home/airflow/.local/lib/python3.12/site-packages/airflow/example_dags/example_display_name.py
[2026-05-19T07:55:32.334+0000] {logging_mixin.py:188} INFO - [2026-05-19T07:55:32.333+0000] {dag.py:3089} INFO - Sync 1 DAGs
[2026-05-19T07:55:32.411+0000] {logging_mixin.py:188} INFO - [2026-05-19T07:55:32.409+0000] {dag.py:3947} INFO - Setting next_dagrun for example_display_name to None, run_after=None
[2026-05-19T07:55:32.449+0000] {processor.py:183} INFO - Processing /home/airflow/.local/lib/python3.12/site-packages/airflow/example_dags/example_display_name.py took 0.235 seconds
[2026-05-19T07:56:02.811+0000] {processor.py:161} INFO - Started process (PID=355) to work on /home/airflow/.local/lib/python3.12/site-packages/airflow/example_dags/example_display_name.py
[2026-05-19T07:56:02.814+0000] {processor.py:830} INFO - Processing file /home/airflow/.local/lib/python3.12/site-packages/airflow/example_dags/example_display_name.py for tasks to queue
[2026-05-19T07:56:02.820+0000] {logging_mixin.py:188} INFO - [2026-05-19T07:56:02.819+0000] {dagbag.py:545} INFO - Filling up the DagBag from /home/airflow/.local/lib/python3.12/site-packages/airflow/example_dags/example_display_name.py
[2026-05-19T07:56:02.840+0000] {processor.py:840} INFO - DAG(s) 'example_display_name' retrieved from /home/airflow/.local/lib/python3.12/site-packages/airflow/example_dags/example_display_name.py
[2026-05-19T07:56:02.889+0000] {logging_mixin.py:188} INFO - [2026-05-19T07:56:02.888+0000] {dag.py:3089} INFO - Sync 1 DAGs
[2026-05-19T07:56:02.918+0000] {logging_mixin.py:188} INFO - [2026-05-19T07:56:02.917+0000] {dag.py:3947} INFO - Setting next_dagrun for example_display_name to None, run_after=None
[2026-05-19T07:56:02.955+0000] {processor.py:183} INFO - Processing /home/airflow/.local/lib/python3.12/site-packages/airflow/example_dags/example_display_name.py took 0.168 seconds
[2026-05-19T07:56:33.180+0000] {processor.py:161} INFO - Started process (PID=413) to work on /home/airflow/.local/lib/python3.12/site-packages/airflow/example_dags/example_display_name.py
[2026-05-19T07:56:33.200+0000] {processor.py:830} INFO - Processing file /home/airflow/.local/lib/python3.12/site-packages/airflow/example_dags/example_display_name.py for tasks to queue
[2026-05-19T07:56:33.226+0000] {logging_mixin.py:188} INFO - [2026-05-19T07:56:33.225+0000] {dagbag.py:545} INFO - Filling up the DagBag from /home/airflow/.local/lib/python3.12/site-packages/airflow/example_dags/example_display_name.py
[2026-05-19T07:56:33.236+0000] {processor.py:840} INFO - DAG(s) 'example_display_name' retrieved from /home/airflow/.local/lib/python3.12/site-packages/airflow/example_dags/example_display_name.py
[2026-05-19T07:56:33.275+0000] {logging_mixin.py:188} INFO - [2026-05-19T07:56:33.275+0000] {dag.py:3089} INFO - Sync 1 DAGs
[2026-05-19T07:56:33.295+0000] {logging_mixin.py:188} INFO - [2026-05-19T07:56:33.295+0000] {dag.py:3947} INFO - Setting next_dagrun for example_display_name to None, run_after=None
[2026-05-19T07:56:33.338+0000] {processor.py:183} INFO - Processing /home/airflow/.local/lib/python3.12/site-packages/airflow/example_dags/example_display_name.py took 0.169 seconds
[2026-05-19T07:58:38.230+0000] {processor.py:161} INFO - Started process (PID=69) to work on /home/airflow/.local/lib/python3.12/site-packages/airflow/example_dags/example_display_name.py
[2026-05-19T07:58:38.239+0000] {processor.py:830} INFO - Processing file /home/airflow/.local/lib/python3.12/site-packages/airflow/example_dags/example_display_name.py for tasks to queue
[2026-05-19T07:58:38.245+0000] {logging_mixin.py:188} INFO - [2026-05-19T07:58:38.243+0000] {dagbag.py:545} INFO - Filling up the DagBag from /home/airflow/.local/lib/python3.12/site-packages/airflow/example_dags/example_display_name.py
[2026-05-19T07:58:38.275+0000] {processor.py:840} INFO - DAG(s) 'example_display_name' retrieved from /home/airflow/.local/lib/python3.12/site-packages/airflow/example_dags/example_display_name.py
[2026-05-19T07:58:38.644+0000] {logging_mixin.py:188} INFO - [2026-05-19T07:58:38.643+0000] {dag.py:3089} INFO - Sync 1 DAGs
[2026-05-19T07:58:38.690+0000] {logging_mixin.py:188} INFO - [2026-05-19T07:58:38.689+0000] {dag.py:3947} INFO - Setting next_dagrun for example_display_name to None, run_after=None
[2026-05-19T07:58:38.750+0000] {processor.py:183} INFO - Processing /home/airflow/.local/lib/python3.12/site-packages/airflow/example_dags/example_display_name.py took 0.538 seconds
[2026-05-19T07:59:09.636+0000] {processor.py:161} INFO - Started process (PID=127) to work on /home/airflow/.local/lib/python3.12/site-packages/airflow/example_dags/example_display_name.py
[2026-05-19T07:59:09.639+0000] {processor.py:830} INFO - Processing file /home/airflow/.local/lib/python3.12/site-packages/airflow/example_dags/example_display_name.py for tasks to queue
[2026-05-19T07:59:09.645+0000] {logging_mixin.py:188} INFO - [2026-05-19T07:59:09.644+0000] {dagbag.py:545} INFO - Filling up the DagBag from /home/airflow/.local/lib/python3.12/site-packages/airflow/example_dags/example_display_name.py
[2026-05-19T07:59:09.689+0000] {processor.py:840} INFO - DAG(s) 'example_display_name' retrieved from /home/airflow/.local/lib/python3.12/site-packages/airflow/example_dags/example_display_name.py
[2026-05-19T07:59:09.764+0000] {logging_mixin.py:188} INFO - [2026-05-19T07:59:09.763+0000] {dag.py:3089} INFO - Sync 1 DAGs
[2026-05-19T07:59:09.813+0000] {logging_mixin.py:188} INFO - [2026-05-19T07:59:09.813+0000] {dag.py:3947} INFO - Setting next_dagrun for example_display_name to None, run_after=None
[2026-05-19T07:59:09.874+0000] {processor.py:183} INFO - Processing /home/airflow/.local/lib/python3.12/site-packages/airflow/example_dags/example_display_name.py took 0.257 seconds
[2026-05-19T07:59:40.383+0000] {processor.py:161} INFO - Started process (PID=185) to work on /home/airflow/.local/lib/python3.12/site-packages/airflow/example_dags/example_display_name.py
[2026-05-19T07:59:40.387+0000] {processor.py:830} INFO - Processing file /home/airflow/.local/lib/python3.12/site-packages/airflow/example_dags/example_display_name.py for tasks to queue
[2026-05-19T07:59:40.392+0000] {logging_mixin.py:188} INFO - [2026-05-19T07:59:40.391+0000] {dagbag.py:545} INFO - Filling up the DagBag from /home/airflow/.local/lib/python3.12/site-packages/airflow/example_dags/example_display_name.py
[2026-05-19T07:59:40.409+0000] {processor.py:840} INFO - DAG(s) 'example_display_name' retrieved from /home/airflow/.local/lib/python3.12/site-packages/airflow/example_dags/example_display_name.py
[2026-05-19T07:59:40.461+0000] {logging_mixin.py:188} INFO - [2026-05-19T07:59:40.461+0000] {dag.py:3089} INFO - Sync 1 DAGs
[2026-05-19T07:59:40.488+0000] {logging_mixin.py:188} INFO - [2026-05-19T07:59:40.488+0000] {dag.py:3947} INFO - Setting next_dagrun for example_display_name to None, run_after=None
[2026-05-19T07:59:40.549+0000] {processor.py:183} INFO - Processing /home/airflow/.local/lib/python3.12/site-packages/airflow/example_dags/example_display_name.py took 0.179 seconds
[2026-05-19T08:00:10.613+0000] {processor.py:161} INFO - Started process (PID=242) to work on /home/airflow/.local/lib/python3.12/site-packages/airflow/example_dags/example_display_name.py
[2026-05-19T08:00:10.615+0000] {processor.py:830} INFO - Processing file /home/airflow/.local/lib/python3.12/site-packages/airflow/example_dags/example_display_name.py for tasks to queue
[2026-05-19T08:00:10.618+0000] {logging_mixin.py:188} INFO - [2026-05-19T08:00:10.617+0000] {dagbag.py:545} INFO - Filling up the DagBag from /home/airflow/.local/lib/python3.12/site-packages/airflow/example_dags/example_display_name.py
[2026-05-19T08:00:10.626+0000] {processor.py:840} INFO - DAG(s) 'example_display_name' retrieved from /home/airflow/.local/lib/python3.12/site-packages/airflow/example_dags/example_display_name.py
[2026-05-19T08:00:10.655+0000] {logging_mixin.py:188} INFO - [2026-05-19T08:00:10.655+0000] {dag.py:3089} INFO - Sync 1 DAGs
[2026-05-19T08:00:10.674+0000] {logging_mixin.py:188} INFO - [2026-05-19T08:00:10.674+0000] {dag.py:3947} INFO - Setting next_dagrun for example_display_name to None, run_after=None
[2026-05-19T08:00:10.705+0000] {processor.py:183} INFO - Processing /home/airflow/.local/lib/python3.12/site-packages/airflow/example_dags/example_display_name.py took 0.100 seconds
[2026-05-19T08:00:41.430+0000] {processor.py:161} INFO - Started process (PID=300) to work on /home/airflow/.local/lib/python3.12/site-packages/airflow/example_dags/example_display_name.py
[2026-05-19T08:00:41.433+0000] {processor.py:830} INFO - Processing file /home/airflow/.local/lib/python3.12/site-packages/airflow/example_dags/example_display_name.py for tasks to queue
[2026-05-19T08:00:41.439+0000] {logging_mixin.py:188} INFO - [2026-05-19T08:00:41.438+0000] {dagbag.py:545} INFO - Filling up the DagBag from /home/airflow/.local/lib/python3.12/site-packages/airflow/example_dags/example_display_name.py
[2026-05-19T08:00:41.453+0000] {processor.py:840} INFO - DAG(s) 'example_display_name' retrieved from /home/airflow/.local/lib/python3.12/site-packages/airflow/example_dags/example_display_name.py
[2026-05-19T08:00:41.506+0000] {logging_mixin.py:188} INFO - [2026-05-19T08:00:41.505+0000] {dag.py:3089} INFO - Sync 1 DAGs
[2026-05-19T08:00:41.535+0000] {logging_mixin.py:188} INFO - [2026-05-19T08:00:41.534+0000] {dag.py:3947} INFO - Setting next_dagrun for example_display_name to None, run_after=None
[2026-05-19T08:00:41.566+0000] {processor.py:183} INFO - Processing /home/airflow/.local/lib/python3.12/site-packages/airflow/example_dags/example_display_name.py took 0.152 seconds
[2026-05-19T08:01:12.243+0000] {processor.py:161} INFO - Started process (PID=358) to work on /home/airflow/.local/lib/python3.12/site-packages/airflow/example_dags/example_display_name.py
[2026-05-19T08:01:12.246+0000] {processor.py:830} INFO - Processing file /home/airflow/.local/lib/python3.12/site-packages/airflow/example_dags/example_display_name.py for tasks to queue
[2026-05-19T08:01:12.251+0000] {logging_mixin.py:188} INFO - [2026-05-19T08:01:12.251+0000] {dagbag.py:545} INFO - Filling up the DagBag from /home/airflow/.local/lib/python3.12/site-packages/airflow/example_dags/example_display_name.py
[2026-05-19T08:01:12.266+0000] {processor.py:840} INFO - DAG(s) 'example_display_name' retrieved from /home/airflow/.local/lib/python3.12/site-packages/airflow/example_dags/example_display_name.py
[2026-05-19T08:01:12.301+0000] {logging_mixin.py:188} INFO - [2026-05-19T08:01:12.300+0000] {dag.py:3089} INFO - Sync 1 DAGs
[2026-05-19T08:01:12.322+0000] {logging_mixin.py:188} INFO - [2026-05-19T08:01:12.322+0000] {dag.py:3947} INFO - Setting next_dagrun for example_display_name to None, run_after=None
[2026-05-19T08:01:12.367+0000] {processor.py:183} INFO - Processing /home/airflow/.local/lib/python3.12/site-packages/airflow/example_dags/example_display_name.py took 0.136 seconds
[2026-05-19T08:01:42.578+0000] {processor.py:161} INFO - Started process (PID=416) to work on /home/airflow/.local/lib/python3.12/site-packages/airflow/example_dags/example_display_name.py
[2026-05-19T08:01:42.581+0000] {processor.py:830} INFO - Processing file /home/airflow/.local/lib/python3.12/site-packages/airflow/example_dags/example_display_name.py for tasks to queue
[2026-05-19T08:01:42.585+0000] {logging_mixin.py:188} INFO - [2026-05-19T08:01:42.584+0000] {dagbag.py:545} INFO - Filling up the DagBag from /home/airflow/.local/lib/python3.12/site-packages/airflow/example_dags/example_display_name.py
[2026-05-19T08:01:42.596+0000] {processor.py:840} INFO - DAG(s) 'example_display_name' retrieved from /home/airflow/.local/lib/python3.12/site-packages/airflow/example_dags/example_display_name.py
[2026-05-19T08:01:42.627+0000] {logging_mixin.py:188} INFO - [2026-05-19T08:01:42.627+0000] {dag.py:3089} INFO - Sync 1 DAGs
[2026-05-19T08:01:42.647+0000] {logging_mixin.py:188} INFO - [2026-05-19T08:01:42.646+0000] {dag.py:3947} INFO - Setting next_dagrun for example_display_name to None, run_after=None
[2026-05-19T08:01:42.679+0000] {processor.py:183} INFO - Processing /home/airflow/.local/lib/python3.12/site-packages/airflow/example_dags/example_display_name.py took 0.113 seconds
[2026-05-19T08:02:13.604+0000] {processor.py:161} INFO - Started process (PID=474) to work on /home/airflow/.local/lib/python3.12/site-packages/airflow/example_dags/example_display_name.py
[2026-05-19T08:02:13.606+0000] {processor.py:830} INFO - Processing file /home/airflow/.local/lib/python3.12/site-packages/airflow/example_dags/example_display_name.py for tasks to queue
[2026-05-19T08:02:13.610+0000] {logging_mixin.py:188} INFO - [2026-05-19T08:02:13.610+0000] {dagbag.py:545} INFO - Filling up the DagBag from /home/airflow/.local/lib/python3.12/site-packages/airflow/example_dags/example_display_name.py
[2026-05-19T08:02:13.622+0000] {processor.py:840} INFO - DAG(s) 'example_display_name' retrieved from /home/airflow/.local/lib/python3.12/site-packages/airflow/example_dags/example_display_name.py
[2026-05-19T08:02:13.657+0000] {logging_mixin.py:188} INFO - [2026-05-19T08:02:13.656+0000] {dag.py:3089} INFO - Sync 1 DAGs
[2026-05-19T08:02:13.679+0000] {logging_mixin.py:188} INFO - [2026-05-19T08:02:13.679+0000] {dag.py:3947} INFO - Setting next_dagrun for example_display_name to None, run_after=None
[2026-05-19T08:02:13.725+0000] {processor.py:183} INFO - Processing /home/airflow/.local/lib/python3.12/site-packages/airflow/example_dags/example_display_name.py took 0.133 seconds
[2026-05-19T08:02:44.040+0000] {processor.py:161} INFO - Started process (PID=532) to work on /home/airflow/.local/lib/python3.12/site-packages/airflow/example_dags/example_display_name.py
[2026-05-19T08:02:44.042+0000] {processor.py:830} INFO - Processing file /home/airflow/.local/lib/python3.12/site-packages/airflow/example_dags/example_display_name.py for tasks to queue
[2026-05-19T08:02:44.046+0000] {logging_mixin.py:188} INFO - [2026-05-19T08:02:44.045+0000] {dagbag.py:545} INFO - Filling up the DagBag from /home/airflow/.local/lib/python3.12/site-packages/airflow/example_dags/example_display_name.py
[2026-05-19T08:02:44.055+0000] {processor.py:840} INFO - DAG(s) 'example_display_name' retrieved from /home/airflow/.local/lib/python3.12/site-packages/airflow/example_dags/example_display_name.py
[2026-05-19T08:02:44.089+0000] {logging_mixin.py:188} INFO - [2026-05-19T08:02:44.088+0000] {dag.py:3089} INFO - Sync 1 DAGs
[2026-05-19T08:02:44.110+0000] {logging_mixin.py:188} INFO - [2026-05-19T08:02:44.110+0000] {dag.py:3947} INFO - Setting next_dagrun for example_display_name to None, run_after=None
[2026-05-19T08:02:44.140+0000] {processor.py:183} INFO - Processing /home/airflow/.local/lib/python3.12/site-packages/airflow/example_dags/example_display_name.py took 0.112 seconds
[2026-05-19T08:03:14.497+0000] {processor.py:161} INFO - Started process (PID=590) to work on /home/airflow/.local/lib/python3.12/site-packages/airflow/example_dags/example_display_name.py
[2026-05-19T08:03:14.501+0000] {processor.py:830} INFO - Processing file /home/airflow/.local/lib/python3.12/site-packages/airflow/example_dags/example_display_name.py for tasks to queue
[2026-05-19T08:03:14.504+0000] {logging_mixin.py:188} INFO - [2026-05-19T08:03:14.503+0000] {dagbag.py:545} INFO - Filling up the DagBag from /home/airflow/.local/lib/python3.12/site-packages/airflow/example_dags/example_display_name.py
[2026-05-19T08:03:14.515+0000] {processor.py:840} INFO - DAG(s) 'example_display_name' retrieved from /home/airflow/.local/lib/python3.12/site-packages/airflow/example_dags/example_display_name.py
[2026-05-19T08:03:14.547+0000] {logging_mixin.py:188} INFO - [2026-05-19T08:03:14.547+0000] {dag.py:3089} INFO - Sync 1 DAGs
[2026-05-19T08:03:14.569+0000] {logging_mixin.py:188} INFO - [2026-05-19T08:03:14.568+0000] {dag.py:3947} INFO - Setting next_dagrun for example_display_name to None, run_after=None
[2026-05-19T08:03:14.602+0000] {processor.py:183} INFO - Processing /home/airflow/.local/lib/python3.12/site-packages/airflow/example_dags/example_display_name.py took 0.116 seconds
[2026-05-19T08:03:45.799+0000] {processor.py:161} INFO - Started process (PID=655) to work on /home/airflow/.local/lib/python3.12/site-packages/airflow/example_dags/example_display_name.py
[2026-05-19T08:03:45.801+0000] {processor.py:830} INFO - Processing file /home/airflow/.local/lib/python3.12/site-packages/airflow/example_dags/example_display_name.py for tasks to queue
[2026-05-19T08:03:45.805+0000] {logging_mixin.py:188} INFO - [2026-05-19T08:03:45.804+0000] {dagbag.py:545} INFO - Filling up the DagBag from /home/airflow/.local/lib/python3.12/site-packages/airflow/example_dags/example_display_name.py
[2026-05-19T08:03:45.815+0000] {processor.py:840} INFO - DAG(s) 'example_display_name' retrieved from /home/airflow/.local/lib/python3.12/site-packages/airflow/example_dags/example_display_name.py
[2026-05-19T08:03:45.843+0000] {logging_mixin.py:188} INFO - [2026-05-19T08:03:45.843+0000] {dag.py:3089} INFO - Sync 1 DAGs
[2026-05-19T08:03:45.866+0000] {logging_mixin.py:188} INFO - [2026-05-19T08:03:45.866+0000] {dag.py:3947} INFO - Setting next_dagrun for example_display_name to None, run_after=None
[2026-05-19T08:03:45.894+0000] {processor.py:183} INFO - Processing /home/airflow/.local/lib/python3.12/site-packages/airflow/example_dags/example_display_name.py took 0.103 seconds
[2026-05-19T08:04:19.563+0000] {processor.py:161} INFO - Started process (PID=713) to work on /home/airflow/.local/lib/python3.12/site-packages/airflow/example_dags/example_display_name.py
[2026-05-19T08:04:19.589+0000] {processor.py:830} INFO - Processing file /home/airflow/.local/lib/python3.12/site-packages/airflow/example_dags/example_display_name.py for tasks to queue
[2026-05-19T08:04:19.607+0000] {logging_mixin.py:188} INFO - [2026-05-19T08:04:19.605+0000] {dagbag.py:545} INFO - Filling up the DagBag from /home/airflow/.local/lib/python3.12/site-packages/airflow/example_dags/example_display_name.py
[2026-05-19T08:04:19.652+0000] {processor.py:840} INFO - DAG(s) 'example_display_name' retrieved from /home/airflow/.local/lib/python3.12/site-packages/airflow/example_dags/example_display_name.py
[2026-05-19T08:04:19.778+0000] {logging_mixin.py:188} INFO - [2026-05-19T08:04:19.777+0000] {dag.py:3089} INFO - Sync 1 DAGs
[2026-05-19T08:04:19.843+0000] {logging_mixin.py:188} INFO - [2026-05-19T08:04:19.841+0000] {dag.py:3947} INFO - Setting next_dagrun for example_display_name to None, run_after=None
[2026-05-19T08:04:19.952+0000] {processor.py:183} INFO - Processing /home/airflow/.local/lib/python3.12/site-packages/airflow/example_dags/example_display_name.py took 0.445 seconds
[2026-05-19T08:04:50.988+0000] {processor.py:161} INFO - Started process (PID=771) to work on /home/airflow/.local/lib/python3.12/site-packages/airflow/example_dags/example_display_name.py
[2026-05-19T08:04:51.003+0000] {processor.py:830} INFO - Processing file /home/airflow/.local/lib/python3.12/site-packages/airflow/example_dags/example_display_name.py for tasks to queue
[2026-05-19T08:04:51.011+0000] {logging_mixin.py:188} INFO - [2026-05-19T08:04:51.010+0000] {dagbag.py:545} INFO - Filling up the DagBag from /home/airflow/.local/lib/python3.12/site-packages/airflow/example_dags/example_display_name.py
[2026-05-19T08:04:51.032+0000] {processor.py:840} INFO - DAG(s) 'example_display_name' retrieved from /home/airflow/.local/lib/python3.12/site-packages/airflow/example_dags/example_display_name.py
[2026-05-19T08:04:51.145+0000] {logging_mixin.py:188} INFO - [2026-05-19T08:04:51.143+0000] {dag.py:3089} INFO - Sync 1 DAGs
[2026-05-19T08:04:51.213+0000] {logging_mixin.py:188} INFO - [2026-05-19T08:04:51.212+0000] {dag.py:3947} INFO - Setting next_dagrun for example_display_name to None, run_after=None
[2026-05-19T08:04:51.390+0000] {processor.py:183} INFO - Processing /home/airflow/.local/lib/python3.12/site-packages/airflow/example_dags/example_display_name.py took 0.427 seconds
[2026-05-19T08:05:21.848+0000] {processor.py:161} INFO - Started process (PID=828) to work on /home/airflow/.local/lib/python3.12/site-packages/airflow/example_dags/example_display_name.py
[2026-05-19T08:05:21.850+0000] {processor.py:830} INFO - Processing file /home/airflow/.local/lib/python3.12/site-packages/airflow/example_dags/example_display_name.py for tasks to queue
[2026-05-19T08:05:21.853+0000] {logging_mixin.py:188} INFO - [2026-05-19T08:05:21.853+0000] {dagbag.py:545} INFO - Filling up the DagBag from /home/airflow/.local/lib/python3.12/site-packages/airflow/example_dags/example_display_name.py
[2026-05-19T08:05:21.862+0000] {processor.py:840} INFO - DAG(s) 'example_display_name' retrieved from /home/airflow/.local/lib/python3.12/site-packages/airflow/example_dags/example_display_name.py
[2026-05-19T08:05:21.895+0000] {logging_mixin.py:188} INFO - [2026-05-19T08:05:21.894+0000] {dag.py:3089} INFO - Sync 1 DAGs
[2026-05-19T08:05:21.915+0000] {logging_mixin.py:188} INFO - [2026-05-19T08:05:21.914+0000] {dag.py:3947} INFO - Setting next_dagrun for example_display_name to None, run_after=None
[2026-05-19T08:05:21.947+0000] {processor.py:183} INFO - Processing /home/airflow/.local/lib/python3.12/site-packages/airflow/example_dags/example_display_name.py took 0.107 seconds
[2026-05-19T08:05:52.069+0000] {processor.py:161} INFO - Started process (PID=886) to work on /home/airflow/.local/lib/python3.12/site-packages/airflow/example_dags/example_display_name.py
[2026-05-19T08:05:52.074+0000] {processor.py:830} INFO - Processing file /home/airflow/.local/lib/python3.12/site-packages/airflow/example_dags/example_display_name.py for tasks to queue
[2026-05-19T08:05:52.080+0000] {logging_mixin.py:188} INFO - [2026-05-19T08:05:52.079+0000] {dagbag.py:545} INFO - Filling up the DagBag from /home/airflow/.local/lib/python3.12/site-packages/airflow/example_dags/example_display_name.py
[2026-05-19T08:05:52.097+0000] {processor.py:840} INFO - DAG(s) 'example_display_name' retrieved from /home/airflow/.local/lib/python3.12/site-packages/airflow/example_dags/example_display_name.py
[2026-05-19T08:05:52.153+0000] {logging_mixin.py:188} INFO - [2026-05-19T08:05:52.152+0000] {dag.py:3089} INFO - Sync 1 DAGs
[2026-05-19T08:05:52.177+0000] {logging_mixin.py:188} INFO - [2026-05-19T08:05:52.177+0000] {dag.py:3947} INFO - Setting next_dagrun for example_display_name to None, run_after=None
[2026-05-19T08:05:52.214+0000] {processor.py:183} INFO - Processing /home/airflow/.local/lib/python3.12/site-packages/airflow/example_dags/example_display_name.py took 0.161 seconds
[2026-05-19T08:06:23.027+0000] {processor.py:161} INFO - Started process (PID=944) to work on /home/airflow/.local/lib/python3.12/site-packages/airflow/example_dags/example_display_name.py
[2026-05-19T08:06:23.029+0000] {processor.py:830} INFO - Processing file /home/airflow/.local/lib/python3.12/site-packages/airflow/example_dags/example_display_name.py for tasks to queue
[2026-05-19T08:06:23.035+0000] {logging_mixin.py:188} INFO - [2026-05-19T08:06:23.034+0000] {dagbag.py:545} INFO - Filling up the DagBag from /home/airflow/.local/lib/python3.12/site-packages/airflow/example_dags/example_display_name.py
[2026-05-19T08:06:23.050+0000] {processor.py:840} INFO - DAG(s) 'example_display_name' retrieved from /home/airflow/.local/lib/python3.12/site-packages/airflow/example_dags/example_display_name.py
[2026-05-19T08:06:23.085+0000] {logging_mixin.py:188} INFO - [2026-05-19T08:06:23.084+0000] {dag.py:3089} INFO - Sync 1 DAGs
[2026-05-19T08:06:23.111+0000] {logging_mixin.py:188} INFO - [2026-05-19T08:06:23.110+0000] {dag.py:3947} INFO - Setting next_dagrun for example_display_name to None, run_after=None
[2026-05-19T08:06:23.151+0000] {processor.py:183} INFO - Processing /home/airflow/.local/lib/python3.12/site-packages/airflow/example_dags/example_display_name.py took 0.134 seconds
[2026-05-19T08:06:53.352+0000] {processor.py:161} INFO - Started process (PID=1002) to work on /home/airflow/.local/lib/python3.12/site-packages/airflow/example_dags/example_display_name.py
[2026-05-19T08:06:53.354+0000] {processor.py:830} INFO - Processing file /home/airflow/.local/lib/python3.12/site-packages/airflow/example_dags/example_display_name.py for tasks to queue
[2026-05-19T08:06:53.357+0000] {logging_mixin.py:188} INFO - [2026-05-19T08:06:53.356+0000] {dagbag.py:545} INFO - Filling up the DagBag from /home/airflow/.local/lib/python3.12/site-packages/airflow/example_dags/example_display_name.py
[2026-05-19T08:06:53.364+0000] {processor.py:840} INFO - DAG(s) 'example_display_name' retrieved from /home/airflow/.local/lib/python3.12/site-packages/airflow/example_dags/example_display_name.py
[2026-05-19T08:06:53.394+0000] {logging_mixin.py:188} INFO - [2026-05-19T08:06:53.394+0000] {dag.py:3089} INFO - Sync 1 DAGs
[2026-05-19T08:06:53.414+0000] {logging_mixin.py:188} INFO - [2026-05-19T08:06:53.413+0000] {dag.py:3947} INFO - Setting next_dagrun for example_display_name to None, run_after=None
[2026-05-19T08:06:53.441+0000] {processor.py:183} INFO - Processing /home/airflow/.local/lib/python3.12/site-packages/airflow/example_dags/example_display_name.py took 0.097 seconds
[2026-05-19T08:07:23.523+0000] {processor.py:161} INFO - Started process (PID=1059) to work on /home/airflow/.local/lib/python3.12/site-packages/airflow/example_dags/example_display_name.py
[2026-05-19T08:07:23.525+0000] {processor.py:830} INFO - Processing file /home/airflow/.local/lib/python3.12/site-packages/airflow/example_dags/example_display_name.py for tasks to queue
[2026-05-19T08:07:23.528+0000] {logging_mixin.py:188} INFO - [2026-05-19T08:07:23.528+0000] {dagbag.py:545} INFO - Filling up the DagBag from /home/airflow/.local/lib/python3.12/site-packages/airflow/example_dags/example_display_name.py
[2026-05-19T08:07:23.541+0000] {processor.py:840} INFO - DAG(s) 'example_display_name' retrieved from /home/airflow/.local/lib/python3.12/site-packages/airflow/example_dags/example_display_name.py
[2026-05-19T08:07:23.590+0000] {logging_mixin.py:188} INFO - [2026-05-19T08:07:23.589+0000] {dag.py:3089} INFO - Sync 1 DAGs
[2026-05-19T08:07:23.625+0000] {logging_mixin.py:188} INFO - [2026-05-19T08:07:23.624+0000] {dag.py:3947} INFO - Setting next_dagrun for example_display_name to None, run_after=None
[2026-05-19T08:07:23.663+0000] {processor.py:183} INFO - Processing /home/airflow/.local/lib/python3.12/site-packages/airflow/example_dags/example_display_name.py took 0.154 seconds
[2026-05-19T08:07:54.833+0000] {processor.py:161} INFO - Started process (PID=1118) to work on /home/airflow/.local/lib/python3.12/site-packages/airflow/example_dags/example_display_name.py
[2026-05-19T08:07:54.835+0000] {processor.py:830} INFO - Processing file /home/airflow/.local/lib/python3.12/site-packages/airflow/example_dags/example_display_name.py for tasks to queue
[2026-05-19T08:07:54.840+0000] {logging_mixin.py:188} INFO - [2026-05-19T08:07:54.839+0000] {dagbag.py:545} INFO - Filling up the DagBag from /home/airflow/.local/lib/python3.12/site-packages/airflow/example_dags/example_display_name.py
[2026-05-19T08:07:54.852+0000] {processor.py:840} INFO - DAG(s) 'example_display_name' retrieved from /home/airflow/.local/lib/python3.12/site-packages/airflow/example_dags/example_display_name.py
[2026-05-19T08:07:54.899+0000] {logging_mixin.py:188} INFO - [2026-05-19T08:07:54.899+0000] {dag.py:3089} INFO - Sync 1 DAGs
[2026-05-19T08:07:54.933+0000] {logging_mixin.py:188} INFO - [2026-05-19T08:07:54.932+0000] {dag.py:3947} INFO - Setting next_dagrun for example_display_name to None, run_after=None
[2026-05-19T08:07:54.978+0000] {processor.py:183} INFO - Processing /home/airflow/.local/lib/python3.12/site-packages/airflow/example_dags/example_display_name.py took 0.156 seconds
[2026-05-19T08:08:25.942+0000] {processor.py:161} INFO - Started process (PID=1175) to work on /home/airflow/.local/lib/python3.12/site-packages/airflow/example_dags/example_display_name.py
[2026-05-19T08:08:25.945+0000] {processor.py:830} INFO - Processing file /home/airflow/.local/lib/python3.12/site-packages/airflow/example_dags/example_display_name.py for tasks to queue
[2026-05-19T08:08:25.953+0000] {logging_mixin.py:188} INFO - [2026-05-19T08:08:25.952+0000] {dagbag.py:545} INFO - Filling up the DagBag from /home/airflow/.local/lib/python3.12/site-packages/airflow/example_dags/example_display_name.py
[2026-05-19T08:08:25.978+0000] {processor.py:840} INFO - DAG(s) 'example_display_name' retrieved from /home/airflow/.local/lib/python3.12/site-packages/airflow/example_dags/example_display_name.py
[2026-05-19T08:08:26.036+0000] {logging_mixin.py:188} INFO - [2026-05-19T08:08:26.035+0000] {dag.py:3089} INFO - Sync 1 DAGs
[2026-05-19T08:08:26.091+0000] {logging_mixin.py:188} INFO - [2026-05-19T08:08:26.090+0000] {dag.py:3947} INFO - Setting next_dagrun for example_display_name to None, run_after=None
[2026-05-19T08:08:26.223+0000] {processor.py:183} INFO - Processing /home/airflow/.local/lib/python3.12/site-packages/airflow/example_dags/example_display_name.py took 0.302 seconds
[2026-05-19T08:08:56.789+0000] {processor.py:161} INFO - Started process (PID=1233) to work on /home/airflow/.local/lib/python3.12/site-packages/airflow/example_dags/example_display_name.py
[2026-05-19T08:08:56.792+0000] {processor.py:830} INFO - Processing file /home/airflow/.local/lib/python3.12/site-packages/airflow/example_dags/example_display_name.py for tasks to queue
[2026-05-19T08:08:56.797+0000] {logging_mixin.py:188} INFO - [2026-05-19T08:08:56.796+0000] {dagbag.py:545} INFO - Filling up the DagBag from /home/airflow/.local/lib/python3.12/site-packages/airflow/example_dags/example_display_name.py
[2026-05-19T08:08:56.809+0000] {processor.py:840} INFO - DAG(s) 'example_display_name' retrieved from /home/airflow/.local/lib/python3.12/site-packages/airflow/example_dags/example_display_name.py
[2026-05-19T08:08:56.854+0000] {logging_mixin.py:188} INFO - [2026-05-19T08:08:56.853+0000] {dag.py:3089} INFO - Sync 1 DAGs
[2026-05-19T08:08:56.882+0000] {logging_mixin.py:188} INFO - [2026-05-19T08:08:56.881+0000] {dag.py:3947} INFO - Setting next_dagrun for example_display_name to None, run_after=None
[2026-05-19T08:08:56.928+0000] {processor.py:183} INFO - Processing /home/airflow/.local/lib/python3.12/site-packages/airflow/example_dags/example_display_name.py took 0.151 seconds
[2026-05-19T08:09:27.264+0000] {processor.py:161} INFO - Started process (PID=1292) to work on /home/airflow/.local/lib/python3.12/site-packages/airflow/example_dags/example_display_name.py
[2026-05-19T08:09:27.268+0000] {processor.py:830} INFO - Processing file /home/airflow/.local/lib/python3.12/site-packages/airflow/example_dags/example_display_name.py for tasks to queue
[2026-05-19T08:09:27.272+0000] {logging_mixin.py:188} INFO - [2026-05-19T08:09:27.272+0000] {dagbag.py:545} INFO - Filling up the DagBag from /home/airflow/.local/lib/python3.12/site-packages/airflow/example_dags/example_display_name.py
[2026-05-19T08:09:27.293+0000] {processor.py:840} INFO - DAG(s) 'example_display_name' retrieved from /home/airflow/.local/lib/python3.12/site-packages/airflow/example_dags/example_display_name.py
[2026-05-19T08:09:27.351+0000] {logging_mixin.py:188} INFO - [2026-05-19T08:09:27.350+0000] {dag.py:3089} INFO - Sync 1 DAGs
[2026-05-19T08:09:27.387+0000] {logging_mixin.py:188} INFO - [2026-05-19T08:09:27.387+0000] {dag.py:3947} INFO - Setting next_dagrun for example_display_name to None, run_after=None
[2026-05-19T08:09:27.444+0000] {processor.py:183} INFO - Processing /home/airflow/.local/lib/python3.12/site-packages/airflow/example_dags/example_display_name.py took 0.200 seconds
[2026-05-19T08:09:58.109+0000] {processor.py:161} INFO - Started process (PID=1350) to work on /home/airflow/.local/lib/python3.12/site-packages/airflow/example_dags/example_display_name.py
[2026-05-19T08:09:58.111+0000] {processor.py:830} INFO - Processing file /home/airflow/.local/lib/python3.12/site-packages/airflow/example_dags/example_display_name.py for tasks to queue
[2026-05-19T08:09:58.115+0000] {logging_mixin.py:188} INFO - [2026-05-19T08:09:58.115+0000] {dagbag.py:545} INFO - Filling up the DagBag from /home/airflow/.local/lib/python3.12/site-packages/airflow/example_dags/example_display_name.py
[2026-05-19T08:09:58.126+0000] {processor.py:840} INFO - DAG(s) 'example_display_name' retrieved from /home/airflow/.local/lib/python3.12/site-packages/airflow/example_dags/example_display_name.py
[2026-05-19T08:09:58.171+0000] {logging_mixin.py:188} INFO - [2026-05-19T08:09:58.171+0000] {dag.py:3089} INFO - Sync 1 DAGs
[2026-05-19T08:09:58.194+0000] {logging_mixin.py:188} INFO - [2026-05-19T08:09:58.194+0000] {dag.py:3947} INFO - Setting next_dagrun for example_display_name to None, run_after=None
[2026-05-19T08:09:58.234+0000] {processor.py:183} INFO - Processing /home/airflow/.local/lib/python3.12/site-packages/airflow/example_dags/example_display_name.py took 0.134 seconds
[2026-05-19T08:10:29.003+0000] {processor.py:161} INFO - Started process (PID=1408) to work on /home/airflow/.local/lib/python3.12/site-packages/airflow/example_dags/example_display_name.py
[2026-05-19T08:10:29.005+0000] {processor.py:830} INFO - Processing file /home/airflow/.local/lib/python3.12/site-packages/airflow/example_dags/example_display_name.py for tasks to queue
[2026-05-19T08:10:29.010+0000] {logging_mixin.py:188} INFO - [2026-05-19T08:10:29.009+0000] {dagbag.py:545} INFO - Filling up the DagBag from /home/airflow/.local/lib/python3.12/site-packages/airflow/example_dags/example_display_name.py
[2026-05-19T08:10:29.023+0000] {processor.py:840} INFO - DAG(s) 'example_display_name' retrieved from /home/airflow/.local/lib/python3.12/site-packages/airflow/example_dags/example_display_name.py
[2026-05-19T08:10:29.068+0000] {logging_mixin.py:188} INFO - [2026-05-19T08:10:29.068+0000] {dag.py:3089} INFO - Sync 1 DAGs
[2026-05-19T08:10:29.091+0000] {logging_mixin.py:188} INFO - [2026-05-19T08:10:29.090+0000] {dag.py:3947} INFO - Setting next_dagrun for example_display_name to None, run_after=None
[2026-05-19T08:10:29.126+0000] {processor.py:183} INFO - Processing /home/airflow/.local/lib/python3.12/site-packages/airflow/example_dags/example_display_name.py took 0.134 seconds
[2026-05-19T08:10:59.378+0000] {processor.py:161} INFO - Started process (PID=1465) to work on /home/airflow/.local/lib/python3.12/site-packages/airflow/example_dags/example_display_name.py
[2026-05-19T08:10:59.380+0000] {processor.py:830} INFO - Processing file /home/airflow/.local/lib/python3.12/site-packages/airflow/example_dags/example_display_name.py for tasks to queue
[2026-05-19T08:10:59.384+0000] {logging_mixin.py:188} INFO - [2026-05-19T08:10:59.383+0000] {dagbag.py:545} INFO - Filling up the DagBag from /home/airflow/.local/lib/python3.12/site-packages/airflow/example_dags/example_display_name.py
[2026-05-19T08:10:59.395+0000] {processor.py:840} INFO - DAG(s) 'example_display_name' retrieved from /home/airflow/.local/lib/python3.12/site-packages/airflow/example_dags/example_display_name.py
[2026-05-19T08:10:59.431+0000] {logging_mixin.py:188} INFO - [2026-05-19T08:10:59.431+0000] {dag.py:3089} INFO - Sync 1 DAGs
[2026-05-19T08:10:59.453+0000] {logging_mixin.py:188} INFO - [2026-05-19T08:10:59.452+0000] {dag.py:3947} INFO - Setting next_dagrun for example_display_name to None, run_after=None
[2026-05-19T08:10:59.483+0000] {processor.py:183} INFO - Processing /home/airflow/.local/lib/python3.12/site-packages/airflow/example_dags/example_display_name.py took 0.114 seconds
[2026-05-19T08:11:30.101+0000] {processor.py:161} INFO - Started process (PID=1524) to work on /home/airflow/.local/lib/python3.12/site-packages/airflow/example_dags/example_display_name.py
[2026-05-19T08:11:30.102+0000] {processor.py:830} INFO - Processing file /home/airflow/.local/lib/python3.12/site-packages/airflow/example_dags/example_display_name.py for tasks to queue
[2026-05-19T08:11:30.105+0000] {logging_mixin.py:188} INFO - [2026-05-19T08:11:30.105+0000] {dagbag.py:545} INFO - Filling up the DagBag from /home/airflow/.local/lib/python3.12/site-packages/airflow/example_dags/example_display_name.py
[2026-05-19T08:11:30.114+0000] {processor.py:840} INFO - DAG(s) 'example_display_name' retrieved from /home/airflow/.local/lib/python3.12/site-packages/airflow/example_dags/example_display_name.py
[2026-05-19T08:11:30.145+0000] {logging_mixin.py:188} INFO - [2026-05-19T08:11:30.145+0000] {dag.py:3089} INFO - Sync 1 DAGs
[2026-05-19T08:11:30.164+0000] {logging_mixin.py:188} INFO - [2026-05-19T08:11:30.163+0000] {dag.py:3947} INFO - Setting next_dagrun for example_display_name to None, run_after=None
[2026-05-19T08:11:30.190+0000] {processor.py:183} INFO - Processing /home/airflow/.local/lib/python3.12/site-packages/airflow/example_dags/example_display_name.py took 0.098 seconds
[2026-05-19T08:12:00.860+0000] {processor.py:161} INFO - Started process (PID=1582) to work on /home/airflow/.local/lib/python3.12/site-packages/airflow/example_dags/example_display_name.py
[2026-05-19T08:12:00.864+0000] {processor.py:830} INFO - Processing file /home/airflow/.local/lib/python3.12/site-packages/airflow/example_dags/example_display_name.py for tasks to queue
[2026-05-19T08:12:00.877+0000] {logging_mixin.py:188} INFO - [2026-05-19T08:12:00.876+0000] {dagbag.py:545} INFO - Filling up the DagBag from /home/airflow/.local/lib/python3.12/site-packages/airflow/example_dags/example_display_name.py
[2026-05-19T08:12:00.922+0000] {processor.py:840} INFO - DAG(s) 'example_display_name' retrieved from /home/airflow/.local/lib/python3.12/site-packages/airflow/example_dags/example_display_name.py
[2026-05-19T08:12:01.008+0000] {logging_mixin.py:188} INFO - [2026-05-19T08:12:01.008+0000] {dag.py:3089} INFO - Sync 1 DAGs
[2026-05-19T08:12:01.034+0000] {logging_mixin.py:188} INFO - [2026-05-19T08:12:01.033+0000] {dag.py:3947} INFO - Setting next_dagrun for example_display_name to None, run_after=None
[2026-05-19T08:12:01.071+0000] {processor.py:183} INFO - Processing /home/airflow/.local/lib/python3.12/site-packages/airflow/example_dags/example_display_name.py took 0.238 seconds
[2026-05-19T08:12:31.159+0000] {processor.py:161} INFO - Started process (PID=1639) to work on /home/airflow/.local/lib/python3.12/site-packages/airflow/example_dags/example_display_name.py
[2026-05-19T08:12:31.161+0000] {processor.py:830} INFO - Processing file /home/airflow/.local/lib/python3.12/site-packages/airflow/example_dags/example_display_name.py for tasks to queue
[2026-05-19T08:12:31.164+0000] {logging_mixin.py:188} INFO - [2026-05-19T08:12:31.164+0000] {dagbag.py:545} INFO - Filling up the DagBag from /home/airflow/.local/lib/python3.12/site-packages/airflow/example_dags/example_display_name.py
[2026-05-19T08:12:31.175+0000] {processor.py:840} INFO - DAG(s) 'example_display_name' retrieved from /home/airflow/.local/lib/python3.12/site-packages/airflow/example_dags/example_display_name.py
[2026-05-19T08:12:31.206+0000] {logging_mixin.py:188} INFO - [2026-05-19T08:12:31.205+0000] {dag.py:3089} INFO - Sync 1 DAGs
[2026-05-19T08:12:31.227+0000] {logging_mixin.py:188} INFO - [2026-05-19T08:12:31.226+0000] {dag.py:3947} INFO - Setting next_dagrun for example_display_name to None, run_after=None
[2026-05-19T08:12:31.449+0000] {processor.py:183} INFO - Processing /home/airflow/.local/lib/python3.12/site-packages/airflow/example_dags/example_display_name.py took 0.301 seconds
[2026-05-19T08:13:02.007+0000] {processor.py:161} INFO - Started process (PID=1696) to work on /home/airflow/.local/lib/python3.12/site-packages/airflow/example_dags/example_display_name.py
[2026-05-19T08:13:02.008+0000] {processor.py:830} INFO - Processing file /home/airflow/.local/lib/python3.12/site-packages/airflow/example_dags/example_display_name.py for tasks to queue
[2026-05-19T08:13:02.012+0000] {logging_mixin.py:188} INFO - [2026-05-19T08:13:02.011+0000] {dagbag.py:545} INFO - Filling up the DagBag from /home/airflow/.local/lib/python3.12/site-packages/airflow/example_dags/example_display_name.py
[2026-05-19T08:13:02.025+0000] {processor.py:840} INFO - DAG(s) 'example_display_name' retrieved from /home/airflow/.local/lib/python3.12/site-packages/airflow/example_dags/example_display_name.py
[2026-05-19T08:13:02.056+0000] {logging_mixin.py:188} INFO - [2026-05-19T08:13:02.056+0000] {dag.py:3089} INFO - Sync 1 DAGs
[2026-05-19T08:13:02.074+0000] {logging_mixin.py:188} INFO - [2026-05-19T08:13:02.073+0000] {dag.py:3947} INFO - Setting next_dagrun for example_display_name to None, run_after=None
[2026-05-19T08:13:02.103+0000] {processor.py:183} INFO - Processing /home/airflow/.local/lib/python3.12/site-packages/airflow/example_dags/example_display_name.py took 0.107 seconds
[2026-05-19T08:13:32.424+0000] {processor.py:161} INFO - Started process (PID=1754) to work on /home/airflow/.local/lib/python3.12/site-packages/airflow/example_dags/example_display_name.py
[2026-05-19T08:13:32.426+0000] {processor.py:830} INFO - Processing file /home/airflow/.local/lib/python3.12/site-packages/airflow/example_dags/example_display_name.py for tasks to queue
[2026-05-19T08:13:32.430+0000] {logging_mixin.py:188} INFO - [2026-05-19T08:13:32.429+0000] {dagbag.py:545} INFO - Filling up the DagBag from /home/airflow/.local/lib/python3.12/site-packages/airflow/example_dags/example_display_name.py
[2026-05-19T08:13:32.442+0000] {processor.py:840} INFO - DAG(s) 'example_display_name' retrieved from /home/airflow/.local/lib/python3.12/site-packages/airflow/example_dags/example_display_name.py
[2026-05-19T08:13:32.474+0000] {logging_mixin.py:188} INFO - [2026-05-19T08:13:32.474+0000] {dag.py:3089} INFO - Sync 1 DAGs
[2026-05-19T08:13:32.501+0000] {logging_mixin.py:188} INFO - [2026-05-19T08:13:32.501+0000] {dag.py:3947} INFO - Setting next_dagrun for example_display_name to None, run_after=None
[2026-05-19T08:13:32.530+0000] {processor.py:183} INFO - Processing /home/airflow/.local/lib/python3.12/site-packages/airflow/example_dags/example_display_name.py took 0.117 seconds
[2026-05-19T08:14:04.216+0000] {processor.py:161} INFO - Started process (PID=1811) to work on /home/airflow/.local/lib/python3.12/site-packages/airflow/example_dags/example_display_name.py
[2026-05-19T08:14:04.221+0000] {processor.py:830} INFO - Processing file /home/airflow/.local/lib/python3.12/site-packages/airflow/example_dags/example_display_name.py for tasks to queue
[2026-05-19T08:14:04.226+0000] {logging_mixin.py:188} INFO - [2026-05-19T08:14:04.225+0000] {dagbag.py:545} INFO - Filling up the DagBag from /home/airflow/.local/lib/python3.12/site-packages/airflow/example_dags/example_display_name.py
[2026-05-19T08:14:04.259+0000] {processor.py:840} INFO - DAG(s) 'example_display_name' retrieved from /home/airflow/.local/lib/python3.12/site-packages/airflow/example_dags/example_display_name.py
[2026-05-19T08:14:04.362+0000] {logging_mixin.py:188} INFO - [2026-05-19T08:14:04.361+0000] {dag.py:3089} INFO - Sync 1 DAGs
[2026-05-19T08:14:04.435+0000] {logging_mixin.py:188} INFO - [2026-05-19T08:14:04.434+0000] {dag.py:3947} INFO - Setting next_dagrun for example_display_name to None, run_after=None
[2026-05-19T08:14:04.541+0000] {processor.py:183} INFO - Processing /home/airflow/.local/lib/python3.12/site-packages/airflow/example_dags/example_display_name.py took 0.352 seconds
[2026-05-19T08:14:35.039+0000] {processor.py:161} INFO - Started process (PID=1869) to work on /home/airflow/.local/lib/python3.12/site-packages/airflow/example_dags/example_display_name.py
[2026-05-19T08:14:35.042+0000] {processor.py:830} INFO - Processing file /home/airflow/.local/lib/python3.12/site-packages/airflow/example_dags/example_display_name.py for tasks to queue
[2026-05-19T08:14:35.046+0000] {logging_mixin.py:188} INFO - [2026-05-19T08:14:35.046+0000] {dagbag.py:545} INFO - Filling up the DagBag from /home/airflow/.local/lib/python3.12/site-packages/airflow/example_dags/example_display_name.py
[2026-05-19T08:14:35.062+0000] {processor.py:840} INFO - DAG(s) 'example_display_name' retrieved from /home/airflow/.local/lib/python3.12/site-packages/airflow/example_dags/example_display_name.py
[2026-05-19T08:14:35.105+0000] {logging_mixin.py:188} INFO - [2026-05-19T08:14:35.105+0000] {dag.py:3089} INFO - Sync 1 DAGs
[2026-05-19T08:14:35.126+0000] {logging_mixin.py:188} INFO - [2026-05-19T08:14:35.126+0000] {dag.py:3947} INFO - Setting next_dagrun for example_display_name to None, run_after=None
[2026-05-19T08:14:35.164+0000] {processor.py:183} INFO - Processing /home/airflow/.local/lib/python3.12/site-packages/airflow/example_dags/example_display_name.py took 0.138 seconds
[2026-05-19T08:15:06.950+0000] {processor.py:161} INFO - Started process (PID=1924) to work on /home/airflow/.local/lib/python3.12/site-packages/airflow/example_dags/example_display_name.py
[2026-05-19T08:15:06.956+0000] {processor.py:830} INFO - Processing file /home/airflow/.local/lib/python3.12/site-packages/airflow/example_dags/example_display_name.py for tasks to queue
[2026-05-19T08:15:06.968+0000] {logging_mixin.py:188} INFO - [2026-05-19T08:15:06.967+0000] {dagbag.py:545} INFO - Filling up the DagBag from /home/airflow/.local/lib/python3.12/site-packages/airflow/example_dags/example_display_name.py
[2026-05-19T08:15:06.994+0000] {processor.py:840} INFO - DAG(s) 'example_display_name' retrieved from /home/airflow/.local/lib/python3.12/site-packages/airflow/example_dags/example_display_name.py
[2026-05-19T08:15:07.139+0000] {logging_mixin.py:188} INFO - [2026-05-19T08:15:07.139+0000] {dag.py:3089} INFO - Sync 1 DAGs
[2026-05-19T08:15:07.273+0000] {logging_mixin.py:188} INFO - [2026-05-19T08:15:07.272+0000] {dag.py:3947} INFO - Setting next_dagrun for example_display_name to None, run_after=None
[2026-05-19T08:15:07.450+0000] {processor.py:183} INFO - Processing /home/airflow/.local/lib/python3.12/site-packages/airflow/example_dags/example_display_name.py took 0.531 seconds
[2026-05-19T08:15:37.791+0000] {processor.py:161} INFO - Started process (PID=1981) to work on /home/airflow/.local/lib/python3.12/site-packages/airflow/example_dags/example_display_name.py
[2026-05-19T08:15:37.794+0000] {processor.py:830} INFO - Processing file /home/airflow/.local/lib/python3.12/site-packages/airflow/example_dags/example_display_name.py for tasks to queue
[2026-05-19T08:15:37.798+0000] {logging_mixin.py:188} INFO - [2026-05-19T08:15:37.797+0000] {dagbag.py:545} INFO - Filling up the DagBag from /home/airflow/.local/lib/python3.12/site-packages/airflow/example_dags/example_display_name.py
[2026-05-19T08:15:37.812+0000] {processor.py:840} INFO - DAG(s) 'example_display_name' retrieved from /home/airflow/.local/lib/python3.12/site-packages/airflow/example_dags/example_display_name.py
[2026-05-19T08:15:37.867+0000] {logging_mixin.py:188} INFO - [2026-05-19T08:15:37.867+0000] {dag.py:3089} INFO - Sync 1 DAGs
[2026-05-19T08:15:37.903+0000] {logging_mixin.py:188} INFO - [2026-05-19T08:15:37.902+0000] {dag.py:3947} INFO - Setting next_dagrun for example_display_name to None, run_after=None
[2026-05-19T08:15:37.961+0000] {processor.py:183} INFO - Processing /home/airflow/.local/lib/python3.12/site-packages/airflow/example_dags/example_display_name.py took 0.183 seconds
[2026-05-19T08:16:08.086+0000] {processor.py:161} INFO - Started process (PID=2039) to work on /home/airflow/.local/lib/python3.12/site-packages/airflow/example_dags/example_display_name.py
[2026-05-19T08:16:08.089+0000] {processor.py:830} INFO - Processing file /home/airflow/.local/lib/python3.12/site-packages/airflow/example_dags/example_display_name.py for tasks to queue
[2026-05-19T08:16:08.093+0000] {logging_mixin.py:188} INFO - [2026-05-19T08:16:08.092+0000] {dagbag.py:545} INFO - Filling up the DagBag from /home/airflow/.local/lib/python3.12/site-packages/airflow/example_dags/example_display_name.py
[2026-05-19T08:16:08.105+0000] {processor.py:840} INFO - DAG(s) 'example_display_name' retrieved from /home/airflow/.local/lib/python3.12/site-packages/airflow/example_dags/example_display_name.py
[2026-05-19T08:16:08.149+0000] {logging_mixin.py:188} INFO - [2026-05-19T08:16:08.148+0000] {dag.py:3089} INFO - Sync 1 DAGs
[2026-05-19T08:16:08.180+0000] {logging_mixin.py:188} INFO - [2026-05-19T08:16:08.180+0000] {dag.py:3947} INFO - Setting next_dagrun for example_display_name to None, run_after=None
[2026-05-19T08:16:08.229+0000] {processor.py:183} INFO - Processing /home/airflow/.local/lib/python3.12/site-packages/airflow/example_dags/example_display_name.py took 0.155 seconds
[2026-05-19T08:16:38.699+0000] {processor.py:161} INFO - Started process (PID=2097) to work on /home/airflow/.local/lib/python3.12/site-packages/airflow/example_dags/example_display_name.py
[2026-05-19T08:16:38.703+0000] {processor.py:830} INFO - Processing file /home/airflow/.local/lib/python3.12/site-packages/airflow/example_dags/example_display_name.py for tasks to queue
[2026-05-19T08:16:38.708+0000] {logging_mixin.py:188} INFO - [2026-05-19T08:16:38.707+0000] {dagbag.py:545} INFO - Filling up the DagBag from /home/airflow/.local/lib/python3.12/site-packages/airflow/example_dags/example_display_name.py
[2026-05-19T08:16:38.722+0000] {processor.py:840} INFO - DAG(s) 'example_display_name' retrieved from /home/airflow/.local/lib/python3.12/site-packages/airflow/example_dags/example_display_name.py
[2026-05-19T08:16:38.760+0000] {logging_mixin.py:188} INFO - [2026-05-19T08:16:38.759+0000] {dag.py:3089} INFO - Sync 1 DAGs
[2026-05-19T08:16:38.784+0000] {logging_mixin.py:188} INFO - [2026-05-19T08:16:38.783+0000] {dag.py:3947} INFO - Setting next_dagrun for example_display_name to None, run_after=None
[2026-05-19T08:16:38.834+0000] {processor.py:183} INFO - Processing /home/airflow/.local/lib/python3.12/site-packages/airflow/example_dags/example_display_name.py took 0.167 seconds
[2026-05-19T08:17:09.307+0000] {processor.py:161} INFO - Started process (PID=2154) to work on /home/airflow/.local/lib/python3.12/site-packages/airflow/example_dags/example_display_name.py
[2026-05-19T08:17:09.308+0000] {processor.py:830} INFO - Processing file /home/airflow/.local/lib/python3.12/site-packages/airflow/example_dags/example_display_name.py for tasks to queue
[2026-05-19T08:17:09.316+0000] {logging_mixin.py:188} INFO - [2026-05-19T08:17:09.316+0000] {dagbag.py:545} INFO - Filling up the DagBag from /home/airflow/.local/lib/python3.12/site-packages/airflow/example_dags/example_display_name.py
[2026-05-19T08:17:09.330+0000] {processor.py:840} INFO - DAG(s) 'example_display_name' retrieved from /home/airflow/.local/lib/python3.12/site-packages/airflow/example_dags/example_display_name.py
[2026-05-19T08:17:09.374+0000] {logging_mixin.py:188} INFO - [2026-05-19T08:17:09.374+0000] {dag.py:3089} INFO - Sync 1 DAGs
[2026-05-19T08:17:09.414+0000] {logging_mixin.py:188} INFO - [2026-05-19T08:17:09.413+0000] {dag.py:3947} INFO - Setting next_dagrun for example_display_name to None, run_after=None
[2026-05-19T08:17:09.472+0000] {processor.py:183} INFO - Processing /home/airflow/.local/lib/python3.12/site-packages/airflow/example_dags/example_display_name.py took 0.180 seconds
[2026-05-19T08:17:39.878+0000] {processor.py:161} INFO - Started process (PID=2212) to work on /home/airflow/.local/lib/python3.12/site-packages/airflow/example_dags/example_display_name.py
[2026-05-19T08:17:39.881+0000] {processor.py:830} INFO - Processing file /home/airflow/.local/lib/python3.12/site-packages/airflow/example_dags/example_display_name.py for tasks to queue
[2026-05-19T08:17:39.887+0000] {logging_mixin.py:188} INFO - [2026-05-19T08:17:39.886+0000] {dagbag.py:545} INFO - Filling up the DagBag from /home/airflow/.local/lib/python3.12/site-packages/airflow/example_dags/example_display_name.py
[2026-05-19T08:17:39.906+0000] {processor.py:840} INFO - DAG(s) 'example_display_name' retrieved from /home/airflow/.local/lib/python3.12/site-packages/airflow/example_dags/example_display_name.py
[2026-05-19T08:17:39.958+0000] {logging_mixin.py:188} INFO - [2026-05-19T08:17:39.957+0000] {dag.py:3089} INFO - Sync 1 DAGs
[2026-05-19T08:17:39.983+0000] {logging_mixin.py:188} INFO - [2026-05-19T08:17:39.983+0000] {dag.py:3947} INFO - Setting next_dagrun for example_display_name to None, run_after=None
[2026-05-19T08:17:40.034+0000] {processor.py:183} INFO - Processing /home/airflow/.local/lib/python3.12/site-packages/airflow/example_dags/example_display_name.py took 0.178 seconds
[2026-05-19T08:18:10.356+0000] {processor.py:161} INFO - Started process (PID=2270) to work on /home/airflow/.local/lib/python3.12/site-packages/airflow/example_dags/example_display_name.py
[2026-05-19T08:18:10.358+0000] {processor.py:830} INFO - Processing file /home/airflow/.local/lib/python3.12/site-packages/airflow/example_dags/example_display_name.py for tasks to queue
[2026-05-19T08:18:10.361+0000] {logging_mixin.py:188} INFO - [2026-05-19T08:18:10.361+0000] {dagbag.py:545} INFO - Filling up the DagBag from /home/airflow/.local/lib/python3.12/site-packages/airflow/example_dags/example_display_name.py
[2026-05-19T08:18:10.371+0000] {processor.py:840} INFO - DAG(s) 'example_display_name' retrieved from /home/airflow/.local/lib/python3.12/site-packages/airflow/example_dags/example_display_name.py
[2026-05-19T08:18:10.401+0000] {logging_mixin.py:188} INFO - [2026-05-19T08:18:10.400+0000] {dag.py:3089} INFO - Sync 1 DAGs
[2026-05-19T08:18:10.420+0000] {logging_mixin.py:188} INFO - [2026-05-19T08:18:10.420+0000] {dag.py:3947} INFO - Setting next_dagrun for example_display_name to None, run_after=None
[2026-05-19T08:18:10.450+0000] {processor.py:183} INFO - Processing /home/airflow/.local/lib/python3.12/site-packages/airflow/example_dags/example_display_name.py took 0.102 seconds
[2026-05-19T08:18:41.263+0000] {processor.py:161} INFO - Started process (PID=2328) to work on /home/airflow/.local/lib/python3.12/site-packages/airflow/example_dags/example_display_name.py
[2026-05-19T08:18:41.266+0000] {processor.py:830} INFO - Processing file /home/airflow/.local/lib/python3.12/site-packages/airflow/example_dags/example_display_name.py for tasks to queue
[2026-05-19T08:18:41.272+0000] {logging_mixin.py:188} INFO - [2026-05-19T08:18:41.271+0000] {dagbag.py:545} INFO - Filling up the DagBag from /home/airflow/.local/lib/python3.12/site-packages/airflow/example_dags/example_display_name.py
[2026-05-19T08:18:41.291+0000] {processor.py:840} INFO - DAG(s) 'example_display_name' retrieved from /home/airflow/.local/lib/python3.12/site-packages/airflow/example_dags/example_display_name.py
[2026-05-19T08:18:41.378+0000] {logging_mixin.py:188} INFO - [2026-05-19T08:18:41.377+0000] {dag.py:3089} INFO - Sync 1 DAGs
[2026-05-19T08:18:41.428+0000] {logging_mixin.py:188} INFO - [2026-05-19T08:18:41.428+0000] {dag.py:3947} INFO - Setting next_dagrun for example_display_name to None, run_after=None
[2026-05-19T08:18:41.483+0000] {processor.py:183} INFO - Processing /home/airflow/.local/lib/python3.12/site-packages/airflow/example_dags/example_display_name.py took 0.232 seconds
[2026-05-19T08:19:11.580+0000] {processor.py:161} INFO - Started process (PID=2387) to work on /home/airflow/.local/lib/python3.12/site-packages/airflow/example_dags/example_display_name.py
[2026-05-19T08:19:11.582+0000] {processor.py:830} INFO - Processing file /home/airflow/.local/lib/python3.12/site-packages/airflow/example_dags/example_display_name.py for tasks to queue
[2026-05-19T08:19:11.585+0000] {logging_mixin.py:188} INFO - [2026-05-19T08:19:11.585+0000] {dagbag.py:545} INFO - Filling up the DagBag from /home/airflow/.local/lib/python3.12/site-packages/airflow/example_dags/example_display_name.py
[2026-05-19T08:19:11.596+0000] {processor.py:840} INFO - DAG(s) 'example_display_name' retrieved from /home/airflow/.local/lib/python3.12/site-packages/airflow/example_dags/example_display_name.py
[2026-05-19T08:19:11.629+0000] {logging_mixin.py:188} INFO - [2026-05-19T08:19:11.629+0000] {dag.py:3089} INFO - Sync 1 DAGs
[2026-05-19T08:19:11.650+0000] {logging_mixin.py:188} INFO - [2026-05-19T08:19:11.649+0000] {dag.py:3947} INFO - Setting next_dagrun for example_display_name to None, run_after=None
[2026-05-19T08:19:11.684+0000] {processor.py:183} INFO - Processing /home/airflow/.local/lib/python3.12/site-packages/airflow/example_dags/example_display_name.py took 0.114 seconds
[2026-05-19T08:19:41.935+0000] {processor.py:161} INFO - Started process (PID=2445) to work on /home/airflow/.local/lib/python3.12/site-packages/airflow/example_dags/example_display_name.py
[2026-05-19T08:19:41.937+0000] {processor.py:830} INFO - Processing file /home/airflow/.local/lib/python3.12/site-packages/airflow/example_dags/example_display_name.py for tasks to queue
[2026-05-19T08:19:41.941+0000] {logging_mixin.py:188} INFO - [2026-05-19T08:19:41.940+0000] {dagbag.py:545} INFO - Filling up the DagBag from /home/airflow/.local/lib/python3.12/site-packages/airflow/example_dags/example_display_name.py
[2026-05-19T08:19:41.952+0000] {processor.py:840} INFO - DAG(s) 'example_display_name' retrieved from /home/airflow/.local/lib/python3.12/site-packages/airflow/example_dags/example_display_name.py
[2026-05-19T08:19:41.993+0000] {logging_mixin.py:188} INFO - [2026-05-19T08:19:41.992+0000] {dag.py:3089} INFO - Sync 1 DAGs
[2026-05-19T08:19:42.018+0000] {logging_mixin.py:188} INFO - [2026-05-19T08:19:42.017+0000] {dag.py:3947} INFO - Setting next_dagrun for example_display_name to None, run_after=None
[2026-05-19T08:19:42.055+0000] {processor.py:183} INFO - Processing /home/airflow/.local/lib/python3.12/site-packages/airflow/example_dags/example_display_name.py took 0.130 seconds
[2026-05-19T08:20:12.802+0000] {processor.py:161} INFO - Started process (PID=2504) to work on /home/airflow/.local/lib/python3.12/site-packages/airflow/example_dags/example_display_name.py
[2026-05-19T08:20:12.804+0000] {processor.py:830} INFO - Processing file /home/airflow/.local/lib/python3.12/site-packages/airflow/example_dags/example_display_name.py for tasks to queue
[2026-05-19T08:20:12.808+0000] {logging_mixin.py:188} INFO - [2026-05-19T08:20:12.808+0000] {dagbag.py:545} INFO - Filling up the DagBag from /home/airflow/.local/lib/python3.12/site-packages/airflow/example_dags/example_display_name.py
[2026-05-19T08:20:12.821+0000] {processor.py:840} INFO - DAG(s) 'example_display_name' retrieved from /home/airflow/.local/lib/python3.12/site-packages/airflow/example_dags/example_display_name.py
[2026-05-19T08:20:12.868+0000] {logging_mixin.py:188} INFO - [2026-05-19T08:20:12.867+0000] {dag.py:3089} INFO - Sync 1 DAGs
[2026-05-19T08:20:12.901+0000] {logging_mixin.py:188} INFO - [2026-05-19T08:20:12.900+0000] {dag.py:3947} INFO - Setting next_dagrun for example_display_name to None, run_after=None
[2026-05-19T08:20:12.940+0000] {processor.py:183} INFO - Processing /home/airflow/.local/lib/python3.12/site-packages/airflow/example_dags/example_display_name.py took 0.149 seconds
[2026-05-19T08:20:43.456+0000] {processor.py:161} INFO - Started process (PID=2563) to work on /home/airflow/.local/lib/python3.12/site-packages/airflow/example_dags/example_display_name.py
[2026-05-19T08:20:43.459+0000] {processor.py:830} INFO - Processing file /home/airflow/.local/lib/python3.12/site-packages/airflow/example_dags/example_display_name.py for tasks to queue
[2026-05-19T08:20:43.466+0000] {logging_mixin.py:188} INFO - [2026-05-19T08:20:43.465+0000] {dagbag.py:545} INFO - Filling up the DagBag from /home/airflow/.local/lib/python3.12/site-packages/airflow/example_dags/example_display_name.py
[2026-05-19T08:20:43.485+0000] {processor.py:840} INFO - DAG(s) 'example_display_name' retrieved from /home/airflow/.local/lib/python3.12/site-packages/airflow/example_dags/example_display_name.py
[2026-05-19T08:20:43.535+0000] {logging_mixin.py:188} INFO - [2026-05-19T08:20:43.534+0000] {dag.py:3089} INFO - Sync 1 DAGs
[2026-05-19T08:20:43.584+0000] {logging_mixin.py:188} INFO - [2026-05-19T08:20:43.584+0000] {dag.py:3947} INFO - Setting next_dagrun for example_display_name to None, run_after=None
[2026-05-19T08:20:43.666+0000] {processor.py:183} INFO - Processing /home/airflow/.local/lib/python3.12/site-packages/airflow/example_dags/example_display_name.py took 0.229 seconds
[2026-05-19T08:21:14.388+0000] {processor.py:161} INFO - Started process (PID=2622) to work on /home/airflow/.local/lib/python3.12/site-packages/airflow/example_dags/example_display_name.py
[2026-05-19T08:21:14.390+0000] {processor.py:830} INFO - Processing file /home/airflow/.local/lib/python3.12/site-packages/airflow/example_dags/example_display_name.py for tasks to queue
[2026-05-19T08:21:14.394+0000] {logging_mixin.py:188} INFO - [2026-05-19T08:21:14.394+0000] {dagbag.py:545} INFO - Filling up the DagBag from /home/airflow/.local/lib/python3.12/site-packages/airflow/example_dags/example_display_name.py
[2026-05-19T08:21:14.403+0000] {processor.py:840} INFO - DAG(s) 'example_display_name' retrieved from /home/airflow/.local/lib/python3.12/site-packages/airflow/example_dags/example_display_name.py
[2026-05-19T08:21:14.436+0000] {logging_mixin.py:188} INFO - [2026-05-19T08:21:14.436+0000] {dag.py:3089} INFO - Sync 1 DAGs
[2026-05-19T08:21:14.455+0000] {logging_mixin.py:188} INFO - [2026-05-19T08:21:14.455+0000] {dag.py:3947} INFO - Setting next_dagrun for example_display_name to None, run_after=None
[2026-05-19T08:21:14.485+0000] {processor.py:183} INFO - Processing /home/airflow/.local/lib/python3.12/site-packages/airflow/example_dags/example_display_name.py took 0.105 seconds
[2026-05-19T08:21:45.336+0000] {processor.py:161} INFO - Started process (PID=2681) to work on /home/airflow/.local/lib/python3.12/site-packages/airflow/example_dags/example_display_name.py
[2026-05-19T08:21:45.337+0000] {processor.py:830} INFO - Processing file /home/airflow/.local/lib/python3.12/site-packages/airflow/example_dags/example_display_name.py for tasks to queue
[2026-05-19T08:21:45.341+0000] {logging_mixin.py:188} INFO - [2026-05-19T08:21:45.340+0000] {dagbag.py:545} INFO - Filling up the DagBag from /home/airflow/.local/lib/python3.12/site-packages/airflow/example_dags/example_display_name.py
[2026-05-19T08:21:45.350+0000] {processor.py:840} INFO - DAG(s) 'example_display_name' retrieved from /home/airflow/.local/lib/python3.12/site-packages/airflow/example_dags/example_display_name.py
[2026-05-19T08:21:45.380+0000] {logging_mixin.py:188} INFO - [2026-05-19T08:21:45.380+0000] {dag.py:3089} INFO - Sync 1 DAGs
[2026-05-19T08:21:45.399+0000] {logging_mixin.py:188} INFO - [2026-05-19T08:21:45.398+0000] {dag.py:3947} INFO - Setting next_dagrun for example_display_name to None, run_after=None
[2026-05-19T08:21:45.427+0000] {processor.py:183} INFO - Processing /home/airflow/.local/lib/python3.12/site-packages/airflow/example_dags/example_display_name.py took 0.101 seconds
[2026-05-19T08:22:16.275+0000] {processor.py:161} INFO - Started process (PID=2740) to work on /home/airflow/.local/lib/python3.12/site-packages/airflow/example_dags/example_display_name.py
[2026-05-19T08:22:16.278+0000] {processor.py:830} INFO - Processing file /home/airflow/.local/lib/python3.12/site-packages/airflow/example_dags/example_display_name.py for tasks to queue
[2026-05-19T08:22:16.282+0000] {logging_mixin.py:188} INFO - [2026-05-19T08:22:16.281+0000] {dagbag.py:545} INFO - Filling up the DagBag from /home/airflow/.local/lib/python3.12/site-packages/airflow/example_dags/example_display_name.py
[2026-05-19T08:22:16.291+0000] {processor.py:840} INFO - DAG(s) 'example_display_name' retrieved from /home/airflow/.local/lib/python3.12/site-packages/airflow/example_dags/example_display_name.py
[2026-05-19T08:22:16.320+0000] {logging_mixin.py:188} INFO - [2026-05-19T08:22:16.320+0000] {dag.py:3089} INFO - Sync 1 DAGs
[2026-05-19T08:22:16.339+0000] {logging_mixin.py:188} INFO - [2026-05-19T08:22:16.338+0000] {dag.py:3947} INFO - Setting next_dagrun for example_display_name to None, run_after=None
[2026-05-19T08:22:16.368+0000] {processor.py:183} INFO - Processing /home/airflow/.local/lib/python3.12/site-packages/airflow/example_dags/example_display_name.py took 0.102 seconds
[2026-05-19T08:22:46.686+0000] {processor.py:161} INFO - Started process (PID=2800) to work on /home/airflow/.local/lib/python3.12/site-packages/airflow/example_dags/example_display_name.py
[2026-05-19T08:22:46.687+0000] {processor.py:830} INFO - Processing file /home/airflow/.local/lib/python3.12/site-packages/airflow/example_dags/example_display_name.py for tasks to queue
[2026-05-19T08:22:46.690+0000] {logging_mixin.py:188} INFO - [2026-05-19T08:22:46.690+0000] {dagbag.py:545} INFO - Filling up the DagBag from /home/airflow/.local/lib/python3.12/site-packages/airflow/example_dags/example_display_name.py
[2026-05-19T08:22:46.699+0000] {processor.py:840} INFO - DAG(s) 'example_display_name' retrieved from /home/airflow/.local/lib/python3.12/site-packages/airflow/example_dags/example_display_name.py
[2026-05-19T08:22:46.728+0000] {logging_mixin.py:188} INFO - [2026-05-19T08:22:46.728+0000] {dag.py:3089} INFO - Sync 1 DAGs
[2026-05-19T08:22:46.747+0000] {logging_mixin.py:188} INFO - [2026-05-19T08:22:46.746+0000] {dag.py:3947} INFO - Setting next_dagrun for example_display_name to None, run_after=None
[2026-05-19T08:22:46.775+0000] {processor.py:183} INFO - Processing /home/airflow/.local/lib/python3.12/site-packages/airflow/example_dags/example_display_name.py took 0.098 seconds
[2026-05-19T08:23:16.996+0000] {processor.py:161} INFO - Started process (PID=2859) to work on /home/airflow/.local/lib/python3.12/site-packages/airflow/example_dags/example_display_name.py
[2026-05-19T08:23:16.998+0000] {processor.py:830} INFO - Processing file /home/airflow/.local/lib/python3.12/site-packages/airflow/example_dags/example_display_name.py for tasks to queue
[2026-05-19T08:23:17.004+0000] {logging_mixin.py:188} INFO - [2026-05-19T08:23:17.003+0000] {dagbag.py:545} INFO - Filling up the DagBag from /home/airflow/.local/lib/python3.12/site-packages/airflow/example_dags/example_display_name.py
[2026-05-19T08:23:17.017+0000] {processor.py:840} INFO - DAG(s) 'example_display_name' retrieved from /home/airflow/.local/lib/python3.12/site-packages/airflow/example_dags/example_display_name.py
[2026-05-19T08:23:17.052+0000] {logging_mixin.py:188} INFO - [2026-05-19T08:23:17.052+0000] {dag.py:3089} INFO - Sync 1 DAGs
[2026-05-19T08:23:17.073+0000] {logging_mixin.py:188} INFO - [2026-05-19T08:23:17.073+0000] {dag.py:3947} INFO - Setting next_dagrun for example_display_name to None, run_after=None
[2026-05-19T08:23:17.108+0000] {processor.py:183} INFO - Processing /home/airflow/.local/lib/python3.12/site-packages/airflow/example_dags/example_display_name.py took 0.124 seconds
[2026-05-19T08:23:47.553+0000] {processor.py:161} INFO - Started process (PID=2918) to work on /home/airflow/.local/lib/python3.12/site-packages/airflow/example_dags/example_display_name.py
[2026-05-19T08:23:47.555+0000] {processor.py:830} INFO - Processing file /home/airflow/.local/lib/python3.12/site-packages/airflow/example_dags/example_display_name.py for tasks to queue
[2026-05-19T08:23:47.558+0000] {logging_mixin.py:188} INFO - [2026-05-19T08:23:47.557+0000] {dagbag.py:545} INFO - Filling up the DagBag from /home/airflow/.local/lib/python3.12/site-packages/airflow/example_dags/example_display_name.py
[2026-05-19T08:23:47.570+0000] {processor.py:840} INFO - DAG(s) 'example_display_name' retrieved from /home/airflow/.local/lib/python3.12/site-packages/airflow/example_dags/example_display_name.py
[2026-05-19T08:23:47.603+0000] {logging_mixin.py:188} INFO - [2026-05-19T08:23:47.603+0000] {dag.py:3089} INFO - Sync 1 DAGs
[2026-05-19T08:23:47.626+0000] {logging_mixin.py:188} INFO - [2026-05-19T08:23:47.626+0000] {dag.py:3947} INFO - Setting next_dagrun for example_display_name to None, run_after=None
[2026-05-19T08:23:47.662+0000] {processor.py:183} INFO - Processing /home/airflow/.local/lib/python3.12/site-packages/airflow/example_dags/example_display_name.py took 0.121 seconds
[2026-05-19T08:24:18.061+0000] {processor.py:161} INFO - Started process (PID=2977) to work on /home/airflow/.local/lib/python3.12/site-packages/airflow/example_dags/example_display_name.py
[2026-05-19T08:24:18.064+0000] {processor.py:830} INFO - Processing file /home/airflow/.local/lib/python3.12/site-packages/airflow/example_dags/example_display_name.py for tasks to queue
[2026-05-19T08:24:18.069+0000] {logging_mixin.py:188} INFO - [2026-05-19T08:24:18.068+0000] {dagbag.py:545} INFO - Filling up the DagBag from /home/airflow/.local/lib/python3.12/site-packages/airflow/example_dags/example_display_name.py
[2026-05-19T08:24:18.085+0000] {processor.py:840} INFO - DAG(s) 'example_display_name' retrieved from /home/airflow/.local/lib/python3.12/site-packages/airflow/example_dags/example_display_name.py
[2026-05-19T08:24:18.133+0000] {logging_mixin.py:188} INFO - [2026-05-19T08:24:18.133+0000] {dag.py:3089} INFO - Sync 1 DAGs
[2026-05-19T08:24:18.171+0000] {logging_mixin.py:188} INFO - [2026-05-19T08:24:18.171+0000] {dag.py:3947} INFO - Setting next_dagrun for example_display_name to None, run_after=None
[2026-05-19T08:24:18.213+0000] {processor.py:183} INFO - Processing /home/airflow/.local/lib/python3.12/site-packages/airflow/example_dags/example_display_name.py took 0.169 seconds
[2026-05-19T08:24:49.288+0000] {processor.py:161} INFO - Started process (PID=3036) to work on /home/airflow/.local/lib/python3.12/site-packages/airflow/example_dags/example_display_name.py
[2026-05-19T08:24:49.291+0000] {processor.py:830} INFO - Processing file /home/airflow/.local/lib/python3.12/site-packages/airflow/example_dags/example_display_name.py for tasks to queue
[2026-05-19T08:24:49.295+0000] {logging_mixin.py:188} INFO - [2026-05-19T08:24:49.295+0000] {dagbag.py:545} INFO - Filling up the DagBag from /home/airflow/.local/lib/python3.12/site-packages/airflow/example_dags/example_display_name.py
[2026-05-19T08:24:49.314+0000] {processor.py:840} INFO - DAG(s) 'example_display_name' retrieved from /home/airflow/.local/lib/python3.12/site-packages/airflow/example_dags/example_display_name.py
[2026-05-19T08:24:49.368+0000] {logging_mixin.py:188} INFO - [2026-05-19T08:24:49.367+0000] {dag.py:3089} INFO - Sync 1 DAGs
[2026-05-19T08:24:49.404+0000] {logging_mixin.py:188} INFO - [2026-05-19T08:24:49.403+0000] {dag.py:3947} INFO - Setting next_dagrun for example_display_name to None, run_after=None
[2026-05-19T08:24:49.443+0000] {processor.py:183} INFO - Processing /home/airflow/.local/lib/python3.12/site-packages/airflow/example_dags/example_display_name.py took 0.176 seconds
[2026-05-19T08:25:20.589+0000] {processor.py:161} INFO - Started process (PID=3095) to work on /home/airflow/.local/lib/python3.12/site-packages/airflow/example_dags/example_display_name.py
[2026-05-19T08:25:20.592+0000] {processor.py:830} INFO - Processing file /home/airflow/.local/lib/python3.12/site-packages/airflow/example_dags/example_display_name.py for tasks to queue
[2026-05-19T08:25:20.600+0000] {logging_mixin.py:188} INFO - [2026-05-19T08:25:20.598+0000] {dagbag.py:545} INFO - Filling up the DagBag from /home/airflow/.local/lib/python3.12/site-packages/airflow/example_dags/example_display_name.py
[2026-05-19T08:25:20.619+0000] {processor.py:840} INFO - DAG(s) 'example_display_name' retrieved from /home/airflow/.local/lib/python3.12/site-packages/airflow/example_dags/example_display_name.py
[2026-05-19T08:25:20.704+0000] {logging_mixin.py:188} INFO - [2026-05-19T08:25:20.704+0000] {dag.py:3089} INFO - Sync 1 DAGs
[2026-05-19T08:25:20.756+0000] {logging_mixin.py:188} INFO - [2026-05-19T08:25:20.755+0000] {dag.py:3947} INFO - Setting next_dagrun for example_display_name to None, run_after=None
[2026-05-19T08:25:20.814+0000] {processor.py:183} INFO - Processing /home/airflow/.local/lib/python3.12/site-packages/airflow/example_dags/example_display_name.py took 0.252 seconds
[2026-05-19T08:25:51.035+0000] {processor.py:161} INFO - Started process (PID=3154) to work on /home/airflow/.local/lib/python3.12/site-packages/airflow/example_dags/example_display_name.py
[2026-05-19T08:25:51.037+0000] {processor.py:830} INFO - Processing file /home/airflow/.local/lib/python3.12/site-packages/airflow/example_dags/example_display_name.py for tasks to queue
[2026-05-19T08:25:51.041+0000] {logging_mixin.py:188} INFO - [2026-05-19T08:25:51.040+0000] {dagbag.py:545} INFO - Filling up the DagBag from /home/airflow/.local/lib/python3.12/site-packages/airflow/example_dags/example_display_name.py
[2026-05-19T08:25:51.052+0000] {processor.py:840} INFO - DAG(s) 'example_display_name' retrieved from /home/airflow/.local/lib/python3.12/site-packages/airflow/example_dags/example_display_name.py
[2026-05-19T08:25:51.111+0000] {logging_mixin.py:188} INFO - [2026-05-19T08:25:51.110+0000] {dag.py:3089} INFO - Sync 1 DAGs
[2026-05-19T08:25:51.149+0000] {logging_mixin.py:188} INFO - [2026-05-19T08:25:51.149+0000] {dag.py:3947} INFO - Setting next_dagrun for example_display_name to None, run_after=None
[2026-05-19T08:25:51.200+0000] {processor.py:183} INFO - Processing /home/airflow/.local/lib/python3.12/site-packages/airflow/example_dags/example_display_name.py took 0.183 seconds
[2026-05-19T08:26:21.700+0000] {processor.py:161} INFO - Started process (PID=3213) to work on /home/airflow/.local/lib/python3.12/site-packages/airflow/example_dags/example_display_name.py
[2026-05-19T08:26:21.710+0000] {processor.py:830} INFO - Processing file /home/airflow/.local/lib/python3.12/site-packages/airflow/example_dags/example_display_name.py for tasks to queue
[2026-05-19T08:26:21.720+0000] {logging_mixin.py:188} INFO - [2026-05-19T08:26:21.719+0000] {dagbag.py:545} INFO - Filling up the DagBag from /home/airflow/.local/lib/python3.12/site-packages/airflow/example_dags/example_display_name.py
[2026-05-19T08:26:21.747+0000] {processor.py:840} INFO - DAG(s) 'example_display_name' retrieved from /home/airflow/.local/lib/python3.12/site-packages/airflow/example_dags/example_display_name.py
[2026-05-19T08:26:21.815+0000] {logging_mixin.py:188} INFO - [2026-05-19T08:26:21.814+0000] {dag.py:3089} INFO - Sync 1 DAGs
[2026-05-19T08:26:21.876+0000] {logging_mixin.py:188} INFO - [2026-05-19T08:26:21.875+0000] {dag.py:3947} INFO - Setting next_dagrun for example_display_name to None, run_after=None
[2026-05-19T08:26:21.991+0000] {processor.py:183} INFO - Processing /home/airflow/.local/lib/python3.12/site-packages/airflow/example_dags/example_display_name.py took 0.319 seconds
[2026-05-19T08:26:52.225+0000] {processor.py:161} INFO - Started process (PID=3272) to work on /home/airflow/.local/lib/python3.12/site-packages/airflow/example_dags/example_display_name.py
[2026-05-19T08:26:52.227+0000] {processor.py:830} INFO - Processing file /home/airflow/.local/lib/python3.12/site-packages/airflow/example_dags/example_display_name.py for tasks to queue
[2026-05-19T08:26:52.231+0000] {logging_mixin.py:188} INFO - [2026-05-19T08:26:52.231+0000] {dagbag.py:545} INFO - Filling up the DagBag from /home/airflow/.local/lib/python3.12/site-packages/airflow/example_dags/example_display_name.py
[2026-05-19T08:26:52.245+0000] {processor.py:840} INFO - DAG(s) 'example_display_name' retrieved from /home/airflow/.local/lib/python3.12/site-packages/airflow/example_dags/example_display_name.py
[2026-05-19T08:26:52.289+0000] {logging_mixin.py:188} INFO - [2026-05-19T08:26:52.288+0000] {dag.py:3089} INFO - Sync 1 DAGs
[2026-05-19T08:26:52.317+0000] {logging_mixin.py:188} INFO - [2026-05-19T08:26:52.316+0000] {dag.py:3947} INFO - Setting next_dagrun for example_display_name to None, run_after=None
[2026-05-19T08:26:52.354+0000] {processor.py:183} INFO - Processing /home/airflow/.local/lib/python3.12/site-packages/airflow/example_dags/example_display_name.py took 0.142 seconds
[2026-05-19T08:27:22.807+0000] {processor.py:161} INFO - Started process (PID=3332) to work on /home/airflow/.local/lib/python3.12/site-packages/airflow/example_dags/example_display_name.py
[2026-05-19T08:27:22.809+0000] {processor.py:830} INFO - Processing file /home/airflow/.local/lib/python3.12/site-packages/airflow/example_dags/example_display_name.py for tasks to queue
[2026-05-19T08:27:22.816+0000] {logging_mixin.py:188} INFO - [2026-05-19T08:27:22.815+0000] {dagbag.py:545} INFO - Filling up the DagBag from /home/airflow/.local/lib/python3.12/site-packages/airflow/example_dags/example_display_name.py
[2026-05-19T08:27:22.836+0000] {processor.py:840} INFO - DAG(s) 'example_display_name' retrieved from /home/airflow/.local/lib/python3.12/site-packages/airflow/example_dags/example_display_name.py
[2026-05-19T08:27:22.896+0000] {logging_mixin.py:188} INFO - [2026-05-19T08:27:22.895+0000] {dag.py:3089} INFO - Sync 1 DAGs
[2026-05-19T08:27:22.937+0000] {logging_mixin.py:188} INFO - [2026-05-19T08:27:22.937+0000] {dag.py:3947} INFO - Setting next_dagrun for example_display_name to None, run_after=None
[2026-05-19T08:27:23.020+0000] {processor.py:183} INFO - Processing /home/airflow/.local/lib/python3.12/site-packages/airflow/example_dags/example_display_name.py took 0.231 seconds
[2026-05-19T08:27:53.833+0000] {processor.py:161} INFO - Started process (PID=3397) to work on /home/airflow/.local/lib/python3.12/site-packages/airflow/example_dags/example_display_name.py
[2026-05-19T08:27:53.836+0000] {processor.py:830} INFO - Processing file /home/airflow/.local/lib/python3.12/site-packages/airflow/example_dags/example_display_name.py for tasks to queue
[2026-05-19T08:27:53.844+0000] {logging_mixin.py:188} INFO - [2026-05-19T08:27:53.843+0000] {dagbag.py:545} INFO - Filling up the DagBag from /home/airflow/.local/lib/python3.12/site-packages/airflow/example_dags/example_display_name.py
[2026-05-19T08:27:53.861+0000] {processor.py:840} INFO - DAG(s) 'example_display_name' retrieved from /home/airflow/.local/lib/python3.12/site-packages/airflow/example_dags/example_display_name.py
[2026-05-19T08:27:53.936+0000] {logging_mixin.py:188} INFO - [2026-05-19T08:27:53.933+0000] {dag.py:3089} INFO - Sync 1 DAGs
[2026-05-19T08:27:53.990+0000] {logging_mixin.py:188} INFO - [2026-05-19T08:27:53.989+0000] {dag.py:3947} INFO - Setting next_dagrun for example_display_name to None, run_after=None
[2026-05-19T08:27:54.066+0000] {processor.py:183} INFO - Processing /home/airflow/.local/lib/python3.12/site-packages/airflow/example_dags/example_display_name.py took 0.246 seconds
[2026-05-19T08:28:25.048+0000] {processor.py:161} INFO - Started process (PID=3455) to work on /home/airflow/.local/lib/python3.12/site-packages/airflow/example_dags/example_display_name.py
[2026-05-19T08:28:25.051+0000] {processor.py:830} INFO - Processing file /home/airflow/.local/lib/python3.12/site-packages/airflow/example_dags/example_display_name.py for tasks to queue
[2026-05-19T08:28:25.056+0000] {logging_mixin.py:188} INFO - [2026-05-19T08:28:25.055+0000] {dagbag.py:545} INFO - Filling up the DagBag from /home/airflow/.local/lib/python3.12/site-packages/airflow/example_dags/example_display_name.py
[2026-05-19T08:28:25.069+0000] {processor.py:840} INFO - DAG(s) 'example_display_name' retrieved from /home/airflow/.local/lib/python3.12/site-packages/airflow/example_dags/example_display_name.py
[2026-05-19T08:28:25.113+0000] {logging_mixin.py:188} INFO - [2026-05-19T08:28:25.112+0000] {dag.py:3089} INFO - Sync 1 DAGs
[2026-05-19T08:28:25.152+0000] {logging_mixin.py:188} INFO - [2026-05-19T08:28:25.151+0000] {dag.py:3947} INFO - Setting next_dagrun for example_display_name to None, run_after=None
[2026-05-19T08:28:25.208+0000] {processor.py:183} INFO - Processing /home/airflow/.local/lib/python3.12/site-packages/airflow/example_dags/example_display_name.py took 0.171 seconds
[2026-05-19T08:28:56.044+0000] {processor.py:161} INFO - Started process (PID=3513) to work on /home/airflow/.local/lib/python3.12/site-packages/airflow/example_dags/example_display_name.py
[2026-05-19T08:28:56.047+0000] {processor.py:830} INFO - Processing file /home/airflow/.local/lib/python3.12/site-packages/airflow/example_dags/example_display_name.py for tasks to queue
[2026-05-19T08:28:56.055+0000] {logging_mixin.py:188} INFO - [2026-05-19T08:28:56.054+0000] {dagbag.py:545} INFO - Filling up the DagBag from /home/airflow/.local/lib/python3.12/site-packages/airflow/example_dags/example_display_name.py
[2026-05-19T08:28:56.073+0000] {processor.py:840} INFO - DAG(s) 'example_display_name' retrieved from /home/airflow/.local/lib/python3.12/site-packages/airflow/example_dags/example_display_name.py
[2026-05-19T08:28:56.131+0000] {logging_mixin.py:188} INFO - [2026-05-19T08:28:56.131+0000] {dag.py:3089} INFO - Sync 1 DAGs
[2026-05-19T08:28:56.167+0000] {logging_mixin.py:188} INFO - [2026-05-19T08:28:56.167+0000] {dag.py:3947} INFO - Setting next_dagrun for example_display_name to None, run_after=None
[2026-05-19T08:28:56.231+0000] {processor.py:183} INFO - Processing /home/airflow/.local/lib/python3.12/site-packages/airflow/example_dags/example_display_name.py took 0.204 seconds
[2026-05-19T08:29:27.145+0000] {processor.py:161} INFO - Started process (PID=3572) to work on /home/airflow/.local/lib/python3.12/site-packages/airflow/example_dags/example_display_name.py
[2026-05-19T08:29:27.148+0000] {processor.py:830} INFO - Processing file /home/airflow/.local/lib/python3.12/site-packages/airflow/example_dags/example_display_name.py for tasks to queue
[2026-05-19T08:29:27.152+0000] {logging_mixin.py:188} INFO - [2026-05-19T08:29:27.151+0000] {dagbag.py:545} INFO - Filling up the DagBag from /home/airflow/.local/lib/python3.12/site-packages/airflow/example_dags/example_display_name.py
[2026-05-19T08:29:27.163+0000] {processor.py:840} INFO - DAG(s) 'example_display_name' retrieved from /home/airflow/.local/lib/python3.12/site-packages/airflow/example_dags/example_display_name.py
[2026-05-19T08:29:27.207+0000] {logging_mixin.py:188} INFO - [2026-05-19T08:29:27.205+0000] {dag.py:3089} INFO - Sync 1 DAGs
[2026-05-19T08:29:27.230+0000] {logging_mixin.py:188} INFO - [2026-05-19T08:29:27.229+0000] {dag.py:3947} INFO - Setting next_dagrun for example_display_name to None, run_after=None
[2026-05-19T08:29:27.264+0000] {processor.py:183} INFO - Processing /home/airflow/.local/lib/python3.12/site-packages/airflow/example_dags/example_display_name.py took 0.130 seconds
[2026-05-19T08:29:58.070+0000] {processor.py:161} INFO - Started process (PID=3631) to work on /home/airflow/.local/lib/python3.12/site-packages/airflow/example_dags/example_display_name.py
[2026-05-19T08:29:58.073+0000] {processor.py:830} INFO - Processing file /home/airflow/.local/lib/python3.12/site-packages/airflow/example_dags/example_display_name.py for tasks to queue
[2026-05-19T08:29:58.077+0000] {logging_mixin.py:188} INFO - [2026-05-19T08:29:58.077+0000] {dagbag.py:545} INFO - Filling up the DagBag from /home/airflow/.local/lib/python3.12/site-packages/airflow/example_dags/example_display_name.py
[2026-05-19T08:29:58.091+0000] {processor.py:840} INFO - DAG(s) 'example_display_name' retrieved from /home/airflow/.local/lib/python3.12/site-packages/airflow/example_dags/example_display_name.py
[2026-05-19T08:29:58.144+0000] {logging_mixin.py:188} INFO - [2026-05-19T08:29:58.143+0000] {dag.py:3089} INFO - Sync 1 DAGs
[2026-05-19T08:29:58.188+0000] {logging_mixin.py:188} INFO - [2026-05-19T08:29:58.187+0000] {dag.py:3947} INFO - Setting next_dagrun for example_display_name to None, run_after=None
[2026-05-19T08:29:58.252+0000] {processor.py:183} INFO - Processing /home/airflow/.local/lib/python3.12/site-packages/airflow/example_dags/example_display_name.py took 0.198 seconds
[2026-05-19T08:30:29.127+0000] {processor.py:161} INFO - Started process (PID=3690) to work on /home/airflow/.local/lib/python3.12/site-packages/airflow/example_dags/example_display_name.py
[2026-05-19T08:30:29.130+0000] {processor.py:830} INFO - Processing file /home/airflow/.local/lib/python3.12/site-packages/airflow/example_dags/example_display_name.py for tasks to queue
[2026-05-19T08:30:29.135+0000] {logging_mixin.py:188} INFO - [2026-05-19T08:30:29.134+0000] {dagbag.py:545} INFO - Filling up the DagBag from /home/airflow/.local/lib/python3.12/site-packages/airflow/example_dags/example_display_name.py
[2026-05-19T08:30:29.146+0000] {processor.py:840} INFO - DAG(s) 'example_display_name' retrieved from /home/airflow/.local/lib/python3.12/site-packages/airflow/example_dags/example_display_name.py
[2026-05-19T08:30:29.190+0000] {logging_mixin.py:188} INFO - [2026-05-19T08:30:29.189+0000] {dag.py:3089} INFO - Sync 1 DAGs
[2026-05-19T08:30:29.217+0000] {logging_mixin.py:188} INFO - [2026-05-19T08:30:29.217+0000] {dag.py:3947} INFO - Setting next_dagrun for example_display_name to None, run_after=None
[2026-05-19T08:30:29.278+0000] {processor.py:183} INFO - Processing /home/airflow/.local/lib/python3.12/site-packages/airflow/example_dags/example_display_name.py took 0.175 seconds
[2026-05-19T08:30:59.507+0000] {processor.py:161} INFO - Started process (PID=3749) to work on /home/airflow/.local/lib/python3.12/site-packages/airflow/example_dags/example_display_name.py
[2026-05-19T08:30:59.510+0000] {processor.py:830} INFO - Processing file /home/airflow/.local/lib/python3.12/site-packages/airflow/example_dags/example_display_name.py for tasks to queue
[2026-05-19T08:30:59.515+0000] {logging_mixin.py:188} INFO - [2026-05-19T08:30:59.514+0000] {dagbag.py:545} INFO - Filling up the DagBag from /home/airflow/.local/lib/python3.12/site-packages/airflow/example_dags/example_display_name.py
[2026-05-19T08:30:59.530+0000] {processor.py:840} INFO - DAG(s) 'example_display_name' retrieved from /home/airflow/.local/lib/python3.12/site-packages/airflow/example_dags/example_display_name.py
[2026-05-19T08:30:59.577+0000] {logging_mixin.py:188} INFO - [2026-05-19T08:30:59.576+0000] {dag.py:3089} INFO - Sync 1 DAGs
[2026-05-19T08:30:59.607+0000] {logging_mixin.py:188} INFO - [2026-05-19T08:30:59.606+0000] {dag.py:3947} INFO - Setting next_dagrun for example_display_name to None, run_after=None
[2026-05-19T08:30:59.647+0000] {processor.py:183} INFO - Processing /home/airflow/.local/lib/python3.12/site-packages/airflow/example_dags/example_display_name.py took 0.156 seconds
[2026-05-19T08:31:30.077+0000] {processor.py:161} INFO - Started process (PID=3809) to work on /home/airflow/.local/lib/python3.12/site-packages/airflow/example_dags/example_display_name.py
[2026-05-19T08:31:30.079+0000] {processor.py:830} INFO - Processing file /home/airflow/.local/lib/python3.12/site-packages/airflow/example_dags/example_display_name.py for tasks to queue
[2026-05-19T08:31:30.084+0000] {logging_mixin.py:188} INFO - [2026-05-19T08:31:30.083+0000] {dagbag.py:545} INFO - Filling up the DagBag from /home/airflow/.local/lib/python3.12/site-packages/airflow/example_dags/example_display_name.py
[2026-05-19T08:31:30.095+0000] {processor.py:840} INFO - DAG(s) 'example_display_name' retrieved from /home/airflow/.local/lib/python3.12/site-packages/airflow/example_dags/example_display_name.py
[2026-05-19T08:31:30.132+0000] {logging_mixin.py:188} INFO - [2026-05-19T08:31:30.131+0000] {dag.py:3089} INFO - Sync 1 DAGs
[2026-05-19T08:31:30.160+0000] {logging_mixin.py:188} INFO - [2026-05-19T08:31:30.160+0000] {dag.py:3947} INFO - Setting next_dagrun for example_display_name to None, run_after=None
[2026-05-19T08:31:30.200+0000] {processor.py:183} INFO - Processing /home/airflow/.local/lib/python3.12/site-packages/airflow/example_dags/example_display_name.py took 0.132 seconds
[2026-05-19T08:32:01.188+0000] {processor.py:161} INFO - Started process (PID=3868) to work on /home/airflow/.local/lib/python3.12/site-packages/airflow/example_dags/example_display_name.py
[2026-05-19T08:32:01.190+0000] {processor.py:830} INFO - Processing file /home/airflow/.local/lib/python3.12/site-packages/airflow/example_dags/example_display_name.py for tasks to queue
[2026-05-19T08:32:01.193+0000] {logging_mixin.py:188} INFO - [2026-05-19T08:32:01.192+0000] {dagbag.py:545} INFO - Filling up the DagBag from /home/airflow/.local/lib/python3.12/site-packages/airflow/example_dags/example_display_name.py
[2026-05-19T08:32:01.204+0000] {processor.py:840} INFO - DAG(s) 'example_display_name' retrieved from /home/airflow/.local/lib/python3.12/site-packages/airflow/example_dags/example_display_name.py
[2026-05-19T08:32:01.239+0000] {logging_mixin.py:188} INFO - [2026-05-19T08:32:01.238+0000] {dag.py:3089} INFO - Sync 1 DAGs
[2026-05-19T08:32:01.261+0000] {logging_mixin.py:188} INFO - [2026-05-19T08:32:01.261+0000] {dag.py:3947} INFO - Setting next_dagrun for example_display_name to None, run_after=None
[2026-05-19T08:32:01.292+0000] {processor.py:183} INFO - Processing /home/airflow/.local/lib/python3.12/site-packages/airflow/example_dags/example_display_name.py took 0.113 seconds
[2026-05-19T08:32:31.573+0000] {processor.py:161} INFO - Started process (PID=3927) to work on /home/airflow/.local/lib/python3.12/site-packages/airflow/example_dags/example_display_name.py
[2026-05-19T08:32:31.575+0000] {processor.py:830} INFO - Processing file /home/airflow/.local/lib/python3.12/site-packages/airflow/example_dags/example_display_name.py for tasks to queue
[2026-05-19T08:32:31.579+0000] {logging_mixin.py:188} INFO - [2026-05-19T08:32:31.578+0000] {dagbag.py:545} INFO - Filling up the DagBag from /home/airflow/.local/lib/python3.12/site-packages/airflow/example_dags/example_display_name.py
[2026-05-19T08:32:31.597+0000] {processor.py:840} INFO - DAG(s) 'example_display_name' retrieved from /home/airflow/.local/lib/python3.12/site-packages/airflow/example_dags/example_display_name.py
[2026-05-19T08:32:31.632+0000] {logging_mixin.py:188} INFO - [2026-05-19T08:32:31.632+0000] {dag.py:3089} INFO - Sync 1 DAGs
[2026-05-19T08:32:31.658+0000] {logging_mixin.py:188} INFO - [2026-05-19T08:32:31.658+0000] {dag.py:3947} INFO - Setting next_dagrun for example_display_name to None, run_after=None
[2026-05-19T08:32:31.699+0000] {processor.py:183} INFO - Processing /home/airflow/.local/lib/python3.12/site-packages/airflow/example_dags/example_display_name.py took 0.139 seconds
[2026-05-19T08:33:01.970+0000] {processor.py:161} INFO - Started process (PID=3986) to work on /home/airflow/.local/lib/python3.12/site-packages/airflow/example_dags/example_display_name.py
[2026-05-19T08:33:01.973+0000] {processor.py:830} INFO - Processing file /home/airflow/.local/lib/python3.12/site-packages/airflow/example_dags/example_display_name.py for tasks to queue
[2026-05-19T08:33:01.979+0000] {logging_mixin.py:188} INFO - [2026-05-19T08:33:01.978+0000] {dagbag.py:545} INFO - Filling up the DagBag from /home/airflow/.local/lib/python3.12/site-packages/airflow/example_dags/example_display_name.py
[2026-05-19T08:33:01.993+0000] {processor.py:840} INFO - DAG(s) 'example_display_name' retrieved from /home/airflow/.local/lib/python3.12/site-packages/airflow/example_dags/example_display_name.py
[2026-05-19T08:33:02.041+0000] {logging_mixin.py:188} INFO - [2026-05-19T08:33:02.040+0000] {dag.py:3089} INFO - Sync 1 DAGs
[2026-05-19T08:33:02.076+0000] {logging_mixin.py:188} INFO - [2026-05-19T08:33:02.075+0000] {dag.py:3947} INFO - Setting next_dagrun for example_display_name to None, run_after=None
[2026-05-19T08:33:02.147+0000] {processor.py:183} INFO - Processing /home/airflow/.local/lib/python3.12/site-packages/airflow/example_dags/example_display_name.py took 0.193 seconds
[2026-05-19T08:33:32.459+0000] {processor.py:161} INFO - Started process (PID=4045) to work on /home/airflow/.local/lib/python3.12/site-packages/airflow/example_dags/example_display_name.py
[2026-05-19T08:33:32.462+0000] {processor.py:830} INFO - Processing file /home/airflow/.local/lib/python3.12/site-packages/airflow/example_dags/example_display_name.py for tasks to queue
[2026-05-19T08:33:32.465+0000] {logging_mixin.py:188} INFO - [2026-05-19T08:33:32.464+0000] {dagbag.py:545} INFO - Filling up the DagBag from /home/airflow/.local/lib/python3.12/site-packages/airflow/example_dags/example_display_name.py
[2026-05-19T08:33:32.474+0000] {processor.py:840} INFO - DAG(s) 'example_display_name' retrieved from /home/airflow/.local/lib/python3.12/site-packages/airflow/example_dags/example_display_name.py
[2026-05-19T08:33:32.505+0000] {logging_mixin.py:188} INFO - [2026-05-19T08:33:32.504+0000] {dag.py:3089} INFO - Sync 1 DAGs
[2026-05-19T08:33:32.525+0000] {logging_mixin.py:188} INFO - [2026-05-19T08:33:32.525+0000] {dag.py:3947} INFO - Setting next_dagrun for example_display_name to None, run_after=None
[2026-05-19T08:33:32.564+0000] {processor.py:183} INFO - Processing /home/airflow/.local/lib/python3.12/site-packages/airflow/example_dags/example_display_name.py took 0.114 seconds
[2026-05-19T08:34:02.649+0000] {processor.py:161} INFO - Started process (PID=4103) to work on /home/airflow/.local/lib/python3.12/site-packages/airflow/example_dags/example_display_name.py
[2026-05-19T08:34:02.651+0000] {processor.py:830} INFO - Processing file /home/airflow/.local/lib/python3.12/site-packages/airflow/example_dags/example_display_name.py for tasks to queue
[2026-05-19T08:34:02.654+0000] {logging_mixin.py:188} INFO - [2026-05-19T08:34:02.654+0000] {dagbag.py:545} INFO - Filling up the DagBag from /home/airflow/.local/lib/python3.12/site-packages/airflow/example_dags/example_display_name.py
[2026-05-19T08:34:02.665+0000] {processor.py:840} INFO - DAG(s) 'example_display_name' retrieved from /home/airflow/.local/lib/python3.12/site-packages/airflow/example_dags/example_display_name.py
[2026-05-19T08:34:02.704+0000] {logging_mixin.py:188} INFO - [2026-05-19T08:34:02.704+0000] {dag.py:3089} INFO - Sync 1 DAGs
[2026-05-19T08:34:02.725+0000] {logging_mixin.py:188} INFO - [2026-05-19T08:34:02.725+0000] {dag.py:3947} INFO - Setting next_dagrun for example_display_name to None, run_after=None
[2026-05-19T08:34:02.756+0000] {processor.py:183} INFO - Processing /home/airflow/.local/lib/python3.12/site-packages/airflow/example_dags/example_display_name.py took 0.124 seconds
[2026-05-19T08:34:33.705+0000] {processor.py:161} INFO - Started process (PID=4161) to work on /home/airflow/.local/lib/python3.12/site-packages/airflow/example_dags/example_display_name.py
[2026-05-19T08:34:33.707+0000] {processor.py:830} INFO - Processing file /home/airflow/.local/lib/python3.12/site-packages/airflow/example_dags/example_display_name.py for tasks to queue
[2026-05-19T08:34:33.711+0000] {logging_mixin.py:188} INFO - [2026-05-19T08:34:33.710+0000] {dagbag.py:545} INFO - Filling up the DagBag from /home/airflow/.local/lib/python3.12/site-packages/airflow/example_dags/example_display_name.py
[2026-05-19T08:34:33.723+0000] {processor.py:840} INFO - DAG(s) 'example_display_name' retrieved from /home/airflow/.local/lib/python3.12/site-packages/airflow/example_dags/example_display_name.py
[2026-05-19T08:34:33.775+0000] {logging_mixin.py:188} INFO - [2026-05-19T08:34:33.775+0000] {dag.py:3089} INFO - Sync 1 DAGs
[2026-05-19T08:34:33.814+0000] {logging_mixin.py:188} INFO - [2026-05-19T08:34:33.813+0000] {dag.py:3947} INFO - Setting next_dagrun for example_display_name to None, run_after=None
[2026-05-19T08:34:33.864+0000] {processor.py:183} INFO - Processing /home/airflow/.local/lib/python3.12/site-packages/airflow/example_dags/example_display_name.py took 0.172 seconds
[2026-05-19T08:35:04.507+0000] {processor.py:161} INFO - Started process (PID=4219) to work on /home/airflow/.local/lib/python3.12/site-packages/airflow/example_dags/example_display_name.py
[2026-05-19T08:35:04.511+0000] {processor.py:830} INFO - Processing file /home/airflow/.local/lib/python3.12/site-packages/airflow/example_dags/example_display_name.py for tasks to queue
[2026-05-19T08:35:04.517+0000] {logging_mixin.py:188} INFO - [2026-05-19T08:35:04.515+0000] {dagbag.py:545} INFO - Filling up the DagBag from /home/airflow/.local/lib/python3.12/site-packages/airflow/example_dags/example_display_name.py
[2026-05-19T08:35:04.532+0000] {processor.py:840} INFO - DAG(s) 'example_display_name' retrieved from /home/airflow/.local/lib/python3.12/site-packages/airflow/example_dags/example_display_name.py
[2026-05-19T08:35:04.577+0000] {logging_mixin.py:188} INFO - [2026-05-19T08:35:04.576+0000] {dag.py:3089} INFO - Sync 1 DAGs
[2026-05-19T08:35:04.613+0000] {logging_mixin.py:188} INFO - [2026-05-19T08:35:04.612+0000] {dag.py:3947} INFO - Setting next_dagrun for example_display_name to None, run_after=None
[2026-05-19T08:35:04.655+0000] {processor.py:183} INFO - Processing /home/airflow/.local/lib/python3.12/site-packages/airflow/example_dags/example_display_name.py took 0.162 seconds
[2026-05-19T08:35:34.734+0000] {processor.py:161} INFO - Started process (PID=4276) to work on /home/airflow/.local/lib/python3.12/site-packages/airflow/example_dags/example_display_name.py
[2026-05-19T08:35:34.736+0000] {processor.py:830} INFO - Processing file /home/airflow/.local/lib/python3.12/site-packages/airflow/example_dags/example_display_name.py for tasks to queue
[2026-05-19T08:35:34.741+0000] {logging_mixin.py:188} INFO - [2026-05-19T08:35:34.740+0000] {dagbag.py:545} INFO - Filling up the DagBag from /home/airflow/.local/lib/python3.12/site-packages/airflow/example_dags/example_display_name.py
[2026-05-19T08:35:34.750+0000] {processor.py:840} INFO - DAG(s) 'example_display_name' retrieved from /home/airflow/.local/lib/python3.12/site-packages/airflow/example_dags/example_display_name.py
[2026-05-19T08:35:34.789+0000] {logging_mixin.py:188} INFO - [2026-05-19T08:35:34.789+0000] {dag.py:3089} INFO - Sync 1 DAGs
[2026-05-19T08:35:34.818+0000] {logging_mixin.py:188} INFO - [2026-05-19T08:35:34.817+0000] {dag.py:3947} INFO - Setting next_dagrun for example_display_name to None, run_after=None
[2026-05-19T08:35:34.856+0000] {processor.py:183} INFO - Processing /home/airflow/.local/lib/python3.12/site-packages/airflow/example_dags/example_display_name.py took 0.132 seconds
[2026-05-19T08:36:05.444+0000] {processor.py:161} INFO - Started process (PID=4335) to work on /home/airflow/.local/lib/python3.12/site-packages/airflow/example_dags/example_display_name.py
[2026-05-19T08:36:05.446+0000] {processor.py:830} INFO - Processing file /home/airflow/.local/lib/python3.12/site-packages/airflow/example_dags/example_display_name.py for tasks to queue
[2026-05-19T08:36:05.450+0000] {logging_mixin.py:188} INFO - [2026-05-19T08:36:05.449+0000] {dagbag.py:545} INFO - Filling up the DagBag from /home/airflow/.local/lib/python3.12/site-packages/airflow/example_dags/example_display_name.py
[2026-05-19T08:36:05.465+0000] {processor.py:840} INFO - DAG(s) 'example_display_name' retrieved from /home/airflow/.local/lib/python3.12/site-packages/airflow/example_dags/example_display_name.py
[2026-05-19T08:36:05.504+0000] {logging_mixin.py:188} INFO - [2026-05-19T08:36:05.504+0000] {dag.py:3089} INFO - Sync 1 DAGs
[2026-05-19T08:36:05.530+0000] {logging_mixin.py:188} INFO - [2026-05-19T08:36:05.529+0000] {dag.py:3947} INFO - Setting next_dagrun for example_display_name to None, run_after=None
[2026-05-19T08:36:05.571+0000] {processor.py:183} INFO - Processing /home/airflow/.local/lib/python3.12/site-packages/airflow/example_dags/example_display_name.py took 0.140 seconds
[2026-05-19T08:36:36.228+0000] {processor.py:161} INFO - Started process (PID=4389) to work on /home/airflow/.local/lib/python3.12/site-packages/airflow/example_dags/example_display_name.py
[2026-05-19T08:36:36.232+0000] {processor.py:830} INFO - Processing file /home/airflow/.local/lib/python3.12/site-packages/airflow/example_dags/example_display_name.py for tasks to queue
[2026-05-19T08:36:36.241+0000] {logging_mixin.py:188} INFO - [2026-05-19T08:36:36.239+0000] {dagbag.py:545} INFO - Filling up the DagBag from /home/airflow/.local/lib/python3.12/site-packages/airflow/example_dags/example_display_name.py
[2026-05-19T08:36:36.289+0000] {processor.py:840} INFO - DAG(s) 'example_display_name' retrieved from /home/airflow/.local/lib/python3.12/site-packages/airflow/example_dags/example_display_name.py
[2026-05-19T08:36:36.402+0000] {logging_mixin.py:188} INFO - [2026-05-19T08:36:36.400+0000] {dag.py:3089} INFO - Sync 1 DAGs
[2026-05-19T08:36:36.494+0000] {logging_mixin.py:188} INFO - [2026-05-19T08:36:36.493+0000] {dag.py:3947} INFO - Setting next_dagrun for example_display_name to None, run_after=None
[2026-05-19T08:36:36.583+0000] {processor.py:183} INFO - Processing /home/airflow/.local/lib/python3.12/site-packages/airflow/example_dags/example_display_name.py took 0.380 seconds
[2026-05-19T08:37:07.070+0000] {processor.py:161} INFO - Started process (PID=4447) to work on /home/airflow/.local/lib/python3.12/site-packages/airflow/example_dags/example_display_name.py
[2026-05-19T08:37:07.073+0000] {processor.py:830} INFO - Processing file /home/airflow/.local/lib/python3.12/site-packages/airflow/example_dags/example_display_name.py for tasks to queue
[2026-05-19T08:37:07.087+0000] {logging_mixin.py:188} INFO - [2026-05-19T08:37:07.086+0000] {dagbag.py:545} INFO - Filling up the DagBag from /home/airflow/.local/lib/python3.12/site-packages/airflow/example_dags/example_display_name.py
[2026-05-19T08:37:07.104+0000] {processor.py:840} INFO - DAG(s) 'example_display_name' retrieved from /home/airflow/.local/lib/python3.12/site-packages/airflow/example_dags/example_display_name.py
[2026-05-19T08:37:07.178+0000] {logging_mixin.py:188} INFO - [2026-05-19T08:37:07.177+0000] {dag.py:3089} INFO - Sync 1 DAGs
[2026-05-19T08:37:07.249+0000] {logging_mixin.py:188} INFO - [2026-05-19T08:37:07.248+0000] {dag.py:3947} INFO - Setting next_dagrun for example_display_name to None, run_after=None
[2026-05-19T08:37:07.346+0000] {processor.py:183} INFO - Processing /home/airflow/.local/lib/python3.12/site-packages/airflow/example_dags/example_display_name.py took 0.298 seconds
[2026-05-19T08:37:41.299+0000] {processor.py:161} INFO - Started process (PID=4506) to work on /home/airflow/.local/lib/python3.12/site-packages/airflow/example_dags/example_display_name.py
[2026-05-19T08:37:41.302+0000] {processor.py:830} INFO - Processing file /home/airflow/.local/lib/python3.12/site-packages/airflow/example_dags/example_display_name.py for tasks to queue
[2026-05-19T08:37:41.310+0000] {logging_mixin.py:188} INFO - [2026-05-19T08:37:41.308+0000] {dagbag.py:545} INFO - Filling up the DagBag from /home/airflow/.local/lib/python3.12/site-packages/airflow/example_dags/example_display_name.py
[2026-05-19T08:37:41.342+0000] {processor.py:840} INFO - DAG(s) 'example_display_name' retrieved from /home/airflow/.local/lib/python3.12/site-packages/airflow/example_dags/example_display_name.py
[2026-05-19T08:37:41.429+0000] {logging_mixin.py:188} INFO - [2026-05-19T08:37:41.428+0000] {dag.py:3089} INFO - Sync 1 DAGs
[2026-05-19T08:37:41.549+0000] {logging_mixin.py:188} INFO - [2026-05-19T08:37:41.548+0000] {dag.py:3947} INFO - Setting next_dagrun for example_display_name to None, run_after=None
[2026-05-19T08:37:41.698+0000] {processor.py:183} INFO - Processing /home/airflow/.local/lib/python3.12/site-packages/airflow/example_dags/example_display_name.py took 0.418 seconds
[2026-05-19T08:38:12.463+0000] {processor.py:161} INFO - Started process (PID=4565) to work on /home/airflow/.local/lib/python3.12/site-packages/airflow/example_dags/example_display_name.py
[2026-05-19T08:38:12.466+0000] {processor.py:830} INFO - Processing file /home/airflow/.local/lib/python3.12/site-packages/airflow/example_dags/example_display_name.py for tasks to queue
[2026-05-19T08:38:12.473+0000] {logging_mixin.py:188} INFO - [2026-05-19T08:38:12.472+0000] {dagbag.py:545} INFO - Filling up the DagBag from /home/airflow/.local/lib/python3.12/site-packages/airflow/example_dags/example_display_name.py
[2026-05-19T08:38:12.506+0000] {processor.py:840} INFO - DAG(s) 'example_display_name' retrieved from /home/airflow/.local/lib/python3.12/site-packages/airflow/example_dags/example_display_name.py
[2026-05-19T08:38:12.767+0000] {logging_mixin.py:188} INFO - [2026-05-19T08:38:12.766+0000] {dag.py:3089} INFO - Sync 1 DAGs
[2026-05-19T08:38:12.811+0000] {logging_mixin.py:188} INFO - [2026-05-19T08:38:12.810+0000] {dag.py:3947} INFO - Setting next_dagrun for example_display_name to None, run_after=None
[2026-05-19T08:38:12.866+0000] {processor.py:183} INFO - Processing /home/airflow/.local/lib/python3.12/site-packages/airflow/example_dags/example_display_name.py took 0.438 seconds
[2026-05-19T08:38:43.131+0000] {processor.py:161} INFO - Started process (PID=4623) to work on /home/airflow/.local/lib/python3.12/site-packages/airflow/example_dags/example_display_name.py
[2026-05-19T08:38:43.135+0000] {processor.py:830} INFO - Processing file /home/airflow/.local/lib/python3.12/site-packages/airflow/example_dags/example_display_name.py for tasks to queue
[2026-05-19T08:38:43.143+0000] {logging_mixin.py:188} INFO - [2026-05-19T08:38:43.142+0000] {dagbag.py:545} INFO - Filling up the DagBag from /home/airflow/.local/lib/python3.12/site-packages/airflow/example_dags/example_display_name.py
[2026-05-19T08:38:43.173+0000] {processor.py:840} INFO - DAG(s) 'example_display_name' retrieved from /home/airflow/.local/lib/python3.12/site-packages/airflow/example_dags/example_display_name.py
[2026-05-19T08:38:43.250+0000] {logging_mixin.py:188} INFO - [2026-05-19T08:38:43.249+0000] {dag.py:3089} INFO - Sync 1 DAGs
[2026-05-19T08:38:43.297+0000] {logging_mixin.py:188} INFO - [2026-05-19T08:38:43.297+0000] {dag.py:3947} INFO - Setting next_dagrun for example_display_name to None, run_after=None
[2026-05-19T08:38:43.386+0000] {processor.py:183} INFO - Processing /home/airflow/.local/lib/python3.12/site-packages/airflow/example_dags/example_display_name.py took 0.280 seconds
[2026-05-19T08:39:13.792+0000] {processor.py:161} INFO - Started process (PID=4682) to work on /home/airflow/.local/lib/python3.12/site-packages/airflow/example_dags/example_display_name.py
[2026-05-19T08:39:13.796+0000] {processor.py:830} INFO - Processing file /home/airflow/.local/lib/python3.12/site-packages/airflow/example_dags/example_display_name.py for tasks to queue
[2026-05-19T08:39:13.802+0000] {logging_mixin.py:188} INFO - [2026-05-19T08:39:13.801+0000] {dagbag.py:545} INFO - Filling up the DagBag from /home/airflow/.local/lib/python3.12/site-packages/airflow/example_dags/example_display_name.py
[2026-05-19T08:39:13.819+0000] {processor.py:840} INFO - DAG(s) 'example_display_name' retrieved from /home/airflow/.local/lib/python3.12/site-packages/airflow/example_dags/example_display_name.py
[2026-05-19T08:39:13.885+0000] {logging_mixin.py:188} INFO - [2026-05-19T08:39:13.884+0000] {dag.py:3089} INFO - Sync 1 DAGs
[2026-05-19T08:39:13.931+0000] {logging_mixin.py:188} INFO - [2026-05-19T08:39:13.930+0000] {dag.py:3947} INFO - Setting next_dagrun for example_display_name to None, run_after=None
[2026-05-19T08:39:14.001+0000] {processor.py:183} INFO - Processing /home/airflow/.local/lib/python3.12/site-packages/airflow/example_dags/example_display_name.py took 0.227 seconds
[2026-05-19T08:39:45.221+0000] {processor.py:161} INFO - Started process (PID=4738) to work on /home/airflow/.local/lib/python3.12/site-packages/airflow/example_dags/example_display_name.py
[2026-05-19T08:39:45.228+0000] {processor.py:830} INFO - Processing file /home/airflow/.local/lib/python3.12/site-packages/airflow/example_dags/example_display_name.py for tasks to queue
[2026-05-19T08:39:45.275+0000] {logging_mixin.py:188} INFO - [2026-05-19T08:39:45.260+0000] {dagbag.py:545} INFO - Filling up the DagBag from /home/airflow/.local/lib/python3.12/site-packages/airflow/example_dags/example_display_name.py
[2026-05-19T08:39:45.374+0000] {processor.py:840} INFO - DAG(s) 'example_display_name' retrieved from /home/airflow/.local/lib/python3.12/site-packages/airflow/example_dags/example_display_name.py
[2026-05-19T08:39:45.685+0000] {logging_mixin.py:188} INFO - [2026-05-19T08:39:45.684+0000] {dag.py:3089} INFO - Sync 1 DAGs
[2026-05-19T08:39:45.825+0000] {logging_mixin.py:188} INFO - [2026-05-19T08:39:45.824+0000] {dag.py:3947} INFO - Setting next_dagrun for example_display_name to None, run_after=None
[2026-05-19T08:39:45.997+0000] {processor.py:183} INFO - Processing /home/airflow/.local/lib/python3.12/site-packages/airflow/example_dags/example_display_name.py took 0.928 seconds
[2026-05-19T08:40:16.689+0000] {processor.py:161} INFO - Started process (PID=4798) to work on /home/airflow/.local/lib/python3.12/site-packages/airflow/example_dags/example_display_name.py
[2026-05-19T08:40:16.703+0000] {processor.py:830} INFO - Processing file /home/airflow/.local/lib/python3.12/site-packages/airflow/example_dags/example_display_name.py for tasks to queue
[2026-05-19T08:40:16.733+0000] {logging_mixin.py:188} INFO - [2026-05-19T08:40:16.723+0000] {dagbag.py:545} INFO - Filling up the DagBag from /home/airflow/.local/lib/python3.12/site-packages/airflow/example_dags/example_display_name.py
[2026-05-19T08:40:16.797+0000] {processor.py:840} INFO - DAG(s) 'example_display_name' retrieved from /home/airflow/.local/lib/python3.12/site-packages/airflow/example_dags/example_display_name.py
[2026-05-19T08:40:16.929+0000] {logging_mixin.py:188} INFO - [2026-05-19T08:40:16.927+0000] {dag.py:3089} INFO - Sync 1 DAGs
[2026-05-19T08:40:17.144+0000] {logging_mixin.py:188} INFO - [2026-05-19T08:40:17.143+0000] {dag.py:3947} INFO - Setting next_dagrun for example_display_name to None, run_after=None
[2026-05-19T08:40:17.249+0000] {processor.py:183} INFO - Processing /home/airflow/.local/lib/python3.12/site-packages/airflow/example_dags/example_display_name.py took 0.616 seconds
[2026-05-19T08:40:47.530+0000] {processor.py:161} INFO - Started process (PID=4856) to work on /home/airflow/.local/lib/python3.12/site-packages/airflow/example_dags/example_display_name.py
[2026-05-19T08:40:47.535+0000] {processor.py:830} INFO - Processing file /home/airflow/.local/lib/python3.12/site-packages/airflow/example_dags/example_display_name.py for tasks to queue
[2026-05-19T08:40:47.543+0000] {logging_mixin.py:188} INFO - [2026-05-19T08:40:47.542+0000] {dagbag.py:545} INFO - Filling up the DagBag from /home/airflow/.local/lib/python3.12/site-packages/airflow/example_dags/example_display_name.py
[2026-05-19T08:40:47.576+0000] {processor.py:840} INFO - DAG(s) 'example_display_name' retrieved from /home/airflow/.local/lib/python3.12/site-packages/airflow/example_dags/example_display_name.py
[2026-05-19T08:40:47.648+0000] {logging_mixin.py:188} INFO - [2026-05-19T08:40:47.647+0000] {dag.py:3089} INFO - Sync 1 DAGs
[2026-05-19T08:40:47.694+0000] {logging_mixin.py:188} INFO - [2026-05-19T08:40:47.693+0000] {dag.py:3947} INFO - Setting next_dagrun for example_display_name to None, run_after=None
[2026-05-19T08:40:47.756+0000] {processor.py:183} INFO - Processing /home/airflow/.local/lib/python3.12/site-packages/airflow/example_dags/example_display_name.py took 0.249 seconds
[2026-05-19T08:41:18.402+0000] {processor.py:161} INFO - Started process (PID=4915) to work on /home/airflow/.local/lib/python3.12/site-packages/airflow/example_dags/example_display_name.py
[2026-05-19T08:41:18.406+0000] {processor.py:830} INFO - Processing file /home/airflow/.local/lib/python3.12/site-packages/airflow/example_dags/example_display_name.py for tasks to queue
[2026-05-19T08:41:18.416+0000] {logging_mixin.py:188} INFO - [2026-05-19T08:41:18.415+0000] {dagbag.py:545} INFO - Filling up the DagBag from /home/airflow/.local/lib/python3.12/site-packages/airflow/example_dags/example_display_name.py
[2026-05-19T08:41:18.438+0000] {processor.py:840} INFO - DAG(s) 'example_display_name' retrieved from /home/airflow/.local/lib/python3.12/site-packages/airflow/example_dags/example_display_name.py
[2026-05-19T08:41:18.529+0000] {logging_mixin.py:188} INFO - [2026-05-19T08:41:18.529+0000] {dag.py:3089} INFO - Sync 1 DAGs
[2026-05-19T08:41:18.573+0000] {logging_mixin.py:188} INFO - [2026-05-19T08:41:18.572+0000] {dag.py:3947} INFO - Setting next_dagrun for example_display_name to None, run_after=None
[2026-05-19T08:41:18.644+0000] {processor.py:183} INFO - Processing /home/airflow/.local/lib/python3.12/site-packages/airflow/example_dags/example_display_name.py took 0.266 seconds
[2026-05-19T08:41:49.000+0000] {processor.py:161} INFO - Started process (PID=4974) to work on /home/airflow/.local/lib/python3.12/site-packages/airflow/example_dags/example_display_name.py
[2026-05-19T08:41:49.004+0000] {processor.py:830} INFO - Processing file /home/airflow/.local/lib/python3.12/site-packages/airflow/example_dags/example_display_name.py for tasks to queue
[2026-05-19T08:41:49.009+0000] {logging_mixin.py:188} INFO - [2026-05-19T08:41:49.008+0000] {dagbag.py:545} INFO - Filling up the DagBag from /home/airflow/.local/lib/python3.12/site-packages/airflow/example_dags/example_display_name.py
[2026-05-19T08:41:49.036+0000] {processor.py:840} INFO - DAG(s) 'example_display_name' retrieved from /home/airflow/.local/lib/python3.12/site-packages/airflow/example_dags/example_display_name.py
[2026-05-19T08:41:49.119+0000] {logging_mixin.py:188} INFO - [2026-05-19T08:41:49.118+0000] {dag.py:3089} INFO - Sync 1 DAGs
[2026-05-19T08:41:49.268+0000] {logging_mixin.py:188} INFO - [2026-05-19T08:41:49.267+0000] {dag.py:3947} INFO - Setting next_dagrun for example_display_name to None, run_after=None
[2026-05-19T08:41:49.342+0000] {processor.py:183} INFO - Processing /home/airflow/.local/lib/python3.12/site-packages/airflow/example_dags/example_display_name.py took 0.360 seconds
[2026-05-19T08:42:19.969+0000] {processor.py:161} INFO - Started process (PID=5032) to work on /home/airflow/.local/lib/python3.12/site-packages/airflow/example_dags/example_display_name.py
[2026-05-19T08:42:19.974+0000] {processor.py:830} INFO - Processing file /home/airflow/.local/lib/python3.12/site-packages/airflow/example_dags/example_display_name.py for tasks to queue
[2026-05-19T08:42:19.985+0000] {logging_mixin.py:188} INFO - [2026-05-19T08:42:19.983+0000] {dagbag.py:545} INFO - Filling up the DagBag from /home/airflow/.local/lib/python3.12/site-packages/airflow/example_dags/example_display_name.py
[2026-05-19T08:42:20.014+0000] {processor.py:840} INFO - DAG(s) 'example_display_name' retrieved from /home/airflow/.local/lib/python3.12/site-packages/airflow/example_dags/example_display_name.py
[2026-05-19T08:42:20.106+0000] {logging_mixin.py:188} INFO - [2026-05-19T08:42:20.105+0000] {dag.py:3089} INFO - Sync 1 DAGs
[2026-05-19T08:42:20.193+0000] {logging_mixin.py:188} INFO - [2026-05-19T08:42:20.192+0000] {dag.py:3947} INFO - Setting next_dagrun for example_display_name to None, run_after=None
[2026-05-19T08:42:20.380+0000] {processor.py:183} INFO - Processing /home/airflow/.local/lib/python3.12/site-packages/airflow/example_dags/example_display_name.py took 0.442 seconds
[2026-05-19T08:42:50.801+0000] {processor.py:161} INFO - Started process (PID=5091) to work on /home/airflow/.local/lib/python3.12/site-packages/airflow/example_dags/example_display_name.py
[2026-05-19T08:42:50.806+0000] {processor.py:830} INFO - Processing file /home/airflow/.local/lib/python3.12/site-packages/airflow/example_dags/example_display_name.py for tasks to queue
[2026-05-19T08:42:50.817+0000] {logging_mixin.py:188} INFO - [2026-05-19T08:42:50.814+0000] {dagbag.py:545} INFO - Filling up the DagBag from /home/airflow/.local/lib/python3.12/site-packages/airflow/example_dags/example_display_name.py
[2026-05-19T08:42:50.846+0000] {processor.py:840} INFO - DAG(s) 'example_display_name' retrieved from /home/airflow/.local/lib/python3.12/site-packages/airflow/example_dags/example_display_name.py
[2026-05-19T08:42:50.922+0000] {logging_mixin.py:188} INFO - [2026-05-19T08:42:50.921+0000] {dag.py:3089} INFO - Sync 1 DAGs
[2026-05-19T08:42:50.986+0000] {logging_mixin.py:188} INFO - [2026-05-19T08:42:50.985+0000] {dag.py:3947} INFO - Setting next_dagrun for example_display_name to None, run_after=None
[2026-05-19T08:42:51.056+0000] {processor.py:183} INFO - Processing /home/airflow/.local/lib/python3.12/site-packages/airflow/example_dags/example_display_name.py took 0.296 seconds
[2026-05-19T08:43:22.447+0000] {processor.py:161} INFO - Started process (PID=5152) to work on /home/airflow/.local/lib/python3.12/site-packages/airflow/example_dags/example_display_name.py
[2026-05-19T08:43:22.452+0000] {processor.py:830} INFO - Processing file /home/airflow/.local/lib/python3.12/site-packages/airflow/example_dags/example_display_name.py for tasks to queue
[2026-05-19T08:43:22.459+0000] {logging_mixin.py:188} INFO - [2026-05-19T08:43:22.458+0000] {dagbag.py:545} INFO - Filling up the DagBag from /home/airflow/.local/lib/python3.12/site-packages/airflow/example_dags/example_display_name.py
[2026-05-19T08:43:22.479+0000] {processor.py:840} INFO - DAG(s) 'example_display_name' retrieved from /home/airflow/.local/lib/python3.12/site-packages/airflow/example_dags/example_display_name.py
[2026-05-19T08:43:22.541+0000] {logging_mixin.py:188} INFO - [2026-05-19T08:43:22.541+0000] {dag.py:3089} INFO - Sync 1 DAGs
[2026-05-19T08:43:22.584+0000] {logging_mixin.py:188} INFO - [2026-05-19T08:43:22.584+0000] {dag.py:3947} INFO - Setting next_dagrun for example_display_name to None, run_after=None
[2026-05-19T08:43:22.663+0000] {processor.py:183} INFO - Processing /home/airflow/.local/lib/python3.12/site-packages/airflow/example_dags/example_display_name.py took 0.244 seconds
[2026-05-19T08:43:53.790+0000] {processor.py:161} INFO - Started process (PID=5211) to work on /home/airflow/.local/lib/python3.12/site-packages/airflow/example_dags/example_display_name.py
[2026-05-19T08:43:53.794+0000] {processor.py:830} INFO - Processing file /home/airflow/.local/lib/python3.12/site-packages/airflow/example_dags/example_display_name.py for tasks to queue
[2026-05-19T08:43:53.801+0000] {logging_mixin.py:188} INFO - [2026-05-19T08:43:53.799+0000] {dagbag.py:545} INFO - Filling up the DagBag from /home/airflow/.local/lib/python3.12/site-packages/airflow/example_dags/example_display_name.py
[2026-05-19T08:43:53.831+0000] {processor.py:840} INFO - DAG(s) 'example_display_name' retrieved from /home/airflow/.local/lib/python3.12/site-packages/airflow/example_dags/example_display_name.py
[2026-05-19T08:43:53.899+0000] {logging_mixin.py:188} INFO - [2026-05-19T08:43:53.898+0000] {dag.py:3089} INFO - Sync 1 DAGs
[2026-05-19T08:43:53.936+0000] {logging_mixin.py:188} INFO - [2026-05-19T08:43:53.935+0000] {dag.py:3947} INFO - Setting next_dagrun for example_display_name to None, run_after=None
[2026-05-19T08:43:54.007+0000] {processor.py:183} INFO - Processing /home/airflow/.local/lib/python3.12/site-packages/airflow/example_dags/example_display_name.py took 0.234 seconds
[2026-05-19T08:44:24.360+0000] {processor.py:161} INFO - Started process (PID=5268) to work on /home/airflow/.local/lib/python3.12/site-packages/airflow/example_dags/example_display_name.py
[2026-05-19T08:44:24.366+0000] {processor.py:830} INFO - Processing file /home/airflow/.local/lib/python3.12/site-packages/airflow/example_dags/example_display_name.py for tasks to queue
[2026-05-19T08:44:24.372+0000] {logging_mixin.py:188} INFO - [2026-05-19T08:44:24.371+0000] {dagbag.py:545} INFO - Filling up the DagBag from /home/airflow/.local/lib/python3.12/site-packages/airflow/example_dags/example_display_name.py
[2026-05-19T08:44:24.394+0000] {processor.py:840} INFO - DAG(s) 'example_display_name' retrieved from /home/airflow/.local/lib/python3.12/site-packages/airflow/example_dags/example_display_name.py
[2026-05-19T08:44:24.456+0000] {logging_mixin.py:188} INFO - [2026-05-19T08:44:24.455+0000] {dag.py:3089} INFO - Sync 1 DAGs
[2026-05-19T08:44:24.499+0000] {logging_mixin.py:188} INFO - [2026-05-19T08:44:24.498+0000] {dag.py:3947} INFO - Setting next_dagrun for example_display_name to None, run_after=None
[2026-05-19T08:44:24.559+0000] {processor.py:183} INFO - Processing /home/airflow/.local/lib/python3.12/site-packages/airflow/example_dags/example_display_name.py took 0.220 seconds
[2026-05-19T08:44:55.884+0000] {processor.py:161} INFO - Started process (PID=5326) to work on /home/airflow/.local/lib/python3.12/site-packages/airflow/example_dags/example_display_name.py
[2026-05-19T08:44:55.888+0000] {processor.py:830} INFO - Processing file /home/airflow/.local/lib/python3.12/site-packages/airflow/example_dags/example_display_name.py for tasks to queue
[2026-05-19T08:44:55.896+0000] {logging_mixin.py:188} INFO - [2026-05-19T08:44:55.895+0000] {dagbag.py:545} INFO - Filling up the DagBag from /home/airflow/.local/lib/python3.12/site-packages/airflow/example_dags/example_display_name.py
[2026-05-19T08:44:55.915+0000] {processor.py:840} INFO - DAG(s) 'example_display_name' retrieved from /home/airflow/.local/lib/python3.12/site-packages/airflow/example_dags/example_display_name.py
[2026-05-19T08:44:55.988+0000] {logging_mixin.py:188} INFO - [2026-05-19T08:44:55.987+0000] {dag.py:3089} INFO - Sync 1 DAGs
[2026-05-19T08:44:56.035+0000] {logging_mixin.py:188} INFO - [2026-05-19T08:44:56.034+0000] {dag.py:3947} INFO - Setting next_dagrun for example_display_name to None, run_after=None
[2026-05-19T08:44:56.119+0000] {processor.py:183} INFO - Processing /home/airflow/.local/lib/python3.12/site-packages/airflow/example_dags/example_display_name.py took 0.256 seconds
[2026-05-19T08:45:26.951+0000] {processor.py:161} INFO - Started process (PID=5385) to work on /home/airflow/.local/lib/python3.12/site-packages/airflow/example_dags/example_display_name.py
[2026-05-19T08:45:26.954+0000] {processor.py:830} INFO - Processing file /home/airflow/.local/lib/python3.12/site-packages/airflow/example_dags/example_display_name.py for tasks to queue
[2026-05-19T08:45:26.960+0000] {logging_mixin.py:188} INFO - [2026-05-19T08:45:26.959+0000] {dagbag.py:545} INFO - Filling up the DagBag from /home/airflow/.local/lib/python3.12/site-packages/airflow/example_dags/example_display_name.py
[2026-05-19T08:45:26.978+0000] {processor.py:840} INFO - DAG(s) 'example_display_name' retrieved from /home/airflow/.local/lib/python3.12/site-packages/airflow/example_dags/example_display_name.py
[2026-05-19T08:45:27.050+0000] {logging_mixin.py:188} INFO - [2026-05-19T08:45:27.049+0000] {dag.py:3089} INFO - Sync 1 DAGs
[2026-05-19T08:45:27.094+0000] {logging_mixin.py:188} INFO - [2026-05-19T08:45:27.094+0000] {dag.py:3947} INFO - Setting next_dagrun for example_display_name to None, run_after=None
[2026-05-19T08:45:27.191+0000] {processor.py:183} INFO - Processing /home/airflow/.local/lib/python3.12/site-packages/airflow/example_dags/example_display_name.py took 0.257 seconds
[2026-05-19T08:45:57.386+0000] {processor.py:161} INFO - Started process (PID=5443) to work on /home/airflow/.local/lib/python3.12/site-packages/airflow/example_dags/example_display_name.py
[2026-05-19T08:45:57.389+0000] {processor.py:830} INFO - Processing file /home/airflow/.local/lib/python3.12/site-packages/airflow/example_dags/example_display_name.py for tasks to queue
[2026-05-19T08:45:57.395+0000] {logging_mixin.py:188} INFO - [2026-05-19T08:45:57.394+0000] {dagbag.py:545} INFO - Filling up the DagBag from /home/airflow/.local/lib/python3.12/site-packages/airflow/example_dags/example_display_name.py
[2026-05-19T08:45:57.414+0000] {processor.py:840} INFO - DAG(s) 'example_display_name' retrieved from /home/airflow/.local/lib/python3.12/site-packages/airflow/example_dags/example_display_name.py
[2026-05-19T08:45:57.488+0000] {logging_mixin.py:188} INFO - [2026-05-19T08:45:57.487+0000] {dag.py:3089} INFO - Sync 1 DAGs
[2026-05-19T08:45:57.532+0000] {logging_mixin.py:188} INFO - [2026-05-19T08:45:57.531+0000] {dag.py:3947} INFO - Setting next_dagrun for example_display_name to None, run_after=None
[2026-05-19T08:45:57.620+0000] {processor.py:183} INFO - Processing /home/airflow/.local/lib/python3.12/site-packages/airflow/example_dags/example_display_name.py took 0.251 seconds
[2026-05-19T08:46:28.226+0000] {processor.py:161} INFO - Started process (PID=5502) to work on /home/airflow/.local/lib/python3.12/site-packages/airflow/example_dags/example_display_name.py
[2026-05-19T08:46:28.231+0000] {processor.py:830} INFO - Processing file /home/airflow/.local/lib/python3.12/site-packages/airflow/example_dags/example_display_name.py for tasks to queue
[2026-05-19T08:46:28.240+0000] {logging_mixin.py:188} INFO - [2026-05-19T08:46:28.238+0000] {dagbag.py:545} INFO - Filling up the DagBag from /home/airflow/.local/lib/python3.12/site-packages/airflow/example_dags/example_display_name.py
[2026-05-19T08:46:28.279+0000] {processor.py:840} INFO - DAG(s) 'example_display_name' retrieved from /home/airflow/.local/lib/python3.12/site-packages/airflow/example_dags/example_display_name.py
[2026-05-19T08:46:28.376+0000] {logging_mixin.py:188} INFO - [2026-05-19T08:46:28.375+0000] {dag.py:3089} INFO - Sync 1 DAGs
[2026-05-19T08:46:28.431+0000] {logging_mixin.py:188} INFO - [2026-05-19T08:46:28.430+0000] {dag.py:3947} INFO - Setting next_dagrun for example_display_name to None, run_after=None
[2026-05-19T08:46:28.528+0000] {processor.py:183} INFO - Processing /home/airflow/.local/lib/python3.12/site-packages/airflow/example_dags/example_display_name.py took 0.329 seconds
[2026-05-19T08:46:59.132+0000] {processor.py:161} INFO - Started process (PID=5561) to work on /home/airflow/.local/lib/python3.12/site-packages/airflow/example_dags/example_display_name.py
[2026-05-19T08:46:59.136+0000] {processor.py:830} INFO - Processing file /home/airflow/.local/lib/python3.12/site-packages/airflow/example_dags/example_display_name.py for tasks to queue
[2026-05-19T08:46:59.142+0000] {logging_mixin.py:188} INFO - [2026-05-19T08:46:59.141+0000] {dagbag.py:545} INFO - Filling up the DagBag from /home/airflow/.local/lib/python3.12/site-packages/airflow/example_dags/example_display_name.py
[2026-05-19T08:46:59.162+0000] {processor.py:840} INFO - DAG(s) 'example_display_name' retrieved from /home/airflow/.local/lib/python3.12/site-packages/airflow/example_dags/example_display_name.py
[2026-05-19T08:46:59.221+0000] {logging_mixin.py:188} INFO - [2026-05-19T08:46:59.221+0000] {dag.py:3089} INFO - Sync 1 DAGs
[2026-05-19T08:46:59.263+0000] {logging_mixin.py:188} INFO - [2026-05-19T08:46:59.262+0000] {dag.py:3947} INFO - Setting next_dagrun for example_display_name to None, run_after=None
[2026-05-19T08:46:59.320+0000] {processor.py:183} INFO - Processing /home/airflow/.local/lib/python3.12/site-packages/airflow/example_dags/example_display_name.py took 0.210 seconds
[2026-05-19T08:47:30.188+0000] {processor.py:161} INFO - Started process (PID=5620) to work on /home/airflow/.local/lib/python3.12/site-packages/airflow/example_dags/example_display_name.py
[2026-05-19T08:47:30.193+0000] {processor.py:830} INFO - Processing file /home/airflow/.local/lib/python3.12/site-packages/airflow/example_dags/example_display_name.py for tasks to queue
[2026-05-19T08:47:30.203+0000] {logging_mixin.py:188} INFO - [2026-05-19T08:47:30.201+0000] {dagbag.py:545} INFO - Filling up the DagBag from /home/airflow/.local/lib/python3.12/site-packages/airflow/example_dags/example_display_name.py
[2026-05-19T08:47:30.239+0000] {processor.py:840} INFO - DAG(s) 'example_display_name' retrieved from /home/airflow/.local/lib/python3.12/site-packages/airflow/example_dags/example_display_name.py
[2026-05-19T08:47:30.441+0000] {logging_mixin.py:188} INFO - [2026-05-19T08:47:30.441+0000] {dag.py:3089} INFO - Sync 1 DAGs
[2026-05-19T08:47:30.547+0000] {logging_mixin.py:188} INFO - [2026-05-19T08:47:30.539+0000] {dag.py:3947} INFO - Setting next_dagrun for example_display_name to None, run_after=None
[2026-05-19T08:47:30.718+0000] {processor.py:183} INFO - Processing /home/airflow/.local/lib/python3.12/site-packages/airflow/example_dags/example_display_name.py took 0.565 seconds
[2026-05-19T08:48:01.063+0000] {processor.py:161} INFO - Started process (PID=5680) to work on /home/airflow/.local/lib/python3.12/site-packages/airflow/example_dags/example_display_name.py
[2026-05-19T08:48:01.066+0000] {processor.py:830} INFO - Processing file /home/airflow/.local/lib/python3.12/site-packages/airflow/example_dags/example_display_name.py for tasks to queue
[2026-05-19T08:48:01.073+0000] {logging_mixin.py:188} INFO - [2026-05-19T08:48:01.072+0000] {dagbag.py:545} INFO - Filling up the DagBag from /home/airflow/.local/lib/python3.12/site-packages/airflow/example_dags/example_display_name.py
[2026-05-19T08:48:01.092+0000] {processor.py:840} INFO - DAG(s) 'example_display_name' retrieved from /home/airflow/.local/lib/python3.12/site-packages/airflow/example_dags/example_display_name.py
[2026-05-19T08:48:01.157+0000] {logging_mixin.py:188} INFO - [2026-05-19T08:48:01.156+0000] {dag.py:3089} INFO - Sync 1 DAGs
[2026-05-19T08:48:01.195+0000] {logging_mixin.py:188} INFO - [2026-05-19T08:48:01.194+0000] {dag.py:3947} INFO - Setting next_dagrun for example_display_name to None, run_after=None
[2026-05-19T08:48:01.250+0000] {processor.py:183} INFO - Processing /home/airflow/.local/lib/python3.12/site-packages/airflow/example_dags/example_display_name.py took 0.206 seconds
[2026-05-19T08:48:31.490+0000] {processor.py:161} INFO - Started process (PID=5740) to work on /home/airflow/.local/lib/python3.12/site-packages/airflow/example_dags/example_display_name.py
[2026-05-19T08:48:31.493+0000] {processor.py:830} INFO - Processing file /home/airflow/.local/lib/python3.12/site-packages/airflow/example_dags/example_display_name.py for tasks to queue
[2026-05-19T08:48:31.500+0000] {logging_mixin.py:188} INFO - [2026-05-19T08:48:31.499+0000] {dagbag.py:545} INFO - Filling up the DagBag from /home/airflow/.local/lib/python3.12/site-packages/airflow/example_dags/example_display_name.py
[2026-05-19T08:48:31.516+0000] {processor.py:840} INFO - DAG(s) 'example_display_name' retrieved from /home/airflow/.local/lib/python3.12/site-packages/airflow/example_dags/example_display_name.py
[2026-05-19T08:48:31.571+0000] {logging_mixin.py:188} INFO - [2026-05-19T08:48:31.571+0000] {dag.py:3089} INFO - Sync 1 DAGs
[2026-05-19T08:48:31.612+0000] {logging_mixin.py:188} INFO - [2026-05-19T08:48:31.611+0000] {dag.py:3947} INFO - Setting next_dagrun for example_display_name to None, run_after=None
[2026-05-19T08:48:31.681+0000] {processor.py:183} INFO - Processing /home/airflow/.local/lib/python3.12/site-packages/airflow/example_dags/example_display_name.py took 0.212 seconds
[2026-05-19T08:49:02.051+0000] {processor.py:161} INFO - Started process (PID=5800) to work on /home/airflow/.local/lib/python3.12/site-packages/airflow/example_dags/example_display_name.py
[2026-05-19T08:49:02.055+0000] {processor.py:830} INFO - Processing file /home/airflow/.local/lib/python3.12/site-packages/airflow/example_dags/example_display_name.py for tasks to queue
[2026-05-19T08:49:02.062+0000] {logging_mixin.py:188} INFO - [2026-05-19T08:49:02.061+0000] {dagbag.py:545} INFO - Filling up the DagBag from /home/airflow/.local/lib/python3.12/site-packages/airflow/example_dags/example_display_name.py
[2026-05-19T08:49:02.080+0000] {processor.py:840} INFO - DAG(s) 'example_display_name' retrieved from /home/airflow/.local/lib/python3.12/site-packages/airflow/example_dags/example_display_name.py
[2026-05-19T08:49:02.166+0000] {logging_mixin.py:188} INFO - [2026-05-19T08:49:02.165+0000] {dag.py:3089} INFO - Sync 1 DAGs
[2026-05-19T08:49:02.213+0000] {logging_mixin.py:188} INFO - [2026-05-19T08:49:02.213+0000] {dag.py:3947} INFO - Setting next_dagrun for example_display_name to None, run_after=None
[2026-05-19T08:49:02.281+0000] {processor.py:183} INFO - Processing /home/airflow/.local/lib/python3.12/site-packages/airflow/example_dags/example_display_name.py took 0.260 seconds
[2026-05-19T08:49:32.884+0000] {processor.py:161} INFO - Started process (PID=5861) to work on /home/airflow/.local/lib/python3.12/site-packages/airflow/example_dags/example_display_name.py
[2026-05-19T08:49:32.893+0000] {processor.py:830} INFO - Processing file /home/airflow/.local/lib/python3.12/site-packages/airflow/example_dags/example_display_name.py for tasks to queue
[2026-05-19T08:49:32.915+0000] {logging_mixin.py:188} INFO - [2026-05-19T08:49:32.912+0000] {dagbag.py:545} INFO - Filling up the DagBag from /home/airflow/.local/lib/python3.12/site-packages/airflow/example_dags/example_display_name.py
[2026-05-19T08:49:32.957+0000] {processor.py:840} INFO - DAG(s) 'example_display_name' retrieved from /home/airflow/.local/lib/python3.12/site-packages/airflow/example_dags/example_display_name.py
[2026-05-19T08:49:33.121+0000] {logging_mixin.py:188} INFO - [2026-05-19T08:49:33.120+0000] {dag.py:3089} INFO - Sync 1 DAGs
[2026-05-19T08:49:33.185+0000] {logging_mixin.py:188} INFO - [2026-05-19T08:49:33.184+0000] {dag.py:3947} INFO - Setting next_dagrun for example_display_name to None, run_after=None
[2026-05-19T08:49:33.416+0000] {processor.py:183} INFO - Processing /home/airflow/.local/lib/python3.12/site-packages/airflow/example_dags/example_display_name.py took 0.573 seconds
[2026-05-19T08:50:04.132+0000] {processor.py:161} INFO - Started process (PID=5921) to work on /home/airflow/.local/lib/python3.12/site-packages/airflow/example_dags/example_display_name.py
[2026-05-19T08:50:04.136+0000] {processor.py:830} INFO - Processing file /home/airflow/.local/lib/python3.12/site-packages/airflow/example_dags/example_display_name.py for tasks to queue
[2026-05-19T08:50:04.149+0000] {logging_mixin.py:188} INFO - [2026-05-19T08:50:04.147+0000] {dagbag.py:545} INFO - Filling up the DagBag from /home/airflow/.local/lib/python3.12/site-packages/airflow/example_dags/example_display_name.py
[2026-05-19T08:50:04.179+0000] {processor.py:840} INFO - DAG(s) 'example_display_name' retrieved from /home/airflow/.local/lib/python3.12/site-packages/airflow/example_dags/example_display_name.py
[2026-05-19T08:50:04.269+0000] {logging_mixin.py:188} INFO - [2026-05-19T08:50:04.267+0000] {dag.py:3089} INFO - Sync 1 DAGs
[2026-05-19T08:50:04.328+0000] {logging_mixin.py:188} INFO - [2026-05-19T08:50:04.327+0000] {dag.py:3947} INFO - Setting next_dagrun for example_display_name to None, run_after=None
[2026-05-19T08:50:04.410+0000] {processor.py:183} INFO - Processing /home/airflow/.local/lib/python3.12/site-packages/airflow/example_dags/example_display_name.py took 0.300 seconds
[2026-05-19T08:50:34.588+0000] {processor.py:161} INFO - Started process (PID=5982) to work on /home/airflow/.local/lib/python3.12/site-packages/airflow/example_dags/example_display_name.py
[2026-05-19T08:50:34.594+0000] {processor.py:830} INFO - Processing file /home/airflow/.local/lib/python3.12/site-packages/airflow/example_dags/example_display_name.py for tasks to queue
[2026-05-19T08:50:34.602+0000] {logging_mixin.py:188} INFO - [2026-05-19T08:50:34.601+0000] {dagbag.py:545} INFO - Filling up the DagBag from /home/airflow/.local/lib/python3.12/site-packages/airflow/example_dags/example_display_name.py
[2026-05-19T08:50:34.621+0000] {processor.py:840} INFO - DAG(s) 'example_display_name' retrieved from /home/airflow/.local/lib/python3.12/site-packages/airflow/example_dags/example_display_name.py
[2026-05-19T08:50:34.689+0000] {logging_mixin.py:188} INFO - [2026-05-19T08:50:34.688+0000] {dag.py:3089} INFO - Sync 1 DAGs
[2026-05-19T08:50:34.738+0000] {logging_mixin.py:188} INFO - [2026-05-19T08:50:34.736+0000] {dag.py:3947} INFO - Setting next_dagrun for example_display_name to None, run_after=None
[2026-05-19T08:50:34.829+0000] {processor.py:183} INFO - Processing /home/airflow/.local/lib/python3.12/site-packages/airflow/example_dags/example_display_name.py took 0.260 seconds
[2026-05-19T08:51:05.001+0000] {processor.py:161} INFO - Started process (PID=6042) to work on /home/airflow/.local/lib/python3.12/site-packages/airflow/example_dags/example_display_name.py
[2026-05-19T08:51:05.004+0000] {processor.py:830} INFO - Processing file /home/airflow/.local/lib/python3.12/site-packages/airflow/example_dags/example_display_name.py for tasks to queue
[2026-05-19T08:51:05.013+0000] {logging_mixin.py:188} INFO - [2026-05-19T08:51:05.012+0000] {dagbag.py:545} INFO - Filling up the DagBag from /home/airflow/.local/lib/python3.12/site-packages/airflow/example_dags/example_display_name.py
[2026-05-19T08:51:05.027+0000] {processor.py:840} INFO - DAG(s) 'example_display_name' retrieved from /home/airflow/.local/lib/python3.12/site-packages/airflow/example_dags/example_display_name.py
[2026-05-19T08:51:05.097+0000] {logging_mixin.py:188} INFO - [2026-05-19T08:51:05.096+0000] {dag.py:3089} INFO - Sync 1 DAGs
[2026-05-19T08:51:05.188+0000] {logging_mixin.py:188} INFO - [2026-05-19T08:51:05.187+0000] {dag.py:3947} INFO - Setting next_dagrun for example_display_name to None, run_after=None
[2026-05-19T08:51:05.295+0000] {processor.py:183} INFO - Processing /home/airflow/.local/lib/python3.12/site-packages/airflow/example_dags/example_display_name.py took 0.313 seconds
[2026-05-19T08:51:35.547+0000] {processor.py:161} INFO - Started process (PID=6102) to work on /home/airflow/.local/lib/python3.12/site-packages/airflow/example_dags/example_display_name.py
[2026-05-19T08:51:35.551+0000] {processor.py:830} INFO - Processing file /home/airflow/.local/lib/python3.12/site-packages/airflow/example_dags/example_display_name.py for tasks to queue
[2026-05-19T08:51:35.558+0000] {logging_mixin.py:188} INFO - [2026-05-19T08:51:35.556+0000] {dagbag.py:545} INFO - Filling up the DagBag from /home/airflow/.local/lib/python3.12/site-packages/airflow/example_dags/example_display_name.py
[2026-05-19T08:51:35.580+0000] {processor.py:840} INFO - DAG(s) 'example_display_name' retrieved from /home/airflow/.local/lib/python3.12/site-packages/airflow/example_dags/example_display_name.py
[2026-05-19T08:51:35.657+0000] {logging_mixin.py:188} INFO - [2026-05-19T08:51:35.657+0000] {dag.py:3089} INFO - Sync 1 DAGs
[2026-05-19T08:51:35.702+0000] {logging_mixin.py:188} INFO - [2026-05-19T08:51:35.702+0000] {dag.py:3947} INFO - Setting next_dagrun for example_display_name to None, run_after=None
[2026-05-19T08:51:35.767+0000] {processor.py:183} INFO - Processing /home/airflow/.local/lib/python3.12/site-packages/airflow/example_dags/example_display_name.py took 0.244 seconds
[2026-05-19T08:52:06.443+0000] {processor.py:161} INFO - Started process (PID=6169) to work on /home/airflow/.local/lib/python3.12/site-packages/airflow/example_dags/example_display_name.py
[2026-05-19T08:52:06.446+0000] {processor.py:830} INFO - Processing file /home/airflow/.local/lib/python3.12/site-packages/airflow/example_dags/example_display_name.py for tasks to queue
[2026-05-19T08:52:06.470+0000] {logging_mixin.py:188} INFO - [2026-05-19T08:52:06.467+0000] {dagbag.py:545} INFO - Filling up the DagBag from /home/airflow/.local/lib/python3.12/site-packages/airflow/example_dags/example_display_name.py
[2026-05-19T08:52:06.495+0000] {processor.py:840} INFO - DAG(s) 'example_display_name' retrieved from /home/airflow/.local/lib/python3.12/site-packages/airflow/example_dags/example_display_name.py
[2026-05-19T08:52:06.578+0000] {logging_mixin.py:188} INFO - [2026-05-19T08:52:06.577+0000] {dag.py:3089} INFO - Sync 1 DAGs
[2026-05-19T08:52:06.619+0000] {logging_mixin.py:188} INFO - [2026-05-19T08:52:06.619+0000] {dag.py:3947} INFO - Setting next_dagrun for example_display_name to None, run_after=None
[2026-05-19T08:52:06.684+0000] {processor.py:183} INFO - Processing /home/airflow/.local/lib/python3.12/site-packages/airflow/example_dags/example_display_name.py took 0.261 seconds
[2026-05-19T08:52:37.168+0000] {processor.py:161} INFO - Started process (PID=6228) to work on /home/airflow/.local/lib/python3.12/site-packages/airflow/example_dags/example_display_name.py
[2026-05-19T08:52:37.172+0000] {processor.py:830} INFO - Processing file /home/airflow/.local/lib/python3.12/site-packages/airflow/example_dags/example_display_name.py for tasks to queue
[2026-05-19T08:52:37.178+0000] {logging_mixin.py:188} INFO - [2026-05-19T08:52:37.177+0000] {dagbag.py:545} INFO - Filling up the DagBag from /home/airflow/.local/lib/python3.12/site-packages/airflow/example_dags/example_display_name.py
[2026-05-19T08:52:37.193+0000] {processor.py:840} INFO - DAG(s) 'example_display_name' retrieved from /home/airflow/.local/lib/python3.12/site-packages/airflow/example_dags/example_display_name.py
[2026-05-19T08:52:37.252+0000] {logging_mixin.py:188} INFO - [2026-05-19T08:52:37.252+0000] {dag.py:3089} INFO - Sync 1 DAGs
[2026-05-19T08:52:37.288+0000] {logging_mixin.py:188} INFO - [2026-05-19T08:52:37.288+0000] {dag.py:3947} INFO - Setting next_dagrun for example_display_name to None, run_after=None
[2026-05-19T08:52:37.349+0000] {processor.py:183} INFO - Processing /home/airflow/.local/lib/python3.12/site-packages/airflow/example_dags/example_display_name.py took 0.198 seconds
[2026-05-19T08:53:08.214+0000] {processor.py:161} INFO - Started process (PID=6286) to work on /home/airflow/.local/lib/python3.12/site-packages/airflow/example_dags/example_display_name.py
[2026-05-19T08:53:08.217+0000] {processor.py:830} INFO - Processing file /home/airflow/.local/lib/python3.12/site-packages/airflow/example_dags/example_display_name.py for tasks to queue
[2026-05-19T08:53:08.223+0000] {logging_mixin.py:188} INFO - [2026-05-19T08:53:08.222+0000] {dagbag.py:545} INFO - Filling up the DagBag from /home/airflow/.local/lib/python3.12/site-packages/airflow/example_dags/example_display_name.py
[2026-05-19T08:53:08.236+0000] {processor.py:840} INFO - DAG(s) 'example_display_name' retrieved from /home/airflow/.local/lib/python3.12/site-packages/airflow/example_dags/example_display_name.py
[2026-05-19T08:53:08.289+0000] {logging_mixin.py:188} INFO - [2026-05-19T08:53:08.288+0000] {dag.py:3089} INFO - Sync 1 DAGs
[2026-05-19T08:53:08.320+0000] {logging_mixin.py:188} INFO - [2026-05-19T08:53:08.320+0000] {dag.py:3947} INFO - Setting next_dagrun for example_display_name to None, run_after=None
[2026-05-19T08:53:08.374+0000] {processor.py:183} INFO - Processing /home/airflow/.local/lib/python3.12/site-packages/airflow/example_dags/example_display_name.py took 0.173 seconds
[2026-05-19T08:53:39.423+0000] {processor.py:161} INFO - Started process (PID=6344) to work on /home/airflow/.local/lib/python3.12/site-packages/airflow/example_dags/example_display_name.py
[2026-05-19T08:53:39.426+0000] {processor.py:830} INFO - Processing file /home/airflow/.local/lib/python3.12/site-packages/airflow/example_dags/example_display_name.py for tasks to queue
[2026-05-19T08:53:39.432+0000] {logging_mixin.py:188} INFO - [2026-05-19T08:53:39.431+0000] {dagbag.py:545} INFO - Filling up the DagBag from /home/airflow/.local/lib/python3.12/site-packages/airflow/example_dags/example_display_name.py
[2026-05-19T08:53:39.448+0000] {processor.py:840} INFO - DAG(s) 'example_display_name' retrieved from /home/airflow/.local/lib/python3.12/site-packages/airflow/example_dags/example_display_name.py
[2026-05-19T08:53:39.512+0000] {logging_mixin.py:188} INFO - [2026-05-19T08:53:39.511+0000] {dag.py:3089} INFO - Sync 1 DAGs
[2026-05-19T08:53:39.548+0000] {logging_mixin.py:188} INFO - [2026-05-19T08:53:39.547+0000] {dag.py:3947} INFO - Setting next_dagrun for example_display_name to None, run_after=None
[2026-05-19T08:53:39.609+0000] {processor.py:183} INFO - Processing /home/airflow/.local/lib/python3.12/site-packages/airflow/example_dags/example_display_name.py took 0.201 seconds
[2026-05-19T08:54:10.332+0000] {processor.py:161} INFO - Started process (PID=6403) to work on /home/airflow/.local/lib/python3.12/site-packages/airflow/example_dags/example_display_name.py
[2026-05-19T08:54:10.336+0000] {processor.py:830} INFO - Processing file /home/airflow/.local/lib/python3.12/site-packages/airflow/example_dags/example_display_name.py for tasks to queue
[2026-05-19T08:54:10.342+0000] {logging_mixin.py:188} INFO - [2026-05-19T08:54:10.341+0000] {dagbag.py:545} INFO - Filling up the DagBag from /home/airflow/.local/lib/python3.12/site-packages/airflow/example_dags/example_display_name.py
[2026-05-19T08:54:10.361+0000] {processor.py:840} INFO - DAG(s) 'example_display_name' retrieved from /home/airflow/.local/lib/python3.12/site-packages/airflow/example_dags/example_display_name.py
[2026-05-19T08:54:10.423+0000] {logging_mixin.py:188} INFO - [2026-05-19T08:54:10.422+0000] {dag.py:3089} INFO - Sync 1 DAGs
[2026-05-19T08:54:10.456+0000] {logging_mixin.py:188} INFO - [2026-05-19T08:54:10.456+0000] {dag.py:3947} INFO - Setting next_dagrun for example_display_name to None, run_after=None
[2026-05-19T08:54:10.536+0000] {processor.py:183} INFO - Processing /home/airflow/.local/lib/python3.12/site-packages/airflow/example_dags/example_display_name.py took 0.227 seconds
[2026-05-19T08:54:40.815+0000] {processor.py:161} INFO - Started process (PID=6463) to work on /home/airflow/.local/lib/python3.12/site-packages/airflow/example_dags/example_display_name.py
[2026-05-19T08:54:40.820+0000] {processor.py:830} INFO - Processing file /home/airflow/.local/lib/python3.12/site-packages/airflow/example_dags/example_display_name.py for tasks to queue
[2026-05-19T08:54:40.829+0000] {logging_mixin.py:188} INFO - [2026-05-19T08:54:40.828+0000] {dagbag.py:545} INFO - Filling up the DagBag from /home/airflow/.local/lib/python3.12/site-packages/airflow/example_dags/example_display_name.py
[2026-05-19T08:54:40.854+0000] {processor.py:840} INFO - DAG(s) 'example_display_name' retrieved from /home/airflow/.local/lib/python3.12/site-packages/airflow/example_dags/example_display_name.py
[2026-05-19T08:54:40.951+0000] {logging_mixin.py:188} INFO - [2026-05-19T08:54:40.950+0000] {dag.py:3089} INFO - Sync 1 DAGs
[2026-05-19T08:54:41.016+0000] {logging_mixin.py:188} INFO - [2026-05-19T08:54:41.014+0000] {dag.py:3947} INFO - Setting next_dagrun for example_display_name to None, run_after=None
[2026-05-19T08:54:41.131+0000] {processor.py:183} INFO - Processing /home/airflow/.local/lib/python3.12/site-packages/airflow/example_dags/example_display_name.py took 0.336 seconds
[2026-05-19T08:55:14.285+0000] {processor.py:161} INFO - Started process (PID=6523) to work on /home/airflow/.local/lib/python3.12/site-packages/airflow/example_dags/example_display_name.py
[2026-05-19T08:55:14.287+0000] {processor.py:830} INFO - Processing file /home/airflow/.local/lib/python3.12/site-packages/airflow/example_dags/example_display_name.py for tasks to queue
[2026-05-19T08:55:14.293+0000] {logging_mixin.py:188} INFO - [2026-05-19T08:55:14.292+0000] {dagbag.py:545} INFO - Filling up the DagBag from /home/airflow/.local/lib/python3.12/site-packages/airflow/example_dags/example_display_name.py
[2026-05-19T08:55:14.305+0000] {processor.py:840} INFO - DAG(s) 'example_display_name' retrieved from /home/airflow/.local/lib/python3.12/site-packages/airflow/example_dags/example_display_name.py
[2026-05-19T08:55:14.353+0000] {logging_mixin.py:188} INFO - [2026-05-19T08:55:14.353+0000] {dag.py:3089} INFO - Sync 1 DAGs
[2026-05-19T08:55:14.399+0000] {logging_mixin.py:188} INFO - [2026-05-19T08:55:14.398+0000] {dag.py:3947} INFO - Setting next_dagrun for example_display_name to None, run_after=None
[2026-05-19T08:55:14.478+0000] {processor.py:183} INFO - Processing /home/airflow/.local/lib/python3.12/site-packages/airflow/example_dags/example_display_name.py took 0.206 seconds
[2026-05-19T08:55:44.847+0000] {processor.py:161} INFO - Started process (PID=6579) to work on /home/airflow/.local/lib/python3.12/site-packages/airflow/example_dags/example_display_name.py
[2026-05-19T08:55:44.853+0000] {processor.py:830} INFO - Processing file /home/airflow/.local/lib/python3.12/site-packages/airflow/example_dags/example_display_name.py for tasks to queue
[2026-05-19T08:55:44.879+0000] {logging_mixin.py:188} INFO - [2026-05-19T08:55:44.877+0000] {dagbag.py:545} INFO - Filling up the DagBag from /home/airflow/.local/lib/python3.12/site-packages/airflow/example_dags/example_display_name.py
[2026-05-19T08:55:44.912+0000] {processor.py:840} INFO - DAG(s) 'example_display_name' retrieved from /home/airflow/.local/lib/python3.12/site-packages/airflow/example_dags/example_display_name.py
[2026-05-19T08:55:44.990+0000] {logging_mixin.py:188} INFO - [2026-05-19T08:55:44.989+0000] {dag.py:3089} INFO - Sync 1 DAGs
[2026-05-19T08:55:45.059+0000] {logging_mixin.py:188} INFO - [2026-05-19T08:55:45.057+0000] {dag.py:3947} INFO - Setting next_dagrun for example_display_name to None, run_after=None
[2026-05-19T08:55:45.158+0000] {processor.py:183} INFO - Processing /home/airflow/.local/lib/python3.12/site-packages/airflow/example_dags/example_display_name.py took 0.342 seconds
[2026-05-19T08:56:16.233+0000] {processor.py:161} INFO - Started process (PID=6639) to work on /home/airflow/.local/lib/python3.12/site-packages/airflow/example_dags/example_display_name.py
[2026-05-19T08:56:16.239+0000] {processor.py:830} INFO - Processing file /home/airflow/.local/lib/python3.12/site-packages/airflow/example_dags/example_display_name.py for tasks to queue
[2026-05-19T08:56:16.248+0000] {logging_mixin.py:188} INFO - [2026-05-19T08:56:16.246+0000] {dagbag.py:545} INFO - Filling up the DagBag from /home/airflow/.local/lib/python3.12/site-packages/airflow/example_dags/example_display_name.py
[2026-05-19T08:56:16.268+0000] {processor.py:840} INFO - DAG(s) 'example_display_name' retrieved from /home/airflow/.local/lib/python3.12/site-packages/airflow/example_dags/example_display_name.py
[2026-05-19T08:56:16.338+0000] {logging_mixin.py:188} INFO - [2026-05-19T08:56:16.337+0000] {dag.py:3089} INFO - Sync 1 DAGs
[2026-05-19T08:56:16.379+0000] {logging_mixin.py:188} INFO - [2026-05-19T08:56:16.379+0000] {dag.py:3947} INFO - Setting next_dagrun for example_display_name to None, run_after=None
[2026-05-19T08:56:16.478+0000] {processor.py:183} INFO - Processing /home/airflow/.local/lib/python3.12/site-packages/airflow/example_dags/example_display_name.py took 0.272 seconds
[2026-05-19T08:56:47.215+0000] {processor.py:161} INFO - Started process (PID=6698) to work on /home/airflow/.local/lib/python3.12/site-packages/airflow/example_dags/example_display_name.py
[2026-05-19T08:56:47.219+0000] {processor.py:830} INFO - Processing file /home/airflow/.local/lib/python3.12/site-packages/airflow/example_dags/example_display_name.py for tasks to queue
[2026-05-19T08:56:47.231+0000] {logging_mixin.py:188} INFO - [2026-05-19T08:56:47.228+0000] {dagbag.py:545} INFO - Filling up the DagBag from /home/airflow/.local/lib/python3.12/site-packages/airflow/example_dags/example_display_name.py
[2026-05-19T08:56:47.255+0000] {processor.py:840} INFO - DAG(s) 'example_display_name' retrieved from /home/airflow/.local/lib/python3.12/site-packages/airflow/example_dags/example_display_name.py
[2026-05-19T08:56:47.346+0000] {logging_mixin.py:188} INFO - [2026-05-19T08:56:47.346+0000] {dag.py:3089} INFO - Sync 1 DAGs
[2026-05-19T08:56:47.405+0000] {logging_mixin.py:188} INFO - [2026-05-19T08:56:47.404+0000] {dag.py:3947} INFO - Setting next_dagrun for example_display_name to None, run_after=None
[2026-05-19T08:56:47.496+0000] {processor.py:183} INFO - Processing /home/airflow/.local/lib/python3.12/site-packages/airflow/example_dags/example_display_name.py took 0.307 seconds
[2026-05-19T08:57:17.853+0000] {processor.py:161} INFO - Started process (PID=6757) to work on /home/airflow/.local/lib/python3.12/site-packages/airflow/example_dags/example_display_name.py
[2026-05-19T08:57:17.857+0000] {processor.py:830} INFO - Processing file /home/airflow/.local/lib/python3.12/site-packages/airflow/example_dags/example_display_name.py for tasks to queue
[2026-05-19T08:57:17.869+0000] {logging_mixin.py:188} INFO - [2026-05-19T08:57:17.868+0000] {dagbag.py:545} INFO - Filling up the DagBag from /home/airflow/.local/lib/python3.12/site-packages/airflow/example_dags/example_display_name.py
[2026-05-19T08:57:17.894+0000] {processor.py:840} INFO - DAG(s) 'example_display_name' retrieved from /home/airflow/.local/lib/python3.12/site-packages/airflow/example_dags/example_display_name.py
[2026-05-19T08:57:17.987+0000] {logging_mixin.py:188} INFO - [2026-05-19T08:57:17.986+0000] {dag.py:3089} INFO - Sync 1 DAGs
[2026-05-19T08:57:18.072+0000] {logging_mixin.py:188} INFO - [2026-05-19T08:57:18.069+0000] {dag.py:3947} INFO - Setting next_dagrun for example_display_name to None, run_after=None
[2026-05-19T08:57:18.218+0000] {processor.py:183} INFO - Processing /home/airflow/.local/lib/python3.12/site-packages/airflow/example_dags/example_display_name.py took 0.394 seconds
[2026-05-19T08:57:49.384+0000] {processor.py:161} INFO - Started process (PID=6817) to work on /home/airflow/.local/lib/python3.12/site-packages/airflow/example_dags/example_display_name.py
[2026-05-19T08:57:49.400+0000] {processor.py:830} INFO - Processing file /home/airflow/.local/lib/python3.12/site-packages/airflow/example_dags/example_display_name.py for tasks to queue
[2026-05-19T08:57:49.427+0000] {logging_mixin.py:188} INFO - [2026-05-19T08:57:49.425+0000] {dagbag.py:545} INFO - Filling up the DagBag from /home/airflow/.local/lib/python3.12/site-packages/airflow/example_dags/example_display_name.py
[2026-05-19T08:57:49.466+0000] {processor.py:840} INFO - DAG(s) 'example_display_name' retrieved from /home/airflow/.local/lib/python3.12/site-packages/airflow/example_dags/example_display_name.py
[2026-05-19T08:57:49.637+0000] {logging_mixin.py:188} INFO - [2026-05-19T08:57:49.636+0000] {dag.py:3089} INFO - Sync 1 DAGs
[2026-05-19T08:57:49.724+0000] {logging_mixin.py:188} INFO - [2026-05-19T08:57:49.723+0000] {dag.py:3947} INFO - Setting next_dagrun for example_display_name to None, run_after=None
[2026-05-19T08:57:49.844+0000] {processor.py:183} INFO - Processing /home/airflow/.local/lib/python3.12/site-packages/airflow/example_dags/example_display_name.py took 0.499 seconds
[2026-05-19T08:58:20.515+0000] {processor.py:161} INFO - Started process (PID=6877) to work on /home/airflow/.local/lib/python3.12/site-packages/airflow/example_dags/example_display_name.py
[2026-05-19T08:58:20.519+0000] {processor.py:830} INFO - Processing file /home/airflow/.local/lib/python3.12/site-packages/airflow/example_dags/example_display_name.py for tasks to queue
[2026-05-19T08:58:20.533+0000] {logging_mixin.py:188} INFO - [2026-05-19T08:58:20.532+0000] {dagbag.py:545} INFO - Filling up the DagBag from /home/airflow/.local/lib/python3.12/site-packages/airflow/example_dags/example_display_name.py
[2026-05-19T08:58:20.554+0000] {processor.py:840} INFO - DAG(s) 'example_display_name' retrieved from /home/airflow/.local/lib/python3.12/site-packages/airflow/example_dags/example_display_name.py
[2026-05-19T08:58:20.654+0000] {logging_mixin.py:188} INFO - [2026-05-19T08:58:20.652+0000] {dag.py:3089} INFO - Sync 1 DAGs
[2026-05-19T08:58:20.821+0000] {logging_mixin.py:188} INFO - [2026-05-19T08:58:20.820+0000] {dag.py:3947} INFO - Setting next_dagrun for example_display_name to None, run_after=None
[2026-05-19T08:58:20.900+0000] {processor.py:183} INFO - Processing /home/airflow/.local/lib/python3.12/site-packages/airflow/example_dags/example_display_name.py took 0.415 seconds
[2026-05-19T08:58:51.736+0000] {processor.py:161} INFO - Started process (PID=6937) to work on /home/airflow/.local/lib/python3.12/site-packages/airflow/example_dags/example_display_name.py
[2026-05-19T08:58:51.740+0000] {processor.py:830} INFO - Processing file /home/airflow/.local/lib/python3.12/site-packages/airflow/example_dags/example_display_name.py for tasks to queue
[2026-05-19T08:58:51.754+0000] {logging_mixin.py:188} INFO - [2026-05-19T08:58:51.752+0000] {dagbag.py:545} INFO - Filling up the DagBag from /home/airflow/.local/lib/python3.12/site-packages/airflow/example_dags/example_display_name.py
[2026-05-19T08:58:51.781+0000] {processor.py:840} INFO - DAG(s) 'example_display_name' retrieved from /home/airflow/.local/lib/python3.12/site-packages/airflow/example_dags/example_display_name.py
[2026-05-19T08:58:51.888+0000] {logging_mixin.py:188} INFO - [2026-05-19T08:58:51.887+0000] {dag.py:3089} INFO - Sync 1 DAGs
[2026-05-19T08:58:52.009+0000] {logging_mixin.py:188} INFO - [2026-05-19T08:58:52.008+0000] {dag.py:3947} INFO - Setting next_dagrun for example_display_name to None, run_after=None
[2026-05-19T08:58:52.126+0000] {processor.py:183} INFO - Processing /home/airflow/.local/lib/python3.12/site-packages/airflow/example_dags/example_display_name.py took 0.410 seconds
[2026-05-19T08:59:24.427+0000] {processor.py:161} INFO - Started process (PID=6992) to work on /home/airflow/.local/lib/python3.12/site-packages/airflow/example_dags/example_display_name.py
[2026-05-19T08:59:24.438+0000] {processor.py:830} INFO - Processing file /home/airflow/.local/lib/python3.12/site-packages/airflow/example_dags/example_display_name.py for tasks to queue
[2026-05-19T08:59:24.454+0000] {logging_mixin.py:188} INFO - [2026-05-19T08:59:24.450+0000] {dagbag.py:545} INFO - Filling up the DagBag from /home/airflow/.local/lib/python3.12/site-packages/airflow/example_dags/example_display_name.py
[2026-05-19T08:59:24.516+0000] {processor.py:840} INFO - DAG(s) 'example_display_name' retrieved from /home/airflow/.local/lib/python3.12/site-packages/airflow/example_dags/example_display_name.py
[2026-05-19T08:59:24.598+0000] {logging_mixin.py:188} INFO - [2026-05-19T08:59:24.596+0000] {dag.py:3089} INFO - Sync 1 DAGs
[2026-05-19T08:59:24.702+0000] {logging_mixin.py:188} INFO - [2026-05-19T08:59:24.698+0000] {dag.py:3947} INFO - Setting next_dagrun for example_display_name to None, run_after=None
[2026-05-19T08:59:24.894+0000] {processor.py:183} INFO - Processing /home/airflow/.local/lib/python3.12/site-packages/airflow/example_dags/example_display_name.py took 0.493 seconds
[2026-05-19T08:59:57.815+0000] {processor.py:161} INFO - Started process (PID=7043) to work on /home/airflow/.local/lib/python3.12/site-packages/airflow/example_dags/example_display_name.py
[2026-05-19T08:59:57.820+0000] {processor.py:830} INFO - Processing file /home/airflow/.local/lib/python3.12/site-packages/airflow/example_dags/example_display_name.py for tasks to queue
[2026-05-19T08:59:57.826+0000] {logging_mixin.py:188} INFO - [2026-05-19T08:59:57.825+0000] {dagbag.py:545} INFO - Filling up the DagBag from /home/airflow/.local/lib/python3.12/site-packages/airflow/example_dags/example_display_name.py
[2026-05-19T08:59:57.850+0000] {processor.py:840} INFO - DAG(s) 'example_display_name' retrieved from /home/airflow/.local/lib/python3.12/site-packages/airflow/example_dags/example_display_name.py
[2026-05-19T08:59:57.926+0000] {logging_mixin.py:188} INFO - [2026-05-19T08:59:57.925+0000] {dag.py:3089} INFO - Sync 1 DAGs
[2026-05-19T08:59:57.974+0000] {logging_mixin.py:188} INFO - [2026-05-19T08:59:57.973+0000] {dag.py:3947} INFO - Setting next_dagrun for example_display_name to None, run_after=None
[2026-05-19T08:59:58.061+0000] {processor.py:183} INFO - Processing /home/airflow/.local/lib/python3.12/site-packages/airflow/example_dags/example_display_name.py took 0.267 seconds
[2026-05-19T09:00:29.893+0000] {processor.py:161} INFO - Started process (PID=7103) to work on /home/airflow/.local/lib/python3.12/site-packages/airflow/example_dags/example_display_name.py
[2026-05-19T09:00:29.896+0000] {processor.py:830} INFO - Processing file /home/airflow/.local/lib/python3.12/site-packages/airflow/example_dags/example_display_name.py for tasks to queue
[2026-05-19T09:00:29.901+0000] {logging_mixin.py:188} INFO - [2026-05-19T09:00:29.900+0000] {dagbag.py:545} INFO - Filling up the DagBag from /home/airflow/.local/lib/python3.12/site-packages/airflow/example_dags/example_display_name.py
[2026-05-19T09:00:29.915+0000] {processor.py:840} INFO - DAG(s) 'example_display_name' retrieved from /home/airflow/.local/lib/python3.12/site-packages/airflow/example_dags/example_display_name.py
[2026-05-19T09:00:29.982+0000] {logging_mixin.py:188} INFO - [2026-05-19T09:00:29.982+0000] {dag.py:3089} INFO - Sync 1 DAGs
[2026-05-19T09:00:30.029+0000] {logging_mixin.py:188} INFO - [2026-05-19T09:00:30.028+0000] {dag.py:3947} INFO - Setting next_dagrun for example_display_name to None, run_after=None
[2026-05-19T09:00:30.113+0000] {processor.py:183} INFO - Processing /home/airflow/.local/lib/python3.12/site-packages/airflow/example_dags/example_display_name.py took 0.235 seconds
[2026-05-19T09:01:00.542+0000] {processor.py:161} INFO - Started process (PID=7162) to work on /home/airflow/.local/lib/python3.12/site-packages/airflow/example_dags/example_display_name.py
[2026-05-19T09:01:00.545+0000] {processor.py:830} INFO - Processing file /home/airflow/.local/lib/python3.12/site-packages/airflow/example_dags/example_display_name.py for tasks to queue
[2026-05-19T09:01:00.556+0000] {logging_mixin.py:188} INFO - [2026-05-19T09:01:00.554+0000] {dagbag.py:545} INFO - Filling up the DagBag from /home/airflow/.local/lib/python3.12/site-packages/airflow/example_dags/example_display_name.py
[2026-05-19T09:01:00.585+0000] {processor.py:840} INFO - DAG(s) 'example_display_name' retrieved from /home/airflow/.local/lib/python3.12/site-packages/airflow/example_dags/example_display_name.py
[2026-05-19T09:01:00.662+0000] {logging_mixin.py:188} INFO - [2026-05-19T09:01:00.661+0000] {dag.py:3089} INFO - Sync 1 DAGs
[2026-05-19T09:01:00.699+0000] {logging_mixin.py:188} INFO - [2026-05-19T09:01:00.698+0000] {dag.py:3947} INFO - Setting next_dagrun for example_display_name to None, run_after=None
[2026-05-19T09:01:00.764+0000] {processor.py:183} INFO - Processing /home/airflow/.local/lib/python3.12/site-packages/airflow/example_dags/example_display_name.py took 0.248 seconds
[2026-05-19T09:01:32.127+0000] {processor.py:161} INFO - Started process (PID=7222) to work on /home/airflow/.local/lib/python3.12/site-packages/airflow/example_dags/example_display_name.py
[2026-05-19T09:01:32.131+0000] {processor.py:830} INFO - Processing file /home/airflow/.local/lib/python3.12/site-packages/airflow/example_dags/example_display_name.py for tasks to queue
[2026-05-19T09:01:32.139+0000] {logging_mixin.py:188} INFO - [2026-05-19T09:01:32.138+0000] {dagbag.py:545} INFO - Filling up the DagBag from /home/airflow/.local/lib/python3.12/site-packages/airflow/example_dags/example_display_name.py
[2026-05-19T09:01:32.170+0000] {processor.py:840} INFO - DAG(s) 'example_display_name' retrieved from /home/airflow/.local/lib/python3.12/site-packages/airflow/example_dags/example_display_name.py
[2026-05-19T09:01:32.328+0000] {logging_mixin.py:188} INFO - [2026-05-19T09:01:32.327+0000] {dag.py:3089} INFO - Sync 1 DAGs
[2026-05-19T09:01:32.399+0000] {logging_mixin.py:188} INFO - [2026-05-19T09:01:32.398+0000] {dag.py:3947} INFO - Setting next_dagrun for example_display_name to None, run_after=None
[2026-05-19T09:01:32.473+0000] {processor.py:183} INFO - Processing /home/airflow/.local/lib/python3.12/site-packages/airflow/example_dags/example_display_name.py took 0.377 seconds
[2026-05-19T09:02:03.396+0000] {processor.py:161} INFO - Started process (PID=7282) to work on /home/airflow/.local/lib/python3.12/site-packages/airflow/example_dags/example_display_name.py
[2026-05-19T09:02:03.401+0000] {processor.py:830} INFO - Processing file /home/airflow/.local/lib/python3.12/site-packages/airflow/example_dags/example_display_name.py for tasks to queue
[2026-05-19T09:02:03.412+0000] {logging_mixin.py:188} INFO - [2026-05-19T09:02:03.410+0000] {dagbag.py:545} INFO - Filling up the DagBag from /home/airflow/.local/lib/python3.12/site-packages/airflow/example_dags/example_display_name.py
[2026-05-19T09:02:03.452+0000] {processor.py:840} INFO - DAG(s) 'example_display_name' retrieved from /home/airflow/.local/lib/python3.12/site-packages/airflow/example_dags/example_display_name.py
[2026-05-19T09:02:03.557+0000] {logging_mixin.py:188} INFO - [2026-05-19T09:02:03.555+0000] {dag.py:3089} INFO - Sync 1 DAGs
[2026-05-19T09:02:03.648+0000] {logging_mixin.py:188} INFO - [2026-05-19T09:02:03.646+0000] {dag.py:3947} INFO - Setting next_dagrun for example_display_name to None, run_after=None
[2026-05-19T09:02:03.772+0000] {processor.py:183} INFO - Processing /home/airflow/.local/lib/python3.12/site-packages/airflow/example_dags/example_display_name.py took 0.408 seconds
[2026-05-19T09:02:34.290+0000] {processor.py:161} INFO - Started process (PID=7342) to work on /home/airflow/.local/lib/python3.12/site-packages/airflow/example_dags/example_display_name.py
[2026-05-19T09:02:34.295+0000] {processor.py:830} INFO - Processing file /home/airflow/.local/lib/python3.12/site-packages/airflow/example_dags/example_display_name.py for tasks to queue
[2026-05-19T09:02:34.302+0000] {logging_mixin.py:188} INFO - [2026-05-19T09:02:34.301+0000] {dagbag.py:545} INFO - Filling up the DagBag from /home/airflow/.local/lib/python3.12/site-packages/airflow/example_dags/example_display_name.py
[2026-05-19T09:02:34.322+0000] {processor.py:840} INFO - DAG(s) 'example_display_name' retrieved from /home/airflow/.local/lib/python3.12/site-packages/airflow/example_dags/example_display_name.py
[2026-05-19T09:02:34.383+0000] {logging_mixin.py:188} INFO - [2026-05-19T09:02:34.382+0000] {dag.py:3089} INFO - Sync 1 DAGs
[2026-05-19T09:02:34.421+0000] {logging_mixin.py:188} INFO - [2026-05-19T09:02:34.420+0000] {dag.py:3947} INFO - Setting next_dagrun for example_display_name to None, run_after=None
[2026-05-19T09:02:34.510+0000] {processor.py:183} INFO - Processing /home/airflow/.local/lib/python3.12/site-packages/airflow/example_dags/example_display_name.py took 0.240 seconds
[2026-05-19T09:03:04.962+0000] {processor.py:161} INFO - Started process (PID=7402) to work on /home/airflow/.local/lib/python3.12/site-packages/airflow/example_dags/example_display_name.py
[2026-05-19T09:03:04.966+0000] {processor.py:830} INFO - Processing file /home/airflow/.local/lib/python3.12/site-packages/airflow/example_dags/example_display_name.py for tasks to queue
[2026-05-19T09:03:04.972+0000] {logging_mixin.py:188} INFO - [2026-05-19T09:03:04.971+0000] {dagbag.py:545} INFO - Filling up the DagBag from /home/airflow/.local/lib/python3.12/site-packages/airflow/example_dags/example_display_name.py
[2026-05-19T09:03:04.988+0000] {processor.py:840} INFO - DAG(s) 'example_display_name' retrieved from /home/airflow/.local/lib/python3.12/site-packages/airflow/example_dags/example_display_name.py
[2026-05-19T09:03:05.056+0000] {logging_mixin.py:188} INFO - [2026-05-19T09:03:05.055+0000] {dag.py:3089} INFO - Sync 1 DAGs
[2026-05-19T09:03:05.100+0000] {logging_mixin.py:188} INFO - [2026-05-19T09:03:05.099+0000] {dag.py:3947} INFO - Setting next_dagrun for example_display_name to None, run_after=None
[2026-05-19T09:03:05.162+0000] {processor.py:183} INFO - Processing /home/airflow/.local/lib/python3.12/site-packages/airflow/example_dags/example_display_name.py took 0.219 seconds
[2026-05-19T09:03:35.325+0000] {processor.py:161} INFO - Started process (PID=7461) to work on /home/airflow/.local/lib/python3.12/site-packages/airflow/example_dags/example_display_name.py
[2026-05-19T09:03:35.328+0000] {processor.py:830} INFO - Processing file /home/airflow/.local/lib/python3.12/site-packages/airflow/example_dags/example_display_name.py for tasks to queue
[2026-05-19T09:03:35.334+0000] {logging_mixin.py:188} INFO - [2026-05-19T09:03:35.333+0000] {dagbag.py:545} INFO - Filling up the DagBag from /home/airflow/.local/lib/python3.12/site-packages/airflow/example_dags/example_display_name.py
[2026-05-19T09:03:35.350+0000] {processor.py:840} INFO - DAG(s) 'example_display_name' retrieved from /home/airflow/.local/lib/python3.12/site-packages/airflow/example_dags/example_display_name.py
[2026-05-19T09:03:35.422+0000] {logging_mixin.py:188} INFO - [2026-05-19T09:03:35.421+0000] {dag.py:3089} INFO - Sync 1 DAGs
[2026-05-19T09:03:35.466+0000] {logging_mixin.py:188} INFO - [2026-05-19T09:03:35.465+0000] {dag.py:3947} INFO - Setting next_dagrun for example_display_name to None, run_after=None
[2026-05-19T09:03:35.547+0000] {processor.py:183} INFO - Processing /home/airflow/.local/lib/python3.12/site-packages/airflow/example_dags/example_display_name.py took 0.241 seconds
[2026-05-19T09:04:05.796+0000] {processor.py:161} INFO - Started process (PID=7521) to work on /home/airflow/.local/lib/python3.12/site-packages/airflow/example_dags/example_display_name.py
[2026-05-19T09:04:05.800+0000] {processor.py:830} INFO - Processing file /home/airflow/.local/lib/python3.12/site-packages/airflow/example_dags/example_display_name.py for tasks to queue
[2026-05-19T09:04:05.808+0000] {logging_mixin.py:188} INFO - [2026-05-19T09:04:05.807+0000] {dagbag.py:545} INFO - Filling up the DagBag from /home/airflow/.local/lib/python3.12/site-packages/airflow/example_dags/example_display_name.py
[2026-05-19T09:04:05.827+0000] {processor.py:840} INFO - DAG(s) 'example_display_name' retrieved from /home/airflow/.local/lib/python3.12/site-packages/airflow/example_dags/example_display_name.py
[2026-05-19T09:04:05.902+0000] {logging_mixin.py:188} INFO - [2026-05-19T09:04:05.901+0000] {dag.py:3089} INFO - Sync 1 DAGs
[2026-05-19T09:04:05.956+0000] {logging_mixin.py:188} INFO - [2026-05-19T09:04:05.955+0000] {dag.py:3947} INFO - Setting next_dagrun for example_display_name to None, run_after=None
[2026-05-19T09:04:06.038+0000] {processor.py:183} INFO - Processing /home/airflow/.local/lib/python3.12/site-packages/airflow/example_dags/example_display_name.py took 0.262 seconds
[2026-05-19T09:04:36.404+0000] {processor.py:161} INFO - Started process (PID=7581) to work on /home/airflow/.local/lib/python3.12/site-packages/airflow/example_dags/example_display_name.py
[2026-05-19T09:04:36.407+0000] {processor.py:830} INFO - Processing file /home/airflow/.local/lib/python3.12/site-packages/airflow/example_dags/example_display_name.py for tasks to queue
[2026-05-19T09:04:36.413+0000] {logging_mixin.py:188} INFO - [2026-05-19T09:04:36.412+0000] {dagbag.py:545} INFO - Filling up the DagBag from /home/airflow/.local/lib/python3.12/site-packages/airflow/example_dags/example_display_name.py
[2026-05-19T09:04:36.429+0000] {processor.py:840} INFO - DAG(s) 'example_display_name' retrieved from /home/airflow/.local/lib/python3.12/site-packages/airflow/example_dags/example_display_name.py
[2026-05-19T09:04:36.485+0000] {logging_mixin.py:188} INFO - [2026-05-19T09:04:36.484+0000] {dag.py:3089} INFO - Sync 1 DAGs
[2026-05-19T09:04:36.518+0000] {logging_mixin.py:188} INFO - [2026-05-19T09:04:36.517+0000] {dag.py:3947} INFO - Setting next_dagrun for example_display_name to None, run_after=None
[2026-05-19T09:04:36.579+0000] {processor.py:183} INFO - Processing /home/airflow/.local/lib/python3.12/site-packages/airflow/example_dags/example_display_name.py took 0.191 seconds
[2026-05-19T09:05:07.545+0000] {processor.py:161} INFO - Started process (PID=7641) to work on /home/airflow/.local/lib/python3.12/site-packages/airflow/example_dags/example_display_name.py
[2026-05-19T09:05:07.550+0000] {processor.py:830} INFO - Processing file /home/airflow/.local/lib/python3.12/site-packages/airflow/example_dags/example_display_name.py for tasks to queue
[2026-05-19T09:05:07.559+0000] {logging_mixin.py:188} INFO - [2026-05-19T09:05:07.557+0000] {dagbag.py:545} INFO - Filling up the DagBag from /home/airflow/.local/lib/python3.12/site-packages/airflow/example_dags/example_display_name.py
[2026-05-19T09:05:07.583+0000] {processor.py:840} INFO - DAG(s) 'example_display_name' retrieved from /home/airflow/.local/lib/python3.12/site-packages/airflow/example_dags/example_display_name.py
[2026-05-19T09:05:07.647+0000] {logging_mixin.py:188} INFO - [2026-05-19T09:05:07.646+0000] {dag.py:3089} INFO - Sync 1 DAGs
[2026-05-19T09:05:07.696+0000] {logging_mixin.py:188} INFO - [2026-05-19T09:05:07.695+0000] {dag.py:3947} INFO - Setting next_dagrun for example_display_name to None, run_after=None
[2026-05-19T09:05:07.786+0000] {processor.py:183} INFO - Processing /home/airflow/.local/lib/python3.12/site-packages/airflow/example_dags/example_display_name.py took 0.270 seconds
[2026-05-19T09:05:38.098+0000] {processor.py:161} INFO - Started process (PID=7701) to work on /home/airflow/.local/lib/python3.12/site-packages/airflow/example_dags/example_display_name.py
[2026-05-19T09:05:38.101+0000] {processor.py:830} INFO - Processing file /home/airflow/.local/lib/python3.12/site-packages/airflow/example_dags/example_display_name.py for tasks to queue
[2026-05-19T09:05:38.107+0000] {logging_mixin.py:188} INFO - [2026-05-19T09:05:38.106+0000] {dagbag.py:545} INFO - Filling up the DagBag from /home/airflow/.local/lib/python3.12/site-packages/airflow/example_dags/example_display_name.py
[2026-05-19T09:05:38.125+0000] {processor.py:840} INFO - DAG(s) 'example_display_name' retrieved from /home/airflow/.local/lib/python3.12/site-packages/airflow/example_dags/example_display_name.py
[2026-05-19T09:05:38.204+0000] {logging_mixin.py:188} INFO - [2026-05-19T09:05:38.203+0000] {dag.py:3089} INFO - Sync 1 DAGs
[2026-05-19T09:05:38.239+0000] {logging_mixin.py:188} INFO - [2026-05-19T09:05:38.238+0000] {dag.py:3947} INFO - Setting next_dagrun for example_display_name to None, run_after=None
[2026-05-19T09:05:38.312+0000] {processor.py:183} INFO - Processing /home/airflow/.local/lib/python3.12/site-packages/airflow/example_dags/example_display_name.py took 0.231 seconds
[2026-05-19T09:06:08.567+0000] {processor.py:161} INFO - Started process (PID=7759) to work on /home/airflow/.local/lib/python3.12/site-packages/airflow/example_dags/example_display_name.py
[2026-05-19T09:06:08.571+0000] {processor.py:830} INFO - Processing file /home/airflow/.local/lib/python3.12/site-packages/airflow/example_dags/example_display_name.py for tasks to queue
[2026-05-19T09:06:08.577+0000] {logging_mixin.py:188} INFO - [2026-05-19T09:06:08.576+0000] {dagbag.py:545} INFO - Filling up the DagBag from /home/airflow/.local/lib/python3.12/site-packages/airflow/example_dags/example_display_name.py
[2026-05-19T09:06:08.630+0000] {processor.py:840} INFO - DAG(s) 'example_display_name' retrieved from /home/airflow/.local/lib/python3.12/site-packages/airflow/example_dags/example_display_name.py
[2026-05-19T09:06:08.691+0000] {logging_mixin.py:188} INFO - [2026-05-19T09:06:08.690+0000] {dag.py:3089} INFO - Sync 1 DAGs
[2026-05-19T09:06:08.751+0000] {logging_mixin.py:188} INFO - [2026-05-19T09:06:08.750+0000] {dag.py:3947} INFO - Setting next_dagrun for example_display_name to None, run_after=None
[2026-05-19T09:06:08.822+0000] {processor.py:183} INFO - Processing /home/airflow/.local/lib/python3.12/site-packages/airflow/example_dags/example_display_name.py took 0.274 seconds
[2026-05-19T09:06:38.982+0000] {processor.py:161} INFO - Started process (PID=7818) to work on /home/airflow/.local/lib/python3.12/site-packages/airflow/example_dags/example_display_name.py
[2026-05-19T09:06:38.986+0000] {processor.py:830} INFO - Processing file /home/airflow/.local/lib/python3.12/site-packages/airflow/example_dags/example_display_name.py for tasks to queue
[2026-05-19T09:06:38.992+0000] {logging_mixin.py:188} INFO - [2026-05-19T09:06:38.991+0000] {dagbag.py:545} INFO - Filling up the DagBag from /home/airflow/.local/lib/python3.12/site-packages/airflow/example_dags/example_display_name.py
[2026-05-19T09:06:39.015+0000] {processor.py:840} INFO - DAG(s) 'example_display_name' retrieved from /home/airflow/.local/lib/python3.12/site-packages/airflow/example_dags/example_display_name.py
[2026-05-19T09:06:39.089+0000] {logging_mixin.py:188} INFO - [2026-05-19T09:06:39.088+0000] {dag.py:3089} INFO - Sync 1 DAGs
[2026-05-19T09:06:39.133+0000] {logging_mixin.py:188} INFO - [2026-05-19T09:06:39.133+0000] {dag.py:3947} INFO - Setting next_dagrun for example_display_name to None, run_after=None
[2026-05-19T09:06:39.221+0000] {processor.py:183} INFO - Processing /home/airflow/.local/lib/python3.12/site-packages/airflow/example_dags/example_display_name.py took 0.255 seconds
[2026-05-19T09:07:10.062+0000] {processor.py:161} INFO - Started process (PID=7878) to work on /home/airflow/.local/lib/python3.12/site-packages/airflow/example_dags/example_display_name.py
[2026-05-19T09:07:10.066+0000] {processor.py:830} INFO - Processing file /home/airflow/.local/lib/python3.12/site-packages/airflow/example_dags/example_display_name.py for tasks to queue
[2026-05-19T09:07:10.074+0000] {logging_mixin.py:188} INFO - [2026-05-19T09:07:10.072+0000] {dagbag.py:545} INFO - Filling up the DagBag from /home/airflow/.local/lib/python3.12/site-packages/airflow/example_dags/example_display_name.py
[2026-05-19T09:07:10.099+0000] {processor.py:840} INFO - DAG(s) 'example_display_name' retrieved from /home/airflow/.local/lib/python3.12/site-packages/airflow/example_dags/example_display_name.py
[2026-05-19T09:07:10.194+0000] {logging_mixin.py:188} INFO - [2026-05-19T09:07:10.193+0000] {dag.py:3089} INFO - Sync 1 DAGs
[2026-05-19T09:07:10.262+0000] {logging_mixin.py:188} INFO - [2026-05-19T09:07:10.261+0000] {dag.py:3947} INFO - Setting next_dagrun for example_display_name to None, run_after=None
[2026-05-19T09:07:10.336+0000] {processor.py:183} INFO - Processing /home/airflow/.local/lib/python3.12/site-packages/airflow/example_dags/example_display_name.py took 0.301 seconds
[2026-05-19T09:07:40.562+0000] {processor.py:161} INFO - Started process (PID=7938) to work on /home/airflow/.local/lib/python3.12/site-packages/airflow/example_dags/example_display_name.py
[2026-05-19T09:07:40.567+0000] {processor.py:830} INFO - Processing file /home/airflow/.local/lib/python3.12/site-packages/airflow/example_dags/example_display_name.py for tasks to queue
[2026-05-19T09:07:40.577+0000] {logging_mixin.py:188} INFO - [2026-05-19T09:07:40.575+0000] {dagbag.py:545} INFO - Filling up the DagBag from /home/airflow/.local/lib/python3.12/site-packages/airflow/example_dags/example_display_name.py
[2026-05-19T09:07:40.604+0000] {processor.py:840} INFO - DAG(s) 'example_display_name' retrieved from /home/airflow/.local/lib/python3.12/site-packages/airflow/example_dags/example_display_name.py
[2026-05-19T09:07:40.688+0000] {logging_mixin.py:188} INFO - [2026-05-19T09:07:40.684+0000] {dag.py:3089} INFO - Sync 1 DAGs
[2026-05-19T09:07:40.749+0000] {logging_mixin.py:188} INFO - [2026-05-19T09:07:40.748+0000] {dag.py:3947} INFO - Setting next_dagrun for example_display_name to None, run_after=None
[2026-05-19T09:07:40.824+0000] {processor.py:183} INFO - Processing /home/airflow/.local/lib/python3.12/site-packages/airflow/example_dags/example_display_name.py took 0.285 seconds
[2026-05-19T09:08:11.026+0000] {processor.py:161} INFO - Started process (PID=7997) to work on /home/airflow/.local/lib/python3.12/site-packages/airflow/example_dags/example_display_name.py
[2026-05-19T09:08:11.030+0000] {processor.py:830} INFO - Processing file /home/airflow/.local/lib/python3.12/site-packages/airflow/example_dags/example_display_name.py for tasks to queue
[2026-05-19T09:08:11.038+0000] {logging_mixin.py:188} INFO - [2026-05-19T09:08:11.036+0000] {dagbag.py:545} INFO - Filling up the DagBag from /home/airflow/.local/lib/python3.12/site-packages/airflow/example_dags/example_display_name.py
[2026-05-19T09:08:11.062+0000] {processor.py:840} INFO - DAG(s) 'example_display_name' retrieved from /home/airflow/.local/lib/python3.12/site-packages/airflow/example_dags/example_display_name.py
[2026-05-19T09:08:11.135+0000] {logging_mixin.py:188} INFO - [2026-05-19T09:08:11.134+0000] {dag.py:3089} INFO - Sync 1 DAGs
[2026-05-19T09:08:11.186+0000] {logging_mixin.py:188} INFO - [2026-05-19T09:08:11.186+0000] {dag.py:3947} INFO - Setting next_dagrun for example_display_name to None, run_after=None
[2026-05-19T09:08:11.259+0000] {processor.py:183} INFO - Processing /home/airflow/.local/lib/python3.12/site-packages/airflow/example_dags/example_display_name.py took 0.256 seconds
[2026-05-19T09:08:41.517+0000] {processor.py:161} INFO - Started process (PID=8057) to work on /home/airflow/.local/lib/python3.12/site-packages/airflow/example_dags/example_display_name.py
[2026-05-19T09:08:41.521+0000] {processor.py:830} INFO - Processing file /home/airflow/.local/lib/python3.12/site-packages/airflow/example_dags/example_display_name.py for tasks to queue
[2026-05-19T09:08:41.529+0000] {logging_mixin.py:188} INFO - [2026-05-19T09:08:41.526+0000] {dagbag.py:545} INFO - Filling up the DagBag from /home/airflow/.local/lib/python3.12/site-packages/airflow/example_dags/example_display_name.py
[2026-05-19T09:08:41.546+0000] {processor.py:840} INFO - DAG(s) 'example_display_name' retrieved from /home/airflow/.local/lib/python3.12/site-packages/airflow/example_dags/example_display_name.py
[2026-05-19T09:08:41.602+0000] {logging_mixin.py:188} INFO - [2026-05-19T09:08:41.601+0000] {dag.py:3089} INFO - Sync 1 DAGs
[2026-05-19T09:08:41.639+0000] {logging_mixin.py:188} INFO - [2026-05-19T09:08:41.639+0000] {dag.py:3947} INFO - Setting next_dagrun for example_display_name to None, run_after=None
[2026-05-19T09:08:41.736+0000] {processor.py:183} INFO - Processing /home/airflow/.local/lib/python3.12/site-packages/airflow/example_dags/example_display_name.py took 0.245 seconds
[2026-05-19T09:09:11.898+0000] {processor.py:161} INFO - Started process (PID=8117) to work on /home/airflow/.local/lib/python3.12/site-packages/airflow/example_dags/example_display_name.py
[2026-05-19T09:09:11.901+0000] {processor.py:830} INFO - Processing file /home/airflow/.local/lib/python3.12/site-packages/airflow/example_dags/example_display_name.py for tasks to queue
[2026-05-19T09:09:11.908+0000] {logging_mixin.py:188} INFO - [2026-05-19T09:09:11.907+0000] {dagbag.py:545} INFO - Filling up the DagBag from /home/airflow/.local/lib/python3.12/site-packages/airflow/example_dags/example_display_name.py
[2026-05-19T09:09:11.931+0000] {processor.py:840} INFO - DAG(s) 'example_display_name' retrieved from /home/airflow/.local/lib/python3.12/site-packages/airflow/example_dags/example_display_name.py
[2026-05-19T09:09:12.013+0000] {logging_mixin.py:188} INFO - [2026-05-19T09:09:12.012+0000] {dag.py:3089} INFO - Sync 1 DAGs
[2026-05-19T09:09:12.060+0000] {logging_mixin.py:188} INFO - [2026-05-19T09:09:12.059+0000] {dag.py:3947} INFO - Setting next_dagrun for example_display_name to None, run_after=None
[2026-05-19T09:09:12.129+0000] {processor.py:183} INFO - Processing /home/airflow/.local/lib/python3.12/site-packages/airflow/example_dags/example_display_name.py took 0.247 seconds
[2026-05-19T09:09:42.701+0000] {processor.py:161} INFO - Started process (PID=8177) to work on /home/airflow/.local/lib/python3.12/site-packages/airflow/example_dags/example_display_name.py
[2026-05-19T09:09:42.705+0000] {processor.py:830} INFO - Processing file /home/airflow/.local/lib/python3.12/site-packages/airflow/example_dags/example_display_name.py for tasks to queue
[2026-05-19T09:09:42.711+0000] {logging_mixin.py:188} INFO - [2026-05-19T09:09:42.710+0000] {dagbag.py:545} INFO - Filling up the DagBag from /home/airflow/.local/lib/python3.12/site-packages/airflow/example_dags/example_display_name.py
[2026-05-19T09:09:42.736+0000] {processor.py:840} INFO - DAG(s) 'example_display_name' retrieved from /home/airflow/.local/lib/python3.12/site-packages/airflow/example_dags/example_display_name.py
[2026-05-19T09:09:42.798+0000] {logging_mixin.py:188} INFO - [2026-05-19T09:09:42.798+0000] {dag.py:3089} INFO - Sync 1 DAGs
[2026-05-19T09:09:42.834+0000] {logging_mixin.py:188} INFO - [2026-05-19T09:09:42.834+0000] {dag.py:3947} INFO - Setting next_dagrun for example_display_name to None, run_after=None
[2026-05-19T09:09:42.899+0000] {processor.py:183} INFO - Processing /home/airflow/.local/lib/python3.12/site-packages/airflow/example_dags/example_display_name.py took 0.215 seconds
[2026-05-19T09:10:13.158+0000] {processor.py:161} INFO - Started process (PID=8238) to work on /home/airflow/.local/lib/python3.12/site-packages/airflow/example_dags/example_display_name.py
[2026-05-19T09:10:13.162+0000] {processor.py:830} INFO - Processing file /home/airflow/.local/lib/python3.12/site-packages/airflow/example_dags/example_display_name.py for tasks to queue
[2026-05-19T09:10:13.172+0000] {logging_mixin.py:188} INFO - [2026-05-19T09:10:13.171+0000] {dagbag.py:545} INFO - Filling up the DagBag from /home/airflow/.local/lib/python3.12/site-packages/airflow/example_dags/example_display_name.py
[2026-05-19T09:10:13.201+0000] {processor.py:840} INFO - DAG(s) 'example_display_name' retrieved from /home/airflow/.local/lib/python3.12/site-packages/airflow/example_dags/example_display_name.py
[2026-05-19T09:10:13.305+0000] {logging_mixin.py:188} INFO - [2026-05-19T09:10:13.304+0000] {dag.py:3089} INFO - Sync 1 DAGs
[2026-05-19T09:10:13.436+0000] {logging_mixin.py:188} INFO - [2026-05-19T09:10:13.434+0000] {dag.py:3947} INFO - Setting next_dagrun for example_display_name to None, run_after=None
[2026-05-19T09:10:13.668+0000] {processor.py:183} INFO - Processing /home/airflow/.local/lib/python3.12/site-packages/airflow/example_dags/example_display_name.py took 0.533 seconds
[2026-05-19T09:10:45.506+0000] {processor.py:161} INFO - Started process (PID=8299) to work on /home/airflow/.local/lib/python3.12/site-packages/airflow/example_dags/example_display_name.py
[2026-05-19T09:10:45.509+0000] {processor.py:830} INFO - Processing file /home/airflow/.local/lib/python3.12/site-packages/airflow/example_dags/example_display_name.py for tasks to queue
[2026-05-19T09:10:45.514+0000] {logging_mixin.py:188} INFO - [2026-05-19T09:10:45.514+0000] {dagbag.py:545} INFO - Filling up the DagBag from /home/airflow/.local/lib/python3.12/site-packages/airflow/example_dags/example_display_name.py
[2026-05-19T09:10:45.532+0000] {processor.py:840} INFO - DAG(s) 'example_display_name' retrieved from /home/airflow/.local/lib/python3.12/site-packages/airflow/example_dags/example_display_name.py
[2026-05-19T09:10:45.599+0000] {logging_mixin.py:188} INFO - [2026-05-19T09:10:45.598+0000] {dag.py:3089} INFO - Sync 1 DAGs
[2026-05-19T09:10:45.641+0000] {logging_mixin.py:188} INFO - [2026-05-19T09:10:45.640+0000] {dag.py:3947} INFO - Setting next_dagrun for example_display_name to None, run_after=None
[2026-05-19T09:10:45.710+0000] {processor.py:183} INFO - Processing /home/airflow/.local/lib/python3.12/site-packages/airflow/example_dags/example_display_name.py took 0.221 seconds
[2026-05-19T09:11:16.402+0000] {processor.py:161} INFO - Started process (PID=8364) to work on /home/airflow/.local/lib/python3.12/site-packages/airflow/example_dags/example_display_name.py
[2026-05-19T09:11:16.405+0000] {processor.py:830} INFO - Processing file /home/airflow/.local/lib/python3.12/site-packages/airflow/example_dags/example_display_name.py for tasks to queue
[2026-05-19T09:11:16.413+0000] {logging_mixin.py:188} INFO - [2026-05-19T09:11:16.412+0000] {dagbag.py:545} INFO - Filling up the DagBag from /home/airflow/.local/lib/python3.12/site-packages/airflow/example_dags/example_display_name.py
[2026-05-19T09:11:16.436+0000] {processor.py:840} INFO - DAG(s) 'example_display_name' retrieved from /home/airflow/.local/lib/python3.12/site-packages/airflow/example_dags/example_display_name.py
[2026-05-19T09:11:16.562+0000] {logging_mixin.py:188} INFO - [2026-05-19T09:11:16.552+0000] {dag.py:3089} INFO - Sync 1 DAGs
[2026-05-19T09:11:16.640+0000] {logging_mixin.py:188} INFO - [2026-05-19T09:11:16.638+0000] {dag.py:3947} INFO - Setting next_dagrun for example_display_name to None, run_after=None
[2026-05-19T09:11:16.763+0000] {processor.py:183} INFO - Processing /home/airflow/.local/lib/python3.12/site-packages/airflow/example_dags/example_display_name.py took 0.380 seconds
[2026-05-19T09:11:47.697+0000] {processor.py:161} INFO - Started process (PID=8424) to work on /home/airflow/.local/lib/python3.12/site-packages/airflow/example_dags/example_display_name.py
[2026-05-19T09:11:47.700+0000] {processor.py:830} INFO - Processing file /home/airflow/.local/lib/python3.12/site-packages/airflow/example_dags/example_display_name.py for tasks to queue
[2026-05-19T09:11:47.707+0000] {logging_mixin.py:188} INFO - [2026-05-19T09:11:47.706+0000] {dagbag.py:545} INFO - Filling up the DagBag from /home/airflow/.local/lib/python3.12/site-packages/airflow/example_dags/example_display_name.py
[2026-05-19T09:11:47.731+0000] {processor.py:840} INFO - DAG(s) 'example_display_name' retrieved from /home/airflow/.local/lib/python3.12/site-packages/airflow/example_dags/example_display_name.py
[2026-05-19T09:11:47.800+0000] {logging_mixin.py:188} INFO - [2026-05-19T09:11:47.799+0000] {dag.py:3089} INFO - Sync 1 DAGs
[2026-05-19T09:11:47.857+0000] {logging_mixin.py:188} INFO - [2026-05-19T09:11:47.856+0000] {dag.py:3947} INFO - Setting next_dagrun for example_display_name to None, run_after=None
[2026-05-19T09:11:47.957+0000] {processor.py:183} INFO - Processing /home/airflow/.local/lib/python3.12/site-packages/airflow/example_dags/example_display_name.py took 0.289 seconds
[2026-05-19T09:12:18.174+0000] {processor.py:161} INFO - Started process (PID=8482) to work on /home/airflow/.local/lib/python3.12/site-packages/airflow/example_dags/example_display_name.py
[2026-05-19T09:12:18.178+0000] {processor.py:830} INFO - Processing file /home/airflow/.local/lib/python3.12/site-packages/airflow/example_dags/example_display_name.py for tasks to queue
[2026-05-19T09:12:18.185+0000] {logging_mixin.py:188} INFO - [2026-05-19T09:12:18.184+0000] {dagbag.py:545} INFO - Filling up the DagBag from /home/airflow/.local/lib/python3.12/site-packages/airflow/example_dags/example_display_name.py
[2026-05-19T09:12:18.203+0000] {processor.py:840} INFO - DAG(s) 'example_display_name' retrieved from /home/airflow/.local/lib/python3.12/site-packages/airflow/example_dags/example_display_name.py
[2026-05-19T09:12:18.261+0000] {logging_mixin.py:188} INFO - [2026-05-19T09:12:18.260+0000] {dag.py:3089} INFO - Sync 1 DAGs
[2026-05-19T09:12:18.310+0000] {logging_mixin.py:188} INFO - [2026-05-19T09:12:18.309+0000] {dag.py:3947} INFO - Setting next_dagrun for example_display_name to None, run_after=None
[2026-05-19T09:12:18.377+0000] {processor.py:183} INFO - Processing /home/airflow/.local/lib/python3.12/site-packages/airflow/example_dags/example_display_name.py took 0.222 seconds
[2026-05-19T09:12:49.057+0000] {processor.py:161} INFO - Started process (PID=8542) to work on /home/airflow/.local/lib/python3.12/site-packages/airflow/example_dags/example_display_name.py
[2026-05-19T09:12:49.062+0000] {processor.py:830} INFO - Processing file /home/airflow/.local/lib/python3.12/site-packages/airflow/example_dags/example_display_name.py for tasks to queue
[2026-05-19T09:12:49.070+0000] {logging_mixin.py:188} INFO - [2026-05-19T09:12:49.068+0000] {dagbag.py:545} INFO - Filling up the DagBag from /home/airflow/.local/lib/python3.12/site-packages/airflow/example_dags/example_display_name.py
[2026-05-19T09:12:49.092+0000] {processor.py:840} INFO - DAG(s) 'example_display_name' retrieved from /home/airflow/.local/lib/python3.12/site-packages/airflow/example_dags/example_display_name.py
[2026-05-19T09:12:49.155+0000] {logging_mixin.py:188} INFO - [2026-05-19T09:12:49.154+0000] {dag.py:3089} INFO - Sync 1 DAGs
[2026-05-19T09:12:49.199+0000] {logging_mixin.py:188} INFO - [2026-05-19T09:12:49.198+0000] {dag.py:3947} INFO - Setting next_dagrun for example_display_name to None, run_after=None
[2026-05-19T09:12:49.306+0000] {processor.py:183} INFO - Processing /home/airflow/.local/lib/python3.12/site-packages/airflow/example_dags/example_display_name.py took 0.283 seconds
[2026-05-19T09:13:19.709+0000] {processor.py:161} INFO - Started process (PID=8601) to work on /home/airflow/.local/lib/python3.12/site-packages/airflow/example_dags/example_display_name.py
[2026-05-19T09:13:19.711+0000] {processor.py:830} INFO - Processing file /home/airflow/.local/lib/python3.12/site-packages/airflow/example_dags/example_display_name.py for tasks to queue
[2026-05-19T09:13:19.718+0000] {logging_mixin.py:188} INFO - [2026-05-19T09:13:19.717+0000] {dagbag.py:545} INFO - Filling up the DagBag from /home/airflow/.local/lib/python3.12/site-packages/airflow/example_dags/example_display_name.py
[2026-05-19T09:13:19.737+0000] {processor.py:840} INFO - DAG(s) 'example_display_name' retrieved from /home/airflow/.local/lib/python3.12/site-packages/airflow/example_dags/example_display_name.py
[2026-05-19T09:13:19.810+0000] {logging_mixin.py:188} INFO - [2026-05-19T09:13:19.808+0000] {dag.py:3089} INFO - Sync 1 DAGs
[2026-05-19T09:13:19.871+0000] {logging_mixin.py:188} INFO - [2026-05-19T09:13:19.870+0000] {dag.py:3947} INFO - Setting next_dagrun for example_display_name to None, run_after=None
[2026-05-19T09:13:19.942+0000] {processor.py:183} INFO - Processing /home/airflow/.local/lib/python3.12/site-packages/airflow/example_dags/example_display_name.py took 0.252 seconds
[2026-05-19T09:13:50.240+0000] {processor.py:161} INFO - Started process (PID=8661) to work on /home/airflow/.local/lib/python3.12/site-packages/airflow/example_dags/example_display_name.py
[2026-05-19T09:13:50.244+0000] {processor.py:830} INFO - Processing file /home/airflow/.local/lib/python3.12/site-packages/airflow/example_dags/example_display_name.py for tasks to queue
[2026-05-19T09:13:50.254+0000] {logging_mixin.py:188} INFO - [2026-05-19T09:13:50.252+0000] {dagbag.py:545} INFO - Filling up the DagBag from /home/airflow/.local/lib/python3.12/site-packages/airflow/example_dags/example_display_name.py
[2026-05-19T09:13:50.283+0000] {processor.py:840} INFO - DAG(s) 'example_display_name' retrieved from /home/airflow/.local/lib/python3.12/site-packages/airflow/example_dags/example_display_name.py
[2026-05-19T09:13:50.348+0000] {logging_mixin.py:188} INFO - [2026-05-19T09:13:50.347+0000] {dag.py:3089} INFO - Sync 1 DAGs
[2026-05-19T09:13:50.388+0000] {logging_mixin.py:188} INFO - [2026-05-19T09:13:50.388+0000] {dag.py:3947} INFO - Setting next_dagrun for example_display_name to None, run_after=None
[2026-05-19T09:13:50.452+0000] {processor.py:183} INFO - Processing /home/airflow/.local/lib/python3.12/site-packages/airflow/example_dags/example_display_name.py took 0.235 seconds
[2026-05-19T09:14:20.560+0000] {processor.py:161} INFO - Started process (PID=8719) to work on /home/airflow/.local/lib/python3.12/site-packages/airflow/example_dags/example_display_name.py
[2026-05-19T09:14:20.563+0000] {processor.py:830} INFO - Processing file /home/airflow/.local/lib/python3.12/site-packages/airflow/example_dags/example_display_name.py for tasks to queue
[2026-05-19T09:14:20.570+0000] {logging_mixin.py:188} INFO - [2026-05-19T09:14:20.569+0000] {dagbag.py:545} INFO - Filling up the DagBag from /home/airflow/.local/lib/python3.12/site-packages/airflow/example_dags/example_display_name.py
[2026-05-19T09:14:20.596+0000] {processor.py:840} INFO - DAG(s) 'example_display_name' retrieved from /home/airflow/.local/lib/python3.12/site-packages/airflow/example_dags/example_display_name.py
[2026-05-19T09:14:20.658+0000] {logging_mixin.py:188} INFO - [2026-05-19T09:14:20.658+0000] {dag.py:3089} INFO - Sync 1 DAGs
[2026-05-19T09:14:20.695+0000] {logging_mixin.py:188} INFO - [2026-05-19T09:14:20.695+0000] {dag.py:3947} INFO - Setting next_dagrun for example_display_name to None, run_after=None
[2026-05-19T09:14:20.760+0000] {processor.py:183} INFO - Processing /home/airflow/.local/lib/python3.12/site-packages/airflow/example_dags/example_display_name.py took 0.215 seconds
[2026-05-19T09:14:51.068+0000] {processor.py:161} INFO - Started process (PID=8779) to work on /home/airflow/.local/lib/python3.12/site-packages/airflow/example_dags/example_display_name.py
[2026-05-19T09:14:51.071+0000] {processor.py:830} INFO - Processing file /home/airflow/.local/lib/python3.12/site-packages/airflow/example_dags/example_display_name.py for tasks to queue
[2026-05-19T09:14:51.079+0000] {logging_mixin.py:188} INFO - [2026-05-19T09:14:51.077+0000] {dagbag.py:545} INFO - Filling up the DagBag from /home/airflow/.local/lib/python3.12/site-packages/airflow/example_dags/example_display_name.py
[2026-05-19T09:14:51.100+0000] {processor.py:840} INFO - DAG(s) 'example_display_name' retrieved from /home/airflow/.local/lib/python3.12/site-packages/airflow/example_dags/example_display_name.py
[2026-05-19T09:14:51.159+0000] {logging_mixin.py:188} INFO - [2026-05-19T09:14:51.158+0000] {dag.py:3089} INFO - Sync 1 DAGs
[2026-05-19T09:14:51.207+0000] {logging_mixin.py:188} INFO - [2026-05-19T09:14:51.206+0000] {dag.py:3947} INFO - Setting next_dagrun for example_display_name to None, run_after=None
[2026-05-19T09:14:51.262+0000] {processor.py:183} INFO - Processing /home/airflow/.local/lib/python3.12/site-packages/airflow/example_dags/example_display_name.py took 0.214 seconds
[2026-05-19T09:15:22.213+0000] {processor.py:161} INFO - Started process (PID=8840) to work on /home/airflow/.local/lib/python3.12/site-packages/airflow/example_dags/example_display_name.py
[2026-05-19T09:15:22.217+0000] {processor.py:830} INFO - Processing file /home/airflow/.local/lib/python3.12/site-packages/airflow/example_dags/example_display_name.py for tasks to queue
[2026-05-19T09:15:22.223+0000] {logging_mixin.py:188} INFO - [2026-05-19T09:15:22.222+0000] {dagbag.py:545} INFO - Filling up the DagBag from /home/airflow/.local/lib/python3.12/site-packages/airflow/example_dags/example_display_name.py
[2026-05-19T09:15:22.244+0000] {processor.py:840} INFO - DAG(s) 'example_display_name' retrieved from /home/airflow/.local/lib/python3.12/site-packages/airflow/example_dags/example_display_name.py
[2026-05-19T09:15:22.308+0000] {logging_mixin.py:188} INFO - [2026-05-19T09:15:22.307+0000] {dag.py:3089} INFO - Sync 1 DAGs
[2026-05-19T09:15:22.340+0000] {logging_mixin.py:188} INFO - [2026-05-19T09:15:22.340+0000] {dag.py:3947} INFO - Setting next_dagrun for example_display_name to None, run_after=None
[2026-05-19T09:15:22.403+0000] {processor.py:183} INFO - Processing /home/airflow/.local/lib/python3.12/site-packages/airflow/example_dags/example_display_name.py took 0.208 seconds
[2026-05-19T09:15:53.273+0000] {processor.py:161} INFO - Started process (PID=8900) to work on /home/airflow/.local/lib/python3.12/site-packages/airflow/example_dags/example_display_name.py
[2026-05-19T09:15:53.279+0000] {processor.py:830} INFO - Processing file /home/airflow/.local/lib/python3.12/site-packages/airflow/example_dags/example_display_name.py for tasks to queue
[2026-05-19T09:15:53.288+0000] {logging_mixin.py:188} INFO - [2026-05-19T09:15:53.286+0000] {dagbag.py:545} INFO - Filling up the DagBag from /home/airflow/.local/lib/python3.12/site-packages/airflow/example_dags/example_display_name.py
[2026-05-19T09:15:53.313+0000] {processor.py:840} INFO - DAG(s) 'example_display_name' retrieved from /home/airflow/.local/lib/python3.12/site-packages/airflow/example_dags/example_display_name.py
[2026-05-19T09:15:53.403+0000] {logging_mixin.py:188} INFO - [2026-05-19T09:15:53.402+0000] {dag.py:3089} INFO - Sync 1 DAGs
[2026-05-19T09:15:53.457+0000] {logging_mixin.py:188} INFO - [2026-05-19T09:15:53.456+0000] {dag.py:3947} INFO - Setting next_dagrun for example_display_name to None, run_after=None
[2026-05-19T09:15:53.530+0000] {processor.py:183} INFO - Processing /home/airflow/.local/lib/python3.12/site-packages/airflow/example_dags/example_display_name.py took 0.289 seconds
[2026-05-19T09:16:24.007+0000] {processor.py:161} INFO - Started process (PID=8960) to work on /home/airflow/.local/lib/python3.12/site-packages/airflow/example_dags/example_display_name.py
[2026-05-19T09:16:24.017+0000] {processor.py:830} INFO - Processing file /home/airflow/.local/lib/python3.12/site-packages/airflow/example_dags/example_display_name.py for tasks to queue
[2026-05-19T09:16:24.026+0000] {logging_mixin.py:188} INFO - [2026-05-19T09:16:24.024+0000] {dagbag.py:545} INFO - Filling up the DagBag from /home/airflow/.local/lib/python3.12/site-packages/airflow/example_dags/example_display_name.py
[2026-05-19T09:16:24.068+0000] {processor.py:840} INFO - DAG(s) 'example_display_name' retrieved from /home/airflow/.local/lib/python3.12/site-packages/airflow/example_dags/example_display_name.py
[2026-05-19T09:16:24.168+0000] {logging_mixin.py:188} INFO - [2026-05-19T09:16:24.167+0000] {dag.py:3089} INFO - Sync 1 DAGs
[2026-05-19T09:16:24.236+0000] {logging_mixin.py:188} INFO - [2026-05-19T09:16:24.235+0000] {dag.py:3947} INFO - Setting next_dagrun for example_display_name to None, run_after=None
[2026-05-19T09:16:24.343+0000] {processor.py:183} INFO - Processing /home/airflow/.local/lib/python3.12/site-packages/airflow/example_dags/example_display_name.py took 0.372 seconds
[2026-05-19T09:16:54.612+0000] {processor.py:161} INFO - Started process (PID=9019) to work on /home/airflow/.local/lib/python3.12/site-packages/airflow/example_dags/example_display_name.py
[2026-05-19T09:16:54.616+0000] {processor.py:830} INFO - Processing file /home/airflow/.local/lib/python3.12/site-packages/airflow/example_dags/example_display_name.py for tasks to queue
[2026-05-19T09:16:54.623+0000] {logging_mixin.py:188} INFO - [2026-05-19T09:16:54.622+0000] {dagbag.py:545} INFO - Filling up the DagBag from /home/airflow/.local/lib/python3.12/site-packages/airflow/example_dags/example_display_name.py
[2026-05-19T09:16:54.642+0000] {processor.py:840} INFO - DAG(s) 'example_display_name' retrieved from /home/airflow/.local/lib/python3.12/site-packages/airflow/example_dags/example_display_name.py
[2026-05-19T09:16:54.707+0000] {logging_mixin.py:188} INFO - [2026-05-19T09:16:54.706+0000] {dag.py:3089} INFO - Sync 1 DAGs
[2026-05-19T09:16:54.746+0000] {logging_mixin.py:188} INFO - [2026-05-19T09:16:54.745+0000] {dag.py:3947} INFO - Setting next_dagrun for example_display_name to None, run_after=None
[2026-05-19T09:16:54.813+0000] {processor.py:183} INFO - Processing /home/airflow/.local/lib/python3.12/site-packages/airflow/example_dags/example_display_name.py took 0.230 seconds
[2026-05-19T09:17:24.953+0000] {processor.py:161} INFO - Started process (PID=9079) to work on /home/airflow/.local/lib/python3.12/site-packages/airflow/example_dags/example_display_name.py
[2026-05-19T09:17:24.956+0000] {processor.py:830} INFO - Processing file /home/airflow/.local/lib/python3.12/site-packages/airflow/example_dags/example_display_name.py for tasks to queue
[2026-05-19T09:17:24.961+0000] {logging_mixin.py:188} INFO - [2026-05-19T09:17:24.960+0000] {dagbag.py:545} INFO - Filling up the DagBag from /home/airflow/.local/lib/python3.12/site-packages/airflow/example_dags/example_display_name.py
[2026-05-19T09:17:24.978+0000] {processor.py:840} INFO - DAG(s) 'example_display_name' retrieved from /home/airflow/.local/lib/python3.12/site-packages/airflow/example_dags/example_display_name.py
[2026-05-19T09:17:25.046+0000] {logging_mixin.py:188} INFO - [2026-05-19T09:17:25.045+0000] {dag.py:3089} INFO - Sync 1 DAGs
[2026-05-19T09:17:25.096+0000] {logging_mixin.py:188} INFO - [2026-05-19T09:17:25.093+0000] {dag.py:3947} INFO - Setting next_dagrun for example_display_name to None, run_after=None
[2026-05-19T09:17:25.156+0000] {processor.py:183} INFO - Processing /home/airflow/.local/lib/python3.12/site-packages/airflow/example_dags/example_display_name.py took 0.218 seconds
[2026-05-19T09:17:55.745+0000] {processor.py:161} INFO - Started process (PID=9140) to work on /home/airflow/.local/lib/python3.12/site-packages/airflow/example_dags/example_display_name.py
[2026-05-19T09:17:55.750+0000] {processor.py:830} INFO - Processing file /home/airflow/.local/lib/python3.12/site-packages/airflow/example_dags/example_display_name.py for tasks to queue
[2026-05-19T09:17:55.759+0000] {logging_mixin.py:188} INFO - [2026-05-19T09:17:55.757+0000] {dagbag.py:545} INFO - Filling up the DagBag from /home/airflow/.local/lib/python3.12/site-packages/airflow/example_dags/example_display_name.py
[2026-05-19T09:17:55.786+0000] {processor.py:840} INFO - DAG(s) 'example_display_name' retrieved from /home/airflow/.local/lib/python3.12/site-packages/airflow/example_dags/example_display_name.py
[2026-05-19T09:17:55.867+0000] {logging_mixin.py:188} INFO - [2026-05-19T09:17:55.866+0000] {dag.py:3089} INFO - Sync 1 DAGs
[2026-05-19T09:17:55.911+0000] {logging_mixin.py:188} INFO - [2026-05-19T09:17:55.910+0000] {dag.py:3947} INFO - Setting next_dagrun for example_display_name to None, run_after=None
[2026-05-19T09:17:55.986+0000] {processor.py:183} INFO - Processing /home/airflow/.local/lib/python3.12/site-packages/airflow/example_dags/example_display_name.py took 0.267 seconds
[2026-05-19T09:18:27.351+0000] {processor.py:161} INFO - Started process (PID=9200) to work on /home/airflow/.local/lib/python3.12/site-packages/airflow/example_dags/example_display_name.py
[2026-05-19T09:18:27.354+0000] {processor.py:830} INFO - Processing file /home/airflow/.local/lib/python3.12/site-packages/airflow/example_dags/example_display_name.py for tasks to queue
[2026-05-19T09:18:27.361+0000] {logging_mixin.py:188} INFO - [2026-05-19T09:18:27.360+0000] {dagbag.py:545} INFO - Filling up the DagBag from /home/airflow/.local/lib/python3.12/site-packages/airflow/example_dags/example_display_name.py
[2026-05-19T09:18:27.386+0000] {processor.py:840} INFO - DAG(s) 'example_display_name' retrieved from /home/airflow/.local/lib/python3.12/site-packages/airflow/example_dags/example_display_name.py
[2026-05-19T09:18:27.467+0000] {logging_mixin.py:188} INFO - [2026-05-19T09:18:27.466+0000] {dag.py:3089} INFO - Sync 1 DAGs
[2026-05-19T09:18:27.519+0000] {logging_mixin.py:188} INFO - [2026-05-19T09:18:27.519+0000] {dag.py:3947} INFO - Setting next_dagrun for example_display_name to None, run_after=None
[2026-05-19T09:18:27.624+0000] {processor.py:183} INFO - Processing /home/airflow/.local/lib/python3.12/site-packages/airflow/example_dags/example_display_name.py took 0.294 seconds
[2026-05-19T09:18:57.812+0000] {processor.py:161} INFO - Started process (PID=9260) to work on /home/airflow/.local/lib/python3.12/site-packages/airflow/example_dags/example_display_name.py
[2026-05-19T09:18:57.815+0000] {processor.py:830} INFO - Processing file /home/airflow/.local/lib/python3.12/site-packages/airflow/example_dags/example_display_name.py for tasks to queue
[2026-05-19T09:18:57.821+0000] {logging_mixin.py:188} INFO - [2026-05-19T09:18:57.820+0000] {dagbag.py:545} INFO - Filling up the DagBag from /home/airflow/.local/lib/python3.12/site-packages/airflow/example_dags/example_display_name.py
[2026-05-19T09:18:57.839+0000] {processor.py:840} INFO - DAG(s) 'example_display_name' retrieved from /home/airflow/.local/lib/python3.12/site-packages/airflow/example_dags/example_display_name.py
[2026-05-19T09:18:57.910+0000] {logging_mixin.py:188} INFO - [2026-05-19T09:18:57.909+0000] {dag.py:3089} INFO - Sync 1 DAGs
[2026-05-19T09:18:57.956+0000] {logging_mixin.py:188} INFO - [2026-05-19T09:18:57.955+0000] {dag.py:3947} INFO - Setting next_dagrun for example_display_name to None, run_after=None
[2026-05-19T09:18:58.026+0000] {processor.py:183} INFO - Processing /home/airflow/.local/lib/python3.12/site-packages/airflow/example_dags/example_display_name.py took 0.233 seconds
[2026-05-19T09:19:28.284+0000] {processor.py:161} INFO - Started process (PID=9319) to work on /home/airflow/.local/lib/python3.12/site-packages/airflow/example_dags/example_display_name.py
[2026-05-19T09:19:28.289+0000] {processor.py:830} INFO - Processing file /home/airflow/.local/lib/python3.12/site-packages/airflow/example_dags/example_display_name.py for tasks to queue
[2026-05-19T09:19:28.297+0000] {logging_mixin.py:188} INFO - [2026-05-19T09:19:28.295+0000] {dagbag.py:545} INFO - Filling up the DagBag from /home/airflow/.local/lib/python3.12/site-packages/airflow/example_dags/example_display_name.py
[2026-05-19T09:19:28.323+0000] {processor.py:840} INFO - DAG(s) 'example_display_name' retrieved from /home/airflow/.local/lib/python3.12/site-packages/airflow/example_dags/example_display_name.py
[2026-05-19T09:19:28.382+0000] {logging_mixin.py:188} INFO - [2026-05-19T09:19:28.381+0000] {dag.py:3089} INFO - Sync 1 DAGs
[2026-05-19T09:19:28.418+0000] {logging_mixin.py:188} INFO - [2026-05-19T09:19:28.417+0000] {dag.py:3947} INFO - Setting next_dagrun for example_display_name to None, run_after=None
[2026-05-19T09:19:28.490+0000] {processor.py:183} INFO - Processing /home/airflow/.local/lib/python3.12/site-packages/airflow/example_dags/example_display_name.py took 0.230 seconds
[2026-05-19T09:19:58.677+0000] {processor.py:161} INFO - Started process (PID=9378) to work on /home/airflow/.local/lib/python3.12/site-packages/airflow/example_dags/example_display_name.py
[2026-05-19T09:19:58.684+0000] {processor.py:830} INFO - Processing file /home/airflow/.local/lib/python3.12/site-packages/airflow/example_dags/example_display_name.py for tasks to queue
[2026-05-19T09:19:58.693+0000] {logging_mixin.py:188} INFO - [2026-05-19T09:19:58.691+0000] {dagbag.py:545} INFO - Filling up the DagBag from /home/airflow/.local/lib/python3.12/site-packages/airflow/example_dags/example_display_name.py
[2026-05-19T09:19:58.723+0000] {processor.py:840} INFO - DAG(s) 'example_display_name' retrieved from /home/airflow/.local/lib/python3.12/site-packages/airflow/example_dags/example_display_name.py
[2026-05-19T09:19:58.794+0000] {logging_mixin.py:188} INFO - [2026-05-19T09:19:58.793+0000] {dag.py:3089} INFO - Sync 1 DAGs
[2026-05-19T09:19:58.832+0000] {logging_mixin.py:188} INFO - [2026-05-19T09:19:58.831+0000] {dag.py:3947} INFO - Setting next_dagrun for example_display_name to None, run_after=None
[2026-05-19T09:19:58.898+0000] {processor.py:183} INFO - Processing /home/airflow/.local/lib/python3.12/site-packages/airflow/example_dags/example_display_name.py took 0.240 seconds
[2026-05-19T09:20:29.132+0000] {processor.py:161} INFO - Started process (PID=9437) to work on /home/airflow/.local/lib/python3.12/site-packages/airflow/example_dags/example_display_name.py
[2026-05-19T09:20:29.135+0000] {processor.py:830} INFO - Processing file /home/airflow/.local/lib/python3.12/site-packages/airflow/example_dags/example_display_name.py for tasks to queue
[2026-05-19T09:20:29.142+0000] {logging_mixin.py:188} INFO - [2026-05-19T09:20:29.141+0000] {dagbag.py:545} INFO - Filling up the DagBag from /home/airflow/.local/lib/python3.12/site-packages/airflow/example_dags/example_display_name.py
[2026-05-19T09:20:29.162+0000] {processor.py:840} INFO - DAG(s) 'example_display_name' retrieved from /home/airflow/.local/lib/python3.12/site-packages/airflow/example_dags/example_display_name.py
[2026-05-19T09:20:29.244+0000] {logging_mixin.py:188} INFO - [2026-05-19T09:20:29.242+0000] {dag.py:3089} INFO - Sync 1 DAGs
[2026-05-19T09:20:29.303+0000] {logging_mixin.py:188} INFO - [2026-05-19T09:20:29.303+0000] {dag.py:3947} INFO - Setting next_dagrun for example_display_name to None, run_after=None
[2026-05-19T09:20:29.399+0000] {processor.py:183} INFO - Processing /home/airflow/.local/lib/python3.12/site-packages/airflow/example_dags/example_display_name.py took 0.285 seconds
[2026-05-19T09:21:00.841+0000] {processor.py:161} INFO - Started process (PID=9498) to work on /home/airflow/.local/lib/python3.12/site-packages/airflow/example_dags/example_display_name.py
[2026-05-19T09:21:00.845+0000] {processor.py:830} INFO - Processing file /home/airflow/.local/lib/python3.12/site-packages/airflow/example_dags/example_display_name.py for tasks to queue
[2026-05-19T09:21:00.852+0000] {logging_mixin.py:188} INFO - [2026-05-19T09:21:00.850+0000] {dagbag.py:545} INFO - Filling up the DagBag from /home/airflow/.local/lib/python3.12/site-packages/airflow/example_dags/example_display_name.py
[2026-05-19T09:21:00.877+0000] {processor.py:840} INFO - DAG(s) 'example_display_name' retrieved from /home/airflow/.local/lib/python3.12/site-packages/airflow/example_dags/example_display_name.py
[2026-05-19T09:21:00.970+0000] {logging_mixin.py:188} INFO - [2026-05-19T09:21:00.970+0000] {dag.py:3089} INFO - Sync 1 DAGs
[2026-05-19T09:21:01.024+0000] {logging_mixin.py:188} INFO - [2026-05-19T09:21:01.023+0000] {dag.py:3947} INFO - Setting next_dagrun for example_display_name to None, run_after=None
[2026-05-19T09:21:01.101+0000] {processor.py:183} INFO - Processing /home/airflow/.local/lib/python3.12/site-packages/airflow/example_dags/example_display_name.py took 0.284 seconds
[2026-05-19T09:21:31.585+0000] {processor.py:161} INFO - Started process (PID=9557) to work on /home/airflow/.local/lib/python3.12/site-packages/airflow/example_dags/example_display_name.py
[2026-05-19T09:21:31.588+0000] {processor.py:830} INFO - Processing file /home/airflow/.local/lib/python3.12/site-packages/airflow/example_dags/example_display_name.py for tasks to queue
[2026-05-19T09:21:31.594+0000] {logging_mixin.py:188} INFO - [2026-05-19T09:21:31.593+0000] {dagbag.py:545} INFO - Filling up the DagBag from /home/airflow/.local/lib/python3.12/site-packages/airflow/example_dags/example_display_name.py
[2026-05-19T09:21:31.611+0000] {processor.py:840} INFO - DAG(s) 'example_display_name' retrieved from /home/airflow/.local/lib/python3.12/site-packages/airflow/example_dags/example_display_name.py
[2026-05-19T09:21:31.667+0000] {logging_mixin.py:188} INFO - [2026-05-19T09:21:31.666+0000] {dag.py:3089} INFO - Sync 1 DAGs
[2026-05-19T09:21:31.701+0000] {logging_mixin.py:188} INFO - [2026-05-19T09:21:31.701+0000] {dag.py:3947} INFO - Setting next_dagrun for example_display_name to None, run_after=None
[2026-05-19T09:21:31.764+0000] {processor.py:183} INFO - Processing /home/airflow/.local/lib/python3.12/site-packages/airflow/example_dags/example_display_name.py took 0.203 seconds
[2026-05-19T09:22:02.389+0000] {processor.py:161} INFO - Started process (PID=9616) to work on /home/airflow/.local/lib/python3.12/site-packages/airflow/example_dags/example_display_name.py
[2026-05-19T09:22:02.393+0000] {processor.py:830} INFO - Processing file /home/airflow/.local/lib/python3.12/site-packages/airflow/example_dags/example_display_name.py for tasks to queue
[2026-05-19T09:22:02.402+0000] {logging_mixin.py:188} INFO - [2026-05-19T09:22:02.400+0000] {dagbag.py:545} INFO - Filling up the DagBag from /home/airflow/.local/lib/python3.12/site-packages/airflow/example_dags/example_display_name.py
[2026-05-19T09:22:02.426+0000] {processor.py:840} INFO - DAG(s) 'example_display_name' retrieved from /home/airflow/.local/lib/python3.12/site-packages/airflow/example_dags/example_display_name.py
[2026-05-19T09:22:02.510+0000] {logging_mixin.py:188} INFO - [2026-05-19T09:22:02.509+0000] {dag.py:3089} INFO - Sync 1 DAGs
[2026-05-19T09:22:02.568+0000] {logging_mixin.py:188} INFO - [2026-05-19T09:22:02.567+0000] {dag.py:3947} INFO - Setting next_dagrun for example_display_name to None, run_after=None
[2026-05-19T09:22:02.646+0000] {processor.py:183} INFO - Processing /home/airflow/.local/lib/python3.12/site-packages/airflow/example_dags/example_display_name.py took 0.276 seconds
[2026-05-19T09:22:33.119+0000] {processor.py:161} INFO - Started process (PID=9676) to work on /home/airflow/.local/lib/python3.12/site-packages/airflow/example_dags/example_display_name.py
[2026-05-19T09:22:33.122+0000] {processor.py:830} INFO - Processing file /home/airflow/.local/lib/python3.12/site-packages/airflow/example_dags/example_display_name.py for tasks to queue
[2026-05-19T09:22:33.129+0000] {logging_mixin.py:188} INFO - [2026-05-19T09:22:33.128+0000] {dagbag.py:545} INFO - Filling up the DagBag from /home/airflow/.local/lib/python3.12/site-packages/airflow/example_dags/example_display_name.py
[2026-05-19T09:22:33.147+0000] {processor.py:840} INFO - DAG(s) 'example_display_name' retrieved from /home/airflow/.local/lib/python3.12/site-packages/airflow/example_dags/example_display_name.py
[2026-05-19T09:22:33.217+0000] {logging_mixin.py:188} INFO - [2026-05-19T09:22:33.216+0000] {dag.py:3089} INFO - Sync 1 DAGs
[2026-05-19T09:22:33.262+0000] {logging_mixin.py:188} INFO - [2026-05-19T09:22:33.261+0000] {dag.py:3947} INFO - Setting next_dagrun for example_display_name to None, run_after=None
[2026-05-19T09:22:33.356+0000] {processor.py:183} INFO - Processing /home/airflow/.local/lib/python3.12/site-packages/airflow/example_dags/example_display_name.py took 0.255 seconds
[2026-05-19T09:23:03.681+0000] {processor.py:161} INFO - Started process (PID=9737) to work on /home/airflow/.local/lib/python3.12/site-packages/airflow/example_dags/example_display_name.py
[2026-05-19T09:23:03.691+0000] {processor.py:830} INFO - Processing file /home/airflow/.local/lib/python3.12/site-packages/airflow/example_dags/example_display_name.py for tasks to queue
[2026-05-19T09:23:03.700+0000] {logging_mixin.py:188} INFO - [2026-05-19T09:23:03.698+0000] {dagbag.py:545} INFO - Filling up the DagBag from /home/airflow/.local/lib/python3.12/site-packages/airflow/example_dags/example_display_name.py
[2026-05-19T09:23:03.721+0000] {processor.py:840} INFO - DAG(s) 'example_display_name' retrieved from /home/airflow/.local/lib/python3.12/site-packages/airflow/example_dags/example_display_name.py
[2026-05-19T09:23:03.794+0000] {logging_mixin.py:188} INFO - [2026-05-19T09:23:03.794+0000] {dag.py:3089} INFO - Sync 1 DAGs
[2026-05-19T09:23:03.838+0000] {logging_mixin.py:188} INFO - [2026-05-19T09:23:03.837+0000] {dag.py:3947} INFO - Setting next_dagrun for example_display_name to None, run_after=None
[2026-05-19T09:23:03.895+0000] {processor.py:183} INFO - Processing /home/airflow/.local/lib/python3.12/site-packages/airflow/example_dags/example_display_name.py took 0.248 seconds
[2026-05-19T09:23:34.372+0000] {processor.py:161} INFO - Started process (PID=9797) to work on /home/airflow/.local/lib/python3.12/site-packages/airflow/example_dags/example_display_name.py
[2026-05-19T09:23:34.381+0000] {processor.py:830} INFO - Processing file /home/airflow/.local/lib/python3.12/site-packages/airflow/example_dags/example_display_name.py for tasks to queue
[2026-05-19T09:23:34.395+0000] {logging_mixin.py:188} INFO - [2026-05-19T09:23:34.392+0000] {dagbag.py:545} INFO - Filling up the DagBag from /home/airflow/.local/lib/python3.12/site-packages/airflow/example_dags/example_display_name.py
[2026-05-19T09:23:34.432+0000] {processor.py:840} INFO - DAG(s) 'example_display_name' retrieved from /home/airflow/.local/lib/python3.12/site-packages/airflow/example_dags/example_display_name.py
[2026-05-19T09:23:34.509+0000] {logging_mixin.py:188} INFO - [2026-05-19T09:23:34.508+0000] {dag.py:3089} INFO - Sync 1 DAGs
[2026-05-19T09:23:34.554+0000] {logging_mixin.py:188} INFO - [2026-05-19T09:23:34.553+0000] {dag.py:3947} INFO - Setting next_dagrun for example_display_name to None, run_after=None
[2026-05-19T09:23:34.648+0000] {processor.py:183} INFO - Processing /home/airflow/.local/lib/python3.12/site-packages/airflow/example_dags/example_display_name.py took 0.329 seconds
[2026-05-19T09:24:05.102+0000] {processor.py:161} INFO - Started process (PID=9857) to work on /home/airflow/.local/lib/python3.12/site-packages/airflow/example_dags/example_display_name.py
[2026-05-19T09:24:05.106+0000] {processor.py:830} INFO - Processing file /home/airflow/.local/lib/python3.12/site-packages/airflow/example_dags/example_display_name.py for tasks to queue
[2026-05-19T09:24:05.113+0000] {logging_mixin.py:188} INFO - [2026-05-19T09:24:05.112+0000] {dagbag.py:545} INFO - Filling up the DagBag from /home/airflow/.local/lib/python3.12/site-packages/airflow/example_dags/example_display_name.py
[2026-05-19T09:24:05.136+0000] {processor.py:840} INFO - DAG(s) 'example_display_name' retrieved from /home/airflow/.local/lib/python3.12/site-packages/airflow/example_dags/example_display_name.py
[2026-05-19T09:24:05.218+0000] {logging_mixin.py:188} INFO - [2026-05-19T09:24:05.217+0000] {dag.py:3089} INFO - Sync 1 DAGs
[2026-05-19T09:24:05.272+0000] {logging_mixin.py:188} INFO - [2026-05-19T09:24:05.270+0000] {dag.py:3947} INFO - Setting next_dagrun for example_display_name to None, run_after=None
[2026-05-19T09:24:05.345+0000] {processor.py:183} INFO - Processing /home/airflow/.local/lib/python3.12/site-packages/airflow/example_dags/example_display_name.py took 0.262 seconds
[2026-05-19T09:24:36.094+0000] {processor.py:161} INFO - Started process (PID=9917) to work on /home/airflow/.local/lib/python3.12/site-packages/airflow/example_dags/example_display_name.py
[2026-05-19T09:24:36.097+0000] {processor.py:830} INFO - Processing file /home/airflow/.local/lib/python3.12/site-packages/airflow/example_dags/example_display_name.py for tasks to queue
[2026-05-19T09:24:36.102+0000] {logging_mixin.py:188} INFO - [2026-05-19T09:24:36.101+0000] {dagbag.py:545} INFO - Filling up the DagBag from /home/airflow/.local/lib/python3.12/site-packages/airflow/example_dags/example_display_name.py
[2026-05-19T09:24:36.120+0000] {processor.py:840} INFO - DAG(s) 'example_display_name' retrieved from /home/airflow/.local/lib/python3.12/site-packages/airflow/example_dags/example_display_name.py
[2026-05-19T09:24:36.183+0000] {logging_mixin.py:188} INFO - [2026-05-19T09:24:36.182+0000] {dag.py:3089} INFO - Sync 1 DAGs
[2026-05-19T09:24:36.220+0000] {logging_mixin.py:188} INFO - [2026-05-19T09:24:36.219+0000] {dag.py:3947} INFO - Setting next_dagrun for example_display_name to None, run_after=None
[2026-05-19T09:24:36.278+0000] {processor.py:183} INFO - Processing /home/airflow/.local/lib/python3.12/site-packages/airflow/example_dags/example_display_name.py took 0.208 seconds
[2026-05-19T09:25:06.450+0000] {processor.py:161} INFO - Started process (PID=9976) to work on /home/airflow/.local/lib/python3.12/site-packages/airflow/example_dags/example_display_name.py
[2026-05-19T09:25:06.454+0000] {processor.py:830} INFO - Processing file /home/airflow/.local/lib/python3.12/site-packages/airflow/example_dags/example_display_name.py for tasks to queue
[2026-05-19T09:25:06.460+0000] {logging_mixin.py:188} INFO - [2026-05-19T09:25:06.459+0000] {dagbag.py:545} INFO - Filling up the DagBag from /home/airflow/.local/lib/python3.12/site-packages/airflow/example_dags/example_display_name.py
[2026-05-19T09:25:06.481+0000] {processor.py:840} INFO - DAG(s) 'example_display_name' retrieved from /home/airflow/.local/lib/python3.12/site-packages/airflow/example_dags/example_display_name.py
[2026-05-19T09:25:06.565+0000] {logging_mixin.py:188} INFO - [2026-05-19T09:25:06.564+0000] {dag.py:3089} INFO - Sync 1 DAGs
[2026-05-19T09:25:06.617+0000] {logging_mixin.py:188} INFO - [2026-05-19T09:25:06.616+0000] {dag.py:3947} INFO - Setting next_dagrun for example_display_name to None, run_after=None
[2026-05-19T09:25:06.691+0000] {processor.py:183} INFO - Processing /home/airflow/.local/lib/python3.12/site-packages/airflow/example_dags/example_display_name.py took 0.261 seconds
[2026-05-19T09:25:36.937+0000] {processor.py:161} INFO - Started process (PID=10036) to work on /home/airflow/.local/lib/python3.12/site-packages/airflow/example_dags/example_display_name.py
[2026-05-19T09:25:36.942+0000] {processor.py:830} INFO - Processing file /home/airflow/.local/lib/python3.12/site-packages/airflow/example_dags/example_display_name.py for tasks to queue
[2026-05-19T09:25:36.948+0000] {logging_mixin.py:188} INFO - [2026-05-19T09:25:36.947+0000] {dagbag.py:545} INFO - Filling up the DagBag from /home/airflow/.local/lib/python3.12/site-packages/airflow/example_dags/example_display_name.py
[2026-05-19T09:25:36.965+0000] {processor.py:840} INFO - DAG(s) 'example_display_name' retrieved from /home/airflow/.local/lib/python3.12/site-packages/airflow/example_dags/example_display_name.py
[2026-05-19T09:25:37.037+0000] {logging_mixin.py:188} INFO - [2026-05-19T09:25:37.036+0000] {dag.py:3089} INFO - Sync 1 DAGs
[2026-05-19T09:25:37.085+0000] {logging_mixin.py:188} INFO - [2026-05-19T09:25:37.084+0000] {dag.py:3947} INFO - Setting next_dagrun for example_display_name to None, run_after=None
[2026-05-19T09:25:37.157+0000] {processor.py:183} INFO - Processing /home/airflow/.local/lib/python3.12/site-packages/airflow/example_dags/example_display_name.py took 0.240 seconds
[2026-05-19T09:26:07.640+0000] {processor.py:161} INFO - Started process (PID=10096) to work on /home/airflow/.local/lib/python3.12/site-packages/airflow/example_dags/example_display_name.py
[2026-05-19T09:26:07.645+0000] {processor.py:830} INFO - Processing file /home/airflow/.local/lib/python3.12/site-packages/airflow/example_dags/example_display_name.py for tasks to queue
[2026-05-19T09:26:07.658+0000] {logging_mixin.py:188} INFO - [2026-05-19T09:26:07.655+0000] {dagbag.py:545} INFO - Filling up the DagBag from /home/airflow/.local/lib/python3.12/site-packages/airflow/example_dags/example_display_name.py
[2026-05-19T09:26:07.710+0000] {processor.py:840} INFO - DAG(s) 'example_display_name' retrieved from /home/airflow/.local/lib/python3.12/site-packages/airflow/example_dags/example_display_name.py
[2026-05-19T09:26:07.819+0000] {logging_mixin.py:188} INFO - [2026-05-19T09:26:07.818+0000] {dag.py:3089} INFO - Sync 1 DAGs
[2026-05-19T09:26:07.888+0000] {logging_mixin.py:188} INFO - [2026-05-19T09:26:07.887+0000] {dag.py:3947} INFO - Setting next_dagrun for example_display_name to None, run_after=None
[2026-05-19T09:26:07.942+0000] {processor.py:183} INFO - Processing /home/airflow/.local/lib/python3.12/site-packages/airflow/example_dags/example_display_name.py took 0.334 seconds
[2026-05-19T09:26:38.372+0000] {processor.py:161} INFO - Started process (PID=10154) to work on /home/airflow/.local/lib/python3.12/site-packages/airflow/example_dags/example_display_name.py
[2026-05-19T09:26:38.375+0000] {processor.py:830} INFO - Processing file /home/airflow/.local/lib/python3.12/site-packages/airflow/example_dags/example_display_name.py for tasks to queue
[2026-05-19T09:26:38.383+0000] {logging_mixin.py:188} INFO - [2026-05-19T09:26:38.381+0000] {dagbag.py:545} INFO - Filling up the DagBag from /home/airflow/.local/lib/python3.12/site-packages/airflow/example_dags/example_display_name.py
[2026-05-19T09:26:38.401+0000] {processor.py:840} INFO - DAG(s) 'example_display_name' retrieved from /home/airflow/.local/lib/python3.12/site-packages/airflow/example_dags/example_display_name.py
[2026-05-19T09:26:38.463+0000] {logging_mixin.py:188} INFO - [2026-05-19T09:26:38.462+0000] {dag.py:3089} INFO - Sync 1 DAGs
[2026-05-19T09:26:38.511+0000] {logging_mixin.py:188} INFO - [2026-05-19T09:26:38.509+0000] {dag.py:3947} INFO - Setting next_dagrun for example_display_name to None, run_after=None
[2026-05-19T09:26:38.578+0000] {processor.py:183} INFO - Processing /home/airflow/.local/lib/python3.12/site-packages/airflow/example_dags/example_display_name.py took 0.224 seconds
[2026-05-19T09:27:08.895+0000] {processor.py:161} INFO - Started process (PID=10212) to work on /home/airflow/.local/lib/python3.12/site-packages/airflow/example_dags/example_display_name.py
[2026-05-19T09:27:08.898+0000] {processor.py:830} INFO - Processing file /home/airflow/.local/lib/python3.12/site-packages/airflow/example_dags/example_display_name.py for tasks to queue
[2026-05-19T09:27:08.903+0000] {logging_mixin.py:188} INFO - [2026-05-19T09:27:08.902+0000] {dagbag.py:545} INFO - Filling up the DagBag from /home/airflow/.local/lib/python3.12/site-packages/airflow/example_dags/example_display_name.py
[2026-05-19T09:27:08.927+0000] {processor.py:840} INFO - DAG(s) 'example_display_name' retrieved from /home/airflow/.local/lib/python3.12/site-packages/airflow/example_dags/example_display_name.py
[2026-05-19T09:27:09.019+0000] {logging_mixin.py:188} INFO - [2026-05-19T09:27:09.018+0000] {dag.py:3089} INFO - Sync 1 DAGs
[2026-05-19T09:27:09.080+0000] {logging_mixin.py:188} INFO - [2026-05-19T09:27:09.079+0000] {dag.py:3947} INFO - Setting next_dagrun for example_display_name to None, run_after=None
[2026-05-19T09:27:09.164+0000] {processor.py:183} INFO - Processing /home/airflow/.local/lib/python3.12/site-packages/airflow/example_dags/example_display_name.py took 0.286 seconds
[2026-05-19T09:27:39.789+0000] {processor.py:161} INFO - Started process (PID=10270) to work on /home/airflow/.local/lib/python3.12/site-packages/airflow/example_dags/example_display_name.py
[2026-05-19T09:27:39.792+0000] {processor.py:830} INFO - Processing file /home/airflow/.local/lib/python3.12/site-packages/airflow/example_dags/example_display_name.py for tasks to queue
[2026-05-19T09:27:39.798+0000] {logging_mixin.py:188} INFO - [2026-05-19T09:27:39.797+0000] {dagbag.py:545} INFO - Filling up the DagBag from /home/airflow/.local/lib/python3.12/site-packages/airflow/example_dags/example_display_name.py
[2026-05-19T09:27:39.820+0000] {processor.py:840} INFO - DAG(s) 'example_display_name' retrieved from /home/airflow/.local/lib/python3.12/site-packages/airflow/example_dags/example_display_name.py
[2026-05-19T09:27:39.885+0000] {logging_mixin.py:188} INFO - [2026-05-19T09:27:39.884+0000] {dag.py:3089} INFO - Sync 1 DAGs
[2026-05-19T09:27:39.939+0000] {logging_mixin.py:188} INFO - [2026-05-19T09:27:39.939+0000] {dag.py:3947} INFO - Setting next_dagrun for example_display_name to None, run_after=None
[2026-05-19T09:27:40.020+0000] {processor.py:183} INFO - Processing /home/airflow/.local/lib/python3.12/site-packages/airflow/example_dags/example_display_name.py took 0.248 seconds
[2026-05-19T09:28:10.136+0000] {processor.py:161} INFO - Started process (PID=10328) to work on /home/airflow/.local/lib/python3.12/site-packages/airflow/example_dags/example_display_name.py
[2026-05-19T09:28:10.140+0000] {processor.py:830} INFO - Processing file /home/airflow/.local/lib/python3.12/site-packages/airflow/example_dags/example_display_name.py for tasks to queue
[2026-05-19T09:28:10.148+0000] {logging_mixin.py:188} INFO - [2026-05-19T09:28:10.147+0000] {dagbag.py:545} INFO - Filling up the DagBag from /home/airflow/.local/lib/python3.12/site-packages/airflow/example_dags/example_display_name.py
[2026-05-19T09:28:10.174+0000] {processor.py:840} INFO - DAG(s) 'example_display_name' retrieved from /home/airflow/.local/lib/python3.12/site-packages/airflow/example_dags/example_display_name.py
[2026-05-19T09:28:10.250+0000] {logging_mixin.py:188} INFO - [2026-05-19T09:28:10.249+0000] {dag.py:3089} INFO - Sync 1 DAGs
[2026-05-19T09:28:10.294+0000] {logging_mixin.py:188} INFO - [2026-05-19T09:28:10.293+0000] {dag.py:3947} INFO - Setting next_dagrun for example_display_name to None, run_after=None
[2026-05-19T09:28:10.364+0000] {processor.py:183} INFO - Processing /home/airflow/.local/lib/python3.12/site-packages/airflow/example_dags/example_display_name.py took 0.249 seconds
[2026-05-19T09:28:40.553+0000] {processor.py:161} INFO - Started process (PID=10388) to work on /home/airflow/.local/lib/python3.12/site-packages/airflow/example_dags/example_display_name.py
[2026-05-19T09:28:40.557+0000] {processor.py:830} INFO - Processing file /home/airflow/.local/lib/python3.12/site-packages/airflow/example_dags/example_display_name.py for tasks to queue
[2026-05-19T09:28:40.566+0000] {logging_mixin.py:188} INFO - [2026-05-19T09:28:40.564+0000] {dagbag.py:545} INFO - Filling up the DagBag from /home/airflow/.local/lib/python3.12/site-packages/airflow/example_dags/example_display_name.py
[2026-05-19T09:28:40.638+0000] {processor.py:840} INFO - DAG(s) 'example_display_name' retrieved from /home/airflow/.local/lib/python3.12/site-packages/airflow/example_dags/example_display_name.py
[2026-05-19T09:28:40.728+0000] {logging_mixin.py:188} INFO - [2026-05-19T09:28:40.726+0000] {dag.py:3089} INFO - Sync 1 DAGs
[2026-05-19T09:28:40.782+0000] {logging_mixin.py:188} INFO - [2026-05-19T09:28:40.781+0000] {dag.py:3947} INFO - Setting next_dagrun for example_display_name to None, run_after=None
[2026-05-19T09:28:40.855+0000] {processor.py:183} INFO - Processing /home/airflow/.local/lib/python3.12/site-packages/airflow/example_dags/example_display_name.py took 0.328 seconds
[2026-05-19T09:29:11.190+0000] {processor.py:161} INFO - Started process (PID=10447) to work on /home/airflow/.local/lib/python3.12/site-packages/airflow/example_dags/example_display_name.py
[2026-05-19T09:29:11.194+0000] {processor.py:830} INFO - Processing file /home/airflow/.local/lib/python3.12/site-packages/airflow/example_dags/example_display_name.py for tasks to queue
[2026-05-19T09:29:11.201+0000] {logging_mixin.py:188} INFO - [2026-05-19T09:29:11.199+0000] {dagbag.py:545} INFO - Filling up the DagBag from /home/airflow/.local/lib/python3.12/site-packages/airflow/example_dags/example_display_name.py
[2026-05-19T09:29:11.218+0000] {processor.py:840} INFO - DAG(s) 'example_display_name' retrieved from /home/airflow/.local/lib/python3.12/site-packages/airflow/example_dags/example_display_name.py
[2026-05-19T09:29:11.290+0000] {logging_mixin.py:188} INFO - [2026-05-19T09:29:11.289+0000] {dag.py:3089} INFO - Sync 1 DAGs
[2026-05-19T09:29:11.322+0000] {logging_mixin.py:188} INFO - [2026-05-19T09:29:11.322+0000] {dag.py:3947} INFO - Setting next_dagrun for example_display_name to None, run_after=None
[2026-05-19T09:29:11.377+0000] {processor.py:183} INFO - Processing /home/airflow/.local/lib/python3.12/site-packages/airflow/example_dags/example_display_name.py took 0.202 seconds
[2026-05-19T09:29:42.018+0000] {processor.py:161} INFO - Started process (PID=10507) to work on /home/airflow/.local/lib/python3.12/site-packages/airflow/example_dags/example_display_name.py
[2026-05-19T09:29:42.021+0000] {processor.py:830} INFO - Processing file /home/airflow/.local/lib/python3.12/site-packages/airflow/example_dags/example_display_name.py for tasks to queue
[2026-05-19T09:29:42.026+0000] {logging_mixin.py:188} INFO - [2026-05-19T09:29:42.026+0000] {dagbag.py:545} INFO - Filling up the DagBag from /home/airflow/.local/lib/python3.12/site-packages/airflow/example_dags/example_display_name.py
[2026-05-19T09:29:42.042+0000] {processor.py:840} INFO - DAG(s) 'example_display_name' retrieved from /home/airflow/.local/lib/python3.12/site-packages/airflow/example_dags/example_display_name.py
[2026-05-19T09:29:42.102+0000] {logging_mixin.py:188} INFO - [2026-05-19T09:29:42.101+0000] {dag.py:3089} INFO - Sync 1 DAGs
[2026-05-19T09:29:42.144+0000] {logging_mixin.py:188} INFO - [2026-05-19T09:29:42.143+0000] {dag.py:3947} INFO - Setting next_dagrun for example_display_name to None, run_after=None
[2026-05-19T09:29:42.202+0000] {processor.py:183} INFO - Processing /home/airflow/.local/lib/python3.12/site-packages/airflow/example_dags/example_display_name.py took 0.202 seconds
[2026-05-19T09:30:12.392+0000] {processor.py:161} INFO - Started process (PID=10564) to work on /home/airflow/.local/lib/python3.12/site-packages/airflow/example_dags/example_display_name.py
[2026-05-19T09:30:12.395+0000] {processor.py:830} INFO - Processing file /home/airflow/.local/lib/python3.12/site-packages/airflow/example_dags/example_display_name.py for tasks to queue
[2026-05-19T09:30:12.400+0000] {logging_mixin.py:188} INFO - [2026-05-19T09:30:12.400+0000] {dagbag.py:545} INFO - Filling up the DagBag from /home/airflow/.local/lib/python3.12/site-packages/airflow/example_dags/example_display_name.py
[2026-05-19T09:30:12.415+0000] {processor.py:840} INFO - DAG(s) 'example_display_name' retrieved from /home/airflow/.local/lib/python3.12/site-packages/airflow/example_dags/example_display_name.py
[2026-05-19T09:30:12.469+0000] {logging_mixin.py:188} INFO - [2026-05-19T09:30:12.469+0000] {dag.py:3089} INFO - Sync 1 DAGs
[2026-05-19T09:30:12.506+0000] {logging_mixin.py:188} INFO - [2026-05-19T09:30:12.505+0000] {dag.py:3947} INFO - Setting next_dagrun for example_display_name to None, run_after=None
[2026-05-19T09:30:12.568+0000] {processor.py:183} INFO - Processing /home/airflow/.local/lib/python3.12/site-packages/airflow/example_dags/example_display_name.py took 0.192 seconds
[2026-05-19T09:30:43.178+0000] {processor.py:161} INFO - Started process (PID=10624) to work on /home/airflow/.local/lib/python3.12/site-packages/airflow/example_dags/example_display_name.py
[2026-05-19T09:30:43.182+0000] {processor.py:830} INFO - Processing file /home/airflow/.local/lib/python3.12/site-packages/airflow/example_dags/example_display_name.py for tasks to queue
[2026-05-19T09:30:43.190+0000] {logging_mixin.py:188} INFO - [2026-05-19T09:30:43.189+0000] {dagbag.py:545} INFO - Filling up the DagBag from /home/airflow/.local/lib/python3.12/site-packages/airflow/example_dags/example_display_name.py
[2026-05-19T09:30:43.212+0000] {processor.py:840} INFO - DAG(s) 'example_display_name' retrieved from /home/airflow/.local/lib/python3.12/site-packages/airflow/example_dags/example_display_name.py
[2026-05-19T09:30:43.293+0000] {logging_mixin.py:188} INFO - [2026-05-19T09:30:43.291+0000] {dag.py:3089} INFO - Sync 1 DAGs
[2026-05-19T09:30:43.342+0000] {logging_mixin.py:188} INFO - [2026-05-19T09:30:43.341+0000] {dag.py:3947} INFO - Setting next_dagrun for example_display_name to None, run_after=None
[2026-05-19T09:30:43.397+0000] {processor.py:183} INFO - Processing /home/airflow/.local/lib/python3.12/site-packages/airflow/example_dags/example_display_name.py took 0.239 seconds
[2026-05-19T09:31:13.786+0000] {processor.py:161} INFO - Started process (PID=10684) to work on /home/airflow/.local/lib/python3.12/site-packages/airflow/example_dags/example_display_name.py
[2026-05-19T09:31:13.790+0000] {processor.py:830} INFO - Processing file /home/airflow/.local/lib/python3.12/site-packages/airflow/example_dags/example_display_name.py for tasks to queue
[2026-05-19T09:31:13.796+0000] {logging_mixin.py:188} INFO - [2026-05-19T09:31:13.795+0000] {dagbag.py:545} INFO - Filling up the DagBag from /home/airflow/.local/lib/python3.12/site-packages/airflow/example_dags/example_display_name.py
[2026-05-19T09:31:13.815+0000] {processor.py:840} INFO - DAG(s) 'example_display_name' retrieved from /home/airflow/.local/lib/python3.12/site-packages/airflow/example_dags/example_display_name.py
[2026-05-19T09:31:13.879+0000] {logging_mixin.py:188} INFO - [2026-05-19T09:31:13.879+0000] {dag.py:3089} INFO - Sync 1 DAGs
[2026-05-19T09:31:13.924+0000] {logging_mixin.py:188} INFO - [2026-05-19T09:31:13.923+0000] {dag.py:3947} INFO - Setting next_dagrun for example_display_name to None, run_after=None
[2026-05-19T09:31:13.991+0000] {processor.py:183} INFO - Processing /home/airflow/.local/lib/python3.12/site-packages/airflow/example_dags/example_display_name.py took 0.223 seconds
[2026-05-19T09:31:45.031+0000] {processor.py:161} INFO - Started process (PID=10745) to work on /home/airflow/.local/lib/python3.12/site-packages/airflow/example_dags/example_display_name.py
[2026-05-19T09:31:45.039+0000] {processor.py:830} INFO - Processing file /home/airflow/.local/lib/python3.12/site-packages/airflow/example_dags/example_display_name.py for tasks to queue
[2026-05-19T09:31:45.048+0000] {logging_mixin.py:188} INFO - [2026-05-19T09:31:45.047+0000] {dagbag.py:545} INFO - Filling up the DagBag from /home/airflow/.local/lib/python3.12/site-packages/airflow/example_dags/example_display_name.py
[2026-05-19T09:31:45.084+0000] {processor.py:840} INFO - DAG(s) 'example_display_name' retrieved from /home/airflow/.local/lib/python3.12/site-packages/airflow/example_dags/example_display_name.py
[2026-05-19T09:31:45.259+0000] {logging_mixin.py:188} INFO - [2026-05-19T09:31:45.256+0000] {dag.py:3089} INFO - Sync 1 DAGs
[2026-05-19T09:31:45.331+0000] {logging_mixin.py:188} INFO - [2026-05-19T09:31:45.331+0000] {dag.py:3947} INFO - Setting next_dagrun for example_display_name to None, run_after=None
[2026-05-19T09:31:45.403+0000] {processor.py:183} INFO - Processing /home/airflow/.local/lib/python3.12/site-packages/airflow/example_dags/example_display_name.py took 0.411 seconds
[2026-05-19T09:32:16.203+0000] {processor.py:161} INFO - Started process (PID=10804) to work on /home/airflow/.local/lib/python3.12/site-packages/airflow/example_dags/example_display_name.py
[2026-05-19T09:32:16.208+0000] {processor.py:830} INFO - Processing file /home/airflow/.local/lib/python3.12/site-packages/airflow/example_dags/example_display_name.py for tasks to queue
[2026-05-19T09:32:16.216+0000] {logging_mixin.py:188} INFO - [2026-05-19T09:32:16.214+0000] {dagbag.py:545} INFO - Filling up the DagBag from /home/airflow/.local/lib/python3.12/site-packages/airflow/example_dags/example_display_name.py
[2026-05-19T09:32:16.235+0000] {processor.py:840} INFO - DAG(s) 'example_display_name' retrieved from /home/airflow/.local/lib/python3.12/site-packages/airflow/example_dags/example_display_name.py
[2026-05-19T09:32:16.293+0000] {logging_mixin.py:188} INFO - [2026-05-19T09:32:16.292+0000] {dag.py:3089} INFO - Sync 1 DAGs
[2026-05-19T09:32:16.334+0000] {logging_mixin.py:188} INFO - [2026-05-19T09:32:16.333+0000] {dag.py:3947} INFO - Setting next_dagrun for example_display_name to None, run_after=None
[2026-05-19T09:32:16.398+0000] {processor.py:183} INFO - Processing /home/airflow/.local/lib/python3.12/site-packages/airflow/example_dags/example_display_name.py took 0.210 seconds
[2026-05-19T09:32:46.922+0000] {processor.py:161} INFO - Started process (PID=10864) to work on /home/airflow/.local/lib/python3.12/site-packages/airflow/example_dags/example_display_name.py
[2026-05-19T09:32:46.925+0000] {processor.py:830} INFO - Processing file /home/airflow/.local/lib/python3.12/site-packages/airflow/example_dags/example_display_name.py for tasks to queue
[2026-05-19T09:32:46.931+0000] {logging_mixin.py:188} INFO - [2026-05-19T09:32:46.930+0000] {dagbag.py:545} INFO - Filling up the DagBag from /home/airflow/.local/lib/python3.12/site-packages/airflow/example_dags/example_display_name.py
[2026-05-19T09:32:46.957+0000] {processor.py:840} INFO - DAG(s) 'example_display_name' retrieved from /home/airflow/.local/lib/python3.12/site-packages/airflow/example_dags/example_display_name.py
[2026-05-19T09:32:47.025+0000] {logging_mixin.py:188} INFO - [2026-05-19T09:32:47.024+0000] {dag.py:3089} INFO - Sync 1 DAGs
[2026-05-19T09:32:47.081+0000] {logging_mixin.py:188} INFO - [2026-05-19T09:32:47.080+0000] {dag.py:3947} INFO - Setting next_dagrun for example_display_name to None, run_after=None
[2026-05-19T09:32:47.127+0000] {processor.py:183} INFO - Processing /home/airflow/.local/lib/python3.12/site-packages/airflow/example_dags/example_display_name.py took 0.224 seconds
[2026-05-19T09:33:17.769+0000] {processor.py:161} INFO - Started process (PID=10921) to work on /home/airflow/.local/lib/python3.12/site-packages/airflow/example_dags/example_display_name.py
[2026-05-19T09:33:17.772+0000] {processor.py:830} INFO - Processing file /home/airflow/.local/lib/python3.12/site-packages/airflow/example_dags/example_display_name.py for tasks to queue
[2026-05-19T09:33:17.778+0000] {logging_mixin.py:188} INFO - [2026-05-19T09:33:17.777+0000] {dagbag.py:545} INFO - Filling up the DagBag from /home/airflow/.local/lib/python3.12/site-packages/airflow/example_dags/example_display_name.py
[2026-05-19T09:33:17.798+0000] {processor.py:840} INFO - DAG(s) 'example_display_name' retrieved from /home/airflow/.local/lib/python3.12/site-packages/airflow/example_dags/example_display_name.py
[2026-05-19T09:33:17.858+0000] {logging_mixin.py:188} INFO - [2026-05-19T09:33:17.857+0000] {dag.py:3089} INFO - Sync 1 DAGs
[2026-05-19T09:33:17.897+0000] {logging_mixin.py:188} INFO - [2026-05-19T09:33:17.897+0000] {dag.py:3947} INFO - Setting next_dagrun for example_display_name to None, run_after=None
[2026-05-19T09:33:17.962+0000] {processor.py:183} INFO - Processing /home/airflow/.local/lib/python3.12/site-packages/airflow/example_dags/example_display_name.py took 0.210 seconds
[2026-05-19T09:33:48.595+0000] {processor.py:161} INFO - Started process (PID=10981) to work on /home/airflow/.local/lib/python3.12/site-packages/airflow/example_dags/example_display_name.py
[2026-05-19T09:33:48.599+0000] {processor.py:830} INFO - Processing file /home/airflow/.local/lib/python3.12/site-packages/airflow/example_dags/example_display_name.py for tasks to queue
[2026-05-19T09:33:48.605+0000] {logging_mixin.py:188} INFO - [2026-05-19T09:33:48.604+0000] {dagbag.py:545} INFO - Filling up the DagBag from /home/airflow/.local/lib/python3.12/site-packages/airflow/example_dags/example_display_name.py
[2026-05-19T09:33:48.623+0000] {processor.py:840} INFO - DAG(s) 'example_display_name' retrieved from /home/airflow/.local/lib/python3.12/site-packages/airflow/example_dags/example_display_name.py
[2026-05-19T09:33:48.703+0000] {logging_mixin.py:188} INFO - [2026-05-19T09:33:48.702+0000] {dag.py:3089} INFO - Sync 1 DAGs
[2026-05-19T09:33:48.754+0000] {logging_mixin.py:188} INFO - [2026-05-19T09:33:48.753+0000] {dag.py:3947} INFO - Setting next_dagrun for example_display_name to None, run_after=None
[2026-05-19T09:33:48.824+0000] {processor.py:183} INFO - Processing /home/airflow/.local/lib/python3.12/site-packages/airflow/example_dags/example_display_name.py took 0.248 seconds
[2026-05-19T09:34:19.282+0000] {processor.py:161} INFO - Started process (PID=11040) to work on /home/airflow/.local/lib/python3.12/site-packages/airflow/example_dags/example_display_name.py
[2026-05-19T09:34:19.285+0000] {processor.py:830} INFO - Processing file /home/airflow/.local/lib/python3.12/site-packages/airflow/example_dags/example_display_name.py for tasks to queue
[2026-05-19T09:34:19.290+0000] {logging_mixin.py:188} INFO - [2026-05-19T09:34:19.290+0000] {dagbag.py:545} INFO - Filling up the DagBag from /home/airflow/.local/lib/python3.12/site-packages/airflow/example_dags/example_display_name.py
[2026-05-19T09:34:19.306+0000] {processor.py:840} INFO - DAG(s) 'example_display_name' retrieved from /home/airflow/.local/lib/python3.12/site-packages/airflow/example_dags/example_display_name.py
[2026-05-19T09:34:19.395+0000] {logging_mixin.py:188} INFO - [2026-05-19T09:34:19.393+0000] {dag.py:3089} INFO - Sync 1 DAGs
[2026-05-19T09:34:19.475+0000] {logging_mixin.py:188} INFO - [2026-05-19T09:34:19.474+0000] {dag.py:3947} INFO - Setting next_dagrun for example_display_name to None, run_after=None
[2026-05-19T09:34:19.561+0000] {processor.py:183} INFO - Processing /home/airflow/.local/lib/python3.12/site-packages/airflow/example_dags/example_display_name.py took 0.302 seconds
[2026-05-19T09:34:50.079+0000] {processor.py:161} INFO - Started process (PID=11099) to work on /home/airflow/.local/lib/python3.12/site-packages/airflow/example_dags/example_display_name.py
[2026-05-19T09:34:50.083+0000] {processor.py:830} INFO - Processing file /home/airflow/.local/lib/python3.12/site-packages/airflow/example_dags/example_display_name.py for tasks to queue
[2026-05-19T09:34:50.090+0000] {logging_mixin.py:188} INFO - [2026-05-19T09:34:50.089+0000] {dagbag.py:545} INFO - Filling up the DagBag from /home/airflow/.local/lib/python3.12/site-packages/airflow/example_dags/example_display_name.py
[2026-05-19T09:34:50.120+0000] {processor.py:840} INFO - DAG(s) 'example_display_name' retrieved from /home/airflow/.local/lib/python3.12/site-packages/airflow/example_dags/example_display_name.py
[2026-05-19T09:34:50.193+0000] {logging_mixin.py:188} INFO - [2026-05-19T09:34:50.192+0000] {dag.py:3089} INFO - Sync 1 DAGs
[2026-05-19T09:34:50.227+0000] {logging_mixin.py:188} INFO - [2026-05-19T09:34:50.227+0000] {dag.py:3947} INFO - Setting next_dagrun for example_display_name to None, run_after=None
[2026-05-19T09:34:50.284+0000] {processor.py:183} INFO - Processing /home/airflow/.local/lib/python3.12/site-packages/airflow/example_dags/example_display_name.py took 0.236 seconds
[2026-05-19T09:35:21.093+0000] {processor.py:161} INFO - Started process (PID=11160) to work on /home/airflow/.local/lib/python3.12/site-packages/airflow/example_dags/example_display_name.py
[2026-05-19T09:35:21.096+0000] {processor.py:830} INFO - Processing file /home/airflow/.local/lib/python3.12/site-packages/airflow/example_dags/example_display_name.py for tasks to queue
[2026-05-19T09:35:21.104+0000] {logging_mixin.py:188} INFO - [2026-05-19T09:35:21.103+0000] {dagbag.py:545} INFO - Filling up the DagBag from /home/airflow/.local/lib/python3.12/site-packages/airflow/example_dags/example_display_name.py
[2026-05-19T09:35:21.126+0000] {processor.py:840} INFO - DAG(s) 'example_display_name' retrieved from /home/airflow/.local/lib/python3.12/site-packages/airflow/example_dags/example_display_name.py
[2026-05-19T09:35:21.227+0000] {logging_mixin.py:188} INFO - [2026-05-19T09:35:21.225+0000] {dag.py:3089} INFO - Sync 1 DAGs
[2026-05-19T09:35:21.310+0000] {logging_mixin.py:188} INFO - [2026-05-19T09:35:21.309+0000] {dag.py:3947} INFO - Setting next_dagrun for example_display_name to None, run_after=None
[2026-05-19T09:35:21.404+0000] {processor.py:183} INFO - Processing /home/airflow/.local/lib/python3.12/site-packages/airflow/example_dags/example_display_name.py took 0.333 seconds
[2026-05-19T09:35:51.889+0000] {processor.py:161} INFO - Started process (PID=11220) to work on /home/airflow/.local/lib/python3.12/site-packages/airflow/example_dags/example_display_name.py
[2026-05-19T09:35:51.895+0000] {processor.py:830} INFO - Processing file /home/airflow/.local/lib/python3.12/site-packages/airflow/example_dags/example_display_name.py for tasks to queue
[2026-05-19T09:35:51.903+0000] {logging_mixin.py:188} INFO - [2026-05-19T09:35:51.901+0000] {dagbag.py:545} INFO - Filling up the DagBag from /home/airflow/.local/lib/python3.12/site-packages/airflow/example_dags/example_display_name.py
[2026-05-19T09:35:51.920+0000] {processor.py:840} INFO - DAG(s) 'example_display_name' retrieved from /home/airflow/.local/lib/python3.12/site-packages/airflow/example_dags/example_display_name.py
[2026-05-19T09:35:51.992+0000] {logging_mixin.py:188} INFO - [2026-05-19T09:35:51.991+0000] {dag.py:3089} INFO - Sync 1 DAGs
[2026-05-19T09:35:52.029+0000] {logging_mixin.py:188} INFO - [2026-05-19T09:35:52.028+0000] {dag.py:3947} INFO - Setting next_dagrun for example_display_name to None, run_after=None
[2026-05-19T09:35:52.111+0000] {processor.py:183} INFO - Processing /home/airflow/.local/lib/python3.12/site-packages/airflow/example_dags/example_display_name.py took 0.244 seconds
[2026-05-19T09:36:22.409+0000] {processor.py:161} INFO - Started process (PID=11280) to work on /home/airflow/.local/lib/python3.12/site-packages/airflow/example_dags/example_display_name.py
[2026-05-19T09:36:22.413+0000] {processor.py:830} INFO - Processing file /home/airflow/.local/lib/python3.12/site-packages/airflow/example_dags/example_display_name.py for tasks to queue
[2026-05-19T09:36:22.419+0000] {logging_mixin.py:188} INFO - [2026-05-19T09:36:22.418+0000] {dagbag.py:545} INFO - Filling up the DagBag from /home/airflow/.local/lib/python3.12/site-packages/airflow/example_dags/example_display_name.py
[2026-05-19T09:36:22.443+0000] {processor.py:840} INFO - DAG(s) 'example_display_name' retrieved from /home/airflow/.local/lib/python3.12/site-packages/airflow/example_dags/example_display_name.py
[2026-05-19T09:36:22.535+0000] {logging_mixin.py:188} INFO - [2026-05-19T09:36:22.534+0000] {dag.py:3089} INFO - Sync 1 DAGs
[2026-05-19T09:36:22.584+0000] {logging_mixin.py:188} INFO - [2026-05-19T09:36:22.583+0000] {dag.py:3947} INFO - Setting next_dagrun for example_display_name to None, run_after=None
[2026-05-19T09:36:22.669+0000] {processor.py:183} INFO - Processing /home/airflow/.local/lib/python3.12/site-packages/airflow/example_dags/example_display_name.py took 0.281 seconds
[2026-05-19T09:36:52.936+0000] {processor.py:161} INFO - Started process (PID=11338) to work on /home/airflow/.local/lib/python3.12/site-packages/airflow/example_dags/example_display_name.py
[2026-05-19T09:36:52.939+0000] {processor.py:830} INFO - Processing file /home/airflow/.local/lib/python3.12/site-packages/airflow/example_dags/example_display_name.py for tasks to queue
[2026-05-19T09:36:52.945+0000] {logging_mixin.py:188} INFO - [2026-05-19T09:36:52.944+0000] {dagbag.py:545} INFO - Filling up the DagBag from /home/airflow/.local/lib/python3.12/site-packages/airflow/example_dags/example_display_name.py
[2026-05-19T09:36:52.962+0000] {processor.py:840} INFO - DAG(s) 'example_display_name' retrieved from /home/airflow/.local/lib/python3.12/site-packages/airflow/example_dags/example_display_name.py
[2026-05-19T09:36:53.027+0000] {logging_mixin.py:188} INFO - [2026-05-19T09:36:53.027+0000] {dag.py:3089} INFO - Sync 1 DAGs
[2026-05-19T09:36:53.074+0000] {logging_mixin.py:188} INFO - [2026-05-19T09:36:53.073+0000] {dag.py:3947} INFO - Setting next_dagrun for example_display_name to None, run_after=None
[2026-05-19T09:36:53.141+0000] {processor.py:183} INFO - Processing /home/airflow/.local/lib/python3.12/site-packages/airflow/example_dags/example_display_name.py took 0.221 seconds
[2026-05-19T09:37:23.478+0000] {processor.py:161} INFO - Started process (PID=11398) to work on /home/airflow/.local/lib/python3.12/site-packages/airflow/example_dags/example_display_name.py
[2026-05-19T09:37:23.481+0000] {processor.py:830} INFO - Processing file /home/airflow/.local/lib/python3.12/site-packages/airflow/example_dags/example_display_name.py for tasks to queue
[2026-05-19T09:37:23.489+0000] {logging_mixin.py:188} INFO - [2026-05-19T09:37:23.488+0000] {dagbag.py:545} INFO - Filling up the DagBag from /home/airflow/.local/lib/python3.12/site-packages/airflow/example_dags/example_display_name.py
[2026-05-19T09:37:23.510+0000] {processor.py:840} INFO - DAG(s) 'example_display_name' retrieved from /home/airflow/.local/lib/python3.12/site-packages/airflow/example_dags/example_display_name.py
[2026-05-19T09:37:23.577+0000] {logging_mixin.py:188} INFO - [2026-05-19T09:37:23.576+0000] {dag.py:3089} INFO - Sync 1 DAGs
[2026-05-19T09:37:23.635+0000] {logging_mixin.py:188} INFO - [2026-05-19T09:37:23.634+0000] {dag.py:3947} INFO - Setting next_dagrun for example_display_name to None, run_after=None
[2026-05-19T09:37:23.718+0000] {processor.py:183} INFO - Processing /home/airflow/.local/lib/python3.12/site-packages/airflow/example_dags/example_display_name.py took 0.257 seconds
[2026-05-19T09:37:54.547+0000] {processor.py:161} INFO - Started process (PID=11458) to work on /home/airflow/.local/lib/python3.12/site-packages/airflow/example_dags/example_display_name.py
[2026-05-19T09:37:54.551+0000] {processor.py:830} INFO - Processing file /home/airflow/.local/lib/python3.12/site-packages/airflow/example_dags/example_display_name.py for tasks to queue
[2026-05-19T09:37:54.558+0000] {logging_mixin.py:188} INFO - [2026-05-19T09:37:54.556+0000] {dagbag.py:545} INFO - Filling up the DagBag from /home/airflow/.local/lib/python3.12/site-packages/airflow/example_dags/example_display_name.py
[2026-05-19T09:37:54.583+0000] {processor.py:840} INFO - DAG(s) 'example_display_name' retrieved from /home/airflow/.local/lib/python3.12/site-packages/airflow/example_dags/example_display_name.py
[2026-05-19T09:37:54.664+0000] {logging_mixin.py:188} INFO - [2026-05-19T09:37:54.663+0000] {dag.py:3089} INFO - Sync 1 DAGs
[2026-05-19T09:37:54.794+0000] {logging_mixin.py:188} INFO - [2026-05-19T09:37:54.792+0000] {dag.py:3947} INFO - Setting next_dagrun for example_display_name to None, run_after=None
[2026-05-19T09:37:54.970+0000] {processor.py:183} INFO - Processing /home/airflow/.local/lib/python3.12/site-packages/airflow/example_dags/example_display_name.py took 0.451 seconds
[2026-05-19T09:38:28.772+0000] {processor.py:161} INFO - Started process (PID=11524) to work on /home/airflow/.local/lib/python3.12/site-packages/airflow/example_dags/example_display_name.py
[2026-05-19T09:38:28.775+0000] {processor.py:830} INFO - Processing file /home/airflow/.local/lib/python3.12/site-packages/airflow/example_dags/example_display_name.py for tasks to queue
[2026-05-19T09:38:28.784+0000] {logging_mixin.py:188} INFO - [2026-05-19T09:38:28.783+0000] {dagbag.py:545} INFO - Filling up the DagBag from /home/airflow/.local/lib/python3.12/site-packages/airflow/example_dags/example_display_name.py
[2026-05-19T09:38:28.802+0000] {processor.py:840} INFO - DAG(s) 'example_display_name' retrieved from /home/airflow/.local/lib/python3.12/site-packages/airflow/example_dags/example_display_name.py
[2026-05-19T09:38:28.864+0000] {logging_mixin.py:188} INFO - [2026-05-19T09:38:28.863+0000] {dag.py:3089} INFO - Sync 1 DAGs
[2026-05-19T09:38:28.925+0000] {logging_mixin.py:188} INFO - [2026-05-19T09:38:28.924+0000] {dag.py:3947} INFO - Setting next_dagrun for example_display_name to None, run_after=None
[2026-05-19T09:38:29.011+0000] {processor.py:183} INFO - Processing /home/airflow/.local/lib/python3.12/site-packages/airflow/example_dags/example_display_name.py took 0.261 seconds
[2026-05-19T09:38:59.638+0000] {processor.py:161} INFO - Started process (PID=11583) to work on /home/airflow/.local/lib/python3.12/site-packages/airflow/example_dags/example_display_name.py
[2026-05-19T09:38:59.640+0000] {processor.py:830} INFO - Processing file /home/airflow/.local/lib/python3.12/site-packages/airflow/example_dags/example_display_name.py for tasks to queue
[2026-05-19T09:38:59.646+0000] {logging_mixin.py:188} INFO - [2026-05-19T09:38:59.645+0000] {dagbag.py:545} INFO - Filling up the DagBag from /home/airflow/.local/lib/python3.12/site-packages/airflow/example_dags/example_display_name.py
[2026-05-19T09:38:59.660+0000] {processor.py:840} INFO - DAG(s) 'example_display_name' retrieved from /home/airflow/.local/lib/python3.12/site-packages/airflow/example_dags/example_display_name.py
[2026-05-19T09:38:59.706+0000] {logging_mixin.py:188} INFO - [2026-05-19T09:38:59.706+0000] {dag.py:3089} INFO - Sync 1 DAGs
[2026-05-19T09:38:59.739+0000] {logging_mixin.py:188} INFO - [2026-05-19T09:38:59.738+0000] {dag.py:3947} INFO - Setting next_dagrun for example_display_name to None, run_after=None
[2026-05-19T09:38:59.787+0000] {processor.py:183} INFO - Processing /home/airflow/.local/lib/python3.12/site-packages/airflow/example_dags/example_display_name.py took 0.161 seconds
[2026-05-19T09:39:31.647+0000] {processor.py:161} INFO - Started process (PID=11640) to work on /home/airflow/.local/lib/python3.12/site-packages/airflow/example_dags/example_display_name.py
[2026-05-19T09:39:31.659+0000] {processor.py:830} INFO - Processing file /home/airflow/.local/lib/python3.12/site-packages/airflow/example_dags/example_display_name.py for tasks to queue
[2026-05-19T09:39:31.672+0000] {logging_mixin.py:188} INFO - [2026-05-19T09:39:31.671+0000] {dagbag.py:545} INFO - Filling up the DagBag from /home/airflow/.local/lib/python3.12/site-packages/airflow/example_dags/example_display_name.py
[2026-05-19T09:39:31.708+0000] {processor.py:840} INFO - DAG(s) 'example_display_name' retrieved from /home/airflow/.local/lib/python3.12/site-packages/airflow/example_dags/example_display_name.py
[2026-05-19T09:39:31.869+0000] {logging_mixin.py:188} INFO - [2026-05-19T09:39:31.868+0000] {dag.py:3089} INFO - Sync 1 DAGs
[2026-05-19T09:39:32.034+0000] {logging_mixin.py:188} INFO - [2026-05-19T09:39:32.033+0000] {dag.py:3947} INFO - Setting next_dagrun for example_display_name to None, run_after=None
[2026-05-19T09:39:32.227+0000] {processor.py:183} INFO - Processing /home/airflow/.local/lib/python3.12/site-packages/airflow/example_dags/example_display_name.py took 0.622 seconds
[2026-05-19T09:40:03.403+0000] {processor.py:161} INFO - Started process (PID=11700) to work on /home/airflow/.local/lib/python3.12/site-packages/airflow/example_dags/example_display_name.py
[2026-05-19T09:40:03.407+0000] {processor.py:830} INFO - Processing file /home/airflow/.local/lib/python3.12/site-packages/airflow/example_dags/example_display_name.py for tasks to queue
[2026-05-19T09:40:03.412+0000] {logging_mixin.py:188} INFO - [2026-05-19T09:40:03.411+0000] {dagbag.py:545} INFO - Filling up the DagBag from /home/airflow/.local/lib/python3.12/site-packages/airflow/example_dags/example_display_name.py
[2026-05-19T09:40:03.431+0000] {processor.py:840} INFO - DAG(s) 'example_display_name' retrieved from /home/airflow/.local/lib/python3.12/site-packages/airflow/example_dags/example_display_name.py
[2026-05-19T09:40:03.493+0000] {logging_mixin.py:188} INFO - [2026-05-19T09:40:03.493+0000] {dag.py:3089} INFO - Sync 1 DAGs
[2026-05-19T09:40:03.526+0000] {logging_mixin.py:188} INFO - [2026-05-19T09:40:03.525+0000] {dag.py:3947} INFO - Setting next_dagrun for example_display_name to None, run_after=None
[2026-05-19T09:40:03.592+0000] {processor.py:183} INFO - Processing /home/airflow/.local/lib/python3.12/site-packages/airflow/example_dags/example_display_name.py took 0.208 seconds
[2026-05-19T09:40:34.855+0000] {processor.py:161} INFO - Started process (PID=11760) to work on /home/airflow/.local/lib/python3.12/site-packages/airflow/example_dags/example_display_name.py
[2026-05-19T09:40:34.875+0000] {processor.py:830} INFO - Processing file /home/airflow/.local/lib/python3.12/site-packages/airflow/example_dags/example_display_name.py for tasks to queue
[2026-05-19T09:40:34.906+0000] {logging_mixin.py:188} INFO - [2026-05-19T09:40:34.895+0000] {dagbag.py:545} INFO - Filling up the DagBag from /home/airflow/.local/lib/python3.12/site-packages/airflow/example_dags/example_display_name.py
[2026-05-19T09:40:34.973+0000] {processor.py:840} INFO - DAG(s) 'example_display_name' retrieved from /home/airflow/.local/lib/python3.12/site-packages/airflow/example_dags/example_display_name.py
[2026-05-19T09:40:35.201+0000] {logging_mixin.py:188} INFO - [2026-05-19T09:40:35.194+0000] {dag.py:3089} INFO - Sync 1 DAGs
[2026-05-19T09:40:35.367+0000] {logging_mixin.py:188} INFO - [2026-05-19T09:40:35.366+0000] {dag.py:3947} INFO - Setting next_dagrun for example_display_name to None, run_after=None
[2026-05-19T09:40:35.523+0000] {processor.py:183} INFO - Processing /home/airflow/.local/lib/python3.12/site-packages/airflow/example_dags/example_display_name.py took 0.757 seconds
[2026-05-19T09:41:05.906+0000] {processor.py:161} INFO - Started process (PID=11818) to work on /home/airflow/.local/lib/python3.12/site-packages/airflow/example_dags/example_display_name.py
[2026-05-19T09:41:05.910+0000] {processor.py:830} INFO - Processing file /home/airflow/.local/lib/python3.12/site-packages/airflow/example_dags/example_display_name.py for tasks to queue
[2026-05-19T09:41:05.917+0000] {logging_mixin.py:188} INFO - [2026-05-19T09:41:05.916+0000] {dagbag.py:545} INFO - Filling up the DagBag from /home/airflow/.local/lib/python3.12/site-packages/airflow/example_dags/example_display_name.py
[2026-05-19T09:41:05.938+0000] {processor.py:840} INFO - DAG(s) 'example_display_name' retrieved from /home/airflow/.local/lib/python3.12/site-packages/airflow/example_dags/example_display_name.py
[2026-05-19T09:41:05.999+0000] {logging_mixin.py:188} INFO - [2026-05-19T09:41:05.998+0000] {dag.py:3089} INFO - Sync 1 DAGs
[2026-05-19T09:41:06.036+0000] {logging_mixin.py:188} INFO - [2026-05-19T09:41:06.035+0000] {dag.py:3947} INFO - Setting next_dagrun for example_display_name to None, run_after=None
[2026-05-19T09:41:06.108+0000] {processor.py:183} INFO - Processing /home/airflow/.local/lib/python3.12/site-packages/airflow/example_dags/example_display_name.py took 0.231 seconds
[2026-05-19T09:41:36.382+0000] {processor.py:161} INFO - Started process (PID=11878) to work on /home/airflow/.local/lib/python3.12/site-packages/airflow/example_dags/example_display_name.py
[2026-05-19T09:41:36.389+0000] {processor.py:830} INFO - Processing file /home/airflow/.local/lib/python3.12/site-packages/airflow/example_dags/example_display_name.py for tasks to queue
[2026-05-19T09:41:36.398+0000] {logging_mixin.py:188} INFO - [2026-05-19T09:41:36.396+0000] {dagbag.py:545} INFO - Filling up the DagBag from /home/airflow/.local/lib/python3.12/site-packages/airflow/example_dags/example_display_name.py
[2026-05-19T09:41:36.418+0000] {processor.py:840} INFO - DAG(s) 'example_display_name' retrieved from /home/airflow/.local/lib/python3.12/site-packages/airflow/example_dags/example_display_name.py
[2026-05-19T09:41:36.474+0000] {logging_mixin.py:188} INFO - [2026-05-19T09:41:36.473+0000] {dag.py:3089} INFO - Sync 1 DAGs
[2026-05-19T09:41:36.509+0000] {logging_mixin.py:188} INFO - [2026-05-19T09:41:36.508+0000] {dag.py:3947} INFO - Setting next_dagrun for example_display_name to None, run_after=None
[2026-05-19T09:41:36.593+0000] {processor.py:183} INFO - Processing /home/airflow/.local/lib/python3.12/site-packages/airflow/example_dags/example_display_name.py took 0.239 seconds
[2026-05-19T09:42:06.843+0000] {processor.py:161} INFO - Started process (PID=11938) to work on /home/airflow/.local/lib/python3.12/site-packages/airflow/example_dags/example_display_name.py
[2026-05-19T09:42:06.847+0000] {processor.py:830} INFO - Processing file /home/airflow/.local/lib/python3.12/site-packages/airflow/example_dags/example_display_name.py for tasks to queue
[2026-05-19T09:42:06.853+0000] {logging_mixin.py:188} INFO - [2026-05-19T09:42:06.852+0000] {dagbag.py:545} INFO - Filling up the DagBag from /home/airflow/.local/lib/python3.12/site-packages/airflow/example_dags/example_display_name.py
[2026-05-19T09:42:06.871+0000] {processor.py:840} INFO - DAG(s) 'example_display_name' retrieved from /home/airflow/.local/lib/python3.12/site-packages/airflow/example_dags/example_display_name.py
[2026-05-19T09:42:06.937+0000] {logging_mixin.py:188} INFO - [2026-05-19T09:42:06.936+0000] {dag.py:3089} INFO - Sync 1 DAGs
[2026-05-19T09:42:06.975+0000] {logging_mixin.py:188} INFO - [2026-05-19T09:42:06.975+0000] {dag.py:3947} INFO - Setting next_dagrun for example_display_name to None, run_after=None
[2026-05-19T09:42:07.056+0000] {processor.py:183} INFO - Processing /home/airflow/.local/lib/python3.12/site-packages/airflow/example_dags/example_display_name.py took 0.227 seconds
[2026-05-19T09:42:37.435+0000] {processor.py:161} INFO - Started process (PID=11998) to work on /home/airflow/.local/lib/python3.12/site-packages/airflow/example_dags/example_display_name.py
[2026-05-19T09:42:37.439+0000] {processor.py:830} INFO - Processing file /home/airflow/.local/lib/python3.12/site-packages/airflow/example_dags/example_display_name.py for tasks to queue
[2026-05-19T09:42:37.446+0000] {logging_mixin.py:188} INFO - [2026-05-19T09:42:37.444+0000] {dagbag.py:545} INFO - Filling up the DagBag from /home/airflow/.local/lib/python3.12/site-packages/airflow/example_dags/example_display_name.py
[2026-05-19T09:42:37.463+0000] {processor.py:840} INFO - DAG(s) 'example_display_name' retrieved from /home/airflow/.local/lib/python3.12/site-packages/airflow/example_dags/example_display_name.py
[2026-05-19T09:42:37.575+0000] {logging_mixin.py:188} INFO - [2026-05-19T09:42:37.574+0000] {dag.py:3089} INFO - Sync 1 DAGs
[2026-05-19T09:42:37.639+0000] {logging_mixin.py:188} INFO - [2026-05-19T09:42:37.639+0000] {dag.py:3947} INFO - Setting next_dagrun for example_display_name to None, run_after=None
[2026-05-19T09:42:37.719+0000] {processor.py:183} INFO - Processing /home/airflow/.local/lib/python3.12/site-packages/airflow/example_dags/example_display_name.py took 0.307 seconds
[2026-05-19T09:43:08.455+0000] {processor.py:161} INFO - Started process (PID=12056) to work on /home/airflow/.local/lib/python3.12/site-packages/airflow/example_dags/example_display_name.py
[2026-05-19T09:43:08.459+0000] {processor.py:830} INFO - Processing file /home/airflow/.local/lib/python3.12/site-packages/airflow/example_dags/example_display_name.py for tasks to queue
[2026-05-19T09:43:08.465+0000] {logging_mixin.py:188} INFO - [2026-05-19T09:43:08.464+0000] {dagbag.py:545} INFO - Filling up the DagBag from /home/airflow/.local/lib/python3.12/site-packages/airflow/example_dags/example_display_name.py
[2026-05-19T09:43:08.483+0000] {processor.py:840} INFO - DAG(s) 'example_display_name' retrieved from /home/airflow/.local/lib/python3.12/site-packages/airflow/example_dags/example_display_name.py
[2026-05-19T09:43:08.554+0000] {logging_mixin.py:188} INFO - [2026-05-19T09:43:08.554+0000] {dag.py:3089} INFO - Sync 1 DAGs
[2026-05-19T09:43:08.601+0000] {logging_mixin.py:188} INFO - [2026-05-19T09:43:08.600+0000] {dag.py:3947} INFO - Setting next_dagrun for example_display_name to None, run_after=None
[2026-05-19T09:43:08.672+0000] {processor.py:183} INFO - Processing /home/airflow/.local/lib/python3.12/site-packages/airflow/example_dags/example_display_name.py took 0.234 seconds
[2026-05-19T09:43:38.944+0000] {processor.py:161} INFO - Started process (PID=12114) to work on /home/airflow/.local/lib/python3.12/site-packages/airflow/example_dags/example_display_name.py
[2026-05-19T09:43:38.948+0000] {processor.py:830} INFO - Processing file /home/airflow/.local/lib/python3.12/site-packages/airflow/example_dags/example_display_name.py for tasks to queue
[2026-05-19T09:43:38.954+0000] {logging_mixin.py:188} INFO - [2026-05-19T09:43:38.953+0000] {dagbag.py:545} INFO - Filling up the DagBag from /home/airflow/.local/lib/python3.12/site-packages/airflow/example_dags/example_display_name.py
[2026-05-19T09:43:38.973+0000] {processor.py:840} INFO - DAG(s) 'example_display_name' retrieved from /home/airflow/.local/lib/python3.12/site-packages/airflow/example_dags/example_display_name.py
[2026-05-19T09:43:39.033+0000] {logging_mixin.py:188} INFO - [2026-05-19T09:43:39.033+0000] {dag.py:3089} INFO - Sync 1 DAGs
[2026-05-19T09:43:39.066+0000] {logging_mixin.py:188} INFO - [2026-05-19T09:43:39.066+0000] {dag.py:3947} INFO - Setting next_dagrun for example_display_name to None, run_after=None
[2026-05-19T09:43:39.123+0000] {processor.py:183} INFO - Processing /home/airflow/.local/lib/python3.12/site-packages/airflow/example_dags/example_display_name.py took 0.194 seconds
[2026-05-19T09:44:09.347+0000] {processor.py:161} INFO - Started process (PID=12174) to work on /home/airflow/.local/lib/python3.12/site-packages/airflow/example_dags/example_display_name.py
[2026-05-19T09:44:09.350+0000] {processor.py:830} INFO - Processing file /home/airflow/.local/lib/python3.12/site-packages/airflow/example_dags/example_display_name.py for tasks to queue
[2026-05-19T09:44:09.357+0000] {logging_mixin.py:188} INFO - [2026-05-19T09:44:09.356+0000] {dagbag.py:545} INFO - Filling up the DagBag from /home/airflow/.local/lib/python3.12/site-packages/airflow/example_dags/example_display_name.py
[2026-05-19T09:44:09.381+0000] {processor.py:840} INFO - DAG(s) 'example_display_name' retrieved from /home/airflow/.local/lib/python3.12/site-packages/airflow/example_dags/example_display_name.py
[2026-05-19T09:44:09.439+0000] {logging_mixin.py:188} INFO - [2026-05-19T09:44:09.438+0000] {dag.py:3089} INFO - Sync 1 DAGs
[2026-05-19T09:44:09.489+0000] {logging_mixin.py:188} INFO - [2026-05-19T09:44:09.488+0000] {dag.py:3947} INFO - Setting next_dagrun for example_display_name to None, run_after=None
[2026-05-19T09:44:09.544+0000] {processor.py:183} INFO - Processing /home/airflow/.local/lib/python3.12/site-packages/airflow/example_dags/example_display_name.py took 0.214 seconds
[2026-05-19T09:44:40.028+0000] {processor.py:161} INFO - Started process (PID=12232) to work on /home/airflow/.local/lib/python3.12/site-packages/airflow/example_dags/example_display_name.py
[2026-05-19T09:44:40.032+0000] {processor.py:830} INFO - Processing file /home/airflow/.local/lib/python3.12/site-packages/airflow/example_dags/example_display_name.py for tasks to queue
[2026-05-19T09:44:40.040+0000] {logging_mixin.py:188} INFO - [2026-05-19T09:44:40.038+0000] {dagbag.py:545} INFO - Filling up the DagBag from /home/airflow/.local/lib/python3.12/site-packages/airflow/example_dags/example_display_name.py
[2026-05-19T09:44:40.063+0000] {processor.py:840} INFO - DAG(s) 'example_display_name' retrieved from /home/airflow/.local/lib/python3.12/site-packages/airflow/example_dags/example_display_name.py
[2026-05-19T09:44:40.127+0000] {logging_mixin.py:188} INFO - [2026-05-19T09:44:40.127+0000] {dag.py:3089} INFO - Sync 1 DAGs
[2026-05-19T09:44:40.164+0000] {logging_mixin.py:188} INFO - [2026-05-19T09:44:40.164+0000] {dag.py:3947} INFO - Setting next_dagrun for example_display_name to None, run_after=None
[2026-05-19T09:44:40.255+0000] {processor.py:183} INFO - Processing /home/airflow/.local/lib/python3.12/site-packages/airflow/example_dags/example_display_name.py took 0.247 seconds
[2026-05-19T09:45:10.479+0000] {processor.py:161} INFO - Started process (PID=12292) to work on /home/airflow/.local/lib/python3.12/site-packages/airflow/example_dags/example_display_name.py
[2026-05-19T09:45:10.485+0000] {processor.py:830} INFO - Processing file /home/airflow/.local/lib/python3.12/site-packages/airflow/example_dags/example_display_name.py for tasks to queue
[2026-05-19T09:45:10.494+0000] {logging_mixin.py:188} INFO - [2026-05-19T09:45:10.492+0000] {dagbag.py:545} INFO - Filling up the DagBag from /home/airflow/.local/lib/python3.12/site-packages/airflow/example_dags/example_display_name.py
[2026-05-19T09:45:10.533+0000] {processor.py:840} INFO - DAG(s) 'example_display_name' retrieved from /home/airflow/.local/lib/python3.12/site-packages/airflow/example_dags/example_display_name.py
[2026-05-19T09:45:10.598+0000] {logging_mixin.py:188} INFO - [2026-05-19T09:45:10.598+0000] {dag.py:3089} INFO - Sync 1 DAGs
[2026-05-19T09:45:10.715+0000] {logging_mixin.py:188} INFO - [2026-05-19T09:45:10.713+0000] {dag.py:3947} INFO - Setting next_dagrun for example_display_name to None, run_after=None
[2026-05-19T09:45:10.792+0000] {processor.py:183} INFO - Processing /home/airflow/.local/lib/python3.12/site-packages/airflow/example_dags/example_display_name.py took 0.344 seconds
[2026-05-19T09:45:41.326+0000] {processor.py:161} INFO - Started process (PID=12352) to work on /home/airflow/.local/lib/python3.12/site-packages/airflow/example_dags/example_display_name.py
[2026-05-19T09:45:41.329+0000] {processor.py:830} INFO - Processing file /home/airflow/.local/lib/python3.12/site-packages/airflow/example_dags/example_display_name.py for tasks to queue
[2026-05-19T09:45:41.334+0000] {logging_mixin.py:188} INFO - [2026-05-19T09:45:41.333+0000] {dagbag.py:545} INFO - Filling up the DagBag from /home/airflow/.local/lib/python3.12/site-packages/airflow/example_dags/example_display_name.py
[2026-05-19T09:45:41.357+0000] {processor.py:840} INFO - DAG(s) 'example_display_name' retrieved from /home/airflow/.local/lib/python3.12/site-packages/airflow/example_dags/example_display_name.py
[2026-05-19T09:45:41.411+0000] {logging_mixin.py:188} INFO - [2026-05-19T09:45:41.410+0000] {dag.py:3089} INFO - Sync 1 DAGs
[2026-05-19T09:45:41.458+0000] {logging_mixin.py:188} INFO - [2026-05-19T09:45:41.457+0000] {dag.py:3947} INFO - Setting next_dagrun for example_display_name to None, run_after=None
[2026-05-19T09:45:41.527+0000] {processor.py:183} INFO - Processing /home/airflow/.local/lib/python3.12/site-packages/airflow/example_dags/example_display_name.py took 0.221 seconds
[2026-05-19T09:46:11.947+0000] {processor.py:161} INFO - Started process (PID=12412) to work on /home/airflow/.local/lib/python3.12/site-packages/airflow/example_dags/example_display_name.py
[2026-05-19T09:46:11.952+0000] {processor.py:830} INFO - Processing file /home/airflow/.local/lib/python3.12/site-packages/airflow/example_dags/example_display_name.py for tasks to queue
[2026-05-19T09:46:11.960+0000] {logging_mixin.py:188} INFO - [2026-05-19T09:46:11.959+0000] {dagbag.py:545} INFO - Filling up the DagBag from /home/airflow/.local/lib/python3.12/site-packages/airflow/example_dags/example_display_name.py
[2026-05-19T09:46:11.983+0000] {processor.py:840} INFO - DAG(s) 'example_display_name' retrieved from /home/airflow/.local/lib/python3.12/site-packages/airflow/example_dags/example_display_name.py
[2026-05-19T09:46:12.037+0000] {logging_mixin.py:188} INFO - [2026-05-19T09:46:12.037+0000] {dag.py:3089} INFO - Sync 1 DAGs
[2026-05-19T09:46:12.076+0000] {logging_mixin.py:188} INFO - [2026-05-19T09:46:12.076+0000] {dag.py:3947} INFO - Setting next_dagrun for example_display_name to None, run_after=None
[2026-05-19T09:46:12.134+0000] {processor.py:183} INFO - Processing /home/airflow/.local/lib/python3.12/site-packages/airflow/example_dags/example_display_name.py took 0.219 seconds
[2026-05-19T09:46:42.945+0000] {processor.py:161} INFO - Started process (PID=12472) to work on /home/airflow/.local/lib/python3.12/site-packages/airflow/example_dags/example_display_name.py
[2026-05-19T09:46:42.951+0000] {processor.py:830} INFO - Processing file /home/airflow/.local/lib/python3.12/site-packages/airflow/example_dags/example_display_name.py for tasks to queue
[2026-05-19T09:46:42.960+0000] {logging_mixin.py:188} INFO - [2026-05-19T09:46:42.958+0000] {dagbag.py:545} INFO - Filling up the DagBag from /home/airflow/.local/lib/python3.12/site-packages/airflow/example_dags/example_display_name.py
[2026-05-19T09:46:42.990+0000] {processor.py:840} INFO - DAG(s) 'example_display_name' retrieved from /home/airflow/.local/lib/python3.12/site-packages/airflow/example_dags/example_display_name.py
[2026-05-19T09:46:43.073+0000] {logging_mixin.py:188} INFO - [2026-05-19T09:46:43.072+0000] {dag.py:3089} INFO - Sync 1 DAGs
[2026-05-19T09:46:43.123+0000] {logging_mixin.py:188} INFO - [2026-05-19T09:46:43.122+0000] {dag.py:3947} INFO - Setting next_dagrun for example_display_name to None, run_after=None
[2026-05-19T09:46:43.209+0000] {processor.py:183} INFO - Processing /home/airflow/.local/lib/python3.12/site-packages/airflow/example_dags/example_display_name.py took 0.287 seconds
[2026-05-19T09:47:14.526+0000] {processor.py:161} INFO - Started process (PID=12532) to work on /home/airflow/.local/lib/python3.12/site-packages/airflow/example_dags/example_display_name.py
[2026-05-19T09:47:14.532+0000] {processor.py:830} INFO - Processing file /home/airflow/.local/lib/python3.12/site-packages/airflow/example_dags/example_display_name.py for tasks to queue
[2026-05-19T09:47:14.547+0000] {logging_mixin.py:188} INFO - [2026-05-19T09:47:14.545+0000] {dagbag.py:545} INFO - Filling up the DagBag from /home/airflow/.local/lib/python3.12/site-packages/airflow/example_dags/example_display_name.py
[2026-05-19T09:47:14.603+0000] {processor.py:840} INFO - DAG(s) 'example_display_name' retrieved from /home/airflow/.local/lib/python3.12/site-packages/airflow/example_dags/example_display_name.py
[2026-05-19T09:47:14.716+0000] {logging_mixin.py:188} INFO - [2026-05-19T09:47:14.715+0000] {dag.py:3089} INFO - Sync 1 DAGs
[2026-05-19T09:47:14.770+0000] {logging_mixin.py:188} INFO - [2026-05-19T09:47:14.769+0000] {dag.py:3947} INFO - Setting next_dagrun for example_display_name to None, run_after=None
[2026-05-19T09:47:14.850+0000] {processor.py:183} INFO - Processing /home/airflow/.local/lib/python3.12/site-packages/airflow/example_dags/example_display_name.py took 0.357 seconds
[2026-05-19T09:47:47.129+0000] {processor.py:161} INFO - Started process (PID=12592) to work on /home/airflow/.local/lib/python3.12/site-packages/airflow/example_dags/example_display_name.py
[2026-05-19T09:47:47.133+0000] {processor.py:830} INFO - Processing file /home/airflow/.local/lib/python3.12/site-packages/airflow/example_dags/example_display_name.py for tasks to queue
[2026-05-19T09:47:47.140+0000] {logging_mixin.py:188} INFO - [2026-05-19T09:47:47.138+0000] {dagbag.py:545} INFO - Filling up the DagBag from /home/airflow/.local/lib/python3.12/site-packages/airflow/example_dags/example_display_name.py
[2026-05-19T09:47:47.159+0000] {processor.py:840} INFO - DAG(s) 'example_display_name' retrieved from /home/airflow/.local/lib/python3.12/site-packages/airflow/example_dags/example_display_name.py
[2026-05-19T09:47:47.266+0000] {logging_mixin.py:188} INFO - [2026-05-19T09:47:47.265+0000] {dag.py:3089} INFO - Sync 1 DAGs
[2026-05-19T09:47:47.786+0000] {logging_mixin.py:188} INFO - [2026-05-19T09:47:47.785+0000] {dag.py:3947} INFO - Setting next_dagrun for example_display_name to None, run_after=None
[2026-05-19T09:47:47.843+0000] {processor.py:183} INFO - Processing /home/airflow/.local/lib/python3.12/site-packages/airflow/example_dags/example_display_name.py took 0.733 seconds
[2026-05-19T09:48:18.090+0000] {processor.py:161} INFO - Started process (PID=12652) to work on /home/airflow/.local/lib/python3.12/site-packages/airflow/example_dags/example_display_name.py
[2026-05-19T09:48:18.097+0000] {processor.py:830} INFO - Processing file /home/airflow/.local/lib/python3.12/site-packages/airflow/example_dags/example_display_name.py for tasks to queue
[2026-05-19T09:48:18.108+0000] {logging_mixin.py:188} INFO - [2026-05-19T09:48:18.105+0000] {dagbag.py:545} INFO - Filling up the DagBag from /home/airflow/.local/lib/python3.12/site-packages/airflow/example_dags/example_display_name.py
[2026-05-19T09:48:18.143+0000] {processor.py:840} INFO - DAG(s) 'example_display_name' retrieved from /home/airflow/.local/lib/python3.12/site-packages/airflow/example_dags/example_display_name.py
[2026-05-19T09:48:18.216+0000] {logging_mixin.py:188} INFO - [2026-05-19T09:48:18.215+0000] {dag.py:3089} INFO - Sync 1 DAGs
[2026-05-19T09:48:18.274+0000] {logging_mixin.py:188} INFO - [2026-05-19T09:48:18.272+0000] {dag.py:3947} INFO - Setting next_dagrun for example_display_name to None, run_after=None
[2026-05-19T09:48:18.415+0000] {processor.py:183} INFO - Processing /home/airflow/.local/lib/python3.12/site-packages/airflow/example_dags/example_display_name.py took 0.361 seconds
[2026-05-19T09:48:48.782+0000] {processor.py:161} INFO - Started process (PID=12712) to work on /home/airflow/.local/lib/python3.12/site-packages/airflow/example_dags/example_display_name.py
[2026-05-19T09:48:48.786+0000] {processor.py:830} INFO - Processing file /home/airflow/.local/lib/python3.12/site-packages/airflow/example_dags/example_display_name.py for tasks to queue
[2026-05-19T09:48:48.792+0000] {logging_mixin.py:188} INFO - [2026-05-19T09:48:48.791+0000] {dagbag.py:545} INFO - Filling up the DagBag from /home/airflow/.local/lib/python3.12/site-packages/airflow/example_dags/example_display_name.py
[2026-05-19T09:48:48.808+0000] {processor.py:840} INFO - DAG(s) 'example_display_name' retrieved from /home/airflow/.local/lib/python3.12/site-packages/airflow/example_dags/example_display_name.py
[2026-05-19T09:48:48.867+0000] {logging_mixin.py:188} INFO - [2026-05-19T09:48:48.867+0000] {dag.py:3089} INFO - Sync 1 DAGs
[2026-05-19T09:48:48.905+0000] {logging_mixin.py:188} INFO - [2026-05-19T09:48:48.905+0000] {dag.py:3947} INFO - Setting next_dagrun for example_display_name to None, run_after=None
[2026-05-19T09:48:48.973+0000] {processor.py:183} INFO - Processing /home/airflow/.local/lib/python3.12/site-packages/airflow/example_dags/example_display_name.py took 0.212 seconds
[2026-05-19T09:49:19.351+0000] {processor.py:161} INFO - Started process (PID=12771) to work on /home/airflow/.local/lib/python3.12/site-packages/airflow/example_dags/example_display_name.py
[2026-05-19T09:49:19.355+0000] {processor.py:830} INFO - Processing file /home/airflow/.local/lib/python3.12/site-packages/airflow/example_dags/example_display_name.py for tasks to queue
[2026-05-19T09:49:19.363+0000] {logging_mixin.py:188} INFO - [2026-05-19T09:49:19.361+0000] {dagbag.py:545} INFO - Filling up the DagBag from /home/airflow/.local/lib/python3.12/site-packages/airflow/example_dags/example_display_name.py
[2026-05-19T09:49:19.389+0000] {processor.py:840} INFO - DAG(s) 'example_display_name' retrieved from /home/airflow/.local/lib/python3.12/site-packages/airflow/example_dags/example_display_name.py
[2026-05-19T09:49:19.482+0000] {logging_mixin.py:188} INFO - [2026-05-19T09:49:19.481+0000] {dag.py:3089} INFO - Sync 1 DAGs
[2026-05-19T09:49:19.558+0000] {logging_mixin.py:188} INFO - [2026-05-19T09:49:19.556+0000] {dag.py:3947} INFO - Setting next_dagrun for example_display_name to None, run_after=None
[2026-05-19T09:49:19.631+0000] {processor.py:183} INFO - Processing /home/airflow/.local/lib/python3.12/site-packages/airflow/example_dags/example_display_name.py took 0.304 seconds
[2026-05-19T09:49:50.223+0000] {processor.py:161} INFO - Started process (PID=12831) to work on /home/airflow/.local/lib/python3.12/site-packages/airflow/example_dags/example_display_name.py
[2026-05-19T09:49:50.228+0000] {processor.py:830} INFO - Processing file /home/airflow/.local/lib/python3.12/site-packages/airflow/example_dags/example_display_name.py for tasks to queue
[2026-05-19T09:49:50.235+0000] {logging_mixin.py:188} INFO - [2026-05-19T09:49:50.233+0000] {dagbag.py:545} INFO - Filling up the DagBag from /home/airflow/.local/lib/python3.12/site-packages/airflow/example_dags/example_display_name.py
[2026-05-19T09:49:50.248+0000] {processor.py:840} INFO - DAG(s) 'example_display_name' retrieved from /home/airflow/.local/lib/python3.12/site-packages/airflow/example_dags/example_display_name.py
[2026-05-19T09:49:50.312+0000] {logging_mixin.py:188} INFO - [2026-05-19T09:49:50.312+0000] {dag.py:3089} INFO - Sync 1 DAGs
[2026-05-19T09:49:50.375+0000] {logging_mixin.py:188} INFO - [2026-05-19T09:49:50.373+0000] {dag.py:3947} INFO - Setting next_dagrun for example_display_name to None, run_after=None
[2026-05-19T09:49:50.496+0000] {processor.py:183} INFO - Processing /home/airflow/.local/lib/python3.12/site-packages/airflow/example_dags/example_display_name.py took 0.299 seconds
[2026-05-19T09:50:20.740+0000] {processor.py:161} INFO - Started process (PID=12891) to work on /home/airflow/.local/lib/python3.12/site-packages/airflow/example_dags/example_display_name.py
[2026-05-19T09:50:20.746+0000] {processor.py:830} INFO - Processing file /home/airflow/.local/lib/python3.12/site-packages/airflow/example_dags/example_display_name.py for tasks to queue
[2026-05-19T09:50:20.754+0000] {logging_mixin.py:188} INFO - [2026-05-19T09:50:20.753+0000] {dagbag.py:545} INFO - Filling up the DagBag from /home/airflow/.local/lib/python3.12/site-packages/airflow/example_dags/example_display_name.py
[2026-05-19T09:50:20.772+0000] {processor.py:840} INFO - DAG(s) 'example_display_name' retrieved from /home/airflow/.local/lib/python3.12/site-packages/airflow/example_dags/example_display_name.py
[2026-05-19T09:50:20.828+0000] {logging_mixin.py:188} INFO - [2026-05-19T09:50:20.828+0000] {dag.py:3089} INFO - Sync 1 DAGs
[2026-05-19T09:50:20.878+0000] {logging_mixin.py:188} INFO - [2026-05-19T09:50:20.877+0000] {dag.py:3947} INFO - Setting next_dagrun for example_display_name to None, run_after=None
[2026-05-19T09:50:20.985+0000] {processor.py:183} INFO - Processing /home/airflow/.local/lib/python3.12/site-packages/airflow/example_dags/example_display_name.py took 0.269 seconds
[2026-05-19T09:50:51.760+0000] {processor.py:161} INFO - Started process (PID=12951) to work on /home/airflow/.local/lib/python3.12/site-packages/airflow/example_dags/example_display_name.py
[2026-05-19T09:50:51.763+0000] {processor.py:830} INFO - Processing file /home/airflow/.local/lib/python3.12/site-packages/airflow/example_dags/example_display_name.py for tasks to queue
[2026-05-19T09:50:51.769+0000] {logging_mixin.py:188} INFO - [2026-05-19T09:50:51.768+0000] {dagbag.py:545} INFO - Filling up the DagBag from /home/airflow/.local/lib/python3.12/site-packages/airflow/example_dags/example_display_name.py
[2026-05-19T09:50:51.786+0000] {processor.py:840} INFO - DAG(s) 'example_display_name' retrieved from /home/airflow/.local/lib/python3.12/site-packages/airflow/example_dags/example_display_name.py
[2026-05-19T09:50:51.842+0000] {logging_mixin.py:188} INFO - [2026-05-19T09:50:51.840+0000] {dag.py:3089} INFO - Sync 1 DAGs
[2026-05-19T09:50:51.876+0000] {logging_mixin.py:188} INFO - [2026-05-19T09:50:51.875+0000] {dag.py:3947} INFO - Setting next_dagrun for example_display_name to None, run_after=None
[2026-05-19T09:50:51.944+0000] {processor.py:183} INFO - Processing /home/airflow/.local/lib/python3.12/site-packages/airflow/example_dags/example_display_name.py took 0.203 seconds
[2026-05-19T09:55:55.310+0000] {processor.py:161} INFO - Started process (PID=100) to work on /home/airflow/.local/lib/python3.12/site-packages/airflow/example_dags/example_display_name.py
[2026-05-19T09:55:55.316+0000] {processor.py:830} INFO - Processing file /home/airflow/.local/lib/python3.12/site-packages/airflow/example_dags/example_display_name.py for tasks to queue
[2026-05-19T09:55:55.325+0000] {logging_mixin.py:188} INFO - [2026-05-19T09:55:55.322+0000] {dagbag.py:545} INFO - Filling up the DagBag from /home/airflow/.local/lib/python3.12/site-packages/airflow/example_dags/example_display_name.py
[2026-05-19T09:55:55.358+0000] {processor.py:840} INFO - DAG(s) 'example_display_name' retrieved from /home/airflow/.local/lib/python3.12/site-packages/airflow/example_dags/example_display_name.py
[2026-05-19T09:55:55.873+0000] {logging_mixin.py:188} INFO - [2026-05-19T09:55:55.872+0000] {dag.py:3089} INFO - Sync 1 DAGs
[2026-05-19T09:55:55.907+0000] {logging_mixin.py:188} INFO - [2026-05-19T09:55:55.906+0000] {dag.py:3947} INFO - Setting next_dagrun for example_display_name to None, run_after=None
[2026-05-19T09:55:55.975+0000] {processor.py:183} INFO - Processing /home/airflow/.local/lib/python3.12/site-packages/airflow/example_dags/example_display_name.py took 0.682 seconds
[2026-05-19T09:57:06.719+0000] {processor.py:161} INFO - Started process (PID=165) to work on /home/airflow/.local/lib/python3.12/site-packages/airflow/example_dags/example_display_name.py
[2026-05-19T09:57:06.748+0000] {processor.py:830} INFO - Processing file /home/airflow/.local/lib/python3.12/site-packages/airflow/example_dags/example_display_name.py for tasks to queue
[2026-05-19T09:57:06.797+0000] {logging_mixin.py:188} INFO - [2026-05-19T09:57:06.783+0000] {dagbag.py:545} INFO - Filling up the DagBag from /home/airflow/.local/lib/python3.12/site-packages/airflow/example_dags/example_display_name.py
[2026-05-19T09:57:07.025+0000] {processor.py:840} INFO - DAG(s) 'example_display_name' retrieved from /home/airflow/.local/lib/python3.12/site-packages/airflow/example_dags/example_display_name.py
[2026-05-19T09:57:07.655+0000] {logging_mixin.py:188} INFO - [2026-05-19T09:57:07.655+0000] {dag.py:3089} INFO - Sync 1 DAGs
[2026-05-19T09:57:07.870+0000] {logging_mixin.py:188} INFO - [2026-05-19T09:57:07.869+0000] {dag.py:3947} INFO - Setting next_dagrun for example_display_name to None, run_after=None
[2026-05-19T09:57:08.437+0000] {processor.py:183} INFO - Processing /home/airflow/.local/lib/python3.12/site-packages/airflow/example_dags/example_display_name.py took 1.893 seconds
[2026-05-19T09:57:42.437+0000] {processor.py:161} INFO - Started process (PID=225) to work on /home/airflow/.local/lib/python3.12/site-packages/airflow/example_dags/example_display_name.py
[2026-05-19T09:57:42.439+0000] {processor.py:830} INFO - Processing file /home/airflow/.local/lib/python3.12/site-packages/airflow/example_dags/example_display_name.py for tasks to queue
[2026-05-19T09:57:42.443+0000] {logging_mixin.py:188} INFO - [2026-05-19T09:57:42.443+0000] {dagbag.py:545} INFO - Filling up the DagBag from /home/airflow/.local/lib/python3.12/site-packages/airflow/example_dags/example_display_name.py
[2026-05-19T09:57:42.455+0000] {processor.py:840} INFO - DAG(s) 'example_display_name' retrieved from /home/airflow/.local/lib/python3.12/site-packages/airflow/example_dags/example_display_name.py
[2026-05-19T09:57:42.505+0000] {logging_mixin.py:188} INFO - [2026-05-19T09:57:42.504+0000] {dag.py:3089} INFO - Sync 1 DAGs
[2026-05-19T09:57:42.543+0000] {logging_mixin.py:188} INFO - [2026-05-19T09:57:42.543+0000] {dag.py:3947} INFO - Setting next_dagrun for example_display_name to None, run_after=None
[2026-05-19T09:57:42.707+0000] {processor.py:183} INFO - Processing /home/airflow/.local/lib/python3.12/site-packages/airflow/example_dags/example_display_name.py took 0.285 seconds
[2026-05-19T09:58:18.341+0000] {processor.py:161} INFO - Started process (PID=286) to work on /home/airflow/.local/lib/python3.12/site-packages/airflow/example_dags/example_display_name.py
[2026-05-19T09:58:18.343+0000] {processor.py:830} INFO - Processing file /home/airflow/.local/lib/python3.12/site-packages/airflow/example_dags/example_display_name.py for tasks to queue
[2026-05-19T09:58:18.348+0000] {logging_mixin.py:188} INFO - [2026-05-19T09:58:18.347+0000] {dagbag.py:545} INFO - Filling up the DagBag from /home/airflow/.local/lib/python3.12/site-packages/airflow/example_dags/example_display_name.py
[2026-05-19T09:58:18.360+0000] {processor.py:840} INFO - DAG(s) 'example_display_name' retrieved from /home/airflow/.local/lib/python3.12/site-packages/airflow/example_dags/example_display_name.py
[2026-05-19T09:58:18.397+0000] {logging_mixin.py:188} INFO - [2026-05-19T09:58:18.396+0000] {dag.py:3089} INFO - Sync 1 DAGs
[2026-05-19T09:58:18.424+0000] {logging_mixin.py:188} INFO - [2026-05-19T09:58:18.424+0000] {dag.py:3947} INFO - Setting next_dagrun for example_display_name to None, run_after=None
[2026-05-19T09:58:18.462+0000] {processor.py:183} INFO - Processing /home/airflow/.local/lib/python3.12/site-packages/airflow/example_dags/example_display_name.py took 0.134 seconds
[2026-05-19T09:58:52.766+0000] {processor.py:161} INFO - Started process (PID=353) to work on /home/airflow/.local/lib/python3.12/site-packages/airflow/example_dags/example_display_name.py
[2026-05-19T09:58:52.772+0000] {processor.py:830} INFO - Processing file /home/airflow/.local/lib/python3.12/site-packages/airflow/example_dags/example_display_name.py for tasks to queue
[2026-05-19T09:58:52.783+0000] {logging_mixin.py:188} INFO - [2026-05-19T09:58:52.782+0000] {dagbag.py:545} INFO - Filling up the DagBag from /home/airflow/.local/lib/python3.12/site-packages/airflow/example_dags/example_display_name.py
[2026-05-19T09:58:52.830+0000] {processor.py:840} INFO - DAG(s) 'example_display_name' retrieved from /home/airflow/.local/lib/python3.12/site-packages/airflow/example_dags/example_display_name.py
[2026-05-19T09:58:52.995+0000] {logging_mixin.py:188} INFO - [2026-05-19T09:58:52.988+0000] {dag.py:3089} INFO - Sync 1 DAGs
[2026-05-19T09:58:53.083+0000] {logging_mixin.py:188} INFO - [2026-05-19T09:58:53.082+0000] {dag.py:3947} INFO - Setting next_dagrun for example_display_name to None, run_after=None
[2026-05-19T09:58:53.227+0000] {processor.py:183} INFO - Processing /home/airflow/.local/lib/python3.12/site-packages/airflow/example_dags/example_display_name.py took 0.514 seconds
[2026-05-19T09:59:24.672+0000] {processor.py:161} INFO - Started process (PID=414) to work on /home/airflow/.local/lib/python3.12/site-packages/airflow/example_dags/example_display_name.py
[2026-05-19T09:59:24.674+0000] {processor.py:830} INFO - Processing file /home/airflow/.local/lib/python3.12/site-packages/airflow/example_dags/example_display_name.py for tasks to queue
[2026-05-19T09:59:24.679+0000] {logging_mixin.py:188} INFO - [2026-05-19T09:59:24.678+0000] {dagbag.py:545} INFO - Filling up the DagBag from /home/airflow/.local/lib/python3.12/site-packages/airflow/example_dags/example_display_name.py
[2026-05-19T09:59:24.699+0000] {processor.py:840} INFO - DAG(s) 'example_display_name' retrieved from /home/airflow/.local/lib/python3.12/site-packages/airflow/example_dags/example_display_name.py
[2026-05-19T09:59:24.759+0000] {logging_mixin.py:188} INFO - [2026-05-19T09:59:24.758+0000] {dag.py:3089} INFO - Sync 1 DAGs
[2026-05-19T09:59:24.800+0000] {logging_mixin.py:188} INFO - [2026-05-19T09:59:24.799+0000] {dag.py:3947} INFO - Setting next_dagrun for example_display_name to None, run_after=None
[2026-05-19T09:59:24.850+0000] {processor.py:183} INFO - Processing /home/airflow/.local/lib/python3.12/site-packages/airflow/example_dags/example_display_name.py took 0.193 seconds
[2026-05-19T09:59:55.078+0000] {processor.py:161} INFO - Started process (PID=474) to work on /home/airflow/.local/lib/python3.12/site-packages/airflow/example_dags/example_display_name.py
[2026-05-19T09:59:55.081+0000] {processor.py:830} INFO - Processing file /home/airflow/.local/lib/python3.12/site-packages/airflow/example_dags/example_display_name.py for tasks to queue
[2026-05-19T09:59:55.087+0000] {logging_mixin.py:188} INFO - [2026-05-19T09:59:55.086+0000] {dagbag.py:545} INFO - Filling up the DagBag from /home/airflow/.local/lib/python3.12/site-packages/airflow/example_dags/example_display_name.py
[2026-05-19T09:59:55.103+0000] {processor.py:840} INFO - DAG(s) 'example_display_name' retrieved from /home/airflow/.local/lib/python3.12/site-packages/airflow/example_dags/example_display_name.py
[2026-05-19T09:59:55.157+0000] {logging_mixin.py:188} INFO - [2026-05-19T09:59:55.157+0000] {dag.py:3089} INFO - Sync 1 DAGs
[2026-05-19T09:59:55.192+0000] {logging_mixin.py:188} INFO - [2026-05-19T09:59:55.191+0000] {dag.py:3947} INFO - Setting next_dagrun for example_display_name to None, run_after=None
[2026-05-19T09:59:55.237+0000] {processor.py:183} INFO - Processing /home/airflow/.local/lib/python3.12/site-packages/airflow/example_dags/example_display_name.py took 0.176 seconds
[2026-05-19T10:00:25.566+0000] {processor.py:161} INFO - Started process (PID=535) to work on /home/airflow/.local/lib/python3.12/site-packages/airflow/example_dags/example_display_name.py
[2026-05-19T10:00:25.569+0000] {processor.py:830} INFO - Processing file /home/airflow/.local/lib/python3.12/site-packages/airflow/example_dags/example_display_name.py for tasks to queue
[2026-05-19T10:00:25.576+0000] {logging_mixin.py:188} INFO - [2026-05-19T10:00:25.575+0000] {dagbag.py:545} INFO - Filling up the DagBag from /home/airflow/.local/lib/python3.12/site-packages/airflow/example_dags/example_display_name.py
[2026-05-19T10:00:25.603+0000] {processor.py:840} INFO - DAG(s) 'example_display_name' retrieved from /home/airflow/.local/lib/python3.12/site-packages/airflow/example_dags/example_display_name.py
[2026-05-19T10:00:25.669+0000] {logging_mixin.py:188} INFO - [2026-05-19T10:00:25.669+0000] {dag.py:3089} INFO - Sync 1 DAGs
[2026-05-19T10:00:25.702+0000] {logging_mixin.py:188} INFO - [2026-05-19T10:00:25.702+0000] {dag.py:3947} INFO - Setting next_dagrun for example_display_name to None, run_after=None
[2026-05-19T10:00:25.751+0000] {processor.py:183} INFO - Processing /home/airflow/.local/lib/python3.12/site-packages/airflow/example_dags/example_display_name.py took 0.202 seconds
[2026-05-19T10:00:55.860+0000] {processor.py:161} INFO - Started process (PID=594) to work on /home/airflow/.local/lib/python3.12/site-packages/airflow/example_dags/example_display_name.py
[2026-05-19T10:00:55.862+0000] {processor.py:830} INFO - Processing file /home/airflow/.local/lib/python3.12/site-packages/airflow/example_dags/example_display_name.py for tasks to queue
[2026-05-19T10:00:55.865+0000] {logging_mixin.py:188} INFO - [2026-05-19T10:00:55.865+0000] {dagbag.py:545} INFO - Filling up the DagBag from /home/airflow/.local/lib/python3.12/site-packages/airflow/example_dags/example_display_name.py
[2026-05-19T10:00:55.875+0000] {processor.py:840} INFO - DAG(s) 'example_display_name' retrieved from /home/airflow/.local/lib/python3.12/site-packages/airflow/example_dags/example_display_name.py
[2026-05-19T10:00:55.904+0000] {logging_mixin.py:188} INFO - [2026-05-19T10:00:55.903+0000] {dag.py:3089} INFO - Sync 1 DAGs
[2026-05-19T10:00:55.922+0000] {logging_mixin.py:188} INFO - [2026-05-19T10:00:55.921+0000] {dag.py:3947} INFO - Setting next_dagrun for example_display_name to None, run_after=None
[2026-05-19T10:00:55.958+0000] {processor.py:183} INFO - Processing /home/airflow/.local/lib/python3.12/site-packages/airflow/example_dags/example_display_name.py took 0.108 seconds
[2026-05-19T10:01:26.308+0000] {processor.py:161} INFO - Started process (PID=653) to work on /home/airflow/.local/lib/python3.12/site-packages/airflow/example_dags/example_display_name.py
[2026-05-19T10:01:26.310+0000] {processor.py:830} INFO - Processing file /home/airflow/.local/lib/python3.12/site-packages/airflow/example_dags/example_display_name.py for tasks to queue
[2026-05-19T10:01:26.315+0000] {logging_mixin.py:188} INFO - [2026-05-19T10:01:26.314+0000] {dagbag.py:545} INFO - Filling up the DagBag from /home/airflow/.local/lib/python3.12/site-packages/airflow/example_dags/example_display_name.py
[2026-05-19T10:01:26.325+0000] {processor.py:840} INFO - DAG(s) 'example_display_name' retrieved from /home/airflow/.local/lib/python3.12/site-packages/airflow/example_dags/example_display_name.py
[2026-05-19T10:01:26.355+0000] {logging_mixin.py:188} INFO - [2026-05-19T10:01:26.355+0000] {dag.py:3089} INFO - Sync 1 DAGs
[2026-05-19T10:01:26.374+0000] {logging_mixin.py:188} INFO - [2026-05-19T10:01:26.374+0000] {dag.py:3947} INFO - Setting next_dagrun for example_display_name to None, run_after=None
[2026-05-19T10:01:26.400+0000] {processor.py:183} INFO - Processing /home/airflow/.local/lib/python3.12/site-packages/airflow/example_dags/example_display_name.py took 0.102 seconds
[2026-05-19T10:01:57.290+0000] {processor.py:161} INFO - Started process (PID=713) to work on /home/airflow/.local/lib/python3.12/site-packages/airflow/example_dags/example_display_name.py
[2026-05-19T10:01:57.292+0000] {processor.py:830} INFO - Processing file /home/airflow/.local/lib/python3.12/site-packages/airflow/example_dags/example_display_name.py for tasks to queue
[2026-05-19T10:01:57.297+0000] {logging_mixin.py:188} INFO - [2026-05-19T10:01:57.296+0000] {dagbag.py:545} INFO - Filling up the DagBag from /home/airflow/.local/lib/python3.12/site-packages/airflow/example_dags/example_display_name.py
[2026-05-19T10:01:57.310+0000] {processor.py:840} INFO - DAG(s) 'example_display_name' retrieved from /home/airflow/.local/lib/python3.12/site-packages/airflow/example_dags/example_display_name.py
[2026-05-19T10:01:57.354+0000] {logging_mixin.py:188} INFO - [2026-05-19T10:01:57.353+0000] {dag.py:3089} INFO - Sync 1 DAGs
[2026-05-19T10:01:57.386+0000] {logging_mixin.py:188} INFO - [2026-05-19T10:01:57.385+0000] {dag.py:3947} INFO - Setting next_dagrun for example_display_name to None, run_after=None
[2026-05-19T10:01:57.443+0000] {processor.py:183} INFO - Processing /home/airflow/.local/lib/python3.12/site-packages/airflow/example_dags/example_display_name.py took 0.166 seconds
[2026-05-19T10:02:28.353+0000] {processor.py:161} INFO - Started process (PID=773) to work on /home/airflow/.local/lib/python3.12/site-packages/airflow/example_dags/example_display_name.py
[2026-05-19T10:02:28.355+0000] {processor.py:830} INFO - Processing file /home/airflow/.local/lib/python3.12/site-packages/airflow/example_dags/example_display_name.py for tasks to queue
[2026-05-19T10:02:28.358+0000] {logging_mixin.py:188} INFO - [2026-05-19T10:02:28.358+0000] {dagbag.py:545} INFO - Filling up the DagBag from /home/airflow/.local/lib/python3.12/site-packages/airflow/example_dags/example_display_name.py
[2026-05-19T10:02:28.369+0000] {processor.py:840} INFO - DAG(s) 'example_display_name' retrieved from /home/airflow/.local/lib/python3.12/site-packages/airflow/example_dags/example_display_name.py
[2026-05-19T10:02:28.410+0000] {logging_mixin.py:188} INFO - [2026-05-19T10:02:28.410+0000] {dag.py:3089} INFO - Sync 1 DAGs
[2026-05-19T10:02:28.442+0000] {logging_mixin.py:188} INFO - [2026-05-19T10:02:28.441+0000] {dag.py:3947} INFO - Setting next_dagrun for example_display_name to None, run_after=None
[2026-05-19T10:02:28.494+0000] {processor.py:183} INFO - Processing /home/airflow/.local/lib/python3.12/site-packages/airflow/example_dags/example_display_name.py took 0.150 seconds
[2026-05-19T10:02:59.005+0000] {processor.py:161} INFO - Started process (PID=833) to work on /home/airflow/.local/lib/python3.12/site-packages/airflow/example_dags/example_display_name.py
[2026-05-19T10:02:59.007+0000] {processor.py:830} INFO - Processing file /home/airflow/.local/lib/python3.12/site-packages/airflow/example_dags/example_display_name.py for tasks to queue
[2026-05-19T10:02:59.011+0000] {logging_mixin.py:188} INFO - [2026-05-19T10:02:59.010+0000] {dagbag.py:545} INFO - Filling up the DagBag from /home/airflow/.local/lib/python3.12/site-packages/airflow/example_dags/example_display_name.py
[2026-05-19T10:02:59.022+0000] {processor.py:840} INFO - DAG(s) 'example_display_name' retrieved from /home/airflow/.local/lib/python3.12/site-packages/airflow/example_dags/example_display_name.py
[2026-05-19T10:02:59.058+0000] {logging_mixin.py:188} INFO - [2026-05-19T10:02:59.058+0000] {dag.py:3089} INFO - Sync 1 DAGs
[2026-05-19T10:02:59.079+0000] {logging_mixin.py:188} INFO - [2026-05-19T10:02:59.079+0000] {dag.py:3947} INFO - Setting next_dagrun for example_display_name to None, run_after=None
[2026-05-19T10:02:59.115+0000] {processor.py:183} INFO - Processing /home/airflow/.local/lib/python3.12/site-packages/airflow/example_dags/example_display_name.py took 0.119 seconds
[2026-05-19T10:03:29.351+0000] {processor.py:161} INFO - Started process (PID=893) to work on /home/airflow/.local/lib/python3.12/site-packages/airflow/example_dags/example_display_name.py
[2026-05-19T10:03:29.353+0000] {processor.py:830} INFO - Processing file /home/airflow/.local/lib/python3.12/site-packages/airflow/example_dags/example_display_name.py for tasks to queue
[2026-05-19T10:03:29.356+0000] {logging_mixin.py:188} INFO - [2026-05-19T10:03:29.356+0000] {dagbag.py:545} INFO - Filling up the DagBag from /home/airflow/.local/lib/python3.12/site-packages/airflow/example_dags/example_display_name.py
[2026-05-19T10:03:29.367+0000] {processor.py:840} INFO - DAG(s) 'example_display_name' retrieved from /home/airflow/.local/lib/python3.12/site-packages/airflow/example_dags/example_display_name.py
[2026-05-19T10:03:29.404+0000] {logging_mixin.py:188} INFO - [2026-05-19T10:03:29.403+0000] {dag.py:3089} INFO - Sync 1 DAGs
[2026-05-19T10:03:29.427+0000] {logging_mixin.py:188} INFO - [2026-05-19T10:03:29.426+0000] {dag.py:3947} INFO - Setting next_dagrun for example_display_name to None, run_after=None
[2026-05-19T10:03:29.461+0000] {processor.py:183} INFO - Processing /home/airflow/.local/lib/python3.12/site-packages/airflow/example_dags/example_display_name.py took 0.122 seconds
[2026-05-19T10:03:59.595+0000] {processor.py:161} INFO - Started process (PID=953) to work on /home/airflow/.local/lib/python3.12/site-packages/airflow/example_dags/example_display_name.py
[2026-05-19T10:03:59.597+0000] {processor.py:830} INFO - Processing file /home/airflow/.local/lib/python3.12/site-packages/airflow/example_dags/example_display_name.py for tasks to queue
[2026-05-19T10:03:59.600+0000] {logging_mixin.py:188} INFO - [2026-05-19T10:03:59.599+0000] {dagbag.py:545} INFO - Filling up the DagBag from /home/airflow/.local/lib/python3.12/site-packages/airflow/example_dags/example_display_name.py
[2026-05-19T10:03:59.608+0000] {processor.py:840} INFO - DAG(s) 'example_display_name' retrieved from /home/airflow/.local/lib/python3.12/site-packages/airflow/example_dags/example_display_name.py
[2026-05-19T10:03:59.653+0000] {logging_mixin.py:188} INFO - [2026-05-19T10:03:59.652+0000] {dag.py:3089} INFO - Sync 1 DAGs
[2026-05-19T10:03:59.674+0000] {logging_mixin.py:188} INFO - [2026-05-19T10:03:59.674+0000] {dag.py:3947} INFO - Setting next_dagrun for example_display_name to None, run_after=None
[2026-05-19T10:03:59.715+0000] {processor.py:183} INFO - Processing /home/airflow/.local/lib/python3.12/site-packages/airflow/example_dags/example_display_name.py took 0.129 seconds
[2026-05-19T10:04:30.782+0000] {processor.py:161} INFO - Started process (PID=1013) to work on /home/airflow/.local/lib/python3.12/site-packages/airflow/example_dags/example_display_name.py
[2026-05-19T10:04:30.784+0000] {processor.py:830} INFO - Processing file /home/airflow/.local/lib/python3.12/site-packages/airflow/example_dags/example_display_name.py for tasks to queue
[2026-05-19T10:04:30.788+0000] {logging_mixin.py:188} INFO - [2026-05-19T10:04:30.787+0000] {dagbag.py:545} INFO - Filling up the DagBag from /home/airflow/.local/lib/python3.12/site-packages/airflow/example_dags/example_display_name.py
[2026-05-19T10:04:30.799+0000] {processor.py:840} INFO - DAG(s) 'example_display_name' retrieved from /home/airflow/.local/lib/python3.12/site-packages/airflow/example_dags/example_display_name.py
[2026-05-19T10:04:30.837+0000] {logging_mixin.py:188} INFO - [2026-05-19T10:04:30.837+0000] {dag.py:3089} INFO - Sync 1 DAGs
[2026-05-19T10:04:30.857+0000] {logging_mixin.py:188} INFO - [2026-05-19T10:04:30.857+0000] {dag.py:3947} INFO - Setting next_dagrun for example_display_name to None, run_after=None
[2026-05-19T10:04:30.887+0000] {processor.py:183} INFO - Processing /home/airflow/.local/lib/python3.12/site-packages/airflow/example_dags/example_display_name.py took 0.121 seconds
[2026-05-19T10:05:01.067+0000] {processor.py:161} INFO - Started process (PID=1073) to work on /home/airflow/.local/lib/python3.12/site-packages/airflow/example_dags/example_display_name.py
[2026-05-19T10:05:01.069+0000] {processor.py:830} INFO - Processing file /home/airflow/.local/lib/python3.12/site-packages/airflow/example_dags/example_display_name.py for tasks to queue
[2026-05-19T10:05:01.072+0000] {logging_mixin.py:188} INFO - [2026-05-19T10:05:01.072+0000] {dagbag.py:545} INFO - Filling up the DagBag from /home/airflow/.local/lib/python3.12/site-packages/airflow/example_dags/example_display_name.py
[2026-05-19T10:05:01.082+0000] {processor.py:840} INFO - DAG(s) 'example_display_name' retrieved from /home/airflow/.local/lib/python3.12/site-packages/airflow/example_dags/example_display_name.py
[2026-05-19T10:05:01.113+0000] {logging_mixin.py:188} INFO - [2026-05-19T10:05:01.113+0000] {dag.py:3089} INFO - Sync 1 DAGs
[2026-05-19T10:05:01.144+0000] {logging_mixin.py:188} INFO - [2026-05-19T10:05:01.143+0000] {dag.py:3947} INFO - Setting next_dagrun for example_display_name to None, run_after=None
[2026-05-19T10:05:01.196+0000] {processor.py:183} INFO - Processing /home/airflow/.local/lib/python3.12/site-packages/airflow/example_dags/example_display_name.py took 0.138 seconds
[2026-05-19T10:05:32.467+0000] {processor.py:161} INFO - Started process (PID=1134) to work on /home/airflow/.local/lib/python3.12/site-packages/airflow/example_dags/example_display_name.py
[2026-05-19T10:05:32.471+0000] {processor.py:830} INFO - Processing file /home/airflow/.local/lib/python3.12/site-packages/airflow/example_dags/example_display_name.py for tasks to queue
[2026-05-19T10:05:32.480+0000] {logging_mixin.py:188} INFO - [2026-05-19T10:05:32.479+0000] {dagbag.py:545} INFO - Filling up the DagBag from /home/airflow/.local/lib/python3.12/site-packages/airflow/example_dags/example_display_name.py
[2026-05-19T10:05:32.503+0000] {processor.py:840} INFO - DAG(s) 'example_display_name' retrieved from /home/airflow/.local/lib/python3.12/site-packages/airflow/example_dags/example_display_name.py
[2026-05-19T10:05:32.568+0000] {logging_mixin.py:188} INFO - [2026-05-19T10:05:32.567+0000] {dag.py:3089} INFO - Sync 1 DAGs
[2026-05-19T10:05:32.599+0000] {logging_mixin.py:188} INFO - [2026-05-19T10:05:32.598+0000] {dag.py:3947} INFO - Setting next_dagrun for example_display_name to None, run_after=None
[2026-05-19T10:05:32.645+0000] {processor.py:183} INFO - Processing /home/airflow/.local/lib/python3.12/site-packages/airflow/example_dags/example_display_name.py took 0.200 seconds
[2026-05-19T10:06:02.920+0000] {processor.py:161} INFO - Started process (PID=1194) to work on /home/airflow/.local/lib/python3.12/site-packages/airflow/example_dags/example_display_name.py
[2026-05-19T10:06:02.923+0000] {processor.py:830} INFO - Processing file /home/airflow/.local/lib/python3.12/site-packages/airflow/example_dags/example_display_name.py for tasks to queue
[2026-05-19T10:06:02.928+0000] {logging_mixin.py:188} INFO - [2026-05-19T10:06:02.927+0000] {dagbag.py:545} INFO - Filling up the DagBag from /home/airflow/.local/lib/python3.12/site-packages/airflow/example_dags/example_display_name.py
[2026-05-19T10:06:02.945+0000] {processor.py:840} INFO - DAG(s) 'example_display_name' retrieved from /home/airflow/.local/lib/python3.12/site-packages/airflow/example_dags/example_display_name.py
[2026-05-19T10:06:02.981+0000] {logging_mixin.py:188} INFO - [2026-05-19T10:06:02.980+0000] {dag.py:3089} INFO - Sync 1 DAGs
[2026-05-19T10:06:03.010+0000] {logging_mixin.py:188} INFO - [2026-05-19T10:06:03.009+0000] {dag.py:3947} INFO - Setting next_dagrun for example_display_name to None, run_after=None
[2026-05-19T10:06:03.046+0000] {processor.py:183} INFO - Processing /home/airflow/.local/lib/python3.12/site-packages/airflow/example_dags/example_display_name.py took 0.146 seconds
[2026-05-19T10:06:33.167+0000] {processor.py:161} INFO - Started process (PID=1254) to work on /home/airflow/.local/lib/python3.12/site-packages/airflow/example_dags/example_display_name.py
[2026-05-19T10:06:33.169+0000] {processor.py:830} INFO - Processing file /home/airflow/.local/lib/python3.12/site-packages/airflow/example_dags/example_display_name.py for tasks to queue
[2026-05-19T10:06:33.173+0000] {logging_mixin.py:188} INFO - [2026-05-19T10:06:33.172+0000] {dagbag.py:545} INFO - Filling up the DagBag from /home/airflow/.local/lib/python3.12/site-packages/airflow/example_dags/example_display_name.py
[2026-05-19T10:06:33.184+0000] {processor.py:840} INFO - DAG(s) 'example_display_name' retrieved from /home/airflow/.local/lib/python3.12/site-packages/airflow/example_dags/example_display_name.py
[2026-05-19T10:06:33.218+0000] {logging_mixin.py:188} INFO - [2026-05-19T10:06:33.218+0000] {dag.py:3089} INFO - Sync 1 DAGs
[2026-05-19T10:06:33.244+0000] {logging_mixin.py:188} INFO - [2026-05-19T10:06:33.243+0000] {dag.py:3947} INFO - Setting next_dagrun for example_display_name to None, run_after=None
[2026-05-19T10:06:33.285+0000] {processor.py:183} INFO - Processing /home/airflow/.local/lib/python3.12/site-packages/airflow/example_dags/example_display_name.py took 0.129 seconds
[2026-05-19T10:07:03.764+0000] {processor.py:161} INFO - Started process (PID=1314) to work on /home/airflow/.local/lib/python3.12/site-packages/airflow/example_dags/example_display_name.py
[2026-05-19T10:07:03.766+0000] {processor.py:830} INFO - Processing file /home/airflow/.local/lib/python3.12/site-packages/airflow/example_dags/example_display_name.py for tasks to queue
[2026-05-19T10:07:03.774+0000] {logging_mixin.py:188} INFO - [2026-05-19T10:07:03.773+0000] {dagbag.py:545} INFO - Filling up the DagBag from /home/airflow/.local/lib/python3.12/site-packages/airflow/example_dags/example_display_name.py
[2026-05-19T10:07:03.796+0000] {processor.py:840} INFO - DAG(s) 'example_display_name' retrieved from /home/airflow/.local/lib/python3.12/site-packages/airflow/example_dags/example_display_name.py
[2026-05-19T10:07:03.864+0000] {logging_mixin.py:188} INFO - [2026-05-19T10:07:03.863+0000] {dag.py:3089} INFO - Sync 1 DAGs
[2026-05-19T10:07:03.901+0000] {logging_mixin.py:188} INFO - [2026-05-19T10:07:03.900+0000] {dag.py:3947} INFO - Setting next_dagrun for example_display_name to None, run_after=None
[2026-05-19T10:07:03.949+0000] {processor.py:183} INFO - Processing /home/airflow/.local/lib/python3.12/site-packages/airflow/example_dags/example_display_name.py took 0.201 seconds
[2026-05-19T10:07:34.199+0000] {processor.py:161} INFO - Started process (PID=1374) to work on /home/airflow/.local/lib/python3.12/site-packages/airflow/example_dags/example_display_name.py
[2026-05-19T10:07:34.202+0000] {processor.py:830} INFO - Processing file /home/airflow/.local/lib/python3.12/site-packages/airflow/example_dags/example_display_name.py for tasks to queue
[2026-05-19T10:07:34.205+0000] {logging_mixin.py:188} INFO - [2026-05-19T10:07:34.204+0000] {dagbag.py:545} INFO - Filling up the DagBag from /home/airflow/.local/lib/python3.12/site-packages/airflow/example_dags/example_display_name.py
[2026-05-19T10:07:34.217+0000] {processor.py:840} INFO - DAG(s) 'example_display_name' retrieved from /home/airflow/.local/lib/python3.12/site-packages/airflow/example_dags/example_display_name.py
[2026-05-19T10:07:34.253+0000] {logging_mixin.py:188} INFO - [2026-05-19T10:07:34.252+0000] {dag.py:3089} INFO - Sync 1 DAGs
[2026-05-19T10:07:34.275+0000] {logging_mixin.py:188} INFO - [2026-05-19T10:07:34.274+0000] {dag.py:3947} INFO - Setting next_dagrun for example_display_name to None, run_after=None
[2026-05-19T10:07:34.311+0000] {processor.py:183} INFO - Processing /home/airflow/.local/lib/python3.12/site-packages/airflow/example_dags/example_display_name.py took 0.123 seconds
[2026-05-19T10:08:04.565+0000] {processor.py:161} INFO - Started process (PID=1434) to work on /home/airflow/.local/lib/python3.12/site-packages/airflow/example_dags/example_display_name.py
[2026-05-19T10:08:04.566+0000] {processor.py:830} INFO - Processing file /home/airflow/.local/lib/python3.12/site-packages/airflow/example_dags/example_display_name.py for tasks to queue
[2026-05-19T10:08:04.569+0000] {logging_mixin.py:188} INFO - [2026-05-19T10:08:04.569+0000] {dagbag.py:545} INFO - Filling up the DagBag from /home/airflow/.local/lib/python3.12/site-packages/airflow/example_dags/example_display_name.py
[2026-05-19T10:08:04.580+0000] {processor.py:840} INFO - DAG(s) 'example_display_name' retrieved from /home/airflow/.local/lib/python3.12/site-packages/airflow/example_dags/example_display_name.py
[2026-05-19T10:08:04.612+0000] {logging_mixin.py:188} INFO - [2026-05-19T10:08:04.612+0000] {dag.py:3089} INFO - Sync 1 DAGs
[2026-05-19T10:08:04.630+0000] {logging_mixin.py:188} INFO - [2026-05-19T10:08:04.630+0000] {dag.py:3947} INFO - Setting next_dagrun for example_display_name to None, run_after=None
[2026-05-19T10:08:04.660+0000] {processor.py:183} INFO - Processing /home/airflow/.local/lib/python3.12/site-packages/airflow/example_dags/example_display_name.py took 0.107 seconds
[2026-05-19T10:11:03.648+0000] {processor.py:161} INFO - Started process (PID=86) to work on /home/airflow/.local/lib/python3.12/site-packages/airflow/example_dags/example_display_name.py
[2026-05-19T10:11:03.651+0000] {processor.py:830} INFO - Processing file /home/airflow/.local/lib/python3.12/site-packages/airflow/example_dags/example_display_name.py for tasks to queue
[2026-05-19T10:11:03.657+0000] {logging_mixin.py:188} INFO - [2026-05-19T10:11:03.656+0000] {dagbag.py:545} INFO - Filling up the DagBag from /home/airflow/.local/lib/python3.12/site-packages/airflow/example_dags/example_display_name.py
[2026-05-19T10:11:03.689+0000] {processor.py:840} INFO - DAG(s) 'example_display_name' retrieved from /home/airflow/.local/lib/python3.12/site-packages/airflow/example_dags/example_display_name.py
[2026-05-19T10:11:03.993+0000] {logging_mixin.py:188} INFO - [2026-05-19T10:11:03.993+0000] {dag.py:3089} INFO - Sync 1 DAGs
[2026-05-19T10:11:04.010+0000] {logging_mixin.py:188} INFO - [2026-05-19T10:11:04.009+0000] {dag.py:3947} INFO - Setting next_dagrun for example_display_name to None, run_after=None
[2026-05-19T10:11:04.041+0000] {processor.py:183} INFO - Processing /home/airflow/.local/lib/python3.12/site-packages/airflow/example_dags/example_display_name.py took 0.407 seconds
[2026-05-19T10:11:45.651+0000] {processor.py:161} INFO - Started process (PID=153) to work on /home/airflow/.local/lib/python3.12/site-packages/airflow/example_dags/example_display_name.py
[2026-05-19T10:11:45.659+0000] {processor.py:830} INFO - Processing file /home/airflow/.local/lib/python3.12/site-packages/airflow/example_dags/example_display_name.py for tasks to queue
[2026-05-19T10:11:45.664+0000] {logging_mixin.py:188} INFO - [2026-05-19T10:11:45.663+0000] {dagbag.py:545} INFO - Filling up the DagBag from /home/airflow/.local/lib/python3.12/site-packages/airflow/example_dags/example_display_name.py
[2026-05-19T10:11:45.689+0000] {processor.py:840} INFO - DAG(s) 'example_display_name' retrieved from /home/airflow/.local/lib/python3.12/site-packages/airflow/example_dags/example_display_name.py
[2026-05-19T10:11:45.798+0000] {logging_mixin.py:188} INFO - [2026-05-19T10:11:45.797+0000] {dag.py:3089} INFO - Sync 1 DAGs
[2026-05-19T10:11:45.864+0000] {logging_mixin.py:188} INFO - [2026-05-19T10:11:45.863+0000] {dag.py:3947} INFO - Setting next_dagrun for example_display_name to None, run_after=None
[2026-05-19T10:11:45.948+0000] {processor.py:183} INFO - Processing /home/airflow/.local/lib/python3.12/site-packages/airflow/example_dags/example_display_name.py took 0.309 seconds
[2026-05-19T10:12:16.146+0000] {processor.py:161} INFO - Started process (PID=213) to work on /home/airflow/.local/lib/python3.12/site-packages/airflow/example_dags/example_display_name.py
[2026-05-19T10:12:16.147+0000] {processor.py:830} INFO - Processing file /home/airflow/.local/lib/python3.12/site-packages/airflow/example_dags/example_display_name.py for tasks to queue
[2026-05-19T10:12:16.151+0000] {logging_mixin.py:188} INFO - [2026-05-19T10:12:16.150+0000] {dagbag.py:545} INFO - Filling up the DagBag from /home/airflow/.local/lib/python3.12/site-packages/airflow/example_dags/example_display_name.py
[2026-05-19T10:12:16.161+0000] {processor.py:840} INFO - DAG(s) 'example_display_name' retrieved from /home/airflow/.local/lib/python3.12/site-packages/airflow/example_dags/example_display_name.py
[2026-05-19T10:12:16.192+0000] {logging_mixin.py:188} INFO - [2026-05-19T10:12:16.191+0000] {dag.py:3089} INFO - Sync 1 DAGs
[2026-05-19T10:12:16.213+0000] {logging_mixin.py:188} INFO - [2026-05-19T10:12:16.212+0000] {dag.py:3947} INFO - Setting next_dagrun for example_display_name to None, run_after=None
[2026-05-19T10:12:16.245+0000] {processor.py:183} INFO - Processing /home/airflow/.local/lib/python3.12/site-packages/airflow/example_dags/example_display_name.py took 0.108 seconds
[2026-05-19T10:12:55.804+0000] {processor.py:161} INFO - Started process (PID=273) to work on /home/airflow/.local/lib/python3.12/site-packages/airflow/example_dags/example_display_name.py
[2026-05-19T10:12:55.807+0000] {processor.py:830} INFO - Processing file /home/airflow/.local/lib/python3.12/site-packages/airflow/example_dags/example_display_name.py for tasks to queue
[2026-05-19T10:12:55.821+0000] {logging_mixin.py:188} INFO - [2026-05-19T10:12:55.820+0000] {dagbag.py:545} INFO - Filling up the DagBag from /home/airflow/.local/lib/python3.12/site-packages/airflow/example_dags/example_display_name.py
[2026-05-19T10:12:55.866+0000] {processor.py:840} INFO - DAG(s) 'example_display_name' retrieved from /home/airflow/.local/lib/python3.12/site-packages/airflow/example_dags/example_display_name.py
[2026-05-19T10:12:55.959+0000] {logging_mixin.py:188} INFO - [2026-05-19T10:12:55.958+0000] {dag.py:3089} INFO - Sync 1 DAGs
[2026-05-19T10:12:55.999+0000] {logging_mixin.py:188} INFO - [2026-05-19T10:12:55.998+0000] {dag.py:3947} INFO - Setting next_dagrun for example_display_name to None, run_after=None
[2026-05-19T10:12:56.062+0000] {processor.py:183} INFO - Processing /home/airflow/.local/lib/python3.12/site-packages/airflow/example_dags/example_display_name.py took 0.276 seconds
[2026-05-19T10:13:26.965+0000] {processor.py:161} INFO - Started process (PID=333) to work on /home/airflow/.local/lib/python3.12/site-packages/airflow/example_dags/example_display_name.py
[2026-05-19T10:13:26.967+0000] {processor.py:830} INFO - Processing file /home/airflow/.local/lib/python3.12/site-packages/airflow/example_dags/example_display_name.py for tasks to queue
[2026-05-19T10:13:26.971+0000] {logging_mixin.py:188} INFO - [2026-05-19T10:13:26.970+0000] {dagbag.py:545} INFO - Filling up the DagBag from /home/airflow/.local/lib/python3.12/site-packages/airflow/example_dags/example_display_name.py
[2026-05-19T10:13:26.983+0000] {processor.py:840} INFO - DAG(s) 'example_display_name' retrieved from /home/airflow/.local/lib/python3.12/site-packages/airflow/example_dags/example_display_name.py
[2026-05-19T10:13:27.026+0000] {logging_mixin.py:188} INFO - [2026-05-19T10:13:27.025+0000] {dag.py:3089} INFO - Sync 1 DAGs
[2026-05-19T10:13:27.050+0000] {logging_mixin.py:188} INFO - [2026-05-19T10:13:27.050+0000] {dag.py:3947} INFO - Setting next_dagrun for example_display_name to None, run_after=None
[2026-05-19T10:13:27.089+0000] {processor.py:183} INFO - Processing /home/airflow/.local/lib/python3.12/site-packages/airflow/example_dags/example_display_name.py took 0.138 seconds
[2026-05-19T10:13:57.838+0000] {processor.py:161} INFO - Started process (PID=391) to work on /home/airflow/.local/lib/python3.12/site-packages/airflow/example_dags/example_display_name.py
[2026-05-19T10:13:57.852+0000] {processor.py:830} INFO - Processing file /home/airflow/.local/lib/python3.12/site-packages/airflow/example_dags/example_display_name.py for tasks to queue
[2026-05-19T10:13:57.875+0000] {logging_mixin.py:188} INFO - [2026-05-19T10:13:57.871+0000] {dagbag.py:545} INFO - Filling up the DagBag from /home/airflow/.local/lib/python3.12/site-packages/airflow/example_dags/example_display_name.py
[2026-05-19T10:13:57.905+0000] {processor.py:840} INFO - DAG(s) 'example_display_name' retrieved from /home/airflow/.local/lib/python3.12/site-packages/airflow/example_dags/example_display_name.py
[2026-05-19T10:13:57.979+0000] {logging_mixin.py:188} INFO - [2026-05-19T10:13:57.979+0000] {dag.py:3089} INFO - Sync 1 DAGs
[2026-05-19T10:13:58.028+0000] {logging_mixin.py:188} INFO - [2026-05-19T10:13:58.028+0000] {dag.py:3947} INFO - Setting next_dagrun for example_display_name to None, run_after=None
[2026-05-19T10:13:58.116+0000] {processor.py:183} INFO - Processing /home/airflow/.local/lib/python3.12/site-packages/airflow/example_dags/example_display_name.py took 0.315 seconds
[2026-05-19T10:14:28.830+0000] {processor.py:161} INFO - Started process (PID=450) to work on /home/airflow/.local/lib/python3.12/site-packages/airflow/example_dags/example_display_name.py
[2026-05-19T10:14:28.832+0000] {processor.py:830} INFO - Processing file /home/airflow/.local/lib/python3.12/site-packages/airflow/example_dags/example_display_name.py for tasks to queue
[2026-05-19T10:14:28.835+0000] {logging_mixin.py:188} INFO - [2026-05-19T10:14:28.835+0000] {dagbag.py:545} INFO - Filling up the DagBag from /home/airflow/.local/lib/python3.12/site-packages/airflow/example_dags/example_display_name.py
[2026-05-19T10:14:28.847+0000] {processor.py:840} INFO - DAG(s) 'example_display_name' retrieved from /home/airflow/.local/lib/python3.12/site-packages/airflow/example_dags/example_display_name.py
[2026-05-19T10:14:28.891+0000] {logging_mixin.py:188} INFO - [2026-05-19T10:14:28.890+0000] {dag.py:3089} INFO - Sync 1 DAGs
[2026-05-19T10:14:28.919+0000] {logging_mixin.py:188} INFO - [2026-05-19T10:14:28.919+0000] {dag.py:3947} INFO - Setting next_dagrun for example_display_name to None, run_after=None
[2026-05-19T10:14:28.961+0000] {processor.py:183} INFO - Processing /home/airflow/.local/lib/python3.12/site-packages/airflow/example_dags/example_display_name.py took 0.140 seconds
