[2026-05-19T07:38:45.357+0000] {processor.py:161} INFO - Started process (PID=94) to work on /home/airflow/.local/lib/python3.12/site-packages/airflow/example_dags/example_latest_only_with_trigger.py
[2026-05-19T07:38:45.374+0000] {processor.py:830} INFO - Processing file /home/airflow/.local/lib/python3.12/site-packages/airflow/example_dags/example_latest_only_with_trigger.py for tasks to queue
[2026-05-19T07:38:45.429+0000] {logging_mixin.py:188} INFO - [2026-05-19T07:38:45.415+0000] {dagbag.py:545} INFO - Filling up the DagBag from /home/airflow/.local/lib/python3.12/site-packages/airflow/example_dags/example_latest_only_with_trigger.py
[2026-05-19T07:38:45.538+0000] {processor.py:840} INFO - DAG(s) 'latest_only_with_trigger' retrieved from /home/airflow/.local/lib/python3.12/site-packages/airflow/example_dags/example_latest_only_with_trigger.py
[2026-05-19T07:38:46.328+0000] {logging_mixin.py:188} INFO - [2026-05-19T07:38:46.327+0000] {dag.py:3089} INFO - Sync 1 DAGs
[2026-05-19T07:38:46.523+0000] {logging_mixin.py:188} INFO - [2026-05-19T07:38:46.523+0000] {dag.py:3947} INFO - Setting next_dagrun for latest_only_with_trigger to 2026-05-19 00:00:00+00:00, run_after=2026-05-19 04:00:00+00:00
[2026-05-19T07:38:46.701+0000] {processor.py:183} INFO - Processing /home/airflow/.local/lib/python3.12/site-packages/airflow/example_dags/example_latest_only_with_trigger.py took 1.394 seconds
[2026-05-19T07:39:17.283+0000] {processor.py:161} INFO - Started process (PID=152) to work on /home/airflow/.local/lib/python3.12/site-packages/airflow/example_dags/example_latest_only_with_trigger.py
[2026-05-19T07:39:17.285+0000] {processor.py:830} INFO - Processing file /home/airflow/.local/lib/python3.12/site-packages/airflow/example_dags/example_latest_only_with_trigger.py for tasks to queue
[2026-05-19T07:39:17.289+0000] {logging_mixin.py:188} INFO - [2026-05-19T07:39:17.289+0000] {dagbag.py:545} INFO - Filling up the DagBag from /home/airflow/.local/lib/python3.12/site-packages/airflow/example_dags/example_latest_only_with_trigger.py
[2026-05-19T07:39:17.303+0000] {processor.py:840} INFO - DAG(s) 'latest_only_with_trigger' retrieved from /home/airflow/.local/lib/python3.12/site-packages/airflow/example_dags/example_latest_only_with_trigger.py
[2026-05-19T07:39:17.366+0000] {logging_mixin.py:188} INFO - [2026-05-19T07:39:17.365+0000] {dag.py:3089} INFO - Sync 1 DAGs
[2026-05-19T07:39:17.460+0000] {logging_mixin.py:188} INFO - [2026-05-19T07:39:17.459+0000] {dag.py:3947} INFO - Setting next_dagrun for latest_only_with_trigger to 2026-05-19 00:00:00+00:00, run_after=2026-05-19 04:00:00+00:00
[2026-05-19T07:39:17.536+0000] {processor.py:183} INFO - Processing /home/airflow/.local/lib/python3.12/site-packages/airflow/example_dags/example_latest_only_with_trigger.py took 0.263 seconds
[2026-05-19T07:39:47.711+0000] {processor.py:161} INFO - Started process (PID=211) to work on /home/airflow/.local/lib/python3.12/site-packages/airflow/example_dags/example_latest_only_with_trigger.py
[2026-05-19T07:39:47.713+0000] {processor.py:830} INFO - Processing file /home/airflow/.local/lib/python3.12/site-packages/airflow/example_dags/example_latest_only_with_trigger.py for tasks to queue
[2026-05-19T07:39:47.717+0000] {logging_mixin.py:188} INFO - [2026-05-19T07:39:47.716+0000] {dagbag.py:545} INFO - Filling up the DagBag from /home/airflow/.local/lib/python3.12/site-packages/airflow/example_dags/example_latest_only_with_trigger.py
[2026-05-19T07:39:47.728+0000] {processor.py:840} INFO - DAG(s) 'latest_only_with_trigger' retrieved from /home/airflow/.local/lib/python3.12/site-packages/airflow/example_dags/example_latest_only_with_trigger.py
[2026-05-19T07:39:47.768+0000] {logging_mixin.py:188} INFO - [2026-05-19T07:39:47.768+0000] {dag.py:3089} INFO - Sync 1 DAGs
[2026-05-19T07:39:47.813+0000] {logging_mixin.py:188} INFO - [2026-05-19T07:39:47.812+0000] {dag.py:3947} INFO - Setting next_dagrun for latest_only_with_trigger to 2026-05-19 00:00:00+00:00, run_after=2026-05-19 04:00:00+00:00
[2026-05-19T07:39:47.850+0000] {processor.py:183} INFO - Processing /home/airflow/.local/lib/python3.12/site-packages/airflow/example_dags/example_latest_only_with_trigger.py took 0.151 seconds
[2026-05-19T07:40:17.942+0000] {processor.py:161} INFO - Started process (PID=269) to work on /home/airflow/.local/lib/python3.12/site-packages/airflow/example_dags/example_latest_only_with_trigger.py
[2026-05-19T07:40:17.945+0000] {processor.py:830} INFO - Processing file /home/airflow/.local/lib/python3.12/site-packages/airflow/example_dags/example_latest_only_with_trigger.py for tasks to queue
[2026-05-19T07:40:17.951+0000] {logging_mixin.py:188} INFO - [2026-05-19T07:40:17.950+0000] {dagbag.py:545} INFO - Filling up the DagBag from /home/airflow/.local/lib/python3.12/site-packages/airflow/example_dags/example_latest_only_with_trigger.py
[2026-05-19T07:40:17.968+0000] {processor.py:840} INFO - DAG(s) 'latest_only_with_trigger' retrieved from /home/airflow/.local/lib/python3.12/site-packages/airflow/example_dags/example_latest_only_with_trigger.py
[2026-05-19T07:40:18.055+0000] {logging_mixin.py:188} INFO - [2026-05-19T07:40:18.054+0000] {dag.py:3089} INFO - Sync 1 DAGs
[2026-05-19T07:40:18.130+0000] {logging_mixin.py:188} INFO - [2026-05-19T07:40:18.129+0000] {dag.py:3947} INFO - Setting next_dagrun for latest_only_with_trigger to 2026-05-19 00:00:00+00:00, run_after=2026-05-19 04:00:00+00:00
[2026-05-19T07:40:18.187+0000] {processor.py:183} INFO - Processing /home/airflow/.local/lib/python3.12/site-packages/airflow/example_dags/example_latest_only_with_trigger.py took 0.257 seconds
[2026-05-19T07:40:49.149+0000] {processor.py:161} INFO - Started process (PID=327) to work on /home/airflow/.local/lib/python3.12/site-packages/airflow/example_dags/example_latest_only_with_trigger.py
[2026-05-19T07:40:49.151+0000] {processor.py:830} INFO - Processing file /home/airflow/.local/lib/python3.12/site-packages/airflow/example_dags/example_latest_only_with_trigger.py for tasks to queue
[2026-05-19T07:40:49.155+0000] {logging_mixin.py:188} INFO - [2026-05-19T07:40:49.154+0000] {dagbag.py:545} INFO - Filling up the DagBag from /home/airflow/.local/lib/python3.12/site-packages/airflow/example_dags/example_latest_only_with_trigger.py
[2026-05-19T07:40:49.166+0000] {processor.py:840} INFO - DAG(s) 'latest_only_with_trigger' retrieved from /home/airflow/.local/lib/python3.12/site-packages/airflow/example_dags/example_latest_only_with_trigger.py
[2026-05-19T07:40:49.206+0000] {logging_mixin.py:188} INFO - [2026-05-19T07:40:49.205+0000] {dag.py:3089} INFO - Sync 1 DAGs
[2026-05-19T07:40:49.243+0000] {logging_mixin.py:188} INFO - [2026-05-19T07:40:49.243+0000] {dag.py:3947} INFO - Setting next_dagrun for latest_only_with_trigger to 2026-05-19 00:00:00+00:00, run_after=2026-05-19 04:00:00+00:00
[2026-05-19T07:40:49.283+0000] {processor.py:183} INFO - Processing /home/airflow/.local/lib/python3.12/site-packages/airflow/example_dags/example_latest_only_with_trigger.py took 0.145 seconds
[2026-05-19T07:41:19.792+0000] {processor.py:161} INFO - Started process (PID=385) to work on /home/airflow/.local/lib/python3.12/site-packages/airflow/example_dags/example_latest_only_with_trigger.py
[2026-05-19T07:41:19.796+0000] {processor.py:830} INFO - Processing file /home/airflow/.local/lib/python3.12/site-packages/airflow/example_dags/example_latest_only_with_trigger.py for tasks to queue
[2026-05-19T07:41:19.803+0000] {logging_mixin.py:188} INFO - [2026-05-19T07:41:19.801+0000] {dagbag.py:545} INFO - Filling up the DagBag from /home/airflow/.local/lib/python3.12/site-packages/airflow/example_dags/example_latest_only_with_trigger.py
[2026-05-19T07:41:19.822+0000] {processor.py:840} INFO - DAG(s) 'latest_only_with_trigger' retrieved from /home/airflow/.local/lib/python3.12/site-packages/airflow/example_dags/example_latest_only_with_trigger.py
[2026-05-19T07:41:19.870+0000] {logging_mixin.py:188} INFO - [2026-05-19T07:41:19.870+0000] {dag.py:3089} INFO - Sync 1 DAGs
[2026-05-19T07:41:19.907+0000] {logging_mixin.py:188} INFO - [2026-05-19T07:41:19.907+0000] {dag.py:3947} INFO - Setting next_dagrun for latest_only_with_trigger to 2026-05-19 00:00:00+00:00, run_after=2026-05-19 04:00:00+00:00
[2026-05-19T07:41:19.940+0000] {processor.py:183} INFO - Processing /home/airflow/.local/lib/python3.12/site-packages/airflow/example_dags/example_latest_only_with_trigger.py took 0.168 seconds
[2026-05-19T07:41:50.122+0000] {processor.py:161} INFO - Started process (PID=443) to work on /home/airflow/.local/lib/python3.12/site-packages/airflow/example_dags/example_latest_only_with_trigger.py
[2026-05-19T07:41:50.125+0000] {processor.py:830} INFO - Processing file /home/airflow/.local/lib/python3.12/site-packages/airflow/example_dags/example_latest_only_with_trigger.py for tasks to queue
[2026-05-19T07:41:50.129+0000] {logging_mixin.py:188} INFO - [2026-05-19T07:41:50.129+0000] {dagbag.py:545} INFO - Filling up the DagBag from /home/airflow/.local/lib/python3.12/site-packages/airflow/example_dags/example_latest_only_with_trigger.py
[2026-05-19T07:41:50.140+0000] {processor.py:840} INFO - DAG(s) 'latest_only_with_trigger' retrieved from /home/airflow/.local/lib/python3.12/site-packages/airflow/example_dags/example_latest_only_with_trigger.py
[2026-05-19T07:41:50.191+0000] {logging_mixin.py:188} INFO - [2026-05-19T07:41:50.191+0000] {dag.py:3089} INFO - Sync 1 DAGs
[2026-05-19T07:41:50.232+0000] {logging_mixin.py:188} INFO - [2026-05-19T07:41:50.232+0000] {dag.py:3947} INFO - Setting next_dagrun for latest_only_with_trigger to 2026-05-19 00:00:00+00:00, run_after=2026-05-19 04:00:00+00:00
[2026-05-19T07:41:50.269+0000] {processor.py:183} INFO - Processing /home/airflow/.local/lib/python3.12/site-packages/airflow/example_dags/example_latest_only_with_trigger.py took 0.156 seconds
[2026-05-19T07:42:20.872+0000] {processor.py:161} INFO - Started process (PID=501) to work on /home/airflow/.local/lib/python3.12/site-packages/airflow/example_dags/example_latest_only_with_trigger.py
[2026-05-19T07:42:20.882+0000] {processor.py:830} INFO - Processing file /home/airflow/.local/lib/python3.12/site-packages/airflow/example_dags/example_latest_only_with_trigger.py for tasks to queue
[2026-05-19T07:42:20.904+0000] {logging_mixin.py:188} INFO - [2026-05-19T07:42:20.900+0000] {dagbag.py:545} INFO - Filling up the DagBag from /home/airflow/.local/lib/python3.12/site-packages/airflow/example_dags/example_latest_only_with_trigger.py
[2026-05-19T07:42:20.939+0000] {processor.py:840} INFO - DAG(s) 'latest_only_with_trigger' retrieved from /home/airflow/.local/lib/python3.12/site-packages/airflow/example_dags/example_latest_only_with_trigger.py
[2026-05-19T07:42:21.133+0000] {logging_mixin.py:188} INFO - [2026-05-19T07:42:21.132+0000] {dag.py:3089} INFO - Sync 1 DAGs
[2026-05-19T07:42:21.386+0000] {logging_mixin.py:188} INFO - [2026-05-19T07:42:21.379+0000] {dag.py:3947} INFO - Setting next_dagrun for latest_only_with_trigger to 2026-05-19 00:00:00+00:00, run_after=2026-05-19 04:00:00+00:00
[2026-05-19T07:42:21.605+0000] {processor.py:183} INFO - Processing /home/airflow/.local/lib/python3.12/site-packages/airflow/example_dags/example_latest_only_with_trigger.py took 0.781 seconds
[2026-05-19T07:42:52.425+0000] {processor.py:161} INFO - Started process (PID=560) to work on /home/airflow/.local/lib/python3.12/site-packages/airflow/example_dags/example_latest_only_with_trigger.py
[2026-05-19T07:42:52.450+0000] {processor.py:830} INFO - Processing file /home/airflow/.local/lib/python3.12/site-packages/airflow/example_dags/example_latest_only_with_trigger.py for tasks to queue
[2026-05-19T07:42:52.455+0000] {logging_mixin.py:188} INFO - [2026-05-19T07:42:52.454+0000] {dagbag.py:545} INFO - Filling up the DagBag from /home/airflow/.local/lib/python3.12/site-packages/airflow/example_dags/example_latest_only_with_trigger.py
[2026-05-19T07:42:52.471+0000] {processor.py:840} INFO - DAG(s) 'latest_only_with_trigger' retrieved from /home/airflow/.local/lib/python3.12/site-packages/airflow/example_dags/example_latest_only_with_trigger.py
[2026-05-19T07:42:52.522+0000] {logging_mixin.py:188} INFO - [2026-05-19T07:42:52.521+0000] {dag.py:3089} INFO - Sync 1 DAGs
[2026-05-19T07:42:52.570+0000] {logging_mixin.py:188} INFO - [2026-05-19T07:42:52.569+0000] {dag.py:3947} INFO - Setting next_dagrun for latest_only_with_trigger to 2026-05-19 00:00:00+00:00, run_after=2026-05-19 04:00:00+00:00
[2026-05-19T07:42:52.624+0000] {processor.py:183} INFO - Processing /home/airflow/.local/lib/python3.12/site-packages/airflow/example_dags/example_latest_only_with_trigger.py took 0.209 seconds
[2026-05-19T07:43:22.988+0000] {processor.py:161} INFO - Started process (PID=618) to work on /home/airflow/.local/lib/python3.12/site-packages/airflow/example_dags/example_latest_only_with_trigger.py
[2026-05-19T07:43:22.993+0000] {processor.py:830} INFO - Processing file /home/airflow/.local/lib/python3.12/site-packages/airflow/example_dags/example_latest_only_with_trigger.py for tasks to queue
[2026-05-19T07:43:23.002+0000] {logging_mixin.py:188} INFO - [2026-05-19T07:43:23.001+0000] {dagbag.py:545} INFO - Filling up the DagBag from /home/airflow/.local/lib/python3.12/site-packages/airflow/example_dags/example_latest_only_with_trigger.py
[2026-05-19T07:43:23.023+0000] {processor.py:840} INFO - DAG(s) 'latest_only_with_trigger' retrieved from /home/airflow/.local/lib/python3.12/site-packages/airflow/example_dags/example_latest_only_with_trigger.py
[2026-05-19T07:43:23.084+0000] {logging_mixin.py:188} INFO - [2026-05-19T07:43:23.083+0000] {dag.py:3089} INFO - Sync 1 DAGs
[2026-05-19T07:43:23.148+0000] {logging_mixin.py:188} INFO - [2026-05-19T07:43:23.148+0000] {dag.py:3947} INFO - Setting next_dagrun for latest_only_with_trigger to 2026-05-19 00:00:00+00:00, run_after=2026-05-19 04:00:00+00:00
[2026-05-19T07:43:23.214+0000] {processor.py:183} INFO - Processing /home/airflow/.local/lib/python3.12/site-packages/airflow/example_dags/example_latest_only_with_trigger.py took 0.250 seconds
[2026-05-19T07:43:53.829+0000] {processor.py:161} INFO - Started process (PID=677) to work on /home/airflow/.local/lib/python3.12/site-packages/airflow/example_dags/example_latest_only_with_trigger.py
[2026-05-19T07:43:53.831+0000] {processor.py:830} INFO - Processing file /home/airflow/.local/lib/python3.12/site-packages/airflow/example_dags/example_latest_only_with_trigger.py for tasks to queue
[2026-05-19T07:43:53.835+0000] {logging_mixin.py:188} INFO - [2026-05-19T07:43:53.834+0000] {dagbag.py:545} INFO - Filling up the DagBag from /home/airflow/.local/lib/python3.12/site-packages/airflow/example_dags/example_latest_only_with_trigger.py
[2026-05-19T07:43:53.848+0000] {processor.py:840} INFO - DAG(s) 'latest_only_with_trigger' retrieved from /home/airflow/.local/lib/python3.12/site-packages/airflow/example_dags/example_latest_only_with_trigger.py
[2026-05-19T07:43:53.896+0000] {logging_mixin.py:188} INFO - [2026-05-19T07:43:53.895+0000] {dag.py:3089} INFO - Sync 1 DAGs
[2026-05-19T07:43:53.941+0000] {logging_mixin.py:188} INFO - [2026-05-19T07:43:53.941+0000] {dag.py:3947} INFO - Setting next_dagrun for latest_only_with_trigger to 2026-05-19 00:00:00+00:00, run_after=2026-05-19 04:00:00+00:00
[2026-05-19T07:43:53.988+0000] {processor.py:183} INFO - Processing /home/airflow/.local/lib/python3.12/site-packages/airflow/example_dags/example_latest_only_with_trigger.py took 0.171 seconds
[2026-05-19T07:44:24.614+0000] {processor.py:161} INFO - Started process (PID=735) to work on /home/airflow/.local/lib/python3.12/site-packages/airflow/example_dags/example_latest_only_with_trigger.py
[2026-05-19T07:44:24.616+0000] {processor.py:830} INFO - Processing file /home/airflow/.local/lib/python3.12/site-packages/airflow/example_dags/example_latest_only_with_trigger.py for tasks to queue
[2026-05-19T07:44:24.622+0000] {logging_mixin.py:188} INFO - [2026-05-19T07:44:24.621+0000] {dagbag.py:545} INFO - Filling up the DagBag from /home/airflow/.local/lib/python3.12/site-packages/airflow/example_dags/example_latest_only_with_trigger.py
[2026-05-19T07:44:24.642+0000] {processor.py:840} INFO - DAG(s) 'latest_only_with_trigger' retrieved from /home/airflow/.local/lib/python3.12/site-packages/airflow/example_dags/example_latest_only_with_trigger.py
[2026-05-19T07:44:24.747+0000] {logging_mixin.py:188} INFO - [2026-05-19T07:44:24.746+0000] {dag.py:3089} INFO - Sync 1 DAGs
[2026-05-19T07:44:24.852+0000] {logging_mixin.py:188} INFO - [2026-05-19T07:44:24.851+0000] {dag.py:3947} INFO - Setting next_dagrun for latest_only_with_trigger to 2026-05-19 00:00:00+00:00, run_after=2026-05-19 04:00:00+00:00
[2026-05-19T07:44:24.931+0000] {processor.py:183} INFO - Processing /home/airflow/.local/lib/python3.12/site-packages/airflow/example_dags/example_latest_only_with_trigger.py took 0.331 seconds
[2026-05-19T07:44:55.119+0000] {processor.py:161} INFO - Started process (PID=793) to work on /home/airflow/.local/lib/python3.12/site-packages/airflow/example_dags/example_latest_only_with_trigger.py
[2026-05-19T07:44:55.122+0000] {processor.py:830} INFO - Processing file /home/airflow/.local/lib/python3.12/site-packages/airflow/example_dags/example_latest_only_with_trigger.py for tasks to queue
[2026-05-19T07:44:55.126+0000] {logging_mixin.py:188} INFO - [2026-05-19T07:44:55.125+0000] {dagbag.py:545} INFO - Filling up the DagBag from /home/airflow/.local/lib/python3.12/site-packages/airflow/example_dags/example_latest_only_with_trigger.py
[2026-05-19T07:44:55.140+0000] {processor.py:840} INFO - DAG(s) 'latest_only_with_trigger' retrieved from /home/airflow/.local/lib/python3.12/site-packages/airflow/example_dags/example_latest_only_with_trigger.py
[2026-05-19T07:44:55.191+0000] {logging_mixin.py:188} INFO - [2026-05-19T07:44:55.190+0000] {dag.py:3089} INFO - Sync 1 DAGs
[2026-05-19T07:44:55.244+0000] {logging_mixin.py:188} INFO - [2026-05-19T07:44:55.243+0000] {dag.py:3947} INFO - Setting next_dagrun for latest_only_with_trigger to 2026-05-19 00:00:00+00:00, run_after=2026-05-19 04:00:00+00:00
[2026-05-19T07:44:55.280+0000] {processor.py:183} INFO - Processing /home/airflow/.local/lib/python3.12/site-packages/airflow/example_dags/example_latest_only_with_trigger.py took 0.176 seconds
[2026-05-19T07:45:25.538+0000] {processor.py:161} INFO - Started process (PID=849) to work on /home/airflow/.local/lib/python3.12/site-packages/airflow/example_dags/example_latest_only_with_trigger.py
[2026-05-19T07:45:25.540+0000] {processor.py:830} INFO - Processing file /home/airflow/.local/lib/python3.12/site-packages/airflow/example_dags/example_latest_only_with_trigger.py for tasks to queue
[2026-05-19T07:45:25.544+0000] {logging_mixin.py:188} INFO - [2026-05-19T07:45:25.544+0000] {dagbag.py:545} INFO - Filling up the DagBag from /home/airflow/.local/lib/python3.12/site-packages/airflow/example_dags/example_latest_only_with_trigger.py
[2026-05-19T07:45:25.555+0000] {processor.py:840} INFO - DAG(s) 'latest_only_with_trigger' retrieved from /home/airflow/.local/lib/python3.12/site-packages/airflow/example_dags/example_latest_only_with_trigger.py
[2026-05-19T07:45:25.593+0000] {logging_mixin.py:188} INFO - [2026-05-19T07:45:25.593+0000] {dag.py:3089} INFO - Sync 1 DAGs
[2026-05-19T07:45:25.632+0000] {logging_mixin.py:188} INFO - [2026-05-19T07:45:25.632+0000] {dag.py:3947} INFO - Setting next_dagrun for latest_only_with_trigger to 2026-05-19 00:00:00+00:00, run_after=2026-05-19 04:00:00+00:00
[2026-05-19T07:45:25.662+0000] {processor.py:183} INFO - Processing /home/airflow/.local/lib/python3.12/site-packages/airflow/example_dags/example_latest_only_with_trigger.py took 0.136 seconds
[2026-05-19T07:45:56.449+0000] {processor.py:161} INFO - Started process (PID=907) to work on /home/airflow/.local/lib/python3.12/site-packages/airflow/example_dags/example_latest_only_with_trigger.py
[2026-05-19T07:45:56.452+0000] {processor.py:830} INFO - Processing file /home/airflow/.local/lib/python3.12/site-packages/airflow/example_dags/example_latest_only_with_trigger.py for tasks to queue
[2026-05-19T07:45:56.459+0000] {logging_mixin.py:188} INFO - [2026-05-19T07:45:56.457+0000] {dagbag.py:545} INFO - Filling up the DagBag from /home/airflow/.local/lib/python3.12/site-packages/airflow/example_dags/example_latest_only_with_trigger.py
[2026-05-19T07:45:56.477+0000] {processor.py:840} INFO - DAG(s) 'latest_only_with_trigger' retrieved from /home/airflow/.local/lib/python3.12/site-packages/airflow/example_dags/example_latest_only_with_trigger.py
[2026-05-19T07:45:56.534+0000] {logging_mixin.py:188} INFO - [2026-05-19T07:45:56.533+0000] {dag.py:3089} INFO - Sync 1 DAGs
[2026-05-19T07:45:56.581+0000] {logging_mixin.py:188} INFO - [2026-05-19T07:45:56.580+0000] {dag.py:3947} INFO - Setting next_dagrun for latest_only_with_trigger to 2026-05-19 00:00:00+00:00, run_after=2026-05-19 04:00:00+00:00
[2026-05-19T07:45:56.653+0000] {processor.py:183} INFO - Processing /home/airflow/.local/lib/python3.12/site-packages/airflow/example_dags/example_latest_only_with_trigger.py took 0.222 seconds
[2026-05-19T07:46:26.935+0000] {processor.py:161} INFO - Started process (PID=965) to work on /home/airflow/.local/lib/python3.12/site-packages/airflow/example_dags/example_latest_only_with_trigger.py
[2026-05-19T07:46:26.948+0000] {processor.py:830} INFO - Processing file /home/airflow/.local/lib/python3.12/site-packages/airflow/example_dags/example_latest_only_with_trigger.py for tasks to queue
[2026-05-19T07:46:26.963+0000] {logging_mixin.py:188} INFO - [2026-05-19T07:46:26.961+0000] {dagbag.py:545} INFO - Filling up the DagBag from /home/airflow/.local/lib/python3.12/site-packages/airflow/example_dags/example_latest_only_with_trigger.py
[2026-05-19T07:46:27.008+0000] {processor.py:840} INFO - DAG(s) 'latest_only_with_trigger' retrieved from /home/airflow/.local/lib/python3.12/site-packages/airflow/example_dags/example_latest_only_with_trigger.py
[2026-05-19T07:46:27.124+0000] {logging_mixin.py:188} INFO - [2026-05-19T07:46:27.123+0000] {dag.py:3089} INFO - Sync 1 DAGs
[2026-05-19T07:46:27.279+0000] {logging_mixin.py:188} INFO - [2026-05-19T07:46:27.268+0000] {dag.py:3947} INFO - Setting next_dagrun for latest_only_with_trigger to 2026-05-19 00:00:00+00:00, run_after=2026-05-19 04:00:00+00:00
[2026-05-19T07:46:27.409+0000] {processor.py:183} INFO - Processing /home/airflow/.local/lib/python3.12/site-packages/airflow/example_dags/example_latest_only_with_trigger.py took 0.513 seconds
[2026-05-19T07:46:57.938+0000] {processor.py:161} INFO - Started process (PID=1023) to work on /home/airflow/.local/lib/python3.12/site-packages/airflow/example_dags/example_latest_only_with_trigger.py
[2026-05-19T07:46:57.939+0000] {processor.py:830} INFO - Processing file /home/airflow/.local/lib/python3.12/site-packages/airflow/example_dags/example_latest_only_with_trigger.py for tasks to queue
[2026-05-19T07:46:57.943+0000] {logging_mixin.py:188} INFO - [2026-05-19T07:46:57.942+0000] {dagbag.py:545} INFO - Filling up the DagBag from /home/airflow/.local/lib/python3.12/site-packages/airflow/example_dags/example_latest_only_with_trigger.py
[2026-05-19T07:46:57.952+0000] {processor.py:840} INFO - DAG(s) 'latest_only_with_trigger' retrieved from /home/airflow/.local/lib/python3.12/site-packages/airflow/example_dags/example_latest_only_with_trigger.py
[2026-05-19T07:46:57.987+0000] {logging_mixin.py:188} INFO - [2026-05-19T07:46:57.986+0000] {dag.py:3089} INFO - Sync 1 DAGs
[2026-05-19T07:46:58.028+0000] {logging_mixin.py:188} INFO - [2026-05-19T07:46:58.028+0000] {dag.py:3947} INFO - Setting next_dagrun for latest_only_with_trigger to 2026-05-19 00:00:00+00:00, run_after=2026-05-19 04:00:00+00:00
[2026-05-19T07:46:58.096+0000] {processor.py:183} INFO - Processing /home/airflow/.local/lib/python3.12/site-packages/airflow/example_dags/example_latest_only_with_trigger.py took 0.167 seconds
[2026-05-19T07:47:28.425+0000] {processor.py:161} INFO - Started process (PID=1081) to work on /home/airflow/.local/lib/python3.12/site-packages/airflow/example_dags/example_latest_only_with_trigger.py
[2026-05-19T07:47:28.428+0000] {processor.py:830} INFO - Processing file /home/airflow/.local/lib/python3.12/site-packages/airflow/example_dags/example_latest_only_with_trigger.py for tasks to queue
[2026-05-19T07:47:28.434+0000] {logging_mixin.py:188} INFO - [2026-05-19T07:47:28.433+0000] {dagbag.py:545} INFO - Filling up the DagBag from /home/airflow/.local/lib/python3.12/site-packages/airflow/example_dags/example_latest_only_with_trigger.py
[2026-05-19T07:47:28.450+0000] {processor.py:840} INFO - DAG(s) 'latest_only_with_trigger' retrieved from /home/airflow/.local/lib/python3.12/site-packages/airflow/example_dags/example_latest_only_with_trigger.py
[2026-05-19T07:47:28.497+0000] {logging_mixin.py:188} INFO - [2026-05-19T07:47:28.497+0000] {dag.py:3089} INFO - Sync 1 DAGs
[2026-05-19T07:47:28.569+0000] {logging_mixin.py:188} INFO - [2026-05-19T07:47:28.568+0000] {dag.py:3947} INFO - Setting next_dagrun for latest_only_with_trigger to 2026-05-19 00:00:00+00:00, run_after=2026-05-19 04:00:00+00:00
[2026-05-19T07:47:28.643+0000] {processor.py:183} INFO - Processing /home/airflow/.local/lib/python3.12/site-packages/airflow/example_dags/example_latest_only_with_trigger.py took 0.234 seconds
[2026-05-19T07:47:58.764+0000] {processor.py:161} INFO - Started process (PID=1139) to work on /home/airflow/.local/lib/python3.12/site-packages/airflow/example_dags/example_latest_only_with_trigger.py
[2026-05-19T07:47:58.769+0000] {processor.py:830} INFO - Processing file /home/airflow/.local/lib/python3.12/site-packages/airflow/example_dags/example_latest_only_with_trigger.py for tasks to queue
[2026-05-19T07:47:58.774+0000] {logging_mixin.py:188} INFO - [2026-05-19T07:47:58.773+0000] {dagbag.py:545} INFO - Filling up the DagBag from /home/airflow/.local/lib/python3.12/site-packages/airflow/example_dags/example_latest_only_with_trigger.py
[2026-05-19T07:47:58.788+0000] {processor.py:840} INFO - DAG(s) 'latest_only_with_trigger' retrieved from /home/airflow/.local/lib/python3.12/site-packages/airflow/example_dags/example_latest_only_with_trigger.py
[2026-05-19T07:47:58.850+0000] {logging_mixin.py:188} INFO - [2026-05-19T07:47:58.849+0000] {dag.py:3089} INFO - Sync 1 DAGs
[2026-05-19T07:47:58.905+0000] {logging_mixin.py:188} INFO - [2026-05-19T07:47:58.905+0000] {dag.py:3947} INFO - Setting next_dagrun for latest_only_with_trigger to 2026-05-19 00:00:00+00:00, run_after=2026-05-19 04:00:00+00:00
[2026-05-19T07:47:58.977+0000] {processor.py:183} INFO - Processing /home/airflow/.local/lib/python3.12/site-packages/airflow/example_dags/example_latest_only_with_trigger.py took 0.226 seconds
[2026-05-19T07:48:29.217+0000] {processor.py:161} INFO - Started process (PID=1197) to work on /home/airflow/.local/lib/python3.12/site-packages/airflow/example_dags/example_latest_only_with_trigger.py
[2026-05-19T07:48:29.218+0000] {processor.py:830} INFO - Processing file /home/airflow/.local/lib/python3.12/site-packages/airflow/example_dags/example_latest_only_with_trigger.py for tasks to queue
[2026-05-19T07:48:29.222+0000] {logging_mixin.py:188} INFO - [2026-05-19T07:48:29.221+0000] {dagbag.py:545} INFO - Filling up the DagBag from /home/airflow/.local/lib/python3.12/site-packages/airflow/example_dags/example_latest_only_with_trigger.py
[2026-05-19T07:48:29.230+0000] {processor.py:840} INFO - DAG(s) 'latest_only_with_trigger' retrieved from /home/airflow/.local/lib/python3.12/site-packages/airflow/example_dags/example_latest_only_with_trigger.py
[2026-05-19T07:48:29.270+0000] {logging_mixin.py:188} INFO - [2026-05-19T07:48:29.270+0000] {dag.py:3089} INFO - Sync 1 DAGs
[2026-05-19T07:48:29.305+0000] {logging_mixin.py:188} INFO - [2026-05-19T07:48:29.304+0000] {dag.py:3947} INFO - Setting next_dagrun for latest_only_with_trigger to 2026-05-19 00:00:00+00:00, run_after=2026-05-19 04:00:00+00:00
[2026-05-19T07:48:29.336+0000] {processor.py:183} INFO - Processing /home/airflow/.local/lib/python3.12/site-packages/airflow/example_dags/example_latest_only_with_trigger.py took 0.127 seconds
[2026-05-19T07:48:59.519+0000] {processor.py:161} INFO - Started process (PID=1255) to work on /home/airflow/.local/lib/python3.12/site-packages/airflow/example_dags/example_latest_only_with_trigger.py
[2026-05-19T07:48:59.521+0000] {processor.py:830} INFO - Processing file /home/airflow/.local/lib/python3.12/site-packages/airflow/example_dags/example_latest_only_with_trigger.py for tasks to queue
[2026-05-19T07:48:59.525+0000] {logging_mixin.py:188} INFO - [2026-05-19T07:48:59.524+0000] {dagbag.py:545} INFO - Filling up the DagBag from /home/airflow/.local/lib/python3.12/site-packages/airflow/example_dags/example_latest_only_with_trigger.py
[2026-05-19T07:48:59.534+0000] {processor.py:840} INFO - DAG(s) 'latest_only_with_trigger' retrieved from /home/airflow/.local/lib/python3.12/site-packages/airflow/example_dags/example_latest_only_with_trigger.py
[2026-05-19T07:48:59.573+0000] {logging_mixin.py:188} INFO - [2026-05-19T07:48:59.572+0000] {dag.py:3089} INFO - Sync 1 DAGs
[2026-05-19T07:48:59.616+0000] {logging_mixin.py:188} INFO - [2026-05-19T07:48:59.615+0000] {dag.py:3947} INFO - Setting next_dagrun for latest_only_with_trigger to 2026-05-19 00:00:00+00:00, run_after=2026-05-19 04:00:00+00:00
[2026-05-19T07:48:59.656+0000] {processor.py:183} INFO - Processing /home/airflow/.local/lib/python3.12/site-packages/airflow/example_dags/example_latest_only_with_trigger.py took 0.146 seconds
[2026-05-19T07:49:30.249+0000] {processor.py:161} INFO - Started process (PID=1315) to work on /home/airflow/.local/lib/python3.12/site-packages/airflow/example_dags/example_latest_only_with_trigger.py
[2026-05-19T07:49:30.252+0000] {processor.py:830} INFO - Processing file /home/airflow/.local/lib/python3.12/site-packages/airflow/example_dags/example_latest_only_with_trigger.py for tasks to queue
[2026-05-19T07:49:30.257+0000] {logging_mixin.py:188} INFO - [2026-05-19T07:49:30.256+0000] {dagbag.py:545} INFO - Filling up the DagBag from /home/airflow/.local/lib/python3.12/site-packages/airflow/example_dags/example_latest_only_with_trigger.py
[2026-05-19T07:49:30.270+0000] {processor.py:840} INFO - DAG(s) 'latest_only_with_trigger' retrieved from /home/airflow/.local/lib/python3.12/site-packages/airflow/example_dags/example_latest_only_with_trigger.py
[2026-05-19T07:49:30.319+0000] {logging_mixin.py:188} INFO - [2026-05-19T07:49:30.319+0000] {dag.py:3089} INFO - Sync 1 DAGs
[2026-05-19T07:49:30.368+0000] {logging_mixin.py:188} INFO - [2026-05-19T07:49:30.367+0000] {dag.py:3947} INFO - Setting next_dagrun for latest_only_with_trigger to 2026-05-19 00:00:00+00:00, run_after=2026-05-19 04:00:00+00:00
[2026-05-19T07:49:30.411+0000] {processor.py:183} INFO - Processing /home/airflow/.local/lib/python3.12/site-packages/airflow/example_dags/example_latest_only_with_trigger.py took 0.177 seconds
[2026-05-19T07:50:01.280+0000] {processor.py:161} INFO - Started process (PID=1373) to work on /home/airflow/.local/lib/python3.12/site-packages/airflow/example_dags/example_latest_only_with_trigger.py
[2026-05-19T07:50:01.281+0000] {processor.py:830} INFO - Processing file /home/airflow/.local/lib/python3.12/site-packages/airflow/example_dags/example_latest_only_with_trigger.py for tasks to queue
[2026-05-19T07:50:01.285+0000] {logging_mixin.py:188} INFO - [2026-05-19T07:50:01.284+0000] {dagbag.py:545} INFO - Filling up the DagBag from /home/airflow/.local/lib/python3.12/site-packages/airflow/example_dags/example_latest_only_with_trigger.py
[2026-05-19T07:50:01.294+0000] {processor.py:840} INFO - DAG(s) 'latest_only_with_trigger' retrieved from /home/airflow/.local/lib/python3.12/site-packages/airflow/example_dags/example_latest_only_with_trigger.py
[2026-05-19T07:50:01.332+0000] {logging_mixin.py:188} INFO - [2026-05-19T07:50:01.332+0000] {dag.py:3089} INFO - Sync 1 DAGs
[2026-05-19T07:50:01.369+0000] {logging_mixin.py:188} INFO - [2026-05-19T07:50:01.369+0000] {dag.py:3947} INFO - Setting next_dagrun for latest_only_with_trigger to 2026-05-19 00:00:00+00:00, run_after=2026-05-19 04:00:00+00:00
[2026-05-19T07:50:01.405+0000] {processor.py:183} INFO - Processing /home/airflow/.local/lib/python3.12/site-packages/airflow/example_dags/example_latest_only_with_trigger.py took 0.135 seconds
[2026-05-19T07:50:32.060+0000] {processor.py:161} INFO - Started process (PID=1431) to work on /home/airflow/.local/lib/python3.12/site-packages/airflow/example_dags/example_latest_only_with_trigger.py
[2026-05-19T07:50:32.062+0000] {processor.py:830} INFO - Processing file /home/airflow/.local/lib/python3.12/site-packages/airflow/example_dags/example_latest_only_with_trigger.py for tasks to queue
[2026-05-19T07:50:32.068+0000] {logging_mixin.py:188} INFO - [2026-05-19T07:50:32.067+0000] {dagbag.py:545} INFO - Filling up the DagBag from /home/airflow/.local/lib/python3.12/site-packages/airflow/example_dags/example_latest_only_with_trigger.py
[2026-05-19T07:50:32.082+0000] {processor.py:840} INFO - DAG(s) 'latest_only_with_trigger' retrieved from /home/airflow/.local/lib/python3.12/site-packages/airflow/example_dags/example_latest_only_with_trigger.py
[2026-05-19T07:50:32.136+0000] {logging_mixin.py:188} INFO - [2026-05-19T07:50:32.135+0000] {dag.py:3089} INFO - Sync 1 DAGs
[2026-05-19T07:50:32.177+0000] {logging_mixin.py:188} INFO - [2026-05-19T07:50:32.177+0000] {dag.py:3947} INFO - Setting next_dagrun for latest_only_with_trigger to 2026-05-19 00:00:00+00:00, run_after=2026-05-19 04:00:00+00:00
[2026-05-19T07:50:32.218+0000] {processor.py:183} INFO - Processing /home/airflow/.local/lib/python3.12/site-packages/airflow/example_dags/example_latest_only_with_trigger.py took 0.176 seconds
[2026-05-19T07:52:28.889+0000] {processor.py:161} INFO - Started process (PID=89) to work on /home/airflow/.local/lib/python3.12/site-packages/airflow/example_dags/example_latest_only_with_trigger.py
[2026-05-19T07:52:28.895+0000] {processor.py:830} INFO - Processing file /home/airflow/.local/lib/python3.12/site-packages/airflow/example_dags/example_latest_only_with_trigger.py for tasks to queue
[2026-05-19T07:52:28.908+0000] {logging_mixin.py:188} INFO - [2026-05-19T07:52:28.904+0000] {dagbag.py:545} INFO - Filling up the DagBag from /home/airflow/.local/lib/python3.12/site-packages/airflow/example_dags/example_latest_only_with_trigger.py
[2026-05-19T07:52:28.945+0000] {processor.py:840} INFO - DAG(s) 'latest_only_with_trigger' retrieved from /home/airflow/.local/lib/python3.12/site-packages/airflow/example_dags/example_latest_only_with_trigger.py
[2026-05-19T07:52:29.052+0000] {logging_mixin.py:188} INFO - [2026-05-19T07:52:29.051+0000] {dag.py:3089} INFO - Sync 1 DAGs
[2026-05-19T07:52:29.199+0000] {logging_mixin.py:188} INFO - [2026-05-19T07:52:29.198+0000] {dag.py:3947} INFO - Setting next_dagrun for latest_only_with_trigger to 2026-05-19 00:00:00+00:00, run_after=2026-05-19 04:00:00+00:00
[2026-05-19T07:52:29.272+0000] {processor.py:183} INFO - Processing /home/airflow/.local/lib/python3.12/site-packages/airflow/example_dags/example_latest_only_with_trigger.py took 0.421 seconds
[2026-05-19T07:53:30.268+0000] {processor.py:161} INFO - Started process (PID=83) to work on /home/airflow/.local/lib/python3.12/site-packages/airflow/example_dags/example_latest_only_with_trigger.py
[2026-05-19T07:53:30.270+0000] {processor.py:830} INFO - Processing file /home/airflow/.local/lib/python3.12/site-packages/airflow/example_dags/example_latest_only_with_trigger.py for tasks to queue
[2026-05-19T07:53:30.273+0000] {logging_mixin.py:188} INFO - [2026-05-19T07:53:30.273+0000] {dagbag.py:545} INFO - Filling up the DagBag from /home/airflow/.local/lib/python3.12/site-packages/airflow/example_dags/example_latest_only_with_trigger.py
[2026-05-19T07:53:30.285+0000] {processor.py:840} INFO - DAG(s) 'latest_only_with_trigger' retrieved from /home/airflow/.local/lib/python3.12/site-packages/airflow/example_dags/example_latest_only_with_trigger.py
[2026-05-19T07:53:30.464+0000] {logging_mixin.py:188} INFO - [2026-05-19T07:53:30.464+0000] {dag.py:3089} INFO - Sync 1 DAGs
[2026-05-19T07:53:30.501+0000] {logging_mixin.py:188} INFO - [2026-05-19T07:53:30.501+0000] {dag.py:3947} INFO - Setting next_dagrun for latest_only_with_trigger to 2026-05-19 00:00:00+00:00, run_after=2026-05-19 04:00:00+00:00
[2026-05-19T07:53:30.551+0000] {processor.py:183} INFO - Processing /home/airflow/.local/lib/python3.12/site-packages/airflow/example_dags/example_latest_only_with_trigger.py took 0.293 seconds
[2026-05-19T07:54:00.973+0000] {processor.py:161} INFO - Started process (PID=141) to work on /home/airflow/.local/lib/python3.12/site-packages/airflow/example_dags/example_latest_only_with_trigger.py
[2026-05-19T07:54:00.975+0000] {processor.py:830} INFO - Processing file /home/airflow/.local/lib/python3.12/site-packages/airflow/example_dags/example_latest_only_with_trigger.py for tasks to queue
[2026-05-19T07:54:00.980+0000] {logging_mixin.py:188} INFO - [2026-05-19T07:54:00.979+0000] {dagbag.py:545} INFO - Filling up the DagBag from /home/airflow/.local/lib/python3.12/site-packages/airflow/example_dags/example_latest_only_with_trigger.py
[2026-05-19T07:54:00.993+0000] {processor.py:840} INFO - DAG(s) 'latest_only_with_trigger' retrieved from /home/airflow/.local/lib/python3.12/site-packages/airflow/example_dags/example_latest_only_with_trigger.py
[2026-05-19T07:54:01.034+0000] {logging_mixin.py:188} INFO - [2026-05-19T07:54:01.033+0000] {dag.py:3089} INFO - Sync 1 DAGs
[2026-05-19T07:54:01.086+0000] {logging_mixin.py:188} INFO - [2026-05-19T07:54:01.085+0000] {dag.py:3947} INFO - Setting next_dagrun for latest_only_with_trigger to 2026-05-19 00:00:00+00:00, run_after=2026-05-19 04:00:00+00:00
[2026-05-19T07:54:01.123+0000] {processor.py:183} INFO - Processing /home/airflow/.local/lib/python3.12/site-packages/airflow/example_dags/example_latest_only_with_trigger.py took 0.161 seconds
[2026-05-19T07:54:32.207+0000] {processor.py:161} INFO - Started process (PID=199) to work on /home/airflow/.local/lib/python3.12/site-packages/airflow/example_dags/example_latest_only_with_trigger.py
[2026-05-19T07:54:32.209+0000] {processor.py:830} INFO - Processing file /home/airflow/.local/lib/python3.12/site-packages/airflow/example_dags/example_latest_only_with_trigger.py for tasks to queue
[2026-05-19T07:54:32.213+0000] {logging_mixin.py:188} INFO - [2026-05-19T07:54:32.212+0000] {dagbag.py:545} INFO - Filling up the DagBag from /home/airflow/.local/lib/python3.12/site-packages/airflow/example_dags/example_latest_only_with_trigger.py
[2026-05-19T07:54:32.224+0000] {processor.py:840} INFO - DAG(s) 'latest_only_with_trigger' retrieved from /home/airflow/.local/lib/python3.12/site-packages/airflow/example_dags/example_latest_only_with_trigger.py
[2026-05-19T07:54:32.271+0000] {logging_mixin.py:188} INFO - [2026-05-19T07:54:32.271+0000] {dag.py:3089} INFO - Sync 1 DAGs
[2026-05-19T07:54:32.318+0000] {logging_mixin.py:188} INFO - [2026-05-19T07:54:32.317+0000] {dag.py:3947} INFO - Setting next_dagrun for latest_only_with_trigger to 2026-05-19 00:00:00+00:00, run_after=2026-05-19 04:00:00+00:00
[2026-05-19T07:54:32.360+0000] {processor.py:183} INFO - Processing /home/airflow/.local/lib/python3.12/site-packages/airflow/example_dags/example_latest_only_with_trigger.py took 0.165 seconds
[2026-05-19T07:55:06.183+0000] {processor.py:161} INFO - Started process (PID=257) to work on /home/airflow/.local/lib/python3.12/site-packages/airflow/example_dags/example_latest_only_with_trigger.py
[2026-05-19T07:55:06.186+0000] {processor.py:830} INFO - Processing file /home/airflow/.local/lib/python3.12/site-packages/airflow/example_dags/example_latest_only_with_trigger.py for tasks to queue
[2026-05-19T07:55:06.190+0000] {logging_mixin.py:188} INFO - [2026-05-19T07:55:06.189+0000] {dagbag.py:545} INFO - Filling up the DagBag from /home/airflow/.local/lib/python3.12/site-packages/airflow/example_dags/example_latest_only_with_trigger.py
[2026-05-19T07:55:06.209+0000] {processor.py:840} INFO - DAG(s) 'latest_only_with_trigger' retrieved from /home/airflow/.local/lib/python3.12/site-packages/airflow/example_dags/example_latest_only_with_trigger.py
[2026-05-19T07:55:06.277+0000] {logging_mixin.py:188} INFO - [2026-05-19T07:55:06.276+0000] {dag.py:3089} INFO - Sync 1 DAGs
[2026-05-19T07:55:06.350+0000] {logging_mixin.py:188} INFO - [2026-05-19T07:55:06.350+0000] {dag.py:3947} INFO - Setting next_dagrun for latest_only_with_trigger to 2026-05-19 00:00:00+00:00, run_after=2026-05-19 04:00:00+00:00
[2026-05-19T07:55:06.458+0000] {processor.py:183} INFO - Processing /home/airflow/.local/lib/python3.12/site-packages/airflow/example_dags/example_latest_only_with_trigger.py took 0.292 seconds
[2026-05-19T07:55:37.083+0000] {processor.py:161} INFO - Started process (PID=314) to work on /home/airflow/.local/lib/python3.12/site-packages/airflow/example_dags/example_latest_only_with_trigger.py
[2026-05-19T07:55:37.086+0000] {processor.py:830} INFO - Processing file /home/airflow/.local/lib/python3.12/site-packages/airflow/example_dags/example_latest_only_with_trigger.py for tasks to queue
[2026-05-19T07:55:37.093+0000] {logging_mixin.py:188} INFO - [2026-05-19T07:55:37.091+0000] {dagbag.py:545} INFO - Filling up the DagBag from /home/airflow/.local/lib/python3.12/site-packages/airflow/example_dags/example_latest_only_with_trigger.py
[2026-05-19T07:55:37.117+0000] {processor.py:840} INFO - DAG(s) 'latest_only_with_trigger' retrieved from /home/airflow/.local/lib/python3.12/site-packages/airflow/example_dags/example_latest_only_with_trigger.py
[2026-05-19T07:55:37.183+0000] {logging_mixin.py:188} INFO - [2026-05-19T07:55:37.183+0000] {dag.py:3089} INFO - Sync 1 DAGs
[2026-05-19T07:55:37.228+0000] {logging_mixin.py:188} INFO - [2026-05-19T07:55:37.228+0000] {dag.py:3947} INFO - Setting next_dagrun for latest_only_with_trigger to 2026-05-19 00:00:00+00:00, run_after=2026-05-19 04:00:00+00:00
[2026-05-19T07:55:37.265+0000] {processor.py:183} INFO - Processing /home/airflow/.local/lib/python3.12/site-packages/airflow/example_dags/example_latest_only_with_trigger.py took 0.207 seconds
[2026-05-19T07:56:08.400+0000] {processor.py:161} INFO - Started process (PID=372) to work on /home/airflow/.local/lib/python3.12/site-packages/airflow/example_dags/example_latest_only_with_trigger.py
[2026-05-19T07:56:08.412+0000] {processor.py:830} INFO - Processing file /home/airflow/.local/lib/python3.12/site-packages/airflow/example_dags/example_latest_only_with_trigger.py for tasks to queue
[2026-05-19T07:56:08.419+0000] {logging_mixin.py:188} INFO - [2026-05-19T07:56:08.418+0000] {dagbag.py:545} INFO - Filling up the DagBag from /home/airflow/.local/lib/python3.12/site-packages/airflow/example_dags/example_latest_only_with_trigger.py
[2026-05-19T07:56:08.446+0000] {processor.py:840} INFO - DAG(s) 'latest_only_with_trigger' retrieved from /home/airflow/.local/lib/python3.12/site-packages/airflow/example_dags/example_latest_only_with_trigger.py
[2026-05-19T07:56:08.584+0000] {logging_mixin.py:188} INFO - [2026-05-19T07:56:08.580+0000] {dag.py:3089} INFO - Sync 1 DAGs
[2026-05-19T07:56:08.707+0000] {logging_mixin.py:188} INFO - [2026-05-19T07:56:08.706+0000] {dag.py:3947} INFO - Setting next_dagrun for latest_only_with_trigger to 2026-05-19 00:00:00+00:00, run_after=2026-05-19 04:00:00+00:00
[2026-05-19T07:56:08.802+0000] {processor.py:183} INFO - Processing /home/airflow/.local/lib/python3.12/site-packages/airflow/example_dags/example_latest_only_with_trigger.py took 0.427 seconds
[2026-05-19T07:58:45.699+0000] {processor.py:161} INFO - Started process (PID=92) to work on /home/airflow/.local/lib/python3.12/site-packages/airflow/example_dags/example_latest_only_with_trigger.py
[2026-05-19T07:58:45.711+0000] {processor.py:830} INFO - Processing file /home/airflow/.local/lib/python3.12/site-packages/airflow/example_dags/example_latest_only_with_trigger.py for tasks to queue
[2026-05-19T07:58:45.729+0000] {logging_mixin.py:188} INFO - [2026-05-19T07:58:45.727+0000] {dagbag.py:545} INFO - Filling up the DagBag from /home/airflow/.local/lib/python3.12/site-packages/airflow/example_dags/example_latest_only_with_trigger.py
[2026-05-19T07:58:45.807+0000] {processor.py:840} INFO - DAG(s) 'latest_only_with_trigger' retrieved from /home/airflow/.local/lib/python3.12/site-packages/airflow/example_dags/example_latest_only_with_trigger.py
[2026-05-19T07:58:46.358+0000] {logging_mixin.py:188} INFO - [2026-05-19T07:58:46.357+0000] {dag.py:3089} INFO - Sync 1 DAGs
[2026-05-19T07:58:46.416+0000] {logging_mixin.py:188} INFO - [2026-05-19T07:58:46.416+0000] {dag.py:3947} INFO - Setting next_dagrun for latest_only_with_trigger to 2026-05-19 00:00:00+00:00, run_after=2026-05-19 04:00:00+00:00
[2026-05-19T07:58:46.530+0000] {processor.py:183} INFO - Processing /home/airflow/.local/lib/python3.12/site-packages/airflow/example_dags/example_latest_only_with_trigger.py took 0.901 seconds
[2026-05-19T07:59:16.851+0000] {processor.py:161} INFO - Started process (PID=150) to work on /home/airflow/.local/lib/python3.12/site-packages/airflow/example_dags/example_latest_only_with_trigger.py
[2026-05-19T07:59:16.854+0000] {processor.py:830} INFO - Processing file /home/airflow/.local/lib/python3.12/site-packages/airflow/example_dags/example_latest_only_with_trigger.py for tasks to queue
[2026-05-19T07:59:16.858+0000] {logging_mixin.py:188} INFO - [2026-05-19T07:59:16.857+0000] {dagbag.py:545} INFO - Filling up the DagBag from /home/airflow/.local/lib/python3.12/site-packages/airflow/example_dags/example_latest_only_with_trigger.py
[2026-05-19T07:59:16.873+0000] {processor.py:840} INFO - DAG(s) 'latest_only_with_trigger' retrieved from /home/airflow/.local/lib/python3.12/site-packages/airflow/example_dags/example_latest_only_with_trigger.py
[2026-05-19T07:59:16.931+0000] {logging_mixin.py:188} INFO - [2026-05-19T07:59:16.931+0000] {dag.py:3089} INFO - Sync 1 DAGs
[2026-05-19T07:59:16.993+0000] {logging_mixin.py:188} INFO - [2026-05-19T07:59:16.992+0000] {dag.py:3947} INFO - Setting next_dagrun for latest_only_with_trigger to 2026-05-19 00:00:00+00:00, run_after=2026-05-19 04:00:00+00:00
[2026-05-19T07:59:17.047+0000] {processor.py:183} INFO - Processing /home/airflow/.local/lib/python3.12/site-packages/airflow/example_dags/example_latest_only_with_trigger.py took 0.209 seconds
[2026-05-19T07:59:47.965+0000] {processor.py:161} INFO - Started process (PID=209) to work on /home/airflow/.local/lib/python3.12/site-packages/airflow/example_dags/example_latest_only_with_trigger.py
[2026-05-19T07:59:47.967+0000] {processor.py:830} INFO - Processing file /home/airflow/.local/lib/python3.12/site-packages/airflow/example_dags/example_latest_only_with_trigger.py for tasks to queue
[2026-05-19T07:59:47.972+0000] {logging_mixin.py:188} INFO - [2026-05-19T07:59:47.972+0000] {dagbag.py:545} INFO - Filling up the DagBag from /home/airflow/.local/lib/python3.12/site-packages/airflow/example_dags/example_latest_only_with_trigger.py
[2026-05-19T07:59:47.982+0000] {processor.py:840} INFO - DAG(s) 'latest_only_with_trigger' retrieved from /home/airflow/.local/lib/python3.12/site-packages/airflow/example_dags/example_latest_only_with_trigger.py
[2026-05-19T07:59:48.019+0000] {logging_mixin.py:188} INFO - [2026-05-19T07:59:48.018+0000] {dag.py:3089} INFO - Sync 1 DAGs
[2026-05-19T07:59:48.071+0000] {logging_mixin.py:188} INFO - [2026-05-19T07:59:48.070+0000] {dag.py:3947} INFO - Setting next_dagrun for latest_only_with_trigger to 2026-05-19 00:00:00+00:00, run_after=2026-05-19 04:00:00+00:00
[2026-05-19T07:59:48.129+0000] {processor.py:183} INFO - Processing /home/airflow/.local/lib/python3.12/site-packages/airflow/example_dags/example_latest_only_with_trigger.py took 0.175 seconds
[2026-05-19T08:00:18.222+0000] {processor.py:161} INFO - Started process (PID=267) to work on /home/airflow/.local/lib/python3.12/site-packages/airflow/example_dags/example_latest_only_with_trigger.py
[2026-05-19T08:00:18.224+0000] {processor.py:830} INFO - Processing file /home/airflow/.local/lib/python3.12/site-packages/airflow/example_dags/example_latest_only_with_trigger.py for tasks to queue
[2026-05-19T08:00:18.228+0000] {logging_mixin.py:188} INFO - [2026-05-19T08:00:18.227+0000] {dagbag.py:545} INFO - Filling up the DagBag from /home/airflow/.local/lib/python3.12/site-packages/airflow/example_dags/example_latest_only_with_trigger.py
[2026-05-19T08:00:18.237+0000] {processor.py:840} INFO - DAG(s) 'latest_only_with_trigger' retrieved from /home/airflow/.local/lib/python3.12/site-packages/airflow/example_dags/example_latest_only_with_trigger.py
[2026-05-19T08:00:18.279+0000] {logging_mixin.py:188} INFO - [2026-05-19T08:00:18.279+0000] {dag.py:3089} INFO - Sync 1 DAGs
[2026-05-19T08:00:18.327+0000] {logging_mixin.py:188} INFO - [2026-05-19T08:00:18.327+0000] {dag.py:3947} INFO - Setting next_dagrun for latest_only_with_trigger to 2026-05-19 04:00:00+00:00, run_after=2026-05-19 08:00:00+00:00
[2026-05-19T08:00:18.363+0000] {processor.py:183} INFO - Processing /home/airflow/.local/lib/python3.12/site-packages/airflow/example_dags/example_latest_only_with_trigger.py took 0.149 seconds
[2026-05-19T08:00:48.788+0000] {processor.py:161} INFO - Started process (PID=325) to work on /home/airflow/.local/lib/python3.12/site-packages/airflow/example_dags/example_latest_only_with_trigger.py
[2026-05-19T08:00:48.791+0000] {processor.py:830} INFO - Processing file /home/airflow/.local/lib/python3.12/site-packages/airflow/example_dags/example_latest_only_with_trigger.py for tasks to queue
[2026-05-19T08:00:48.796+0000] {logging_mixin.py:188} INFO - [2026-05-19T08:00:48.795+0000] {dagbag.py:545} INFO - Filling up the DagBag from /home/airflow/.local/lib/python3.12/site-packages/airflow/example_dags/example_latest_only_with_trigger.py
[2026-05-19T08:00:48.808+0000] {processor.py:840} INFO - DAG(s) 'latest_only_with_trigger' retrieved from /home/airflow/.local/lib/python3.12/site-packages/airflow/example_dags/example_latest_only_with_trigger.py
[2026-05-19T08:00:48.849+0000] {logging_mixin.py:188} INFO - [2026-05-19T08:00:48.849+0000] {dag.py:3089} INFO - Sync 1 DAGs
[2026-05-19T08:00:48.930+0000] {logging_mixin.py:188} INFO - [2026-05-19T08:00:48.929+0000] {dag.py:3947} INFO - Setting next_dagrun for latest_only_with_trigger to 2026-05-19 04:00:00+00:00, run_after=2026-05-19 08:00:00+00:00
[2026-05-19T08:00:48.983+0000] {processor.py:183} INFO - Processing /home/airflow/.local/lib/python3.12/site-packages/airflow/example_dags/example_latest_only_with_trigger.py took 0.209 seconds
[2026-05-19T08:01:19.418+0000] {processor.py:161} INFO - Started process (PID=383) to work on /home/airflow/.local/lib/python3.12/site-packages/airflow/example_dags/example_latest_only_with_trigger.py
[2026-05-19T08:01:19.420+0000] {processor.py:830} INFO - Processing file /home/airflow/.local/lib/python3.12/site-packages/airflow/example_dags/example_latest_only_with_trigger.py for tasks to queue
[2026-05-19T08:01:19.423+0000] {logging_mixin.py:188} INFO - [2026-05-19T08:01:19.423+0000] {dagbag.py:545} INFO - Filling up the DagBag from /home/airflow/.local/lib/python3.12/site-packages/airflow/example_dags/example_latest_only_with_trigger.py
[2026-05-19T08:01:19.433+0000] {processor.py:840} INFO - DAG(s) 'latest_only_with_trigger' retrieved from /home/airflow/.local/lib/python3.12/site-packages/airflow/example_dags/example_latest_only_with_trigger.py
[2026-05-19T08:01:19.464+0000] {logging_mixin.py:188} INFO - [2026-05-19T08:01:19.464+0000] {dag.py:3089} INFO - Sync 1 DAGs
[2026-05-19T08:01:19.498+0000] {logging_mixin.py:188} INFO - [2026-05-19T08:01:19.498+0000] {dag.py:3947} INFO - Setting next_dagrun for latest_only_with_trigger to 2026-05-19 04:00:00+00:00, run_after=2026-05-19 08:00:00+00:00
[2026-05-19T08:01:19.535+0000] {processor.py:183} INFO - Processing /home/airflow/.local/lib/python3.12/site-packages/airflow/example_dags/example_latest_only_with_trigger.py took 0.135 seconds
[2026-05-19T08:01:50.158+0000] {processor.py:161} INFO - Started process (PID=439) to work on /home/airflow/.local/lib/python3.12/site-packages/airflow/example_dags/example_latest_only_with_trigger.py
[2026-05-19T08:01:50.160+0000] {processor.py:830} INFO - Processing file /home/airflow/.local/lib/python3.12/site-packages/airflow/example_dags/example_latest_only_with_trigger.py for tasks to queue
[2026-05-19T08:01:50.163+0000] {logging_mixin.py:188} INFO - [2026-05-19T08:01:50.163+0000] {dagbag.py:545} INFO - Filling up the DagBag from /home/airflow/.local/lib/python3.12/site-packages/airflow/example_dags/example_latest_only_with_trigger.py
[2026-05-19T08:01:50.172+0000] {processor.py:840} INFO - DAG(s) 'latest_only_with_trigger' retrieved from /home/airflow/.local/lib/python3.12/site-packages/airflow/example_dags/example_latest_only_with_trigger.py
[2026-05-19T08:01:50.207+0000] {logging_mixin.py:188} INFO - [2026-05-19T08:01:50.206+0000] {dag.py:3089} INFO - Sync 1 DAGs
[2026-05-19T08:01:50.240+0000] {logging_mixin.py:188} INFO - [2026-05-19T08:01:50.240+0000] {dag.py:3947} INFO - Setting next_dagrun for latest_only_with_trigger to 2026-05-19 04:00:00+00:00, run_after=2026-05-19 08:00:00+00:00
[2026-05-19T08:01:50.272+0000] {processor.py:183} INFO - Processing /home/airflow/.local/lib/python3.12/site-packages/airflow/example_dags/example_latest_only_with_trigger.py took 0.123 seconds
[2026-05-19T08:02:21.061+0000] {processor.py:161} INFO - Started process (PID=497) to work on /home/airflow/.local/lib/python3.12/site-packages/airflow/example_dags/example_latest_only_with_trigger.py
[2026-05-19T08:02:21.063+0000] {processor.py:830} INFO - Processing file /home/airflow/.local/lib/python3.12/site-packages/airflow/example_dags/example_latest_only_with_trigger.py for tasks to queue
[2026-05-19T08:02:21.068+0000] {logging_mixin.py:188} INFO - [2026-05-19T08:02:21.067+0000] {dagbag.py:545} INFO - Filling up the DagBag from /home/airflow/.local/lib/python3.12/site-packages/airflow/example_dags/example_latest_only_with_trigger.py
[2026-05-19T08:02:21.078+0000] {processor.py:840} INFO - DAG(s) 'latest_only_with_trigger' retrieved from /home/airflow/.local/lib/python3.12/site-packages/airflow/example_dags/example_latest_only_with_trigger.py
[2026-05-19T08:02:21.113+0000] {logging_mixin.py:188} INFO - [2026-05-19T08:02:21.112+0000] {dag.py:3089} INFO - Sync 1 DAGs
[2026-05-19T08:02:21.151+0000] {logging_mixin.py:188} INFO - [2026-05-19T08:02:21.151+0000] {dag.py:3947} INFO - Setting next_dagrun for latest_only_with_trigger to 2026-05-19 04:00:00+00:00, run_after=2026-05-19 08:00:00+00:00
[2026-05-19T08:02:21.184+0000] {processor.py:183} INFO - Processing /home/airflow/.local/lib/python3.12/site-packages/airflow/example_dags/example_latest_only_with_trigger.py took 0.132 seconds
[2026-05-19T08:02:51.577+0000] {processor.py:161} INFO - Started process (PID=555) to work on /home/airflow/.local/lib/python3.12/site-packages/airflow/example_dags/example_latest_only_with_trigger.py
[2026-05-19T08:02:51.581+0000] {processor.py:830} INFO - Processing file /home/airflow/.local/lib/python3.12/site-packages/airflow/example_dags/example_latest_only_with_trigger.py for tasks to queue
[2026-05-19T08:02:51.585+0000] {logging_mixin.py:188} INFO - [2026-05-19T08:02:51.584+0000] {dagbag.py:545} INFO - Filling up the DagBag from /home/airflow/.local/lib/python3.12/site-packages/airflow/example_dags/example_latest_only_with_trigger.py
[2026-05-19T08:02:51.594+0000] {processor.py:840} INFO - DAG(s) 'latest_only_with_trigger' retrieved from /home/airflow/.local/lib/python3.12/site-packages/airflow/example_dags/example_latest_only_with_trigger.py
[2026-05-19T08:02:51.630+0000] {logging_mixin.py:188} INFO - [2026-05-19T08:02:51.630+0000] {dag.py:3089} INFO - Sync 1 DAGs
[2026-05-19T08:02:51.666+0000] {logging_mixin.py:188} INFO - [2026-05-19T08:02:51.666+0000] {dag.py:3947} INFO - Setting next_dagrun for latest_only_with_trigger to 2026-05-19 04:00:00+00:00, run_after=2026-05-19 08:00:00+00:00
[2026-05-19T08:02:51.702+0000] {processor.py:183} INFO - Processing /home/airflow/.local/lib/python3.12/site-packages/airflow/example_dags/example_latest_only_with_trigger.py took 0.135 seconds
[2026-05-19T08:03:21.977+0000] {processor.py:161} INFO - Started process (PID=613) to work on /home/airflow/.local/lib/python3.12/site-packages/airflow/example_dags/example_latest_only_with_trigger.py
[2026-05-19T08:03:21.979+0000] {processor.py:830} INFO - Processing file /home/airflow/.local/lib/python3.12/site-packages/airflow/example_dags/example_latest_only_with_trigger.py for tasks to queue
[2026-05-19T08:03:21.982+0000] {logging_mixin.py:188} INFO - [2026-05-19T08:03:21.981+0000] {dagbag.py:545} INFO - Filling up the DagBag from /home/airflow/.local/lib/python3.12/site-packages/airflow/example_dags/example_latest_only_with_trigger.py
[2026-05-19T08:03:21.993+0000] {processor.py:840} INFO - DAG(s) 'latest_only_with_trigger' retrieved from /home/airflow/.local/lib/python3.12/site-packages/airflow/example_dags/example_latest_only_with_trigger.py
[2026-05-19T08:03:22.030+0000] {logging_mixin.py:188} INFO - [2026-05-19T08:03:22.029+0000] {dag.py:3089} INFO - Sync 1 DAGs
[2026-05-19T08:03:22.063+0000] {logging_mixin.py:188} INFO - [2026-05-19T08:03:22.062+0000] {dag.py:3947} INFO - Setting next_dagrun for latest_only_with_trigger to 2026-05-19 04:00:00+00:00, run_after=2026-05-19 08:00:00+00:00
[2026-05-19T08:03:22.106+0000] {processor.py:183} INFO - Processing /home/airflow/.local/lib/python3.12/site-packages/airflow/example_dags/example_latest_only_with_trigger.py took 0.140 seconds
[2026-05-19T08:03:52.266+0000] {processor.py:161} INFO - Started process (PID=672) to work on /home/airflow/.local/lib/python3.12/site-packages/airflow/example_dags/example_latest_only_with_trigger.py
[2026-05-19T08:03:52.269+0000] {processor.py:830} INFO - Processing file /home/airflow/.local/lib/python3.12/site-packages/airflow/example_dags/example_latest_only_with_trigger.py for tasks to queue
[2026-05-19T08:03:52.276+0000] {logging_mixin.py:188} INFO - [2026-05-19T08:03:52.275+0000] {dagbag.py:545} INFO - Filling up the DagBag from /home/airflow/.local/lib/python3.12/site-packages/airflow/example_dags/example_latest_only_with_trigger.py
[2026-05-19T08:03:52.287+0000] {processor.py:840} INFO - DAG(s) 'latest_only_with_trigger' retrieved from /home/airflow/.local/lib/python3.12/site-packages/airflow/example_dags/example_latest_only_with_trigger.py
[2026-05-19T08:03:52.324+0000] {logging_mixin.py:188} INFO - [2026-05-19T08:03:52.323+0000] {dag.py:3089} INFO - Sync 1 DAGs
[2026-05-19T08:03:52.363+0000] {logging_mixin.py:188} INFO - [2026-05-19T08:03:52.363+0000] {dag.py:3947} INFO - Setting next_dagrun for latest_only_with_trigger to 2026-05-19 04:00:00+00:00, run_after=2026-05-19 08:00:00+00:00
[2026-05-19T08:03:52.402+0000] {processor.py:183} INFO - Processing /home/airflow/.local/lib/python3.12/site-packages/airflow/example_dags/example_latest_only_with_trigger.py took 0.144 seconds
[2026-05-19T08:04:24.141+0000] {processor.py:161} INFO - Started process (PID=730) to work on /home/airflow/.local/lib/python3.12/site-packages/airflow/example_dags/example_latest_only_with_trigger.py
[2026-05-19T08:04:24.144+0000] {processor.py:830} INFO - Processing file /home/airflow/.local/lib/python3.12/site-packages/airflow/example_dags/example_latest_only_with_trigger.py for tasks to queue
[2026-05-19T08:04:24.159+0000] {logging_mixin.py:188} INFO - [2026-05-19T08:04:24.153+0000] {dagbag.py:545} INFO - Filling up the DagBag from /home/airflow/.local/lib/python3.12/site-packages/airflow/example_dags/example_latest_only_with_trigger.py
[2026-05-19T08:04:24.181+0000] {processor.py:840} INFO - DAG(s) 'latest_only_with_trigger' retrieved from /home/airflow/.local/lib/python3.12/site-packages/airflow/example_dags/example_latest_only_with_trigger.py
[2026-05-19T08:04:24.257+0000] {logging_mixin.py:188} INFO - [2026-05-19T08:04:24.254+0000] {dag.py:3089} INFO - Sync 1 DAGs
[2026-05-19T08:04:24.479+0000] {logging_mixin.py:188} INFO - [2026-05-19T08:04:24.478+0000] {dag.py:3947} INFO - Setting next_dagrun for latest_only_with_trigger to 2026-05-19 04:00:00+00:00, run_after=2026-05-19 08:00:00+00:00
[2026-05-19T08:04:24.575+0000] {processor.py:183} INFO - Processing /home/airflow/.local/lib/python3.12/site-packages/airflow/example_dags/example_latest_only_with_trigger.py took 0.445 seconds
[2026-05-19T08:04:55.973+0000] {processor.py:161} INFO - Started process (PID=788) to work on /home/airflow/.local/lib/python3.12/site-packages/airflow/example_dags/example_latest_only_with_trigger.py
[2026-05-19T08:04:55.976+0000] {processor.py:830} INFO - Processing file /home/airflow/.local/lib/python3.12/site-packages/airflow/example_dags/example_latest_only_with_trigger.py for tasks to queue
[2026-05-19T08:04:55.985+0000] {logging_mixin.py:188} INFO - [2026-05-19T08:04:55.983+0000] {dagbag.py:545} INFO - Filling up the DagBag from /home/airflow/.local/lib/python3.12/site-packages/airflow/example_dags/example_latest_only_with_trigger.py
[2026-05-19T08:04:56.020+0000] {processor.py:840} INFO - DAG(s) 'latest_only_with_trigger' retrieved from /home/airflow/.local/lib/python3.12/site-packages/airflow/example_dags/example_latest_only_with_trigger.py
[2026-05-19T08:04:56.130+0000] {logging_mixin.py:188} INFO - [2026-05-19T08:04:56.130+0000] {dag.py:3089} INFO - Sync 1 DAGs
[2026-05-19T08:04:56.210+0000] {logging_mixin.py:188} INFO - [2026-05-19T08:04:56.210+0000] {dag.py:3947} INFO - Setting next_dagrun for latest_only_with_trigger to 2026-05-19 04:00:00+00:00, run_after=2026-05-19 08:00:00+00:00
[2026-05-19T08:04:56.243+0000] {processor.py:183} INFO - Processing /home/airflow/.local/lib/python3.12/site-packages/airflow/example_dags/example_latest_only_with_trigger.py took 0.308 seconds
[2026-05-19T08:05:26.743+0000] {processor.py:161} INFO - Started process (PID=845) to work on /home/airflow/.local/lib/python3.12/site-packages/airflow/example_dags/example_latest_only_with_trigger.py
[2026-05-19T08:05:26.746+0000] {processor.py:830} INFO - Processing file /home/airflow/.local/lib/python3.12/site-packages/airflow/example_dags/example_latest_only_with_trigger.py for tasks to queue
[2026-05-19T08:05:26.752+0000] {logging_mixin.py:188} INFO - [2026-05-19T08:05:26.751+0000] {dagbag.py:545} INFO - Filling up the DagBag from /home/airflow/.local/lib/python3.12/site-packages/airflow/example_dags/example_latest_only_with_trigger.py
[2026-05-19T08:05:26.768+0000] {processor.py:840} INFO - DAG(s) 'latest_only_with_trigger' retrieved from /home/airflow/.local/lib/python3.12/site-packages/airflow/example_dags/example_latest_only_with_trigger.py
[2026-05-19T08:05:26.822+0000] {logging_mixin.py:188} INFO - [2026-05-19T08:05:26.822+0000] {dag.py:3089} INFO - Sync 1 DAGs
[2026-05-19T08:05:26.868+0000] {logging_mixin.py:188} INFO - [2026-05-19T08:05:26.868+0000] {dag.py:3947} INFO - Setting next_dagrun for latest_only_with_trigger to 2026-05-19 04:00:00+00:00, run_after=2026-05-19 08:00:00+00:00
[2026-05-19T08:05:26.900+0000] {processor.py:183} INFO - Processing /home/airflow/.local/lib/python3.12/site-packages/airflow/example_dags/example_latest_only_with_trigger.py took 0.181 seconds
[2026-05-19T08:05:57.081+0000] {processor.py:161} INFO - Started process (PID=903) to work on /home/airflow/.local/lib/python3.12/site-packages/airflow/example_dags/example_latest_only_with_trigger.py
[2026-05-19T08:05:57.084+0000] {processor.py:830} INFO - Processing file /home/airflow/.local/lib/python3.12/site-packages/airflow/example_dags/example_latest_only_with_trigger.py for tasks to queue
[2026-05-19T08:05:57.091+0000] {logging_mixin.py:188} INFO - [2026-05-19T08:05:57.090+0000] {dagbag.py:545} INFO - Filling up the DagBag from /home/airflow/.local/lib/python3.12/site-packages/airflow/example_dags/example_latest_only_with_trigger.py
[2026-05-19T08:05:57.103+0000] {processor.py:840} INFO - DAG(s) 'latest_only_with_trigger' retrieved from /home/airflow/.local/lib/python3.12/site-packages/airflow/example_dags/example_latest_only_with_trigger.py
[2026-05-19T08:05:57.140+0000] {logging_mixin.py:188} INFO - [2026-05-19T08:05:57.140+0000] {dag.py:3089} INFO - Sync 1 DAGs
[2026-05-19T08:05:57.173+0000] {logging_mixin.py:188} INFO - [2026-05-19T08:05:57.173+0000] {dag.py:3947} INFO - Setting next_dagrun for latest_only_with_trigger to 2026-05-19 04:00:00+00:00, run_after=2026-05-19 08:00:00+00:00
[2026-05-19T08:05:57.204+0000] {processor.py:183} INFO - Processing /home/airflow/.local/lib/python3.12/site-packages/airflow/example_dags/example_latest_only_with_trigger.py took 0.138 seconds
[2026-05-19T08:06:28.189+0000] {processor.py:161} INFO - Started process (PID=961) to work on /home/airflow/.local/lib/python3.12/site-packages/airflow/example_dags/example_latest_only_with_trigger.py
[2026-05-19T08:06:28.192+0000] {processor.py:830} INFO - Processing file /home/airflow/.local/lib/python3.12/site-packages/airflow/example_dags/example_latest_only_with_trigger.py for tasks to queue
[2026-05-19T08:06:28.196+0000] {logging_mixin.py:188} INFO - [2026-05-19T08:06:28.195+0000] {dagbag.py:545} INFO - Filling up the DagBag from /home/airflow/.local/lib/python3.12/site-packages/airflow/example_dags/example_latest_only_with_trigger.py
[2026-05-19T08:06:28.209+0000] {processor.py:840} INFO - DAG(s) 'latest_only_with_trigger' retrieved from /home/airflow/.local/lib/python3.12/site-packages/airflow/example_dags/example_latest_only_with_trigger.py
[2026-05-19T08:06:28.260+0000] {logging_mixin.py:188} INFO - [2026-05-19T08:06:28.260+0000] {dag.py:3089} INFO - Sync 1 DAGs
[2026-05-19T08:06:28.321+0000] {logging_mixin.py:188} INFO - [2026-05-19T08:06:28.320+0000] {dag.py:3947} INFO - Setting next_dagrun for latest_only_with_trigger to 2026-05-19 04:00:00+00:00, run_after=2026-05-19 08:00:00+00:00
[2026-05-19T08:06:28.380+0000] {processor.py:183} INFO - Processing /home/airflow/.local/lib/python3.12/site-packages/airflow/example_dags/example_latest_only_with_trigger.py took 0.202 seconds
[2026-05-19T08:06:58.480+0000] {processor.py:161} INFO - Started process (PID=1019) to work on /home/airflow/.local/lib/python3.12/site-packages/airflow/example_dags/example_latest_only_with_trigger.py
[2026-05-19T08:06:58.482+0000] {processor.py:830} INFO - Processing file /home/airflow/.local/lib/python3.12/site-packages/airflow/example_dags/example_latest_only_with_trigger.py for tasks to queue
[2026-05-19T08:06:58.485+0000] {logging_mixin.py:188} INFO - [2026-05-19T08:06:58.484+0000] {dagbag.py:545} INFO - Filling up the DagBag from /home/airflow/.local/lib/python3.12/site-packages/airflow/example_dags/example_latest_only_with_trigger.py
[2026-05-19T08:06:58.494+0000] {processor.py:840} INFO - DAG(s) 'latest_only_with_trigger' retrieved from /home/airflow/.local/lib/python3.12/site-packages/airflow/example_dags/example_latest_only_with_trigger.py
[2026-05-19T08:06:58.528+0000] {logging_mixin.py:188} INFO - [2026-05-19T08:06:58.528+0000] {dag.py:3089} INFO - Sync 1 DAGs
[2026-05-19T08:06:58.559+0000] {logging_mixin.py:188} INFO - [2026-05-19T08:06:58.558+0000] {dag.py:3947} INFO - Setting next_dagrun for latest_only_with_trigger to 2026-05-19 04:00:00+00:00, run_after=2026-05-19 08:00:00+00:00
[2026-05-19T08:06:58.589+0000] {processor.py:183} INFO - Processing /home/airflow/.local/lib/python3.12/site-packages/airflow/example_dags/example_latest_only_with_trigger.py took 0.118 seconds
[2026-05-19T08:07:28.680+0000] {processor.py:161} INFO - Started process (PID=1077) to work on /home/airflow/.local/lib/python3.12/site-packages/airflow/example_dags/example_latest_only_with_trigger.py
[2026-05-19T08:07:28.682+0000] {processor.py:830} INFO - Processing file /home/airflow/.local/lib/python3.12/site-packages/airflow/example_dags/example_latest_only_with_trigger.py for tasks to queue
[2026-05-19T08:07:28.685+0000] {logging_mixin.py:188} INFO - [2026-05-19T08:07:28.685+0000] {dagbag.py:545} INFO - Filling up the DagBag from /home/airflow/.local/lib/python3.12/site-packages/airflow/example_dags/example_latest_only_with_trigger.py
[2026-05-19T08:07:28.695+0000] {processor.py:840} INFO - DAG(s) 'latest_only_with_trigger' retrieved from /home/airflow/.local/lib/python3.12/site-packages/airflow/example_dags/example_latest_only_with_trigger.py
[2026-05-19T08:07:28.730+0000] {logging_mixin.py:188} INFO - [2026-05-19T08:07:28.729+0000] {dag.py:3089} INFO - Sync 1 DAGs
[2026-05-19T08:07:28.764+0000] {logging_mixin.py:188} INFO - [2026-05-19T08:07:28.763+0000] {dag.py:3947} INFO - Setting next_dagrun for latest_only_with_trigger to 2026-05-19 04:00:00+00:00, run_after=2026-05-19 08:00:00+00:00
[2026-05-19T08:07:28.793+0000] {processor.py:183} INFO - Processing /home/airflow/.local/lib/python3.12/site-packages/airflow/example_dags/example_latest_only_with_trigger.py took 0.126 seconds
[2026-05-19T08:07:59.231+0000] {processor.py:161} INFO - Started process (PID=1135) to work on /home/airflow/.local/lib/python3.12/site-packages/airflow/example_dags/example_latest_only_with_trigger.py
[2026-05-19T08:07:59.233+0000] {processor.py:830} INFO - Processing file /home/airflow/.local/lib/python3.12/site-packages/airflow/example_dags/example_latest_only_with_trigger.py for tasks to queue
[2026-05-19T08:07:59.237+0000] {logging_mixin.py:188} INFO - [2026-05-19T08:07:59.237+0000] {dagbag.py:545} INFO - Filling up the DagBag from /home/airflow/.local/lib/python3.12/site-packages/airflow/example_dags/example_latest_only_with_trigger.py
[2026-05-19T08:07:59.251+0000] {processor.py:840} INFO - DAG(s) 'latest_only_with_trigger' retrieved from /home/airflow/.local/lib/python3.12/site-packages/airflow/example_dags/example_latest_only_with_trigger.py
[2026-05-19T08:07:59.300+0000] {logging_mixin.py:188} INFO - [2026-05-19T08:07:59.299+0000] {dag.py:3089} INFO - Sync 1 DAGs
[2026-05-19T08:07:59.341+0000] {logging_mixin.py:188} INFO - [2026-05-19T08:07:59.341+0000] {dag.py:3947} INFO - Setting next_dagrun for latest_only_with_trigger to 2026-05-19 04:00:00+00:00, run_after=2026-05-19 08:00:00+00:00
[2026-05-19T08:07:59.380+0000] {processor.py:183} INFO - Processing /home/airflow/.local/lib/python3.12/site-packages/airflow/example_dags/example_latest_only_with_trigger.py took 0.164 seconds
[2026-05-19T08:08:29.826+0000] {processor.py:161} INFO - Started process (PID=1192) to work on /home/airflow/.local/lib/python3.12/site-packages/airflow/example_dags/example_latest_only_with_trigger.py
[2026-05-19T08:08:29.829+0000] {processor.py:830} INFO - Processing file /home/airflow/.local/lib/python3.12/site-packages/airflow/example_dags/example_latest_only_with_trigger.py for tasks to queue
[2026-05-19T08:08:29.833+0000] {logging_mixin.py:188} INFO - [2026-05-19T08:08:29.832+0000] {dagbag.py:545} INFO - Filling up the DagBag from /home/airflow/.local/lib/python3.12/site-packages/airflow/example_dags/example_latest_only_with_trigger.py
[2026-05-19T08:08:29.844+0000] {processor.py:840} INFO - DAG(s) 'latest_only_with_trigger' retrieved from /home/airflow/.local/lib/python3.12/site-packages/airflow/example_dags/example_latest_only_with_trigger.py
[2026-05-19T08:08:29.881+0000] {logging_mixin.py:188} INFO - [2026-05-19T08:08:29.881+0000] {dag.py:3089} INFO - Sync 1 DAGs
[2026-05-19T08:08:29.921+0000] {logging_mixin.py:188} INFO - [2026-05-19T08:08:29.921+0000] {dag.py:3947} INFO - Setting next_dagrun for latest_only_with_trigger to 2026-05-19 04:00:00+00:00, run_after=2026-05-19 08:00:00+00:00
[2026-05-19T08:08:29.973+0000] {processor.py:183} INFO - Processing /home/airflow/.local/lib/python3.12/site-packages/airflow/example_dags/example_latest_only_with_trigger.py took 0.157 seconds
[2026-05-19T08:09:01.072+0000] {processor.py:161} INFO - Started process (PID=1250) to work on /home/airflow/.local/lib/python3.12/site-packages/airflow/example_dags/example_latest_only_with_trigger.py
[2026-05-19T08:09:01.075+0000] {processor.py:830} INFO - Processing file /home/airflow/.local/lib/python3.12/site-packages/airflow/example_dags/example_latest_only_with_trigger.py for tasks to queue
[2026-05-19T08:09:01.080+0000] {logging_mixin.py:188} INFO - [2026-05-19T08:09:01.079+0000] {dagbag.py:545} INFO - Filling up the DagBag from /home/airflow/.local/lib/python3.12/site-packages/airflow/example_dags/example_latest_only_with_trigger.py
[2026-05-19T08:09:01.091+0000] {processor.py:840} INFO - DAG(s) 'latest_only_with_trigger' retrieved from /home/airflow/.local/lib/python3.12/site-packages/airflow/example_dags/example_latest_only_with_trigger.py
[2026-05-19T08:09:01.133+0000] {logging_mixin.py:188} INFO - [2026-05-19T08:09:01.133+0000] {dag.py:3089} INFO - Sync 1 DAGs
[2026-05-19T08:09:01.168+0000] {logging_mixin.py:188} INFO - [2026-05-19T08:09:01.167+0000] {dag.py:3947} INFO - Setting next_dagrun for latest_only_with_trigger to 2026-05-19 04:00:00+00:00, run_after=2026-05-19 08:00:00+00:00
[2026-05-19T08:09:01.197+0000] {processor.py:183} INFO - Processing /home/airflow/.local/lib/python3.12/site-packages/airflow/example_dags/example_latest_only_with_trigger.py took 0.139 seconds
[2026-05-19T08:09:31.463+0000] {processor.py:161} INFO - Started process (PID=1309) to work on /home/airflow/.local/lib/python3.12/site-packages/airflow/example_dags/example_latest_only_with_trigger.py
[2026-05-19T08:09:31.465+0000] {processor.py:830} INFO - Processing file /home/airflow/.local/lib/python3.12/site-packages/airflow/example_dags/example_latest_only_with_trigger.py for tasks to queue
[2026-05-19T08:09:31.469+0000] {logging_mixin.py:188} INFO - [2026-05-19T08:09:31.468+0000] {dagbag.py:545} INFO - Filling up the DagBag from /home/airflow/.local/lib/python3.12/site-packages/airflow/example_dags/example_latest_only_with_trigger.py
[2026-05-19T08:09:31.486+0000] {processor.py:840} INFO - DAG(s) 'latest_only_with_trigger' retrieved from /home/airflow/.local/lib/python3.12/site-packages/airflow/example_dags/example_latest_only_with_trigger.py
[2026-05-19T08:09:31.526+0000] {logging_mixin.py:188} INFO - [2026-05-19T08:09:31.525+0000] {dag.py:3089} INFO - Sync 1 DAGs
[2026-05-19T08:09:31.564+0000] {logging_mixin.py:188} INFO - [2026-05-19T08:09:31.564+0000] {dag.py:3947} INFO - Setting next_dagrun for latest_only_with_trigger to 2026-05-19 04:00:00+00:00, run_after=2026-05-19 08:00:00+00:00
[2026-05-19T08:09:31.601+0000] {processor.py:183} INFO - Processing /home/airflow/.local/lib/python3.12/site-packages/airflow/example_dags/example_latest_only_with_trigger.py took 0.149 seconds
[2026-05-19T08:10:01.754+0000] {processor.py:161} INFO - Started process (PID=1367) to work on /home/airflow/.local/lib/python3.12/site-packages/airflow/example_dags/example_latest_only_with_trigger.py
[2026-05-19T08:10:01.756+0000] {processor.py:830} INFO - Processing file /home/airflow/.local/lib/python3.12/site-packages/airflow/example_dags/example_latest_only_with_trigger.py for tasks to queue
[2026-05-19T08:10:01.764+0000] {logging_mixin.py:188} INFO - [2026-05-19T08:10:01.763+0000] {dagbag.py:545} INFO - Filling up the DagBag from /home/airflow/.local/lib/python3.12/site-packages/airflow/example_dags/example_latest_only_with_trigger.py
[2026-05-19T08:10:01.774+0000] {processor.py:840} INFO - DAG(s) 'latest_only_with_trigger' retrieved from /home/airflow/.local/lib/python3.12/site-packages/airflow/example_dags/example_latest_only_with_trigger.py
[2026-05-19T08:10:01.821+0000] {logging_mixin.py:188} INFO - [2026-05-19T08:10:01.821+0000] {dag.py:3089} INFO - Sync 1 DAGs
[2026-05-19T08:10:01.872+0000] {logging_mixin.py:188} INFO - [2026-05-19T08:10:01.872+0000] {dag.py:3947} INFO - Setting next_dagrun for latest_only_with_trigger to 2026-05-19 04:00:00+00:00, run_after=2026-05-19 08:00:00+00:00
[2026-05-19T08:10:01.904+0000] {processor.py:183} INFO - Processing /home/airflow/.local/lib/python3.12/site-packages/airflow/example_dags/example_latest_only_with_trigger.py took 0.164 seconds
[2026-05-19T08:10:32.381+0000] {processor.py:161} INFO - Started process (PID=1425) to work on /home/airflow/.local/lib/python3.12/site-packages/airflow/example_dags/example_latest_only_with_trigger.py
[2026-05-19T08:10:32.386+0000] {processor.py:830} INFO - Processing file /home/airflow/.local/lib/python3.12/site-packages/airflow/example_dags/example_latest_only_with_trigger.py for tasks to queue
[2026-05-19T08:10:32.390+0000] {logging_mixin.py:188} INFO - [2026-05-19T08:10:32.389+0000] {dagbag.py:545} INFO - Filling up the DagBag from /home/airflow/.local/lib/python3.12/site-packages/airflow/example_dags/example_latest_only_with_trigger.py
[2026-05-19T08:10:32.406+0000] {processor.py:840} INFO - DAG(s) 'latest_only_with_trigger' retrieved from /home/airflow/.local/lib/python3.12/site-packages/airflow/example_dags/example_latest_only_with_trigger.py
[2026-05-19T08:10:32.467+0000] {logging_mixin.py:188} INFO - [2026-05-19T08:10:32.466+0000] {dag.py:3089} INFO - Sync 1 DAGs
[2026-05-19T08:10:32.539+0000] {logging_mixin.py:188} INFO - [2026-05-19T08:10:32.538+0000] {dag.py:3947} INFO - Setting next_dagrun for latest_only_with_trigger to 2026-05-19 04:00:00+00:00, run_after=2026-05-19 08:00:00+00:00
[2026-05-19T08:10:32.583+0000] {processor.py:183} INFO - Processing /home/airflow/.local/lib/python3.12/site-packages/airflow/example_dags/example_latest_only_with_trigger.py took 0.226 seconds
[2026-05-19T08:11:02.820+0000] {processor.py:161} INFO - Started process (PID=1483) to work on /home/airflow/.local/lib/python3.12/site-packages/airflow/example_dags/example_latest_only_with_trigger.py
[2026-05-19T08:11:02.823+0000] {processor.py:830} INFO - Processing file /home/airflow/.local/lib/python3.12/site-packages/airflow/example_dags/example_latest_only_with_trigger.py for tasks to queue
[2026-05-19T08:11:02.831+0000] {logging_mixin.py:188} INFO - [2026-05-19T08:11:02.830+0000] {dagbag.py:545} INFO - Filling up the DagBag from /home/airflow/.local/lib/python3.12/site-packages/airflow/example_dags/example_latest_only_with_trigger.py
[2026-05-19T08:11:02.846+0000] {processor.py:840} INFO - DAG(s) 'latest_only_with_trigger' retrieved from /home/airflow/.local/lib/python3.12/site-packages/airflow/example_dags/example_latest_only_with_trigger.py
[2026-05-19T08:11:02.882+0000] {logging_mixin.py:188} INFO - [2026-05-19T08:11:02.881+0000] {dag.py:3089} INFO - Sync 1 DAGs
[2026-05-19T08:11:02.975+0000] {logging_mixin.py:188} INFO - [2026-05-19T08:11:02.974+0000] {dag.py:3947} INFO - Setting next_dagrun for latest_only_with_trigger to 2026-05-19 04:00:00+00:00, run_after=2026-05-19 08:00:00+00:00
[2026-05-19T08:11:03.024+0000] {processor.py:183} INFO - Processing /home/airflow/.local/lib/python3.12/site-packages/airflow/example_dags/example_latest_only_with_trigger.py took 0.217 seconds
[2026-05-19T08:11:33.208+0000] {processor.py:161} INFO - Started process (PID=1541) to work on /home/airflow/.local/lib/python3.12/site-packages/airflow/example_dags/example_latest_only_with_trigger.py
[2026-05-19T08:11:33.210+0000] {processor.py:830} INFO - Processing file /home/airflow/.local/lib/python3.12/site-packages/airflow/example_dags/example_latest_only_with_trigger.py for tasks to queue
[2026-05-19T08:11:33.213+0000] {logging_mixin.py:188} INFO - [2026-05-19T08:11:33.213+0000] {dagbag.py:545} INFO - Filling up the DagBag from /home/airflow/.local/lib/python3.12/site-packages/airflow/example_dags/example_latest_only_with_trigger.py
[2026-05-19T08:11:33.221+0000] {processor.py:840} INFO - DAG(s) 'latest_only_with_trigger' retrieved from /home/airflow/.local/lib/python3.12/site-packages/airflow/example_dags/example_latest_only_with_trigger.py
[2026-05-19T08:11:33.254+0000] {logging_mixin.py:188} INFO - [2026-05-19T08:11:33.253+0000] {dag.py:3089} INFO - Sync 1 DAGs
[2026-05-19T08:11:33.290+0000] {logging_mixin.py:188} INFO - [2026-05-19T08:11:33.290+0000] {dag.py:3947} INFO - Setting next_dagrun for latest_only_with_trigger to 2026-05-19 04:00:00+00:00, run_after=2026-05-19 08:00:00+00:00
[2026-05-19T08:11:33.318+0000] {processor.py:183} INFO - Processing /home/airflow/.local/lib/python3.12/site-packages/airflow/example_dags/example_latest_only_with_trigger.py took 0.119 seconds
[2026-05-19T08:12:03.901+0000] {processor.py:161} INFO - Started process (PID=1599) to work on /home/airflow/.local/lib/python3.12/site-packages/airflow/example_dags/example_latest_only_with_trigger.py
[2026-05-19T08:12:03.903+0000] {processor.py:830} INFO - Processing file /home/airflow/.local/lib/python3.12/site-packages/airflow/example_dags/example_latest_only_with_trigger.py for tasks to queue
[2026-05-19T08:12:03.908+0000] {logging_mixin.py:188} INFO - [2026-05-19T08:12:03.907+0000] {dagbag.py:545} INFO - Filling up the DagBag from /home/airflow/.local/lib/python3.12/site-packages/airflow/example_dags/example_latest_only_with_trigger.py
[2026-05-19T08:12:03.920+0000] {processor.py:840} INFO - DAG(s) 'latest_only_with_trigger' retrieved from /home/airflow/.local/lib/python3.12/site-packages/airflow/example_dags/example_latest_only_with_trigger.py
[2026-05-19T08:12:03.962+0000] {logging_mixin.py:188} INFO - [2026-05-19T08:12:03.961+0000] {dag.py:3089} INFO - Sync 1 DAGs
[2026-05-19T08:12:03.993+0000] {logging_mixin.py:188} INFO - [2026-05-19T08:12:03.993+0000] {dag.py:3947} INFO - Setting next_dagrun for latest_only_with_trigger to 2026-05-19 04:00:00+00:00, run_after=2026-05-19 08:00:00+00:00
[2026-05-19T08:12:04.023+0000] {processor.py:183} INFO - Processing /home/airflow/.local/lib/python3.12/site-packages/airflow/example_dags/example_latest_only_with_trigger.py took 0.133 seconds
[2026-05-19T08:12:34.697+0000] {processor.py:161} INFO - Started process (PID=1657) to work on /home/airflow/.local/lib/python3.12/site-packages/airflow/example_dags/example_latest_only_with_trigger.py
[2026-05-19T08:12:34.699+0000] {processor.py:830} INFO - Processing file /home/airflow/.local/lib/python3.12/site-packages/airflow/example_dags/example_latest_only_with_trigger.py for tasks to queue
[2026-05-19T08:12:34.702+0000] {logging_mixin.py:188} INFO - [2026-05-19T08:12:34.701+0000] {dagbag.py:545} INFO - Filling up the DagBag from /home/airflow/.local/lib/python3.12/site-packages/airflow/example_dags/example_latest_only_with_trigger.py
[2026-05-19T08:12:34.712+0000] {processor.py:840} INFO - DAG(s) 'latest_only_with_trigger' retrieved from /home/airflow/.local/lib/python3.12/site-packages/airflow/example_dags/example_latest_only_with_trigger.py
[2026-05-19T08:12:34.743+0000] {logging_mixin.py:188} INFO - [2026-05-19T08:12:34.742+0000] {dag.py:3089} INFO - Sync 1 DAGs
[2026-05-19T08:12:34.774+0000] {logging_mixin.py:188} INFO - [2026-05-19T08:12:34.773+0000] {dag.py:3947} INFO - Setting next_dagrun for latest_only_with_trigger to 2026-05-19 04:00:00+00:00, run_after=2026-05-19 08:00:00+00:00
[2026-05-19T08:12:34.800+0000] {processor.py:183} INFO - Processing /home/airflow/.local/lib/python3.12/site-packages/airflow/example_dags/example_latest_only_with_trigger.py took 0.111 seconds
[2026-05-19T08:13:06.545+0000] {processor.py:161} INFO - Started process (PID=1714) to work on /home/airflow/.local/lib/python3.12/site-packages/airflow/example_dags/example_latest_only_with_trigger.py
[2026-05-19T08:13:06.549+0000] {processor.py:830} INFO - Processing file /home/airflow/.local/lib/python3.12/site-packages/airflow/example_dags/example_latest_only_with_trigger.py for tasks to queue
[2026-05-19T08:13:06.558+0000] {logging_mixin.py:188} INFO - [2026-05-19T08:13:06.557+0000] {dagbag.py:545} INFO - Filling up the DagBag from /home/airflow/.local/lib/python3.12/site-packages/airflow/example_dags/example_latest_only_with_trigger.py
[2026-05-19T08:13:06.570+0000] {processor.py:840} INFO - DAG(s) 'latest_only_with_trigger' retrieved from /home/airflow/.local/lib/python3.12/site-packages/airflow/example_dags/example_latest_only_with_trigger.py
[2026-05-19T08:13:06.625+0000] {logging_mixin.py:188} INFO - [2026-05-19T08:13:06.625+0000] {dag.py:3089} INFO - Sync 1 DAGs
[2026-05-19T08:13:06.927+0000] {logging_mixin.py:188} INFO - [2026-05-19T08:13:06.927+0000] {dag.py:3947} INFO - Setting next_dagrun for latest_only_with_trigger to 2026-05-19 04:00:00+00:00, run_after=2026-05-19 08:00:00+00:00
[2026-05-19T08:13:06.961+0000] {processor.py:183} INFO - Processing /home/airflow/.local/lib/python3.12/site-packages/airflow/example_dags/example_latest_only_with_trigger.py took 0.433 seconds
[2026-05-19T08:13:38.096+0000] {processor.py:161} INFO - Started process (PID=1772) to work on /home/airflow/.local/lib/python3.12/site-packages/airflow/example_dags/example_latest_only_with_trigger.py
[2026-05-19T08:13:38.099+0000] {processor.py:830} INFO - Processing file /home/airflow/.local/lib/python3.12/site-packages/airflow/example_dags/example_latest_only_with_trigger.py for tasks to queue
[2026-05-19T08:13:38.105+0000] {logging_mixin.py:188} INFO - [2026-05-19T08:13:38.104+0000] {dagbag.py:545} INFO - Filling up the DagBag from /home/airflow/.local/lib/python3.12/site-packages/airflow/example_dags/example_latest_only_with_trigger.py
[2026-05-19T08:13:38.118+0000] {processor.py:840} INFO - DAG(s) 'latest_only_with_trigger' retrieved from /home/airflow/.local/lib/python3.12/site-packages/airflow/example_dags/example_latest_only_with_trigger.py
[2026-05-19T08:13:38.163+0000] {logging_mixin.py:188} INFO - [2026-05-19T08:13:38.162+0000] {dag.py:3089} INFO - Sync 1 DAGs
[2026-05-19T08:13:38.543+0000] {logging_mixin.py:188} INFO - [2026-05-19T08:13:38.542+0000] {dag.py:3947} INFO - Setting next_dagrun for latest_only_with_trigger to 2026-05-19 04:00:00+00:00, run_after=2026-05-19 08:00:00+00:00
[2026-05-19T08:13:38.588+0000] {processor.py:183} INFO - Processing /home/airflow/.local/lib/python3.12/site-packages/airflow/example_dags/example_latest_only_with_trigger.py took 0.505 seconds
[2026-05-19T08:14:12.025+0000] {processor.py:161} INFO - Started process (PID=1829) to work on /home/airflow/.local/lib/python3.12/site-packages/airflow/example_dags/example_latest_only_with_trigger.py
[2026-05-19T08:14:12.030+0000] {processor.py:830} INFO - Processing file /home/airflow/.local/lib/python3.12/site-packages/airflow/example_dags/example_latest_only_with_trigger.py for tasks to queue
[2026-05-19T08:14:12.037+0000] {logging_mixin.py:188} INFO - [2026-05-19T08:14:12.036+0000] {dagbag.py:545} INFO - Filling up the DagBag from /home/airflow/.local/lib/python3.12/site-packages/airflow/example_dags/example_latest_only_with_trigger.py
[2026-05-19T08:14:12.066+0000] {processor.py:840} INFO - DAG(s) 'latest_only_with_trigger' retrieved from /home/airflow/.local/lib/python3.12/site-packages/airflow/example_dags/example_latest_only_with_trigger.py
[2026-05-19T08:14:12.154+0000] {logging_mixin.py:188} INFO - [2026-05-19T08:14:12.153+0000] {dag.py:3089} INFO - Sync 1 DAGs
[2026-05-19T08:14:12.250+0000] {logging_mixin.py:188} INFO - [2026-05-19T08:14:12.249+0000] {dag.py:3947} INFO - Setting next_dagrun for latest_only_with_trigger to 2026-05-19 04:00:00+00:00, run_after=2026-05-19 08:00:00+00:00
[2026-05-19T08:14:12.709+0000] {processor.py:183} INFO - Processing /home/airflow/.local/lib/python3.12/site-packages/airflow/example_dags/example_latest_only_with_trigger.py took 0.706 seconds
[2026-05-19T08:14:42.972+0000] {processor.py:161} INFO - Started process (PID=1887) to work on /home/airflow/.local/lib/python3.12/site-packages/airflow/example_dags/example_latest_only_with_trigger.py
[2026-05-19T08:14:42.974+0000] {processor.py:830} INFO - Processing file /home/airflow/.local/lib/python3.12/site-packages/airflow/example_dags/example_latest_only_with_trigger.py for tasks to queue
[2026-05-19T08:14:42.978+0000] {logging_mixin.py:188} INFO - [2026-05-19T08:14:42.978+0000] {dagbag.py:545} INFO - Filling up the DagBag from /home/airflow/.local/lib/python3.12/site-packages/airflow/example_dags/example_latest_only_with_trigger.py
[2026-05-19T08:14:42.990+0000] {processor.py:840} INFO - DAG(s) 'latest_only_with_trigger' retrieved from /home/airflow/.local/lib/python3.12/site-packages/airflow/example_dags/example_latest_only_with_trigger.py
[2026-05-19T08:14:43.030+0000] {logging_mixin.py:188} INFO - [2026-05-19T08:14:43.029+0000] {dag.py:3089} INFO - Sync 1 DAGs
[2026-05-19T08:14:43.088+0000] {logging_mixin.py:188} INFO - [2026-05-19T08:14:43.087+0000] {dag.py:3947} INFO - Setting next_dagrun for latest_only_with_trigger to 2026-05-19 04:00:00+00:00, run_after=2026-05-19 08:00:00+00:00
[2026-05-19T08:14:43.126+0000] {processor.py:183} INFO - Processing /home/airflow/.local/lib/python3.12/site-packages/airflow/example_dags/example_latest_only_with_trigger.py took 0.170 seconds
[2026-05-19T08:15:23.554+0000] {processor.py:161} INFO - Started process (PID=1950) to work on /home/airflow/.local/lib/python3.12/site-packages/airflow/example_dags/example_latest_only_with_trigger.py
[2026-05-19T08:15:23.560+0000] {processor.py:830} INFO - Processing file /home/airflow/.local/lib/python3.12/site-packages/airflow/example_dags/example_latest_only_with_trigger.py for tasks to queue
[2026-05-19T08:15:23.578+0000] {logging_mixin.py:188} INFO - [2026-05-19T08:15:23.577+0000] {dagbag.py:545} INFO - Filling up the DagBag from /home/airflow/.local/lib/python3.12/site-packages/airflow/example_dags/example_latest_only_with_trigger.py
[2026-05-19T08:15:23.600+0000] {processor.py:840} INFO - DAG(s) 'latest_only_with_trigger' retrieved from /home/airflow/.local/lib/python3.12/site-packages/airflow/example_dags/example_latest_only_with_trigger.py
[2026-05-19T08:15:23.665+0000] {logging_mixin.py:188} INFO - [2026-05-19T08:15:23.663+0000] {dag.py:3089} INFO - Sync 1 DAGs
[2026-05-19T08:15:23.726+0000] {logging_mixin.py:188} INFO - [2026-05-19T08:15:23.725+0000] {dag.py:3947} INFO - Setting next_dagrun for latest_only_with_trigger to 2026-05-19 04:00:00+00:00, run_after=2026-05-19 08:00:00+00:00
[2026-05-19T08:15:23.793+0000] {processor.py:183} INFO - Processing /home/airflow/.local/lib/python3.12/site-packages/airflow/example_dags/example_latest_only_with_trigger.py took 0.286 seconds
[2026-05-19T08:15:54.470+0000] {processor.py:161} INFO - Started process (PID=2008) to work on /home/airflow/.local/lib/python3.12/site-packages/airflow/example_dags/example_latest_only_with_trigger.py
[2026-05-19T08:15:54.474+0000] {processor.py:830} INFO - Processing file /home/airflow/.local/lib/python3.12/site-packages/airflow/example_dags/example_latest_only_with_trigger.py for tasks to queue
[2026-05-19T08:15:54.480+0000] {logging_mixin.py:188} INFO - [2026-05-19T08:15:54.479+0000] {dagbag.py:545} INFO - Filling up the DagBag from /home/airflow/.local/lib/python3.12/site-packages/airflow/example_dags/example_latest_only_with_trigger.py
[2026-05-19T08:15:54.503+0000] {processor.py:840} INFO - DAG(s) 'latest_only_with_trigger' retrieved from /home/airflow/.local/lib/python3.12/site-packages/airflow/example_dags/example_latest_only_with_trigger.py
[2026-05-19T08:15:54.607+0000] {logging_mixin.py:188} INFO - [2026-05-19T08:15:54.606+0000] {dag.py:3089} INFO - Sync 1 DAGs
[2026-05-19T08:15:54.707+0000] {logging_mixin.py:188} INFO - [2026-05-19T08:15:54.706+0000] {dag.py:3947} INFO - Setting next_dagrun for latest_only_with_trigger to 2026-05-19 04:00:00+00:00, run_after=2026-05-19 08:00:00+00:00
[2026-05-19T08:15:54.774+0000] {processor.py:183} INFO - Processing /home/airflow/.local/lib/python3.12/site-packages/airflow/example_dags/example_latest_only_with_trigger.py took 0.324 seconds
[2026-05-19T08:16:25.527+0000] {processor.py:161} INFO - Started process (PID=2066) to work on /home/airflow/.local/lib/python3.12/site-packages/airflow/example_dags/example_latest_only_with_trigger.py
[2026-05-19T08:16:25.529+0000] {processor.py:830} INFO - Processing file /home/airflow/.local/lib/python3.12/site-packages/airflow/example_dags/example_latest_only_with_trigger.py for tasks to queue
[2026-05-19T08:16:25.533+0000] {logging_mixin.py:188} INFO - [2026-05-19T08:16:25.532+0000] {dagbag.py:545} INFO - Filling up the DagBag from /home/airflow/.local/lib/python3.12/site-packages/airflow/example_dags/example_latest_only_with_trigger.py
[2026-05-19T08:16:25.543+0000] {processor.py:840} INFO - DAG(s) 'latest_only_with_trigger' retrieved from /home/airflow/.local/lib/python3.12/site-packages/airflow/example_dags/example_latest_only_with_trigger.py
[2026-05-19T08:16:25.585+0000] {logging_mixin.py:188} INFO - [2026-05-19T08:16:25.585+0000] {dag.py:3089} INFO - Sync 1 DAGs
[2026-05-19T08:16:25.628+0000] {logging_mixin.py:188} INFO - [2026-05-19T08:16:25.627+0000] {dag.py:3947} INFO - Setting next_dagrun for latest_only_with_trigger to 2026-05-19 04:00:00+00:00, run_after=2026-05-19 08:00:00+00:00
[2026-05-19T08:16:25.676+0000] {processor.py:183} INFO - Processing /home/airflow/.local/lib/python3.12/site-packages/airflow/example_dags/example_latest_only_with_trigger.py took 0.161 seconds
[2026-05-19T08:16:55.918+0000] {processor.py:161} INFO - Started process (PID=2123) to work on /home/airflow/.local/lib/python3.12/site-packages/airflow/example_dags/example_latest_only_with_trigger.py
[2026-05-19T08:16:55.920+0000] {processor.py:830} INFO - Processing file /home/airflow/.local/lib/python3.12/site-packages/airflow/example_dags/example_latest_only_with_trigger.py for tasks to queue
[2026-05-19T08:16:55.923+0000] {logging_mixin.py:188} INFO - [2026-05-19T08:16:55.923+0000] {dagbag.py:545} INFO - Filling up the DagBag from /home/airflow/.local/lib/python3.12/site-packages/airflow/example_dags/example_latest_only_with_trigger.py
[2026-05-19T08:16:55.933+0000] {processor.py:840} INFO - DAG(s) 'latest_only_with_trigger' retrieved from /home/airflow/.local/lib/python3.12/site-packages/airflow/example_dags/example_latest_only_with_trigger.py
[2026-05-19T08:16:55.966+0000] {logging_mixin.py:188} INFO - [2026-05-19T08:16:55.965+0000] {dag.py:3089} INFO - Sync 1 DAGs
[2026-05-19T08:16:56.001+0000] {logging_mixin.py:188} INFO - [2026-05-19T08:16:56.000+0000] {dag.py:3947} INFO - Setting next_dagrun for latest_only_with_trigger to 2026-05-19 04:00:00+00:00, run_after=2026-05-19 08:00:00+00:00
[2026-05-19T08:16:56.035+0000] {processor.py:183} INFO - Processing /home/airflow/.local/lib/python3.12/site-packages/airflow/example_dags/example_latest_only_with_trigger.py took 0.126 seconds
[2026-05-19T08:17:26.173+0000] {processor.py:161} INFO - Started process (PID=2181) to work on /home/airflow/.local/lib/python3.12/site-packages/airflow/example_dags/example_latest_only_with_trigger.py
[2026-05-19T08:17:26.176+0000] {processor.py:830} INFO - Processing file /home/airflow/.local/lib/python3.12/site-packages/airflow/example_dags/example_latest_only_with_trigger.py for tasks to queue
[2026-05-19T08:17:26.181+0000] {logging_mixin.py:188} INFO - [2026-05-19T08:17:26.180+0000] {dagbag.py:545} INFO - Filling up the DagBag from /home/airflow/.local/lib/python3.12/site-packages/airflow/example_dags/example_latest_only_with_trigger.py
[2026-05-19T08:17:26.198+0000] {processor.py:840} INFO - DAG(s) 'latest_only_with_trigger' retrieved from /home/airflow/.local/lib/python3.12/site-packages/airflow/example_dags/example_latest_only_with_trigger.py
[2026-05-19T08:17:26.261+0000] {logging_mixin.py:188} INFO - [2026-05-19T08:17:26.260+0000] {dag.py:3089} INFO - Sync 1 DAGs
[2026-05-19T08:17:26.337+0000] {logging_mixin.py:188} INFO - [2026-05-19T08:17:26.336+0000] {dag.py:3947} INFO - Setting next_dagrun for latest_only_with_trigger to 2026-05-19 04:00:00+00:00, run_after=2026-05-19 08:00:00+00:00
[2026-05-19T08:17:26.377+0000] {processor.py:183} INFO - Processing /home/airflow/.local/lib/python3.12/site-packages/airflow/example_dags/example_latest_only_with_trigger.py took 0.218 seconds
[2026-05-19T08:17:56.603+0000] {processor.py:161} INFO - Started process (PID=2239) to work on /home/airflow/.local/lib/python3.12/site-packages/airflow/example_dags/example_latest_only_with_trigger.py
[2026-05-19T08:17:56.605+0000] {processor.py:830} INFO - Processing file /home/airflow/.local/lib/python3.12/site-packages/airflow/example_dags/example_latest_only_with_trigger.py for tasks to queue
[2026-05-19T08:17:56.608+0000] {logging_mixin.py:188} INFO - [2026-05-19T08:17:56.608+0000] {dagbag.py:545} INFO - Filling up the DagBag from /home/airflow/.local/lib/python3.12/site-packages/airflow/example_dags/example_latest_only_with_trigger.py
[2026-05-19T08:17:56.617+0000] {processor.py:840} INFO - DAG(s) 'latest_only_with_trigger' retrieved from /home/airflow/.local/lib/python3.12/site-packages/airflow/example_dags/example_latest_only_with_trigger.py
[2026-05-19T08:17:56.649+0000] {logging_mixin.py:188} INFO - [2026-05-19T08:17:56.648+0000] {dag.py:3089} INFO - Sync 1 DAGs
[2026-05-19T08:17:56.680+0000] {logging_mixin.py:188} INFO - [2026-05-19T08:17:56.680+0000] {dag.py:3947} INFO - Setting next_dagrun for latest_only_with_trigger to 2026-05-19 04:00:00+00:00, run_after=2026-05-19 08:00:00+00:00
[2026-05-19T08:17:56.707+0000] {processor.py:183} INFO - Processing /home/airflow/.local/lib/python3.12/site-packages/airflow/example_dags/example_latest_only_with_trigger.py took 0.112 seconds
[2026-05-19T08:18:27.221+0000] {processor.py:161} INFO - Started process (PID=2296) to work on /home/airflow/.local/lib/python3.12/site-packages/airflow/example_dags/example_latest_only_with_trigger.py
[2026-05-19T08:18:27.223+0000] {processor.py:830} INFO - Processing file /home/airflow/.local/lib/python3.12/site-packages/airflow/example_dags/example_latest_only_with_trigger.py for tasks to queue
[2026-05-19T08:18:27.227+0000] {logging_mixin.py:188} INFO - [2026-05-19T08:18:27.227+0000] {dagbag.py:545} INFO - Filling up the DagBag from /home/airflow/.local/lib/python3.12/site-packages/airflow/example_dags/example_latest_only_with_trigger.py
[2026-05-19T08:18:27.236+0000] {processor.py:840} INFO - DAG(s) 'latest_only_with_trigger' retrieved from /home/airflow/.local/lib/python3.12/site-packages/airflow/example_dags/example_latest_only_with_trigger.py
[2026-05-19T08:18:27.269+0000] {logging_mixin.py:188} INFO - [2026-05-19T08:18:27.269+0000] {dag.py:3089} INFO - Sync 1 DAGs
[2026-05-19T08:18:27.302+0000] {logging_mixin.py:188} INFO - [2026-05-19T08:18:27.301+0000] {dag.py:3947} INFO - Setting next_dagrun for latest_only_with_trigger to 2026-05-19 04:00:00+00:00, run_after=2026-05-19 08:00:00+00:00
[2026-05-19T08:18:27.334+0000] {processor.py:183} INFO - Processing /home/airflow/.local/lib/python3.12/site-packages/airflow/example_dags/example_latest_only_with_trigger.py took 0.122 seconds
[2026-05-19T08:18:58.142+0000] {processor.py:161} INFO - Started process (PID=2355) to work on /home/airflow/.local/lib/python3.12/site-packages/airflow/example_dags/example_latest_only_with_trigger.py
[2026-05-19T08:18:58.144+0000] {processor.py:830} INFO - Processing file /home/airflow/.local/lib/python3.12/site-packages/airflow/example_dags/example_latest_only_with_trigger.py for tasks to queue
[2026-05-19T08:18:58.148+0000] {logging_mixin.py:188} INFO - [2026-05-19T08:18:58.147+0000] {dagbag.py:545} INFO - Filling up the DagBag from /home/airflow/.local/lib/python3.12/site-packages/airflow/example_dags/example_latest_only_with_trigger.py
[2026-05-19T08:18:58.156+0000] {processor.py:840} INFO - DAG(s) 'latest_only_with_trigger' retrieved from /home/airflow/.local/lib/python3.12/site-packages/airflow/example_dags/example_latest_only_with_trigger.py
[2026-05-19T08:18:58.191+0000] {logging_mixin.py:188} INFO - [2026-05-19T08:18:58.191+0000] {dag.py:3089} INFO - Sync 1 DAGs
[2026-05-19T08:18:58.226+0000] {logging_mixin.py:188} INFO - [2026-05-19T08:18:58.225+0000] {dag.py:3947} INFO - Setting next_dagrun for latest_only_with_trigger to 2026-05-19 04:00:00+00:00, run_after=2026-05-19 08:00:00+00:00
[2026-05-19T08:18:58.261+0000] {processor.py:183} INFO - Processing /home/airflow/.local/lib/python3.12/site-packages/airflow/example_dags/example_latest_only_with_trigger.py took 0.128 seconds
[2026-05-19T08:19:29.265+0000] {processor.py:161} INFO - Started process (PID=2413) to work on /home/airflow/.local/lib/python3.12/site-packages/airflow/example_dags/example_latest_only_with_trigger.py
[2026-05-19T08:19:29.267+0000] {processor.py:830} INFO - Processing file /home/airflow/.local/lib/python3.12/site-packages/airflow/example_dags/example_latest_only_with_trigger.py for tasks to queue
[2026-05-19T08:19:29.272+0000] {logging_mixin.py:188} INFO - [2026-05-19T08:19:29.271+0000] {dagbag.py:545} INFO - Filling up the DagBag from /home/airflow/.local/lib/python3.12/site-packages/airflow/example_dags/example_latest_only_with_trigger.py
[2026-05-19T08:19:29.283+0000] {processor.py:840} INFO - DAG(s) 'latest_only_with_trigger' retrieved from /home/airflow/.local/lib/python3.12/site-packages/airflow/example_dags/example_latest_only_with_trigger.py
[2026-05-19T08:19:29.322+0000] {logging_mixin.py:188} INFO - [2026-05-19T08:19:29.322+0000] {dag.py:3089} INFO - Sync 1 DAGs
[2026-05-19T08:19:29.357+0000] {logging_mixin.py:188} INFO - [2026-05-19T08:19:29.356+0000] {dag.py:3947} INFO - Setting next_dagrun for latest_only_with_trigger to 2026-05-19 04:00:00+00:00, run_after=2026-05-19 08:00:00+00:00
[2026-05-19T08:19:29.388+0000] {processor.py:183} INFO - Processing /home/airflow/.local/lib/python3.12/site-packages/airflow/example_dags/example_latest_only_with_trigger.py took 0.133 seconds
[2026-05-19T08:19:59.607+0000] {processor.py:161} INFO - Started process (PID=2472) to work on /home/airflow/.local/lib/python3.12/site-packages/airflow/example_dags/example_latest_only_with_trigger.py
[2026-05-19T08:19:59.609+0000] {processor.py:830} INFO - Processing file /home/airflow/.local/lib/python3.12/site-packages/airflow/example_dags/example_latest_only_with_trigger.py for tasks to queue
[2026-05-19T08:19:59.613+0000] {logging_mixin.py:188} INFO - [2026-05-19T08:19:59.612+0000] {dagbag.py:545} INFO - Filling up the DagBag from /home/airflow/.local/lib/python3.12/site-packages/airflow/example_dags/example_latest_only_with_trigger.py
[2026-05-19T08:19:59.622+0000] {processor.py:840} INFO - DAG(s) 'latest_only_with_trigger' retrieved from /home/airflow/.local/lib/python3.12/site-packages/airflow/example_dags/example_latest_only_with_trigger.py
[2026-05-19T08:19:59.657+0000] {logging_mixin.py:188} INFO - [2026-05-19T08:19:59.657+0000] {dag.py:3089} INFO - Sync 1 DAGs
[2026-05-19T08:19:59.693+0000] {logging_mixin.py:188} INFO - [2026-05-19T08:19:59.693+0000] {dag.py:3947} INFO - Setting next_dagrun for latest_only_with_trigger to 2026-05-19 04:00:00+00:00, run_after=2026-05-19 08:00:00+00:00
[2026-05-19T08:19:59.727+0000] {processor.py:183} INFO - Processing /home/airflow/.local/lib/python3.12/site-packages/airflow/example_dags/example_latest_only_with_trigger.py took 0.129 seconds
[2026-05-19T08:20:29.895+0000] {processor.py:161} INFO - Started process (PID=2531) to work on /home/airflow/.local/lib/python3.12/site-packages/airflow/example_dags/example_latest_only_with_trigger.py
[2026-05-19T08:20:29.897+0000] {processor.py:830} INFO - Processing file /home/airflow/.local/lib/python3.12/site-packages/airflow/example_dags/example_latest_only_with_trigger.py for tasks to queue
[2026-05-19T08:20:29.905+0000] {logging_mixin.py:188} INFO - [2026-05-19T08:20:29.904+0000] {dagbag.py:545} INFO - Filling up the DagBag from /home/airflow/.local/lib/python3.12/site-packages/airflow/example_dags/example_latest_only_with_trigger.py
[2026-05-19T08:20:29.915+0000] {processor.py:840} INFO - DAG(s) 'latest_only_with_trigger' retrieved from /home/airflow/.local/lib/python3.12/site-packages/airflow/example_dags/example_latest_only_with_trigger.py
[2026-05-19T08:20:29.961+0000] {logging_mixin.py:188} INFO - [2026-05-19T08:20:29.961+0000] {dag.py:3089} INFO - Sync 1 DAGs
[2026-05-19T08:20:30.004+0000] {logging_mixin.py:188} INFO - [2026-05-19T08:20:30.004+0000] {dag.py:3947} INFO - Setting next_dagrun for latest_only_with_trigger to 2026-05-19 04:00:00+00:00, run_after=2026-05-19 08:00:00+00:00
[2026-05-19T08:20:30.045+0000] {processor.py:183} INFO - Processing /home/airflow/.local/lib/python3.12/site-packages/airflow/example_dags/example_latest_only_with_trigger.py took 0.161 seconds
[2026-05-19T08:21:00.307+0000] {processor.py:161} INFO - Started process (PID=2590) to work on /home/airflow/.local/lib/python3.12/site-packages/airflow/example_dags/example_latest_only_with_trigger.py
[2026-05-19T08:21:00.308+0000] {processor.py:830} INFO - Processing file /home/airflow/.local/lib/python3.12/site-packages/airflow/example_dags/example_latest_only_with_trigger.py for tasks to queue
[2026-05-19T08:21:00.312+0000] {logging_mixin.py:188} INFO - [2026-05-19T08:21:00.311+0000] {dagbag.py:545} INFO - Filling up the DagBag from /home/airflow/.local/lib/python3.12/site-packages/airflow/example_dags/example_latest_only_with_trigger.py
[2026-05-19T08:21:00.322+0000] {processor.py:840} INFO - DAG(s) 'latest_only_with_trigger' retrieved from /home/airflow/.local/lib/python3.12/site-packages/airflow/example_dags/example_latest_only_with_trigger.py
[2026-05-19T08:21:00.353+0000] {logging_mixin.py:188} INFO - [2026-05-19T08:21:00.352+0000] {dag.py:3089} INFO - Sync 1 DAGs
[2026-05-19T08:21:00.399+0000] {logging_mixin.py:188} INFO - [2026-05-19T08:21:00.399+0000] {dag.py:3947} INFO - Setting next_dagrun for latest_only_with_trigger to 2026-05-19 04:00:00+00:00, run_after=2026-05-19 08:00:00+00:00
[2026-05-19T08:21:00.440+0000] {processor.py:183} INFO - Processing /home/airflow/.local/lib/python3.12/site-packages/airflow/example_dags/example_latest_only_with_trigger.py took 0.144 seconds
[2026-05-19T08:21:30.772+0000] {processor.py:161} INFO - Started process (PID=2649) to work on /home/airflow/.local/lib/python3.12/site-packages/airflow/example_dags/example_latest_only_with_trigger.py
[2026-05-19T08:21:30.774+0000] {processor.py:830} INFO - Processing file /home/airflow/.local/lib/python3.12/site-packages/airflow/example_dags/example_latest_only_with_trigger.py for tasks to queue
[2026-05-19T08:21:30.777+0000] {logging_mixin.py:188} INFO - [2026-05-19T08:21:30.777+0000] {dagbag.py:545} INFO - Filling up the DagBag from /home/airflow/.local/lib/python3.12/site-packages/airflow/example_dags/example_latest_only_with_trigger.py
[2026-05-19T08:21:30.786+0000] {processor.py:840} INFO - DAG(s) 'latest_only_with_trigger' retrieved from /home/airflow/.local/lib/python3.12/site-packages/airflow/example_dags/example_latest_only_with_trigger.py
[2026-05-19T08:21:30.818+0000] {logging_mixin.py:188} INFO - [2026-05-19T08:21:30.818+0000] {dag.py:3089} INFO - Sync 1 DAGs
[2026-05-19T08:21:30.850+0000] {logging_mixin.py:188} INFO - [2026-05-19T08:21:30.850+0000] {dag.py:3947} INFO - Setting next_dagrun for latest_only_with_trigger to 2026-05-19 04:00:00+00:00, run_after=2026-05-19 08:00:00+00:00
[2026-05-19T08:21:30.881+0000] {processor.py:183} INFO - Processing /home/airflow/.local/lib/python3.12/site-packages/airflow/example_dags/example_latest_only_with_trigger.py took 0.118 seconds
[2026-05-19T08:22:01.733+0000] {processor.py:161} INFO - Started process (PID=2706) to work on /home/airflow/.local/lib/python3.12/site-packages/airflow/example_dags/example_latest_only_with_trigger.py
[2026-05-19T08:22:01.735+0000] {processor.py:830} INFO - Processing file /home/airflow/.local/lib/python3.12/site-packages/airflow/example_dags/example_latest_only_with_trigger.py for tasks to queue
[2026-05-19T08:22:01.739+0000] {logging_mixin.py:188} INFO - [2026-05-19T08:22:01.739+0000] {dagbag.py:545} INFO - Filling up the DagBag from /home/airflow/.local/lib/python3.12/site-packages/airflow/example_dags/example_latest_only_with_trigger.py
[2026-05-19T08:22:01.750+0000] {processor.py:840} INFO - DAG(s) 'latest_only_with_trigger' retrieved from /home/airflow/.local/lib/python3.12/site-packages/airflow/example_dags/example_latest_only_with_trigger.py
[2026-05-19T08:22:01.784+0000] {logging_mixin.py:188} INFO - [2026-05-19T08:22:01.783+0000] {dag.py:3089} INFO - Sync 1 DAGs
[2026-05-19T08:22:01.820+0000] {logging_mixin.py:188} INFO - [2026-05-19T08:22:01.819+0000] {dag.py:3947} INFO - Setting next_dagrun for latest_only_with_trigger to 2026-05-19 04:00:00+00:00, run_after=2026-05-19 08:00:00+00:00
[2026-05-19T08:22:01.854+0000] {processor.py:183} INFO - Processing /home/airflow/.local/lib/python3.12/site-packages/airflow/example_dags/example_latest_only_with_trigger.py took 0.133 seconds
[2026-05-19T08:22:32.185+0000] {processor.py:161} INFO - Started process (PID=2766) to work on /home/airflow/.local/lib/python3.12/site-packages/airflow/example_dags/example_latest_only_with_trigger.py
[2026-05-19T08:22:32.187+0000] {processor.py:830} INFO - Processing file /home/airflow/.local/lib/python3.12/site-packages/airflow/example_dags/example_latest_only_with_trigger.py for tasks to queue
[2026-05-19T08:22:32.191+0000] {logging_mixin.py:188} INFO - [2026-05-19T08:22:32.190+0000] {dagbag.py:545} INFO - Filling up the DagBag from /home/airflow/.local/lib/python3.12/site-packages/airflow/example_dags/example_latest_only_with_trigger.py
[2026-05-19T08:22:32.203+0000] {processor.py:840} INFO - DAG(s) 'latest_only_with_trigger' retrieved from /home/airflow/.local/lib/python3.12/site-packages/airflow/example_dags/example_latest_only_with_trigger.py
[2026-05-19T08:22:32.242+0000] {logging_mixin.py:188} INFO - [2026-05-19T08:22:32.241+0000] {dag.py:3089} INFO - Sync 1 DAGs
[2026-05-19T08:22:32.282+0000] {logging_mixin.py:188} INFO - [2026-05-19T08:22:32.282+0000] {dag.py:3947} INFO - Setting next_dagrun for latest_only_with_trigger to 2026-05-19 04:00:00+00:00, run_after=2026-05-19 08:00:00+00:00
[2026-05-19T08:22:32.314+0000] {processor.py:183} INFO - Processing /home/airflow/.local/lib/python3.12/site-packages/airflow/example_dags/example_latest_only_with_trigger.py took 0.139 seconds
[2026-05-19T08:23:02.614+0000] {processor.py:161} INFO - Started process (PID=2825) to work on /home/airflow/.local/lib/python3.12/site-packages/airflow/example_dags/example_latest_only_with_trigger.py
[2026-05-19T08:23:02.616+0000] {processor.py:830} INFO - Processing file /home/airflow/.local/lib/python3.12/site-packages/airflow/example_dags/example_latest_only_with_trigger.py for tasks to queue
[2026-05-19T08:23:02.620+0000] {logging_mixin.py:188} INFO - [2026-05-19T08:23:02.619+0000] {dagbag.py:545} INFO - Filling up the DagBag from /home/airflow/.local/lib/python3.12/site-packages/airflow/example_dags/example_latest_only_with_trigger.py
[2026-05-19T08:23:02.633+0000] {processor.py:840} INFO - DAG(s) 'latest_only_with_trigger' retrieved from /home/airflow/.local/lib/python3.12/site-packages/airflow/example_dags/example_latest_only_with_trigger.py
[2026-05-19T08:23:02.701+0000] {logging_mixin.py:188} INFO - [2026-05-19T08:23:02.700+0000] {dag.py:3089} INFO - Sync 1 DAGs
[2026-05-19T08:23:02.750+0000] {logging_mixin.py:188} INFO - [2026-05-19T08:23:02.750+0000] {dag.py:3947} INFO - Setting next_dagrun for latest_only_with_trigger to 2026-05-19 04:00:00+00:00, run_after=2026-05-19 08:00:00+00:00
[2026-05-19T08:23:02.801+0000] {processor.py:183} INFO - Processing /home/airflow/.local/lib/python3.12/site-packages/airflow/example_dags/example_latest_only_with_trigger.py took 0.199 seconds
[2026-05-19T08:23:33.509+0000] {processor.py:161} INFO - Started process (PID=2884) to work on /home/airflow/.local/lib/python3.12/site-packages/airflow/example_dags/example_latest_only_with_trigger.py
[2026-05-19T08:23:33.511+0000] {processor.py:830} INFO - Processing file /home/airflow/.local/lib/python3.12/site-packages/airflow/example_dags/example_latest_only_with_trigger.py for tasks to queue
[2026-05-19T08:23:33.515+0000] {logging_mixin.py:188} INFO - [2026-05-19T08:23:33.515+0000] {dagbag.py:545} INFO - Filling up the DagBag from /home/airflow/.local/lib/python3.12/site-packages/airflow/example_dags/example_latest_only_with_trigger.py
[2026-05-19T08:23:33.527+0000] {processor.py:840} INFO - DAG(s) 'latest_only_with_trigger' retrieved from /home/airflow/.local/lib/python3.12/site-packages/airflow/example_dags/example_latest_only_with_trigger.py
[2026-05-19T08:23:33.571+0000] {logging_mixin.py:188} INFO - [2026-05-19T08:23:33.571+0000] {dag.py:3089} INFO - Sync 1 DAGs
[2026-05-19T08:23:33.613+0000] {logging_mixin.py:188} INFO - [2026-05-19T08:23:33.613+0000] {dag.py:3947} INFO - Setting next_dagrun for latest_only_with_trigger to 2026-05-19 04:00:00+00:00, run_after=2026-05-19 08:00:00+00:00
[2026-05-19T08:23:33.657+0000] {processor.py:183} INFO - Processing /home/airflow/.local/lib/python3.12/site-packages/airflow/example_dags/example_latest_only_with_trigger.py took 0.161 seconds
[2026-05-19T08:24:03.817+0000] {processor.py:161} INFO - Started process (PID=2943) to work on /home/airflow/.local/lib/python3.12/site-packages/airflow/example_dags/example_latest_only_with_trigger.py
[2026-05-19T08:24:03.822+0000] {processor.py:830} INFO - Processing file /home/airflow/.local/lib/python3.12/site-packages/airflow/example_dags/example_latest_only_with_trigger.py for tasks to queue
[2026-05-19T08:24:03.827+0000] {logging_mixin.py:188} INFO - [2026-05-19T08:24:03.826+0000] {dagbag.py:545} INFO - Filling up the DagBag from /home/airflow/.local/lib/python3.12/site-packages/airflow/example_dags/example_latest_only_with_trigger.py
[2026-05-19T08:24:03.846+0000] {processor.py:840} INFO - DAG(s) 'latest_only_with_trigger' retrieved from /home/airflow/.local/lib/python3.12/site-packages/airflow/example_dags/example_latest_only_with_trigger.py
[2026-05-19T08:24:03.926+0000] {logging_mixin.py:188} INFO - [2026-05-19T08:24:03.925+0000] {dag.py:3089} INFO - Sync 1 DAGs
[2026-05-19T08:24:03.984+0000] {logging_mixin.py:188} INFO - [2026-05-19T08:24:03.984+0000] {dag.py:3947} INFO - Setting next_dagrun for latest_only_with_trigger to 2026-05-19 04:00:00+00:00, run_after=2026-05-19 08:00:00+00:00
[2026-05-19T08:24:04.031+0000] {processor.py:183} INFO - Processing /home/airflow/.local/lib/python3.12/site-packages/airflow/example_dags/example_latest_only_with_trigger.py took 0.232 seconds
[2026-05-19T08:24:34.602+0000] {processor.py:161} INFO - Started process (PID=3002) to work on /home/airflow/.local/lib/python3.12/site-packages/airflow/example_dags/example_latest_only_with_trigger.py
[2026-05-19T08:24:34.610+0000] {processor.py:830} INFO - Processing file /home/airflow/.local/lib/python3.12/site-packages/airflow/example_dags/example_latest_only_with_trigger.py for tasks to queue
[2026-05-19T08:24:34.614+0000] {logging_mixin.py:188} INFO - [2026-05-19T08:24:34.614+0000] {dagbag.py:545} INFO - Filling up the DagBag from /home/airflow/.local/lib/python3.12/site-packages/airflow/example_dags/example_latest_only_with_trigger.py
[2026-05-19T08:24:34.629+0000] {processor.py:840} INFO - DAG(s) 'latest_only_with_trigger' retrieved from /home/airflow/.local/lib/python3.12/site-packages/airflow/example_dags/example_latest_only_with_trigger.py
[2026-05-19T08:24:34.691+0000] {logging_mixin.py:188} INFO - [2026-05-19T08:24:34.690+0000] {dag.py:3089} INFO - Sync 1 DAGs
[2026-05-19T08:24:34.750+0000] {logging_mixin.py:188} INFO - [2026-05-19T08:24:34.749+0000] {dag.py:3947} INFO - Setting next_dagrun for latest_only_with_trigger to 2026-05-19 04:00:00+00:00, run_after=2026-05-19 08:00:00+00:00
[2026-05-19T08:24:34.806+0000] {processor.py:183} INFO - Processing /home/airflow/.local/lib/python3.12/site-packages/airflow/example_dags/example_latest_only_with_trigger.py took 0.223 seconds
[2026-05-19T08:25:05.702+0000] {processor.py:161} INFO - Started process (PID=3061) to work on /home/airflow/.local/lib/python3.12/site-packages/airflow/example_dags/example_latest_only_with_trigger.py
[2026-05-19T08:25:05.707+0000] {processor.py:830} INFO - Processing file /home/airflow/.local/lib/python3.12/site-packages/airflow/example_dags/example_latest_only_with_trigger.py for tasks to queue
[2026-05-19T08:25:05.716+0000] {logging_mixin.py:188} INFO - [2026-05-19T08:25:05.714+0000] {dagbag.py:545} INFO - Filling up the DagBag from /home/airflow/.local/lib/python3.12/site-packages/airflow/example_dags/example_latest_only_with_trigger.py
[2026-05-19T08:25:05.739+0000] {processor.py:840} INFO - DAG(s) 'latest_only_with_trigger' retrieved from /home/airflow/.local/lib/python3.12/site-packages/airflow/example_dags/example_latest_only_with_trigger.py
[2026-05-19T08:25:05.810+0000] {logging_mixin.py:188} INFO - [2026-05-19T08:25:05.809+0000] {dag.py:3089} INFO - Sync 1 DAGs
[2026-05-19T08:25:05.878+0000] {logging_mixin.py:188} INFO - [2026-05-19T08:25:05.877+0000] {dag.py:3947} INFO - Setting next_dagrun for latest_only_with_trigger to 2026-05-19 04:00:00+00:00, run_after=2026-05-19 08:00:00+00:00
[2026-05-19T08:25:05.946+0000] {processor.py:183} INFO - Processing /home/airflow/.local/lib/python3.12/site-packages/airflow/example_dags/example_latest_only_with_trigger.py took 0.267 seconds
[2026-05-19T08:25:36.411+0000] {processor.py:161} INFO - Started process (PID=3120) to work on /home/airflow/.local/lib/python3.12/site-packages/airflow/example_dags/example_latest_only_with_trigger.py
[2026-05-19T08:25:36.414+0000] {processor.py:830} INFO - Processing file /home/airflow/.local/lib/python3.12/site-packages/airflow/example_dags/example_latest_only_with_trigger.py for tasks to queue
[2026-05-19T08:25:36.419+0000] {logging_mixin.py:188} INFO - [2026-05-19T08:25:36.418+0000] {dagbag.py:545} INFO - Filling up the DagBag from /home/airflow/.local/lib/python3.12/site-packages/airflow/example_dags/example_latest_only_with_trigger.py
[2026-05-19T08:25:36.437+0000] {processor.py:840} INFO - DAG(s) 'latest_only_with_trigger' retrieved from /home/airflow/.local/lib/python3.12/site-packages/airflow/example_dags/example_latest_only_with_trigger.py
[2026-05-19T08:25:36.505+0000] {logging_mixin.py:188} INFO - [2026-05-19T08:25:36.504+0000] {dag.py:3089} INFO - Sync 1 DAGs
[2026-05-19T08:25:36.593+0000] {logging_mixin.py:188} INFO - [2026-05-19T08:25:36.592+0000] {dag.py:3947} INFO - Setting next_dagrun for latest_only_with_trigger to 2026-05-19 04:00:00+00:00, run_after=2026-05-19 08:00:00+00:00
[2026-05-19T08:25:36.684+0000] {processor.py:183} INFO - Processing /home/airflow/.local/lib/python3.12/site-packages/airflow/example_dags/example_latest_only_with_trigger.py took 0.290 seconds
[2026-05-19T08:26:07.613+0000] {processor.py:161} INFO - Started process (PID=3179) to work on /home/airflow/.local/lib/python3.12/site-packages/airflow/example_dags/example_latest_only_with_trigger.py
[2026-05-19T08:26:07.616+0000] {processor.py:830} INFO - Processing file /home/airflow/.local/lib/python3.12/site-packages/airflow/example_dags/example_latest_only_with_trigger.py for tasks to queue
[2026-05-19T08:26:07.623+0000] {logging_mixin.py:188} INFO - [2026-05-19T08:26:07.622+0000] {dagbag.py:545} INFO - Filling up the DagBag from /home/airflow/.local/lib/python3.12/site-packages/airflow/example_dags/example_latest_only_with_trigger.py
[2026-05-19T08:26:07.638+0000] {processor.py:840} INFO - DAG(s) 'latest_only_with_trigger' retrieved from /home/airflow/.local/lib/python3.12/site-packages/airflow/example_dags/example_latest_only_with_trigger.py
[2026-05-19T08:26:07.698+0000] {logging_mixin.py:188} INFO - [2026-05-19T08:26:07.697+0000] {dag.py:3089} INFO - Sync 1 DAGs
[2026-05-19T08:26:07.747+0000] {logging_mixin.py:188} INFO - [2026-05-19T08:26:07.746+0000] {dag.py:3947} INFO - Setting next_dagrun for latest_only_with_trigger to 2026-05-19 04:00:00+00:00, run_after=2026-05-19 08:00:00+00:00
[2026-05-19T08:26:07.793+0000] {processor.py:183} INFO - Processing /home/airflow/.local/lib/python3.12/site-packages/airflow/example_dags/example_latest_only_with_trigger.py took 0.192 seconds
[2026-05-19T08:26:38.703+0000] {processor.py:161} INFO - Started process (PID=3238) to work on /home/airflow/.local/lib/python3.12/site-packages/airflow/example_dags/example_latest_only_with_trigger.py
[2026-05-19T08:26:38.705+0000] {processor.py:830} INFO - Processing file /home/airflow/.local/lib/python3.12/site-packages/airflow/example_dags/example_latest_only_with_trigger.py for tasks to queue
[2026-05-19T08:26:38.711+0000] {logging_mixin.py:188} INFO - [2026-05-19T08:26:38.710+0000] {dagbag.py:545} INFO - Filling up the DagBag from /home/airflow/.local/lib/python3.12/site-packages/airflow/example_dags/example_latest_only_with_trigger.py
[2026-05-19T08:26:38.726+0000] {processor.py:840} INFO - DAG(s) 'latest_only_with_trigger' retrieved from /home/airflow/.local/lib/python3.12/site-packages/airflow/example_dags/example_latest_only_with_trigger.py
[2026-05-19T08:26:38.816+0000] {logging_mixin.py:188} INFO - [2026-05-19T08:26:38.815+0000] {dag.py:3089} INFO - Sync 1 DAGs
[2026-05-19T08:26:38.926+0000] {logging_mixin.py:188} INFO - [2026-05-19T08:26:38.926+0000] {dag.py:3947} INFO - Setting next_dagrun for latest_only_with_trigger to 2026-05-19 04:00:00+00:00, run_after=2026-05-19 08:00:00+00:00
[2026-05-19T08:26:38.990+0000] {processor.py:183} INFO - Processing /home/airflow/.local/lib/python3.12/site-packages/airflow/example_dags/example_latest_only_with_trigger.py took 0.300 seconds
[2026-05-19T08:27:10.047+0000] {processor.py:161} INFO - Started process (PID=3298) to work on /home/airflow/.local/lib/python3.12/site-packages/airflow/example_dags/example_latest_only_with_trigger.py
[2026-05-19T08:27:10.050+0000] {processor.py:830} INFO - Processing file /home/airflow/.local/lib/python3.12/site-packages/airflow/example_dags/example_latest_only_with_trigger.py for tasks to queue
[2026-05-19T08:27:10.061+0000] {logging_mixin.py:188} INFO - [2026-05-19T08:27:10.056+0000] {dagbag.py:545} INFO - Filling up the DagBag from /home/airflow/.local/lib/python3.12/site-packages/airflow/example_dags/example_latest_only_with_trigger.py
[2026-05-19T08:27:10.082+0000] {processor.py:840} INFO - DAG(s) 'latest_only_with_trigger' retrieved from /home/airflow/.local/lib/python3.12/site-packages/airflow/example_dags/example_latest_only_with_trigger.py
[2026-05-19T08:27:10.156+0000] {logging_mixin.py:188} INFO - [2026-05-19T08:27:10.155+0000] {dag.py:3089} INFO - Sync 1 DAGs
[2026-05-19T08:27:10.213+0000] {logging_mixin.py:188} INFO - [2026-05-19T08:27:10.212+0000] {dag.py:3947} INFO - Setting next_dagrun for latest_only_with_trigger to 2026-05-19 04:00:00+00:00, run_after=2026-05-19 08:00:00+00:00
[2026-05-19T08:27:10.256+0000] {processor.py:183} INFO - Processing /home/airflow/.local/lib/python3.12/site-packages/airflow/example_dags/example_latest_only_with_trigger.py took 0.228 seconds
[2026-05-19T08:27:40.446+0000] {processor.py:161} INFO - Started process (PID=3356) to work on /home/airflow/.local/lib/python3.12/site-packages/airflow/example_dags/example_latest_only_with_trigger.py
[2026-05-19T08:27:40.448+0000] {processor.py:830} INFO - Processing file /home/airflow/.local/lib/python3.12/site-packages/airflow/example_dags/example_latest_only_with_trigger.py for tasks to queue
[2026-05-19T08:27:40.454+0000] {logging_mixin.py:188} INFO - [2026-05-19T08:27:40.453+0000] {dagbag.py:545} INFO - Filling up the DagBag from /home/airflow/.local/lib/python3.12/site-packages/airflow/example_dags/example_latest_only_with_trigger.py
[2026-05-19T08:27:40.468+0000] {processor.py:840} INFO - DAG(s) 'latest_only_with_trigger' retrieved from /home/airflow/.local/lib/python3.12/site-packages/airflow/example_dags/example_latest_only_with_trigger.py
[2026-05-19T08:27:40.522+0000] {logging_mixin.py:188} INFO - [2026-05-19T08:27:40.521+0000] {dag.py:3089} INFO - Sync 1 DAGs
[2026-05-19T08:27:40.604+0000] {logging_mixin.py:188} INFO - [2026-05-19T08:27:40.603+0000] {dag.py:3947} INFO - Setting next_dagrun for latest_only_with_trigger to 2026-05-19 04:00:00+00:00, run_after=2026-05-19 08:00:00+00:00
[2026-05-19T08:27:40.676+0000] {processor.py:183} INFO - Processing /home/airflow/.local/lib/python3.12/site-packages/airflow/example_dags/example_latest_only_with_trigger.py took 0.251 seconds
[2026-05-19T08:28:11.032+0000] {processor.py:161} INFO - Started process (PID=3415) to work on /home/airflow/.local/lib/python3.12/site-packages/airflow/example_dags/example_latest_only_with_trigger.py
[2026-05-19T08:28:11.035+0000] {processor.py:830} INFO - Processing file /home/airflow/.local/lib/python3.12/site-packages/airflow/example_dags/example_latest_only_with_trigger.py for tasks to queue
[2026-05-19T08:28:11.041+0000] {logging_mixin.py:188} INFO - [2026-05-19T08:28:11.040+0000] {dagbag.py:545} INFO - Filling up the DagBag from /home/airflow/.local/lib/python3.12/site-packages/airflow/example_dags/example_latest_only_with_trigger.py
[2026-05-19T08:28:11.060+0000] {processor.py:840} INFO - DAG(s) 'latest_only_with_trigger' retrieved from /home/airflow/.local/lib/python3.12/site-packages/airflow/example_dags/example_latest_only_with_trigger.py
[2026-05-19T08:28:11.145+0000] {logging_mixin.py:188} INFO - [2026-05-19T08:28:11.145+0000] {dag.py:3089} INFO - Sync 1 DAGs
[2026-05-19T08:28:11.279+0000] {logging_mixin.py:188} INFO - [2026-05-19T08:28:11.268+0000] {dag.py:3947} INFO - Setting next_dagrun for latest_only_with_trigger to 2026-05-19 04:00:00+00:00, run_after=2026-05-19 08:00:00+00:00
[2026-05-19T08:28:11.381+0000] {processor.py:183} INFO - Processing /home/airflow/.local/lib/python3.12/site-packages/airflow/example_dags/example_latest_only_with_trigger.py took 0.366 seconds
[2026-05-19T08:28:41.714+0000] {processor.py:161} INFO - Started process (PID=3473) to work on /home/airflow/.local/lib/python3.12/site-packages/airflow/example_dags/example_latest_only_with_trigger.py
[2026-05-19T08:28:41.717+0000] {processor.py:830} INFO - Processing file /home/airflow/.local/lib/python3.12/site-packages/airflow/example_dags/example_latest_only_with_trigger.py for tasks to queue
[2026-05-19T08:28:41.725+0000] {logging_mixin.py:188} INFO - [2026-05-19T08:28:41.724+0000] {dagbag.py:545} INFO - Filling up the DagBag from /home/airflow/.local/lib/python3.12/site-packages/airflow/example_dags/example_latest_only_with_trigger.py
[2026-05-19T08:28:41.767+0000] {processor.py:840} INFO - DAG(s) 'latest_only_with_trigger' retrieved from /home/airflow/.local/lib/python3.12/site-packages/airflow/example_dags/example_latest_only_with_trigger.py
[2026-05-19T08:28:41.869+0000] {logging_mixin.py:188} INFO - [2026-05-19T08:28:41.868+0000] {dag.py:3089} INFO - Sync 1 DAGs
[2026-05-19T08:28:42.050+0000] {logging_mixin.py:188} INFO - [2026-05-19T08:28:42.050+0000] {dag.py:3947} INFO - Setting next_dagrun for latest_only_with_trigger to 2026-05-19 04:00:00+00:00, run_after=2026-05-19 08:00:00+00:00
[2026-05-19T08:28:42.148+0000] {processor.py:183} INFO - Processing /home/airflow/.local/lib/python3.12/site-packages/airflow/example_dags/example_latest_only_with_trigger.py took 0.465 seconds
[2026-05-19T08:29:12.514+0000] {processor.py:161} INFO - Started process (PID=3531) to work on /home/airflow/.local/lib/python3.12/site-packages/airflow/example_dags/example_latest_only_with_trigger.py
[2026-05-19T08:29:12.516+0000] {processor.py:830} INFO - Processing file /home/airflow/.local/lib/python3.12/site-packages/airflow/example_dags/example_latest_only_with_trigger.py for tasks to queue
[2026-05-19T08:29:12.520+0000] {logging_mixin.py:188} INFO - [2026-05-19T08:29:12.520+0000] {dagbag.py:545} INFO - Filling up the DagBag from /home/airflow/.local/lib/python3.12/site-packages/airflow/example_dags/example_latest_only_with_trigger.py
[2026-05-19T08:29:12.530+0000] {processor.py:840} INFO - DAG(s) 'latest_only_with_trigger' retrieved from /home/airflow/.local/lib/python3.12/site-packages/airflow/example_dags/example_latest_only_with_trigger.py
[2026-05-19T08:29:12.573+0000] {logging_mixin.py:188} INFO - [2026-05-19T08:29:12.572+0000] {dag.py:3089} INFO - Sync 1 DAGs
[2026-05-19T08:29:12.622+0000] {logging_mixin.py:188} INFO - [2026-05-19T08:29:12.622+0000] {dag.py:3947} INFO - Setting next_dagrun for latest_only_with_trigger to 2026-05-19 04:00:00+00:00, run_after=2026-05-19 08:00:00+00:00
[2026-05-19T08:29:12.660+0000] {processor.py:183} INFO - Processing /home/airflow/.local/lib/python3.12/site-packages/airflow/example_dags/example_latest_only_with_trigger.py took 0.158 seconds
[2026-05-19T08:29:42.891+0000] {processor.py:161} INFO - Started process (PID=3590) to work on /home/airflow/.local/lib/python3.12/site-packages/airflow/example_dags/example_latest_only_with_trigger.py
[2026-05-19T08:29:42.895+0000] {processor.py:830} INFO - Processing file /home/airflow/.local/lib/python3.12/site-packages/airflow/example_dags/example_latest_only_with_trigger.py for tasks to queue
[2026-05-19T08:29:42.906+0000] {logging_mixin.py:188} INFO - [2026-05-19T08:29:42.904+0000] {dagbag.py:545} INFO - Filling up the DagBag from /home/airflow/.local/lib/python3.12/site-packages/airflow/example_dags/example_latest_only_with_trigger.py
[2026-05-19T08:29:42.918+0000] {processor.py:840} INFO - DAG(s) 'latest_only_with_trigger' retrieved from /home/airflow/.local/lib/python3.12/site-packages/airflow/example_dags/example_latest_only_with_trigger.py
[2026-05-19T08:29:42.976+0000] {logging_mixin.py:188} INFO - [2026-05-19T08:29:42.975+0000] {dag.py:3089} INFO - Sync 1 DAGs
[2026-05-19T08:29:43.028+0000] {logging_mixin.py:188} INFO - [2026-05-19T08:29:43.027+0000] {dag.py:3947} INFO - Setting next_dagrun for latest_only_with_trigger to 2026-05-19 04:00:00+00:00, run_after=2026-05-19 08:00:00+00:00
[2026-05-19T08:29:43.079+0000] {processor.py:183} INFO - Processing /home/airflow/.local/lib/python3.12/site-packages/airflow/example_dags/example_latest_only_with_trigger.py took 0.205 seconds
[2026-05-19T08:30:13.245+0000] {processor.py:161} INFO - Started process (PID=3649) to work on /home/airflow/.local/lib/python3.12/site-packages/airflow/example_dags/example_latest_only_with_trigger.py
[2026-05-19T08:30:13.248+0000] {processor.py:830} INFO - Processing file /home/airflow/.local/lib/python3.12/site-packages/airflow/example_dags/example_latest_only_with_trigger.py for tasks to queue
[2026-05-19T08:30:13.254+0000] {logging_mixin.py:188} INFO - [2026-05-19T08:30:13.253+0000] {dagbag.py:545} INFO - Filling up the DagBag from /home/airflow/.local/lib/python3.12/site-packages/airflow/example_dags/example_latest_only_with_trigger.py
[2026-05-19T08:30:13.267+0000] {processor.py:840} INFO - DAG(s) 'latest_only_with_trigger' retrieved from /home/airflow/.local/lib/python3.12/site-packages/airflow/example_dags/example_latest_only_with_trigger.py
[2026-05-19T08:30:13.336+0000] {logging_mixin.py:188} INFO - [2026-05-19T08:30:13.335+0000] {dag.py:3089} INFO - Sync 1 DAGs
[2026-05-19T08:30:13.397+0000] {logging_mixin.py:188} INFO - [2026-05-19T08:30:13.396+0000] {dag.py:3947} INFO - Setting next_dagrun for latest_only_with_trigger to 2026-05-19 04:00:00+00:00, run_after=2026-05-19 08:00:00+00:00
[2026-05-19T08:30:13.454+0000] {processor.py:183} INFO - Processing /home/airflow/.local/lib/python3.12/site-packages/airflow/example_dags/example_latest_only_with_trigger.py took 0.222 seconds
[2026-05-19T08:30:44.341+0000] {processor.py:161} INFO - Started process (PID=3709) to work on /home/airflow/.local/lib/python3.12/site-packages/airflow/example_dags/example_latest_only_with_trigger.py
[2026-05-19T08:30:44.343+0000] {processor.py:830} INFO - Processing file /home/airflow/.local/lib/python3.12/site-packages/airflow/example_dags/example_latest_only_with_trigger.py for tasks to queue
[2026-05-19T08:30:44.347+0000] {logging_mixin.py:188} INFO - [2026-05-19T08:30:44.346+0000] {dagbag.py:545} INFO - Filling up the DagBag from /home/airflow/.local/lib/python3.12/site-packages/airflow/example_dags/example_latest_only_with_trigger.py
[2026-05-19T08:30:44.366+0000] {processor.py:840} INFO - DAG(s) 'latest_only_with_trigger' retrieved from /home/airflow/.local/lib/python3.12/site-packages/airflow/example_dags/example_latest_only_with_trigger.py
[2026-05-19T08:30:44.410+0000] {logging_mixin.py:188} INFO - [2026-05-19T08:30:44.409+0000] {dag.py:3089} INFO - Sync 1 DAGs
[2026-05-19T08:30:44.456+0000] {logging_mixin.py:188} INFO - [2026-05-19T08:30:44.456+0000] {dag.py:3947} INFO - Setting next_dagrun for latest_only_with_trigger to 2026-05-19 04:00:00+00:00, run_after=2026-05-19 08:00:00+00:00
[2026-05-19T08:30:44.490+0000] {processor.py:183} INFO - Processing /home/airflow/.local/lib/python3.12/site-packages/airflow/example_dags/example_latest_only_with_trigger.py took 0.160 seconds
[2026-05-19T08:31:15.008+0000] {processor.py:161} INFO - Started process (PID=3768) to work on /home/airflow/.local/lib/python3.12/site-packages/airflow/example_dags/example_latest_only_with_trigger.py
[2026-05-19T08:31:15.010+0000] {processor.py:830} INFO - Processing file /home/airflow/.local/lib/python3.12/site-packages/airflow/example_dags/example_latest_only_with_trigger.py for tasks to queue
[2026-05-19T08:31:15.013+0000] {logging_mixin.py:188} INFO - [2026-05-19T08:31:15.013+0000] {dagbag.py:545} INFO - Filling up the DagBag from /home/airflow/.local/lib/python3.12/site-packages/airflow/example_dags/example_latest_only_with_trigger.py
[2026-05-19T08:31:15.023+0000] {processor.py:840} INFO - DAG(s) 'latest_only_with_trigger' retrieved from /home/airflow/.local/lib/python3.12/site-packages/airflow/example_dags/example_latest_only_with_trigger.py
[2026-05-19T08:31:15.066+0000] {logging_mixin.py:188} INFO - [2026-05-19T08:31:15.066+0000] {dag.py:3089} INFO - Sync 1 DAGs
[2026-05-19T08:31:15.104+0000] {logging_mixin.py:188} INFO - [2026-05-19T08:31:15.104+0000] {dag.py:3947} INFO - Setting next_dagrun for latest_only_with_trigger to 2026-05-19 04:00:00+00:00, run_after=2026-05-19 08:00:00+00:00
[2026-05-19T08:31:15.137+0000] {processor.py:183} INFO - Processing /home/airflow/.local/lib/python3.12/site-packages/airflow/example_dags/example_latest_only_with_trigger.py took 0.138 seconds
[2026-05-19T08:31:45.790+0000] {processor.py:161} INFO - Started process (PID=3828) to work on /home/airflow/.local/lib/python3.12/site-packages/airflow/example_dags/example_latest_only_with_trigger.py
[2026-05-19T08:31:45.792+0000] {processor.py:830} INFO - Processing file /home/airflow/.local/lib/python3.12/site-packages/airflow/example_dags/example_latest_only_with_trigger.py for tasks to queue
[2026-05-19T08:31:45.797+0000] {logging_mixin.py:188} INFO - [2026-05-19T08:31:45.796+0000] {dagbag.py:545} INFO - Filling up the DagBag from /home/airflow/.local/lib/python3.12/site-packages/airflow/example_dags/example_latest_only_with_trigger.py
[2026-05-19T08:31:45.813+0000] {processor.py:840} INFO - DAG(s) 'latest_only_with_trigger' retrieved from /home/airflow/.local/lib/python3.12/site-packages/airflow/example_dags/example_latest_only_with_trigger.py
[2026-05-19T08:31:45.868+0000] {logging_mixin.py:188} INFO - [2026-05-19T08:31:45.867+0000] {dag.py:3089} INFO - Sync 1 DAGs
[2026-05-19T08:31:45.921+0000] {logging_mixin.py:188} INFO - [2026-05-19T08:31:45.920+0000] {dag.py:3947} INFO - Setting next_dagrun for latest_only_with_trigger to 2026-05-19 04:00:00+00:00, run_after=2026-05-19 08:00:00+00:00
[2026-05-19T08:31:45.970+0000] {processor.py:183} INFO - Processing /home/airflow/.local/lib/python3.12/site-packages/airflow/example_dags/example_latest_only_with_trigger.py took 0.200 seconds
[2026-05-19T08:32:16.143+0000] {processor.py:161} INFO - Started process (PID=3887) to work on /home/airflow/.local/lib/python3.12/site-packages/airflow/example_dags/example_latest_only_with_trigger.py
[2026-05-19T08:32:16.145+0000] {processor.py:830} INFO - Processing file /home/airflow/.local/lib/python3.12/site-packages/airflow/example_dags/example_latest_only_with_trigger.py for tasks to queue
[2026-05-19T08:32:16.151+0000] {logging_mixin.py:188} INFO - [2026-05-19T08:32:16.149+0000] {dagbag.py:545} INFO - Filling up the DagBag from /home/airflow/.local/lib/python3.12/site-packages/airflow/example_dags/example_latest_only_with_trigger.py
[2026-05-19T08:32:16.163+0000] {processor.py:840} INFO - DAG(s) 'latest_only_with_trigger' retrieved from /home/airflow/.local/lib/python3.12/site-packages/airflow/example_dags/example_latest_only_with_trigger.py
[2026-05-19T08:32:16.213+0000] {logging_mixin.py:188} INFO - [2026-05-19T08:32:16.213+0000] {dag.py:3089} INFO - Sync 1 DAGs
[2026-05-19T08:32:16.256+0000] {logging_mixin.py:188} INFO - [2026-05-19T08:32:16.255+0000] {dag.py:3947} INFO - Setting next_dagrun for latest_only_with_trigger to 2026-05-19 04:00:00+00:00, run_after=2026-05-19 08:00:00+00:00
[2026-05-19T08:32:16.290+0000] {processor.py:183} INFO - Processing /home/airflow/.local/lib/python3.12/site-packages/airflow/example_dags/example_latest_only_with_trigger.py took 0.162 seconds
[2026-05-19T08:32:47.220+0000] {processor.py:161} INFO - Started process (PID=3946) to work on /home/airflow/.local/lib/python3.12/site-packages/airflow/example_dags/example_latest_only_with_trigger.py
[2026-05-19T08:32:47.222+0000] {processor.py:830} INFO - Processing file /home/airflow/.local/lib/python3.12/site-packages/airflow/example_dags/example_latest_only_with_trigger.py for tasks to queue
[2026-05-19T08:32:47.227+0000] {logging_mixin.py:188} INFO - [2026-05-19T08:32:47.226+0000] {dagbag.py:545} INFO - Filling up the DagBag from /home/airflow/.local/lib/python3.12/site-packages/airflow/example_dags/example_latest_only_with_trigger.py
[2026-05-19T08:32:47.246+0000] {processor.py:840} INFO - DAG(s) 'latest_only_with_trigger' retrieved from /home/airflow/.local/lib/python3.12/site-packages/airflow/example_dags/example_latest_only_with_trigger.py
[2026-05-19T08:32:47.296+0000] {logging_mixin.py:188} INFO - [2026-05-19T08:32:47.296+0000] {dag.py:3089} INFO - Sync 1 DAGs
[2026-05-19T08:32:47.342+0000] {logging_mixin.py:188} INFO - [2026-05-19T08:32:47.342+0000] {dag.py:3947} INFO - Setting next_dagrun for latest_only_with_trigger to 2026-05-19 04:00:00+00:00, run_after=2026-05-19 08:00:00+00:00
[2026-05-19T08:32:47.380+0000] {processor.py:183} INFO - Processing /home/airflow/.local/lib/python3.12/site-packages/airflow/example_dags/example_latest_only_with_trigger.py took 0.181 seconds
[2026-05-19T08:33:18.013+0000] {processor.py:161} INFO - Started process (PID=4005) to work on /home/airflow/.local/lib/python3.12/site-packages/airflow/example_dags/example_latest_only_with_trigger.py
[2026-05-19T08:33:18.016+0000] {processor.py:830} INFO - Processing file /home/airflow/.local/lib/python3.12/site-packages/airflow/example_dags/example_latest_only_with_trigger.py for tasks to queue
[2026-05-19T08:33:18.021+0000] {logging_mixin.py:188} INFO - [2026-05-19T08:33:18.020+0000] {dagbag.py:545} INFO - Filling up the DagBag from /home/airflow/.local/lib/python3.12/site-packages/airflow/example_dags/example_latest_only_with_trigger.py
[2026-05-19T08:33:18.038+0000] {processor.py:840} INFO - DAG(s) 'latest_only_with_trigger' retrieved from /home/airflow/.local/lib/python3.12/site-packages/airflow/example_dags/example_latest_only_with_trigger.py
[2026-05-19T08:33:18.077+0000] {logging_mixin.py:188} INFO - [2026-05-19T08:33:18.077+0000] {dag.py:3089} INFO - Sync 1 DAGs
[2026-05-19T08:33:18.121+0000] {logging_mixin.py:188} INFO - [2026-05-19T08:33:18.121+0000] {dag.py:3947} INFO - Setting next_dagrun for latest_only_with_trigger to 2026-05-19 04:00:00+00:00, run_after=2026-05-19 08:00:00+00:00
[2026-05-19T08:33:18.158+0000] {processor.py:183} INFO - Processing /home/airflow/.local/lib/python3.12/site-packages/airflow/example_dags/example_latest_only_with_trigger.py took 0.162 seconds
[2026-05-19T08:33:49.092+0000] {processor.py:161} INFO - Started process (PID=4064) to work on /home/airflow/.local/lib/python3.12/site-packages/airflow/example_dags/example_latest_only_with_trigger.py
[2026-05-19T08:33:49.095+0000] {processor.py:830} INFO - Processing file /home/airflow/.local/lib/python3.12/site-packages/airflow/example_dags/example_latest_only_with_trigger.py for tasks to queue
[2026-05-19T08:33:49.102+0000] {logging_mixin.py:188} INFO - [2026-05-19T08:33:49.101+0000] {dagbag.py:545} INFO - Filling up the DagBag from /home/airflow/.local/lib/python3.12/site-packages/airflow/example_dags/example_latest_only_with_trigger.py
[2026-05-19T08:33:49.119+0000] {processor.py:840} INFO - DAG(s) 'latest_only_with_trigger' retrieved from /home/airflow/.local/lib/python3.12/site-packages/airflow/example_dags/example_latest_only_with_trigger.py
[2026-05-19T08:33:49.175+0000] {logging_mixin.py:188} INFO - [2026-05-19T08:33:49.175+0000] {dag.py:3089} INFO - Sync 1 DAGs
[2026-05-19T08:33:49.240+0000] {logging_mixin.py:188} INFO - [2026-05-19T08:33:49.239+0000] {dag.py:3947} INFO - Setting next_dagrun for latest_only_with_trigger to 2026-05-19 04:00:00+00:00, run_after=2026-05-19 08:00:00+00:00
[2026-05-19T08:33:49.278+0000] {processor.py:183} INFO - Processing /home/airflow/.local/lib/python3.12/site-packages/airflow/example_dags/example_latest_only_with_trigger.py took 0.208 seconds
[2026-05-19T08:34:20.022+0000] {processor.py:161} INFO - Started process (PID=4122) to work on /home/airflow/.local/lib/python3.12/site-packages/airflow/example_dags/example_latest_only_with_trigger.py
[2026-05-19T08:34:20.024+0000] {processor.py:830} INFO - Processing file /home/airflow/.local/lib/python3.12/site-packages/airflow/example_dags/example_latest_only_with_trigger.py for tasks to queue
[2026-05-19T08:34:20.032+0000] {logging_mixin.py:188} INFO - [2026-05-19T08:34:20.031+0000] {dagbag.py:545} INFO - Filling up the DagBag from /home/airflow/.local/lib/python3.12/site-packages/airflow/example_dags/example_latest_only_with_trigger.py
[2026-05-19T08:34:20.042+0000] {processor.py:840} INFO - DAG(s) 'latest_only_with_trigger' retrieved from /home/airflow/.local/lib/python3.12/site-packages/airflow/example_dags/example_latest_only_with_trigger.py
[2026-05-19T08:34:20.081+0000] {logging_mixin.py:188} INFO - [2026-05-19T08:34:20.080+0000] {dag.py:3089} INFO - Sync 1 DAGs
[2026-05-19T08:34:20.129+0000] {logging_mixin.py:188} INFO - [2026-05-19T08:34:20.129+0000] {dag.py:3947} INFO - Setting next_dagrun for latest_only_with_trigger to 2026-05-19 04:00:00+00:00, run_after=2026-05-19 08:00:00+00:00
[2026-05-19T08:34:20.159+0000] {processor.py:183} INFO - Processing /home/airflow/.local/lib/python3.12/site-packages/airflow/example_dags/example_latest_only_with_trigger.py took 0.150 seconds
[2026-05-19T08:34:50.450+0000] {processor.py:161} INFO - Started process (PID=4180) to work on /home/airflow/.local/lib/python3.12/site-packages/airflow/example_dags/example_latest_only_with_trigger.py
[2026-05-19T08:34:50.452+0000] {processor.py:830} INFO - Processing file /home/airflow/.local/lib/python3.12/site-packages/airflow/example_dags/example_latest_only_with_trigger.py for tasks to queue
[2026-05-19T08:34:50.457+0000] {logging_mixin.py:188} INFO - [2026-05-19T08:34:50.456+0000] {dagbag.py:545} INFO - Filling up the DagBag from /home/airflow/.local/lib/python3.12/site-packages/airflow/example_dags/example_latest_only_with_trigger.py
[2026-05-19T08:34:50.472+0000] {processor.py:840} INFO - DAG(s) 'latest_only_with_trigger' retrieved from /home/airflow/.local/lib/python3.12/site-packages/airflow/example_dags/example_latest_only_with_trigger.py
[2026-05-19T08:34:50.527+0000] {logging_mixin.py:188} INFO - [2026-05-19T08:34:50.527+0000] {dag.py:3089} INFO - Sync 1 DAGs
[2026-05-19T08:34:50.576+0000] {logging_mixin.py:188} INFO - [2026-05-19T08:34:50.575+0000] {dag.py:3947} INFO - Setting next_dagrun for latest_only_with_trigger to 2026-05-19 04:00:00+00:00, run_after=2026-05-19 08:00:00+00:00
[2026-05-19T08:34:50.620+0000] {processor.py:183} INFO - Processing /home/airflow/.local/lib/python3.12/site-packages/airflow/example_dags/example_latest_only_with_trigger.py took 0.184 seconds
[2026-05-19T08:35:21.392+0000] {processor.py:161} INFO - Started process (PID=4239) to work on /home/airflow/.local/lib/python3.12/site-packages/airflow/example_dags/example_latest_only_with_trigger.py
[2026-05-19T08:35:21.395+0000] {processor.py:830} INFO - Processing file /home/airflow/.local/lib/python3.12/site-packages/airflow/example_dags/example_latest_only_with_trigger.py for tasks to queue
[2026-05-19T08:35:21.399+0000] {logging_mixin.py:188} INFO - [2026-05-19T08:35:21.398+0000] {dagbag.py:545} INFO - Filling up the DagBag from /home/airflow/.local/lib/python3.12/site-packages/airflow/example_dags/example_latest_only_with_trigger.py
[2026-05-19T08:35:21.411+0000] {processor.py:840} INFO - DAG(s) 'latest_only_with_trigger' retrieved from /home/airflow/.local/lib/python3.12/site-packages/airflow/example_dags/example_latest_only_with_trigger.py
[2026-05-19T08:35:21.458+0000] {logging_mixin.py:188} INFO - [2026-05-19T08:35:21.457+0000] {dag.py:3089} INFO - Sync 1 DAGs
[2026-05-19T08:35:21.502+0000] {logging_mixin.py:188} INFO - [2026-05-19T08:35:21.501+0000] {dag.py:3947} INFO - Setting next_dagrun for latest_only_with_trigger to 2026-05-19 04:00:00+00:00, run_after=2026-05-19 08:00:00+00:00
[2026-05-19T08:35:21.568+0000] {processor.py:183} INFO - Processing /home/airflow/.local/lib/python3.12/site-packages/airflow/example_dags/example_latest_only_with_trigger.py took 0.187 seconds
[2026-05-19T08:35:51.707+0000] {processor.py:161} INFO - Started process (PID=4298) to work on /home/airflow/.local/lib/python3.12/site-packages/airflow/example_dags/example_latest_only_with_trigger.py
[2026-05-19T08:35:51.709+0000] {processor.py:830} INFO - Processing file /home/airflow/.local/lib/python3.12/site-packages/airflow/example_dags/example_latest_only_with_trigger.py for tasks to queue
[2026-05-19T08:35:51.714+0000] {logging_mixin.py:188} INFO - [2026-05-19T08:35:51.713+0000] {dagbag.py:545} INFO - Filling up the DagBag from /home/airflow/.local/lib/python3.12/site-packages/airflow/example_dags/example_latest_only_with_trigger.py
[2026-05-19T08:35:51.731+0000] {processor.py:840} INFO - DAG(s) 'latest_only_with_trigger' retrieved from /home/airflow/.local/lib/python3.12/site-packages/airflow/example_dags/example_latest_only_with_trigger.py
[2026-05-19T08:35:51.792+0000] {logging_mixin.py:188} INFO - [2026-05-19T08:35:51.791+0000] {dag.py:3089} INFO - Sync 1 DAGs
[2026-05-19T08:35:51.841+0000] {logging_mixin.py:188} INFO - [2026-05-19T08:35:51.841+0000] {dag.py:3947} INFO - Setting next_dagrun for latest_only_with_trigger to 2026-05-19 04:00:00+00:00, run_after=2026-05-19 08:00:00+00:00
[2026-05-19T08:35:51.879+0000] {processor.py:183} INFO - Processing /home/airflow/.local/lib/python3.12/site-packages/airflow/example_dags/example_latest_only_with_trigger.py took 0.184 seconds
[2026-05-19T08:36:22.933+0000] {processor.py:161} INFO - Started process (PID=4357) to work on /home/airflow/.local/lib/python3.12/site-packages/airflow/example_dags/example_latest_only_with_trigger.py
[2026-05-19T08:36:22.937+0000] {processor.py:830} INFO - Processing file /home/airflow/.local/lib/python3.12/site-packages/airflow/example_dags/example_latest_only_with_trigger.py for tasks to queue
[2026-05-19T08:36:22.944+0000] {logging_mixin.py:188} INFO - [2026-05-19T08:36:22.942+0000] {dagbag.py:545} INFO - Filling up the DagBag from /home/airflow/.local/lib/python3.12/site-packages/airflow/example_dags/example_latest_only_with_trigger.py
[2026-05-19T08:36:22.962+0000] {processor.py:840} INFO - DAG(s) 'latest_only_with_trigger' retrieved from /home/airflow/.local/lib/python3.12/site-packages/airflow/example_dags/example_latest_only_with_trigger.py
[2026-05-19T08:36:23.026+0000] {logging_mixin.py:188} INFO - [2026-05-19T08:36:23.025+0000] {dag.py:3089} INFO - Sync 1 DAGs
[2026-05-19T08:36:23.098+0000] {logging_mixin.py:188} INFO - [2026-05-19T08:36:23.097+0000] {dag.py:3947} INFO - Setting next_dagrun for latest_only_with_trigger to 2026-05-19 04:00:00+00:00, run_after=2026-05-19 08:00:00+00:00
[2026-05-19T08:36:23.184+0000] {processor.py:183} INFO - Processing /home/airflow/.local/lib/python3.12/site-packages/airflow/example_dags/example_latest_only_with_trigger.py took 0.296 seconds
[2026-05-19T08:36:53.837+0000] {processor.py:161} INFO - Started process (PID=4416) to work on /home/airflow/.local/lib/python3.12/site-packages/airflow/example_dags/example_latest_only_with_trigger.py
[2026-05-19T08:36:53.840+0000] {processor.py:830} INFO - Processing file /home/airflow/.local/lib/python3.12/site-packages/airflow/example_dags/example_latest_only_with_trigger.py for tasks to queue
[2026-05-19T08:36:53.846+0000] {logging_mixin.py:188} INFO - [2026-05-19T08:36:53.845+0000] {dagbag.py:545} INFO - Filling up the DagBag from /home/airflow/.local/lib/python3.12/site-packages/airflow/example_dags/example_latest_only_with_trigger.py
[2026-05-19T08:36:53.866+0000] {processor.py:840} INFO - DAG(s) 'latest_only_with_trigger' retrieved from /home/airflow/.local/lib/python3.12/site-packages/airflow/example_dags/example_latest_only_with_trigger.py
[2026-05-19T08:36:53.939+0000] {logging_mixin.py:188} INFO - [2026-05-19T08:36:53.938+0000] {dag.py:3089} INFO - Sync 1 DAGs
[2026-05-19T08:36:54.049+0000] {logging_mixin.py:188} INFO - [2026-05-19T08:36:54.048+0000] {dag.py:3947} INFO - Setting next_dagrun for latest_only_with_trigger to 2026-05-19 04:00:00+00:00, run_after=2026-05-19 08:00:00+00:00
[2026-05-19T08:36:54.113+0000] {processor.py:183} INFO - Processing /home/airflow/.local/lib/python3.12/site-packages/airflow/example_dags/example_latest_only_with_trigger.py took 0.294 seconds
[2026-05-19T08:37:24.478+0000] {processor.py:161} INFO - Started process (PID=4475) to work on /home/airflow/.local/lib/python3.12/site-packages/airflow/example_dags/example_latest_only_with_trigger.py
[2026-05-19T08:37:24.482+0000] {processor.py:830} INFO - Processing file /home/airflow/.local/lib/python3.12/site-packages/airflow/example_dags/example_latest_only_with_trigger.py for tasks to queue
[2026-05-19T08:37:24.488+0000] {logging_mixin.py:188} INFO - [2026-05-19T08:37:24.487+0000] {dagbag.py:545} INFO - Filling up the DagBag from /home/airflow/.local/lib/python3.12/site-packages/airflow/example_dags/example_latest_only_with_trigger.py
[2026-05-19T08:37:24.506+0000] {processor.py:840} INFO - DAG(s) 'latest_only_with_trigger' retrieved from /home/airflow/.local/lib/python3.12/site-packages/airflow/example_dags/example_latest_only_with_trigger.py
[2026-05-19T08:37:24.581+0000] {logging_mixin.py:188} INFO - [2026-05-19T08:37:24.578+0000] {dag.py:3089} INFO - Sync 1 DAGs
[2026-05-19T08:37:24.720+0000] {logging_mixin.py:188} INFO - [2026-05-19T08:37:24.719+0000] {dag.py:3947} INFO - Setting next_dagrun for latest_only_with_trigger to 2026-05-19 04:00:00+00:00, run_after=2026-05-19 08:00:00+00:00
[2026-05-19T08:37:24.791+0000] {processor.py:183} INFO - Processing /home/airflow/.local/lib/python3.12/site-packages/airflow/example_dags/example_latest_only_with_trigger.py took 0.338 seconds
[2026-05-19T08:37:55.221+0000] {processor.py:161} INFO - Started process (PID=4534) to work on /home/airflow/.local/lib/python3.12/site-packages/airflow/example_dags/example_latest_only_with_trigger.py
[2026-05-19T08:37:55.231+0000] {processor.py:830} INFO - Processing file /home/airflow/.local/lib/python3.12/site-packages/airflow/example_dags/example_latest_only_with_trigger.py for tasks to queue
[2026-05-19T08:37:55.239+0000] {logging_mixin.py:188} INFO - [2026-05-19T08:37:55.238+0000] {dagbag.py:545} INFO - Filling up the DagBag from /home/airflow/.local/lib/python3.12/site-packages/airflow/example_dags/example_latest_only_with_trigger.py
[2026-05-19T08:37:55.308+0000] {processor.py:840} INFO - DAG(s) 'latest_only_with_trigger' retrieved from /home/airflow/.local/lib/python3.12/site-packages/airflow/example_dags/example_latest_only_with_trigger.py
[2026-05-19T08:37:55.556+0000] {logging_mixin.py:188} INFO - [2026-05-19T08:37:55.554+0000] {dag.py:3089} INFO - Sync 1 DAGs
[2026-05-19T08:37:55.726+0000] {logging_mixin.py:188} INFO - [2026-05-19T08:37:55.725+0000] {dag.py:3947} INFO - Setting next_dagrun for latest_only_with_trigger to 2026-05-19 04:00:00+00:00, run_after=2026-05-19 08:00:00+00:00
[2026-05-19T08:37:55.813+0000] {processor.py:183} INFO - Processing /home/airflow/.local/lib/python3.12/site-packages/airflow/example_dags/example_latest_only_with_trigger.py took 0.630 seconds
[2026-05-19T08:38:27.398+0000] {processor.py:161} INFO - Started process (PID=4599) to work on /home/airflow/.local/lib/python3.12/site-packages/airflow/example_dags/example_latest_only_with_trigger.py
[2026-05-19T08:38:27.404+0000] {processor.py:830} INFO - Processing file /home/airflow/.local/lib/python3.12/site-packages/airflow/example_dags/example_latest_only_with_trigger.py for tasks to queue
[2026-05-19T08:38:27.462+0000] {logging_mixin.py:188} INFO - [2026-05-19T08:38:27.456+0000] {dagbag.py:545} INFO - Filling up the DagBag from /home/airflow/.local/lib/python3.12/site-packages/airflow/example_dags/example_latest_only_with_trigger.py
[2026-05-19T08:38:27.625+0000] {processor.py:840} INFO - DAG(s) 'latest_only_with_trigger' retrieved from /home/airflow/.local/lib/python3.12/site-packages/airflow/example_dags/example_latest_only_with_trigger.py
[2026-05-19T08:38:28.155+0000] {logging_mixin.py:188} INFO - [2026-05-19T08:38:28.154+0000] {dag.py:3089} INFO - Sync 1 DAGs
[2026-05-19T08:38:28.454+0000] {logging_mixin.py:188} INFO - [2026-05-19T08:38:28.453+0000] {dag.py:3947} INFO - Setting next_dagrun for latest_only_with_trigger to 2026-05-19 04:00:00+00:00, run_after=2026-05-19 08:00:00+00:00
[2026-05-19T08:38:28.585+0000] {processor.py:183} INFO - Processing /home/airflow/.local/lib/python3.12/site-packages/airflow/example_dags/example_latest_only_with_trigger.py took 1.300 seconds
[2026-05-19T08:38:58.862+0000] {processor.py:161} INFO - Started process (PID=4658) to work on /home/airflow/.local/lib/python3.12/site-packages/airflow/example_dags/example_latest_only_with_trigger.py
[2026-05-19T08:38:58.864+0000] {processor.py:830} INFO - Processing file /home/airflow/.local/lib/python3.12/site-packages/airflow/example_dags/example_latest_only_with_trigger.py for tasks to queue
[2026-05-19T08:38:58.871+0000] {logging_mixin.py:188} INFO - [2026-05-19T08:38:58.869+0000] {dagbag.py:545} INFO - Filling up the DagBag from /home/airflow/.local/lib/python3.12/site-packages/airflow/example_dags/example_latest_only_with_trigger.py
[2026-05-19T08:38:58.893+0000] {processor.py:840} INFO - DAG(s) 'latest_only_with_trigger' retrieved from /home/airflow/.local/lib/python3.12/site-packages/airflow/example_dags/example_latest_only_with_trigger.py
[2026-05-19T08:38:58.993+0000] {logging_mixin.py:188} INFO - [2026-05-19T08:38:58.992+0000] {dag.py:3089} INFO - Sync 1 DAGs
[2026-05-19T08:38:59.092+0000] {logging_mixin.py:188} INFO - [2026-05-19T08:38:59.091+0000] {dag.py:3947} INFO - Setting next_dagrun for latest_only_with_trigger to 2026-05-19 04:00:00+00:00, run_after=2026-05-19 08:00:00+00:00
[2026-05-19T08:38:59.168+0000] {processor.py:183} INFO - Processing /home/airflow/.local/lib/python3.12/site-packages/airflow/example_dags/example_latest_only_with_trigger.py took 0.332 seconds
[2026-05-19T08:39:29.731+0000] {processor.py:161} INFO - Started process (PID=4717) to work on /home/airflow/.local/lib/python3.12/site-packages/airflow/example_dags/example_latest_only_with_trigger.py
[2026-05-19T08:39:29.734+0000] {processor.py:830} INFO - Processing file /home/airflow/.local/lib/python3.12/site-packages/airflow/example_dags/example_latest_only_with_trigger.py for tasks to queue
[2026-05-19T08:39:29.746+0000] {logging_mixin.py:188} INFO - [2026-05-19T08:39:29.745+0000] {dagbag.py:545} INFO - Filling up the DagBag from /home/airflow/.local/lib/python3.12/site-packages/airflow/example_dags/example_latest_only_with_trigger.py
[2026-05-19T08:39:29.762+0000] {processor.py:840} INFO - DAG(s) 'latest_only_with_trigger' retrieved from /home/airflow/.local/lib/python3.12/site-packages/airflow/example_dags/example_latest_only_with_trigger.py
[2026-05-19T08:39:29.824+0000] {logging_mixin.py:188} INFO - [2026-05-19T08:39:29.823+0000] {dag.py:3089} INFO - Sync 1 DAGs
[2026-05-19T08:39:29.888+0000] {logging_mixin.py:188} INFO - [2026-05-19T08:39:29.887+0000] {dag.py:3947} INFO - Setting next_dagrun for latest_only_with_trigger to 2026-05-19 04:00:00+00:00, run_after=2026-05-19 08:00:00+00:00
[2026-05-19T08:39:29.961+0000] {processor.py:183} INFO - Processing /home/airflow/.local/lib/python3.12/site-packages/airflow/example_dags/example_latest_only_with_trigger.py took 0.247 seconds
[2026-05-19T08:40:02.890+0000] {processor.py:161} INFO - Started process (PID=4777) to work on /home/airflow/.local/lib/python3.12/site-packages/airflow/example_dags/example_latest_only_with_trigger.py
[2026-05-19T08:40:02.896+0000] {processor.py:830} INFO - Processing file /home/airflow/.local/lib/python3.12/site-packages/airflow/example_dags/example_latest_only_with_trigger.py for tasks to queue
[2026-05-19T08:40:02.907+0000] {logging_mixin.py:188} INFO - [2026-05-19T08:40:02.905+0000] {dagbag.py:545} INFO - Filling up the DagBag from /home/airflow/.local/lib/python3.12/site-packages/airflow/example_dags/example_latest_only_with_trigger.py
[2026-05-19T08:40:02.973+0000] {processor.py:840} INFO - DAG(s) 'latest_only_with_trigger' retrieved from /home/airflow/.local/lib/python3.12/site-packages/airflow/example_dags/example_latest_only_with_trigger.py
[2026-05-19T08:40:03.108+0000] {logging_mixin.py:188} INFO - [2026-05-19T08:40:03.107+0000] {dag.py:3089} INFO - Sync 1 DAGs
[2026-05-19T08:40:03.242+0000] {logging_mixin.py:188} INFO - [2026-05-19T08:40:03.241+0000] {dag.py:3947} INFO - Setting next_dagrun for latest_only_with_trigger to 2026-05-19 04:00:00+00:00, run_after=2026-05-19 08:00:00+00:00
[2026-05-19T08:40:03.305+0000] {processor.py:183} INFO - Processing /home/airflow/.local/lib/python3.12/site-packages/airflow/example_dags/example_latest_only_with_trigger.py took 0.459 seconds
[2026-05-19T08:40:36.777+0000] {processor.py:161} INFO - Started process (PID=4836) to work on /home/airflow/.local/lib/python3.12/site-packages/airflow/example_dags/example_latest_only_with_trigger.py
[2026-05-19T08:40:36.792+0000] {processor.py:830} INFO - Processing file /home/airflow/.local/lib/python3.12/site-packages/airflow/example_dags/example_latest_only_with_trigger.py for tasks to queue
[2026-05-19T08:40:36.798+0000] {logging_mixin.py:188} INFO - [2026-05-19T08:40:36.796+0000] {dagbag.py:545} INFO - Filling up the DagBag from /home/airflow/.local/lib/python3.12/site-packages/airflow/example_dags/example_latest_only_with_trigger.py
[2026-05-19T08:40:36.820+0000] {processor.py:840} INFO - DAG(s) 'latest_only_with_trigger' retrieved from /home/airflow/.local/lib/python3.12/site-packages/airflow/example_dags/example_latest_only_with_trigger.py
[2026-05-19T08:40:36.909+0000] {logging_mixin.py:188} INFO - [2026-05-19T08:40:36.906+0000] {dag.py:3089} INFO - Sync 1 DAGs
[2026-05-19T08:40:37.034+0000] {logging_mixin.py:188} INFO - [2026-05-19T08:40:37.033+0000] {dag.py:3947} INFO - Setting next_dagrun for latest_only_with_trigger to 2026-05-19 04:00:00+00:00, run_after=2026-05-19 08:00:00+00:00
[2026-05-19T08:40:37.087+0000] {processor.py:183} INFO - Processing /home/airflow/.local/lib/python3.12/site-packages/airflow/example_dags/example_latest_only_with_trigger.py took 0.331 seconds
[2026-05-19T08:41:07.457+0000] {processor.py:161} INFO - Started process (PID=4894) to work on /home/airflow/.local/lib/python3.12/site-packages/airflow/example_dags/example_latest_only_with_trigger.py
[2026-05-19T08:41:07.461+0000] {processor.py:830} INFO - Processing file /home/airflow/.local/lib/python3.12/site-packages/airflow/example_dags/example_latest_only_with_trigger.py for tasks to queue
[2026-05-19T08:41:07.467+0000] {logging_mixin.py:188} INFO - [2026-05-19T08:41:07.466+0000] {dagbag.py:545} INFO - Filling up the DagBag from /home/airflow/.local/lib/python3.12/site-packages/airflow/example_dags/example_latest_only_with_trigger.py
[2026-05-19T08:41:07.483+0000] {processor.py:840} INFO - DAG(s) 'latest_only_with_trigger' retrieved from /home/airflow/.local/lib/python3.12/site-packages/airflow/example_dags/example_latest_only_with_trigger.py
[2026-05-19T08:41:07.587+0000] {logging_mixin.py:188} INFO - [2026-05-19T08:41:07.586+0000] {dag.py:3089} INFO - Sync 1 DAGs
[2026-05-19T08:41:07.723+0000] {logging_mixin.py:188} INFO - [2026-05-19T08:41:07.722+0000] {dag.py:3947} INFO - Setting next_dagrun for latest_only_with_trigger to 2026-05-19 04:00:00+00:00, run_after=2026-05-19 08:00:00+00:00
[2026-05-19T08:41:07.783+0000] {processor.py:183} INFO - Processing /home/airflow/.local/lib/python3.12/site-packages/airflow/example_dags/example_latest_only_with_trigger.py took 0.344 seconds
[2026-05-19T08:41:38.747+0000] {processor.py:161} INFO - Started process (PID=4953) to work on /home/airflow/.local/lib/python3.12/site-packages/airflow/example_dags/example_latest_only_with_trigger.py
[2026-05-19T08:41:38.758+0000] {processor.py:830} INFO - Processing file /home/airflow/.local/lib/python3.12/site-packages/airflow/example_dags/example_latest_only_with_trigger.py for tasks to queue
[2026-05-19T08:41:38.768+0000] {logging_mixin.py:188} INFO - [2026-05-19T08:41:38.766+0000] {dagbag.py:545} INFO - Filling up the DagBag from /home/airflow/.local/lib/python3.12/site-packages/airflow/example_dags/example_latest_only_with_trigger.py
[2026-05-19T08:41:38.811+0000] {processor.py:840} INFO - DAG(s) 'latest_only_with_trigger' retrieved from /home/airflow/.local/lib/python3.12/site-packages/airflow/example_dags/example_latest_only_with_trigger.py
[2026-05-19T08:41:38.932+0000] {logging_mixin.py:188} INFO - [2026-05-19T08:41:38.930+0000] {dag.py:3089} INFO - Sync 1 DAGs
[2026-05-19T08:41:39.039+0000] {logging_mixin.py:188} INFO - [2026-05-19T08:41:39.038+0000] {dag.py:3947} INFO - Setting next_dagrun for latest_only_with_trigger to 2026-05-19 04:00:00+00:00, run_after=2026-05-19 08:00:00+00:00
[2026-05-19T08:41:39.119+0000] {processor.py:183} INFO - Processing /home/airflow/.local/lib/python3.12/site-packages/airflow/example_dags/example_latest_only_with_trigger.py took 0.416 seconds
[2026-05-19T08:42:09.724+0000] {processor.py:161} INFO - Started process (PID=5011) to work on /home/airflow/.local/lib/python3.12/site-packages/airflow/example_dags/example_latest_only_with_trigger.py
[2026-05-19T08:42:09.728+0000] {processor.py:830} INFO - Processing file /home/airflow/.local/lib/python3.12/site-packages/airflow/example_dags/example_latest_only_with_trigger.py for tasks to queue
[2026-05-19T08:42:09.734+0000] {logging_mixin.py:188} INFO - [2026-05-19T08:42:09.733+0000] {dagbag.py:545} INFO - Filling up the DagBag from /home/airflow/.local/lib/python3.12/site-packages/airflow/example_dags/example_latest_only_with_trigger.py
[2026-05-19T08:42:09.767+0000] {processor.py:840} INFO - DAG(s) 'latest_only_with_trigger' retrieved from /home/airflow/.local/lib/python3.12/site-packages/airflow/example_dags/example_latest_only_with_trigger.py
[2026-05-19T08:42:09.824+0000] {logging_mixin.py:188} INFO - [2026-05-19T08:42:09.824+0000] {dag.py:3089} INFO - Sync 1 DAGs
[2026-05-19T08:42:09.877+0000] {logging_mixin.py:188} INFO - [2026-05-19T08:42:09.877+0000] {dag.py:3947} INFO - Setting next_dagrun for latest_only_with_trigger to 2026-05-19 04:00:00+00:00, run_after=2026-05-19 08:00:00+00:00
[2026-05-19T08:42:09.918+0000] {processor.py:183} INFO - Processing /home/airflow/.local/lib/python3.12/site-packages/airflow/example_dags/example_latest_only_with_trigger.py took 0.214 seconds
[2026-05-19T08:42:41.757+0000] {processor.py:161} INFO - Started process (PID=5071) to work on /home/airflow/.local/lib/python3.12/site-packages/airflow/example_dags/example_latest_only_with_trigger.py
[2026-05-19T08:42:41.760+0000] {processor.py:830} INFO - Processing file /home/airflow/.local/lib/python3.12/site-packages/airflow/example_dags/example_latest_only_with_trigger.py for tasks to queue
[2026-05-19T08:42:41.766+0000] {logging_mixin.py:188} INFO - [2026-05-19T08:42:41.765+0000] {dagbag.py:545} INFO - Filling up the DagBag from /home/airflow/.local/lib/python3.12/site-packages/airflow/example_dags/example_latest_only_with_trigger.py
[2026-05-19T08:42:41.790+0000] {processor.py:840} INFO - DAG(s) 'latest_only_with_trigger' retrieved from /home/airflow/.local/lib/python3.12/site-packages/airflow/example_dags/example_latest_only_with_trigger.py
[2026-05-19T08:42:41.898+0000] {logging_mixin.py:188} INFO - [2026-05-19T08:42:41.897+0000] {dag.py:3089} INFO - Sync 1 DAGs
[2026-05-19T08:42:42.013+0000] {logging_mixin.py:188} INFO - [2026-05-19T08:42:42.010+0000] {dag.py:3947} INFO - Setting next_dagrun for latest_only_with_trigger to 2026-05-19 04:00:00+00:00, run_after=2026-05-19 08:00:00+00:00
[2026-05-19T08:42:42.092+0000] {processor.py:183} INFO - Processing /home/airflow/.local/lib/python3.12/site-packages/airflow/example_dags/example_latest_only_with_trigger.py took 0.355 seconds
[2026-05-19T08:43:14.765+0000] {processor.py:161} INFO - Started process (PID=5131) to work on /home/airflow/.local/lib/python3.12/site-packages/airflow/example_dags/example_latest_only_with_trigger.py
[2026-05-19T08:43:14.768+0000] {processor.py:830} INFO - Processing file /home/airflow/.local/lib/python3.12/site-packages/airflow/example_dags/example_latest_only_with_trigger.py for tasks to queue
[2026-05-19T08:43:14.772+0000] {logging_mixin.py:188} INFO - [2026-05-19T08:43:14.771+0000] {dagbag.py:545} INFO - Filling up the DagBag from /home/airflow/.local/lib/python3.12/site-packages/airflow/example_dags/example_latest_only_with_trigger.py
[2026-05-19T08:43:14.783+0000] {processor.py:840} INFO - DAG(s) 'latest_only_with_trigger' retrieved from /home/airflow/.local/lib/python3.12/site-packages/airflow/example_dags/example_latest_only_with_trigger.py
[2026-05-19T08:43:14.889+0000] {logging_mixin.py:188} INFO - [2026-05-19T08:43:14.889+0000] {dag.py:3089} INFO - Sync 1 DAGs
[2026-05-19T08:43:15.059+0000] {logging_mixin.py:188} INFO - [2026-05-19T08:43:15.059+0000] {dag.py:3947} INFO - Setting next_dagrun for latest_only_with_trigger to 2026-05-19 04:00:00+00:00, run_after=2026-05-19 08:00:00+00:00
[2026-05-19T08:43:15.156+0000] {processor.py:183} INFO - Processing /home/airflow/.local/lib/python3.12/site-packages/airflow/example_dags/example_latest_only_with_trigger.py took 0.408 seconds
[2026-05-19T08:43:46.039+0000] {processor.py:161} INFO - Started process (PID=5190) to work on /home/airflow/.local/lib/python3.12/site-packages/airflow/example_dags/example_latest_only_with_trigger.py
[2026-05-19T08:43:46.043+0000] {processor.py:830} INFO - Processing file /home/airflow/.local/lib/python3.12/site-packages/airflow/example_dags/example_latest_only_with_trigger.py for tasks to queue
[2026-05-19T08:43:46.054+0000] {logging_mixin.py:188} INFO - [2026-05-19T08:43:46.052+0000] {dagbag.py:545} INFO - Filling up the DagBag from /home/airflow/.local/lib/python3.12/site-packages/airflow/example_dags/example_latest_only_with_trigger.py
[2026-05-19T08:43:46.093+0000] {processor.py:840} INFO - DAG(s) 'latest_only_with_trigger' retrieved from /home/airflow/.local/lib/python3.12/site-packages/airflow/example_dags/example_latest_only_with_trigger.py
[2026-05-19T08:43:46.235+0000] {logging_mixin.py:188} INFO - [2026-05-19T08:43:46.234+0000] {dag.py:3089} INFO - Sync 1 DAGs
[2026-05-19T08:43:46.402+0000] {logging_mixin.py:188} INFO - [2026-05-19T08:43:46.401+0000] {dag.py:3947} INFO - Setting next_dagrun for latest_only_with_trigger to 2026-05-19 04:00:00+00:00, run_after=2026-05-19 08:00:00+00:00
[2026-05-19T08:43:46.493+0000] {processor.py:183} INFO - Processing /home/airflow/.local/lib/python3.12/site-packages/airflow/example_dags/example_latest_only_with_trigger.py took 0.476 seconds
[2026-05-19T08:44:16.900+0000] {processor.py:161} INFO - Started process (PID=5250) to work on /home/airflow/.local/lib/python3.12/site-packages/airflow/example_dags/example_latest_only_with_trigger.py
[2026-05-19T08:44:16.904+0000] {processor.py:830} INFO - Processing file /home/airflow/.local/lib/python3.12/site-packages/airflow/example_dags/example_latest_only_with_trigger.py for tasks to queue
[2026-05-19T08:44:16.910+0000] {logging_mixin.py:188} INFO - [2026-05-19T08:44:16.909+0000] {dagbag.py:545} INFO - Filling up the DagBag from /home/airflow/.local/lib/python3.12/site-packages/airflow/example_dags/example_latest_only_with_trigger.py
[2026-05-19T08:44:16.925+0000] {processor.py:840} INFO - DAG(s) 'latest_only_with_trigger' retrieved from /home/airflow/.local/lib/python3.12/site-packages/airflow/example_dags/example_latest_only_with_trigger.py
[2026-05-19T08:44:17.015+0000] {logging_mixin.py:188} INFO - [2026-05-19T08:44:17.014+0000] {dag.py:3089} INFO - Sync 1 DAGs
[2026-05-19T08:44:17.130+0000] {logging_mixin.py:188} INFO - [2026-05-19T08:44:17.128+0000] {dag.py:3947} INFO - Setting next_dagrun for latest_only_with_trigger to 2026-05-19 04:00:00+00:00, run_after=2026-05-19 08:00:00+00:00
[2026-05-19T08:44:17.193+0000] {processor.py:183} INFO - Processing /home/airflow/.local/lib/python3.12/site-packages/airflow/example_dags/example_latest_only_with_trigger.py took 0.309 seconds
[2026-05-19T08:44:47.645+0000] {processor.py:161} INFO - Started process (PID=5310) to work on /home/airflow/.local/lib/python3.12/site-packages/airflow/example_dags/example_latest_only_with_trigger.py
[2026-05-19T08:44:47.648+0000] {processor.py:830} INFO - Processing file /home/airflow/.local/lib/python3.12/site-packages/airflow/example_dags/example_latest_only_with_trigger.py for tasks to queue
[2026-05-19T08:44:47.655+0000] {logging_mixin.py:188} INFO - [2026-05-19T08:44:47.653+0000] {dagbag.py:545} INFO - Filling up the DagBag from /home/airflow/.local/lib/python3.12/site-packages/airflow/example_dags/example_latest_only_with_trigger.py
[2026-05-19T08:44:47.670+0000] {processor.py:840} INFO - DAG(s) 'latest_only_with_trigger' retrieved from /home/airflow/.local/lib/python3.12/site-packages/airflow/example_dags/example_latest_only_with_trigger.py
[2026-05-19T08:44:47.728+0000] {logging_mixin.py:188} INFO - [2026-05-19T08:44:47.727+0000] {dag.py:3089} INFO - Sync 1 DAGs
[2026-05-19T08:44:47.791+0000] {logging_mixin.py:188} INFO - [2026-05-19T08:44:47.790+0000] {dag.py:3947} INFO - Setting next_dagrun for latest_only_with_trigger to 2026-05-19 04:00:00+00:00, run_after=2026-05-19 08:00:00+00:00
[2026-05-19T08:44:47.850+0000] {processor.py:183} INFO - Processing /home/airflow/.local/lib/python3.12/site-packages/airflow/example_dags/example_latest_only_with_trigger.py took 0.226 seconds
[2026-05-19T08:45:18.742+0000] {processor.py:161} INFO - Started process (PID=5370) to work on /home/airflow/.local/lib/python3.12/site-packages/airflow/example_dags/example_latest_only_with_trigger.py
[2026-05-19T08:45:18.747+0000] {processor.py:830} INFO - Processing file /home/airflow/.local/lib/python3.12/site-packages/airflow/example_dags/example_latest_only_with_trigger.py for tasks to queue
[2026-05-19T08:45:18.757+0000] {logging_mixin.py:188} INFO - [2026-05-19T08:45:18.755+0000] {dagbag.py:545} INFO - Filling up the DagBag from /home/airflow/.local/lib/python3.12/site-packages/airflow/example_dags/example_latest_only_with_trigger.py
[2026-05-19T08:45:18.787+0000] {processor.py:840} INFO - DAG(s) 'latest_only_with_trigger' retrieved from /home/airflow/.local/lib/python3.12/site-packages/airflow/example_dags/example_latest_only_with_trigger.py
[2026-05-19T08:45:18.876+0000] {logging_mixin.py:188} INFO - [2026-05-19T08:45:18.876+0000] {dag.py:3089} INFO - Sync 1 DAGs
[2026-05-19T08:45:18.997+0000] {logging_mixin.py:188} INFO - [2026-05-19T08:45:18.995+0000] {dag.py:3947} INFO - Setting next_dagrun for latest_only_with_trigger to 2026-05-19 04:00:00+00:00, run_after=2026-05-19 08:00:00+00:00
[2026-05-19T08:45:19.061+0000] {processor.py:183} INFO - Processing /home/airflow/.local/lib/python3.12/site-packages/airflow/example_dags/example_latest_only_with_trigger.py took 0.346 seconds
[2026-05-19T08:45:49.557+0000] {processor.py:161} INFO - Started process (PID=5430) to work on /home/airflow/.local/lib/python3.12/site-packages/airflow/example_dags/example_latest_only_with_trigger.py
[2026-05-19T08:45:49.560+0000] {processor.py:830} INFO - Processing file /home/airflow/.local/lib/python3.12/site-packages/airflow/example_dags/example_latest_only_with_trigger.py for tasks to queue
[2026-05-19T08:45:49.565+0000] {logging_mixin.py:188} INFO - [2026-05-19T08:45:49.564+0000] {dagbag.py:545} INFO - Filling up the DagBag from /home/airflow/.local/lib/python3.12/site-packages/airflow/example_dags/example_latest_only_with_trigger.py
[2026-05-19T08:45:49.585+0000] {processor.py:840} INFO - DAG(s) 'latest_only_with_trigger' retrieved from /home/airflow/.local/lib/python3.12/site-packages/airflow/example_dags/example_latest_only_with_trigger.py
[2026-05-19T08:45:49.647+0000] {logging_mixin.py:188} INFO - [2026-05-19T08:45:49.647+0000] {dag.py:3089} INFO - Sync 1 DAGs
[2026-05-19T08:45:49.734+0000] {logging_mixin.py:188} INFO - [2026-05-19T08:45:49.733+0000] {dag.py:3947} INFO - Setting next_dagrun for latest_only_with_trigger to 2026-05-19 04:00:00+00:00, run_after=2026-05-19 08:00:00+00:00
[2026-05-19T08:45:49.826+0000] {processor.py:183} INFO - Processing /home/airflow/.local/lib/python3.12/site-packages/airflow/example_dags/example_latest_only_with_trigger.py took 0.292 seconds
[2026-05-19T08:46:20.194+0000] {processor.py:161} INFO - Started process (PID=5490) to work on /home/airflow/.local/lib/python3.12/site-packages/airflow/example_dags/example_latest_only_with_trigger.py
[2026-05-19T08:46:20.197+0000] {processor.py:830} INFO - Processing file /home/airflow/.local/lib/python3.12/site-packages/airflow/example_dags/example_latest_only_with_trigger.py for tasks to queue
[2026-05-19T08:46:20.205+0000] {logging_mixin.py:188} INFO - [2026-05-19T08:46:20.203+0000] {dagbag.py:545} INFO - Filling up the DagBag from /home/airflow/.local/lib/python3.12/site-packages/airflow/example_dags/example_latest_only_with_trigger.py
[2026-05-19T08:46:20.232+0000] {processor.py:840} INFO - DAG(s) 'latest_only_with_trigger' retrieved from /home/airflow/.local/lib/python3.12/site-packages/airflow/example_dags/example_latest_only_with_trigger.py
[2026-05-19T08:46:20.316+0000] {logging_mixin.py:188} INFO - [2026-05-19T08:46:20.316+0000] {dag.py:3089} INFO - Sync 1 DAGs
[2026-05-19T08:46:20.374+0000] {logging_mixin.py:188} INFO - [2026-05-19T08:46:20.374+0000] {dag.py:3947} INFO - Setting next_dagrun for latest_only_with_trigger to 2026-05-19 04:00:00+00:00, run_after=2026-05-19 08:00:00+00:00
[2026-05-19T08:46:20.440+0000] {processor.py:183} INFO - Processing /home/airflow/.local/lib/python3.12/site-packages/airflow/example_dags/example_latest_only_with_trigger.py took 0.268 seconds
[2026-05-19T08:46:51.093+0000] {processor.py:161} INFO - Started process (PID=5549) to work on /home/airflow/.local/lib/python3.12/site-packages/airflow/example_dags/example_latest_only_with_trigger.py
[2026-05-19T08:46:51.098+0000] {processor.py:830} INFO - Processing file /home/airflow/.local/lib/python3.12/site-packages/airflow/example_dags/example_latest_only_with_trigger.py for tasks to queue
[2026-05-19T08:46:51.108+0000] {logging_mixin.py:188} INFO - [2026-05-19T08:46:51.106+0000] {dagbag.py:545} INFO - Filling up the DagBag from /home/airflow/.local/lib/python3.12/site-packages/airflow/example_dags/example_latest_only_with_trigger.py
[2026-05-19T08:46:51.138+0000] {processor.py:840} INFO - DAG(s) 'latest_only_with_trigger' retrieved from /home/airflow/.local/lib/python3.12/site-packages/airflow/example_dags/example_latest_only_with_trigger.py
[2026-05-19T08:46:51.246+0000] {logging_mixin.py:188} INFO - [2026-05-19T08:46:51.244+0000] {dag.py:3089} INFO - Sync 1 DAGs
[2026-05-19T08:46:51.357+0000] {logging_mixin.py:188} INFO - [2026-05-19T08:46:51.356+0000] {dag.py:3947} INFO - Setting next_dagrun for latest_only_with_trigger to 2026-05-19 04:00:00+00:00, run_after=2026-05-19 08:00:00+00:00
[2026-05-19T08:46:51.427+0000] {processor.py:183} INFO - Processing /home/airflow/.local/lib/python3.12/site-packages/airflow/example_dags/example_latest_only_with_trigger.py took 0.366 seconds
[2026-05-19T08:47:22.202+0000] {processor.py:161} INFO - Started process (PID=5608) to work on /home/airflow/.local/lib/python3.12/site-packages/airflow/example_dags/example_latest_only_with_trigger.py
[2026-05-19T08:47:22.208+0000] {processor.py:830} INFO - Processing file /home/airflow/.local/lib/python3.12/site-packages/airflow/example_dags/example_latest_only_with_trigger.py for tasks to queue
[2026-05-19T08:47:22.214+0000] {logging_mixin.py:188} INFO - [2026-05-19T08:47:22.213+0000] {dagbag.py:545} INFO - Filling up the DagBag from /home/airflow/.local/lib/python3.12/site-packages/airflow/example_dags/example_latest_only_with_trigger.py
[2026-05-19T08:47:22.243+0000] {processor.py:840} INFO - DAG(s) 'latest_only_with_trigger' retrieved from /home/airflow/.local/lib/python3.12/site-packages/airflow/example_dags/example_latest_only_with_trigger.py
[2026-05-19T08:47:22.358+0000] {logging_mixin.py:188} INFO - [2026-05-19T08:47:22.357+0000] {dag.py:3089} INFO - Sync 1 DAGs
[2026-05-19T08:47:22.452+0000] {logging_mixin.py:188} INFO - [2026-05-19T08:47:22.452+0000] {dag.py:3947} INFO - Setting next_dagrun for latest_only_with_trigger to 2026-05-19 04:00:00+00:00, run_after=2026-05-19 08:00:00+00:00
[2026-05-19T08:47:22.629+0000] {processor.py:183} INFO - Processing /home/airflow/.local/lib/python3.12/site-packages/airflow/example_dags/example_latest_only_with_trigger.py took 0.446 seconds
[2026-05-19T08:47:53.524+0000] {processor.py:161} INFO - Started process (PID=5668) to work on /home/airflow/.local/lib/python3.12/site-packages/airflow/example_dags/example_latest_only_with_trigger.py
[2026-05-19T08:47:53.530+0000] {processor.py:830} INFO - Processing file /home/airflow/.local/lib/python3.12/site-packages/airflow/example_dags/example_latest_only_with_trigger.py for tasks to queue
[2026-05-19T08:47:53.546+0000] {logging_mixin.py:188} INFO - [2026-05-19T08:47:53.544+0000] {dagbag.py:545} INFO - Filling up the DagBag from /home/airflow/.local/lib/python3.12/site-packages/airflow/example_dags/example_latest_only_with_trigger.py
[2026-05-19T08:47:53.575+0000] {processor.py:840} INFO - DAG(s) 'latest_only_with_trigger' retrieved from /home/airflow/.local/lib/python3.12/site-packages/airflow/example_dags/example_latest_only_with_trigger.py
[2026-05-19T08:47:53.709+0000] {logging_mixin.py:188} INFO - [2026-05-19T08:47:53.707+0000] {dag.py:3089} INFO - Sync 1 DAGs
[2026-05-19T08:47:53.904+0000] {logging_mixin.py:188} INFO - [2026-05-19T08:47:53.903+0000] {dag.py:3947} INFO - Setting next_dagrun for latest_only_with_trigger to 2026-05-19 04:00:00+00:00, run_after=2026-05-19 08:00:00+00:00
[2026-05-19T08:47:54.011+0000] {processor.py:183} INFO - Processing /home/airflow/.local/lib/python3.12/site-packages/airflow/example_dags/example_latest_only_with_trigger.py took 0.515 seconds
[2026-05-19T08:48:24.399+0000] {processor.py:161} INFO - Started process (PID=5728) to work on /home/airflow/.local/lib/python3.12/site-packages/airflow/example_dags/example_latest_only_with_trigger.py
[2026-05-19T08:48:24.404+0000] {processor.py:830} INFO - Processing file /home/airflow/.local/lib/python3.12/site-packages/airflow/example_dags/example_latest_only_with_trigger.py for tasks to queue
[2026-05-19T08:48:24.411+0000] {logging_mixin.py:188} INFO - [2026-05-19T08:48:24.409+0000] {dagbag.py:545} INFO - Filling up the DagBag from /home/airflow/.local/lib/python3.12/site-packages/airflow/example_dags/example_latest_only_with_trigger.py
[2026-05-19T08:48:24.449+0000] {processor.py:840} INFO - DAG(s) 'latest_only_with_trigger' retrieved from /home/airflow/.local/lib/python3.12/site-packages/airflow/example_dags/example_latest_only_with_trigger.py
[2026-05-19T08:48:24.551+0000] {logging_mixin.py:188} INFO - [2026-05-19T08:48:24.549+0000] {dag.py:3089} INFO - Sync 1 DAGs
[2026-05-19T08:48:24.672+0000] {logging_mixin.py:188} INFO - [2026-05-19T08:48:24.671+0000] {dag.py:3947} INFO - Setting next_dagrun for latest_only_with_trigger to 2026-05-19 04:00:00+00:00, run_after=2026-05-19 08:00:00+00:00
[2026-05-19T08:48:24.753+0000] {processor.py:183} INFO - Processing /home/airflow/.local/lib/python3.12/site-packages/airflow/example_dags/example_latest_only_with_trigger.py took 0.376 seconds
[2026-05-19T08:48:55.091+0000] {processor.py:161} INFO - Started process (PID=5788) to work on /home/airflow/.local/lib/python3.12/site-packages/airflow/example_dags/example_latest_only_with_trigger.py
[2026-05-19T08:48:55.096+0000] {processor.py:830} INFO - Processing file /home/airflow/.local/lib/python3.12/site-packages/airflow/example_dags/example_latest_only_with_trigger.py for tasks to queue
[2026-05-19T08:48:55.105+0000] {logging_mixin.py:188} INFO - [2026-05-19T08:48:55.104+0000] {dagbag.py:545} INFO - Filling up the DagBag from /home/airflow/.local/lib/python3.12/site-packages/airflow/example_dags/example_latest_only_with_trigger.py
[2026-05-19T08:48:55.129+0000] {processor.py:840} INFO - DAG(s) 'latest_only_with_trigger' retrieved from /home/airflow/.local/lib/python3.12/site-packages/airflow/example_dags/example_latest_only_with_trigger.py
[2026-05-19T08:48:55.279+0000] {logging_mixin.py:188} INFO - [2026-05-19T08:48:55.278+0000] {dag.py:3089} INFO - Sync 1 DAGs
[2026-05-19T08:48:55.365+0000] {logging_mixin.py:188} INFO - [2026-05-19T08:48:55.364+0000] {dag.py:3947} INFO - Setting next_dagrun for latest_only_with_trigger to 2026-05-19 04:00:00+00:00, run_after=2026-05-19 08:00:00+00:00
[2026-05-19T08:48:55.442+0000] {processor.py:183} INFO - Processing /home/airflow/.local/lib/python3.12/site-packages/airflow/example_dags/example_latest_only_with_trigger.py took 0.376 seconds
[2026-05-19T08:49:25.881+0000] {processor.py:161} INFO - Started process (PID=5849) to work on /home/airflow/.local/lib/python3.12/site-packages/airflow/example_dags/example_latest_only_with_trigger.py
[2026-05-19T08:49:25.884+0000] {processor.py:830} INFO - Processing file /home/airflow/.local/lib/python3.12/site-packages/airflow/example_dags/example_latest_only_with_trigger.py for tasks to queue
[2026-05-19T08:49:25.895+0000] {logging_mixin.py:188} INFO - [2026-05-19T08:49:25.894+0000] {dagbag.py:545} INFO - Filling up the DagBag from /home/airflow/.local/lib/python3.12/site-packages/airflow/example_dags/example_latest_only_with_trigger.py
[2026-05-19T08:49:25.920+0000] {processor.py:840} INFO - DAG(s) 'latest_only_with_trigger' retrieved from /home/airflow/.local/lib/python3.12/site-packages/airflow/example_dags/example_latest_only_with_trigger.py
[2026-05-19T08:49:26.005+0000] {logging_mixin.py:188} INFO - [2026-05-19T08:49:26.004+0000] {dag.py:3089} INFO - Sync 1 DAGs
[2026-05-19T08:49:26.088+0000] {logging_mixin.py:188} INFO - [2026-05-19T08:49:26.088+0000] {dag.py:3947} INFO - Setting next_dagrun for latest_only_with_trigger to 2026-05-19 04:00:00+00:00, run_after=2026-05-19 08:00:00+00:00
[2026-05-19T08:49:26.143+0000] {processor.py:183} INFO - Processing /home/airflow/.local/lib/python3.12/site-packages/airflow/example_dags/example_latest_only_with_trigger.py took 0.291 seconds
[2026-05-19T08:49:56.858+0000] {processor.py:161} INFO - Started process (PID=5909) to work on /home/airflow/.local/lib/python3.12/site-packages/airflow/example_dags/example_latest_only_with_trigger.py
[2026-05-19T08:49:56.861+0000] {processor.py:830} INFO - Processing file /home/airflow/.local/lib/python3.12/site-packages/airflow/example_dags/example_latest_only_with_trigger.py for tasks to queue
[2026-05-19T08:49:56.868+0000] {logging_mixin.py:188} INFO - [2026-05-19T08:49:56.867+0000] {dagbag.py:545} INFO - Filling up the DagBag from /home/airflow/.local/lib/python3.12/site-packages/airflow/example_dags/example_latest_only_with_trigger.py
[2026-05-19T08:49:56.890+0000] {processor.py:840} INFO - DAG(s) 'latest_only_with_trigger' retrieved from /home/airflow/.local/lib/python3.12/site-packages/airflow/example_dags/example_latest_only_with_trigger.py
[2026-05-19T08:49:57.001+0000] {logging_mixin.py:188} INFO - [2026-05-19T08:49:57.000+0000] {dag.py:3089} INFO - Sync 1 DAGs
[2026-05-19T08:49:57.139+0000] {logging_mixin.py:188} INFO - [2026-05-19T08:49:57.138+0000] {dag.py:3947} INFO - Setting next_dagrun for latest_only_with_trigger to 2026-05-19 04:00:00+00:00, run_after=2026-05-19 08:00:00+00:00
[2026-05-19T08:49:57.264+0000] {processor.py:183} INFO - Processing /home/airflow/.local/lib/python3.12/site-packages/airflow/example_dags/example_latest_only_with_trigger.py took 0.425 seconds
[2026-05-19T08:50:28.324+0000] {processor.py:161} INFO - Started process (PID=5970) to work on /home/airflow/.local/lib/python3.12/site-packages/airflow/example_dags/example_latest_only_with_trigger.py
[2026-05-19T08:50:28.328+0000] {processor.py:830} INFO - Processing file /home/airflow/.local/lib/python3.12/site-packages/airflow/example_dags/example_latest_only_with_trigger.py for tasks to queue
[2026-05-19T08:50:28.336+0000] {logging_mixin.py:188} INFO - [2026-05-19T08:50:28.335+0000] {dagbag.py:545} INFO - Filling up the DagBag from /home/airflow/.local/lib/python3.12/site-packages/airflow/example_dags/example_latest_only_with_trigger.py
[2026-05-19T08:50:28.371+0000] {processor.py:840} INFO - DAG(s) 'latest_only_with_trigger' retrieved from /home/airflow/.local/lib/python3.12/site-packages/airflow/example_dags/example_latest_only_with_trigger.py
[2026-05-19T08:50:28.564+0000] {logging_mixin.py:188} INFO - [2026-05-19T08:50:28.563+0000] {dag.py:3089} INFO - Sync 1 DAGs
[2026-05-19T08:50:28.709+0000] {logging_mixin.py:188} INFO - [2026-05-19T08:50:28.708+0000] {dag.py:3947} INFO - Setting next_dagrun for latest_only_with_trigger to 2026-05-19 04:00:00+00:00, run_after=2026-05-19 08:00:00+00:00
[2026-05-19T08:50:28.789+0000] {processor.py:183} INFO - Processing /home/airflow/.local/lib/python3.12/site-packages/airflow/example_dags/example_latest_only_with_trigger.py took 0.502 seconds
[2026-05-19T08:50:59.114+0000] {processor.py:161} INFO - Started process (PID=6029) to work on /home/airflow/.local/lib/python3.12/site-packages/airflow/example_dags/example_latest_only_with_trigger.py
[2026-05-19T08:50:59.117+0000] {processor.py:830} INFO - Processing file /home/airflow/.local/lib/python3.12/site-packages/airflow/example_dags/example_latest_only_with_trigger.py for tasks to queue
[2026-05-19T08:50:59.123+0000] {logging_mixin.py:188} INFO - [2026-05-19T08:50:59.122+0000] {dagbag.py:545} INFO - Filling up the DagBag from /home/airflow/.local/lib/python3.12/site-packages/airflow/example_dags/example_latest_only_with_trigger.py
[2026-05-19T08:50:59.137+0000] {processor.py:840} INFO - DAG(s) 'latest_only_with_trigger' retrieved from /home/airflow/.local/lib/python3.12/site-packages/airflow/example_dags/example_latest_only_with_trigger.py
[2026-05-19T08:50:59.208+0000] {logging_mixin.py:188} INFO - [2026-05-19T08:50:59.207+0000] {dag.py:3089} INFO - Sync 1 DAGs
[2026-05-19T08:50:59.290+0000] {logging_mixin.py:188} INFO - [2026-05-19T08:50:59.289+0000] {dag.py:3947} INFO - Setting next_dagrun for latest_only_with_trigger to 2026-05-19 04:00:00+00:00, run_after=2026-05-19 08:00:00+00:00
[2026-05-19T08:50:59.383+0000] {processor.py:183} INFO - Processing /home/airflow/.local/lib/python3.12/site-packages/airflow/example_dags/example_latest_only_with_trigger.py took 0.286 seconds
[2026-05-19T08:51:30.350+0000] {processor.py:161} INFO - Started process (PID=6088) to work on /home/airflow/.local/lib/python3.12/site-packages/airflow/example_dags/example_latest_only_with_trigger.py
[2026-05-19T08:51:30.354+0000] {processor.py:830} INFO - Processing file /home/airflow/.local/lib/python3.12/site-packages/airflow/example_dags/example_latest_only_with_trigger.py for tasks to queue
[2026-05-19T08:51:30.360+0000] {logging_mixin.py:188} INFO - [2026-05-19T08:51:30.359+0000] {dagbag.py:545} INFO - Filling up the DagBag from /home/airflow/.local/lib/python3.12/site-packages/airflow/example_dags/example_latest_only_with_trigger.py
[2026-05-19T08:51:30.381+0000] {processor.py:840} INFO - DAG(s) 'latest_only_with_trigger' retrieved from /home/airflow/.local/lib/python3.12/site-packages/airflow/example_dags/example_latest_only_with_trigger.py
[2026-05-19T08:51:30.469+0000] {logging_mixin.py:188} INFO - [2026-05-19T08:51:30.467+0000] {dag.py:3089} INFO - Sync 1 DAGs
[2026-05-19T08:51:30.560+0000] {logging_mixin.py:188} INFO - [2026-05-19T08:51:30.559+0000] {dag.py:3947} INFO - Setting next_dagrun for latest_only_with_trigger to 2026-05-19 04:00:00+00:00, run_after=2026-05-19 08:00:00+00:00
[2026-05-19T08:51:30.631+0000] {processor.py:183} INFO - Processing /home/airflow/.local/lib/python3.12/site-packages/airflow/example_dags/example_latest_only_with_trigger.py took 0.298 seconds
[2026-05-19T08:52:02.827+0000] {processor.py:161} INFO - Started process (PID=6149) to work on /home/airflow/.local/lib/python3.12/site-packages/airflow/example_dags/example_latest_only_with_trigger.py
[2026-05-19T08:52:02.831+0000] {processor.py:830} INFO - Processing file /home/airflow/.local/lib/python3.12/site-packages/airflow/example_dags/example_latest_only_with_trigger.py for tasks to queue
[2026-05-19T08:52:02.839+0000] {logging_mixin.py:188} INFO - [2026-05-19T08:52:02.837+0000] {dagbag.py:545} INFO - Filling up the DagBag from /home/airflow/.local/lib/python3.12/site-packages/airflow/example_dags/example_latest_only_with_trigger.py
[2026-05-19T08:52:02.874+0000] {processor.py:840} INFO - DAG(s) 'latest_only_with_trigger' retrieved from /home/airflow/.local/lib/python3.12/site-packages/airflow/example_dags/example_latest_only_with_trigger.py
[2026-05-19T08:52:02.958+0000] {logging_mixin.py:188} INFO - [2026-05-19T08:52:02.957+0000] {dag.py:3089} INFO - Sync 1 DAGs
[2026-05-19T08:52:03.047+0000] {logging_mixin.py:188} INFO - [2026-05-19T08:52:03.046+0000] {dag.py:3947} INFO - Setting next_dagrun for latest_only_with_trigger to 2026-05-19 04:00:00+00:00, run_after=2026-05-19 08:00:00+00:00
[2026-05-19T08:52:03.131+0000] {processor.py:183} INFO - Processing /home/airflow/.local/lib/python3.12/site-packages/airflow/example_dags/example_latest_only_with_trigger.py took 0.336 seconds
[2026-05-19T08:52:34.840+0000] {processor.py:161} INFO - Started process (PID=6210) to work on /home/airflow/.local/lib/python3.12/site-packages/airflow/example_dags/example_latest_only_with_trigger.py
[2026-05-19T08:52:34.843+0000] {processor.py:830} INFO - Processing file /home/airflow/.local/lib/python3.12/site-packages/airflow/example_dags/example_latest_only_with_trigger.py for tasks to queue
[2026-05-19T08:52:34.849+0000] {logging_mixin.py:188} INFO - [2026-05-19T08:52:34.848+0000] {dagbag.py:545} INFO - Filling up the DagBag from /home/airflow/.local/lib/python3.12/site-packages/airflow/example_dags/example_latest_only_with_trigger.py
[2026-05-19T08:52:34.864+0000] {processor.py:840} INFO - DAG(s) 'latest_only_with_trigger' retrieved from /home/airflow/.local/lib/python3.12/site-packages/airflow/example_dags/example_latest_only_with_trigger.py
[2026-05-19T08:52:34.925+0000] {logging_mixin.py:188} INFO - [2026-05-19T08:52:34.924+0000] {dag.py:3089} INFO - Sync 1 DAGs
[2026-05-19T08:52:34.991+0000] {logging_mixin.py:188} INFO - [2026-05-19T08:52:34.991+0000] {dag.py:3947} INFO - Setting next_dagrun for latest_only_with_trigger to 2026-05-19 04:00:00+00:00, run_after=2026-05-19 08:00:00+00:00
[2026-05-19T08:52:35.051+0000] {processor.py:183} INFO - Processing /home/airflow/.local/lib/python3.12/site-packages/airflow/example_dags/example_latest_only_with_trigger.py took 0.226 seconds
[2026-05-19T08:53:05.712+0000] {processor.py:161} INFO - Started process (PID=6270) to work on /home/airflow/.local/lib/python3.12/site-packages/airflow/example_dags/example_latest_only_with_trigger.py
[2026-05-19T08:53:05.716+0000] {processor.py:830} INFO - Processing file /home/airflow/.local/lib/python3.12/site-packages/airflow/example_dags/example_latest_only_with_trigger.py for tasks to queue
[2026-05-19T08:53:05.726+0000] {logging_mixin.py:188} INFO - [2026-05-19T08:53:05.724+0000] {dagbag.py:545} INFO - Filling up the DagBag from /home/airflow/.local/lib/python3.12/site-packages/airflow/example_dags/example_latest_only_with_trigger.py
[2026-05-19T08:53:05.770+0000] {processor.py:840} INFO - DAG(s) 'latest_only_with_trigger' retrieved from /home/airflow/.local/lib/python3.12/site-packages/airflow/example_dags/example_latest_only_with_trigger.py
[2026-05-19T08:53:05.911+0000] {logging_mixin.py:188} INFO - [2026-05-19T08:53:05.910+0000] {dag.py:3089} INFO - Sync 1 DAGs
[2026-05-19T08:53:05.994+0000] {logging_mixin.py:188} INFO - [2026-05-19T08:53:05.993+0000] {dag.py:3947} INFO - Setting next_dagrun for latest_only_with_trigger to 2026-05-19 04:00:00+00:00, run_after=2026-05-19 08:00:00+00:00
[2026-05-19T08:53:06.078+0000] {processor.py:183} INFO - Processing /home/airflow/.local/lib/python3.12/site-packages/airflow/example_dags/example_latest_only_with_trigger.py took 0.384 seconds
[2026-05-19T08:53:36.785+0000] {processor.py:161} INFO - Started process (PID=6330) to work on /home/airflow/.local/lib/python3.12/site-packages/airflow/example_dags/example_latest_only_with_trigger.py
[2026-05-19T08:53:36.790+0000] {processor.py:830} INFO - Processing file /home/airflow/.local/lib/python3.12/site-packages/airflow/example_dags/example_latest_only_with_trigger.py for tasks to queue
[2026-05-19T08:53:36.800+0000] {logging_mixin.py:188} INFO - [2026-05-19T08:53:36.799+0000] {dagbag.py:545} INFO - Filling up the DagBag from /home/airflow/.local/lib/python3.12/site-packages/airflow/example_dags/example_latest_only_with_trigger.py
[2026-05-19T08:53:36.819+0000] {processor.py:840} INFO - DAG(s) 'latest_only_with_trigger' retrieved from /home/airflow/.local/lib/python3.12/site-packages/airflow/example_dags/example_latest_only_with_trigger.py
[2026-05-19T08:53:36.898+0000] {logging_mixin.py:188} INFO - [2026-05-19T08:53:36.896+0000] {dag.py:3089} INFO - Sync 1 DAGs
[2026-05-19T08:53:37.019+0000] {logging_mixin.py:188} INFO - [2026-05-19T08:53:37.017+0000] {dag.py:3947} INFO - Setting next_dagrun for latest_only_with_trigger to 2026-05-19 04:00:00+00:00, run_after=2026-05-19 08:00:00+00:00
[2026-05-19T08:53:37.212+0000] {processor.py:183} INFO - Processing /home/airflow/.local/lib/python3.12/site-packages/airflow/example_dags/example_latest_only_with_trigger.py took 0.458 seconds
[2026-05-19T08:54:07.591+0000] {processor.py:161} INFO - Started process (PID=6394) to work on /home/airflow/.local/lib/python3.12/site-packages/airflow/example_dags/example_latest_only_with_trigger.py
[2026-05-19T08:54:07.595+0000] {processor.py:830} INFO - Processing file /home/airflow/.local/lib/python3.12/site-packages/airflow/example_dags/example_latest_only_with_trigger.py for tasks to queue
[2026-05-19T08:54:07.601+0000] {logging_mixin.py:188} INFO - [2026-05-19T08:54:07.600+0000] {dagbag.py:545} INFO - Filling up the DagBag from /home/airflow/.local/lib/python3.12/site-packages/airflow/example_dags/example_latest_only_with_trigger.py
[2026-05-19T08:54:07.633+0000] {processor.py:840} INFO - DAG(s) 'latest_only_with_trigger' retrieved from /home/airflow/.local/lib/python3.12/site-packages/airflow/example_dags/example_latest_only_with_trigger.py
[2026-05-19T08:54:07.852+0000] {logging_mixin.py:188} INFO - [2026-05-19T08:54:07.850+0000] {dag.py:3089} INFO - Sync 1 DAGs
[2026-05-19T08:54:07.949+0000] {logging_mixin.py:188} INFO - [2026-05-19T08:54:07.947+0000] {dag.py:3947} INFO - Setting next_dagrun for latest_only_with_trigger to 2026-05-19 04:00:00+00:00, run_after=2026-05-19 08:00:00+00:00
[2026-05-19T08:54:08.086+0000] {processor.py:183} INFO - Processing /home/airflow/.local/lib/python3.12/site-packages/airflow/example_dags/example_latest_only_with_trigger.py took 0.525 seconds
[2026-05-19T08:54:39.184+0000] {processor.py:161} INFO - Started process (PID=6455) to work on /home/airflow/.local/lib/python3.12/site-packages/airflow/example_dags/example_latest_only_with_trigger.py
[2026-05-19T08:54:39.188+0000] {processor.py:830} INFO - Processing file /home/airflow/.local/lib/python3.12/site-packages/airflow/example_dags/example_latest_only_with_trigger.py for tasks to queue
[2026-05-19T08:54:39.196+0000] {logging_mixin.py:188} INFO - [2026-05-19T08:54:39.194+0000] {dagbag.py:545} INFO - Filling up the DagBag from /home/airflow/.local/lib/python3.12/site-packages/airflow/example_dags/example_latest_only_with_trigger.py
[2026-05-19T08:54:39.214+0000] {processor.py:840} INFO - DAG(s) 'latest_only_with_trigger' retrieved from /home/airflow/.local/lib/python3.12/site-packages/airflow/example_dags/example_latest_only_with_trigger.py
[2026-05-19T08:54:39.292+0000] {logging_mixin.py:188} INFO - [2026-05-19T08:54:39.291+0000] {dag.py:3089} INFO - Sync 1 DAGs
[2026-05-19T08:54:39.374+0000] {logging_mixin.py:188} INFO - [2026-05-19T08:54:39.373+0000] {dag.py:3947} INFO - Setting next_dagrun for latest_only_with_trigger to 2026-05-19 04:00:00+00:00, run_after=2026-05-19 08:00:00+00:00
[2026-05-19T08:54:39.437+0000] {processor.py:183} INFO - Processing /home/airflow/.local/lib/python3.12/site-packages/airflow/example_dags/example_latest_only_with_trigger.py took 0.279 seconds
[2026-05-19T08:55:09.618+0000] {processor.py:161} INFO - Started process (PID=6513) to work on /home/airflow/.local/lib/python3.12/site-packages/airflow/example_dags/example_latest_only_with_trigger.py
[2026-05-19T08:55:09.623+0000] {processor.py:830} INFO - Processing file /home/airflow/.local/lib/python3.12/site-packages/airflow/example_dags/example_latest_only_with_trigger.py for tasks to queue
[2026-05-19T08:55:09.629+0000] {logging_mixin.py:188} INFO - [2026-05-19T08:55:09.628+0000] {dagbag.py:545} INFO - Filling up the DagBag from /home/airflow/.local/lib/python3.12/site-packages/airflow/example_dags/example_latest_only_with_trigger.py
[2026-05-19T08:55:09.647+0000] {processor.py:840} INFO - DAG(s) 'latest_only_with_trigger' retrieved from /home/airflow/.local/lib/python3.12/site-packages/airflow/example_dags/example_latest_only_with_trigger.py
[2026-05-19T08:55:09.724+0000] {logging_mixin.py:188} INFO - [2026-05-19T08:55:09.723+0000] {dag.py:3089} INFO - Sync 1 DAGs
[2026-05-19T08:55:09.820+0000] {logging_mixin.py:188} INFO - [2026-05-19T08:55:09.820+0000] {dag.py:3947} INFO - Setting next_dagrun for latest_only_with_trigger to 2026-05-19 04:00:00+00:00, run_after=2026-05-19 08:00:00+00:00
[2026-05-19T08:55:09.888+0000] {processor.py:183} INFO - Processing /home/airflow/.local/lib/python3.12/site-packages/airflow/example_dags/example_latest_only_with_trigger.py took 0.289 seconds
[2026-05-19T08:55:40.110+0000] {processor.py:161} INFO - Started process (PID=6573) to work on /home/airflow/.local/lib/python3.12/site-packages/airflow/example_dags/example_latest_only_with_trigger.py
[2026-05-19T08:55:40.114+0000] {processor.py:830} INFO - Processing file /home/airflow/.local/lib/python3.12/site-packages/airflow/example_dags/example_latest_only_with_trigger.py for tasks to queue
[2026-05-19T08:55:40.121+0000] {logging_mixin.py:188} INFO - [2026-05-19T08:55:40.120+0000] {dagbag.py:545} INFO - Filling up the DagBag from /home/airflow/.local/lib/python3.12/site-packages/airflow/example_dags/example_latest_only_with_trigger.py
[2026-05-19T08:55:40.144+0000] {processor.py:840} INFO - DAG(s) 'latest_only_with_trigger' retrieved from /home/airflow/.local/lib/python3.12/site-packages/airflow/example_dags/example_latest_only_with_trigger.py
[2026-05-19T08:55:40.235+0000] {logging_mixin.py:188} INFO - [2026-05-19T08:55:40.234+0000] {dag.py:3089} INFO - Sync 1 DAGs
[2026-05-19T08:55:40.318+0000] {logging_mixin.py:188} INFO - [2026-05-19T08:55:40.317+0000] {dag.py:3947} INFO - Setting next_dagrun for latest_only_with_trigger to 2026-05-19 04:00:00+00:00, run_after=2026-05-19 08:00:00+00:00
[2026-05-19T08:55:40.391+0000] {processor.py:183} INFO - Processing /home/airflow/.local/lib/python3.12/site-packages/airflow/example_dags/example_latest_only_with_trigger.py took 0.303 seconds
[2026-05-19T08:56:10.930+0000] {processor.py:161} INFO - Started process (PID=6633) to work on /home/airflow/.local/lib/python3.12/site-packages/airflow/example_dags/example_latest_only_with_trigger.py
[2026-05-19T08:56:10.932+0000] {processor.py:830} INFO - Processing file /home/airflow/.local/lib/python3.12/site-packages/airflow/example_dags/example_latest_only_with_trigger.py for tasks to queue
[2026-05-19T08:56:10.938+0000] {logging_mixin.py:188} INFO - [2026-05-19T08:56:10.937+0000] {dagbag.py:545} INFO - Filling up the DagBag from /home/airflow/.local/lib/python3.12/site-packages/airflow/example_dags/example_latest_only_with_trigger.py
[2026-05-19T08:56:10.952+0000] {processor.py:840} INFO - DAG(s) 'latest_only_with_trigger' retrieved from /home/airflow/.local/lib/python3.12/site-packages/airflow/example_dags/example_latest_only_with_trigger.py
[2026-05-19T08:56:11.013+0000] {logging_mixin.py:188} INFO - [2026-05-19T08:56:11.012+0000] {dag.py:3089} INFO - Sync 1 DAGs
[2026-05-19T08:56:11.079+0000] {logging_mixin.py:188} INFO - [2026-05-19T08:56:11.079+0000] {dag.py:3947} INFO - Setting next_dagrun for latest_only_with_trigger to 2026-05-19 04:00:00+00:00, run_after=2026-05-19 08:00:00+00:00
[2026-05-19T08:56:11.151+0000] {processor.py:183} INFO - Processing /home/airflow/.local/lib/python3.12/site-packages/airflow/example_dags/example_latest_only_with_trigger.py took 0.237 seconds
[2026-05-19T08:56:41.492+0000] {processor.py:161} INFO - Started process (PID=6693) to work on /home/airflow/.local/lib/python3.12/site-packages/airflow/example_dags/example_latest_only_with_trigger.py
[2026-05-19T08:56:41.496+0000] {processor.py:830} INFO - Processing file /home/airflow/.local/lib/python3.12/site-packages/airflow/example_dags/example_latest_only_with_trigger.py for tasks to queue
[2026-05-19T08:56:41.504+0000] {logging_mixin.py:188} INFO - [2026-05-19T08:56:41.502+0000] {dagbag.py:545} INFO - Filling up the DagBag from /home/airflow/.local/lib/python3.12/site-packages/airflow/example_dags/example_latest_only_with_trigger.py
[2026-05-19T08:56:41.532+0000] {processor.py:840} INFO - DAG(s) 'latest_only_with_trigger' retrieved from /home/airflow/.local/lib/python3.12/site-packages/airflow/example_dags/example_latest_only_with_trigger.py
[2026-05-19T08:56:41.616+0000] {logging_mixin.py:188} INFO - [2026-05-19T08:56:41.615+0000] {dag.py:3089} INFO - Sync 1 DAGs
[2026-05-19T08:56:41.791+0000] {logging_mixin.py:188} INFO - [2026-05-19T08:56:41.789+0000] {dag.py:3947} INFO - Setting next_dagrun for latest_only_with_trigger to 2026-05-19 04:00:00+00:00, run_after=2026-05-19 08:00:00+00:00
[2026-05-19T08:56:41.884+0000] {processor.py:183} INFO - Processing /home/airflow/.local/lib/python3.12/site-packages/airflow/example_dags/example_latest_only_with_trigger.py took 0.409 seconds
[2026-05-19T08:57:12.057+0000] {processor.py:161} INFO - Started process (PID=6752) to work on /home/airflow/.local/lib/python3.12/site-packages/airflow/example_dags/example_latest_only_with_trigger.py
[2026-05-19T08:57:12.060+0000] {processor.py:830} INFO - Processing file /home/airflow/.local/lib/python3.12/site-packages/airflow/example_dags/example_latest_only_with_trigger.py for tasks to queue
[2026-05-19T08:57:12.067+0000] {logging_mixin.py:188} INFO - [2026-05-19T08:57:12.065+0000] {dagbag.py:545} INFO - Filling up the DagBag from /home/airflow/.local/lib/python3.12/site-packages/airflow/example_dags/example_latest_only_with_trigger.py
[2026-05-19T08:57:12.160+0000] {processor.py:840} INFO - DAG(s) 'latest_only_with_trigger' retrieved from /home/airflow/.local/lib/python3.12/site-packages/airflow/example_dags/example_latest_only_with_trigger.py
[2026-05-19T08:57:12.247+0000] {logging_mixin.py:188} INFO - [2026-05-19T08:57:12.246+0000] {dag.py:3089} INFO - Sync 1 DAGs
[2026-05-19T08:57:12.368+0000] {logging_mixin.py:188} INFO - [2026-05-19T08:57:12.368+0000] {dag.py:3947} INFO - Setting next_dagrun for latest_only_with_trigger to 2026-05-19 04:00:00+00:00, run_after=2026-05-19 08:00:00+00:00
[2026-05-19T08:57:12.472+0000] {processor.py:183} INFO - Processing /home/airflow/.local/lib/python3.12/site-packages/airflow/example_dags/example_latest_only_with_trigger.py took 0.435 seconds
[2026-05-19T08:57:42.818+0000] {processor.py:161} INFO - Started process (PID=6812) to work on /home/airflow/.local/lib/python3.12/site-packages/airflow/example_dags/example_latest_only_with_trigger.py
[2026-05-19T08:57:42.822+0000] {processor.py:830} INFO - Processing file /home/airflow/.local/lib/python3.12/site-packages/airflow/example_dags/example_latest_only_with_trigger.py for tasks to queue
[2026-05-19T08:57:42.830+0000] {logging_mixin.py:188} INFO - [2026-05-19T08:57:42.828+0000] {dagbag.py:545} INFO - Filling up the DagBag from /home/airflow/.local/lib/python3.12/site-packages/airflow/example_dags/example_latest_only_with_trigger.py
[2026-05-19T08:57:42.856+0000] {processor.py:840} INFO - DAG(s) 'latest_only_with_trigger' retrieved from /home/airflow/.local/lib/python3.12/site-packages/airflow/example_dags/example_latest_only_with_trigger.py
[2026-05-19T08:57:43.006+0000] {logging_mixin.py:188} INFO - [2026-05-19T08:57:43.001+0000] {dag.py:3089} INFO - Sync 1 DAGs
[2026-05-19T08:57:43.214+0000] {logging_mixin.py:188} INFO - [2026-05-19T08:57:43.208+0000] {dag.py:3947} INFO - Setting next_dagrun for latest_only_with_trigger to 2026-05-19 04:00:00+00:00, run_after=2026-05-19 08:00:00+00:00
[2026-05-19T08:57:43.446+0000] {processor.py:183} INFO - Processing /home/airflow/.local/lib/python3.12/site-packages/airflow/example_dags/example_latest_only_with_trigger.py took 0.635 seconds
[2026-05-19T08:58:14.365+0000] {processor.py:161} INFO - Started process (PID=6872) to work on /home/airflow/.local/lib/python3.12/site-packages/airflow/example_dags/example_latest_only_with_trigger.py
[2026-05-19T08:58:14.368+0000] {processor.py:830} INFO - Processing file /home/airflow/.local/lib/python3.12/site-packages/airflow/example_dags/example_latest_only_with_trigger.py for tasks to queue
[2026-05-19T08:58:14.373+0000] {logging_mixin.py:188} INFO - [2026-05-19T08:58:14.372+0000] {dagbag.py:545} INFO - Filling up the DagBag from /home/airflow/.local/lib/python3.12/site-packages/airflow/example_dags/example_latest_only_with_trigger.py
[2026-05-19T08:58:14.390+0000] {processor.py:840} INFO - DAG(s) 'latest_only_with_trigger' retrieved from /home/airflow/.local/lib/python3.12/site-packages/airflow/example_dags/example_latest_only_with_trigger.py
[2026-05-19T08:58:14.465+0000] {logging_mixin.py:188} INFO - [2026-05-19T08:58:14.464+0000] {dag.py:3089} INFO - Sync 1 DAGs
[2026-05-19T08:58:14.517+0000] {logging_mixin.py:188} INFO - [2026-05-19T08:58:14.517+0000] {dag.py:3947} INFO - Setting next_dagrun for latest_only_with_trigger to 2026-05-19 04:00:00+00:00, run_after=2026-05-19 08:00:00+00:00
[2026-05-19T08:58:14.577+0000] {processor.py:183} INFO - Processing /home/airflow/.local/lib/python3.12/site-packages/airflow/example_dags/example_latest_only_with_trigger.py took 0.232 seconds
[2026-05-19T08:58:45.349+0000] {processor.py:161} INFO - Started process (PID=6932) to work on /home/airflow/.local/lib/python3.12/site-packages/airflow/example_dags/example_latest_only_with_trigger.py
[2026-05-19T08:58:45.352+0000] {processor.py:830} INFO - Processing file /home/airflow/.local/lib/python3.12/site-packages/airflow/example_dags/example_latest_only_with_trigger.py for tasks to queue
[2026-05-19T08:58:45.359+0000] {logging_mixin.py:188} INFO - [2026-05-19T08:58:45.358+0000] {dagbag.py:545} INFO - Filling up the DagBag from /home/airflow/.local/lib/python3.12/site-packages/airflow/example_dags/example_latest_only_with_trigger.py
[2026-05-19T08:58:45.375+0000] {processor.py:840} INFO - DAG(s) 'latest_only_with_trigger' retrieved from /home/airflow/.local/lib/python3.12/site-packages/airflow/example_dags/example_latest_only_with_trigger.py
[2026-05-19T08:58:45.442+0000] {logging_mixin.py:188} INFO - [2026-05-19T08:58:45.442+0000] {dag.py:3089} INFO - Sync 1 DAGs
[2026-05-19T08:58:45.496+0000] {logging_mixin.py:188} INFO - [2026-05-19T08:58:45.495+0000] {dag.py:3947} INFO - Setting next_dagrun for latest_only_with_trigger to 2026-05-19 04:00:00+00:00, run_after=2026-05-19 08:00:00+00:00
[2026-05-19T08:58:45.568+0000] {processor.py:183} INFO - Processing /home/airflow/.local/lib/python3.12/site-packages/airflow/example_dags/example_latest_only_with_trigger.py took 0.240 seconds
[2026-05-19T08:59:22.749+0000] {processor.py:161} INFO - Started process (PID=6988) to work on /home/airflow/.local/lib/python3.12/site-packages/airflow/example_dags/example_latest_only_with_trigger.py
[2026-05-19T08:59:22.752+0000] {processor.py:830} INFO - Processing file /home/airflow/.local/lib/python3.12/site-packages/airflow/example_dags/example_latest_only_with_trigger.py for tasks to queue
[2026-05-19T08:59:22.759+0000] {logging_mixin.py:188} INFO - [2026-05-19T08:59:22.758+0000] {dagbag.py:545} INFO - Filling up the DagBag from /home/airflow/.local/lib/python3.12/site-packages/airflow/example_dags/example_latest_only_with_trigger.py
[2026-05-19T08:59:22.797+0000] {processor.py:840} INFO - DAG(s) 'latest_only_with_trigger' retrieved from /home/airflow/.local/lib/python3.12/site-packages/airflow/example_dags/example_latest_only_with_trigger.py
[2026-05-19T08:59:22.948+0000] {logging_mixin.py:188} INFO - [2026-05-19T08:59:22.946+0000] {dag.py:3089} INFO - Sync 1 DAGs
[2026-05-19T08:59:23.205+0000] {logging_mixin.py:188} INFO - [2026-05-19T08:59:23.204+0000] {dag.py:3947} INFO - Setting next_dagrun for latest_only_with_trigger to 2026-05-19 04:00:00+00:00, run_after=2026-05-19 08:00:00+00:00
[2026-05-19T08:59:23.399+0000] {processor.py:183} INFO - Processing /home/airflow/.local/lib/python3.12/site-packages/airflow/example_dags/example_latest_only_with_trigger.py took 0.669 seconds
[2026-05-19T09:00:00.234+0000] {processor.py:161} INFO - Started process (PID=7049) to work on /home/airflow/.local/lib/python3.12/site-packages/airflow/example_dags/example_latest_only_with_trigger.py
[2026-05-19T09:00:00.238+0000] {processor.py:830} INFO - Processing file /home/airflow/.local/lib/python3.12/site-packages/airflow/example_dags/example_latest_only_with_trigger.py for tasks to queue
[2026-05-19T09:00:00.244+0000] {logging_mixin.py:188} INFO - [2026-05-19T09:00:00.243+0000] {dagbag.py:545} INFO - Filling up the DagBag from /home/airflow/.local/lib/python3.12/site-packages/airflow/example_dags/example_latest_only_with_trigger.py
[2026-05-19T09:00:00.279+0000] {processor.py:840} INFO - DAG(s) 'latest_only_with_trigger' retrieved from /home/airflow/.local/lib/python3.12/site-packages/airflow/example_dags/example_latest_only_with_trigger.py
[2026-05-19T09:00:00.352+0000] {logging_mixin.py:188} INFO - [2026-05-19T09:00:00.351+0000] {dag.py:3089} INFO - Sync 1 DAGs
[2026-05-19T09:00:00.819+0000] {logging_mixin.py:188} INFO - [2026-05-19T09:00:00.818+0000] {dag.py:3947} INFO - Setting next_dagrun for latest_only_with_trigger to 2026-05-19 04:00:00+00:00, run_after=2026-05-19 08:00:00+00:00
[2026-05-19T09:00:00.896+0000] {processor.py:183} INFO - Processing /home/airflow/.local/lib/python3.12/site-packages/airflow/example_dags/example_latest_only_with_trigger.py took 0.676 seconds
[2026-05-19T09:00:31.397+0000] {processor.py:161} INFO - Started process (PID=7109) to work on /home/airflow/.local/lib/python3.12/site-packages/airflow/example_dags/example_latest_only_with_trigger.py
[2026-05-19T09:00:31.400+0000] {processor.py:830} INFO - Processing file /home/airflow/.local/lib/python3.12/site-packages/airflow/example_dags/example_latest_only_with_trigger.py for tasks to queue
[2026-05-19T09:00:31.407+0000] {logging_mixin.py:188} INFO - [2026-05-19T09:00:31.406+0000] {dagbag.py:545} INFO - Filling up the DagBag from /home/airflow/.local/lib/python3.12/site-packages/airflow/example_dags/example_latest_only_with_trigger.py
[2026-05-19T09:00:31.422+0000] {processor.py:840} INFO - DAG(s) 'latest_only_with_trigger' retrieved from /home/airflow/.local/lib/python3.12/site-packages/airflow/example_dags/example_latest_only_with_trigger.py
[2026-05-19T09:00:31.486+0000] {logging_mixin.py:188} INFO - [2026-05-19T09:00:31.486+0000] {dag.py:3089} INFO - Sync 1 DAGs
[2026-05-19T09:00:31.552+0000] {logging_mixin.py:188} INFO - [2026-05-19T09:00:31.552+0000] {dag.py:3947} INFO - Setting next_dagrun for latest_only_with_trigger to 2026-05-19 04:00:00+00:00, run_after=2026-05-19 08:00:00+00:00
[2026-05-19T09:00:31.620+0000] {processor.py:183} INFO - Processing /home/airflow/.local/lib/python3.12/site-packages/airflow/example_dags/example_latest_only_with_trigger.py took 0.238 seconds
[2026-05-19T09:01:02.640+0000] {processor.py:161} INFO - Started process (PID=7170) to work on /home/airflow/.local/lib/python3.12/site-packages/airflow/example_dags/example_latest_only_with_trigger.py
[2026-05-19T09:01:02.644+0000] {processor.py:830} INFO - Processing file /home/airflow/.local/lib/python3.12/site-packages/airflow/example_dags/example_latest_only_with_trigger.py for tasks to queue
[2026-05-19T09:01:02.650+0000] {logging_mixin.py:188} INFO - [2026-05-19T09:01:02.649+0000] {dagbag.py:545} INFO - Filling up the DagBag from /home/airflow/.local/lib/python3.12/site-packages/airflow/example_dags/example_latest_only_with_trigger.py
[2026-05-19T09:01:02.671+0000] {processor.py:840} INFO - DAG(s) 'latest_only_with_trigger' retrieved from /home/airflow/.local/lib/python3.12/site-packages/airflow/example_dags/example_latest_only_with_trigger.py
[2026-05-19T09:01:02.742+0000] {logging_mixin.py:188} INFO - [2026-05-19T09:01:02.741+0000] {dag.py:3089} INFO - Sync 1 DAGs
[2026-05-19T09:01:02.815+0000] {logging_mixin.py:188} INFO - [2026-05-19T09:01:02.813+0000] {dag.py:3947} INFO - Setting next_dagrun for latest_only_with_trigger to 2026-05-19 04:00:00+00:00, run_after=2026-05-19 08:00:00+00:00
[2026-05-19T09:01:02.887+0000] {processor.py:183} INFO - Processing /home/airflow/.local/lib/python3.12/site-packages/airflow/example_dags/example_latest_only_with_trigger.py took 0.267 seconds
[2026-05-19T09:01:37.000+0000] {processor.py:161} INFO - Started process (PID=7230) to work on /home/airflow/.local/lib/python3.12/site-packages/airflow/example_dags/example_latest_only_with_trigger.py
[2026-05-19T09:01:37.003+0000] {processor.py:830} INFO - Processing file /home/airflow/.local/lib/python3.12/site-packages/airflow/example_dags/example_latest_only_with_trigger.py for tasks to queue
[2026-05-19T09:01:37.007+0000] {logging_mixin.py:188} INFO - [2026-05-19T09:01:37.007+0000] {dagbag.py:545} INFO - Filling up the DagBag from /home/airflow/.local/lib/python3.12/site-packages/airflow/example_dags/example_latest_only_with_trigger.py
[2026-05-19T09:01:37.024+0000] {processor.py:840} INFO - DAG(s) 'latest_only_with_trigger' retrieved from /home/airflow/.local/lib/python3.12/site-packages/airflow/example_dags/example_latest_only_with_trigger.py
[2026-05-19T09:01:37.081+0000] {logging_mixin.py:188} INFO - [2026-05-19T09:01:37.081+0000] {dag.py:3089} INFO - Sync 1 DAGs
[2026-05-19T09:01:37.414+0000] {logging_mixin.py:188} INFO - [2026-05-19T09:01:37.413+0000] {dag.py:3947} INFO - Setting next_dagrun for latest_only_with_trigger to 2026-05-19 04:00:00+00:00, run_after=2026-05-19 08:00:00+00:00
[2026-05-19T09:01:37.450+0000] {processor.py:183} INFO - Processing /home/airflow/.local/lib/python3.12/site-packages/airflow/example_dags/example_latest_only_with_trigger.py took 0.464 seconds
[2026-05-19T09:02:07.643+0000] {processor.py:161} INFO - Started process (PID=7288) to work on /home/airflow/.local/lib/python3.12/site-packages/airflow/example_dags/example_latest_only_with_trigger.py
[2026-05-19T09:02:07.649+0000] {processor.py:830} INFO - Processing file /home/airflow/.local/lib/python3.12/site-packages/airflow/example_dags/example_latest_only_with_trigger.py for tasks to queue
[2026-05-19T09:02:07.660+0000] {logging_mixin.py:188} INFO - [2026-05-19T09:02:07.658+0000] {dagbag.py:545} INFO - Filling up the DagBag from /home/airflow/.local/lib/python3.12/site-packages/airflow/example_dags/example_latest_only_with_trigger.py
[2026-05-19T09:02:07.683+0000] {processor.py:840} INFO - DAG(s) 'latest_only_with_trigger' retrieved from /home/airflow/.local/lib/python3.12/site-packages/airflow/example_dags/example_latest_only_with_trigger.py
[2026-05-19T09:02:07.783+0000] {logging_mixin.py:188} INFO - [2026-05-19T09:02:07.782+0000] {dag.py:3089} INFO - Sync 1 DAGs
[2026-05-19T09:02:07.868+0000] {logging_mixin.py:188} INFO - [2026-05-19T09:02:07.867+0000] {dag.py:3947} INFO - Setting next_dagrun for latest_only_with_trigger to 2026-05-19 04:00:00+00:00, run_after=2026-05-19 08:00:00+00:00
[2026-05-19T09:02:07.945+0000] {processor.py:183} INFO - Processing /home/airflow/.local/lib/python3.12/site-packages/airflow/example_dags/example_latest_only_with_trigger.py took 0.328 seconds
[2026-05-19T09:02:38.270+0000] {processor.py:161} INFO - Started process (PID=7348) to work on /home/airflow/.local/lib/python3.12/site-packages/airflow/example_dags/example_latest_only_with_trigger.py
[2026-05-19T09:02:38.274+0000] {processor.py:830} INFO - Processing file /home/airflow/.local/lib/python3.12/site-packages/airflow/example_dags/example_latest_only_with_trigger.py for tasks to queue
[2026-05-19T09:02:38.280+0000] {logging_mixin.py:188} INFO - [2026-05-19T09:02:38.279+0000] {dagbag.py:545} INFO - Filling up the DagBag from /home/airflow/.local/lib/python3.12/site-packages/airflow/example_dags/example_latest_only_with_trigger.py
[2026-05-19T09:02:38.299+0000] {processor.py:840} INFO - DAG(s) 'latest_only_with_trigger' retrieved from /home/airflow/.local/lib/python3.12/site-packages/airflow/example_dags/example_latest_only_with_trigger.py
[2026-05-19T09:02:38.361+0000] {logging_mixin.py:188} INFO - [2026-05-19T09:02:38.360+0000] {dag.py:3089} INFO - Sync 1 DAGs
[2026-05-19T09:02:38.420+0000] {logging_mixin.py:188} INFO - [2026-05-19T09:02:38.419+0000] {dag.py:3947} INFO - Setting next_dagrun for latest_only_with_trigger to 2026-05-19 04:00:00+00:00, run_after=2026-05-19 08:00:00+00:00
[2026-05-19T09:02:38.475+0000] {processor.py:183} INFO - Processing /home/airflow/.local/lib/python3.12/site-packages/airflow/example_dags/example_latest_only_with_trigger.py took 0.220 seconds
[2026-05-19T09:03:09.023+0000] {processor.py:161} INFO - Started process (PID=7408) to work on /home/airflow/.local/lib/python3.12/site-packages/airflow/example_dags/example_latest_only_with_trigger.py
[2026-05-19T09:03:09.026+0000] {processor.py:830} INFO - Processing file /home/airflow/.local/lib/python3.12/site-packages/airflow/example_dags/example_latest_only_with_trigger.py for tasks to queue
[2026-05-19T09:03:09.032+0000] {logging_mixin.py:188} INFO - [2026-05-19T09:03:09.031+0000] {dagbag.py:545} INFO - Filling up the DagBag from /home/airflow/.local/lib/python3.12/site-packages/airflow/example_dags/example_latest_only_with_trigger.py
[2026-05-19T09:03:09.052+0000] {processor.py:840} INFO - DAG(s) 'latest_only_with_trigger' retrieved from /home/airflow/.local/lib/python3.12/site-packages/airflow/example_dags/example_latest_only_with_trigger.py
[2026-05-19T09:03:09.117+0000] {logging_mixin.py:188} INFO - [2026-05-19T09:03:09.116+0000] {dag.py:3089} INFO - Sync 1 DAGs
[2026-05-19T09:03:09.192+0000] {logging_mixin.py:188} INFO - [2026-05-19T09:03:09.191+0000] {dag.py:3947} INFO - Setting next_dagrun for latest_only_with_trigger to 2026-05-19 04:00:00+00:00, run_after=2026-05-19 08:00:00+00:00
[2026-05-19T09:03:09.265+0000] {processor.py:183} INFO - Processing /home/airflow/.local/lib/python3.12/site-packages/airflow/example_dags/example_latest_only_with_trigger.py took 0.260 seconds
[2026-05-19T09:03:39.910+0000] {processor.py:161} INFO - Started process (PID=7468) to work on /home/airflow/.local/lib/python3.12/site-packages/airflow/example_dags/example_latest_only_with_trigger.py
[2026-05-19T09:03:39.915+0000] {processor.py:830} INFO - Processing file /home/airflow/.local/lib/python3.12/site-packages/airflow/example_dags/example_latest_only_with_trigger.py for tasks to queue
[2026-05-19T09:03:39.924+0000] {logging_mixin.py:188} INFO - [2026-05-19T09:03:39.922+0000] {dagbag.py:545} INFO - Filling up the DagBag from /home/airflow/.local/lib/python3.12/site-packages/airflow/example_dags/example_latest_only_with_trigger.py
[2026-05-19T09:03:39.948+0000] {processor.py:840} INFO - DAG(s) 'latest_only_with_trigger' retrieved from /home/airflow/.local/lib/python3.12/site-packages/airflow/example_dags/example_latest_only_with_trigger.py
[2026-05-19T09:03:40.044+0000] {logging_mixin.py:188} INFO - [2026-05-19T09:03:40.042+0000] {dag.py:3089} INFO - Sync 1 DAGs
[2026-05-19T09:03:40.116+0000] {logging_mixin.py:188} INFO - [2026-05-19T09:03:40.115+0000] {dag.py:3947} INFO - Setting next_dagrun for latest_only_with_trigger to 2026-05-19 04:00:00+00:00, run_after=2026-05-19 08:00:00+00:00
[2026-05-19T09:03:40.209+0000] {processor.py:183} INFO - Processing /home/airflow/.local/lib/python3.12/site-packages/airflow/example_dags/example_latest_only_with_trigger.py took 0.318 seconds
[2026-05-19T09:04:10.470+0000] {processor.py:161} INFO - Started process (PID=7528) to work on /home/airflow/.local/lib/python3.12/site-packages/airflow/example_dags/example_latest_only_with_trigger.py
[2026-05-19T09:04:10.473+0000] {processor.py:830} INFO - Processing file /home/airflow/.local/lib/python3.12/site-packages/airflow/example_dags/example_latest_only_with_trigger.py for tasks to queue
[2026-05-19T09:04:10.481+0000] {logging_mixin.py:188} INFO - [2026-05-19T09:04:10.479+0000] {dagbag.py:545} INFO - Filling up the DagBag from /home/airflow/.local/lib/python3.12/site-packages/airflow/example_dags/example_latest_only_with_trigger.py
[2026-05-19T09:04:10.506+0000] {processor.py:840} INFO - DAG(s) 'latest_only_with_trigger' retrieved from /home/airflow/.local/lib/python3.12/site-packages/airflow/example_dags/example_latest_only_with_trigger.py
[2026-05-19T09:04:10.598+0000] {logging_mixin.py:188} INFO - [2026-05-19T09:04:10.597+0000] {dag.py:3089} INFO - Sync 1 DAGs
[2026-05-19T09:04:10.692+0000] {logging_mixin.py:188} INFO - [2026-05-19T09:04:10.692+0000] {dag.py:3947} INFO - Setting next_dagrun for latest_only_with_trigger to 2026-05-19 04:00:00+00:00, run_after=2026-05-19 08:00:00+00:00
[2026-05-19T09:04:10.797+0000] {processor.py:183} INFO - Processing /home/airflow/.local/lib/python3.12/site-packages/airflow/example_dags/example_latest_only_with_trigger.py took 0.348 seconds
[2026-05-19T09:04:41.535+0000] {processor.py:161} INFO - Started process (PID=7588) to work on /home/airflow/.local/lib/python3.12/site-packages/airflow/example_dags/example_latest_only_with_trigger.py
[2026-05-19T09:04:41.538+0000] {processor.py:830} INFO - Processing file /home/airflow/.local/lib/python3.12/site-packages/airflow/example_dags/example_latest_only_with_trigger.py for tasks to queue
[2026-05-19T09:04:41.544+0000] {logging_mixin.py:188} INFO - [2026-05-19T09:04:41.543+0000] {dagbag.py:545} INFO - Filling up the DagBag from /home/airflow/.local/lib/python3.12/site-packages/airflow/example_dags/example_latest_only_with_trigger.py
[2026-05-19T09:04:41.562+0000] {processor.py:840} INFO - DAG(s) 'latest_only_with_trigger' retrieved from /home/airflow/.local/lib/python3.12/site-packages/airflow/example_dags/example_latest_only_with_trigger.py
[2026-05-19T09:04:41.633+0000] {logging_mixin.py:188} INFO - [2026-05-19T09:04:41.631+0000] {dag.py:3089} INFO - Sync 1 DAGs
[2026-05-19T09:04:41.723+0000] {logging_mixin.py:188} INFO - [2026-05-19T09:04:41.722+0000] {dag.py:3947} INFO - Setting next_dagrun for latest_only_with_trigger to 2026-05-19 04:00:00+00:00, run_after=2026-05-19 08:00:00+00:00
[2026-05-19T09:04:41.781+0000] {processor.py:183} INFO - Processing /home/airflow/.local/lib/python3.12/site-packages/airflow/example_dags/example_latest_only_with_trigger.py took 0.262 seconds
[2026-05-19T09:05:12.499+0000] {processor.py:161} INFO - Started process (PID=7648) to work on /home/airflow/.local/lib/python3.12/site-packages/airflow/example_dags/example_latest_only_with_trigger.py
[2026-05-19T09:05:12.503+0000] {processor.py:830} INFO - Processing file /home/airflow/.local/lib/python3.12/site-packages/airflow/example_dags/example_latest_only_with_trigger.py for tasks to queue
[2026-05-19T09:05:12.510+0000] {logging_mixin.py:188} INFO - [2026-05-19T09:05:12.508+0000] {dagbag.py:545} INFO - Filling up the DagBag from /home/airflow/.local/lib/python3.12/site-packages/airflow/example_dags/example_latest_only_with_trigger.py
[2026-05-19T09:05:12.528+0000] {processor.py:840} INFO - DAG(s) 'latest_only_with_trigger' retrieved from /home/airflow/.local/lib/python3.12/site-packages/airflow/example_dags/example_latest_only_with_trigger.py
[2026-05-19T09:05:12.607+0000] {logging_mixin.py:188} INFO - [2026-05-19T09:05:12.606+0000] {dag.py:3089} INFO - Sync 1 DAGs
[2026-05-19T09:05:12.729+0000] {logging_mixin.py:188} INFO - [2026-05-19T09:05:12.727+0000] {dag.py:3947} INFO - Setting next_dagrun for latest_only_with_trigger to 2026-05-19 04:00:00+00:00, run_after=2026-05-19 08:00:00+00:00
[2026-05-19T09:05:12.812+0000] {processor.py:183} INFO - Processing /home/airflow/.local/lib/python3.12/site-packages/airflow/example_dags/example_latest_only_with_trigger.py took 0.328 seconds
[2026-05-19T09:05:43.601+0000] {processor.py:161} INFO - Started process (PID=7714) to work on /home/airflow/.local/lib/python3.12/site-packages/airflow/example_dags/example_latest_only_with_trigger.py
[2026-05-19T09:05:43.605+0000] {processor.py:830} INFO - Processing file /home/airflow/.local/lib/python3.12/site-packages/airflow/example_dags/example_latest_only_with_trigger.py for tasks to queue
[2026-05-19T09:05:43.614+0000] {logging_mixin.py:188} INFO - [2026-05-19T09:05:43.612+0000] {dagbag.py:545} INFO - Filling up the DagBag from /home/airflow/.local/lib/python3.12/site-packages/airflow/example_dags/example_latest_only_with_trigger.py
[2026-05-19T09:05:43.639+0000] {processor.py:840} INFO - DAG(s) 'latest_only_with_trigger' retrieved from /home/airflow/.local/lib/python3.12/site-packages/airflow/example_dags/example_latest_only_with_trigger.py
[2026-05-19T09:05:43.772+0000] {logging_mixin.py:188} INFO - [2026-05-19T09:05:43.769+0000] {dag.py:3089} INFO - Sync 1 DAGs
[2026-05-19T09:05:43.976+0000] {logging_mixin.py:188} INFO - [2026-05-19T09:05:43.975+0000] {dag.py:3947} INFO - Setting next_dagrun for latest_only_with_trigger to 2026-05-19 04:00:00+00:00, run_after=2026-05-19 08:00:00+00:00
[2026-05-19T09:05:44.105+0000] {processor.py:183} INFO - Processing /home/airflow/.local/lib/python3.12/site-packages/airflow/example_dags/example_latest_only_with_trigger.py took 0.548 seconds
[2026-05-19T09:06:14.748+0000] {processor.py:161} INFO - Started process (PID=7774) to work on /home/airflow/.local/lib/python3.12/site-packages/airflow/example_dags/example_latest_only_with_trigger.py
[2026-05-19T09:06:14.751+0000] {processor.py:830} INFO - Processing file /home/airflow/.local/lib/python3.12/site-packages/airflow/example_dags/example_latest_only_with_trigger.py for tasks to queue
[2026-05-19T09:06:14.762+0000] {logging_mixin.py:188} INFO - [2026-05-19T09:06:14.760+0000] {dagbag.py:545} INFO - Filling up the DagBag from /home/airflow/.local/lib/python3.12/site-packages/airflow/example_dags/example_latest_only_with_trigger.py
[2026-05-19T09:06:14.802+0000] {processor.py:840} INFO - DAG(s) 'latest_only_with_trigger' retrieved from /home/airflow/.local/lib/python3.12/site-packages/airflow/example_dags/example_latest_only_with_trigger.py
[2026-05-19T09:06:14.900+0000] {logging_mixin.py:188} INFO - [2026-05-19T09:06:14.899+0000] {dag.py:3089} INFO - Sync 1 DAGs
[2026-05-19T09:06:14.966+0000] {logging_mixin.py:188} INFO - [2026-05-19T09:06:14.966+0000] {dag.py:3947} INFO - Setting next_dagrun for latest_only_with_trigger to 2026-05-19 04:00:00+00:00, run_after=2026-05-19 08:00:00+00:00
[2026-05-19T09:06:15.017+0000] {processor.py:183} INFO - Processing /home/airflow/.local/lib/python3.12/site-packages/airflow/example_dags/example_latest_only_with_trigger.py took 0.290 seconds
[2026-05-19T09:06:45.312+0000] {processor.py:161} INFO - Started process (PID=7833) to work on /home/airflow/.local/lib/python3.12/site-packages/airflow/example_dags/example_latest_only_with_trigger.py
[2026-05-19T09:06:45.316+0000] {processor.py:830} INFO - Processing file /home/airflow/.local/lib/python3.12/site-packages/airflow/example_dags/example_latest_only_with_trigger.py for tasks to queue
[2026-05-19T09:06:45.323+0000] {logging_mixin.py:188} INFO - [2026-05-19T09:06:45.322+0000] {dagbag.py:545} INFO - Filling up the DagBag from /home/airflow/.local/lib/python3.12/site-packages/airflow/example_dags/example_latest_only_with_trigger.py
[2026-05-19T09:06:45.344+0000] {processor.py:840} INFO - DAG(s) 'latest_only_with_trigger' retrieved from /home/airflow/.local/lib/python3.12/site-packages/airflow/example_dags/example_latest_only_with_trigger.py
[2026-05-19T09:06:45.418+0000] {logging_mixin.py:188} INFO - [2026-05-19T09:06:45.416+0000] {dag.py:3089} INFO - Sync 1 DAGs
[2026-05-19T09:06:45.503+0000] {logging_mixin.py:188} INFO - [2026-05-19T09:06:45.502+0000] {dag.py:3947} INFO - Setting next_dagrun for latest_only_with_trigger to 2026-05-19 04:00:00+00:00, run_after=2026-05-19 08:00:00+00:00
[2026-05-19T09:06:45.594+0000] {processor.py:183} INFO - Processing /home/airflow/.local/lib/python3.12/site-packages/airflow/example_dags/example_latest_only_with_trigger.py took 0.301 seconds
[2026-05-19T09:07:16.026+0000] {processor.py:161} INFO - Started process (PID=7893) to work on /home/airflow/.local/lib/python3.12/site-packages/airflow/example_dags/example_latest_only_with_trigger.py
[2026-05-19T09:07:16.031+0000] {processor.py:830} INFO - Processing file /home/airflow/.local/lib/python3.12/site-packages/airflow/example_dags/example_latest_only_with_trigger.py for tasks to queue
[2026-05-19T09:07:16.040+0000] {logging_mixin.py:188} INFO - [2026-05-19T09:07:16.038+0000] {dagbag.py:545} INFO - Filling up the DagBag from /home/airflow/.local/lib/python3.12/site-packages/airflow/example_dags/example_latest_only_with_trigger.py
[2026-05-19T09:07:16.060+0000] {processor.py:840} INFO - DAG(s) 'latest_only_with_trigger' retrieved from /home/airflow/.local/lib/python3.12/site-packages/airflow/example_dags/example_latest_only_with_trigger.py
[2026-05-19T09:07:16.155+0000] {logging_mixin.py:188} INFO - [2026-05-19T09:07:16.154+0000] {dag.py:3089} INFO - Sync 1 DAGs
[2026-05-19T09:07:16.252+0000] {logging_mixin.py:188} INFO - [2026-05-19T09:07:16.251+0000] {dag.py:3947} INFO - Setting next_dagrun for latest_only_with_trigger to 2026-05-19 04:00:00+00:00, run_after=2026-05-19 08:00:00+00:00
[2026-05-19T09:07:16.302+0000] {processor.py:183} INFO - Processing /home/airflow/.local/lib/python3.12/site-packages/airflow/example_dags/example_latest_only_with_trigger.py took 0.302 seconds
[2026-05-19T09:07:47.471+0000] {processor.py:161} INFO - Started process (PID=7953) to work on /home/airflow/.local/lib/python3.12/site-packages/airflow/example_dags/example_latest_only_with_trigger.py
[2026-05-19T09:07:47.476+0000] {processor.py:830} INFO - Processing file /home/airflow/.local/lib/python3.12/site-packages/airflow/example_dags/example_latest_only_with_trigger.py for tasks to queue
[2026-05-19T09:07:47.485+0000] {logging_mixin.py:188} INFO - [2026-05-19T09:07:47.484+0000] {dagbag.py:545} INFO - Filling up the DagBag from /home/airflow/.local/lib/python3.12/site-packages/airflow/example_dags/example_latest_only_with_trigger.py
[2026-05-19T09:07:47.513+0000] {processor.py:840} INFO - DAG(s) 'latest_only_with_trigger' retrieved from /home/airflow/.local/lib/python3.12/site-packages/airflow/example_dags/example_latest_only_with_trigger.py
[2026-05-19T09:07:47.618+0000] {logging_mixin.py:188} INFO - [2026-05-19T09:07:47.618+0000] {dag.py:3089} INFO - Sync 1 DAGs
[2026-05-19T09:07:47.681+0000] {logging_mixin.py:188} INFO - [2026-05-19T09:07:47.680+0000] {dag.py:3947} INFO - Setting next_dagrun for latest_only_with_trigger to 2026-05-19 04:00:00+00:00, run_after=2026-05-19 08:00:00+00:00
[2026-05-19T09:07:47.725+0000] {processor.py:183} INFO - Processing /home/airflow/.local/lib/python3.12/site-packages/airflow/example_dags/example_latest_only_with_trigger.py took 0.277 seconds
[2026-05-19T09:08:18.403+0000] {processor.py:161} INFO - Started process (PID=8013) to work on /home/airflow/.local/lib/python3.12/site-packages/airflow/example_dags/example_latest_only_with_trigger.py
[2026-05-19T09:08:18.406+0000] {processor.py:830} INFO - Processing file /home/airflow/.local/lib/python3.12/site-packages/airflow/example_dags/example_latest_only_with_trigger.py for tasks to queue
[2026-05-19T09:08:18.412+0000] {logging_mixin.py:188} INFO - [2026-05-19T09:08:18.411+0000] {dagbag.py:545} INFO - Filling up the DagBag from /home/airflow/.local/lib/python3.12/site-packages/airflow/example_dags/example_latest_only_with_trigger.py
[2026-05-19T09:08:18.431+0000] {processor.py:840} INFO - DAG(s) 'latest_only_with_trigger' retrieved from /home/airflow/.local/lib/python3.12/site-packages/airflow/example_dags/example_latest_only_with_trigger.py
[2026-05-19T09:08:18.486+0000] {logging_mixin.py:188} INFO - [2026-05-19T09:08:18.485+0000] {dag.py:3089} INFO - Sync 1 DAGs
[2026-05-19T09:08:18.557+0000] {logging_mixin.py:188} INFO - [2026-05-19T09:08:18.556+0000] {dag.py:3947} INFO - Setting next_dagrun for latest_only_with_trigger to 2026-05-19 04:00:00+00:00, run_after=2026-05-19 08:00:00+00:00
[2026-05-19T09:08:18.619+0000] {processor.py:183} INFO - Processing /home/airflow/.local/lib/python3.12/site-packages/airflow/example_dags/example_latest_only_with_trigger.py took 0.234 seconds
[2026-05-19T09:08:49.177+0000] {processor.py:161} INFO - Started process (PID=8073) to work on /home/airflow/.local/lib/python3.12/site-packages/airflow/example_dags/example_latest_only_with_trigger.py
[2026-05-19T09:08:49.180+0000] {processor.py:830} INFO - Processing file /home/airflow/.local/lib/python3.12/site-packages/airflow/example_dags/example_latest_only_with_trigger.py for tasks to queue
[2026-05-19T09:08:49.188+0000] {logging_mixin.py:188} INFO - [2026-05-19T09:08:49.187+0000] {dagbag.py:545} INFO - Filling up the DagBag from /home/airflow/.local/lib/python3.12/site-packages/airflow/example_dags/example_latest_only_with_trigger.py
[2026-05-19T09:08:49.204+0000] {processor.py:840} INFO - DAG(s) 'latest_only_with_trigger' retrieved from /home/airflow/.local/lib/python3.12/site-packages/airflow/example_dags/example_latest_only_with_trigger.py
[2026-05-19T09:08:49.263+0000] {logging_mixin.py:188} INFO - [2026-05-19T09:08:49.262+0000] {dag.py:3089} INFO - Sync 1 DAGs
[2026-05-19T09:08:49.326+0000] {logging_mixin.py:188} INFO - [2026-05-19T09:08:49.325+0000] {dag.py:3947} INFO - Setting next_dagrun for latest_only_with_trigger to 2026-05-19 04:00:00+00:00, run_after=2026-05-19 08:00:00+00:00
[2026-05-19T09:08:49.400+0000] {processor.py:183} INFO - Processing /home/airflow/.local/lib/python3.12/site-packages/airflow/example_dags/example_latest_only_with_trigger.py took 0.239 seconds
[2026-05-19T09:09:20.741+0000] {processor.py:161} INFO - Started process (PID=8133) to work on /home/airflow/.local/lib/python3.12/site-packages/airflow/example_dags/example_latest_only_with_trigger.py
[2026-05-19T09:09:20.745+0000] {processor.py:830} INFO - Processing file /home/airflow/.local/lib/python3.12/site-packages/airflow/example_dags/example_latest_only_with_trigger.py for tasks to queue
[2026-05-19T09:09:20.752+0000] {logging_mixin.py:188} INFO - [2026-05-19T09:09:20.750+0000] {dagbag.py:545} INFO - Filling up the DagBag from /home/airflow/.local/lib/python3.12/site-packages/airflow/example_dags/example_latest_only_with_trigger.py
[2026-05-19T09:09:20.781+0000] {processor.py:840} INFO - DAG(s) 'latest_only_with_trigger' retrieved from /home/airflow/.local/lib/python3.12/site-packages/airflow/example_dags/example_latest_only_with_trigger.py
[2026-05-19T09:09:20.875+0000] {logging_mixin.py:188} INFO - [2026-05-19T09:09:20.874+0000] {dag.py:3089} INFO - Sync 1 DAGs
[2026-05-19T09:09:20.947+0000] {logging_mixin.py:188} INFO - [2026-05-19T09:09:20.946+0000] {dag.py:3947} INFO - Setting next_dagrun for latest_only_with_trigger to 2026-05-19 04:00:00+00:00, run_after=2026-05-19 08:00:00+00:00
[2026-05-19T09:09:21.036+0000] {processor.py:183} INFO - Processing /home/airflow/.local/lib/python3.12/site-packages/airflow/example_dags/example_latest_only_with_trigger.py took 0.320 seconds
[2026-05-19T09:09:51.805+0000] {processor.py:161} INFO - Started process (PID=8195) to work on /home/airflow/.local/lib/python3.12/site-packages/airflow/example_dags/example_latest_only_with_trigger.py
[2026-05-19T09:09:51.808+0000] {processor.py:830} INFO - Processing file /home/airflow/.local/lib/python3.12/site-packages/airflow/example_dags/example_latest_only_with_trigger.py for tasks to queue
[2026-05-19T09:09:51.814+0000] {logging_mixin.py:188} INFO - [2026-05-19T09:09:51.813+0000] {dagbag.py:545} INFO - Filling up the DagBag from /home/airflow/.local/lib/python3.12/site-packages/airflow/example_dags/example_latest_only_with_trigger.py
[2026-05-19T09:09:51.829+0000] {processor.py:840} INFO - DAG(s) 'latest_only_with_trigger' retrieved from /home/airflow/.local/lib/python3.12/site-packages/airflow/example_dags/example_latest_only_with_trigger.py
[2026-05-19T09:09:51.897+0000] {logging_mixin.py:188} INFO - [2026-05-19T09:09:51.896+0000] {dag.py:3089} INFO - Sync 1 DAGs
[2026-05-19T09:09:51.964+0000] {logging_mixin.py:188} INFO - [2026-05-19T09:09:51.963+0000] {dag.py:3947} INFO - Setting next_dagrun for latest_only_with_trigger to 2026-05-19 04:00:00+00:00, run_after=2026-05-19 08:00:00+00:00
[2026-05-19T09:09:52.022+0000] {processor.py:183} INFO - Processing /home/airflow/.local/lib/python3.12/site-packages/airflow/example_dags/example_latest_only_with_trigger.py took 0.233 seconds
[2026-05-19T09:10:22.632+0000] {processor.py:161} INFO - Started process (PID=8254) to work on /home/airflow/.local/lib/python3.12/site-packages/airflow/example_dags/example_latest_only_with_trigger.py
[2026-05-19T09:10:22.638+0000] {processor.py:830} INFO - Processing file /home/airflow/.local/lib/python3.12/site-packages/airflow/example_dags/example_latest_only_with_trigger.py for tasks to queue
[2026-05-19T09:10:22.644+0000] {logging_mixin.py:188} INFO - [2026-05-19T09:10:22.643+0000] {dagbag.py:545} INFO - Filling up the DagBag from /home/airflow/.local/lib/python3.12/site-packages/airflow/example_dags/example_latest_only_with_trigger.py
[2026-05-19T09:10:22.670+0000] {processor.py:840} INFO - DAG(s) 'latest_only_with_trigger' retrieved from /home/airflow/.local/lib/python3.12/site-packages/airflow/example_dags/example_latest_only_with_trigger.py
[2026-05-19T09:10:22.744+0000] {logging_mixin.py:188} INFO - [2026-05-19T09:10:22.743+0000] {dag.py:3089} INFO - Sync 1 DAGs
[2026-05-19T09:10:22.818+0000] {logging_mixin.py:188} INFO - [2026-05-19T09:10:22.817+0000] {dag.py:3947} INFO - Setting next_dagrun for latest_only_with_trigger to 2026-05-19 04:00:00+00:00, run_after=2026-05-19 08:00:00+00:00
[2026-05-19T09:10:22.908+0000] {processor.py:183} INFO - Processing /home/airflow/.local/lib/python3.12/site-packages/airflow/example_dags/example_latest_only_with_trigger.py took 0.300 seconds
[2026-05-19T09:10:53.017+0000] {processor.py:161} INFO - Started process (PID=8313) to work on /home/airflow/.local/lib/python3.12/site-packages/airflow/example_dags/example_latest_only_with_trigger.py
[2026-05-19T09:10:53.022+0000] {processor.py:830} INFO - Processing file /home/airflow/.local/lib/python3.12/site-packages/airflow/example_dags/example_latest_only_with_trigger.py for tasks to queue
[2026-05-19T09:10:53.030+0000] {logging_mixin.py:188} INFO - [2026-05-19T09:10:53.028+0000] {dagbag.py:545} INFO - Filling up the DagBag from /home/airflow/.local/lib/python3.12/site-packages/airflow/example_dags/example_latest_only_with_trigger.py
[2026-05-19T09:10:53.050+0000] {processor.py:840} INFO - DAG(s) 'latest_only_with_trigger' retrieved from /home/airflow/.local/lib/python3.12/site-packages/airflow/example_dags/example_latest_only_with_trigger.py
[2026-05-19T09:10:53.110+0000] {logging_mixin.py:188} INFO - [2026-05-19T09:10:53.109+0000] {dag.py:3089} INFO - Sync 1 DAGs
[2026-05-19T09:10:53.178+0000] {logging_mixin.py:188} INFO - [2026-05-19T09:10:53.177+0000] {dag.py:3947} INFO - Setting next_dagrun for latest_only_with_trigger to 2026-05-19 04:00:00+00:00, run_after=2026-05-19 08:00:00+00:00
[2026-05-19T09:10:53.241+0000] {processor.py:183} INFO - Processing /home/airflow/.local/lib/python3.12/site-packages/airflow/example_dags/example_latest_only_with_trigger.py took 0.244 seconds
[2026-05-19T09:11:24.866+0000] {processor.py:161} INFO - Started process (PID=8373) to work on /home/airflow/.local/lib/python3.12/site-packages/airflow/example_dags/example_latest_only_with_trigger.py
[2026-05-19T09:11:24.870+0000] {processor.py:830} INFO - Processing file /home/airflow/.local/lib/python3.12/site-packages/airflow/example_dags/example_latest_only_with_trigger.py for tasks to queue
[2026-05-19T09:11:24.876+0000] {logging_mixin.py:188} INFO - [2026-05-19T09:11:24.875+0000] {dagbag.py:545} INFO - Filling up the DagBag from /home/airflow/.local/lib/python3.12/site-packages/airflow/example_dags/example_latest_only_with_trigger.py
[2026-05-19T09:11:24.898+0000] {processor.py:840} INFO - DAG(s) 'latest_only_with_trigger' retrieved from /home/airflow/.local/lib/python3.12/site-packages/airflow/example_dags/example_latest_only_with_trigger.py
[2026-05-19T09:11:24.986+0000] {logging_mixin.py:188} INFO - [2026-05-19T09:11:24.985+0000] {dag.py:3089} INFO - Sync 1 DAGs
[2026-05-19T09:11:25.083+0000] {logging_mixin.py:188} INFO - [2026-05-19T09:11:25.082+0000] {dag.py:3947} INFO - Setting next_dagrun for latest_only_with_trigger to 2026-05-19 04:00:00+00:00, run_after=2026-05-19 08:00:00+00:00
[2026-05-19T09:11:25.168+0000] {processor.py:183} INFO - Processing /home/airflow/.local/lib/python3.12/site-packages/airflow/example_dags/example_latest_only_with_trigger.py took 0.325 seconds
[2026-05-19T09:11:56.155+0000] {processor.py:161} INFO - Started process (PID=8433) to work on /home/airflow/.local/lib/python3.12/site-packages/airflow/example_dags/example_latest_only_with_trigger.py
[2026-05-19T09:11:56.159+0000] {processor.py:830} INFO - Processing file /home/airflow/.local/lib/python3.12/site-packages/airflow/example_dags/example_latest_only_with_trigger.py for tasks to queue
[2026-05-19T09:11:56.167+0000] {logging_mixin.py:188} INFO - [2026-05-19T09:11:56.165+0000] {dagbag.py:545} INFO - Filling up the DagBag from /home/airflow/.local/lib/python3.12/site-packages/airflow/example_dags/example_latest_only_with_trigger.py
[2026-05-19T09:11:56.189+0000] {processor.py:840} INFO - DAG(s) 'latest_only_with_trigger' retrieved from /home/airflow/.local/lib/python3.12/site-packages/airflow/example_dags/example_latest_only_with_trigger.py
[2026-05-19T09:11:56.297+0000] {logging_mixin.py:188} INFO - [2026-05-19T09:11:56.296+0000] {dag.py:3089} INFO - Sync 1 DAGs
[2026-05-19T09:11:56.390+0000] {logging_mixin.py:188} INFO - [2026-05-19T09:11:56.389+0000] {dag.py:3947} INFO - Setting next_dagrun for latest_only_with_trigger to 2026-05-19 04:00:00+00:00, run_after=2026-05-19 08:00:00+00:00
[2026-05-19T09:11:56.466+0000] {processor.py:183} INFO - Processing /home/airflow/.local/lib/python3.12/site-packages/airflow/example_dags/example_latest_only_with_trigger.py took 0.344 seconds
[2026-05-19T09:12:27.024+0000] {processor.py:161} INFO - Started process (PID=8493) to work on /home/airflow/.local/lib/python3.12/site-packages/airflow/example_dags/example_latest_only_with_trigger.py
[2026-05-19T09:12:27.028+0000] {processor.py:830} INFO - Processing file /home/airflow/.local/lib/python3.12/site-packages/airflow/example_dags/example_latest_only_with_trigger.py for tasks to queue
[2026-05-19T09:12:27.035+0000] {logging_mixin.py:188} INFO - [2026-05-19T09:12:27.033+0000] {dagbag.py:545} INFO - Filling up the DagBag from /home/airflow/.local/lib/python3.12/site-packages/airflow/example_dags/example_latest_only_with_trigger.py
[2026-05-19T09:12:27.053+0000] {processor.py:840} INFO - DAG(s) 'latest_only_with_trigger' retrieved from /home/airflow/.local/lib/python3.12/site-packages/airflow/example_dags/example_latest_only_with_trigger.py
[2026-05-19T09:12:27.127+0000] {logging_mixin.py:188} INFO - [2026-05-19T09:12:27.126+0000] {dag.py:3089} INFO - Sync 1 DAGs
[2026-05-19T09:12:27.237+0000] {logging_mixin.py:188} INFO - [2026-05-19T09:12:27.237+0000] {dag.py:3947} INFO - Setting next_dagrun for latest_only_with_trigger to 2026-05-19 04:00:00+00:00, run_after=2026-05-19 08:00:00+00:00
[2026-05-19T09:12:27.311+0000] {processor.py:183} INFO - Processing /home/airflow/.local/lib/python3.12/site-packages/airflow/example_dags/example_latest_only_with_trigger.py took 0.307 seconds
[2026-05-19T09:12:57.672+0000] {processor.py:161} INFO - Started process (PID=8553) to work on /home/airflow/.local/lib/python3.12/site-packages/airflow/example_dags/example_latest_only_with_trigger.py
[2026-05-19T09:12:57.676+0000] {processor.py:830} INFO - Processing file /home/airflow/.local/lib/python3.12/site-packages/airflow/example_dags/example_latest_only_with_trigger.py for tasks to queue
[2026-05-19T09:12:57.684+0000] {logging_mixin.py:188} INFO - [2026-05-19T09:12:57.682+0000] {dagbag.py:545} INFO - Filling up the DagBag from /home/airflow/.local/lib/python3.12/site-packages/airflow/example_dags/example_latest_only_with_trigger.py
[2026-05-19T09:12:57.703+0000] {processor.py:840} INFO - DAG(s) 'latest_only_with_trigger' retrieved from /home/airflow/.local/lib/python3.12/site-packages/airflow/example_dags/example_latest_only_with_trigger.py
[2026-05-19T09:12:57.767+0000] {logging_mixin.py:188} INFO - [2026-05-19T09:12:57.766+0000] {dag.py:3089} INFO - Sync 1 DAGs
[2026-05-19T09:12:57.846+0000] {logging_mixin.py:188} INFO - [2026-05-19T09:12:57.845+0000] {dag.py:3947} INFO - Setting next_dagrun for latest_only_with_trigger to 2026-05-19 04:00:00+00:00, run_after=2026-05-19 08:00:00+00:00
[2026-05-19T09:12:57.932+0000] {processor.py:183} INFO - Processing /home/airflow/.local/lib/python3.12/site-packages/airflow/example_dags/example_latest_only_with_trigger.py took 0.278 seconds
[2026-05-19T09:13:28.058+0000] {processor.py:161} INFO - Started process (PID=8613) to work on /home/airflow/.local/lib/python3.12/site-packages/airflow/example_dags/example_latest_only_with_trigger.py
[2026-05-19T09:13:28.061+0000] {processor.py:830} INFO - Processing file /home/airflow/.local/lib/python3.12/site-packages/airflow/example_dags/example_latest_only_with_trigger.py for tasks to queue
[2026-05-19T09:13:28.067+0000] {logging_mixin.py:188} INFO - [2026-05-19T09:13:28.066+0000] {dagbag.py:545} INFO - Filling up the DagBag from /home/airflow/.local/lib/python3.12/site-packages/airflow/example_dags/example_latest_only_with_trigger.py
[2026-05-19T09:13:28.084+0000] {processor.py:840} INFO - DAG(s) 'latest_only_with_trigger' retrieved from /home/airflow/.local/lib/python3.12/site-packages/airflow/example_dags/example_latest_only_with_trigger.py
[2026-05-19T09:13:28.143+0000] {logging_mixin.py:188} INFO - [2026-05-19T09:13:28.142+0000] {dag.py:3089} INFO - Sync 1 DAGs
[2026-05-19T09:13:28.225+0000] {logging_mixin.py:188} INFO - [2026-05-19T09:13:28.224+0000] {dag.py:3947} INFO - Setting next_dagrun for latest_only_with_trigger to 2026-05-19 04:00:00+00:00, run_after=2026-05-19 08:00:00+00:00
[2026-05-19T09:13:28.315+0000] {processor.py:183} INFO - Processing /home/airflow/.local/lib/python3.12/site-packages/airflow/example_dags/example_latest_only_with_trigger.py took 0.275 seconds
[2026-05-19T09:13:58.670+0000] {processor.py:161} INFO - Started process (PID=8672) to work on /home/airflow/.local/lib/python3.12/site-packages/airflow/example_dags/example_latest_only_with_trigger.py
[2026-05-19T09:13:58.675+0000] {processor.py:830} INFO - Processing file /home/airflow/.local/lib/python3.12/site-packages/airflow/example_dags/example_latest_only_with_trigger.py for tasks to queue
[2026-05-19T09:13:58.684+0000] {logging_mixin.py:188} INFO - [2026-05-19T09:13:58.682+0000] {dagbag.py:545} INFO - Filling up the DagBag from /home/airflow/.local/lib/python3.12/site-packages/airflow/example_dags/example_latest_only_with_trigger.py
[2026-05-19T09:13:58.709+0000] {processor.py:840} INFO - DAG(s) 'latest_only_with_trigger' retrieved from /home/airflow/.local/lib/python3.12/site-packages/airflow/example_dags/example_latest_only_with_trigger.py
[2026-05-19T09:13:58.788+0000] {logging_mixin.py:188} INFO - [2026-05-19T09:13:58.787+0000] {dag.py:3089} INFO - Sync 1 DAGs
[2026-05-19T09:13:58.927+0000] {logging_mixin.py:188} INFO - [2026-05-19T09:13:58.926+0000] {dag.py:3947} INFO - Setting next_dagrun for latest_only_with_trigger to 2026-05-19 04:00:00+00:00, run_after=2026-05-19 08:00:00+00:00
[2026-05-19T09:13:58.993+0000] {processor.py:183} INFO - Processing /home/airflow/.local/lib/python3.12/site-packages/airflow/example_dags/example_latest_only_with_trigger.py took 0.350 seconds
[2026-05-19T09:14:29.296+0000] {processor.py:161} INFO - Started process (PID=8731) to work on /home/airflow/.local/lib/python3.12/site-packages/airflow/example_dags/example_latest_only_with_trigger.py
[2026-05-19T09:14:29.299+0000] {processor.py:830} INFO - Processing file /home/airflow/.local/lib/python3.12/site-packages/airflow/example_dags/example_latest_only_with_trigger.py for tasks to queue
[2026-05-19T09:14:29.306+0000] {logging_mixin.py:188} INFO - [2026-05-19T09:14:29.305+0000] {dagbag.py:545} INFO - Filling up the DagBag from /home/airflow/.local/lib/python3.12/site-packages/airflow/example_dags/example_latest_only_with_trigger.py
[2026-05-19T09:14:29.319+0000] {processor.py:840} INFO - DAG(s) 'latest_only_with_trigger' retrieved from /home/airflow/.local/lib/python3.12/site-packages/airflow/example_dags/example_latest_only_with_trigger.py
[2026-05-19T09:14:29.382+0000] {logging_mixin.py:188} INFO - [2026-05-19T09:14:29.381+0000] {dag.py:3089} INFO - Sync 1 DAGs
[2026-05-19T09:14:29.436+0000] {logging_mixin.py:188} INFO - [2026-05-19T09:14:29.435+0000] {dag.py:3947} INFO - Setting next_dagrun for latest_only_with_trigger to 2026-05-19 04:00:00+00:00, run_after=2026-05-19 08:00:00+00:00
[2026-05-19T09:14:29.489+0000] {processor.py:183} INFO - Processing /home/airflow/.local/lib/python3.12/site-packages/airflow/example_dags/example_latest_only_with_trigger.py took 0.209 seconds
[2026-05-19T09:14:59.948+0000] {processor.py:161} INFO - Started process (PID=8791) to work on /home/airflow/.local/lib/python3.12/site-packages/airflow/example_dags/example_latest_only_with_trigger.py
[2026-05-19T09:14:59.950+0000] {processor.py:830} INFO - Processing file /home/airflow/.local/lib/python3.12/site-packages/airflow/example_dags/example_latest_only_with_trigger.py for tasks to queue
[2026-05-19T09:14:59.954+0000] {logging_mixin.py:188} INFO - [2026-05-19T09:14:59.954+0000] {dagbag.py:545} INFO - Filling up the DagBag from /home/airflow/.local/lib/python3.12/site-packages/airflow/example_dags/example_latest_only_with_trigger.py
[2026-05-19T09:14:59.989+0000] {processor.py:840} INFO - DAG(s) 'latest_only_with_trigger' retrieved from /home/airflow/.local/lib/python3.12/site-packages/airflow/example_dags/example_latest_only_with_trigger.py
[2026-05-19T09:15:00.170+0000] {logging_mixin.py:188} INFO - [2026-05-19T09:15:00.169+0000] {dag.py:3089} INFO - Sync 1 DAGs
[2026-05-19T09:15:00.318+0000] {logging_mixin.py:188} INFO - [2026-05-19T09:15:00.317+0000] {dag.py:3947} INFO - Setting next_dagrun for latest_only_with_trigger to 2026-05-19 04:00:00+00:00, run_after=2026-05-19 08:00:00+00:00
[2026-05-19T09:15:00.476+0000] {processor.py:183} INFO - Processing /home/airflow/.local/lib/python3.12/site-packages/airflow/example_dags/example_latest_only_with_trigger.py took 0.541 seconds
[2026-05-19T09:15:31.041+0000] {processor.py:161} INFO - Started process (PID=8851) to work on /home/airflow/.local/lib/python3.12/site-packages/airflow/example_dags/example_latest_only_with_trigger.py
[2026-05-19T09:15:31.045+0000] {processor.py:830} INFO - Processing file /home/airflow/.local/lib/python3.12/site-packages/airflow/example_dags/example_latest_only_with_trigger.py for tasks to queue
[2026-05-19T09:15:31.056+0000] {logging_mixin.py:188} INFO - [2026-05-19T09:15:31.054+0000] {dagbag.py:545} INFO - Filling up the DagBag from /home/airflow/.local/lib/python3.12/site-packages/airflow/example_dags/example_latest_only_with_trigger.py
[2026-05-19T09:15:31.077+0000] {processor.py:840} INFO - DAG(s) 'latest_only_with_trigger' retrieved from /home/airflow/.local/lib/python3.12/site-packages/airflow/example_dags/example_latest_only_with_trigger.py
[2026-05-19T09:15:31.140+0000] {logging_mixin.py:188} INFO - [2026-05-19T09:15:31.139+0000] {dag.py:3089} INFO - Sync 1 DAGs
[2026-05-19T09:15:31.207+0000] {logging_mixin.py:188} INFO - [2026-05-19T09:15:31.207+0000] {dag.py:3947} INFO - Setting next_dagrun for latest_only_with_trigger to 2026-05-19 04:00:00+00:00, run_after=2026-05-19 08:00:00+00:00
[2026-05-19T09:15:31.263+0000] {processor.py:183} INFO - Processing /home/airflow/.local/lib/python3.12/site-packages/airflow/example_dags/example_latest_only_with_trigger.py took 0.244 seconds
[2026-05-19T09:16:02.177+0000] {processor.py:161} INFO - Started process (PID=8911) to work on /home/airflow/.local/lib/python3.12/site-packages/airflow/example_dags/example_latest_only_with_trigger.py
[2026-05-19T09:16:02.181+0000] {processor.py:830} INFO - Processing file /home/airflow/.local/lib/python3.12/site-packages/airflow/example_dags/example_latest_only_with_trigger.py for tasks to queue
[2026-05-19T09:16:02.189+0000] {logging_mixin.py:188} INFO - [2026-05-19T09:16:02.188+0000] {dagbag.py:545} INFO - Filling up the DagBag from /home/airflow/.local/lib/python3.12/site-packages/airflow/example_dags/example_latest_only_with_trigger.py
[2026-05-19T09:16:02.208+0000] {processor.py:840} INFO - DAG(s) 'latest_only_with_trigger' retrieved from /home/airflow/.local/lib/python3.12/site-packages/airflow/example_dags/example_latest_only_with_trigger.py
[2026-05-19T09:16:02.277+0000] {logging_mixin.py:188} INFO - [2026-05-19T09:16:02.276+0000] {dag.py:3089} INFO - Sync 1 DAGs
[2026-05-19T09:16:02.337+0000] {logging_mixin.py:188} INFO - [2026-05-19T09:16:02.337+0000] {dag.py:3947} INFO - Setting next_dagrun for latest_only_with_trigger to 2026-05-19 04:00:00+00:00, run_after=2026-05-19 08:00:00+00:00
[2026-05-19T09:16:02.404+0000] {processor.py:183} INFO - Processing /home/airflow/.local/lib/python3.12/site-packages/airflow/example_dags/example_latest_only_with_trigger.py took 0.243 seconds
[2026-05-19T09:16:32.638+0000] {processor.py:161} INFO - Started process (PID=8971) to work on /home/airflow/.local/lib/python3.12/site-packages/airflow/example_dags/example_latest_only_with_trigger.py
[2026-05-19T09:16:32.642+0000] {processor.py:830} INFO - Processing file /home/airflow/.local/lib/python3.12/site-packages/airflow/example_dags/example_latest_only_with_trigger.py for tasks to queue
[2026-05-19T09:16:32.652+0000] {logging_mixin.py:188} INFO - [2026-05-19T09:16:32.649+0000] {dagbag.py:545} INFO - Filling up the DagBag from /home/airflow/.local/lib/python3.12/site-packages/airflow/example_dags/example_latest_only_with_trigger.py
[2026-05-19T09:16:32.672+0000] {processor.py:840} INFO - DAG(s) 'latest_only_with_trigger' retrieved from /home/airflow/.local/lib/python3.12/site-packages/airflow/example_dags/example_latest_only_with_trigger.py
[2026-05-19T09:16:32.748+0000] {logging_mixin.py:188} INFO - [2026-05-19T09:16:32.746+0000] {dag.py:3089} INFO - Sync 1 DAGs
[2026-05-19T09:16:32.835+0000] {logging_mixin.py:188} INFO - [2026-05-19T09:16:32.834+0000] {dag.py:3947} INFO - Setting next_dagrun for latest_only_with_trigger to 2026-05-19 04:00:00+00:00, run_after=2026-05-19 08:00:00+00:00
[2026-05-19T09:16:32.929+0000] {processor.py:183} INFO - Processing /home/airflow/.local/lib/python3.12/site-packages/airflow/example_dags/example_latest_only_with_trigger.py took 0.327 seconds
[2026-05-19T09:17:03.723+0000] {processor.py:161} INFO - Started process (PID=9031) to work on /home/airflow/.local/lib/python3.12/site-packages/airflow/example_dags/example_latest_only_with_trigger.py
[2026-05-19T09:17:03.728+0000] {processor.py:830} INFO - Processing file /home/airflow/.local/lib/python3.12/site-packages/airflow/example_dags/example_latest_only_with_trigger.py for tasks to queue
[2026-05-19T09:17:03.741+0000] {logging_mixin.py:188} INFO - [2026-05-19T09:17:03.738+0000] {dagbag.py:545} INFO - Filling up the DagBag from /home/airflow/.local/lib/python3.12/site-packages/airflow/example_dags/example_latest_only_with_trigger.py
[2026-05-19T09:17:03.777+0000] {processor.py:840} INFO - DAG(s) 'latest_only_with_trigger' retrieved from /home/airflow/.local/lib/python3.12/site-packages/airflow/example_dags/example_latest_only_with_trigger.py
[2026-05-19T09:17:03.907+0000] {logging_mixin.py:188} INFO - [2026-05-19T09:17:03.905+0000] {dag.py:3089} INFO - Sync 1 DAGs
[2026-05-19T09:17:04.032+0000] {logging_mixin.py:188} INFO - [2026-05-19T09:17:04.031+0000] {dag.py:3947} INFO - Setting next_dagrun for latest_only_with_trigger to 2026-05-19 04:00:00+00:00, run_after=2026-05-19 08:00:00+00:00
[2026-05-19T09:17:04.187+0000] {processor.py:183} INFO - Processing /home/airflow/.local/lib/python3.12/site-packages/airflow/example_dags/example_latest_only_with_trigger.py took 0.491 seconds
[2026-05-19T09:17:34.587+0000] {processor.py:161} INFO - Started process (PID=9090) to work on /home/airflow/.local/lib/python3.12/site-packages/airflow/example_dags/example_latest_only_with_trigger.py
[2026-05-19T09:17:34.591+0000] {processor.py:830} INFO - Processing file /home/airflow/.local/lib/python3.12/site-packages/airflow/example_dags/example_latest_only_with_trigger.py for tasks to queue
[2026-05-19T09:17:34.597+0000] {logging_mixin.py:188} INFO - [2026-05-19T09:17:34.596+0000] {dagbag.py:545} INFO - Filling up the DagBag from /home/airflow/.local/lib/python3.12/site-packages/airflow/example_dags/example_latest_only_with_trigger.py
[2026-05-19T09:17:34.616+0000] {processor.py:840} INFO - DAG(s) 'latest_only_with_trigger' retrieved from /home/airflow/.local/lib/python3.12/site-packages/airflow/example_dags/example_latest_only_with_trigger.py
[2026-05-19T09:17:34.677+0000] {logging_mixin.py:188} INFO - [2026-05-19T09:17:34.676+0000] {dag.py:3089} INFO - Sync 1 DAGs
[2026-05-19T09:17:34.737+0000] {logging_mixin.py:188} INFO - [2026-05-19T09:17:34.736+0000] {dag.py:3947} INFO - Setting next_dagrun for latest_only_with_trigger to 2026-05-19 04:00:00+00:00, run_after=2026-05-19 08:00:00+00:00
[2026-05-19T09:17:34.801+0000] {processor.py:183} INFO - Processing /home/airflow/.local/lib/python3.12/site-packages/airflow/example_dags/example_latest_only_with_trigger.py took 0.229 seconds
[2026-05-19T09:18:05.654+0000] {processor.py:161} INFO - Started process (PID=9151) to work on /home/airflow/.local/lib/python3.12/site-packages/airflow/example_dags/example_latest_only_with_trigger.py
[2026-05-19T09:18:05.657+0000] {processor.py:830} INFO - Processing file /home/airflow/.local/lib/python3.12/site-packages/airflow/example_dags/example_latest_only_with_trigger.py for tasks to queue
[2026-05-19T09:18:05.662+0000] {logging_mixin.py:188} INFO - [2026-05-19T09:18:05.661+0000] {dagbag.py:545} INFO - Filling up the DagBag from /home/airflow/.local/lib/python3.12/site-packages/airflow/example_dags/example_latest_only_with_trigger.py
[2026-05-19T09:18:05.676+0000] {processor.py:840} INFO - DAG(s) 'latest_only_with_trigger' retrieved from /home/airflow/.local/lib/python3.12/site-packages/airflow/example_dags/example_latest_only_with_trigger.py
[2026-05-19T09:18:05.737+0000] {logging_mixin.py:188} INFO - [2026-05-19T09:18:05.736+0000] {dag.py:3089} INFO - Sync 1 DAGs
[2026-05-19T09:18:05.799+0000] {logging_mixin.py:188} INFO - [2026-05-19T09:18:05.798+0000] {dag.py:3947} INFO - Setting next_dagrun for latest_only_with_trigger to 2026-05-19 04:00:00+00:00, run_after=2026-05-19 08:00:00+00:00
[2026-05-19T09:18:05.871+0000] {processor.py:183} INFO - Processing /home/airflow/.local/lib/python3.12/site-packages/airflow/example_dags/example_latest_only_with_trigger.py took 0.236 seconds
[2026-05-19T09:18:36.343+0000] {processor.py:161} INFO - Started process (PID=9211) to work on /home/airflow/.local/lib/python3.12/site-packages/airflow/example_dags/example_latest_only_with_trigger.py
[2026-05-19T09:18:36.347+0000] {processor.py:830} INFO - Processing file /home/airflow/.local/lib/python3.12/site-packages/airflow/example_dags/example_latest_only_with_trigger.py for tasks to queue
[2026-05-19T09:18:36.356+0000] {logging_mixin.py:188} INFO - [2026-05-19T09:18:36.355+0000] {dagbag.py:545} INFO - Filling up the DagBag from /home/airflow/.local/lib/python3.12/site-packages/airflow/example_dags/example_latest_only_with_trigger.py
[2026-05-19T09:18:36.401+0000] {processor.py:840} INFO - DAG(s) 'latest_only_with_trigger' retrieved from /home/airflow/.local/lib/python3.12/site-packages/airflow/example_dags/example_latest_only_with_trigger.py
[2026-05-19T09:18:36.531+0000] {logging_mixin.py:188} INFO - [2026-05-19T09:18:36.530+0000] {dag.py:3089} INFO - Sync 1 DAGs
[2026-05-19T09:18:36.626+0000] {logging_mixin.py:188} INFO - [2026-05-19T09:18:36.625+0000] {dag.py:3947} INFO - Setting next_dagrun for latest_only_with_trigger to 2026-05-19 04:00:00+00:00, run_after=2026-05-19 08:00:00+00:00
[2026-05-19T09:18:36.698+0000] {processor.py:183} INFO - Processing /home/airflow/.local/lib/python3.12/site-packages/airflow/example_dags/example_latest_only_with_trigger.py took 0.378 seconds
[2026-05-19T09:19:07.284+0000] {processor.py:161} INFO - Started process (PID=9271) to work on /home/airflow/.local/lib/python3.12/site-packages/airflow/example_dags/example_latest_only_with_trigger.py
[2026-05-19T09:19:07.291+0000] {processor.py:830} INFO - Processing file /home/airflow/.local/lib/python3.12/site-packages/airflow/example_dags/example_latest_only_with_trigger.py for tasks to queue
[2026-05-19T09:19:07.305+0000] {logging_mixin.py:188} INFO - [2026-05-19T09:19:07.303+0000] {dagbag.py:545} INFO - Filling up the DagBag from /home/airflow/.local/lib/python3.12/site-packages/airflow/example_dags/example_latest_only_with_trigger.py
[2026-05-19T09:19:07.327+0000] {processor.py:840} INFO - DAG(s) 'latest_only_with_trigger' retrieved from /home/airflow/.local/lib/python3.12/site-packages/airflow/example_dags/example_latest_only_with_trigger.py
[2026-05-19T09:19:07.393+0000] {logging_mixin.py:188} INFO - [2026-05-19T09:19:07.392+0000] {dag.py:3089} INFO - Sync 1 DAGs
[2026-05-19T09:19:07.474+0000] {logging_mixin.py:188} INFO - [2026-05-19T09:19:07.474+0000] {dag.py:3947} INFO - Setting next_dagrun for latest_only_with_trigger to 2026-05-19 04:00:00+00:00, run_after=2026-05-19 08:00:00+00:00
[2026-05-19T09:19:07.568+0000] {processor.py:183} INFO - Processing /home/airflow/.local/lib/python3.12/site-packages/airflow/example_dags/example_latest_only_with_trigger.py took 0.316 seconds
[2026-05-19T09:19:38.382+0000] {processor.py:161} INFO - Started process (PID=9331) to work on /home/airflow/.local/lib/python3.12/site-packages/airflow/example_dags/example_latest_only_with_trigger.py
[2026-05-19T09:19:38.387+0000] {processor.py:830} INFO - Processing file /home/airflow/.local/lib/python3.12/site-packages/airflow/example_dags/example_latest_only_with_trigger.py for tasks to queue
[2026-05-19T09:19:38.392+0000] {logging_mixin.py:188} INFO - [2026-05-19T09:19:38.392+0000] {dagbag.py:545} INFO - Filling up the DagBag from /home/airflow/.local/lib/python3.12/site-packages/airflow/example_dags/example_latest_only_with_trigger.py
[2026-05-19T09:19:38.407+0000] {processor.py:840} INFO - DAG(s) 'latest_only_with_trigger' retrieved from /home/airflow/.local/lib/python3.12/site-packages/airflow/example_dags/example_latest_only_with_trigger.py
[2026-05-19T09:19:38.471+0000] {logging_mixin.py:188} INFO - [2026-05-19T09:19:38.470+0000] {dag.py:3089} INFO - Sync 1 DAGs
[2026-05-19T09:19:38.543+0000] {logging_mixin.py:188} INFO - [2026-05-19T09:19:38.542+0000] {dag.py:3947} INFO - Setting next_dagrun for latest_only_with_trigger to 2026-05-19 04:00:00+00:00, run_after=2026-05-19 08:00:00+00:00
[2026-05-19T09:19:38.606+0000] {processor.py:183} INFO - Processing /home/airflow/.local/lib/python3.12/site-packages/airflow/example_dags/example_latest_only_with_trigger.py took 0.239 seconds
[2026-05-19T09:20:08.827+0000] {processor.py:161} INFO - Started process (PID=9389) to work on /home/airflow/.local/lib/python3.12/site-packages/airflow/example_dags/example_latest_only_with_trigger.py
[2026-05-19T09:20:08.829+0000] {processor.py:830} INFO - Processing file /home/airflow/.local/lib/python3.12/site-packages/airflow/example_dags/example_latest_only_with_trigger.py for tasks to queue
[2026-05-19T09:20:08.835+0000] {logging_mixin.py:188} INFO - [2026-05-19T09:20:08.834+0000] {dagbag.py:545} INFO - Filling up the DagBag from /home/airflow/.local/lib/python3.12/site-packages/airflow/example_dags/example_latest_only_with_trigger.py
[2026-05-19T09:20:08.854+0000] {processor.py:840} INFO - DAG(s) 'latest_only_with_trigger' retrieved from /home/airflow/.local/lib/python3.12/site-packages/airflow/example_dags/example_latest_only_with_trigger.py
[2026-05-19T09:20:08.933+0000] {logging_mixin.py:188} INFO - [2026-05-19T09:20:08.932+0000] {dag.py:3089} INFO - Sync 1 DAGs
[2026-05-19T09:20:09.024+0000] {logging_mixin.py:188} INFO - [2026-05-19T09:20:09.023+0000] {dag.py:3947} INFO - Setting next_dagrun for latest_only_with_trigger to 2026-05-19 04:00:00+00:00, run_after=2026-05-19 08:00:00+00:00
[2026-05-19T09:20:09.096+0000] {processor.py:183} INFO - Processing /home/airflow/.local/lib/python3.12/site-packages/airflow/example_dags/example_latest_only_with_trigger.py took 0.296 seconds
[2026-05-19T09:20:39.761+0000] {processor.py:161} INFO - Started process (PID=9449) to work on /home/airflow/.local/lib/python3.12/site-packages/airflow/example_dags/example_latest_only_with_trigger.py
[2026-05-19T09:20:39.769+0000] {processor.py:830} INFO - Processing file /home/airflow/.local/lib/python3.12/site-packages/airflow/example_dags/example_latest_only_with_trigger.py for tasks to queue
[2026-05-19T09:20:39.777+0000] {logging_mixin.py:188} INFO - [2026-05-19T09:20:39.775+0000] {dagbag.py:545} INFO - Filling up the DagBag from /home/airflow/.local/lib/python3.12/site-packages/airflow/example_dags/example_latest_only_with_trigger.py
[2026-05-19T09:20:39.802+0000] {processor.py:840} INFO - DAG(s) 'latest_only_with_trigger' retrieved from /home/airflow/.local/lib/python3.12/site-packages/airflow/example_dags/example_latest_only_with_trigger.py
[2026-05-19T09:20:39.886+0000] {logging_mixin.py:188} INFO - [2026-05-19T09:20:39.885+0000] {dag.py:3089} INFO - Sync 1 DAGs
[2026-05-19T09:20:39.951+0000] {logging_mixin.py:188} INFO - [2026-05-19T09:20:39.950+0000] {dag.py:3947} INFO - Setting next_dagrun for latest_only_with_trigger to 2026-05-19 04:00:00+00:00, run_after=2026-05-19 08:00:00+00:00
[2026-05-19T09:20:40.028+0000] {processor.py:183} INFO - Processing /home/airflow/.local/lib/python3.12/site-packages/airflow/example_dags/example_latest_only_with_trigger.py took 0.297 seconds
[2026-05-19T09:21:10.856+0000] {processor.py:161} INFO - Started process (PID=9509) to work on /home/airflow/.local/lib/python3.12/site-packages/airflow/example_dags/example_latest_only_with_trigger.py
[2026-05-19T09:21:10.860+0000] {processor.py:830} INFO - Processing file /home/airflow/.local/lib/python3.12/site-packages/airflow/example_dags/example_latest_only_with_trigger.py for tasks to queue
[2026-05-19T09:21:10.869+0000] {logging_mixin.py:188} INFO - [2026-05-19T09:21:10.867+0000] {dagbag.py:545} INFO - Filling up the DagBag from /home/airflow/.local/lib/python3.12/site-packages/airflow/example_dags/example_latest_only_with_trigger.py
[2026-05-19T09:21:10.893+0000] {processor.py:840} INFO - DAG(s) 'latest_only_with_trigger' retrieved from /home/airflow/.local/lib/python3.12/site-packages/airflow/example_dags/example_latest_only_with_trigger.py
[2026-05-19T09:21:10.965+0000] {logging_mixin.py:188} INFO - [2026-05-19T09:21:10.964+0000] {dag.py:3089} INFO - Sync 1 DAGs
[2026-05-19T09:21:11.034+0000] {logging_mixin.py:188} INFO - [2026-05-19T09:21:11.033+0000] {dag.py:3947} INFO - Setting next_dagrun for latest_only_with_trigger to 2026-05-19 04:00:00+00:00, run_after=2026-05-19 08:00:00+00:00
[2026-05-19T09:21:11.089+0000] {processor.py:183} INFO - Processing /home/airflow/.local/lib/python3.12/site-packages/airflow/example_dags/example_latest_only_with_trigger.py took 0.252 seconds
[2026-05-19T09:21:41.930+0000] {processor.py:161} INFO - Started process (PID=9569) to work on /home/airflow/.local/lib/python3.12/site-packages/airflow/example_dags/example_latest_only_with_trigger.py
[2026-05-19T09:21:41.934+0000] {processor.py:830} INFO - Processing file /home/airflow/.local/lib/python3.12/site-packages/airflow/example_dags/example_latest_only_with_trigger.py for tasks to queue
[2026-05-19T09:21:41.939+0000] {logging_mixin.py:188} INFO - [2026-05-19T09:21:41.938+0000] {dagbag.py:545} INFO - Filling up the DagBag from /home/airflow/.local/lib/python3.12/site-packages/airflow/example_dags/example_latest_only_with_trigger.py
[2026-05-19T09:21:41.958+0000] {processor.py:840} INFO - DAG(s) 'latest_only_with_trigger' retrieved from /home/airflow/.local/lib/python3.12/site-packages/airflow/example_dags/example_latest_only_with_trigger.py
[2026-05-19T09:21:42.051+0000] {logging_mixin.py:188} INFO - [2026-05-19T09:21:42.049+0000] {dag.py:3089} INFO - Sync 1 DAGs
[2026-05-19T09:21:42.190+0000] {logging_mixin.py:188} INFO - [2026-05-19T09:21:42.189+0000] {dag.py:3947} INFO - Setting next_dagrun for latest_only_with_trigger to 2026-05-19 04:00:00+00:00, run_after=2026-05-19 08:00:00+00:00
[2026-05-19T09:21:42.288+0000] {processor.py:183} INFO - Processing /home/airflow/.local/lib/python3.12/site-packages/airflow/example_dags/example_latest_only_with_trigger.py took 0.373 seconds
[2026-05-19T09:22:12.462+0000] {processor.py:161} INFO - Started process (PID=9628) to work on /home/airflow/.local/lib/python3.12/site-packages/airflow/example_dags/example_latest_only_with_trigger.py
[2026-05-19T09:22:12.465+0000] {processor.py:830} INFO - Processing file /home/airflow/.local/lib/python3.12/site-packages/airflow/example_dags/example_latest_only_with_trigger.py for tasks to queue
[2026-05-19T09:22:12.471+0000] {logging_mixin.py:188} INFO - [2026-05-19T09:22:12.469+0000] {dagbag.py:545} INFO - Filling up the DagBag from /home/airflow/.local/lib/python3.12/site-packages/airflow/example_dags/example_latest_only_with_trigger.py
[2026-05-19T09:22:12.487+0000] {processor.py:840} INFO - DAG(s) 'latest_only_with_trigger' retrieved from /home/airflow/.local/lib/python3.12/site-packages/airflow/example_dags/example_latest_only_with_trigger.py
[2026-05-19T09:22:12.551+0000] {logging_mixin.py:188} INFO - [2026-05-19T09:22:12.550+0000] {dag.py:3089} INFO - Sync 1 DAGs
[2026-05-19T09:22:12.619+0000] {logging_mixin.py:188} INFO - [2026-05-19T09:22:12.619+0000] {dag.py:3947} INFO - Setting next_dagrun for latest_only_with_trigger to 2026-05-19 04:00:00+00:00, run_after=2026-05-19 08:00:00+00:00
[2026-05-19T09:22:12.688+0000] {processor.py:183} INFO - Processing /home/airflow/.local/lib/python3.12/site-packages/airflow/example_dags/example_latest_only_with_trigger.py took 0.252 seconds
[2026-05-19T09:22:43.087+0000] {processor.py:161} INFO - Started process (PID=9687) to work on /home/airflow/.local/lib/python3.12/site-packages/airflow/example_dags/example_latest_only_with_trigger.py
[2026-05-19T09:22:43.094+0000] {processor.py:830} INFO - Processing file /home/airflow/.local/lib/python3.12/site-packages/airflow/example_dags/example_latest_only_with_trigger.py for tasks to queue
[2026-05-19T09:22:43.107+0000] {logging_mixin.py:188} INFO - [2026-05-19T09:22:43.104+0000] {dagbag.py:545} INFO - Filling up the DagBag from /home/airflow/.local/lib/python3.12/site-packages/airflow/example_dags/example_latest_only_with_trigger.py
[2026-05-19T09:22:43.153+0000] {processor.py:840} INFO - DAG(s) 'latest_only_with_trigger' retrieved from /home/airflow/.local/lib/python3.12/site-packages/airflow/example_dags/example_latest_only_with_trigger.py
[2026-05-19T09:22:43.264+0000] {logging_mixin.py:188} INFO - [2026-05-19T09:22:43.261+0000] {dag.py:3089} INFO - Sync 1 DAGs
[2026-05-19T09:22:43.429+0000] {logging_mixin.py:188} INFO - [2026-05-19T09:22:43.428+0000] {dag.py:3947} INFO - Setting next_dagrun for latest_only_with_trigger to 2026-05-19 04:00:00+00:00, run_after=2026-05-19 08:00:00+00:00
[2026-05-19T09:22:43.502+0000] {processor.py:183} INFO - Processing /home/airflow/.local/lib/python3.12/site-packages/airflow/example_dags/example_latest_only_with_trigger.py took 0.452 seconds
[2026-05-19T09:23:13.890+0000] {processor.py:161} INFO - Started process (PID=9748) to work on /home/airflow/.local/lib/python3.12/site-packages/airflow/example_dags/example_latest_only_with_trigger.py
[2026-05-19T09:23:13.893+0000] {processor.py:830} INFO - Processing file /home/airflow/.local/lib/python3.12/site-packages/airflow/example_dags/example_latest_only_with_trigger.py for tasks to queue
[2026-05-19T09:23:13.900+0000] {logging_mixin.py:188} INFO - [2026-05-19T09:23:13.899+0000] {dagbag.py:545} INFO - Filling up the DagBag from /home/airflow/.local/lib/python3.12/site-packages/airflow/example_dags/example_latest_only_with_trigger.py
[2026-05-19T09:23:13.919+0000] {processor.py:840} INFO - DAG(s) 'latest_only_with_trigger' retrieved from /home/airflow/.local/lib/python3.12/site-packages/airflow/example_dags/example_latest_only_with_trigger.py
[2026-05-19T09:23:13.978+0000] {logging_mixin.py:188} INFO - [2026-05-19T09:23:13.977+0000] {dag.py:3089} INFO - Sync 1 DAGs
[2026-05-19T09:23:14.105+0000] {logging_mixin.py:188} INFO - [2026-05-19T09:23:14.101+0000] {dag.py:3947} INFO - Setting next_dagrun for latest_only_with_trigger to 2026-05-19 04:00:00+00:00, run_after=2026-05-19 08:00:00+00:00
[2026-05-19T09:23:14.215+0000] {processor.py:183} INFO - Processing /home/airflow/.local/lib/python3.12/site-packages/airflow/example_dags/example_latest_only_with_trigger.py took 0.341 seconds
[2026-05-19T09:23:44.652+0000] {processor.py:161} INFO - Started process (PID=9808) to work on /home/airflow/.local/lib/python3.12/site-packages/airflow/example_dags/example_latest_only_with_trigger.py
[2026-05-19T09:23:44.657+0000] {processor.py:830} INFO - Processing file /home/airflow/.local/lib/python3.12/site-packages/airflow/example_dags/example_latest_only_with_trigger.py for tasks to queue
[2026-05-19T09:23:44.667+0000] {logging_mixin.py:188} INFO - [2026-05-19T09:23:44.665+0000] {dagbag.py:545} INFO - Filling up the DagBag from /home/airflow/.local/lib/python3.12/site-packages/airflow/example_dags/example_latest_only_with_trigger.py
[2026-05-19T09:23:44.698+0000] {processor.py:840} INFO - DAG(s) 'latest_only_with_trigger' retrieved from /home/airflow/.local/lib/python3.12/site-packages/airflow/example_dags/example_latest_only_with_trigger.py
[2026-05-19T09:23:44.769+0000] {logging_mixin.py:188} INFO - [2026-05-19T09:23:44.768+0000] {dag.py:3089} INFO - Sync 1 DAGs
[2026-05-19T09:23:44.829+0000] {logging_mixin.py:188} INFO - [2026-05-19T09:23:44.828+0000] {dag.py:3947} INFO - Setting next_dagrun for latest_only_with_trigger to 2026-05-19 04:00:00+00:00, run_after=2026-05-19 08:00:00+00:00
[2026-05-19T09:23:44.881+0000] {processor.py:183} INFO - Processing /home/airflow/.local/lib/python3.12/site-packages/airflow/example_dags/example_latest_only_with_trigger.py took 0.252 seconds
[2026-05-19T09:24:15.344+0000] {processor.py:161} INFO - Started process (PID=9868) to work on /home/airflow/.local/lib/python3.12/site-packages/airflow/example_dags/example_latest_only_with_trigger.py
[2026-05-19T09:24:15.348+0000] {processor.py:830} INFO - Processing file /home/airflow/.local/lib/python3.12/site-packages/airflow/example_dags/example_latest_only_with_trigger.py for tasks to queue
[2026-05-19T09:24:15.354+0000] {logging_mixin.py:188} INFO - [2026-05-19T09:24:15.353+0000] {dagbag.py:545} INFO - Filling up the DagBag from /home/airflow/.local/lib/python3.12/site-packages/airflow/example_dags/example_latest_only_with_trigger.py
[2026-05-19T09:24:15.370+0000] {processor.py:840} INFO - DAG(s) 'latest_only_with_trigger' retrieved from /home/airflow/.local/lib/python3.12/site-packages/airflow/example_dags/example_latest_only_with_trigger.py
[2026-05-19T09:24:15.448+0000] {logging_mixin.py:188} INFO - [2026-05-19T09:24:15.447+0000] {dag.py:3089} INFO - Sync 1 DAGs
[2026-05-19T09:24:15.539+0000] {logging_mixin.py:188} INFO - [2026-05-19T09:24:15.539+0000] {dag.py:3947} INFO - Setting next_dagrun for latest_only_with_trigger to 2026-05-19 04:00:00+00:00, run_after=2026-05-19 08:00:00+00:00
[2026-05-19T09:24:15.616+0000] {processor.py:183} INFO - Processing /home/airflow/.local/lib/python3.12/site-packages/airflow/example_dags/example_latest_only_with_trigger.py took 0.290 seconds
[2026-05-19T09:24:46.170+0000] {processor.py:161} INFO - Started process (PID=9928) to work on /home/airflow/.local/lib/python3.12/site-packages/airflow/example_dags/example_latest_only_with_trigger.py
[2026-05-19T09:24:46.174+0000] {processor.py:830} INFO - Processing file /home/airflow/.local/lib/python3.12/site-packages/airflow/example_dags/example_latest_only_with_trigger.py for tasks to queue
[2026-05-19T09:24:46.183+0000] {logging_mixin.py:188} INFO - [2026-05-19T09:24:46.181+0000] {dagbag.py:545} INFO - Filling up the DagBag from /home/airflow/.local/lib/python3.12/site-packages/airflow/example_dags/example_latest_only_with_trigger.py
[2026-05-19T09:24:46.211+0000] {processor.py:840} INFO - DAG(s) 'latest_only_with_trigger' retrieved from /home/airflow/.local/lib/python3.12/site-packages/airflow/example_dags/example_latest_only_with_trigger.py
[2026-05-19T09:24:46.321+0000] {logging_mixin.py:188} INFO - [2026-05-19T09:24:46.320+0000] {dag.py:3089} INFO - Sync 1 DAGs
[2026-05-19T09:24:46.411+0000] {logging_mixin.py:188} INFO - [2026-05-19T09:24:46.410+0000] {dag.py:3947} INFO - Setting next_dagrun for latest_only_with_trigger to 2026-05-19 04:00:00+00:00, run_after=2026-05-19 08:00:00+00:00
[2026-05-19T09:24:46.498+0000] {processor.py:183} INFO - Processing /home/airflow/.local/lib/python3.12/site-packages/airflow/example_dags/example_latest_only_with_trigger.py took 0.367 seconds
[2026-05-19T09:25:16.761+0000] {processor.py:161} INFO - Started process (PID=9987) to work on /home/airflow/.local/lib/python3.12/site-packages/airflow/example_dags/example_latest_only_with_trigger.py
[2026-05-19T09:25:16.765+0000] {processor.py:830} INFO - Processing file /home/airflow/.local/lib/python3.12/site-packages/airflow/example_dags/example_latest_only_with_trigger.py for tasks to queue
[2026-05-19T09:25:16.775+0000] {logging_mixin.py:188} INFO - [2026-05-19T09:25:16.773+0000] {dagbag.py:545} INFO - Filling up the DagBag from /home/airflow/.local/lib/python3.12/site-packages/airflow/example_dags/example_latest_only_with_trigger.py
[2026-05-19T09:25:16.795+0000] {processor.py:840} INFO - DAG(s) 'latest_only_with_trigger' retrieved from /home/airflow/.local/lib/python3.12/site-packages/airflow/example_dags/example_latest_only_with_trigger.py
[2026-05-19T09:25:16.860+0000] {logging_mixin.py:188} INFO - [2026-05-19T09:25:16.859+0000] {dag.py:3089} INFO - Sync 1 DAGs
[2026-05-19T09:25:16.934+0000] {logging_mixin.py:188} INFO - [2026-05-19T09:25:16.934+0000] {dag.py:3947} INFO - Setting next_dagrun for latest_only_with_trigger to 2026-05-19 04:00:00+00:00, run_after=2026-05-19 08:00:00+00:00
[2026-05-19T09:25:17.003+0000] {processor.py:183} INFO - Processing /home/airflow/.local/lib/python3.12/site-packages/airflow/example_dags/example_latest_only_with_trigger.py took 0.260 seconds
[2026-05-19T09:25:47.838+0000] {processor.py:161} INFO - Started process (PID=10046) to work on /home/airflow/.local/lib/python3.12/site-packages/airflow/example_dags/example_latest_only_with_trigger.py
[2026-05-19T09:25:47.841+0000] {processor.py:830} INFO - Processing file /home/airflow/.local/lib/python3.12/site-packages/airflow/example_dags/example_latest_only_with_trigger.py for tasks to queue
[2026-05-19T09:25:47.847+0000] {logging_mixin.py:188} INFO - [2026-05-19T09:25:47.846+0000] {dagbag.py:545} INFO - Filling up the DagBag from /home/airflow/.local/lib/python3.12/site-packages/airflow/example_dags/example_latest_only_with_trigger.py
[2026-05-19T09:25:47.865+0000] {processor.py:840} INFO - DAG(s) 'latest_only_with_trigger' retrieved from /home/airflow/.local/lib/python3.12/site-packages/airflow/example_dags/example_latest_only_with_trigger.py
[2026-05-19T09:25:47.926+0000] {logging_mixin.py:188} INFO - [2026-05-19T09:25:47.925+0000] {dag.py:3089} INFO - Sync 1 DAGs
[2026-05-19T09:25:48.003+0000] {logging_mixin.py:188} INFO - [2026-05-19T09:25:48.003+0000] {dag.py:3947} INFO - Setting next_dagrun for latest_only_with_trigger to 2026-05-19 04:00:00+00:00, run_after=2026-05-19 08:00:00+00:00
[2026-05-19T09:25:48.058+0000] {processor.py:183} INFO - Processing /home/airflow/.local/lib/python3.12/site-packages/airflow/example_dags/example_latest_only_with_trigger.py took 0.236 seconds
[2026-05-19T09:26:18.386+0000] {processor.py:161} INFO - Started process (PID=10106) to work on /home/airflow/.local/lib/python3.12/site-packages/airflow/example_dags/example_latest_only_with_trigger.py
[2026-05-19T09:26:18.389+0000] {processor.py:830} INFO - Processing file /home/airflow/.local/lib/python3.12/site-packages/airflow/example_dags/example_latest_only_with_trigger.py for tasks to queue
[2026-05-19T09:26:18.395+0000] {logging_mixin.py:188} INFO - [2026-05-19T09:26:18.394+0000] {dagbag.py:545} INFO - Filling up the DagBag from /home/airflow/.local/lib/python3.12/site-packages/airflow/example_dags/example_latest_only_with_trigger.py
[2026-05-19T09:26:18.409+0000] {processor.py:840} INFO - DAG(s) 'latest_only_with_trigger' retrieved from /home/airflow/.local/lib/python3.12/site-packages/airflow/example_dags/example_latest_only_with_trigger.py
[2026-05-19T09:26:18.479+0000] {logging_mixin.py:188} INFO - [2026-05-19T09:26:18.478+0000] {dag.py:3089} INFO - Sync 1 DAGs
[2026-05-19T09:26:18.547+0000] {logging_mixin.py:188} INFO - [2026-05-19T09:26:18.546+0000] {dag.py:3947} INFO - Setting next_dagrun for latest_only_with_trigger to 2026-05-19 04:00:00+00:00, run_after=2026-05-19 08:00:00+00:00
[2026-05-19T09:26:18.615+0000] {processor.py:183} INFO - Processing /home/airflow/.local/lib/python3.12/site-packages/airflow/example_dags/example_latest_only_with_trigger.py took 0.242 seconds
[2026-05-19T09:26:49.241+0000] {processor.py:161} INFO - Started process (PID=10166) to work on /home/airflow/.local/lib/python3.12/site-packages/airflow/example_dags/example_latest_only_with_trigger.py
[2026-05-19T09:26:49.246+0000] {processor.py:830} INFO - Processing file /home/airflow/.local/lib/python3.12/site-packages/airflow/example_dags/example_latest_only_with_trigger.py for tasks to queue
[2026-05-19T09:26:49.255+0000] {logging_mixin.py:188} INFO - [2026-05-19T09:26:49.253+0000] {dagbag.py:545} INFO - Filling up the DagBag from /home/airflow/.local/lib/python3.12/site-packages/airflow/example_dags/example_latest_only_with_trigger.py
[2026-05-19T09:26:49.301+0000] {processor.py:840} INFO - DAG(s) 'latest_only_with_trigger' retrieved from /home/airflow/.local/lib/python3.12/site-packages/airflow/example_dags/example_latest_only_with_trigger.py
[2026-05-19T09:26:49.430+0000] {logging_mixin.py:188} INFO - [2026-05-19T09:26:49.428+0000] {dag.py:3089} INFO - Sync 1 DAGs
[2026-05-19T09:26:49.529+0000] {logging_mixin.py:188} INFO - [2026-05-19T09:26:49.529+0000] {dag.py:3947} INFO - Setting next_dagrun for latest_only_with_trigger to 2026-05-19 04:00:00+00:00, run_after=2026-05-19 08:00:00+00:00
[2026-05-19T09:26:49.597+0000] {processor.py:183} INFO - Processing /home/airflow/.local/lib/python3.12/site-packages/airflow/example_dags/example_latest_only_with_trigger.py took 0.388 seconds
[2026-05-19T09:27:20.132+0000] {processor.py:161} INFO - Started process (PID=10226) to work on /home/airflow/.local/lib/python3.12/site-packages/airflow/example_dags/example_latest_only_with_trigger.py
[2026-05-19T09:27:20.137+0000] {processor.py:830} INFO - Processing file /home/airflow/.local/lib/python3.12/site-packages/airflow/example_dags/example_latest_only_with_trigger.py for tasks to queue
[2026-05-19T09:27:20.145+0000] {logging_mixin.py:188} INFO - [2026-05-19T09:27:20.144+0000] {dagbag.py:545} INFO - Filling up the DagBag from /home/airflow/.local/lib/python3.12/site-packages/airflow/example_dags/example_latest_only_with_trigger.py
[2026-05-19T09:27:20.178+0000] {processor.py:840} INFO - DAG(s) 'latest_only_with_trigger' retrieved from /home/airflow/.local/lib/python3.12/site-packages/airflow/example_dags/example_latest_only_with_trigger.py
[2026-05-19T09:27:20.317+0000] {logging_mixin.py:188} INFO - [2026-05-19T09:27:20.316+0000] {dag.py:3089} INFO - Sync 1 DAGs
[2026-05-19T09:27:20.381+0000] {logging_mixin.py:188} INFO - [2026-05-19T09:27:20.380+0000] {dag.py:3947} INFO - Setting next_dagrun for latest_only_with_trigger to 2026-05-19 04:00:00+00:00, run_after=2026-05-19 08:00:00+00:00
[2026-05-19T09:27:20.447+0000] {processor.py:183} INFO - Processing /home/airflow/.local/lib/python3.12/site-packages/airflow/example_dags/example_latest_only_with_trigger.py took 0.341 seconds
[2026-05-19T09:27:51.072+0000] {processor.py:161} INFO - Started process (PID=10285) to work on /home/airflow/.local/lib/python3.12/site-packages/airflow/example_dags/example_latest_only_with_trigger.py
[2026-05-19T09:27:51.077+0000] {processor.py:830} INFO - Processing file /home/airflow/.local/lib/python3.12/site-packages/airflow/example_dags/example_latest_only_with_trigger.py for tasks to queue
[2026-05-19T09:27:51.085+0000] {logging_mixin.py:188} INFO - [2026-05-19T09:27:51.084+0000] {dagbag.py:545} INFO - Filling up the DagBag from /home/airflow/.local/lib/python3.12/site-packages/airflow/example_dags/example_latest_only_with_trigger.py
[2026-05-19T09:27:51.109+0000] {processor.py:840} INFO - DAG(s) 'latest_only_with_trigger' retrieved from /home/airflow/.local/lib/python3.12/site-packages/airflow/example_dags/example_latest_only_with_trigger.py
[2026-05-19T09:27:51.184+0000] {logging_mixin.py:188} INFO - [2026-05-19T09:27:51.183+0000] {dag.py:3089} INFO - Sync 1 DAGs
[2026-05-19T09:27:51.272+0000] {logging_mixin.py:188} INFO - [2026-05-19T09:27:51.271+0000] {dag.py:3947} INFO - Setting next_dagrun for latest_only_with_trigger to 2026-05-19 04:00:00+00:00, run_after=2026-05-19 08:00:00+00:00
[2026-05-19T09:27:51.347+0000] {processor.py:183} INFO - Processing /home/airflow/.local/lib/python3.12/site-packages/airflow/example_dags/example_latest_only_with_trigger.py took 0.301 seconds
[2026-05-19T09:28:21.630+0000] {processor.py:161} INFO - Started process (PID=10345) to work on /home/airflow/.local/lib/python3.12/site-packages/airflow/example_dags/example_latest_only_with_trigger.py
[2026-05-19T09:28:21.635+0000] {processor.py:830} INFO - Processing file /home/airflow/.local/lib/python3.12/site-packages/airflow/example_dags/example_latest_only_with_trigger.py for tasks to queue
[2026-05-19T09:28:21.643+0000] {logging_mixin.py:188} INFO - [2026-05-19T09:28:21.641+0000] {dagbag.py:545} INFO - Filling up the DagBag from /home/airflow/.local/lib/python3.12/site-packages/airflow/example_dags/example_latest_only_with_trigger.py
[2026-05-19T09:28:21.673+0000] {processor.py:840} INFO - DAG(s) 'latest_only_with_trigger' retrieved from /home/airflow/.local/lib/python3.12/site-packages/airflow/example_dags/example_latest_only_with_trigger.py
[2026-05-19T09:28:21.747+0000] {logging_mixin.py:188} INFO - [2026-05-19T09:28:21.747+0000] {dag.py:3089} INFO - Sync 1 DAGs
[2026-05-19T09:28:21.805+0000] {logging_mixin.py:188} INFO - [2026-05-19T09:28:21.804+0000] {dag.py:3947} INFO - Setting next_dagrun for latest_only_with_trigger to 2026-05-19 04:00:00+00:00, run_after=2026-05-19 08:00:00+00:00
[2026-05-19T09:28:21.863+0000] {processor.py:183} INFO - Processing /home/airflow/.local/lib/python3.12/site-packages/airflow/example_dags/example_latest_only_with_trigger.py took 0.262 seconds
[2026-05-19T09:28:52.682+0000] {processor.py:161} INFO - Started process (PID=10405) to work on /home/airflow/.local/lib/python3.12/site-packages/airflow/example_dags/example_latest_only_with_trigger.py
[2026-05-19T09:28:52.686+0000] {processor.py:830} INFO - Processing file /home/airflow/.local/lib/python3.12/site-packages/airflow/example_dags/example_latest_only_with_trigger.py for tasks to queue
[2026-05-19T09:28:52.692+0000] {logging_mixin.py:188} INFO - [2026-05-19T09:28:52.691+0000] {dagbag.py:545} INFO - Filling up the DagBag from /home/airflow/.local/lib/python3.12/site-packages/airflow/example_dags/example_latest_only_with_trigger.py
[2026-05-19T09:28:52.709+0000] {processor.py:840} INFO - DAG(s) 'latest_only_with_trigger' retrieved from /home/airflow/.local/lib/python3.12/site-packages/airflow/example_dags/example_latest_only_with_trigger.py
[2026-05-19T09:28:52.767+0000] {logging_mixin.py:188} INFO - [2026-05-19T09:28:52.766+0000] {dag.py:3089} INFO - Sync 1 DAGs
[2026-05-19T09:28:52.824+0000] {logging_mixin.py:188} INFO - [2026-05-19T09:28:52.823+0000] {dag.py:3947} INFO - Setting next_dagrun for latest_only_with_trigger to 2026-05-19 04:00:00+00:00, run_after=2026-05-19 08:00:00+00:00
[2026-05-19T09:28:52.884+0000] {processor.py:183} INFO - Processing /home/airflow/.local/lib/python3.12/site-packages/airflow/example_dags/example_latest_only_with_trigger.py took 0.219 seconds
[2026-05-19T09:29:23.171+0000] {processor.py:161} INFO - Started process (PID=10465) to work on /home/airflow/.local/lib/python3.12/site-packages/airflow/example_dags/example_latest_only_with_trigger.py
[2026-05-19T09:29:23.175+0000] {processor.py:830} INFO - Processing file /home/airflow/.local/lib/python3.12/site-packages/airflow/example_dags/example_latest_only_with_trigger.py for tasks to queue
[2026-05-19T09:29:23.183+0000] {logging_mixin.py:188} INFO - [2026-05-19T09:29:23.182+0000] {dagbag.py:545} INFO - Filling up the DagBag from /home/airflow/.local/lib/python3.12/site-packages/airflow/example_dags/example_latest_only_with_trigger.py
[2026-05-19T09:29:23.208+0000] {processor.py:840} INFO - DAG(s) 'latest_only_with_trigger' retrieved from /home/airflow/.local/lib/python3.12/site-packages/airflow/example_dags/example_latest_only_with_trigger.py
[2026-05-19T09:29:23.280+0000] {logging_mixin.py:188} INFO - [2026-05-19T09:29:23.279+0000] {dag.py:3089} INFO - Sync 1 DAGs
[2026-05-19T09:29:23.358+0000] {logging_mixin.py:188} INFO - [2026-05-19T09:29:23.357+0000] {dag.py:3947} INFO - Setting next_dagrun for latest_only_with_trigger to 2026-05-19 04:00:00+00:00, run_after=2026-05-19 08:00:00+00:00
[2026-05-19T09:29:23.462+0000] {processor.py:183} INFO - Processing /home/airflow/.local/lib/python3.12/site-packages/airflow/example_dags/example_latest_only_with_trigger.py took 0.314 seconds
[2026-05-19T09:29:54.059+0000] {processor.py:161} INFO - Started process (PID=10530) to work on /home/airflow/.local/lib/python3.12/site-packages/airflow/example_dags/example_latest_only_with_trigger.py
[2026-05-19T09:29:54.063+0000] {processor.py:830} INFO - Processing file /home/airflow/.local/lib/python3.12/site-packages/airflow/example_dags/example_latest_only_with_trigger.py for tasks to queue
[2026-05-19T09:29:54.069+0000] {logging_mixin.py:188} INFO - [2026-05-19T09:29:54.068+0000] {dagbag.py:545} INFO - Filling up the DagBag from /home/airflow/.local/lib/python3.12/site-packages/airflow/example_dags/example_latest_only_with_trigger.py
[2026-05-19T09:29:54.090+0000] {processor.py:840} INFO - DAG(s) 'latest_only_with_trigger' retrieved from /home/airflow/.local/lib/python3.12/site-packages/airflow/example_dags/example_latest_only_with_trigger.py
[2026-05-19T09:29:54.161+0000] {logging_mixin.py:188} INFO - [2026-05-19T09:29:54.160+0000] {dag.py:3089} INFO - Sync 1 DAGs
[2026-05-19T09:29:54.228+0000] {logging_mixin.py:188} INFO - [2026-05-19T09:29:54.227+0000] {dag.py:3947} INFO - Setting next_dagrun for latest_only_with_trigger to 2026-05-19 04:00:00+00:00, run_after=2026-05-19 08:00:00+00:00
[2026-05-19T09:29:54.283+0000] {processor.py:183} INFO - Processing /home/airflow/.local/lib/python3.12/site-packages/airflow/example_dags/example_latest_only_with_trigger.py took 0.241 seconds
[2026-05-19T09:30:24.497+0000] {processor.py:161} INFO - Started process (PID=10590) to work on /home/airflow/.local/lib/python3.12/site-packages/airflow/example_dags/example_latest_only_with_trigger.py
[2026-05-19T09:30:24.504+0000] {processor.py:830} INFO - Processing file /home/airflow/.local/lib/python3.12/site-packages/airflow/example_dags/example_latest_only_with_trigger.py for tasks to queue
[2026-05-19T09:30:24.512+0000] {logging_mixin.py:188} INFO - [2026-05-19T09:30:24.511+0000] {dagbag.py:545} INFO - Filling up the DagBag from /home/airflow/.local/lib/python3.12/site-packages/airflow/example_dags/example_latest_only_with_trigger.py
[2026-05-19T09:30:24.546+0000] {processor.py:840} INFO - DAG(s) 'latest_only_with_trigger' retrieved from /home/airflow/.local/lib/python3.12/site-packages/airflow/example_dags/example_latest_only_with_trigger.py
[2026-05-19T09:30:24.672+0000] {logging_mixin.py:188} INFO - [2026-05-19T09:30:24.671+0000] {dag.py:3089} INFO - Sync 1 DAGs
[2026-05-19T09:30:24.774+0000] {logging_mixin.py:188} INFO - [2026-05-19T09:30:24.774+0000] {dag.py:3947} INFO - Setting next_dagrun for latest_only_with_trigger to 2026-05-19 04:00:00+00:00, run_after=2026-05-19 08:00:00+00:00
[2026-05-19T09:30:24.854+0000] {processor.py:183} INFO - Processing /home/airflow/.local/lib/python3.12/site-packages/airflow/example_dags/example_latest_only_with_trigger.py took 0.389 seconds
[2026-05-19T09:30:55.348+0000] {processor.py:161} INFO - Started process (PID=10650) to work on /home/airflow/.local/lib/python3.12/site-packages/airflow/example_dags/example_latest_only_with_trigger.py
[2026-05-19T09:30:55.351+0000] {processor.py:830} INFO - Processing file /home/airflow/.local/lib/python3.12/site-packages/airflow/example_dags/example_latest_only_with_trigger.py for tasks to queue
[2026-05-19T09:30:55.357+0000] {logging_mixin.py:188} INFO - [2026-05-19T09:30:55.356+0000] {dagbag.py:545} INFO - Filling up the DagBag from /home/airflow/.local/lib/python3.12/site-packages/airflow/example_dags/example_latest_only_with_trigger.py
[2026-05-19T09:30:55.373+0000] {processor.py:840} INFO - DAG(s) 'latest_only_with_trigger' retrieved from /home/airflow/.local/lib/python3.12/site-packages/airflow/example_dags/example_latest_only_with_trigger.py
[2026-05-19T09:30:55.442+0000] {logging_mixin.py:188} INFO - [2026-05-19T09:30:55.441+0000] {dag.py:3089} INFO - Sync 1 DAGs
[2026-05-19T09:30:55.518+0000] {logging_mixin.py:188} INFO - [2026-05-19T09:30:55.518+0000] {dag.py:3947} INFO - Setting next_dagrun for latest_only_with_trigger to 2026-05-19 04:00:00+00:00, run_after=2026-05-19 08:00:00+00:00
[2026-05-19T09:30:55.585+0000] {processor.py:183} INFO - Processing /home/airflow/.local/lib/python3.12/site-packages/airflow/example_dags/example_latest_only_with_trigger.py took 0.253 seconds
[2026-05-19T09:31:25.800+0000] {processor.py:161} INFO - Started process (PID=10711) to work on /home/airflow/.local/lib/python3.12/site-packages/airflow/example_dags/example_latest_only_with_trigger.py
[2026-05-19T09:31:25.803+0000] {processor.py:830} INFO - Processing file /home/airflow/.local/lib/python3.12/site-packages/airflow/example_dags/example_latest_only_with_trigger.py for tasks to queue
[2026-05-19T09:31:25.810+0000] {logging_mixin.py:188} INFO - [2026-05-19T09:31:25.809+0000] {dagbag.py:545} INFO - Filling up the DagBag from /home/airflow/.local/lib/python3.12/site-packages/airflow/example_dags/example_latest_only_with_trigger.py
[2026-05-19T09:31:25.827+0000] {processor.py:840} INFO - DAG(s) 'latest_only_with_trigger' retrieved from /home/airflow/.local/lib/python3.12/site-packages/airflow/example_dags/example_latest_only_with_trigger.py
[2026-05-19T09:31:25.891+0000] {logging_mixin.py:188} INFO - [2026-05-19T09:31:25.890+0000] {dag.py:3089} INFO - Sync 1 DAGs
[2026-05-19T09:31:25.959+0000] {logging_mixin.py:188} INFO - [2026-05-19T09:31:25.959+0000] {dag.py:3947} INFO - Setting next_dagrun for latest_only_with_trigger to 2026-05-19 04:00:00+00:00, run_after=2026-05-19 08:00:00+00:00
[2026-05-19T09:31:26.020+0000] {processor.py:183} INFO - Processing /home/airflow/.local/lib/python3.12/site-packages/airflow/example_dags/example_latest_only_with_trigger.py took 0.236 seconds
[2026-05-19T09:31:56.438+0000] {processor.py:161} INFO - Started process (PID=10771) to work on /home/airflow/.local/lib/python3.12/site-packages/airflow/example_dags/example_latest_only_with_trigger.py
[2026-05-19T09:31:56.442+0000] {processor.py:830} INFO - Processing file /home/airflow/.local/lib/python3.12/site-packages/airflow/example_dags/example_latest_only_with_trigger.py for tasks to queue
[2026-05-19T09:31:56.450+0000] {logging_mixin.py:188} INFO - [2026-05-19T09:31:56.448+0000] {dagbag.py:545} INFO - Filling up the DagBag from /home/airflow/.local/lib/python3.12/site-packages/airflow/example_dags/example_latest_only_with_trigger.py
[2026-05-19T09:31:56.476+0000] {processor.py:840} INFO - DAG(s) 'latest_only_with_trigger' retrieved from /home/airflow/.local/lib/python3.12/site-packages/airflow/example_dags/example_latest_only_with_trigger.py
[2026-05-19T09:31:56.545+0000] {logging_mixin.py:188} INFO - [2026-05-19T09:31:56.544+0000] {dag.py:3089} INFO - Sync 1 DAGs
[2026-05-19T09:31:56.614+0000] {logging_mixin.py:188} INFO - [2026-05-19T09:31:56.613+0000] {dag.py:3947} INFO - Setting next_dagrun for latest_only_with_trigger to 2026-05-19 04:00:00+00:00, run_after=2026-05-19 08:00:00+00:00
[2026-05-19T09:31:56.687+0000] {processor.py:183} INFO - Processing /home/airflow/.local/lib/python3.12/site-packages/airflow/example_dags/example_latest_only_with_trigger.py took 0.275 seconds
[2026-05-19T09:32:27.267+0000] {processor.py:161} INFO - Started process (PID=10831) to work on /home/airflow/.local/lib/python3.12/site-packages/airflow/example_dags/example_latest_only_with_trigger.py
[2026-05-19T09:32:27.271+0000] {processor.py:830} INFO - Processing file /home/airflow/.local/lib/python3.12/site-packages/airflow/example_dags/example_latest_only_with_trigger.py for tasks to queue
[2026-05-19T09:32:27.278+0000] {logging_mixin.py:188} INFO - [2026-05-19T09:32:27.277+0000] {dagbag.py:545} INFO - Filling up the DagBag from /home/airflow/.local/lib/python3.12/site-packages/airflow/example_dags/example_latest_only_with_trigger.py
[2026-05-19T09:32:27.314+0000] {processor.py:840} INFO - DAG(s) 'latest_only_with_trigger' retrieved from /home/airflow/.local/lib/python3.12/site-packages/airflow/example_dags/example_latest_only_with_trigger.py
[2026-05-19T09:32:27.442+0000] {logging_mixin.py:188} INFO - [2026-05-19T09:32:27.441+0000] {dag.py:3089} INFO - Sync 1 DAGs
[2026-05-19T09:32:27.516+0000] {logging_mixin.py:188} INFO - [2026-05-19T09:32:27.515+0000] {dag.py:3947} INFO - Setting next_dagrun for latest_only_with_trigger to 2026-05-19 04:00:00+00:00, run_after=2026-05-19 08:00:00+00:00
[2026-05-19T09:32:27.591+0000] {processor.py:183} INFO - Processing /home/airflow/.local/lib/python3.12/site-packages/airflow/example_dags/example_latest_only_with_trigger.py took 0.353 seconds
[2026-05-19T09:32:57.738+0000] {processor.py:161} INFO - Started process (PID=10889) to work on /home/airflow/.local/lib/python3.12/site-packages/airflow/example_dags/example_latest_only_with_trigger.py
[2026-05-19T09:32:57.742+0000] {processor.py:830} INFO - Processing file /home/airflow/.local/lib/python3.12/site-packages/airflow/example_dags/example_latest_only_with_trigger.py for tasks to queue
[2026-05-19T09:32:57.750+0000] {logging_mixin.py:188} INFO - [2026-05-19T09:32:57.749+0000] {dagbag.py:545} INFO - Filling up the DagBag from /home/airflow/.local/lib/python3.12/site-packages/airflow/example_dags/example_latest_only_with_trigger.py
[2026-05-19T09:32:57.771+0000] {processor.py:840} INFO - DAG(s) 'latest_only_with_trigger' retrieved from /home/airflow/.local/lib/python3.12/site-packages/airflow/example_dags/example_latest_only_with_trigger.py
[2026-05-19T09:32:57.833+0000] {logging_mixin.py:188} INFO - [2026-05-19T09:32:57.832+0000] {dag.py:3089} INFO - Sync 1 DAGs
[2026-05-19T09:32:57.890+0000] {logging_mixin.py:188} INFO - [2026-05-19T09:32:57.890+0000] {dag.py:3947} INFO - Setting next_dagrun for latest_only_with_trigger to 2026-05-19 04:00:00+00:00, run_after=2026-05-19 08:00:00+00:00
[2026-05-19T09:32:57.944+0000] {processor.py:183} INFO - Processing /home/airflow/.local/lib/python3.12/site-packages/airflow/example_dags/example_latest_only_with_trigger.py took 0.233 seconds
[2026-05-19T09:33:28.219+0000] {processor.py:161} INFO - Started process (PID=10949) to work on /home/airflow/.local/lib/python3.12/site-packages/airflow/example_dags/example_latest_only_with_trigger.py
[2026-05-19T09:33:28.223+0000] {processor.py:830} INFO - Processing file /home/airflow/.local/lib/python3.12/site-packages/airflow/example_dags/example_latest_only_with_trigger.py for tasks to queue
[2026-05-19T09:33:28.228+0000] {logging_mixin.py:188} INFO - [2026-05-19T09:33:28.227+0000] {dagbag.py:545} INFO - Filling up the DagBag from /home/airflow/.local/lib/python3.12/site-packages/airflow/example_dags/example_latest_only_with_trigger.py
[2026-05-19T09:33:28.244+0000] {processor.py:840} INFO - DAG(s) 'latest_only_with_trigger' retrieved from /home/airflow/.local/lib/python3.12/site-packages/airflow/example_dags/example_latest_only_with_trigger.py
[2026-05-19T09:33:28.319+0000] {logging_mixin.py:188} INFO - [2026-05-19T09:33:28.318+0000] {dag.py:3089} INFO - Sync 1 DAGs
[2026-05-19T09:33:28.378+0000] {logging_mixin.py:188} INFO - [2026-05-19T09:33:28.378+0000] {dag.py:3947} INFO - Setting next_dagrun for latest_only_with_trigger to 2026-05-19 04:00:00+00:00, run_after=2026-05-19 08:00:00+00:00
[2026-05-19T09:33:28.439+0000] {processor.py:183} INFO - Processing /home/airflow/.local/lib/python3.12/site-packages/airflow/example_dags/example_latest_only_with_trigger.py took 0.235 seconds
[2026-05-19T09:33:58.900+0000] {processor.py:161} INFO - Started process (PID=11008) to work on /home/airflow/.local/lib/python3.12/site-packages/airflow/example_dags/example_latest_only_with_trigger.py
[2026-05-19T09:33:58.904+0000] {processor.py:830} INFO - Processing file /home/airflow/.local/lib/python3.12/site-packages/airflow/example_dags/example_latest_only_with_trigger.py for tasks to queue
[2026-05-19T09:33:58.911+0000] {logging_mixin.py:188} INFO - [2026-05-19T09:33:58.910+0000] {dagbag.py:545} INFO - Filling up the DagBag from /home/airflow/.local/lib/python3.12/site-packages/airflow/example_dags/example_latest_only_with_trigger.py
[2026-05-19T09:33:58.938+0000] {processor.py:840} INFO - DAG(s) 'latest_only_with_trigger' retrieved from /home/airflow/.local/lib/python3.12/site-packages/airflow/example_dags/example_latest_only_with_trigger.py
[2026-05-19T09:33:59.038+0000] {logging_mixin.py:188} INFO - [2026-05-19T09:33:59.037+0000] {dag.py:3089} INFO - Sync 1 DAGs
[2026-05-19T09:33:59.157+0000] {logging_mixin.py:188} INFO - [2026-05-19T09:33:59.156+0000] {dag.py:3947} INFO - Setting next_dagrun for latest_only_with_trigger to 2026-05-19 04:00:00+00:00, run_after=2026-05-19 08:00:00+00:00
[2026-05-19T09:33:59.255+0000] {processor.py:183} INFO - Processing /home/airflow/.local/lib/python3.12/site-packages/airflow/example_dags/example_latest_only_with_trigger.py took 0.370 seconds
[2026-05-19T09:34:29.840+0000] {processor.py:161} INFO - Started process (PID=11067) to work on /home/airflow/.local/lib/python3.12/site-packages/airflow/example_dags/example_latest_only_with_trigger.py
[2026-05-19T09:34:29.843+0000] {processor.py:830} INFO - Processing file /home/airflow/.local/lib/python3.12/site-packages/airflow/example_dags/example_latest_only_with_trigger.py for tasks to queue
[2026-05-19T09:34:29.850+0000] {logging_mixin.py:188} INFO - [2026-05-19T09:34:29.849+0000] {dagbag.py:545} INFO - Filling up the DagBag from /home/airflow/.local/lib/python3.12/site-packages/airflow/example_dags/example_latest_only_with_trigger.py
[2026-05-19T09:34:29.868+0000] {processor.py:840} INFO - DAG(s) 'latest_only_with_trigger' retrieved from /home/airflow/.local/lib/python3.12/site-packages/airflow/example_dags/example_latest_only_with_trigger.py
[2026-05-19T09:34:29.932+0000] {logging_mixin.py:188} INFO - [2026-05-19T09:34:29.930+0000] {dag.py:3089} INFO - Sync 1 DAGs
[2026-05-19T09:34:29.995+0000] {logging_mixin.py:188} INFO - [2026-05-19T09:34:29.995+0000] {dag.py:3947} INFO - Setting next_dagrun for latest_only_with_trigger to 2026-05-19 04:00:00+00:00, run_after=2026-05-19 08:00:00+00:00
[2026-05-19T09:34:30.054+0000] {processor.py:183} INFO - Processing /home/airflow/.local/lib/python3.12/site-packages/airflow/example_dags/example_latest_only_with_trigger.py took 0.230 seconds
[2026-05-19T09:35:00.465+0000] {processor.py:161} INFO - Started process (PID=11128) to work on /home/airflow/.local/lib/python3.12/site-packages/airflow/example_dags/example_latest_only_with_trigger.py
[2026-05-19T09:35:00.470+0000] {processor.py:830} INFO - Processing file /home/airflow/.local/lib/python3.12/site-packages/airflow/example_dags/example_latest_only_with_trigger.py for tasks to queue
[2026-05-19T09:35:00.478+0000] {logging_mixin.py:188} INFO - [2026-05-19T09:35:00.476+0000] {dagbag.py:545} INFO - Filling up the DagBag from /home/airflow/.local/lib/python3.12/site-packages/airflow/example_dags/example_latest_only_with_trigger.py
[2026-05-19T09:35:00.505+0000] {processor.py:840} INFO - DAG(s) 'latest_only_with_trigger' retrieved from /home/airflow/.local/lib/python3.12/site-packages/airflow/example_dags/example_latest_only_with_trigger.py
[2026-05-19T09:35:00.570+0000] {logging_mixin.py:188} INFO - [2026-05-19T09:35:00.569+0000] {dag.py:3089} INFO - Sync 1 DAGs
[2026-05-19T09:35:00.657+0000] {logging_mixin.py:188} INFO - [2026-05-19T09:35:00.657+0000] {dag.py:3947} INFO - Setting next_dagrun for latest_only_with_trigger to 2026-05-19 04:00:00+00:00, run_after=2026-05-19 08:00:00+00:00
[2026-05-19T09:35:00.728+0000] {processor.py:183} INFO - Processing /home/airflow/.local/lib/python3.12/site-packages/airflow/example_dags/example_latest_only_with_trigger.py took 0.287 seconds
[2026-05-19T09:35:31.141+0000] {processor.py:161} INFO - Started process (PID=11188) to work on /home/airflow/.local/lib/python3.12/site-packages/airflow/example_dags/example_latest_only_with_trigger.py
[2026-05-19T09:35:31.146+0000] {processor.py:830} INFO - Processing file /home/airflow/.local/lib/python3.12/site-packages/airflow/example_dags/example_latest_only_with_trigger.py for tasks to queue
[2026-05-19T09:35:31.153+0000] {logging_mixin.py:188} INFO - [2026-05-19T09:35:31.152+0000] {dagbag.py:545} INFO - Filling up the DagBag from /home/airflow/.local/lib/python3.12/site-packages/airflow/example_dags/example_latest_only_with_trigger.py
[2026-05-19T09:35:31.175+0000] {processor.py:840} INFO - DAG(s) 'latest_only_with_trigger' retrieved from /home/airflow/.local/lib/python3.12/site-packages/airflow/example_dags/example_latest_only_with_trigger.py
[2026-05-19T09:35:31.272+0000] {logging_mixin.py:188} INFO - [2026-05-19T09:35:31.271+0000] {dag.py:3089} INFO - Sync 1 DAGs
[2026-05-19T09:35:31.361+0000] {logging_mixin.py:188} INFO - [2026-05-19T09:35:31.359+0000] {dag.py:3947} INFO - Setting next_dagrun for latest_only_with_trigger to 2026-05-19 04:00:00+00:00, run_after=2026-05-19 08:00:00+00:00
[2026-05-19T09:35:31.460+0000] {processor.py:183} INFO - Processing /home/airflow/.local/lib/python3.12/site-packages/airflow/example_dags/example_latest_only_with_trigger.py took 0.339 seconds
[2026-05-19T09:36:01.882+0000] {processor.py:161} INFO - Started process (PID=11247) to work on /home/airflow/.local/lib/python3.12/site-packages/airflow/example_dags/example_latest_only_with_trigger.py
[2026-05-19T09:36:01.886+0000] {processor.py:830} INFO - Processing file /home/airflow/.local/lib/python3.12/site-packages/airflow/example_dags/example_latest_only_with_trigger.py for tasks to queue
[2026-05-19T09:36:01.893+0000] {logging_mixin.py:188} INFO - [2026-05-19T09:36:01.891+0000] {dagbag.py:545} INFO - Filling up the DagBag from /home/airflow/.local/lib/python3.12/site-packages/airflow/example_dags/example_latest_only_with_trigger.py
[2026-05-19T09:36:01.914+0000] {processor.py:840} INFO - DAG(s) 'latest_only_with_trigger' retrieved from /home/airflow/.local/lib/python3.12/site-packages/airflow/example_dags/example_latest_only_with_trigger.py
[2026-05-19T09:36:01.987+0000] {logging_mixin.py:188} INFO - [2026-05-19T09:36:01.986+0000] {dag.py:3089} INFO - Sync 1 DAGs
[2026-05-19T09:36:02.112+0000] {logging_mixin.py:188} INFO - [2026-05-19T09:36:02.111+0000] {dag.py:3947} INFO - Setting next_dagrun for latest_only_with_trigger to 2026-05-19 04:00:00+00:00, run_after=2026-05-19 08:00:00+00:00
[2026-05-19T09:36:02.244+0000] {processor.py:183} INFO - Processing /home/airflow/.local/lib/python3.12/site-packages/airflow/example_dags/example_latest_only_with_trigger.py took 0.383 seconds
[2026-05-19T09:36:32.774+0000] {processor.py:161} INFO - Started process (PID=11306) to work on /home/airflow/.local/lib/python3.12/site-packages/airflow/example_dags/example_latest_only_with_trigger.py
[2026-05-19T09:36:32.778+0000] {processor.py:830} INFO - Processing file /home/airflow/.local/lib/python3.12/site-packages/airflow/example_dags/example_latest_only_with_trigger.py for tasks to queue
[2026-05-19T09:36:32.809+0000] {logging_mixin.py:188} INFO - [2026-05-19T09:36:32.807+0000] {dagbag.py:545} INFO - Filling up the DagBag from /home/airflow/.local/lib/python3.12/site-packages/airflow/example_dags/example_latest_only_with_trigger.py
[2026-05-19T09:36:32.825+0000] {processor.py:840} INFO - DAG(s) 'latest_only_with_trigger' retrieved from /home/airflow/.local/lib/python3.12/site-packages/airflow/example_dags/example_latest_only_with_trigger.py
[2026-05-19T09:36:32.900+0000] {logging_mixin.py:188} INFO - [2026-05-19T09:36:32.899+0000] {dag.py:3089} INFO - Sync 1 DAGs
[2026-05-19T09:36:32.974+0000] {logging_mixin.py:188} INFO - [2026-05-19T09:36:32.973+0000] {dag.py:3947} INFO - Setting next_dagrun for latest_only_with_trigger to 2026-05-19 04:00:00+00:00, run_after=2026-05-19 08:00:00+00:00
[2026-05-19T09:36:33.056+0000] {processor.py:183} INFO - Processing /home/airflow/.local/lib/python3.12/site-packages/airflow/example_dags/example_latest_only_with_trigger.py took 0.299 seconds
[2026-05-19T09:37:03.643+0000] {processor.py:161} INFO - Started process (PID=11366) to work on /home/airflow/.local/lib/python3.12/site-packages/airflow/example_dags/example_latest_only_with_trigger.py
[2026-05-19T09:37:03.649+0000] {processor.py:830} INFO - Processing file /home/airflow/.local/lib/python3.12/site-packages/airflow/example_dags/example_latest_only_with_trigger.py for tasks to queue
[2026-05-19T09:37:03.659+0000] {logging_mixin.py:188} INFO - [2026-05-19T09:37:03.657+0000] {dagbag.py:545} INFO - Filling up the DagBag from /home/airflow/.local/lib/python3.12/site-packages/airflow/example_dags/example_latest_only_with_trigger.py
[2026-05-19T09:37:03.686+0000] {processor.py:840} INFO - DAG(s) 'latest_only_with_trigger' retrieved from /home/airflow/.local/lib/python3.12/site-packages/airflow/example_dags/example_latest_only_with_trigger.py
[2026-05-19T09:37:04.074+0000] {logging_mixin.py:188} INFO - [2026-05-19T09:37:04.071+0000] {dag.py:3089} INFO - Sync 1 DAGs
[2026-05-19T09:37:04.252+0000] {logging_mixin.py:188} INFO - [2026-05-19T09:37:04.251+0000] {dag.py:3947} INFO - Setting next_dagrun for latest_only_with_trigger to 2026-05-19 04:00:00+00:00, run_after=2026-05-19 08:00:00+00:00
[2026-05-19T09:37:04.376+0000] {processor.py:183} INFO - Processing /home/airflow/.local/lib/python3.12/site-packages/airflow/example_dags/example_latest_only_with_trigger.py took 0.759 seconds
[2026-05-19T09:37:35.383+0000] {processor.py:161} INFO - Started process (PID=11426) to work on /home/airflow/.local/lib/python3.12/site-packages/airflow/example_dags/example_latest_only_with_trigger.py
[2026-05-19T09:37:35.389+0000] {processor.py:830} INFO - Processing file /home/airflow/.local/lib/python3.12/site-packages/airflow/example_dags/example_latest_only_with_trigger.py for tasks to queue
[2026-05-19T09:37:35.396+0000] {logging_mixin.py:188} INFO - [2026-05-19T09:37:35.395+0000] {dagbag.py:545} INFO - Filling up the DagBag from /home/airflow/.local/lib/python3.12/site-packages/airflow/example_dags/example_latest_only_with_trigger.py
[2026-05-19T09:37:35.418+0000] {processor.py:840} INFO - DAG(s) 'latest_only_with_trigger' retrieved from /home/airflow/.local/lib/python3.12/site-packages/airflow/example_dags/example_latest_only_with_trigger.py
[2026-05-19T09:37:35.505+0000] {logging_mixin.py:188} INFO - [2026-05-19T09:37:35.504+0000] {dag.py:3089} INFO - Sync 1 DAGs
[2026-05-19T09:37:35.596+0000] {logging_mixin.py:188} INFO - [2026-05-19T09:37:35.595+0000] {dag.py:3947} INFO - Setting next_dagrun for latest_only_with_trigger to 2026-05-19 04:00:00+00:00, run_after=2026-05-19 08:00:00+00:00
[2026-05-19T09:37:35.703+0000] {processor.py:183} INFO - Processing /home/airflow/.local/lib/python3.12/site-packages/airflow/example_dags/example_latest_only_with_trigger.py took 0.340 seconds
[2026-05-19T09:38:06.431+0000] {processor.py:161} INFO - Started process (PID=11487) to work on /home/airflow/.local/lib/python3.12/site-packages/airflow/example_dags/example_latest_only_with_trigger.py
[2026-05-19T09:38:06.434+0000] {processor.py:830} INFO - Processing file /home/airflow/.local/lib/python3.12/site-packages/airflow/example_dags/example_latest_only_with_trigger.py for tasks to queue
[2026-05-19T09:38:06.439+0000] {logging_mixin.py:188} INFO - [2026-05-19T09:38:06.439+0000] {dagbag.py:545} INFO - Filling up the DagBag from /home/airflow/.local/lib/python3.12/site-packages/airflow/example_dags/example_latest_only_with_trigger.py
[2026-05-19T09:38:06.455+0000] {processor.py:840} INFO - DAG(s) 'latest_only_with_trigger' retrieved from /home/airflow/.local/lib/python3.12/site-packages/airflow/example_dags/example_latest_only_with_trigger.py
[2026-05-19T09:38:06.535+0000] {logging_mixin.py:188} INFO - [2026-05-19T09:38:06.534+0000] {dag.py:3089} INFO - Sync 1 DAGs
[2026-05-19T09:38:06.600+0000] {logging_mixin.py:188} INFO - [2026-05-19T09:38:06.599+0000] {dag.py:3947} INFO - Setting next_dagrun for latest_only_with_trigger to 2026-05-19 04:00:00+00:00, run_after=2026-05-19 08:00:00+00:00
[2026-05-19T09:38:06.727+0000] {processor.py:183} INFO - Processing /home/airflow/.local/lib/python3.12/site-packages/airflow/example_dags/example_latest_only_with_trigger.py took 0.315 seconds
[2026-05-19T09:38:37.099+0000] {processor.py:161} INFO - Started process (PID=11547) to work on /home/airflow/.local/lib/python3.12/site-packages/airflow/example_dags/example_latest_only_with_trigger.py
[2026-05-19T09:38:37.103+0000] {processor.py:830} INFO - Processing file /home/airflow/.local/lib/python3.12/site-packages/airflow/example_dags/example_latest_only_with_trigger.py for tasks to queue
[2026-05-19T09:38:37.109+0000] {logging_mixin.py:188} INFO - [2026-05-19T09:38:37.108+0000] {dagbag.py:545} INFO - Filling up the DagBag from /home/airflow/.local/lib/python3.12/site-packages/airflow/example_dags/example_latest_only_with_trigger.py
[2026-05-19T09:38:37.128+0000] {processor.py:840} INFO - DAG(s) 'latest_only_with_trigger' retrieved from /home/airflow/.local/lib/python3.12/site-packages/airflow/example_dags/example_latest_only_with_trigger.py
[2026-05-19T09:38:37.212+0000] {logging_mixin.py:188} INFO - [2026-05-19T09:38:37.211+0000] {dag.py:3089} INFO - Sync 1 DAGs
[2026-05-19T09:38:37.294+0000] {logging_mixin.py:188} INFO - [2026-05-19T09:38:37.294+0000] {dag.py:3947} INFO - Setting next_dagrun for latest_only_with_trigger to 2026-05-19 04:00:00+00:00, run_after=2026-05-19 08:00:00+00:00
[2026-05-19T09:38:37.366+0000] {processor.py:183} INFO - Processing /home/airflow/.local/lib/python3.12/site-packages/airflow/example_dags/example_latest_only_with_trigger.py took 0.291 seconds
[2026-05-19T09:39:07.565+0000] {processor.py:161} INFO - Started process (PID=11606) to work on /home/airflow/.local/lib/python3.12/site-packages/airflow/example_dags/example_latest_only_with_trigger.py
[2026-05-19T09:39:07.571+0000] {processor.py:830} INFO - Processing file /home/airflow/.local/lib/python3.12/site-packages/airflow/example_dags/example_latest_only_with_trigger.py for tasks to queue
[2026-05-19T09:39:07.580+0000] {logging_mixin.py:188} INFO - [2026-05-19T09:39:07.578+0000] {dagbag.py:545} INFO - Filling up the DagBag from /home/airflow/.local/lib/python3.12/site-packages/airflow/example_dags/example_latest_only_with_trigger.py
[2026-05-19T09:39:07.613+0000] {processor.py:840} INFO - DAG(s) 'latest_only_with_trigger' retrieved from /home/airflow/.local/lib/python3.12/site-packages/airflow/example_dags/example_latest_only_with_trigger.py
[2026-05-19T09:39:07.732+0000] {logging_mixin.py:188} INFO - [2026-05-19T09:39:07.731+0000] {dag.py:3089} INFO - Sync 1 DAGs
[2026-05-19T09:39:07.837+0000] {logging_mixin.py:188} INFO - [2026-05-19T09:39:07.836+0000] {dag.py:3947} INFO - Setting next_dagrun for latest_only_with_trigger to 2026-05-19 04:00:00+00:00, run_after=2026-05-19 08:00:00+00:00
[2026-05-19T09:39:07.906+0000] {processor.py:183} INFO - Processing /home/airflow/.local/lib/python3.12/site-packages/airflow/example_dags/example_latest_only_with_trigger.py took 0.372 seconds
[2026-05-19T09:39:40.927+0000] {processor.py:161} INFO - Started process (PID=11666) to work on /home/airflow/.local/lib/python3.12/site-packages/airflow/example_dags/example_latest_only_with_trigger.py
[2026-05-19T09:39:40.931+0000] {processor.py:830} INFO - Processing file /home/airflow/.local/lib/python3.12/site-packages/airflow/example_dags/example_latest_only_with_trigger.py for tasks to queue
[2026-05-19T09:39:40.944+0000] {logging_mixin.py:188} INFO - [2026-05-19T09:39:40.939+0000] {dagbag.py:545} INFO - Filling up the DagBag from /home/airflow/.local/lib/python3.12/site-packages/airflow/example_dags/example_latest_only_with_trigger.py
[2026-05-19T09:39:40.983+0000] {processor.py:840} INFO - DAG(s) 'latest_only_with_trigger' retrieved from /home/airflow/.local/lib/python3.12/site-packages/airflow/example_dags/example_latest_only_with_trigger.py
[2026-05-19T09:39:41.099+0000] {logging_mixin.py:188} INFO - [2026-05-19T09:39:41.097+0000] {dag.py:3089} INFO - Sync 1 DAGs
[2026-05-19T09:39:41.161+0000] {logging_mixin.py:188} INFO - [2026-05-19T09:39:41.161+0000] {dag.py:3947} INFO - Setting next_dagrun for latest_only_with_trigger to 2026-05-19 04:00:00+00:00, run_after=2026-05-19 08:00:00+00:00
[2026-05-19T09:39:41.208+0000] {processor.py:183} INFO - Processing /home/airflow/.local/lib/python3.12/site-packages/airflow/example_dags/example_latest_only_with_trigger.py took 0.305 seconds
[2026-05-19T09:40:11.602+0000] {processor.py:161} INFO - Started process (PID=11726) to work on /home/airflow/.local/lib/python3.12/site-packages/airflow/example_dags/example_latest_only_with_trigger.py
[2026-05-19T09:40:11.606+0000] {processor.py:830} INFO - Processing file /home/airflow/.local/lib/python3.12/site-packages/airflow/example_dags/example_latest_only_with_trigger.py for tasks to queue
[2026-05-19T09:40:11.612+0000] {logging_mixin.py:188} INFO - [2026-05-19T09:40:11.611+0000] {dagbag.py:545} INFO - Filling up the DagBag from /home/airflow/.local/lib/python3.12/site-packages/airflow/example_dags/example_latest_only_with_trigger.py
[2026-05-19T09:40:11.630+0000] {processor.py:840} INFO - DAG(s) 'latest_only_with_trigger' retrieved from /home/airflow/.local/lib/python3.12/site-packages/airflow/example_dags/example_latest_only_with_trigger.py
[2026-05-19T09:40:11.703+0000] {logging_mixin.py:188} INFO - [2026-05-19T09:40:11.702+0000] {dag.py:3089} INFO - Sync 1 DAGs
[2026-05-19T09:40:11.826+0000] {logging_mixin.py:188} INFO - [2026-05-19T09:40:11.825+0000] {dag.py:3947} INFO - Setting next_dagrun for latest_only_with_trigger to 2026-05-19 04:00:00+00:00, run_after=2026-05-19 08:00:00+00:00
[2026-05-19T09:40:11.934+0000] {processor.py:183} INFO - Processing /home/airflow/.local/lib/python3.12/site-packages/airflow/example_dags/example_latest_only_with_trigger.py took 0.353 seconds
[2026-05-19T09:40:42.815+0000] {processor.py:161} INFO - Started process (PID=11781) to work on /home/airflow/.local/lib/python3.12/site-packages/airflow/example_dags/example_latest_only_with_trigger.py
[2026-05-19T09:40:42.820+0000] {processor.py:830} INFO - Processing file /home/airflow/.local/lib/python3.12/site-packages/airflow/example_dags/example_latest_only_with_trigger.py for tasks to queue
[2026-05-19T09:40:42.827+0000] {logging_mixin.py:188} INFO - [2026-05-19T09:40:42.826+0000] {dagbag.py:545} INFO - Filling up the DagBag from /home/airflow/.local/lib/python3.12/site-packages/airflow/example_dags/example_latest_only_with_trigger.py
[2026-05-19T09:40:42.848+0000] {processor.py:840} INFO - DAG(s) 'latest_only_with_trigger' retrieved from /home/airflow/.local/lib/python3.12/site-packages/airflow/example_dags/example_latest_only_with_trigger.py
[2026-05-19T09:40:42.927+0000] {logging_mixin.py:188} INFO - [2026-05-19T09:40:42.926+0000] {dag.py:3089} INFO - Sync 1 DAGs
[2026-05-19T09:40:43.028+0000] {logging_mixin.py:188} INFO - [2026-05-19T09:40:43.026+0000] {dag.py:3947} INFO - Setting next_dagrun for latest_only_with_trigger to 2026-05-19 04:00:00+00:00, run_after=2026-05-19 08:00:00+00:00
[2026-05-19T09:40:43.143+0000] {processor.py:183} INFO - Processing /home/airflow/.local/lib/python3.12/site-packages/airflow/example_dags/example_latest_only_with_trigger.py took 0.348 seconds
[2026-05-19T09:41:14.822+0000] {processor.py:161} INFO - Started process (PID=11840) to work on /home/airflow/.local/lib/python3.12/site-packages/airflow/example_dags/example_latest_only_with_trigger.py
[2026-05-19T09:41:14.824+0000] {processor.py:830} INFO - Processing file /home/airflow/.local/lib/python3.12/site-packages/airflow/example_dags/example_latest_only_with_trigger.py for tasks to queue
[2026-05-19T09:41:14.830+0000] {logging_mixin.py:188} INFO - [2026-05-19T09:41:14.829+0000] {dagbag.py:545} INFO - Filling up the DagBag from /home/airflow/.local/lib/python3.12/site-packages/airflow/example_dags/example_latest_only_with_trigger.py
[2026-05-19T09:41:14.850+0000] {processor.py:840} INFO - DAG(s) 'latest_only_with_trigger' retrieved from /home/airflow/.local/lib/python3.12/site-packages/airflow/example_dags/example_latest_only_with_trigger.py
[2026-05-19T09:41:14.940+0000] {logging_mixin.py:188} INFO - [2026-05-19T09:41:14.939+0000] {dag.py:3089} INFO - Sync 1 DAGs
[2026-05-19T09:41:15.081+0000] {logging_mixin.py:188} INFO - [2026-05-19T09:41:15.080+0000] {dag.py:3947} INFO - Setting next_dagrun for latest_only_with_trigger to 2026-05-19 04:00:00+00:00, run_after=2026-05-19 08:00:00+00:00
[2026-05-19T09:41:15.172+0000] {processor.py:183} INFO - Processing /home/airflow/.local/lib/python3.12/site-packages/airflow/example_dags/example_latest_only_with_trigger.py took 0.369 seconds
[2026-05-19T09:41:46.454+0000] {processor.py:161} INFO - Started process (PID=11900) to work on /home/airflow/.local/lib/python3.12/site-packages/airflow/example_dags/example_latest_only_with_trigger.py
[2026-05-19T09:41:46.459+0000] {processor.py:830} INFO - Processing file /home/airflow/.local/lib/python3.12/site-packages/airflow/example_dags/example_latest_only_with_trigger.py for tasks to queue
[2026-05-19T09:41:46.469+0000] {logging_mixin.py:188} INFO - [2026-05-19T09:41:46.467+0000] {dagbag.py:545} INFO - Filling up the DagBag from /home/airflow/.local/lib/python3.12/site-packages/airflow/example_dags/example_latest_only_with_trigger.py
[2026-05-19T09:41:46.495+0000] {processor.py:840} INFO - DAG(s) 'latest_only_with_trigger' retrieved from /home/airflow/.local/lib/python3.12/site-packages/airflow/example_dags/example_latest_only_with_trigger.py
[2026-05-19T09:41:46.578+0000] {logging_mixin.py:188} INFO - [2026-05-19T09:41:46.577+0000] {dag.py:3089} INFO - Sync 1 DAGs
[2026-05-19T09:41:46.686+0000] {logging_mixin.py:188} INFO - [2026-05-19T09:41:46.685+0000] {dag.py:3947} INFO - Setting next_dagrun for latest_only_with_trigger to 2026-05-19 04:00:00+00:00, run_after=2026-05-19 08:00:00+00:00
[2026-05-19T09:41:46.787+0000] {processor.py:183} INFO - Processing /home/airflow/.local/lib/python3.12/site-packages/airflow/example_dags/example_latest_only_with_trigger.py took 0.360 seconds
[2026-05-19T09:42:17.979+0000] {processor.py:161} INFO - Started process (PID=11960) to work on /home/airflow/.local/lib/python3.12/site-packages/airflow/example_dags/example_latest_only_with_trigger.py
[2026-05-19T09:42:17.983+0000] {processor.py:830} INFO - Processing file /home/airflow/.local/lib/python3.12/site-packages/airflow/example_dags/example_latest_only_with_trigger.py for tasks to queue
[2026-05-19T09:42:17.990+0000] {logging_mixin.py:188} INFO - [2026-05-19T09:42:17.989+0000] {dagbag.py:545} INFO - Filling up the DagBag from /home/airflow/.local/lib/python3.12/site-packages/airflow/example_dags/example_latest_only_with_trigger.py
[2026-05-19T09:42:18.010+0000] {processor.py:840} INFO - DAG(s) 'latest_only_with_trigger' retrieved from /home/airflow/.local/lib/python3.12/site-packages/airflow/example_dags/example_latest_only_with_trigger.py
[2026-05-19T09:42:18.073+0000] {logging_mixin.py:188} INFO - [2026-05-19T09:42:18.072+0000] {dag.py:3089} INFO - Sync 1 DAGs
[2026-05-19T09:42:18.133+0000] {logging_mixin.py:188} INFO - [2026-05-19T09:42:18.133+0000] {dag.py:3947} INFO - Setting next_dagrun for latest_only_with_trigger to 2026-05-19 04:00:00+00:00, run_after=2026-05-19 08:00:00+00:00
[2026-05-19T09:42:18.199+0000] {processor.py:183} INFO - Processing /home/airflow/.local/lib/python3.12/site-packages/airflow/example_dags/example_latest_only_with_trigger.py took 0.237 seconds
[2026-05-19T09:42:49.133+0000] {processor.py:161} INFO - Started process (PID=12019) to work on /home/airflow/.local/lib/python3.12/site-packages/airflow/example_dags/example_latest_only_with_trigger.py
[2026-05-19T09:42:49.138+0000] {processor.py:830} INFO - Processing file /home/airflow/.local/lib/python3.12/site-packages/airflow/example_dags/example_latest_only_with_trigger.py for tasks to queue
[2026-05-19T09:42:49.147+0000] {logging_mixin.py:188} INFO - [2026-05-19T09:42:49.145+0000] {dagbag.py:545} INFO - Filling up the DagBag from /home/airflow/.local/lib/python3.12/site-packages/airflow/example_dags/example_latest_only_with_trigger.py
[2026-05-19T09:42:49.172+0000] {processor.py:840} INFO - DAG(s) 'latest_only_with_trigger' retrieved from /home/airflow/.local/lib/python3.12/site-packages/airflow/example_dags/example_latest_only_with_trigger.py
[2026-05-19T09:42:49.261+0000] {logging_mixin.py:188} INFO - [2026-05-19T09:42:49.260+0000] {dag.py:3089} INFO - Sync 1 DAGs
[2026-05-19T09:42:49.337+0000] {logging_mixin.py:188} INFO - [2026-05-19T09:42:49.336+0000] {dag.py:3947} INFO - Setting next_dagrun for latest_only_with_trigger to 2026-05-19 04:00:00+00:00, run_after=2026-05-19 08:00:00+00:00
[2026-05-19T09:42:49.436+0000] {processor.py:183} INFO - Processing /home/airflow/.local/lib/python3.12/site-packages/airflow/example_dags/example_latest_only_with_trigger.py took 0.322 seconds
[2026-05-19T09:43:19.733+0000] {processor.py:161} INFO - Started process (PID=12078) to work on /home/airflow/.local/lib/python3.12/site-packages/airflow/example_dags/example_latest_only_with_trigger.py
[2026-05-19T09:43:19.736+0000] {processor.py:830} INFO - Processing file /home/airflow/.local/lib/python3.12/site-packages/airflow/example_dags/example_latest_only_with_trigger.py for tasks to queue
[2026-05-19T09:43:19.742+0000] {logging_mixin.py:188} INFO - [2026-05-19T09:43:19.741+0000] {dagbag.py:545} INFO - Filling up the DagBag from /home/airflow/.local/lib/python3.12/site-packages/airflow/example_dags/example_latest_only_with_trigger.py
[2026-05-19T09:43:19.762+0000] {processor.py:840} INFO - DAG(s) 'latest_only_with_trigger' retrieved from /home/airflow/.local/lib/python3.12/site-packages/airflow/example_dags/example_latest_only_with_trigger.py
[2026-05-19T09:43:19.817+0000] {logging_mixin.py:188} INFO - [2026-05-19T09:43:19.816+0000] {dag.py:3089} INFO - Sync 1 DAGs
[2026-05-19T09:43:19.878+0000] {logging_mixin.py:188} INFO - [2026-05-19T09:43:19.877+0000] {dag.py:3947} INFO - Setting next_dagrun for latest_only_with_trigger to 2026-05-19 04:00:00+00:00, run_after=2026-05-19 08:00:00+00:00
[2026-05-19T09:43:19.952+0000] {processor.py:183} INFO - Processing /home/airflow/.local/lib/python3.12/site-packages/airflow/example_dags/example_latest_only_with_trigger.py took 0.242 seconds
[2026-05-19T09:43:50.878+0000] {processor.py:161} INFO - Started process (PID=12138) to work on /home/airflow/.local/lib/python3.12/site-packages/airflow/example_dags/example_latest_only_with_trigger.py
[2026-05-19T09:43:50.881+0000] {processor.py:830} INFO - Processing file /home/airflow/.local/lib/python3.12/site-packages/airflow/example_dags/example_latest_only_with_trigger.py for tasks to queue
[2026-05-19T09:43:50.886+0000] {logging_mixin.py:188} INFO - [2026-05-19T09:43:50.885+0000] {dagbag.py:545} INFO - Filling up the DagBag from /home/airflow/.local/lib/python3.12/site-packages/airflow/example_dags/example_latest_only_with_trigger.py
[2026-05-19T09:43:50.912+0000] {processor.py:840} INFO - DAG(s) 'latest_only_with_trigger' retrieved from /home/airflow/.local/lib/python3.12/site-packages/airflow/example_dags/example_latest_only_with_trigger.py
[2026-05-19T09:43:50.979+0000] {logging_mixin.py:188} INFO - [2026-05-19T09:43:50.978+0000] {dag.py:3089} INFO - Sync 1 DAGs
[2026-05-19T09:43:51.109+0000] {logging_mixin.py:188} INFO - [2026-05-19T09:43:51.109+0000] {dag.py:3947} INFO - Setting next_dagrun for latest_only_with_trigger to 2026-05-19 04:00:00+00:00, run_after=2026-05-19 08:00:00+00:00
[2026-05-19T09:43:51.193+0000] {processor.py:183} INFO - Processing /home/airflow/.local/lib/python3.12/site-packages/airflow/example_dags/example_latest_only_with_trigger.py took 0.332 seconds
[2026-05-19T09:44:21.354+0000] {processor.py:161} INFO - Started process (PID=12198) to work on /home/airflow/.local/lib/python3.12/site-packages/airflow/example_dags/example_latest_only_with_trigger.py
[2026-05-19T09:44:21.358+0000] {processor.py:830} INFO - Processing file /home/airflow/.local/lib/python3.12/site-packages/airflow/example_dags/example_latest_only_with_trigger.py for tasks to queue
[2026-05-19T09:44:21.364+0000] {logging_mixin.py:188} INFO - [2026-05-19T09:44:21.363+0000] {dagbag.py:545} INFO - Filling up the DagBag from /home/airflow/.local/lib/python3.12/site-packages/airflow/example_dags/example_latest_only_with_trigger.py
[2026-05-19T09:44:21.380+0000] {processor.py:840} INFO - DAG(s) 'latest_only_with_trigger' retrieved from /home/airflow/.local/lib/python3.12/site-packages/airflow/example_dags/example_latest_only_with_trigger.py
[2026-05-19T09:44:21.446+0000] {logging_mixin.py:188} INFO - [2026-05-19T09:44:21.446+0000] {dag.py:3089} INFO - Sync 1 DAGs
[2026-05-19T09:44:21.502+0000] {logging_mixin.py:188} INFO - [2026-05-19T09:44:21.502+0000] {dag.py:3947} INFO - Setting next_dagrun for latest_only_with_trigger to 2026-05-19 04:00:00+00:00, run_after=2026-05-19 08:00:00+00:00
[2026-05-19T09:44:21.564+0000] {processor.py:183} INFO - Processing /home/airflow/.local/lib/python3.12/site-packages/airflow/example_dags/example_latest_only_with_trigger.py took 0.228 seconds
[2026-05-19T09:44:51.862+0000] {processor.py:161} INFO - Started process (PID=12256) to work on /home/airflow/.local/lib/python3.12/site-packages/airflow/example_dags/example_latest_only_with_trigger.py
[2026-05-19T09:44:51.867+0000] {processor.py:830} INFO - Processing file /home/airflow/.local/lib/python3.12/site-packages/airflow/example_dags/example_latest_only_with_trigger.py for tasks to queue
[2026-05-19T09:44:51.877+0000] {logging_mixin.py:188} INFO - [2026-05-19T09:44:51.875+0000] {dagbag.py:545} INFO - Filling up the DagBag from /home/airflow/.local/lib/python3.12/site-packages/airflow/example_dags/example_latest_only_with_trigger.py
[2026-05-19T09:44:51.904+0000] {processor.py:840} INFO - DAG(s) 'latest_only_with_trigger' retrieved from /home/airflow/.local/lib/python3.12/site-packages/airflow/example_dags/example_latest_only_with_trigger.py
[2026-05-19T09:44:51.990+0000] {logging_mixin.py:188} INFO - [2026-05-19T09:44:51.989+0000] {dag.py:3089} INFO - Sync 1 DAGs
[2026-05-19T09:44:52.070+0000] {logging_mixin.py:188} INFO - [2026-05-19T09:44:52.069+0000] {dag.py:3947} INFO - Setting next_dagrun for latest_only_with_trigger to 2026-05-19 04:00:00+00:00, run_after=2026-05-19 08:00:00+00:00
[2026-05-19T09:44:52.167+0000] {processor.py:183} INFO - Processing /home/airflow/.local/lib/python3.12/site-packages/airflow/example_dags/example_latest_only_with_trigger.py took 0.338 seconds
[2026-05-19T09:45:22.984+0000] {processor.py:161} INFO - Started process (PID=12316) to work on /home/airflow/.local/lib/python3.12/site-packages/airflow/example_dags/example_latest_only_with_trigger.py
[2026-05-19T09:45:22.987+0000] {processor.py:830} INFO - Processing file /home/airflow/.local/lib/python3.12/site-packages/airflow/example_dags/example_latest_only_with_trigger.py for tasks to queue
[2026-05-19T09:45:22.993+0000] {logging_mixin.py:188} INFO - [2026-05-19T09:45:22.991+0000] {dagbag.py:545} INFO - Filling up the DagBag from /home/airflow/.local/lib/python3.12/site-packages/airflow/example_dags/example_latest_only_with_trigger.py
[2026-05-19T09:45:23.008+0000] {processor.py:840} INFO - DAG(s) 'latest_only_with_trigger' retrieved from /home/airflow/.local/lib/python3.12/site-packages/airflow/example_dags/example_latest_only_with_trigger.py
[2026-05-19T09:45:23.070+0000] {logging_mixin.py:188} INFO - [2026-05-19T09:45:23.068+0000] {dag.py:3089} INFO - Sync 1 DAGs
[2026-05-19T09:45:23.151+0000] {logging_mixin.py:188} INFO - [2026-05-19T09:45:23.151+0000] {dag.py:3947} INFO - Setting next_dagrun for latest_only_with_trigger to 2026-05-19 04:00:00+00:00, run_after=2026-05-19 08:00:00+00:00
[2026-05-19T09:45:23.219+0000] {processor.py:183} INFO - Processing /home/airflow/.local/lib/python3.12/site-packages/airflow/example_dags/example_latest_only_with_trigger.py took 0.249 seconds
[2026-05-19T09:45:53.704+0000] {processor.py:161} INFO - Started process (PID=12376) to work on /home/airflow/.local/lib/python3.12/site-packages/airflow/example_dags/example_latest_only_with_trigger.py
[2026-05-19T09:45:53.707+0000] {processor.py:830} INFO - Processing file /home/airflow/.local/lib/python3.12/site-packages/airflow/example_dags/example_latest_only_with_trigger.py for tasks to queue
[2026-05-19T09:45:53.714+0000] {logging_mixin.py:188} INFO - [2026-05-19T09:45:53.713+0000] {dagbag.py:545} INFO - Filling up the DagBag from /home/airflow/.local/lib/python3.12/site-packages/airflow/example_dags/example_latest_only_with_trigger.py
[2026-05-19T09:45:53.730+0000] {processor.py:840} INFO - DAG(s) 'latest_only_with_trigger' retrieved from /home/airflow/.local/lib/python3.12/site-packages/airflow/example_dags/example_latest_only_with_trigger.py
[2026-05-19T09:45:53.800+0000] {logging_mixin.py:188} INFO - [2026-05-19T09:45:53.799+0000] {dag.py:3089} INFO - Sync 1 DAGs
[2026-05-19T09:45:53.879+0000] {logging_mixin.py:188} INFO - [2026-05-19T09:45:53.878+0000] {dag.py:3947} INFO - Setting next_dagrun for latest_only_with_trigger to 2026-05-19 04:00:00+00:00, run_after=2026-05-19 08:00:00+00:00
[2026-05-19T09:45:53.969+0000] {processor.py:183} INFO - Processing /home/airflow/.local/lib/python3.12/site-packages/airflow/example_dags/example_latest_only_with_trigger.py took 0.280 seconds
[2026-05-19T09:46:26.558+0000] {processor.py:161} INFO - Started process (PID=12436) to work on /home/airflow/.local/lib/python3.12/site-packages/airflow/example_dags/example_latest_only_with_trigger.py
[2026-05-19T09:46:26.561+0000] {processor.py:830} INFO - Processing file /home/airflow/.local/lib/python3.12/site-packages/airflow/example_dags/example_latest_only_with_trigger.py for tasks to queue
[2026-05-19T09:46:26.565+0000] {logging_mixin.py:188} INFO - [2026-05-19T09:46:26.564+0000] {dagbag.py:545} INFO - Filling up the DagBag from /home/airflow/.local/lib/python3.12/site-packages/airflow/example_dags/example_latest_only_with_trigger.py
[2026-05-19T09:46:26.577+0000] {processor.py:840} INFO - DAG(s) 'latest_only_with_trigger' retrieved from /home/airflow/.local/lib/python3.12/site-packages/airflow/example_dags/example_latest_only_with_trigger.py
[2026-05-19T09:46:26.627+0000] {logging_mixin.py:188} INFO - [2026-05-19T09:46:26.626+0000] {dag.py:3089} INFO - Sync 1 DAGs
[2026-05-19T09:46:26.679+0000] {logging_mixin.py:188} INFO - [2026-05-19T09:46:26.678+0000] {dag.py:3947} INFO - Setting next_dagrun for latest_only_with_trigger to 2026-05-19 04:00:00+00:00, run_after=2026-05-19 08:00:00+00:00
[2026-05-19T09:46:27.000+0000] {processor.py:183} INFO - Processing /home/airflow/.local/lib/python3.12/site-packages/airflow/example_dags/example_latest_only_with_trigger.py took 0.454 seconds
[2026-05-19T09:46:58.072+0000] {processor.py:161} INFO - Started process (PID=12496) to work on /home/airflow/.local/lib/python3.12/site-packages/airflow/example_dags/example_latest_only_with_trigger.py
[2026-05-19T09:46:58.079+0000] {processor.py:830} INFO - Processing file /home/airflow/.local/lib/python3.12/site-packages/airflow/example_dags/example_latest_only_with_trigger.py for tasks to queue
[2026-05-19T09:46:58.110+0000] {logging_mixin.py:188} INFO - [2026-05-19T09:46:58.108+0000] {dagbag.py:545} INFO - Filling up the DagBag from /home/airflow/.local/lib/python3.12/site-packages/airflow/example_dags/example_latest_only_with_trigger.py
[2026-05-19T09:46:58.148+0000] {processor.py:840} INFO - DAG(s) 'latest_only_with_trigger' retrieved from /home/airflow/.local/lib/python3.12/site-packages/airflow/example_dags/example_latest_only_with_trigger.py
[2026-05-19T09:46:58.227+0000] {logging_mixin.py:188} INFO - [2026-05-19T09:46:58.226+0000] {dag.py:3089} INFO - Sync 1 DAGs
[2026-05-19T09:46:58.299+0000] {logging_mixin.py:188} INFO - [2026-05-19T09:46:58.298+0000] {dag.py:3947} INFO - Setting next_dagrun for latest_only_with_trigger to 2026-05-19 04:00:00+00:00, run_after=2026-05-19 08:00:00+00:00
[2026-05-19T09:46:58.385+0000] {processor.py:183} INFO - Processing /home/airflow/.local/lib/python3.12/site-packages/airflow/example_dags/example_latest_only_with_trigger.py took 0.379 seconds
[2026-05-19T09:47:28.658+0000] {processor.py:161} INFO - Started process (PID=12556) to work on /home/airflow/.local/lib/python3.12/site-packages/airflow/example_dags/example_latest_only_with_trigger.py
[2026-05-19T09:47:28.663+0000] {processor.py:830} INFO - Processing file /home/airflow/.local/lib/python3.12/site-packages/airflow/example_dags/example_latest_only_with_trigger.py for tasks to queue
[2026-05-19T09:47:28.672+0000] {logging_mixin.py:188} INFO - [2026-05-19T09:47:28.670+0000] {dagbag.py:545} INFO - Filling up the DagBag from /home/airflow/.local/lib/python3.12/site-packages/airflow/example_dags/example_latest_only_with_trigger.py
[2026-05-19T09:47:28.699+0000] {processor.py:840} INFO - DAG(s) 'latest_only_with_trigger' retrieved from /home/airflow/.local/lib/python3.12/site-packages/airflow/example_dags/example_latest_only_with_trigger.py
[2026-05-19T09:47:28.797+0000] {logging_mixin.py:188} INFO - [2026-05-19T09:47:28.796+0000] {dag.py:3089} INFO - Sync 1 DAGs
[2026-05-19T09:47:28.880+0000] {logging_mixin.py:188} INFO - [2026-05-19T09:47:28.879+0000] {dag.py:3947} INFO - Setting next_dagrun for latest_only_with_trigger to 2026-05-19 04:00:00+00:00, run_after=2026-05-19 08:00:00+00:00
[2026-05-19T09:47:28.986+0000] {processor.py:183} INFO - Processing /home/airflow/.local/lib/python3.12/site-packages/airflow/example_dags/example_latest_only_with_trigger.py took 0.363 seconds
[2026-05-19T09:48:02.854+0000] {processor.py:161} INFO - Started process (PID=12618) to work on /home/airflow/.local/lib/python3.12/site-packages/airflow/example_dags/example_latest_only_with_trigger.py
[2026-05-19T09:48:02.858+0000] {processor.py:830} INFO - Processing file /home/airflow/.local/lib/python3.12/site-packages/airflow/example_dags/example_latest_only_with_trigger.py for tasks to queue
[2026-05-19T09:48:02.869+0000] {logging_mixin.py:188} INFO - [2026-05-19T09:48:02.867+0000] {dagbag.py:545} INFO - Filling up the DagBag from /home/airflow/.local/lib/python3.12/site-packages/airflow/example_dags/example_latest_only_with_trigger.py
[2026-05-19T09:48:02.891+0000] {processor.py:840} INFO - DAG(s) 'latest_only_with_trigger' retrieved from /home/airflow/.local/lib/python3.12/site-packages/airflow/example_dags/example_latest_only_with_trigger.py
[2026-05-19T09:48:03.323+0000] {logging_mixin.py:188} INFO - [2026-05-19T09:48:03.323+0000] {dag.py:3089} INFO - Sync 1 DAGs
[2026-05-19T09:48:03.365+0000] {logging_mixin.py:188} INFO - [2026-05-19T09:48:03.364+0000] {dag.py:3947} INFO - Setting next_dagrun for latest_only_with_trigger to 2026-05-19 04:00:00+00:00, run_after=2026-05-19 08:00:00+00:00
[2026-05-19T09:48:03.402+0000] {processor.py:183} INFO - Processing /home/airflow/.local/lib/python3.12/site-packages/airflow/example_dags/example_latest_only_with_trigger.py took 0.584 seconds
[2026-05-19T09:48:33.593+0000] {processor.py:161} INFO - Started process (PID=12684) to work on /home/airflow/.local/lib/python3.12/site-packages/airflow/example_dags/example_latest_only_with_trigger.py
[2026-05-19T09:48:33.599+0000] {processor.py:830} INFO - Processing file /home/airflow/.local/lib/python3.12/site-packages/airflow/example_dags/example_latest_only_with_trigger.py for tasks to queue
[2026-05-19T09:48:33.607+0000] {logging_mixin.py:188} INFO - [2026-05-19T09:48:33.605+0000] {dagbag.py:545} INFO - Filling up the DagBag from /home/airflow/.local/lib/python3.12/site-packages/airflow/example_dags/example_latest_only_with_trigger.py
[2026-05-19T09:48:33.621+0000] {processor.py:840} INFO - DAG(s) 'latest_only_with_trigger' retrieved from /home/airflow/.local/lib/python3.12/site-packages/airflow/example_dags/example_latest_only_with_trigger.py
[2026-05-19T09:48:33.697+0000] {logging_mixin.py:188} INFO - [2026-05-19T09:48:33.696+0000] {dag.py:3089} INFO - Sync 1 DAGs
[2026-05-19T09:48:33.762+0000] {logging_mixin.py:188} INFO - [2026-05-19T09:48:33.762+0000] {dag.py:3947} INFO - Setting next_dagrun for latest_only_with_trigger to 2026-05-19 04:00:00+00:00, run_after=2026-05-19 08:00:00+00:00
[2026-05-19T09:48:33.819+0000] {processor.py:183} INFO - Processing /home/airflow/.local/lib/python3.12/site-packages/airflow/example_dags/example_latest_only_with_trigger.py took 0.239 seconds
[2026-05-19T09:49:05.285+0000] {processor.py:161} INFO - Started process (PID=12743) to work on /home/airflow/.local/lib/python3.12/site-packages/airflow/example_dags/example_latest_only_with_trigger.py
[2026-05-19T09:49:05.297+0000] {processor.py:830} INFO - Processing file /home/airflow/.local/lib/python3.12/site-packages/airflow/example_dags/example_latest_only_with_trigger.py for tasks to queue
[2026-05-19T09:49:05.338+0000] {logging_mixin.py:188} INFO - [2026-05-19T09:49:05.336+0000] {dagbag.py:545} INFO - Filling up the DagBag from /home/airflow/.local/lib/python3.12/site-packages/airflow/example_dags/example_latest_only_with_trigger.py
[2026-05-19T09:49:05.458+0000] {processor.py:840} INFO - DAG(s) 'latest_only_with_trigger' retrieved from /home/airflow/.local/lib/python3.12/site-packages/airflow/example_dags/example_latest_only_with_trigger.py
[2026-05-19T09:49:05.760+0000] {logging_mixin.py:188} INFO - [2026-05-19T09:49:05.756+0000] {dag.py:3089} INFO - Sync 1 DAGs
[2026-05-19T09:49:05.958+0000] {logging_mixin.py:188} INFO - [2026-05-19T09:49:05.958+0000] {dag.py:3947} INFO - Setting next_dagrun for latest_only_with_trigger to 2026-05-19 04:00:00+00:00, run_after=2026-05-19 08:00:00+00:00
[2026-05-19T09:49:06.084+0000] {processor.py:183} INFO - Processing /home/airflow/.local/lib/python3.12/site-packages/airflow/example_dags/example_latest_only_with_trigger.py took 0.891 seconds
[2026-05-19T09:49:36.451+0000] {processor.py:161} INFO - Started process (PID=12803) to work on /home/airflow/.local/lib/python3.12/site-packages/airflow/example_dags/example_latest_only_with_trigger.py
[2026-05-19T09:49:36.455+0000] {processor.py:830} INFO - Processing file /home/airflow/.local/lib/python3.12/site-packages/airflow/example_dags/example_latest_only_with_trigger.py for tasks to queue
[2026-05-19T09:49:36.464+0000] {logging_mixin.py:188} INFO - [2026-05-19T09:49:36.463+0000] {dagbag.py:545} INFO - Filling up the DagBag from /home/airflow/.local/lib/python3.12/site-packages/airflow/example_dags/example_latest_only_with_trigger.py
[2026-05-19T09:49:36.485+0000] {processor.py:840} INFO - DAG(s) 'latest_only_with_trigger' retrieved from /home/airflow/.local/lib/python3.12/site-packages/airflow/example_dags/example_latest_only_with_trigger.py
[2026-05-19T09:49:36.558+0000] {logging_mixin.py:188} INFO - [2026-05-19T09:49:36.557+0000] {dag.py:3089} INFO - Sync 1 DAGs
[2026-05-19T09:49:36.626+0000] {logging_mixin.py:188} INFO - [2026-05-19T09:49:36.625+0000] {dag.py:3947} INFO - Setting next_dagrun for latest_only_with_trigger to 2026-05-19 04:00:00+00:00, run_after=2026-05-19 08:00:00+00:00
[2026-05-19T09:49:36.682+0000] {processor.py:183} INFO - Processing /home/airflow/.local/lib/python3.12/site-packages/airflow/example_dags/example_latest_only_with_trigger.py took 0.250 seconds
[2026-05-19T09:50:07.008+0000] {processor.py:161} INFO - Started process (PID=12861) to work on /home/airflow/.local/lib/python3.12/site-packages/airflow/example_dags/example_latest_only_with_trigger.py
[2026-05-19T09:50:07.012+0000] {processor.py:830} INFO - Processing file /home/airflow/.local/lib/python3.12/site-packages/airflow/example_dags/example_latest_only_with_trigger.py for tasks to queue
[2026-05-19T09:50:07.020+0000] {logging_mixin.py:188} INFO - [2026-05-19T09:50:07.019+0000] {dagbag.py:545} INFO - Filling up the DagBag from /home/airflow/.local/lib/python3.12/site-packages/airflow/example_dags/example_latest_only_with_trigger.py
[2026-05-19T09:50:07.037+0000] {processor.py:840} INFO - DAG(s) 'latest_only_with_trigger' retrieved from /home/airflow/.local/lib/python3.12/site-packages/airflow/example_dags/example_latest_only_with_trigger.py
[2026-05-19T09:50:07.100+0000] {logging_mixin.py:188} INFO - [2026-05-19T09:50:07.099+0000] {dag.py:3089} INFO - Sync 1 DAGs
[2026-05-19T09:50:07.165+0000] {logging_mixin.py:188} INFO - [2026-05-19T09:50:07.164+0000] {dag.py:3947} INFO - Setting next_dagrun for latest_only_with_trigger to 2026-05-19 04:00:00+00:00, run_after=2026-05-19 08:00:00+00:00
[2026-05-19T09:50:07.234+0000] {processor.py:183} INFO - Processing /home/airflow/.local/lib/python3.12/site-packages/airflow/example_dags/example_latest_only_with_trigger.py took 0.248 seconds
[2026-05-19T09:50:37.797+0000] {processor.py:161} INFO - Started process (PID=12921) to work on /home/airflow/.local/lib/python3.12/site-packages/airflow/example_dags/example_latest_only_with_trigger.py
[2026-05-19T09:50:37.802+0000] {processor.py:830} INFO - Processing file /home/airflow/.local/lib/python3.12/site-packages/airflow/example_dags/example_latest_only_with_trigger.py for tasks to queue
[2026-05-19T09:50:37.813+0000] {logging_mixin.py:188} INFO - [2026-05-19T09:50:37.812+0000] {dagbag.py:545} INFO - Filling up the DagBag from /home/airflow/.local/lib/python3.12/site-packages/airflow/example_dags/example_latest_only_with_trigger.py
[2026-05-19T09:50:37.832+0000] {processor.py:840} INFO - DAG(s) 'latest_only_with_trigger' retrieved from /home/airflow/.local/lib/python3.12/site-packages/airflow/example_dags/example_latest_only_with_trigger.py
[2026-05-19T09:50:37.931+0000] {logging_mixin.py:188} INFO - [2026-05-19T09:50:37.930+0000] {dag.py:3089} INFO - Sync 1 DAGs
[2026-05-19T09:50:38.014+0000] {logging_mixin.py:188} INFO - [2026-05-19T09:50:38.014+0000] {dag.py:3947} INFO - Setting next_dagrun for latest_only_with_trigger to 2026-05-19 04:00:00+00:00, run_after=2026-05-19 08:00:00+00:00
[2026-05-19T09:50:38.080+0000] {processor.py:183} INFO - Processing /home/airflow/.local/lib/python3.12/site-packages/airflow/example_dags/example_latest_only_with_trigger.py took 0.313 seconds
[2026-05-19T09:51:12.786+0000] {processor.py:161} INFO - Started process (PID=12981) to work on /home/airflow/.local/lib/python3.12/site-packages/airflow/example_dags/example_latest_only_with_trigger.py
[2026-05-19T09:51:12.799+0000] {processor.py:830} INFO - Processing file /home/airflow/.local/lib/python3.12/site-packages/airflow/example_dags/example_latest_only_with_trigger.py for tasks to queue
[2026-05-19T09:51:12.817+0000] {logging_mixin.py:188} INFO - [2026-05-19T09:51:12.806+0000] {dagbag.py:545} INFO - Filling up the DagBag from /home/airflow/.local/lib/python3.12/site-packages/airflow/example_dags/example_latest_only_with_trigger.py
[2026-05-19T09:51:12.868+0000] {processor.py:840} INFO - DAG(s) 'latest_only_with_trigger' retrieved from /home/airflow/.local/lib/python3.12/site-packages/airflow/example_dags/example_latest_only_with_trigger.py
[2026-05-19T09:51:13.051+0000] {logging_mixin.py:188} INFO - [2026-05-19T09:51:13.045+0000] {dag.py:3089} INFO - Sync 1 DAGs
[2026-05-19T09:51:13.207+0000] {logging_mixin.py:188} INFO - [2026-05-19T09:51:13.206+0000] {dag.py:3947} INFO - Setting next_dagrun for latest_only_with_trigger to 2026-05-19 04:00:00+00:00, run_after=2026-05-19 08:00:00+00:00
[2026-05-19T09:51:13.307+0000] {processor.py:183} INFO - Processing /home/airflow/.local/lib/python3.12/site-packages/airflow/example_dags/example_latest_only_with_trigger.py took 0.565 seconds
[2026-05-19T09:56:06.664+0000] {processor.py:161} INFO - Started process (PID=117) to work on /home/airflow/.local/lib/python3.12/site-packages/airflow/example_dags/example_latest_only_with_trigger.py
[2026-05-19T09:56:06.673+0000] {processor.py:830} INFO - Processing file /home/airflow/.local/lib/python3.12/site-packages/airflow/example_dags/example_latest_only_with_trigger.py for tasks to queue
[2026-05-19T09:56:06.684+0000] {logging_mixin.py:188} INFO - [2026-05-19T09:56:06.683+0000] {dagbag.py:545} INFO - Filling up the DagBag from /home/airflow/.local/lib/python3.12/site-packages/airflow/example_dags/example_latest_only_with_trigger.py
[2026-05-19T09:56:06.750+0000] {processor.py:840} INFO - DAG(s) 'latest_only_with_trigger' retrieved from /home/airflow/.local/lib/python3.12/site-packages/airflow/example_dags/example_latest_only_with_trigger.py
[2026-05-19T09:56:07.790+0000] {logging_mixin.py:188} INFO - [2026-05-19T09:56:07.780+0000] {dag.py:3089} INFO - Sync 1 DAGs
[2026-05-19T09:56:08.230+0000] {logging_mixin.py:188} INFO - [2026-05-19T09:56:08.229+0000] {dag.py:3947} INFO - Setting next_dagrun for latest_only_with_trigger to 2026-05-19 04:00:00+00:00, run_after=2026-05-19 08:00:00+00:00
[2026-05-19T09:56:09.075+0000] {processor.py:183} INFO - Processing /home/airflow/.local/lib/python3.12/site-packages/airflow/example_dags/example_latest_only_with_trigger.py took 2.473 seconds
[2026-05-19T09:57:16.770+0000] {processor.py:161} INFO - Started process (PID=182) to work on /home/airflow/.local/lib/python3.12/site-packages/airflow/example_dags/example_latest_only_with_trigger.py
[2026-05-19T09:57:16.777+0000] {processor.py:830} INFO - Processing file /home/airflow/.local/lib/python3.12/site-packages/airflow/example_dags/example_latest_only_with_trigger.py for tasks to queue
[2026-05-19T09:57:16.783+0000] {logging_mixin.py:188} INFO - [2026-05-19T09:57:16.782+0000] {dagbag.py:545} INFO - Filling up the DagBag from /home/airflow/.local/lib/python3.12/site-packages/airflow/example_dags/example_latest_only_with_trigger.py
[2026-05-19T09:57:16.806+0000] {processor.py:840} INFO - DAG(s) 'latest_only_with_trigger' retrieved from /home/airflow/.local/lib/python3.12/site-packages/airflow/example_dags/example_latest_only_with_trigger.py
[2026-05-19T09:57:16.884+0000] {logging_mixin.py:188} INFO - [2026-05-19T09:57:16.882+0000] {dag.py:3089} INFO - Sync 1 DAGs
[2026-05-19T09:57:17.035+0000] {logging_mixin.py:188} INFO - [2026-05-19T09:57:17.035+0000] {dag.py:3947} INFO - Setting next_dagrun for latest_only_with_trigger to 2026-05-19 04:00:00+00:00, run_after=2026-05-19 08:00:00+00:00
[2026-05-19T09:57:17.117+0000] {processor.py:183} INFO - Processing /home/airflow/.local/lib/python3.12/site-packages/airflow/example_dags/example_latest_only_with_trigger.py took 0.366 seconds
[2026-05-19T09:57:47.617+0000] {processor.py:161} INFO - Started process (PID=242) to work on /home/airflow/.local/lib/python3.12/site-packages/airflow/example_dags/example_latest_only_with_trigger.py
[2026-05-19T09:57:47.619+0000] {processor.py:830} INFO - Processing file /home/airflow/.local/lib/python3.12/site-packages/airflow/example_dags/example_latest_only_with_trigger.py for tasks to queue
[2026-05-19T09:57:47.624+0000] {logging_mixin.py:188} INFO - [2026-05-19T09:57:47.623+0000] {dagbag.py:545} INFO - Filling up the DagBag from /home/airflow/.local/lib/python3.12/site-packages/airflow/example_dags/example_latest_only_with_trigger.py
[2026-05-19T09:57:47.636+0000] {processor.py:840} INFO - DAG(s) 'latest_only_with_trigger' retrieved from /home/airflow/.local/lib/python3.12/site-packages/airflow/example_dags/example_latest_only_with_trigger.py
[2026-05-19T09:57:47.703+0000] {logging_mixin.py:188} INFO - [2026-05-19T09:57:47.702+0000] {dag.py:3089} INFO - Sync 1 DAGs
[2026-05-19T09:57:47.836+0000] {logging_mixin.py:188} INFO - [2026-05-19T09:57:47.833+0000] {dag.py:3947} INFO - Setting next_dagrun for latest_only_with_trigger to 2026-05-19 04:00:00+00:00, run_after=2026-05-19 08:00:00+00:00
[2026-05-19T09:57:47.989+0000] {processor.py:183} INFO - Processing /home/airflow/.local/lib/python3.12/site-packages/airflow/example_dags/example_latest_only_with_trigger.py took 0.388 seconds
[2026-05-19T09:58:21.191+0000] {processor.py:161} INFO - Started process (PID=310) to work on /home/airflow/.local/lib/python3.12/site-packages/airflow/example_dags/example_latest_only_with_trigger.py
[2026-05-19T09:58:21.193+0000] {processor.py:830} INFO - Processing file /home/airflow/.local/lib/python3.12/site-packages/airflow/example_dags/example_latest_only_with_trigger.py for tasks to queue
[2026-05-19T09:58:21.198+0000] {logging_mixin.py:188} INFO - [2026-05-19T09:58:21.197+0000] {dagbag.py:545} INFO - Filling up the DagBag from /home/airflow/.local/lib/python3.12/site-packages/airflow/example_dags/example_latest_only_with_trigger.py
[2026-05-19T09:58:21.214+0000] {processor.py:840} INFO - DAG(s) 'latest_only_with_trigger' retrieved from /home/airflow/.local/lib/python3.12/site-packages/airflow/example_dags/example_latest_only_with_trigger.py
[2026-05-19T09:58:21.262+0000] {logging_mixin.py:188} INFO - [2026-05-19T09:58:21.262+0000] {dag.py:3089} INFO - Sync 1 DAGs
[2026-05-19T09:58:21.312+0000] {logging_mixin.py:188} INFO - [2026-05-19T09:58:21.311+0000] {dag.py:3947} INFO - Setting next_dagrun for latest_only_with_trigger to 2026-05-19 04:00:00+00:00, run_after=2026-05-19 08:00:00+00:00
[2026-05-19T09:58:21.354+0000] {processor.py:183} INFO - Processing /home/airflow/.local/lib/python3.12/site-packages/airflow/example_dags/example_latest_only_with_trigger.py took 0.174 seconds
[2026-05-19T09:58:57.215+0000] {processor.py:161} INFO - Started process (PID=370) to work on /home/airflow/.local/lib/python3.12/site-packages/airflow/example_dags/example_latest_only_with_trigger.py
[2026-05-19T09:58:57.219+0000] {processor.py:830} INFO - Processing file /home/airflow/.local/lib/python3.12/site-packages/airflow/example_dags/example_latest_only_with_trigger.py for tasks to queue
[2026-05-19T09:58:57.228+0000] {logging_mixin.py:188} INFO - [2026-05-19T09:58:57.227+0000] {dagbag.py:545} INFO - Filling up the DagBag from /home/airflow/.local/lib/python3.12/site-packages/airflow/example_dags/example_latest_only_with_trigger.py
[2026-05-19T09:58:57.252+0000] {processor.py:840} INFO - DAG(s) 'latest_only_with_trigger' retrieved from /home/airflow/.local/lib/python3.12/site-packages/airflow/example_dags/example_latest_only_with_trigger.py
[2026-05-19T09:58:57.366+0000] {logging_mixin.py:188} INFO - [2026-05-19T09:58:57.365+0000] {dag.py:3089} INFO - Sync 1 DAGs
[2026-05-19T09:58:57.430+0000] {logging_mixin.py:188} INFO - [2026-05-19T09:58:57.430+0000] {dag.py:3947} INFO - Setting next_dagrun for latest_only_with_trigger to 2026-05-19 04:00:00+00:00, run_after=2026-05-19 08:00:00+00:00
[2026-05-19T09:58:57.486+0000] {processor.py:183} INFO - Processing /home/airflow/.local/lib/python3.12/site-packages/airflow/example_dags/example_latest_only_with_trigger.py took 0.283 seconds
[2026-05-19T09:59:27.753+0000] {processor.py:161} INFO - Started process (PID=431) to work on /home/airflow/.local/lib/python3.12/site-packages/airflow/example_dags/example_latest_only_with_trigger.py
[2026-05-19T09:59:27.755+0000] {processor.py:830} INFO - Processing file /home/airflow/.local/lib/python3.12/site-packages/airflow/example_dags/example_latest_only_with_trigger.py for tasks to queue
[2026-05-19T09:59:27.759+0000] {logging_mixin.py:188} INFO - [2026-05-19T09:59:27.758+0000] {dagbag.py:545} INFO - Filling up the DagBag from /home/airflow/.local/lib/python3.12/site-packages/airflow/example_dags/example_latest_only_with_trigger.py
[2026-05-19T09:59:27.774+0000] {processor.py:840} INFO - DAG(s) 'latest_only_with_trigger' retrieved from /home/airflow/.local/lib/python3.12/site-packages/airflow/example_dags/example_latest_only_with_trigger.py
[2026-05-19T09:59:27.822+0000] {logging_mixin.py:188} INFO - [2026-05-19T09:59:27.822+0000] {dag.py:3089} INFO - Sync 1 DAGs
[2026-05-19T09:59:27.865+0000] {logging_mixin.py:188} INFO - [2026-05-19T09:59:27.864+0000] {dag.py:3947} INFO - Setting next_dagrun for latest_only_with_trigger to 2026-05-19 04:00:00+00:00, run_after=2026-05-19 08:00:00+00:00
[2026-05-19T09:59:27.912+0000] {processor.py:183} INFO - Processing /home/airflow/.local/lib/python3.12/site-packages/airflow/example_dags/example_latest_only_with_trigger.py took 0.180 seconds
[2026-05-19T09:59:59.507+0000] {processor.py:161} INFO - Started process (PID=491) to work on /home/airflow/.local/lib/python3.12/site-packages/airflow/example_dags/example_latest_only_with_trigger.py
[2026-05-19T09:59:59.542+0000] {processor.py:830} INFO - Processing file /home/airflow/.local/lib/python3.12/site-packages/airflow/example_dags/example_latest_only_with_trigger.py for tasks to queue
[2026-05-19T09:59:59.562+0000] {logging_mixin.py:188} INFO - [2026-05-19T09:59:59.561+0000] {dagbag.py:545} INFO - Filling up the DagBag from /home/airflow/.local/lib/python3.12/site-packages/airflow/example_dags/example_latest_only_with_trigger.py
[2026-05-19T09:59:59.619+0000] {processor.py:840} INFO - DAG(s) 'latest_only_with_trigger' retrieved from /home/airflow/.local/lib/python3.12/site-packages/airflow/example_dags/example_latest_only_with_trigger.py
[2026-05-19T09:59:59.762+0000] {logging_mixin.py:188} INFO - [2026-05-19T09:59:59.761+0000] {dag.py:3089} INFO - Sync 1 DAGs
[2026-05-19T09:59:59.922+0000] {logging_mixin.py:188} INFO - [2026-05-19T09:59:59.921+0000] {dag.py:3947} INFO - Setting next_dagrun for latest_only_with_trigger to 2026-05-19 04:00:00+00:00, run_after=2026-05-19 08:00:00+00:00
[2026-05-19T10:00:00.100+0000] {processor.py:183} INFO - Processing /home/airflow/.local/lib/python3.12/site-packages/airflow/example_dags/example_latest_only_with_trigger.py took 0.638 seconds
[2026-05-19T10:00:30.741+0000] {processor.py:161} INFO - Started process (PID=552) to work on /home/airflow/.local/lib/python3.12/site-packages/airflow/example_dags/example_latest_only_with_trigger.py
[2026-05-19T10:00:30.743+0000] {processor.py:830} INFO - Processing file /home/airflow/.local/lib/python3.12/site-packages/airflow/example_dags/example_latest_only_with_trigger.py for tasks to queue
[2026-05-19T10:00:30.749+0000] {logging_mixin.py:188} INFO - [2026-05-19T10:00:30.748+0000] {dagbag.py:545} INFO - Filling up the DagBag from /home/airflow/.local/lib/python3.12/site-packages/airflow/example_dags/example_latest_only_with_trigger.py
[2026-05-19T10:00:30.759+0000] {processor.py:840} INFO - DAG(s) 'latest_only_with_trigger' retrieved from /home/airflow/.local/lib/python3.12/site-packages/airflow/example_dags/example_latest_only_with_trigger.py
[2026-05-19T10:00:30.794+0000] {logging_mixin.py:188} INFO - [2026-05-19T10:00:30.794+0000] {dag.py:3089} INFO - Sync 1 DAGs
[2026-05-19T10:00:30.832+0000] {logging_mixin.py:188} INFO - [2026-05-19T10:00:30.832+0000] {dag.py:3947} INFO - Setting next_dagrun for latest_only_with_trigger to 2026-05-19 04:00:00+00:00, run_after=2026-05-19 08:00:00+00:00
[2026-05-19T10:00:30.865+0000] {processor.py:183} INFO - Processing /home/airflow/.local/lib/python3.12/site-packages/airflow/example_dags/example_latest_only_with_trigger.py took 0.133 seconds
[2026-05-19T10:01:01.005+0000] {processor.py:161} INFO - Started process (PID=612) to work on /home/airflow/.local/lib/python3.12/site-packages/airflow/example_dags/example_latest_only_with_trigger.py
[2026-05-19T10:01:01.007+0000] {processor.py:830} INFO - Processing file /home/airflow/.local/lib/python3.12/site-packages/airflow/example_dags/example_latest_only_with_trigger.py for tasks to queue
[2026-05-19T10:01:01.011+0000] {logging_mixin.py:188} INFO - [2026-05-19T10:01:01.010+0000] {dagbag.py:545} INFO - Filling up the DagBag from /home/airflow/.local/lib/python3.12/site-packages/airflow/example_dags/example_latest_only_with_trigger.py
[2026-05-19T10:01:01.027+0000] {processor.py:840} INFO - DAG(s) 'latest_only_with_trigger' retrieved from /home/airflow/.local/lib/python3.12/site-packages/airflow/example_dags/example_latest_only_with_trigger.py
[2026-05-19T10:01:01.073+0000] {logging_mixin.py:188} INFO - [2026-05-19T10:01:01.072+0000] {dag.py:3089} INFO - Sync 1 DAGs
[2026-05-19T10:01:01.112+0000] {logging_mixin.py:188} INFO - [2026-05-19T10:01:01.112+0000] {dag.py:3947} INFO - Setting next_dagrun for latest_only_with_trigger to 2026-05-19 04:00:00+00:00, run_after=2026-05-19 08:00:00+00:00
[2026-05-19T10:01:01.152+0000] {processor.py:183} INFO - Processing /home/airflow/.local/lib/python3.12/site-packages/airflow/example_dags/example_latest_only_with_trigger.py took 0.159 seconds
[2026-05-19T10:01:32.079+0000] {processor.py:161} INFO - Started process (PID=672) to work on /home/airflow/.local/lib/python3.12/site-packages/airflow/example_dags/example_latest_only_with_trigger.py
[2026-05-19T10:01:32.081+0000] {processor.py:830} INFO - Processing file /home/airflow/.local/lib/python3.12/site-packages/airflow/example_dags/example_latest_only_with_trigger.py for tasks to queue
[2026-05-19T10:01:32.085+0000] {logging_mixin.py:188} INFO - [2026-05-19T10:01:32.084+0000] {dagbag.py:545} INFO - Filling up the DagBag from /home/airflow/.local/lib/python3.12/site-packages/airflow/example_dags/example_latest_only_with_trigger.py
[2026-05-19T10:01:32.093+0000] {processor.py:840} INFO - DAG(s) 'latest_only_with_trigger' retrieved from /home/airflow/.local/lib/python3.12/site-packages/airflow/example_dags/example_latest_only_with_trigger.py
[2026-05-19T10:01:32.125+0000] {logging_mixin.py:188} INFO - [2026-05-19T10:01:32.125+0000] {dag.py:3089} INFO - Sync 1 DAGs
[2026-05-19T10:01:32.163+0000] {logging_mixin.py:188} INFO - [2026-05-19T10:01:32.163+0000] {dag.py:3947} INFO - Setting next_dagrun for latest_only_with_trigger to 2026-05-19 04:00:00+00:00, run_after=2026-05-19 08:00:00+00:00
[2026-05-19T10:01:32.193+0000] {processor.py:183} INFO - Processing /home/airflow/.local/lib/python3.12/site-packages/airflow/example_dags/example_latest_only_with_trigger.py took 0.123 seconds
[2026-05-19T10:02:02.806+0000] {processor.py:161} INFO - Started process (PID=732) to work on /home/airflow/.local/lib/python3.12/site-packages/airflow/example_dags/example_latest_only_with_trigger.py
[2026-05-19T10:02:02.808+0000] {processor.py:830} INFO - Processing file /home/airflow/.local/lib/python3.12/site-packages/airflow/example_dags/example_latest_only_with_trigger.py for tasks to queue
[2026-05-19T10:02:02.811+0000] {logging_mixin.py:188} INFO - [2026-05-19T10:02:02.811+0000] {dagbag.py:545} INFO - Filling up the DagBag from /home/airflow/.local/lib/python3.12/site-packages/airflow/example_dags/example_latest_only_with_trigger.py
[2026-05-19T10:02:02.819+0000] {processor.py:840} INFO - DAG(s) 'latest_only_with_trigger' retrieved from /home/airflow/.local/lib/python3.12/site-packages/airflow/example_dags/example_latest_only_with_trigger.py
[2026-05-19T10:02:02.856+0000] {logging_mixin.py:188} INFO - [2026-05-19T10:02:02.855+0000] {dag.py:3089} INFO - Sync 1 DAGs
[2026-05-19T10:02:02.885+0000] {logging_mixin.py:188} INFO - [2026-05-19T10:02:02.885+0000] {dag.py:3947} INFO - Setting next_dagrun for latest_only_with_trigger to 2026-05-19 04:00:00+00:00, run_after=2026-05-19 08:00:00+00:00
[2026-05-19T10:02:02.913+0000] {processor.py:183} INFO - Processing /home/airflow/.local/lib/python3.12/site-packages/airflow/example_dags/example_latest_only_with_trigger.py took 0.115 seconds
[2026-05-19T10:02:33.393+0000] {processor.py:161} INFO - Started process (PID=792) to work on /home/airflow/.local/lib/python3.12/site-packages/airflow/example_dags/example_latest_only_with_trigger.py
[2026-05-19T10:02:33.396+0000] {processor.py:830} INFO - Processing file /home/airflow/.local/lib/python3.12/site-packages/airflow/example_dags/example_latest_only_with_trigger.py for tasks to queue
[2026-05-19T10:02:33.400+0000] {logging_mixin.py:188} INFO - [2026-05-19T10:02:33.399+0000] {dagbag.py:545} INFO - Filling up the DagBag from /home/airflow/.local/lib/python3.12/site-packages/airflow/example_dags/example_latest_only_with_trigger.py
[2026-05-19T10:02:33.413+0000] {processor.py:840} INFO - DAG(s) 'latest_only_with_trigger' retrieved from /home/airflow/.local/lib/python3.12/site-packages/airflow/example_dags/example_latest_only_with_trigger.py
[2026-05-19T10:02:33.464+0000] {logging_mixin.py:188} INFO - [2026-05-19T10:02:33.463+0000] {dag.py:3089} INFO - Sync 1 DAGs
[2026-05-19T10:02:33.517+0000] {logging_mixin.py:188} INFO - [2026-05-19T10:02:33.517+0000] {dag.py:3947} INFO - Setting next_dagrun for latest_only_with_trigger to 2026-05-19 04:00:00+00:00, run_after=2026-05-19 08:00:00+00:00
[2026-05-19T10:02:33.559+0000] {processor.py:183} INFO - Processing /home/airflow/.local/lib/python3.12/site-packages/airflow/example_dags/example_latest_only_with_trigger.py took 0.175 seconds
[2026-05-19T10:03:03.837+0000] {processor.py:161} INFO - Started process (PID=852) to work on /home/airflow/.local/lib/python3.12/site-packages/airflow/example_dags/example_latest_only_with_trigger.py
[2026-05-19T10:03:03.839+0000] {processor.py:830} INFO - Processing file /home/airflow/.local/lib/python3.12/site-packages/airflow/example_dags/example_latest_only_with_trigger.py for tasks to queue
[2026-05-19T10:03:03.843+0000] {logging_mixin.py:188} INFO - [2026-05-19T10:03:03.842+0000] {dagbag.py:545} INFO - Filling up the DagBag from /home/airflow/.local/lib/python3.12/site-packages/airflow/example_dags/example_latest_only_with_trigger.py
[2026-05-19T10:03:03.855+0000] {processor.py:840} INFO - DAG(s) 'latest_only_with_trigger' retrieved from /home/airflow/.local/lib/python3.12/site-packages/airflow/example_dags/example_latest_only_with_trigger.py
[2026-05-19T10:03:03.896+0000] {logging_mixin.py:188} INFO - [2026-05-19T10:03:03.895+0000] {dag.py:3089} INFO - Sync 1 DAGs
[2026-05-19T10:03:03.937+0000] {logging_mixin.py:188} INFO - [2026-05-19T10:03:03.937+0000] {dag.py:3947} INFO - Setting next_dagrun for latest_only_with_trigger to 2026-05-19 04:00:00+00:00, run_after=2026-05-19 08:00:00+00:00
[2026-05-19T10:03:03.972+0000] {processor.py:183} INFO - Processing /home/airflow/.local/lib/python3.12/site-packages/airflow/example_dags/example_latest_only_with_trigger.py took 0.148 seconds
[2026-05-19T10:03:34.226+0000] {processor.py:161} INFO - Started process (PID=912) to work on /home/airflow/.local/lib/python3.12/site-packages/airflow/example_dags/example_latest_only_with_trigger.py
[2026-05-19T10:03:34.228+0000] {processor.py:830} INFO - Processing file /home/airflow/.local/lib/python3.12/site-packages/airflow/example_dags/example_latest_only_with_trigger.py for tasks to queue
[2026-05-19T10:03:34.232+0000] {logging_mixin.py:188} INFO - [2026-05-19T10:03:34.231+0000] {dagbag.py:545} INFO - Filling up the DagBag from /home/airflow/.local/lib/python3.12/site-packages/airflow/example_dags/example_latest_only_with_trigger.py
[2026-05-19T10:03:34.242+0000] {processor.py:840} INFO - DAG(s) 'latest_only_with_trigger' retrieved from /home/airflow/.local/lib/python3.12/site-packages/airflow/example_dags/example_latest_only_with_trigger.py
[2026-05-19T10:03:34.275+0000] {logging_mixin.py:188} INFO - [2026-05-19T10:03:34.275+0000] {dag.py:3089} INFO - Sync 1 DAGs
[2026-05-19T10:03:34.306+0000] {logging_mixin.py:188} INFO - [2026-05-19T10:03:34.306+0000] {dag.py:3947} INFO - Setting next_dagrun for latest_only_with_trigger to 2026-05-19 04:00:00+00:00, run_after=2026-05-19 08:00:00+00:00
[2026-05-19T10:03:34.335+0000] {processor.py:183} INFO - Processing /home/airflow/.local/lib/python3.12/site-packages/airflow/example_dags/example_latest_only_with_trigger.py took 0.119 seconds
[2026-05-19T10:04:04.934+0000] {processor.py:161} INFO - Started process (PID=972) to work on /home/airflow/.local/lib/python3.12/site-packages/airflow/example_dags/example_latest_only_with_trigger.py
[2026-05-19T10:04:04.936+0000] {processor.py:830} INFO - Processing file /home/airflow/.local/lib/python3.12/site-packages/airflow/example_dags/example_latest_only_with_trigger.py for tasks to queue
[2026-05-19T10:04:04.939+0000] {logging_mixin.py:188} INFO - [2026-05-19T10:04:04.939+0000] {dagbag.py:545} INFO - Filling up the DagBag from /home/airflow/.local/lib/python3.12/site-packages/airflow/example_dags/example_latest_only_with_trigger.py
[2026-05-19T10:04:04.948+0000] {processor.py:840} INFO - DAG(s) 'latest_only_with_trigger' retrieved from /home/airflow/.local/lib/python3.12/site-packages/airflow/example_dags/example_latest_only_with_trigger.py
[2026-05-19T10:04:04.980+0000] {logging_mixin.py:188} INFO - [2026-05-19T10:04:04.979+0000] {dag.py:3089} INFO - Sync 1 DAGs
[2026-05-19T10:04:05.010+0000] {logging_mixin.py:188} INFO - [2026-05-19T10:04:05.010+0000] {dag.py:3947} INFO - Setting next_dagrun for latest_only_with_trigger to 2026-05-19 04:00:00+00:00, run_after=2026-05-19 08:00:00+00:00
[2026-05-19T10:04:05.040+0000] {processor.py:183} INFO - Processing /home/airflow/.local/lib/python3.12/site-packages/airflow/example_dags/example_latest_only_with_trigger.py took 0.114 seconds
[2026-05-19T10:04:35.156+0000] {processor.py:161} INFO - Started process (PID=1032) to work on /home/airflow/.local/lib/python3.12/site-packages/airflow/example_dags/example_latest_only_with_trigger.py
[2026-05-19T10:04:35.158+0000] {processor.py:830} INFO - Processing file /home/airflow/.local/lib/python3.12/site-packages/airflow/example_dags/example_latest_only_with_trigger.py for tasks to queue
[2026-05-19T10:04:35.162+0000] {logging_mixin.py:188} INFO - [2026-05-19T10:04:35.161+0000] {dagbag.py:545} INFO - Filling up the DagBag from /home/airflow/.local/lib/python3.12/site-packages/airflow/example_dags/example_latest_only_with_trigger.py
[2026-05-19T10:04:35.172+0000] {processor.py:840} INFO - DAG(s) 'latest_only_with_trigger' retrieved from /home/airflow/.local/lib/python3.12/site-packages/airflow/example_dags/example_latest_only_with_trigger.py
[2026-05-19T10:04:35.212+0000] {logging_mixin.py:188} INFO - [2026-05-19T10:04:35.211+0000] {dag.py:3089} INFO - Sync 1 DAGs
[2026-05-19T10:04:35.267+0000] {logging_mixin.py:188} INFO - [2026-05-19T10:04:35.266+0000] {dag.py:3947} INFO - Setting next_dagrun for latest_only_with_trigger to 2026-05-19 04:00:00+00:00, run_after=2026-05-19 08:00:00+00:00
[2026-05-19T10:04:35.326+0000] {processor.py:183} INFO - Processing /home/airflow/.local/lib/python3.12/site-packages/airflow/example_dags/example_latest_only_with_trigger.py took 0.180 seconds
[2026-05-19T10:05:05.570+0000] {processor.py:161} INFO - Started process (PID=1090) to work on /home/airflow/.local/lib/python3.12/site-packages/airflow/example_dags/example_latest_only_with_trigger.py
[2026-05-19T10:05:05.572+0000] {processor.py:830} INFO - Processing file /home/airflow/.local/lib/python3.12/site-packages/airflow/example_dags/example_latest_only_with_trigger.py for tasks to queue
[2026-05-19T10:05:05.576+0000] {logging_mixin.py:188} INFO - [2026-05-19T10:05:05.575+0000] {dagbag.py:545} INFO - Filling up the DagBag from /home/airflow/.local/lib/python3.12/site-packages/airflow/example_dags/example_latest_only_with_trigger.py
[2026-05-19T10:05:05.586+0000] {processor.py:840} INFO - DAG(s) 'latest_only_with_trigger' retrieved from /home/airflow/.local/lib/python3.12/site-packages/airflow/example_dags/example_latest_only_with_trigger.py
[2026-05-19T10:05:05.631+0000] {logging_mixin.py:188} INFO - [2026-05-19T10:05:05.630+0000] {dag.py:3089} INFO - Sync 1 DAGs
[2026-05-19T10:05:05.668+0000] {logging_mixin.py:188} INFO - [2026-05-19T10:05:05.668+0000] {dag.py:3947} INFO - Setting next_dagrun for latest_only_with_trigger to 2026-05-19 04:00:00+00:00, run_after=2026-05-19 08:00:00+00:00
[2026-05-19T10:05:05.715+0000] {processor.py:183} INFO - Processing /home/airflow/.local/lib/python3.12/site-packages/airflow/example_dags/example_latest_only_with_trigger.py took 0.154 seconds
[2026-05-19T10:05:38.073+0000] {processor.py:161} INFO - Started process (PID=1151) to work on /home/airflow/.local/lib/python3.12/site-packages/airflow/example_dags/example_latest_only_with_trigger.py
[2026-05-19T10:05:38.076+0000] {processor.py:830} INFO - Processing file /home/airflow/.local/lib/python3.12/site-packages/airflow/example_dags/example_latest_only_with_trigger.py for tasks to queue
[2026-05-19T10:05:38.079+0000] {logging_mixin.py:188} INFO - [2026-05-19T10:05:38.079+0000] {dagbag.py:545} INFO - Filling up the DagBag from /home/airflow/.local/lib/python3.12/site-packages/airflow/example_dags/example_latest_only_with_trigger.py
[2026-05-19T10:05:38.089+0000] {processor.py:840} INFO - DAG(s) 'latest_only_with_trigger' retrieved from /home/airflow/.local/lib/python3.12/site-packages/airflow/example_dags/example_latest_only_with_trigger.py
[2026-05-19T10:05:38.133+0000] {logging_mixin.py:188} INFO - [2026-05-19T10:05:38.133+0000] {dag.py:3089} INFO - Sync 1 DAGs
[2026-05-19T10:05:38.184+0000] {logging_mixin.py:188} INFO - [2026-05-19T10:05:38.183+0000] {dag.py:3947} INFO - Setting next_dagrun for latest_only_with_trigger to 2026-05-19 04:00:00+00:00, run_after=2026-05-19 08:00:00+00:00
[2026-05-19T10:05:38.233+0000] {processor.py:183} INFO - Processing /home/airflow/.local/lib/python3.12/site-packages/airflow/example_dags/example_latest_only_with_trigger.py took 0.174 seconds
[2026-05-19T10:06:08.427+0000] {processor.py:161} INFO - Started process (PID=1211) to work on /home/airflow/.local/lib/python3.12/site-packages/airflow/example_dags/example_latest_only_with_trigger.py
[2026-05-19T10:06:08.429+0000] {processor.py:830} INFO - Processing file /home/airflow/.local/lib/python3.12/site-packages/airflow/example_dags/example_latest_only_with_trigger.py for tasks to queue
[2026-05-19T10:06:08.435+0000] {logging_mixin.py:188} INFO - [2026-05-19T10:06:08.434+0000] {dagbag.py:545} INFO - Filling up the DagBag from /home/airflow/.local/lib/python3.12/site-packages/airflow/example_dags/example_latest_only_with_trigger.py
[2026-05-19T10:06:08.444+0000] {processor.py:840} INFO - DAG(s) 'latest_only_with_trigger' retrieved from /home/airflow/.local/lib/python3.12/site-packages/airflow/example_dags/example_latest_only_with_trigger.py
[2026-05-19T10:06:08.481+0000] {logging_mixin.py:188} INFO - [2026-05-19T10:06:08.481+0000] {dag.py:3089} INFO - Sync 1 DAGs
[2026-05-19T10:06:08.520+0000] {logging_mixin.py:188} INFO - [2026-05-19T10:06:08.519+0000] {dag.py:3947} INFO - Setting next_dagrun for latest_only_with_trigger to 2026-05-19 04:00:00+00:00, run_after=2026-05-19 08:00:00+00:00
[2026-05-19T10:06:08.552+0000] {processor.py:183} INFO - Processing /home/airflow/.local/lib/python3.12/site-packages/airflow/example_dags/example_latest_only_with_trigger.py took 0.143 seconds
[2026-05-19T10:06:38.732+0000] {processor.py:161} INFO - Started process (PID=1271) to work on /home/airflow/.local/lib/python3.12/site-packages/airflow/example_dags/example_latest_only_with_trigger.py
[2026-05-19T10:06:38.733+0000] {processor.py:830} INFO - Processing file /home/airflow/.local/lib/python3.12/site-packages/airflow/example_dags/example_latest_only_with_trigger.py for tasks to queue
[2026-05-19T10:06:38.737+0000] {logging_mixin.py:188} INFO - [2026-05-19T10:06:38.737+0000] {dagbag.py:545} INFO - Filling up the DagBag from /home/airflow/.local/lib/python3.12/site-packages/airflow/example_dags/example_latest_only_with_trigger.py
[2026-05-19T10:06:38.751+0000] {processor.py:840} INFO - DAG(s) 'latest_only_with_trigger' retrieved from /home/airflow/.local/lib/python3.12/site-packages/airflow/example_dags/example_latest_only_with_trigger.py
[2026-05-19T10:06:38.803+0000] {logging_mixin.py:188} INFO - [2026-05-19T10:06:38.801+0000] {dag.py:3089} INFO - Sync 1 DAGs
[2026-05-19T10:06:38.859+0000] {logging_mixin.py:188} INFO - [2026-05-19T10:06:38.858+0000] {dag.py:3947} INFO - Setting next_dagrun for latest_only_with_trigger to 2026-05-19 04:00:00+00:00, run_after=2026-05-19 08:00:00+00:00
[2026-05-19T10:06:38.890+0000] {processor.py:183} INFO - Processing /home/airflow/.local/lib/python3.12/site-packages/airflow/example_dags/example_latest_only_with_trigger.py took 0.171 seconds
[2026-05-19T10:07:09.623+0000] {processor.py:161} INFO - Started process (PID=1331) to work on /home/airflow/.local/lib/python3.12/site-packages/airflow/example_dags/example_latest_only_with_trigger.py
[2026-05-19T10:07:09.625+0000] {processor.py:830} INFO - Processing file /home/airflow/.local/lib/python3.12/site-packages/airflow/example_dags/example_latest_only_with_trigger.py for tasks to queue
[2026-05-19T10:07:09.629+0000] {logging_mixin.py:188} INFO - [2026-05-19T10:07:09.628+0000] {dagbag.py:545} INFO - Filling up the DagBag from /home/airflow/.local/lib/python3.12/site-packages/airflow/example_dags/example_latest_only_with_trigger.py
[2026-05-19T10:07:09.647+0000] {processor.py:840} INFO - DAG(s) 'latest_only_with_trigger' retrieved from /home/airflow/.local/lib/python3.12/site-packages/airflow/example_dags/example_latest_only_with_trigger.py
[2026-05-19T10:07:09.712+0000] {logging_mixin.py:188} INFO - [2026-05-19T10:07:09.712+0000] {dag.py:3089} INFO - Sync 1 DAGs
[2026-05-19T10:07:09.799+0000] {logging_mixin.py:188} INFO - [2026-05-19T10:07:09.798+0000] {dag.py:3947} INFO - Setting next_dagrun for latest_only_with_trigger to 2026-05-19 04:00:00+00:00, run_after=2026-05-19 08:00:00+00:00
[2026-05-19T10:07:09.851+0000] {processor.py:183} INFO - Processing /home/airflow/.local/lib/python3.12/site-packages/airflow/example_dags/example_latest_only_with_trigger.py took 0.239 seconds
[2026-05-19T10:07:39.980+0000] {processor.py:161} INFO - Started process (PID=1391) to work on /home/airflow/.local/lib/python3.12/site-packages/airflow/example_dags/example_latest_only_with_trigger.py
[2026-05-19T10:07:39.981+0000] {processor.py:830} INFO - Processing file /home/airflow/.local/lib/python3.12/site-packages/airflow/example_dags/example_latest_only_with_trigger.py for tasks to queue
[2026-05-19T10:07:39.985+0000] {logging_mixin.py:188} INFO - [2026-05-19T10:07:39.984+0000] {dagbag.py:545} INFO - Filling up the DagBag from /home/airflow/.local/lib/python3.12/site-packages/airflow/example_dags/example_latest_only_with_trigger.py
[2026-05-19T10:07:39.994+0000] {processor.py:840} INFO - DAG(s) 'latest_only_with_trigger' retrieved from /home/airflow/.local/lib/python3.12/site-packages/airflow/example_dags/example_latest_only_with_trigger.py
[2026-05-19T10:07:40.025+0000] {logging_mixin.py:188} INFO - [2026-05-19T10:07:40.025+0000] {dag.py:3089} INFO - Sync 1 DAGs
[2026-05-19T10:07:40.056+0000] {logging_mixin.py:188} INFO - [2026-05-19T10:07:40.056+0000] {dag.py:3947} INFO - Setting next_dagrun for latest_only_with_trigger to 2026-05-19 04:00:00+00:00, run_after=2026-05-19 08:00:00+00:00
[2026-05-19T10:07:40.088+0000] {processor.py:183} INFO - Processing /home/airflow/.local/lib/python3.12/site-packages/airflow/example_dags/example_latest_only_with_trigger.py took 0.116 seconds
[2026-05-19T10:08:10.421+0000] {processor.py:161} INFO - Started process (PID=1451) to work on /home/airflow/.local/lib/python3.12/site-packages/airflow/example_dags/example_latest_only_with_trigger.py
[2026-05-19T10:08:10.423+0000] {processor.py:830} INFO - Processing file /home/airflow/.local/lib/python3.12/site-packages/airflow/example_dags/example_latest_only_with_trigger.py for tasks to queue
[2026-05-19T10:08:10.426+0000] {logging_mixin.py:188} INFO - [2026-05-19T10:08:10.425+0000] {dagbag.py:545} INFO - Filling up the DagBag from /home/airflow/.local/lib/python3.12/site-packages/airflow/example_dags/example_latest_only_with_trigger.py
[2026-05-19T10:08:10.439+0000] {processor.py:840} INFO - DAG(s) 'latest_only_with_trigger' retrieved from /home/airflow/.local/lib/python3.12/site-packages/airflow/example_dags/example_latest_only_with_trigger.py
[2026-05-19T10:08:10.477+0000] {logging_mixin.py:188} INFO - [2026-05-19T10:08:10.476+0000] {dag.py:3089} INFO - Sync 1 DAGs
[2026-05-19T10:08:10.523+0000] {logging_mixin.py:188} INFO - [2026-05-19T10:08:10.523+0000] {dag.py:3947} INFO - Setting next_dagrun for latest_only_with_trigger to 2026-05-19 04:00:00+00:00, run_after=2026-05-19 08:00:00+00:00
[2026-05-19T10:08:10.574+0000] {processor.py:183} INFO - Processing /home/airflow/.local/lib/python3.12/site-packages/airflow/example_dags/example_latest_only_with_trigger.py took 0.164 seconds
[2026-05-19T10:11:14.093+0000] {processor.py:161} INFO - Started process (PID=109) to work on /home/airflow/.local/lib/python3.12/site-packages/airflow/example_dags/example_latest_only_with_trigger.py
[2026-05-19T10:11:14.105+0000] {processor.py:830} INFO - Processing file /home/airflow/.local/lib/python3.12/site-packages/airflow/example_dags/example_latest_only_with_trigger.py for tasks to queue
[2026-05-19T10:11:14.116+0000] {logging_mixin.py:188} INFO - [2026-05-19T10:11:14.115+0000] {dagbag.py:545} INFO - Filling up the DagBag from /home/airflow/.local/lib/python3.12/site-packages/airflow/example_dags/example_latest_only_with_trigger.py
[2026-05-19T10:11:14.263+0000] {processor.py:840} INFO - DAG(s) 'latest_only_with_trigger' retrieved from /home/airflow/.local/lib/python3.12/site-packages/airflow/example_dags/example_latest_only_with_trigger.py
[2026-05-19T10:11:16.610+0000] {logging_mixin.py:188} INFO - [2026-05-19T10:11:16.609+0000] {dag.py:3089} INFO - Sync 1 DAGs
[2026-05-19T10:11:16.930+0000] {logging_mixin.py:188} INFO - [2026-05-19T10:11:16.909+0000] {dag.py:3947} INFO - Setting next_dagrun for latest_only_with_trigger to 2026-05-19 04:00:00+00:00, run_after=2026-05-19 08:00:00+00:00
[2026-05-19T10:11:17.506+0000] {processor.py:183} INFO - Processing /home/airflow/.local/lib/python3.12/site-packages/airflow/example_dags/example_latest_only_with_trigger.py took 3.459 seconds
[2026-05-19T10:11:51.614+0000] {processor.py:161} INFO - Started process (PID=170) to work on /home/airflow/.local/lib/python3.12/site-packages/airflow/example_dags/example_latest_only_with_trigger.py
[2026-05-19T10:11:51.739+0000] {processor.py:830} INFO - Processing file /home/airflow/.local/lib/python3.12/site-packages/airflow/example_dags/example_latest_only_with_trigger.py for tasks to queue
[2026-05-19T10:11:51.920+0000] {logging_mixin.py:188} INFO - [2026-05-19T10:11:51.862+0000] {dagbag.py:545} INFO - Filling up the DagBag from /home/airflow/.local/lib/python3.12/site-packages/airflow/example_dags/example_latest_only_with_trigger.py
[2026-05-19T10:11:52.251+0000] {processor.py:840} INFO - DAG(s) 'latest_only_with_trigger' retrieved from /home/airflow/.local/lib/python3.12/site-packages/airflow/example_dags/example_latest_only_with_trigger.py
[2026-05-19T10:11:53.205+0000] {logging_mixin.py:188} INFO - [2026-05-19T10:11:53.204+0000] {dag.py:3089} INFO - Sync 1 DAGs
[2026-05-19T10:11:53.607+0000] {logging_mixin.py:188} INFO - [2026-05-19T10:11:53.606+0000] {dag.py:3947} INFO - Setting next_dagrun for latest_only_with_trigger to 2026-05-19 04:00:00+00:00, run_after=2026-05-19 08:00:00+00:00
[2026-05-19T10:11:53.813+0000] {processor.py:183} INFO - Processing /home/airflow/.local/lib/python3.12/site-packages/airflow/example_dags/example_latest_only_with_trigger.py took 2.362 seconds
[2026-05-19T10:12:24.192+0000] {processor.py:161} INFO - Started process (PID=230) to work on /home/airflow/.local/lib/python3.12/site-packages/airflow/example_dags/example_latest_only_with_trigger.py
[2026-05-19T10:12:24.193+0000] {processor.py:830} INFO - Processing file /home/airflow/.local/lib/python3.12/site-packages/airflow/example_dags/example_latest_only_with_trigger.py for tasks to queue
[2026-05-19T10:12:24.201+0000] {logging_mixin.py:188} INFO - [2026-05-19T10:12:24.200+0000] {dagbag.py:545} INFO - Filling up the DagBag from /home/airflow/.local/lib/python3.12/site-packages/airflow/example_dags/example_latest_only_with_trigger.py
[2026-05-19T10:12:24.212+0000] {processor.py:840} INFO - DAG(s) 'latest_only_with_trigger' retrieved from /home/airflow/.local/lib/python3.12/site-packages/airflow/example_dags/example_latest_only_with_trigger.py
[2026-05-19T10:12:24.260+0000] {logging_mixin.py:188} INFO - [2026-05-19T10:12:24.259+0000] {dag.py:3089} INFO - Sync 1 DAGs
[2026-05-19T10:12:24.311+0000] {logging_mixin.py:188} INFO - [2026-05-19T10:12:24.311+0000] {dag.py:3947} INFO - Setting next_dagrun for latest_only_with_trigger to 2026-05-19 04:00:00+00:00, run_after=2026-05-19 08:00:00+00:00
[2026-05-19T10:12:24.374+0000] {processor.py:183} INFO - Processing /home/airflow/.local/lib/python3.12/site-packages/airflow/example_dags/example_latest_only_with_trigger.py took 0.191 seconds
[2026-05-19T10:12:58.755+0000] {processor.py:161} INFO - Started process (PID=290) to work on /home/airflow/.local/lib/python3.12/site-packages/airflow/example_dags/example_latest_only_with_trigger.py
[2026-05-19T10:12:58.757+0000] {processor.py:830} INFO - Processing file /home/airflow/.local/lib/python3.12/site-packages/airflow/example_dags/example_latest_only_with_trigger.py for tasks to queue
[2026-05-19T10:12:58.763+0000] {logging_mixin.py:188} INFO - [2026-05-19T10:12:58.762+0000] {dagbag.py:545} INFO - Filling up the DagBag from /home/airflow/.local/lib/python3.12/site-packages/airflow/example_dags/example_latest_only_with_trigger.py
[2026-05-19T10:12:58.777+0000] {processor.py:840} INFO - DAG(s) 'latest_only_with_trigger' retrieved from /home/airflow/.local/lib/python3.12/site-packages/airflow/example_dags/example_latest_only_with_trigger.py
[2026-05-19T10:12:58.831+0000] {logging_mixin.py:188} INFO - [2026-05-19T10:12:58.831+0000] {dag.py:3089} INFO - Sync 1 DAGs
[2026-05-19T10:12:58.876+0000] {logging_mixin.py:188} INFO - [2026-05-19T10:12:58.875+0000] {dag.py:3947} INFO - Setting next_dagrun for latest_only_with_trigger to 2026-05-19 04:00:00+00:00, run_after=2026-05-19 08:00:00+00:00
[2026-05-19T10:12:58.914+0000] {processor.py:183} INFO - Processing /home/airflow/.local/lib/python3.12/site-packages/airflow/example_dags/example_latest_only_with_trigger.py took 0.175 seconds
[2026-05-19T10:13:30.369+0000] {processor.py:161} INFO - Started process (PID=350) to work on /home/airflow/.local/lib/python3.12/site-packages/airflow/example_dags/example_latest_only_with_trigger.py
[2026-05-19T10:13:30.372+0000] {processor.py:830} INFO - Processing file /home/airflow/.local/lib/python3.12/site-packages/airflow/example_dags/example_latest_only_with_trigger.py for tasks to queue
[2026-05-19T10:13:30.377+0000] {logging_mixin.py:188} INFO - [2026-05-19T10:13:30.376+0000] {dagbag.py:545} INFO - Filling up the DagBag from /home/airflow/.local/lib/python3.12/site-packages/airflow/example_dags/example_latest_only_with_trigger.py
[2026-05-19T10:13:30.414+0000] {processor.py:840} INFO - DAG(s) 'latest_only_with_trigger' retrieved from /home/airflow/.local/lib/python3.12/site-packages/airflow/example_dags/example_latest_only_with_trigger.py
[2026-05-19T10:13:30.495+0000] {logging_mixin.py:188} INFO - [2026-05-19T10:13:30.494+0000] {dag.py:3089} INFO - Sync 1 DAGs
[2026-05-19T10:13:30.588+0000] {logging_mixin.py:188} INFO - [2026-05-19T10:13:30.587+0000] {dag.py:3947} INFO - Setting next_dagrun for latest_only_with_trigger to 2026-05-19 04:00:00+00:00, run_after=2026-05-19 08:00:00+00:00
[2026-05-19T10:13:30.652+0000] {processor.py:183} INFO - Processing /home/airflow/.local/lib/python3.12/site-packages/airflow/example_dags/example_latest_only_with_trigger.py took 0.313 seconds
[2026-05-19T10:14:02.389+0000] {processor.py:161} INFO - Started process (PID=410) to work on /home/airflow/.local/lib/python3.12/site-packages/airflow/example_dags/example_latest_only_with_trigger.py
[2026-05-19T10:14:02.391+0000] {processor.py:830} INFO - Processing file /home/airflow/.local/lib/python3.12/site-packages/airflow/example_dags/example_latest_only_with_trigger.py for tasks to queue
[2026-05-19T10:14:02.396+0000] {logging_mixin.py:188} INFO - [2026-05-19T10:14:02.396+0000] {dagbag.py:545} INFO - Filling up the DagBag from /home/airflow/.local/lib/python3.12/site-packages/airflow/example_dags/example_latest_only_with_trigger.py
[2026-05-19T10:14:02.411+0000] {processor.py:840} INFO - DAG(s) 'latest_only_with_trigger' retrieved from /home/airflow/.local/lib/python3.12/site-packages/airflow/example_dags/example_latest_only_with_trigger.py
[2026-05-19T10:14:02.456+0000] {logging_mixin.py:188} INFO - [2026-05-19T10:14:02.456+0000] {dag.py:3089} INFO - Sync 1 DAGs
[2026-05-19T10:14:02.568+0000] {logging_mixin.py:188} INFO - [2026-05-19T10:14:02.567+0000] {dag.py:3947} INFO - Setting next_dagrun for latest_only_with_trigger to 2026-05-19 04:00:00+00:00, run_after=2026-05-19 08:00:00+00:00
[2026-05-19T10:14:02.636+0000] {processor.py:183} INFO - Processing /home/airflow/.local/lib/python3.12/site-packages/airflow/example_dags/example_latest_only_with_trigger.py took 0.260 seconds
[2026-05-19T10:14:33.429+0000] {processor.py:161} INFO - Started process (PID=470) to work on /home/airflow/.local/lib/python3.12/site-packages/airflow/example_dags/example_latest_only_with_trigger.py
[2026-05-19T10:14:33.432+0000] {processor.py:830} INFO - Processing file /home/airflow/.local/lib/python3.12/site-packages/airflow/example_dags/example_latest_only_with_trigger.py for tasks to queue
[2026-05-19T10:14:33.437+0000] {logging_mixin.py:188} INFO - [2026-05-19T10:14:33.437+0000] {dagbag.py:545} INFO - Filling up the DagBag from /home/airflow/.local/lib/python3.12/site-packages/airflow/example_dags/example_latest_only_with_trigger.py
[2026-05-19T10:14:33.448+0000] {processor.py:840} INFO - DAG(s) 'latest_only_with_trigger' retrieved from /home/airflow/.local/lib/python3.12/site-packages/airflow/example_dags/example_latest_only_with_trigger.py
[2026-05-19T10:14:33.483+0000] {logging_mixin.py:188} INFO - [2026-05-19T10:14:33.483+0000] {dag.py:3089} INFO - Sync 1 DAGs
[2026-05-19T10:14:33.518+0000] {logging_mixin.py:188} INFO - [2026-05-19T10:14:33.517+0000] {dag.py:3947} INFO - Setting next_dagrun for latest_only_with_trigger to 2026-05-19 04:00:00+00:00, run_after=2026-05-19 08:00:00+00:00
[2026-05-19T10:14:33.550+0000] {processor.py:183} INFO - Processing /home/airflow/.local/lib/python3.12/site-packages/airflow/example_dags/example_latest_only_with_trigger.py took 0.137 seconds
