[2026-05-19T07:38:49.721+0000] {processor.py:161} INFO - Started process (PID=101) to work on /home/airflow/.local/lib/python3.12/site-packages/airflow/example_dags/example_branch_labels.py
[2026-05-19T07:38:49.723+0000] {processor.py:830} INFO - Processing file /home/airflow/.local/lib/python3.12/site-packages/airflow/example_dags/example_branch_labels.py for tasks to queue
[2026-05-19T07:38:49.727+0000] {logging_mixin.py:188} INFO - [2026-05-19T07:38:49.726+0000] {dagbag.py:545} INFO - Filling up the DagBag from /home/airflow/.local/lib/python3.12/site-packages/airflow/example_dags/example_branch_labels.py
[2026-05-19T07:38:49.768+0000] {processor.py:840} INFO - DAG(s) 'example_branch_labels' retrieved from /home/airflow/.local/lib/python3.12/site-packages/airflow/example_dags/example_branch_labels.py
[2026-05-19T07:38:50.122+0000] {logging_mixin.py:188} INFO - [2026-05-19T07:38:50.122+0000] {dag.py:3089} INFO - Sync 1 DAGs
[2026-05-19T07:38:50.218+0000] {logging_mixin.py:188} INFO - [2026-05-19T07:38:50.218+0000] {dag.py:3947} INFO - Setting next_dagrun for example_branch_labels to 2026-05-18 00:00:00+00:00, run_after=2026-05-19 00:00:00+00:00
[2026-05-19T07:38:50.277+0000] {processor.py:183} INFO - Processing /home/airflow/.local/lib/python3.12/site-packages/airflow/example_dags/example_branch_labels.py took 0.578 seconds
[2026-05-19T07:39:20.968+0000] {processor.py:161} INFO - Started process (PID=159) to work on /home/airflow/.local/lib/python3.12/site-packages/airflow/example_dags/example_branch_labels.py
[2026-05-19T07:39:20.977+0000] {processor.py:830} INFO - Processing file /home/airflow/.local/lib/python3.12/site-packages/airflow/example_dags/example_branch_labels.py for tasks to queue
[2026-05-19T07:39:20.983+0000] {logging_mixin.py:188} INFO - [2026-05-19T07:39:20.982+0000] {dagbag.py:545} INFO - Filling up the DagBag from /home/airflow/.local/lib/python3.12/site-packages/airflow/example_dags/example_branch_labels.py
[2026-05-19T07:39:21.006+0000] {processor.py:840} INFO - DAG(s) 'example_branch_labels' retrieved from /home/airflow/.local/lib/python3.12/site-packages/airflow/example_dags/example_branch_labels.py
[2026-05-19T07:39:21.276+0000] {logging_mixin.py:188} INFO - [2026-05-19T07:39:21.275+0000] {dag.py:3089} INFO - Sync 1 DAGs
[2026-05-19T07:39:21.704+0000] {logging_mixin.py:188} INFO - [2026-05-19T07:39:21.704+0000] {dag.py:3947} INFO - Setting next_dagrun for example_branch_labels to 2026-05-18 00:00:00+00:00, run_after=2026-05-19 00:00:00+00:00
[2026-05-19T07:39:21.798+0000] {processor.py:183} INFO - Processing /home/airflow/.local/lib/python3.12/site-packages/airflow/example_dags/example_branch_labels.py took 0.845 seconds
[2026-05-19T07:39:52.147+0000] {processor.py:161} INFO - Started process (PID=218) to work on /home/airflow/.local/lib/python3.12/site-packages/airflow/example_dags/example_branch_labels.py
[2026-05-19T07:39:52.148+0000] {processor.py:830} INFO - Processing file /home/airflow/.local/lib/python3.12/site-packages/airflow/example_dags/example_branch_labels.py for tasks to queue
[2026-05-19T07:39:52.151+0000] {logging_mixin.py:188} INFO - [2026-05-19T07:39:52.151+0000] {dagbag.py:545} INFO - Filling up the DagBag from /home/airflow/.local/lib/python3.12/site-packages/airflow/example_dags/example_branch_labels.py
[2026-05-19T07:39:52.167+0000] {processor.py:840} INFO - DAG(s) 'example_branch_labels' retrieved from /home/airflow/.local/lib/python3.12/site-packages/airflow/example_dags/example_branch_labels.py
[2026-05-19T07:39:52.200+0000] {logging_mixin.py:188} INFO - [2026-05-19T07:39:52.200+0000] {dag.py:3089} INFO - Sync 1 DAGs
[2026-05-19T07:39:52.233+0000] {logging_mixin.py:188} INFO - [2026-05-19T07:39:52.233+0000] {dag.py:3947} INFO - Setting next_dagrun for example_branch_labels to 2026-05-18 00:00:00+00:00, run_after=2026-05-19 00:00:00+00:00
[2026-05-19T07:39:52.265+0000] {processor.py:183} INFO - Processing /home/airflow/.local/lib/python3.12/site-packages/airflow/example_dags/example_branch_labels.py took 0.127 seconds
[2026-05-19T07:40:22.383+0000] {processor.py:161} INFO - Started process (PID=276) to work on /home/airflow/.local/lib/python3.12/site-packages/airflow/example_dags/example_branch_labels.py
[2026-05-19T07:40:22.385+0000] {processor.py:830} INFO - Processing file /home/airflow/.local/lib/python3.12/site-packages/airflow/example_dags/example_branch_labels.py for tasks to queue
[2026-05-19T07:40:22.389+0000] {logging_mixin.py:188} INFO - [2026-05-19T07:40:22.388+0000] {dagbag.py:545} INFO - Filling up the DagBag from /home/airflow/.local/lib/python3.12/site-packages/airflow/example_dags/example_branch_labels.py
[2026-05-19T07:40:22.402+0000] {processor.py:840} INFO - DAG(s) 'example_branch_labels' retrieved from /home/airflow/.local/lib/python3.12/site-packages/airflow/example_dags/example_branch_labels.py
[2026-05-19T07:40:22.441+0000] {logging_mixin.py:188} INFO - [2026-05-19T07:40:22.440+0000] {dag.py:3089} INFO - Sync 1 DAGs
[2026-05-19T07:40:22.481+0000] {logging_mixin.py:188} INFO - [2026-05-19T07:40:22.480+0000] {dag.py:3947} INFO - Setting next_dagrun for example_branch_labels to 2026-05-18 00:00:00+00:00, run_after=2026-05-19 00:00:00+00:00
[2026-05-19T07:40:22.515+0000] {processor.py:183} INFO - Processing /home/airflow/.local/lib/python3.12/site-packages/airflow/example_dags/example_branch_labels.py took 0.142 seconds
[2026-05-19T07:40:52.935+0000] {processor.py:161} INFO - Started process (PID=334) to work on /home/airflow/.local/lib/python3.12/site-packages/airflow/example_dags/example_branch_labels.py
[2026-05-19T07:40:52.937+0000] {processor.py:830} INFO - Processing file /home/airflow/.local/lib/python3.12/site-packages/airflow/example_dags/example_branch_labels.py for tasks to queue
[2026-05-19T07:40:52.942+0000] {logging_mixin.py:188} INFO - [2026-05-19T07:40:52.941+0000] {dagbag.py:545} INFO - Filling up the DagBag from /home/airflow/.local/lib/python3.12/site-packages/airflow/example_dags/example_branch_labels.py
[2026-05-19T07:40:52.959+0000] {processor.py:840} INFO - DAG(s) 'example_branch_labels' retrieved from /home/airflow/.local/lib/python3.12/site-packages/airflow/example_dags/example_branch_labels.py
[2026-05-19T07:40:53.007+0000] {logging_mixin.py:188} INFO - [2026-05-19T07:40:53.006+0000] {dag.py:3089} INFO - Sync 1 DAGs
[2026-05-19T07:40:53.122+0000] {logging_mixin.py:188} INFO - [2026-05-19T07:40:53.121+0000] {dag.py:3947} INFO - Setting next_dagrun for example_branch_labels to 2026-05-18 00:00:00+00:00, run_after=2026-05-19 00:00:00+00:00
[2026-05-19T07:40:53.200+0000] {processor.py:183} INFO - Processing /home/airflow/.local/lib/python3.12/site-packages/airflow/example_dags/example_branch_labels.py took 0.279 seconds
[2026-05-19T07:41:23.323+0000] {processor.py:161} INFO - Started process (PID=392) to work on /home/airflow/.local/lib/python3.12/site-packages/airflow/example_dags/example_branch_labels.py
[2026-05-19T07:41:23.326+0000] {processor.py:830} INFO - Processing file /home/airflow/.local/lib/python3.12/site-packages/airflow/example_dags/example_branch_labels.py for tasks to queue
[2026-05-19T07:41:23.331+0000] {logging_mixin.py:188} INFO - [2026-05-19T07:41:23.330+0000] {dagbag.py:545} INFO - Filling up the DagBag from /home/airflow/.local/lib/python3.12/site-packages/airflow/example_dags/example_branch_labels.py
[2026-05-19T07:41:23.349+0000] {processor.py:840} INFO - DAG(s) 'example_branch_labels' retrieved from /home/airflow/.local/lib/python3.12/site-packages/airflow/example_dags/example_branch_labels.py
[2026-05-19T07:41:23.394+0000] {logging_mixin.py:188} INFO - [2026-05-19T07:41:23.394+0000] {dag.py:3089} INFO - Sync 1 DAGs
[2026-05-19T07:41:23.433+0000] {logging_mixin.py:188} INFO - [2026-05-19T07:41:23.433+0000] {dag.py:3947} INFO - Setting next_dagrun for example_branch_labels to 2026-05-18 00:00:00+00:00, run_after=2026-05-19 00:00:00+00:00
[2026-05-19T07:41:23.466+0000] {processor.py:183} INFO - Processing /home/airflow/.local/lib/python3.12/site-packages/airflow/example_dags/example_branch_labels.py took 0.154 seconds
[2026-05-19T07:41:53.594+0000] {processor.py:161} INFO - Started process (PID=449) to work on /home/airflow/.local/lib/python3.12/site-packages/airflow/example_dags/example_branch_labels.py
[2026-05-19T07:41:53.596+0000] {processor.py:830} INFO - Processing file /home/airflow/.local/lib/python3.12/site-packages/airflow/example_dags/example_branch_labels.py for tasks to queue
[2026-05-19T07:41:53.599+0000] {logging_mixin.py:188} INFO - [2026-05-19T07:41:53.599+0000] {dagbag.py:545} INFO - Filling up the DagBag from /home/airflow/.local/lib/python3.12/site-packages/airflow/example_dags/example_branch_labels.py
[2026-05-19T07:41:53.611+0000] {processor.py:840} INFO - DAG(s) 'example_branch_labels' retrieved from /home/airflow/.local/lib/python3.12/site-packages/airflow/example_dags/example_branch_labels.py
[2026-05-19T07:41:53.644+0000] {logging_mixin.py:188} INFO - [2026-05-19T07:41:53.643+0000] {dag.py:3089} INFO - Sync 1 DAGs
[2026-05-19T07:41:53.676+0000] {logging_mixin.py:188} INFO - [2026-05-19T07:41:53.675+0000] {dag.py:3947} INFO - Setting next_dagrun for example_branch_labels to 2026-05-18 00:00:00+00:00, run_after=2026-05-19 00:00:00+00:00
[2026-05-19T07:41:53.704+0000] {processor.py:183} INFO - Processing /home/airflow/.local/lib/python3.12/site-packages/airflow/example_dags/example_branch_labels.py took 0.118 seconds
[2026-05-19T07:42:26.048+0000] {processor.py:161} INFO - Started process (PID=507) to work on /home/airflow/.local/lib/python3.12/site-packages/airflow/example_dags/example_branch_labels.py
[2026-05-19T07:42:26.057+0000] {processor.py:830} INFO - Processing file /home/airflow/.local/lib/python3.12/site-packages/airflow/example_dags/example_branch_labels.py for tasks to queue
[2026-05-19T07:42:26.079+0000] {logging_mixin.py:188} INFO - [2026-05-19T07:42:26.070+0000] {dagbag.py:545} INFO - Filling up the DagBag from /home/airflow/.local/lib/python3.12/site-packages/airflow/example_dags/example_branch_labels.py
[2026-05-19T07:42:26.230+0000] {processor.py:840} INFO - DAG(s) 'example_branch_labels' retrieved from /home/airflow/.local/lib/python3.12/site-packages/airflow/example_dags/example_branch_labels.py
[2026-05-19T07:42:26.416+0000] {logging_mixin.py:188} INFO - [2026-05-19T07:42:26.415+0000] {dag.py:3089} INFO - Sync 1 DAGs
[2026-05-19T07:42:26.657+0000] {logging_mixin.py:188} INFO - [2026-05-19T07:42:26.656+0000] {dag.py:3947} INFO - Setting next_dagrun for example_branch_labels to 2026-05-18 00:00:00+00:00, run_after=2026-05-19 00:00:00+00:00
[2026-05-19T07:42:26.807+0000] {processor.py:183} INFO - Processing /home/airflow/.local/lib/python3.12/site-packages/airflow/example_dags/example_branch_labels.py took 0.844 seconds
[2026-05-19T07:42:57.125+0000] {processor.py:161} INFO - Started process (PID=566) to work on /home/airflow/.local/lib/python3.12/site-packages/airflow/example_dags/example_branch_labels.py
[2026-05-19T07:42:57.128+0000] {processor.py:830} INFO - Processing file /home/airflow/.local/lib/python3.12/site-packages/airflow/example_dags/example_branch_labels.py for tasks to queue
[2026-05-19T07:42:57.133+0000] {logging_mixin.py:188} INFO - [2026-05-19T07:42:57.133+0000] {dagbag.py:545} INFO - Filling up the DagBag from /home/airflow/.local/lib/python3.12/site-packages/airflow/example_dags/example_branch_labels.py
[2026-05-19T07:42:57.168+0000] {processor.py:840} INFO - DAG(s) 'example_branch_labels' retrieved from /home/airflow/.local/lib/python3.12/site-packages/airflow/example_dags/example_branch_labels.py
[2026-05-19T07:42:57.240+0000] {logging_mixin.py:188} INFO - [2026-05-19T07:42:57.239+0000] {dag.py:3089} INFO - Sync 1 DAGs
[2026-05-19T07:42:57.314+0000] {logging_mixin.py:188} INFO - [2026-05-19T07:42:57.313+0000] {dag.py:3947} INFO - Setting next_dagrun for example_branch_labels to 2026-05-18 00:00:00+00:00, run_after=2026-05-19 00:00:00+00:00
[2026-05-19T07:42:57.367+0000] {processor.py:183} INFO - Processing /home/airflow/.local/lib/python3.12/site-packages/airflow/example_dags/example_branch_labels.py took 0.254 seconds
[2026-05-19T07:43:27.765+0000] {processor.py:161} INFO - Started process (PID=624) to work on /home/airflow/.local/lib/python3.12/site-packages/airflow/example_dags/example_branch_labels.py
[2026-05-19T07:43:27.767+0000] {processor.py:830} INFO - Processing file /home/airflow/.local/lib/python3.12/site-packages/airflow/example_dags/example_branch_labels.py for tasks to queue
[2026-05-19T07:43:27.772+0000] {logging_mixin.py:188} INFO - [2026-05-19T07:43:27.771+0000] {dagbag.py:545} INFO - Filling up the DagBag from /home/airflow/.local/lib/python3.12/site-packages/airflow/example_dags/example_branch_labels.py
[2026-05-19T07:43:27.798+0000] {processor.py:840} INFO - DAG(s) 'example_branch_labels' retrieved from /home/airflow/.local/lib/python3.12/site-packages/airflow/example_dags/example_branch_labels.py
[2026-05-19T07:43:27.855+0000] {logging_mixin.py:188} INFO - [2026-05-19T07:43:27.854+0000] {dag.py:3089} INFO - Sync 1 DAGs
[2026-05-19T07:43:27.921+0000] {logging_mixin.py:188} INFO - [2026-05-19T07:43:27.921+0000] {dag.py:3947} INFO - Setting next_dagrun for example_branch_labels to 2026-05-18 00:00:00+00:00, run_after=2026-05-19 00:00:00+00:00
[2026-05-19T07:43:27.976+0000] {processor.py:183} INFO - Processing /home/airflow/.local/lib/python3.12/site-packages/airflow/example_dags/example_branch_labels.py took 0.226 seconds
[2026-05-19T07:43:58.302+0000] {processor.py:161} INFO - Started process (PID=683) to work on /home/airflow/.local/lib/python3.12/site-packages/airflow/example_dags/example_branch_labels.py
[2026-05-19T07:43:58.304+0000] {processor.py:830} INFO - Processing file /home/airflow/.local/lib/python3.12/site-packages/airflow/example_dags/example_branch_labels.py for tasks to queue
[2026-05-19T07:43:58.309+0000] {logging_mixin.py:188} INFO - [2026-05-19T07:43:58.308+0000] {dagbag.py:545} INFO - Filling up the DagBag from /home/airflow/.local/lib/python3.12/site-packages/airflow/example_dags/example_branch_labels.py
[2026-05-19T07:43:58.327+0000] {processor.py:840} INFO - DAG(s) 'example_branch_labels' retrieved from /home/airflow/.local/lib/python3.12/site-packages/airflow/example_dags/example_branch_labels.py
[2026-05-19T07:43:58.369+0000] {logging_mixin.py:188} INFO - [2026-05-19T07:43:58.369+0000] {dag.py:3089} INFO - Sync 1 DAGs
[2026-05-19T07:43:58.414+0000] {logging_mixin.py:188} INFO - [2026-05-19T07:43:58.413+0000] {dag.py:3947} INFO - Setting next_dagrun for example_branch_labels to 2026-05-18 00:00:00+00:00, run_after=2026-05-19 00:00:00+00:00
[2026-05-19T07:43:58.449+0000] {processor.py:183} INFO - Processing /home/airflow/.local/lib/python3.12/site-packages/airflow/example_dags/example_branch_labels.py took 0.159 seconds
[2026-05-19T07:44:28.768+0000] {processor.py:161} INFO - Started process (PID=741) to work on /home/airflow/.local/lib/python3.12/site-packages/airflow/example_dags/example_branch_labels.py
[2026-05-19T07:44:28.771+0000] {processor.py:830} INFO - Processing file /home/airflow/.local/lib/python3.12/site-packages/airflow/example_dags/example_branch_labels.py for tasks to queue
[2026-05-19T07:44:28.777+0000] {logging_mixin.py:188} INFO - [2026-05-19T07:44:28.776+0000] {dagbag.py:545} INFO - Filling up the DagBag from /home/airflow/.local/lib/python3.12/site-packages/airflow/example_dags/example_branch_labels.py
[2026-05-19T07:44:28.802+0000] {processor.py:840} INFO - DAG(s) 'example_branch_labels' retrieved from /home/airflow/.local/lib/python3.12/site-packages/airflow/example_dags/example_branch_labels.py
[2026-05-19T07:44:28.872+0000] {logging_mixin.py:188} INFO - [2026-05-19T07:44:28.871+0000] {dag.py:3089} INFO - Sync 1 DAGs
[2026-05-19T07:44:28.919+0000] {logging_mixin.py:188} INFO - [2026-05-19T07:44:28.918+0000] {dag.py:3947} INFO - Setting next_dagrun for example_branch_labels to 2026-05-18 00:00:00+00:00, run_after=2026-05-19 00:00:00+00:00
[2026-05-19T07:44:28.959+0000] {processor.py:183} INFO - Processing /home/airflow/.local/lib/python3.12/site-packages/airflow/example_dags/example_branch_labels.py took 0.207 seconds
[2026-05-19T07:44:59.280+0000] {processor.py:161} INFO - Started process (PID=799) to work on /home/airflow/.local/lib/python3.12/site-packages/airflow/example_dags/example_branch_labels.py
[2026-05-19T07:44:59.282+0000] {processor.py:830} INFO - Processing file /home/airflow/.local/lib/python3.12/site-packages/airflow/example_dags/example_branch_labels.py for tasks to queue
[2026-05-19T07:44:59.287+0000] {logging_mixin.py:188} INFO - [2026-05-19T07:44:59.286+0000] {dagbag.py:545} INFO - Filling up the DagBag from /home/airflow/.local/lib/python3.12/site-packages/airflow/example_dags/example_branch_labels.py
[2026-05-19T07:44:59.309+0000] {processor.py:840} INFO - DAG(s) 'example_branch_labels' retrieved from /home/airflow/.local/lib/python3.12/site-packages/airflow/example_dags/example_branch_labels.py
[2026-05-19T07:44:59.371+0000] {logging_mixin.py:188} INFO - [2026-05-19T07:44:59.370+0000] {dag.py:3089} INFO - Sync 1 DAGs
[2026-05-19T07:44:59.417+0000] {logging_mixin.py:188} INFO - [2026-05-19T07:44:59.416+0000] {dag.py:3947} INFO - Setting next_dagrun for example_branch_labels to 2026-05-18 00:00:00+00:00, run_after=2026-05-19 00:00:00+00:00
[2026-05-19T07:44:59.456+0000] {processor.py:183} INFO - Processing /home/airflow/.local/lib/python3.12/site-packages/airflow/example_dags/example_branch_labels.py took 0.186 seconds
[2026-05-19T07:45:30.040+0000] {processor.py:161} INFO - Started process (PID=857) to work on /home/airflow/.local/lib/python3.12/site-packages/airflow/example_dags/example_branch_labels.py
[2026-05-19T07:45:30.042+0000] {processor.py:830} INFO - Processing file /home/airflow/.local/lib/python3.12/site-packages/airflow/example_dags/example_branch_labels.py for tasks to queue
[2026-05-19T07:45:30.045+0000] {logging_mixin.py:188} INFO - [2026-05-19T07:45:30.045+0000] {dagbag.py:545} INFO - Filling up the DagBag from /home/airflow/.local/lib/python3.12/site-packages/airflow/example_dags/example_branch_labels.py
[2026-05-19T07:45:30.059+0000] {processor.py:840} INFO - DAG(s) 'example_branch_labels' retrieved from /home/airflow/.local/lib/python3.12/site-packages/airflow/example_dags/example_branch_labels.py
[2026-05-19T07:45:30.095+0000] {logging_mixin.py:188} INFO - [2026-05-19T07:45:30.095+0000] {dag.py:3089} INFO - Sync 1 DAGs
[2026-05-19T07:45:30.133+0000] {logging_mixin.py:188} INFO - [2026-05-19T07:45:30.132+0000] {dag.py:3947} INFO - Setting next_dagrun for example_branch_labels to 2026-05-18 00:00:00+00:00, run_after=2026-05-19 00:00:00+00:00
[2026-05-19T07:45:30.171+0000] {processor.py:183} INFO - Processing /home/airflow/.local/lib/python3.12/site-packages/airflow/example_dags/example_branch_labels.py took 0.142 seconds
[2026-05-19T07:46:00.967+0000] {processor.py:161} INFO - Started process (PID=915) to work on /home/airflow/.local/lib/python3.12/site-packages/airflow/example_dags/example_branch_labels.py
[2026-05-19T07:46:00.970+0000] {processor.py:830} INFO - Processing file /home/airflow/.local/lib/python3.12/site-packages/airflow/example_dags/example_branch_labels.py for tasks to queue
[2026-05-19T07:46:00.974+0000] {logging_mixin.py:188} INFO - [2026-05-19T07:46:00.974+0000] {dagbag.py:545} INFO - Filling up the DagBag from /home/airflow/.local/lib/python3.12/site-packages/airflow/example_dags/example_branch_labels.py
[2026-05-19T07:46:00.998+0000] {processor.py:840} INFO - DAG(s) 'example_branch_labels' retrieved from /home/airflow/.local/lib/python3.12/site-packages/airflow/example_dags/example_branch_labels.py
[2026-05-19T07:46:01.051+0000] {logging_mixin.py:188} INFO - [2026-05-19T07:46:01.050+0000] {dag.py:3089} INFO - Sync 1 DAGs
[2026-05-19T07:46:01.115+0000] {logging_mixin.py:188} INFO - [2026-05-19T07:46:01.114+0000] {dag.py:3947} INFO - Setting next_dagrun for example_branch_labels to 2026-05-18 00:00:00+00:00, run_after=2026-05-19 00:00:00+00:00
[2026-05-19T07:46:01.189+0000] {processor.py:183} INFO - Processing /home/airflow/.local/lib/python3.12/site-packages/airflow/example_dags/example_branch_labels.py took 0.240 seconds
[2026-05-19T07:46:31.428+0000] {processor.py:161} INFO - Started process (PID=973) to work on /home/airflow/.local/lib/python3.12/site-packages/airflow/example_dags/example_branch_labels.py
[2026-05-19T07:46:31.430+0000] {processor.py:830} INFO - Processing file /home/airflow/.local/lib/python3.12/site-packages/airflow/example_dags/example_branch_labels.py for tasks to queue
[2026-05-19T07:46:31.435+0000] {logging_mixin.py:188} INFO - [2026-05-19T07:46:31.434+0000] {dagbag.py:545} INFO - Filling up the DagBag from /home/airflow/.local/lib/python3.12/site-packages/airflow/example_dags/example_branch_labels.py
[2026-05-19T07:46:31.453+0000] {processor.py:840} INFO - DAG(s) 'example_branch_labels' retrieved from /home/airflow/.local/lib/python3.12/site-packages/airflow/example_dags/example_branch_labels.py
[2026-05-19T07:46:31.502+0000] {logging_mixin.py:188} INFO - [2026-05-19T07:46:31.501+0000] {dag.py:3089} INFO - Sync 1 DAGs
[2026-05-19T07:46:31.578+0000] {logging_mixin.py:188} INFO - [2026-05-19T07:46:31.578+0000] {dag.py:3947} INFO - Setting next_dagrun for example_branch_labels to 2026-05-18 00:00:00+00:00, run_after=2026-05-19 00:00:00+00:00
[2026-05-19T07:46:31.633+0000] {processor.py:183} INFO - Processing /home/airflow/.local/lib/python3.12/site-packages/airflow/example_dags/example_branch_labels.py took 0.216 seconds
[2026-05-19T07:47:02.244+0000] {processor.py:161} INFO - Started process (PID=1031) to work on /home/airflow/.local/lib/python3.12/site-packages/airflow/example_dags/example_branch_labels.py
[2026-05-19T07:47:02.245+0000] {processor.py:830} INFO - Processing file /home/airflow/.local/lib/python3.12/site-packages/airflow/example_dags/example_branch_labels.py for tasks to queue
[2026-05-19T07:47:02.248+0000] {logging_mixin.py:188} INFO - [2026-05-19T07:47:02.248+0000] {dagbag.py:545} INFO - Filling up the DagBag from /home/airflow/.local/lib/python3.12/site-packages/airflow/example_dags/example_branch_labels.py
[2026-05-19T07:47:02.260+0000] {processor.py:840} INFO - DAG(s) 'example_branch_labels' retrieved from /home/airflow/.local/lib/python3.12/site-packages/airflow/example_dags/example_branch_labels.py
[2026-05-19T07:47:02.293+0000] {logging_mixin.py:188} INFO - [2026-05-19T07:47:02.293+0000] {dag.py:3089} INFO - Sync 1 DAGs
[2026-05-19T07:47:02.328+0000] {logging_mixin.py:188} INFO - [2026-05-19T07:47:02.328+0000] {dag.py:3947} INFO - Setting next_dagrun for example_branch_labels to 2026-05-18 00:00:00+00:00, run_after=2026-05-19 00:00:00+00:00
[2026-05-19T07:47:02.359+0000] {processor.py:183} INFO - Processing /home/airflow/.local/lib/python3.12/site-packages/airflow/example_dags/example_branch_labels.py took 0.126 seconds
[2026-05-19T07:47:32.724+0000] {processor.py:161} INFO - Started process (PID=1087) to work on /home/airflow/.local/lib/python3.12/site-packages/airflow/example_dags/example_branch_labels.py
[2026-05-19T07:47:32.725+0000] {processor.py:830} INFO - Processing file /home/airflow/.local/lib/python3.12/site-packages/airflow/example_dags/example_branch_labels.py for tasks to queue
[2026-05-19T07:47:32.729+0000] {logging_mixin.py:188} INFO - [2026-05-19T07:47:32.728+0000] {dagbag.py:545} INFO - Filling up the DagBag from /home/airflow/.local/lib/python3.12/site-packages/airflow/example_dags/example_branch_labels.py
[2026-05-19T07:47:32.742+0000] {processor.py:840} INFO - DAG(s) 'example_branch_labels' retrieved from /home/airflow/.local/lib/python3.12/site-packages/airflow/example_dags/example_branch_labels.py
[2026-05-19T07:47:32.776+0000] {logging_mixin.py:188} INFO - [2026-05-19T07:47:32.775+0000] {dag.py:3089} INFO - Sync 1 DAGs
[2026-05-19T07:47:32.810+0000] {logging_mixin.py:188} INFO - [2026-05-19T07:47:32.809+0000] {dag.py:3947} INFO - Setting next_dagrun for example_branch_labels to 2026-05-18 00:00:00+00:00, run_after=2026-05-19 00:00:00+00:00
[2026-05-19T07:47:32.838+0000] {processor.py:183} INFO - Processing /home/airflow/.local/lib/python3.12/site-packages/airflow/example_dags/example_branch_labels.py took 0.123 seconds
[2026-05-19T07:48:03.130+0000] {processor.py:161} INFO - Started process (PID=1145) to work on /home/airflow/.local/lib/python3.12/site-packages/airflow/example_dags/example_branch_labels.py
[2026-05-19T07:48:03.132+0000] {processor.py:830} INFO - Processing file /home/airflow/.local/lib/python3.12/site-packages/airflow/example_dags/example_branch_labels.py for tasks to queue
[2026-05-19T07:48:03.138+0000] {logging_mixin.py:188} INFO - [2026-05-19T07:48:03.137+0000] {dagbag.py:545} INFO - Filling up the DagBag from /home/airflow/.local/lib/python3.12/site-packages/airflow/example_dags/example_branch_labels.py
[2026-05-19T07:48:03.168+0000] {processor.py:840} INFO - DAG(s) 'example_branch_labels' retrieved from /home/airflow/.local/lib/python3.12/site-packages/airflow/example_dags/example_branch_labels.py
[2026-05-19T07:48:03.217+0000] {logging_mixin.py:188} INFO - [2026-05-19T07:48:03.216+0000] {dag.py:3089} INFO - Sync 1 DAGs
[2026-05-19T07:48:03.272+0000] {logging_mixin.py:188} INFO - [2026-05-19T07:48:03.271+0000] {dag.py:3947} INFO - Setting next_dagrun for example_branch_labels to 2026-05-18 00:00:00+00:00, run_after=2026-05-19 00:00:00+00:00
[2026-05-19T07:48:03.317+0000] {processor.py:183} INFO - Processing /home/airflow/.local/lib/python3.12/site-packages/airflow/example_dags/example_branch_labels.py took 0.198 seconds
[2026-05-19T07:48:33.519+0000] {processor.py:161} INFO - Started process (PID=1203) to work on /home/airflow/.local/lib/python3.12/site-packages/airflow/example_dags/example_branch_labels.py
[2026-05-19T07:48:33.521+0000] {processor.py:830} INFO - Processing file /home/airflow/.local/lib/python3.12/site-packages/airflow/example_dags/example_branch_labels.py for tasks to queue
[2026-05-19T07:48:33.525+0000] {logging_mixin.py:188} INFO - [2026-05-19T07:48:33.525+0000] {dagbag.py:545} INFO - Filling up the DagBag from /home/airflow/.local/lib/python3.12/site-packages/airflow/example_dags/example_branch_labels.py
[2026-05-19T07:48:33.538+0000] {processor.py:840} INFO - DAG(s) 'example_branch_labels' retrieved from /home/airflow/.local/lib/python3.12/site-packages/airflow/example_dags/example_branch_labels.py
[2026-05-19T07:48:33.570+0000] {logging_mixin.py:188} INFO - [2026-05-19T07:48:33.569+0000] {dag.py:3089} INFO - Sync 1 DAGs
[2026-05-19T07:48:33.603+0000] {logging_mixin.py:188} INFO - [2026-05-19T07:48:33.603+0000] {dag.py:3947} INFO - Setting next_dagrun for example_branch_labels to 2026-05-18 00:00:00+00:00, run_after=2026-05-19 00:00:00+00:00
[2026-05-19T07:48:33.631+0000] {processor.py:183} INFO - Processing /home/airflow/.local/lib/python3.12/site-packages/airflow/example_dags/example_branch_labels.py took 0.120 seconds
[2026-05-19T07:49:04.117+0000] {processor.py:161} INFO - Started process (PID=1261) to work on /home/airflow/.local/lib/python3.12/site-packages/airflow/example_dags/example_branch_labels.py
[2026-05-19T07:49:04.121+0000] {processor.py:830} INFO - Processing file /home/airflow/.local/lib/python3.12/site-packages/airflow/example_dags/example_branch_labels.py for tasks to queue
[2026-05-19T07:49:04.130+0000] {logging_mixin.py:188} INFO - [2026-05-19T07:49:04.128+0000] {dagbag.py:545} INFO - Filling up the DagBag from /home/airflow/.local/lib/python3.12/site-packages/airflow/example_dags/example_branch_labels.py
[2026-05-19T07:49:04.178+0000] {processor.py:840} INFO - DAG(s) 'example_branch_labels' retrieved from /home/airflow/.local/lib/python3.12/site-packages/airflow/example_dags/example_branch_labels.py
[2026-05-19T07:49:04.287+0000] {logging_mixin.py:188} INFO - [2026-05-19T07:49:04.287+0000] {dag.py:3089} INFO - Sync 1 DAGs
[2026-05-19T07:49:04.352+0000] {logging_mixin.py:188} INFO - [2026-05-19T07:49:04.352+0000] {dag.py:3947} INFO - Setting next_dagrun for example_branch_labels to 2026-05-18 00:00:00+00:00, run_after=2026-05-19 00:00:00+00:00
[2026-05-19T07:49:04.392+0000] {processor.py:183} INFO - Processing /home/airflow/.local/lib/python3.12/site-packages/airflow/example_dags/example_branch_labels.py took 0.298 seconds
[2026-05-19T07:49:34.772+0000] {processor.py:161} INFO - Started process (PID=1321) to work on /home/airflow/.local/lib/python3.12/site-packages/airflow/example_dags/example_branch_labels.py
[2026-05-19T07:49:34.774+0000] {processor.py:830} INFO - Processing file /home/airflow/.local/lib/python3.12/site-packages/airflow/example_dags/example_branch_labels.py for tasks to queue
[2026-05-19T07:49:34.778+0000] {logging_mixin.py:188} INFO - [2026-05-19T07:49:34.778+0000] {dagbag.py:545} INFO - Filling up the DagBag from /home/airflow/.local/lib/python3.12/site-packages/airflow/example_dags/example_branch_labels.py
[2026-05-19T07:49:34.798+0000] {processor.py:840} INFO - DAG(s) 'example_branch_labels' retrieved from /home/airflow/.local/lib/python3.12/site-packages/airflow/example_dags/example_branch_labels.py
[2026-05-19T07:49:34.846+0000] {logging_mixin.py:188} INFO - [2026-05-19T07:49:34.845+0000] {dag.py:3089} INFO - Sync 1 DAGs
[2026-05-19T07:49:34.892+0000] {logging_mixin.py:188} INFO - [2026-05-19T07:49:34.892+0000] {dag.py:3947} INFO - Setting next_dagrun for example_branch_labels to 2026-05-18 00:00:00+00:00, run_after=2026-05-19 00:00:00+00:00
[2026-05-19T07:49:34.931+0000] {processor.py:183} INFO - Processing /home/airflow/.local/lib/python3.12/site-packages/airflow/example_dags/example_branch_labels.py took 0.172 seconds
[2026-05-19T07:50:05.735+0000] {processor.py:161} INFO - Started process (PID=1379) to work on /home/airflow/.local/lib/python3.12/site-packages/airflow/example_dags/example_branch_labels.py
[2026-05-19T07:50:05.738+0000] {processor.py:830} INFO - Processing file /home/airflow/.local/lib/python3.12/site-packages/airflow/example_dags/example_branch_labels.py for tasks to queue
[2026-05-19T07:50:05.753+0000] {logging_mixin.py:188} INFO - [2026-05-19T07:50:05.752+0000] {dagbag.py:545} INFO - Filling up the DagBag from /home/airflow/.local/lib/python3.12/site-packages/airflow/example_dags/example_branch_labels.py
[2026-05-19T07:50:05.813+0000] {processor.py:840} INFO - DAG(s) 'example_branch_labels' retrieved from /home/airflow/.local/lib/python3.12/site-packages/airflow/example_dags/example_branch_labels.py
[2026-05-19T07:50:05.920+0000] {logging_mixin.py:188} INFO - [2026-05-19T07:50:05.918+0000] {dag.py:3089} INFO - Sync 1 DAGs
[2026-05-19T07:50:06.050+0000] {logging_mixin.py:188} INFO - [2026-05-19T07:50:06.043+0000] {dag.py:3947} INFO - Setting next_dagrun for example_branch_labels to 2026-05-18 00:00:00+00:00, run_after=2026-05-19 00:00:00+00:00
[2026-05-19T07:50:06.131+0000] {processor.py:183} INFO - Processing /home/airflow/.local/lib/python3.12/site-packages/airflow/example_dags/example_branch_labels.py took 0.423 seconds
[2026-05-19T07:50:36.506+0000] {processor.py:161} INFO - Started process (PID=1437) to work on /home/airflow/.local/lib/python3.12/site-packages/airflow/example_dags/example_branch_labels.py
[2026-05-19T07:50:36.508+0000] {processor.py:830} INFO - Processing file /home/airflow/.local/lib/python3.12/site-packages/airflow/example_dags/example_branch_labels.py for tasks to queue
[2026-05-19T07:50:36.512+0000] {logging_mixin.py:188} INFO - [2026-05-19T07:50:36.511+0000] {dagbag.py:545} INFO - Filling up the DagBag from /home/airflow/.local/lib/python3.12/site-packages/airflow/example_dags/example_branch_labels.py
[2026-05-19T07:50:36.526+0000] {processor.py:840} INFO - DAG(s) 'example_branch_labels' retrieved from /home/airflow/.local/lib/python3.12/site-packages/airflow/example_dags/example_branch_labels.py
[2026-05-19T07:50:36.563+0000] {logging_mixin.py:188} INFO - [2026-05-19T07:50:36.562+0000] {dag.py:3089} INFO - Sync 1 DAGs
[2026-05-19T07:50:36.599+0000] {logging_mixin.py:188} INFO - [2026-05-19T07:50:36.599+0000] {dag.py:3947} INFO - Setting next_dagrun for example_branch_labels to 2026-05-18 00:00:00+00:00, run_after=2026-05-19 00:00:00+00:00
[2026-05-19T07:50:36.631+0000] {processor.py:183} INFO - Processing /home/airflow/.local/lib/python3.12/site-packages/airflow/example_dags/example_branch_labels.py took 0.136 seconds
[2026-05-19T07:53:31.974+0000] {processor.py:161} INFO - Started process (PID=90) to work on /home/airflow/.local/lib/python3.12/site-packages/airflow/example_dags/example_branch_labels.py
[2026-05-19T07:53:31.976+0000] {processor.py:830} INFO - Processing file /home/airflow/.local/lib/python3.12/site-packages/airflow/example_dags/example_branch_labels.py for tasks to queue
[2026-05-19T07:53:31.983+0000] {logging_mixin.py:188} INFO - [2026-05-19T07:53:31.983+0000] {dagbag.py:545} INFO - Filling up the DagBag from /home/airflow/.local/lib/python3.12/site-packages/airflow/example_dags/example_branch_labels.py
[2026-05-19T07:53:31.998+0000] {processor.py:840} INFO - DAG(s) 'example_branch_labels' retrieved from /home/airflow/.local/lib/python3.12/site-packages/airflow/example_dags/example_branch_labels.py
[2026-05-19T07:53:32.246+0000] {logging_mixin.py:188} INFO - [2026-05-19T07:53:32.245+0000] {dag.py:3089} INFO - Sync 1 DAGs
[2026-05-19T07:53:32.283+0000] {logging_mixin.py:188} INFO - [2026-05-19T07:53:32.282+0000] {dag.py:3947} INFO - Setting next_dagrun for example_branch_labels to 2026-05-18 00:00:00+00:00, run_after=2026-05-19 00:00:00+00:00
[2026-05-19T07:53:32.319+0000] {processor.py:183} INFO - Processing /home/airflow/.local/lib/python3.12/site-packages/airflow/example_dags/example_branch_labels.py took 0.355 seconds
[2026-05-19T07:54:03.058+0000] {processor.py:161} INFO - Started process (PID=148) to work on /home/airflow/.local/lib/python3.12/site-packages/airflow/example_dags/example_branch_labels.py
[2026-05-19T07:54:03.061+0000] {processor.py:830} INFO - Processing file /home/airflow/.local/lib/python3.12/site-packages/airflow/example_dags/example_branch_labels.py for tasks to queue
[2026-05-19T07:54:03.065+0000] {logging_mixin.py:188} INFO - [2026-05-19T07:54:03.064+0000] {dagbag.py:545} INFO - Filling up the DagBag from /home/airflow/.local/lib/python3.12/site-packages/airflow/example_dags/example_branch_labels.py
[2026-05-19T07:54:03.088+0000] {processor.py:840} INFO - DAG(s) 'example_branch_labels' retrieved from /home/airflow/.local/lib/python3.12/site-packages/airflow/example_dags/example_branch_labels.py
[2026-05-19T07:54:03.154+0000] {logging_mixin.py:188} INFO - [2026-05-19T07:54:03.153+0000] {dag.py:3089} INFO - Sync 1 DAGs
[2026-05-19T07:54:03.230+0000] {logging_mixin.py:188} INFO - [2026-05-19T07:54:03.230+0000] {dag.py:3947} INFO - Setting next_dagrun for example_branch_labels to 2026-05-18 00:00:00+00:00, run_after=2026-05-19 00:00:00+00:00
[2026-05-19T07:54:03.268+0000] {processor.py:183} INFO - Processing /home/airflow/.local/lib/python3.12/site-packages/airflow/example_dags/example_branch_labels.py took 0.222 seconds
[2026-05-19T07:54:34.260+0000] {processor.py:161} INFO - Started process (PID=206) to work on /home/airflow/.local/lib/python3.12/site-packages/airflow/example_dags/example_branch_labels.py
[2026-05-19T07:54:34.261+0000] {processor.py:830} INFO - Processing file /home/airflow/.local/lib/python3.12/site-packages/airflow/example_dags/example_branch_labels.py for tasks to queue
[2026-05-19T07:54:34.265+0000] {logging_mixin.py:188} INFO - [2026-05-19T07:54:34.264+0000] {dagbag.py:545} INFO - Filling up the DagBag from /home/airflow/.local/lib/python3.12/site-packages/airflow/example_dags/example_branch_labels.py
[2026-05-19T07:54:34.281+0000] {processor.py:840} INFO - DAG(s) 'example_branch_labels' retrieved from /home/airflow/.local/lib/python3.12/site-packages/airflow/example_dags/example_branch_labels.py
[2026-05-19T07:54:34.320+0000] {logging_mixin.py:188} INFO - [2026-05-19T07:54:34.319+0000] {dag.py:3089} INFO - Sync 1 DAGs
[2026-05-19T07:54:34.370+0000] {logging_mixin.py:188} INFO - [2026-05-19T07:54:34.369+0000] {dag.py:3947} INFO - Setting next_dagrun for example_branch_labels to 2026-05-18 00:00:00+00:00, run_after=2026-05-19 00:00:00+00:00
[2026-05-19T07:54:34.409+0000] {processor.py:183} INFO - Processing /home/airflow/.local/lib/python3.12/site-packages/airflow/example_dags/example_branch_labels.py took 0.160 seconds
[2026-05-19T07:55:08.851+0000] {processor.py:161} INFO - Started process (PID=264) to work on /home/airflow/.local/lib/python3.12/site-packages/airflow/example_dags/example_branch_labels.py
[2026-05-19T07:55:08.854+0000] {processor.py:830} INFO - Processing file /home/airflow/.local/lib/python3.12/site-packages/airflow/example_dags/example_branch_labels.py for tasks to queue
[2026-05-19T07:55:08.861+0000] {logging_mixin.py:188} INFO - [2026-05-19T07:55:08.860+0000] {dagbag.py:545} INFO - Filling up the DagBag from /home/airflow/.local/lib/python3.12/site-packages/airflow/example_dags/example_branch_labels.py
[2026-05-19T07:55:08.889+0000] {processor.py:840} INFO - DAG(s) 'example_branch_labels' retrieved from /home/airflow/.local/lib/python3.12/site-packages/airflow/example_dags/example_branch_labels.py
[2026-05-19T07:55:08.950+0000] {logging_mixin.py:188} INFO - [2026-05-19T07:55:08.949+0000] {dag.py:3089} INFO - Sync 1 DAGs
[2026-05-19T07:55:09.092+0000] {logging_mixin.py:188} INFO - [2026-05-19T07:55:09.092+0000] {dag.py:3947} INFO - Setting next_dagrun for example_branch_labels to 2026-05-18 00:00:00+00:00, run_after=2026-05-19 00:00:00+00:00
[2026-05-19T07:55:09.199+0000] {processor.py:183} INFO - Processing /home/airflow/.local/lib/python3.12/site-packages/airflow/example_dags/example_branch_labels.py took 0.363 seconds
[2026-05-19T07:55:39.413+0000] {processor.py:161} INFO - Started process (PID=321) to work on /home/airflow/.local/lib/python3.12/site-packages/airflow/example_dags/example_branch_labels.py
[2026-05-19T07:55:39.415+0000] {processor.py:830} INFO - Processing file /home/airflow/.local/lib/python3.12/site-packages/airflow/example_dags/example_branch_labels.py for tasks to queue
[2026-05-19T07:55:39.418+0000] {logging_mixin.py:188} INFO - [2026-05-19T07:55:39.417+0000] {dagbag.py:545} INFO - Filling up the DagBag from /home/airflow/.local/lib/python3.12/site-packages/airflow/example_dags/example_branch_labels.py
[2026-05-19T07:55:39.434+0000] {processor.py:840} INFO - DAG(s) 'example_branch_labels' retrieved from /home/airflow/.local/lib/python3.12/site-packages/airflow/example_dags/example_branch_labels.py
[2026-05-19T07:55:39.485+0000] {logging_mixin.py:188} INFO - [2026-05-19T07:55:39.485+0000] {dag.py:3089} INFO - Sync 1 DAGs
[2026-05-19T07:55:39.528+0000] {logging_mixin.py:188} INFO - [2026-05-19T07:55:39.528+0000] {dag.py:3947} INFO - Setting next_dagrun for example_branch_labels to 2026-05-18 00:00:00+00:00, run_after=2026-05-19 00:00:00+00:00
[2026-05-19T07:55:39.560+0000] {processor.py:183} INFO - Processing /home/airflow/.local/lib/python3.12/site-packages/airflow/example_dags/example_branch_labels.py took 0.158 seconds
[2026-05-19T07:56:11.237+0000] {processor.py:161} INFO - Started process (PID=379) to work on /home/airflow/.local/lib/python3.12/site-packages/airflow/example_dags/example_branch_labels.py
[2026-05-19T07:56:11.245+0000] {processor.py:830} INFO - Processing file /home/airflow/.local/lib/python3.12/site-packages/airflow/example_dags/example_branch_labels.py for tasks to queue
[2026-05-19T07:56:11.258+0000] {logging_mixin.py:188} INFO - [2026-05-19T07:56:11.257+0000] {dagbag.py:545} INFO - Filling up the DagBag from /home/airflow/.local/lib/python3.12/site-packages/airflow/example_dags/example_branch_labels.py
[2026-05-19T07:56:11.304+0000] {processor.py:840} INFO - DAG(s) 'example_branch_labels' retrieved from /home/airflow/.local/lib/python3.12/site-packages/airflow/example_dags/example_branch_labels.py
[2026-05-19T07:56:11.400+0000] {logging_mixin.py:188} INFO - [2026-05-19T07:56:11.399+0000] {dag.py:3089} INFO - Sync 1 DAGs
[2026-05-19T07:56:11.484+0000] {logging_mixin.py:188} INFO - [2026-05-19T07:56:11.484+0000] {dag.py:3947} INFO - Setting next_dagrun for example_branch_labels to 2026-05-18 00:00:00+00:00, run_after=2026-05-19 00:00:00+00:00
[2026-05-19T07:56:11.543+0000] {processor.py:183} INFO - Processing /home/airflow/.local/lib/python3.12/site-packages/airflow/example_dags/example_branch_labels.py took 0.345 seconds
[2026-05-19T07:58:51.020+0000] {processor.py:161} INFO - Started process (PID=99) to work on /home/airflow/.local/lib/python3.12/site-packages/airflow/example_dags/example_branch_labels.py
[2026-05-19T07:58:51.035+0000] {processor.py:830} INFO - Processing file /home/airflow/.local/lib/python3.12/site-packages/airflow/example_dags/example_branch_labels.py for tasks to queue
[2026-05-19T07:58:51.042+0000] {logging_mixin.py:188} INFO - [2026-05-19T07:58:51.042+0000] {dagbag.py:545} INFO - Filling up the DagBag from /home/airflow/.local/lib/python3.12/site-packages/airflow/example_dags/example_branch_labels.py
[2026-05-19T07:58:51.132+0000] {processor.py:840} INFO - DAG(s) 'example_branch_labels' retrieved from /home/airflow/.local/lib/python3.12/site-packages/airflow/example_dags/example_branch_labels.py
[2026-05-19T07:58:51.948+0000] {logging_mixin.py:188} INFO - [2026-05-19T07:58:51.948+0000] {dag.py:3089} INFO - Sync 1 DAGs
[2026-05-19T07:58:52.099+0000] {logging_mixin.py:188} INFO - [2026-05-19T07:58:52.099+0000] {dag.py:3947} INFO - Setting next_dagrun for example_branch_labels to 2026-05-18 00:00:00+00:00, run_after=2026-05-19 00:00:00+00:00
[2026-05-19T07:58:52.272+0000] {processor.py:183} INFO - Processing /home/airflow/.local/lib/python3.12/site-packages/airflow/example_dags/example_branch_labels.py took 1.293 seconds
[2026-05-19T07:59:23.688+0000] {processor.py:161} INFO - Started process (PID=157) to work on /home/airflow/.local/lib/python3.12/site-packages/airflow/example_dags/example_branch_labels.py
[2026-05-19T07:59:23.699+0000] {processor.py:830} INFO - Processing file /home/airflow/.local/lib/python3.12/site-packages/airflow/example_dags/example_branch_labels.py for tasks to queue
[2026-05-19T07:59:23.723+0000] {logging_mixin.py:188} INFO - [2026-05-19T07:59:23.721+0000] {dagbag.py:545} INFO - Filling up the DagBag from /home/airflow/.local/lib/python3.12/site-packages/airflow/example_dags/example_branch_labels.py
[2026-05-19T07:59:23.801+0000] {processor.py:840} INFO - DAG(s) 'example_branch_labels' retrieved from /home/airflow/.local/lib/python3.12/site-packages/airflow/example_dags/example_branch_labels.py
[2026-05-19T07:59:24.105+0000] {logging_mixin.py:188} INFO - [2026-05-19T07:59:24.104+0000] {dag.py:3089} INFO - Sync 1 DAGs
[2026-05-19T07:59:24.284+0000] {logging_mixin.py:188} INFO - [2026-05-19T07:59:24.283+0000] {dag.py:3947} INFO - Setting next_dagrun for example_branch_labels to 2026-05-18 00:00:00+00:00, run_after=2026-05-19 00:00:00+00:00
[2026-05-19T07:59:24.504+0000] {processor.py:183} INFO - Processing /home/airflow/.local/lib/python3.12/site-packages/airflow/example_dags/example_branch_labels.py took 0.894 seconds
[2026-05-19T07:59:54.796+0000] {processor.py:161} INFO - Started process (PID=215) to work on /home/airflow/.local/lib/python3.12/site-packages/airflow/example_dags/example_branch_labels.py
[2026-05-19T07:59:54.798+0000] {processor.py:830} INFO - Processing file /home/airflow/.local/lib/python3.12/site-packages/airflow/example_dags/example_branch_labels.py for tasks to queue
[2026-05-19T07:59:54.804+0000] {logging_mixin.py:188} INFO - [2026-05-19T07:59:54.803+0000] {dagbag.py:545} INFO - Filling up the DagBag from /home/airflow/.local/lib/python3.12/site-packages/airflow/example_dags/example_branch_labels.py
[2026-05-19T07:59:54.827+0000] {processor.py:840} INFO - DAG(s) 'example_branch_labels' retrieved from /home/airflow/.local/lib/python3.12/site-packages/airflow/example_dags/example_branch_labels.py
[2026-05-19T07:59:54.920+0000] {logging_mixin.py:188} INFO - [2026-05-19T07:59:54.919+0000] {dag.py:3089} INFO - Sync 1 DAGs
[2026-05-19T07:59:55.047+0000] {logging_mixin.py:188} INFO - [2026-05-19T07:59:55.046+0000] {dag.py:3947} INFO - Setting next_dagrun for example_branch_labels to 2026-05-18 00:00:00+00:00, run_after=2026-05-19 00:00:00+00:00
[2026-05-19T07:59:55.121+0000] {processor.py:183} INFO - Processing /home/airflow/.local/lib/python3.12/site-packages/airflow/example_dags/example_branch_labels.py took 0.343 seconds
[2026-05-19T08:00:25.905+0000] {processor.py:161} INFO - Started process (PID=273) to work on /home/airflow/.local/lib/python3.12/site-packages/airflow/example_dags/example_branch_labels.py
[2026-05-19T08:00:25.907+0000] {processor.py:830} INFO - Processing file /home/airflow/.local/lib/python3.12/site-packages/airflow/example_dags/example_branch_labels.py for tasks to queue
[2026-05-19T08:00:25.911+0000] {logging_mixin.py:188} INFO - [2026-05-19T08:00:25.910+0000] {dagbag.py:545} INFO - Filling up the DagBag from /home/airflow/.local/lib/python3.12/site-packages/airflow/example_dags/example_branch_labels.py
[2026-05-19T08:00:25.926+0000] {processor.py:840} INFO - DAG(s) 'example_branch_labels' retrieved from /home/airflow/.local/lib/python3.12/site-packages/airflow/example_dags/example_branch_labels.py
[2026-05-19T08:00:25.961+0000] {logging_mixin.py:188} INFO - [2026-05-19T08:00:25.961+0000] {dag.py:3089} INFO - Sync 1 DAGs
[2026-05-19T08:00:25.995+0000] {logging_mixin.py:188} INFO - [2026-05-19T08:00:25.995+0000] {dag.py:3947} INFO - Setting next_dagrun for example_branch_labels to 2026-05-18 00:00:00+00:00, run_after=2026-05-19 00:00:00+00:00
[2026-05-19T08:00:26.027+0000] {processor.py:183} INFO - Processing /home/airflow/.local/lib/python3.12/site-packages/airflow/example_dags/example_branch_labels.py took 0.131 seconds
[2026-05-19T08:00:56.239+0000] {processor.py:161} INFO - Started process (PID=331) to work on /home/airflow/.local/lib/python3.12/site-packages/airflow/example_dags/example_branch_labels.py
[2026-05-19T08:00:56.241+0000] {processor.py:830} INFO - Processing file /home/airflow/.local/lib/python3.12/site-packages/airflow/example_dags/example_branch_labels.py for tasks to queue
[2026-05-19T08:00:56.245+0000] {logging_mixin.py:188} INFO - [2026-05-19T08:00:56.244+0000] {dagbag.py:545} INFO - Filling up the DagBag from /home/airflow/.local/lib/python3.12/site-packages/airflow/example_dags/example_branch_labels.py
[2026-05-19T08:00:56.259+0000] {processor.py:840} INFO - DAG(s) 'example_branch_labels' retrieved from /home/airflow/.local/lib/python3.12/site-packages/airflow/example_dags/example_branch_labels.py
[2026-05-19T08:00:56.305+0000] {logging_mixin.py:188} INFO - [2026-05-19T08:00:56.304+0000] {dag.py:3089} INFO - Sync 1 DAGs
[2026-05-19T08:00:56.360+0000] {logging_mixin.py:188} INFO - [2026-05-19T08:00:56.359+0000] {dag.py:3947} INFO - Setting next_dagrun for example_branch_labels to 2026-05-18 00:00:00+00:00, run_after=2026-05-19 00:00:00+00:00
[2026-05-19T08:00:56.399+0000] {processor.py:183} INFO - Processing /home/airflow/.local/lib/python3.12/site-packages/airflow/example_dags/example_branch_labels.py took 0.182 seconds
[2026-05-19T08:01:27.025+0000] {processor.py:161} INFO - Started process (PID=389) to work on /home/airflow/.local/lib/python3.12/site-packages/airflow/example_dags/example_branch_labels.py
[2026-05-19T08:01:27.028+0000] {processor.py:830} INFO - Processing file /home/airflow/.local/lib/python3.12/site-packages/airflow/example_dags/example_branch_labels.py for tasks to queue
[2026-05-19T08:01:27.033+0000] {logging_mixin.py:188} INFO - [2026-05-19T08:01:27.033+0000] {dagbag.py:545} INFO - Filling up the DagBag from /home/airflow/.local/lib/python3.12/site-packages/airflow/example_dags/example_branch_labels.py
[2026-05-19T08:01:27.052+0000] {processor.py:840} INFO - DAG(s) 'example_branch_labels' retrieved from /home/airflow/.local/lib/python3.12/site-packages/airflow/example_dags/example_branch_labels.py
[2026-05-19T08:01:27.090+0000] {logging_mixin.py:188} INFO - [2026-05-19T08:01:27.090+0000] {dag.py:3089} INFO - Sync 1 DAGs
[2026-05-19T08:01:27.127+0000] {logging_mixin.py:188} INFO - [2026-05-19T08:01:27.127+0000] {dag.py:3947} INFO - Setting next_dagrun for example_branch_labels to 2026-05-18 00:00:00+00:00, run_after=2026-05-19 00:00:00+00:00
[2026-05-19T08:01:27.155+0000] {processor.py:183} INFO - Processing /home/airflow/.local/lib/python3.12/site-packages/airflow/example_dags/example_branch_labels.py took 0.144 seconds
[2026-05-19T08:01:57.523+0000] {processor.py:161} INFO - Started process (PID=447) to work on /home/airflow/.local/lib/python3.12/site-packages/airflow/example_dags/example_branch_labels.py
[2026-05-19T08:01:57.525+0000] {processor.py:830} INFO - Processing file /home/airflow/.local/lib/python3.12/site-packages/airflow/example_dags/example_branch_labels.py for tasks to queue
[2026-05-19T08:01:57.529+0000] {logging_mixin.py:188} INFO - [2026-05-19T08:01:57.528+0000] {dagbag.py:545} INFO - Filling up the DagBag from /home/airflow/.local/lib/python3.12/site-packages/airflow/example_dags/example_branch_labels.py
[2026-05-19T08:01:57.543+0000] {processor.py:840} INFO - DAG(s) 'example_branch_labels' retrieved from /home/airflow/.local/lib/python3.12/site-packages/airflow/example_dags/example_branch_labels.py
[2026-05-19T08:01:57.581+0000] {logging_mixin.py:188} INFO - [2026-05-19T08:01:57.581+0000] {dag.py:3089} INFO - Sync 1 DAGs
[2026-05-19T08:01:57.618+0000] {logging_mixin.py:188} INFO - [2026-05-19T08:01:57.618+0000] {dag.py:3947} INFO - Setting next_dagrun for example_branch_labels to 2026-05-18 00:00:00+00:00, run_after=2026-05-19 00:00:00+00:00
[2026-05-19T08:01:57.649+0000] {processor.py:183} INFO - Processing /home/airflow/.local/lib/python3.12/site-packages/airflow/example_dags/example_branch_labels.py took 0.135 seconds
[2026-05-19T08:02:28.081+0000] {processor.py:161} INFO - Started process (PID=505) to work on /home/airflow/.local/lib/python3.12/site-packages/airflow/example_dags/example_branch_labels.py
[2026-05-19T08:02:28.084+0000] {processor.py:830} INFO - Processing file /home/airflow/.local/lib/python3.12/site-packages/airflow/example_dags/example_branch_labels.py for tasks to queue
[2026-05-19T08:02:28.089+0000] {logging_mixin.py:188} INFO - [2026-05-19T08:02:28.088+0000] {dagbag.py:545} INFO - Filling up the DagBag from /home/airflow/.local/lib/python3.12/site-packages/airflow/example_dags/example_branch_labels.py
[2026-05-19T08:02:28.115+0000] {processor.py:840} INFO - DAG(s) 'example_branch_labels' retrieved from /home/airflow/.local/lib/python3.12/site-packages/airflow/example_dags/example_branch_labels.py
[2026-05-19T08:02:28.184+0000] {logging_mixin.py:188} INFO - [2026-05-19T08:02:28.183+0000] {dag.py:3089} INFO - Sync 1 DAGs
[2026-05-19T08:02:28.241+0000] {logging_mixin.py:188} INFO - [2026-05-19T08:02:28.241+0000] {dag.py:3947} INFO - Setting next_dagrun for example_branch_labels to 2026-05-18 00:00:00+00:00, run_after=2026-05-19 00:00:00+00:00
[2026-05-19T08:02:28.290+0000] {processor.py:183} INFO - Processing /home/airflow/.local/lib/python3.12/site-packages/airflow/example_dags/example_branch_labels.py took 0.230 seconds
[2026-05-19T08:02:58.489+0000] {processor.py:161} INFO - Started process (PID=563) to work on /home/airflow/.local/lib/python3.12/site-packages/airflow/example_dags/example_branch_labels.py
[2026-05-19T08:02:58.491+0000] {processor.py:830} INFO - Processing file /home/airflow/.local/lib/python3.12/site-packages/airflow/example_dags/example_branch_labels.py for tasks to queue
[2026-05-19T08:02:58.494+0000] {logging_mixin.py:188} INFO - [2026-05-19T08:02:58.494+0000] {dagbag.py:545} INFO - Filling up the DagBag from /home/airflow/.local/lib/python3.12/site-packages/airflow/example_dags/example_branch_labels.py
[2026-05-19T08:02:58.508+0000] {processor.py:840} INFO - DAG(s) 'example_branch_labels' retrieved from /home/airflow/.local/lib/python3.12/site-packages/airflow/example_dags/example_branch_labels.py
[2026-05-19T08:02:58.541+0000] {logging_mixin.py:188} INFO - [2026-05-19T08:02:58.541+0000] {dag.py:3089} INFO - Sync 1 DAGs
[2026-05-19T08:02:58.578+0000] {logging_mixin.py:188} INFO - [2026-05-19T08:02:58.577+0000] {dag.py:3947} INFO - Setting next_dagrun for example_branch_labels to 2026-05-18 00:00:00+00:00, run_after=2026-05-19 00:00:00+00:00
[2026-05-19T08:02:58.607+0000] {processor.py:183} INFO - Processing /home/airflow/.local/lib/python3.12/site-packages/airflow/example_dags/example_branch_labels.py took 0.128 seconds
[2026-05-19T08:03:28.705+0000] {processor.py:161} INFO - Started process (PID=621) to work on /home/airflow/.local/lib/python3.12/site-packages/airflow/example_dags/example_branch_labels.py
[2026-05-19T08:03:28.707+0000] {processor.py:830} INFO - Processing file /home/airflow/.local/lib/python3.12/site-packages/airflow/example_dags/example_branch_labels.py for tasks to queue
[2026-05-19T08:03:28.711+0000] {logging_mixin.py:188} INFO - [2026-05-19T08:03:28.710+0000] {dagbag.py:545} INFO - Filling up the DagBag from /home/airflow/.local/lib/python3.12/site-packages/airflow/example_dags/example_branch_labels.py
[2026-05-19T08:03:28.724+0000] {processor.py:840} INFO - DAG(s) 'example_branch_labels' retrieved from /home/airflow/.local/lib/python3.12/site-packages/airflow/example_dags/example_branch_labels.py
[2026-05-19T08:03:28.757+0000] {logging_mixin.py:188} INFO - [2026-05-19T08:03:28.757+0000] {dag.py:3089} INFO - Sync 1 DAGs
[2026-05-19T08:03:28.793+0000] {logging_mixin.py:188} INFO - [2026-05-19T08:03:28.793+0000] {dag.py:3947} INFO - Setting next_dagrun for example_branch_labels to 2026-05-18 00:00:00+00:00, run_after=2026-05-19 00:00:00+00:00
[2026-05-19T08:03:28.825+0000] {processor.py:183} INFO - Processing /home/airflow/.local/lib/python3.12/site-packages/airflow/example_dags/example_branch_labels.py took 0.132 seconds
[2026-05-19T08:03:59.300+0000] {processor.py:161} INFO - Started process (PID=680) to work on /home/airflow/.local/lib/python3.12/site-packages/airflow/example_dags/example_branch_labels.py
[2026-05-19T08:03:59.302+0000] {processor.py:830} INFO - Processing file /home/airflow/.local/lib/python3.12/site-packages/airflow/example_dags/example_branch_labels.py for tasks to queue
[2026-05-19T08:03:59.307+0000] {logging_mixin.py:188} INFO - [2026-05-19T08:03:59.306+0000] {dagbag.py:545} INFO - Filling up the DagBag from /home/airflow/.local/lib/python3.12/site-packages/airflow/example_dags/example_branch_labels.py
[2026-05-19T08:03:59.328+0000] {processor.py:840} INFO - DAG(s) 'example_branch_labels' retrieved from /home/airflow/.local/lib/python3.12/site-packages/airflow/example_dags/example_branch_labels.py
[2026-05-19T08:03:59.382+0000] {logging_mixin.py:188} INFO - [2026-05-19T08:03:59.381+0000] {dag.py:3089} INFO - Sync 1 DAGs
[2026-05-19T08:03:59.440+0000] {logging_mixin.py:188} INFO - [2026-05-19T08:03:59.439+0000] {dag.py:3947} INFO - Setting next_dagrun for example_branch_labels to 2026-05-18 00:00:00+00:00, run_after=2026-05-19 00:00:00+00:00
[2026-05-19T08:03:59.492+0000] {processor.py:183} INFO - Processing /home/airflow/.local/lib/python3.12/site-packages/airflow/example_dags/example_branch_labels.py took 0.204 seconds
[2026-05-19T08:04:30.101+0000] {processor.py:161} INFO - Started process (PID=738) to work on /home/airflow/.local/lib/python3.12/site-packages/airflow/example_dags/example_branch_labels.py
[2026-05-19T08:04:30.103+0000] {processor.py:830} INFO - Processing file /home/airflow/.local/lib/python3.12/site-packages/airflow/example_dags/example_branch_labels.py for tasks to queue
[2026-05-19T08:04:30.109+0000] {logging_mixin.py:188} INFO - [2026-05-19T08:04:30.108+0000] {dagbag.py:545} INFO - Filling up the DagBag from /home/airflow/.local/lib/python3.12/site-packages/airflow/example_dags/example_branch_labels.py
[2026-05-19T08:04:30.127+0000] {processor.py:840} INFO - DAG(s) 'example_branch_labels' retrieved from /home/airflow/.local/lib/python3.12/site-packages/airflow/example_dags/example_branch_labels.py
[2026-05-19T08:04:30.175+0000] {logging_mixin.py:188} INFO - [2026-05-19T08:04:30.175+0000] {dag.py:3089} INFO - Sync 1 DAGs
[2026-05-19T08:04:30.236+0000] {logging_mixin.py:188} INFO - [2026-05-19T08:04:30.235+0000] {dag.py:3947} INFO - Setting next_dagrun for example_branch_labels to 2026-05-18 00:00:00+00:00, run_after=2026-05-19 00:00:00+00:00
[2026-05-19T08:04:30.335+0000] {processor.py:183} INFO - Processing /home/airflow/.local/lib/python3.12/site-packages/airflow/example_dags/example_branch_labels.py took 0.253 seconds
[2026-05-19T08:05:01.764+0000] {processor.py:161} INFO - Started process (PID=796) to work on /home/airflow/.local/lib/python3.12/site-packages/airflow/example_dags/example_branch_labels.py
[2026-05-19T08:05:01.776+0000] {processor.py:830} INFO - Processing file /home/airflow/.local/lib/python3.12/site-packages/airflow/example_dags/example_branch_labels.py for tasks to queue
[2026-05-19T08:05:01.817+0000] {logging_mixin.py:188} INFO - [2026-05-19T08:05:01.806+0000] {dagbag.py:545} INFO - Filling up the DagBag from /home/airflow/.local/lib/python3.12/site-packages/airflow/example_dags/example_branch_labels.py
[2026-05-19T08:05:01.892+0000] {processor.py:840} INFO - DAG(s) 'example_branch_labels' retrieved from /home/airflow/.local/lib/python3.12/site-packages/airflow/example_dags/example_branch_labels.py
[2026-05-19T08:05:02.305+0000] {logging_mixin.py:188} INFO - [2026-05-19T08:05:02.304+0000] {dag.py:3089} INFO - Sync 1 DAGs
[2026-05-19T08:05:02.609+0000] {logging_mixin.py:188} INFO - [2026-05-19T08:05:02.608+0000] {dag.py:3947} INFO - Setting next_dagrun for example_branch_labels to 2026-05-18 00:00:00+00:00, run_after=2026-05-19 00:00:00+00:00
[2026-05-19T08:05:02.995+0000] {processor.py:183} INFO - Processing /home/airflow/.local/lib/python3.12/site-packages/airflow/example_dags/example_branch_labels.py took 1.317 seconds
[2026-05-19T08:05:33.537+0000] {processor.py:161} INFO - Started process (PID=851) to work on /home/airflow/.local/lib/python3.12/site-packages/airflow/example_dags/example_branch_labels.py
[2026-05-19T08:05:33.539+0000] {processor.py:830} INFO - Processing file /home/airflow/.local/lib/python3.12/site-packages/airflow/example_dags/example_branch_labels.py for tasks to queue
[2026-05-19T08:05:33.545+0000] {logging_mixin.py:188} INFO - [2026-05-19T08:05:33.544+0000] {dagbag.py:545} INFO - Filling up the DagBag from /home/airflow/.local/lib/python3.12/site-packages/airflow/example_dags/example_branch_labels.py
[2026-05-19T08:05:33.561+0000] {processor.py:840} INFO - DAG(s) 'example_branch_labels' retrieved from /home/airflow/.local/lib/python3.12/site-packages/airflow/example_dags/example_branch_labels.py
[2026-05-19T08:05:33.599+0000] {logging_mixin.py:188} INFO - [2026-05-19T08:05:33.599+0000] {dag.py:3089} INFO - Sync 1 DAGs
[2026-05-19T08:05:33.646+0000] {logging_mixin.py:188} INFO - [2026-05-19T08:05:33.645+0000] {dag.py:3947} INFO - Setting next_dagrun for example_branch_labels to 2026-05-18 00:00:00+00:00, run_after=2026-05-19 00:00:00+00:00
[2026-05-19T08:05:33.687+0000] {processor.py:183} INFO - Processing /home/airflow/.local/lib/python3.12/site-packages/airflow/example_dags/example_branch_labels.py took 0.162 seconds
[2026-05-19T08:06:03.878+0000] {processor.py:161} INFO - Started process (PID=909) to work on /home/airflow/.local/lib/python3.12/site-packages/airflow/example_dags/example_branch_labels.py
[2026-05-19T08:06:03.880+0000] {processor.py:830} INFO - Processing file /home/airflow/.local/lib/python3.12/site-packages/airflow/example_dags/example_branch_labels.py for tasks to queue
[2026-05-19T08:06:03.883+0000] {logging_mixin.py:188} INFO - [2026-05-19T08:06:03.883+0000] {dagbag.py:545} INFO - Filling up the DagBag from /home/airflow/.local/lib/python3.12/site-packages/airflow/example_dags/example_branch_labels.py
[2026-05-19T08:06:03.896+0000] {processor.py:840} INFO - DAG(s) 'example_branch_labels' retrieved from /home/airflow/.local/lib/python3.12/site-packages/airflow/example_dags/example_branch_labels.py
[2026-05-19T08:06:03.930+0000] {logging_mixin.py:188} INFO - [2026-05-19T08:06:03.929+0000] {dag.py:3089} INFO - Sync 1 DAGs
[2026-05-19T08:06:03.963+0000] {logging_mixin.py:188} INFO - [2026-05-19T08:06:03.963+0000] {dag.py:3947} INFO - Setting next_dagrun for example_branch_labels to 2026-05-18 00:00:00+00:00, run_after=2026-05-19 00:00:00+00:00
[2026-05-19T08:06:03.995+0000] {processor.py:183} INFO - Processing /home/airflow/.local/lib/python3.12/site-packages/airflow/example_dags/example_branch_labels.py took 0.128 seconds
[2026-05-19T08:06:34.137+0000] {processor.py:161} INFO - Started process (PID=967) to work on /home/airflow/.local/lib/python3.12/site-packages/airflow/example_dags/example_branch_labels.py
[2026-05-19T08:06:34.139+0000] {processor.py:830} INFO - Processing file /home/airflow/.local/lib/python3.12/site-packages/airflow/example_dags/example_branch_labels.py for tasks to queue
[2026-05-19T08:06:34.142+0000] {logging_mixin.py:188} INFO - [2026-05-19T08:06:34.142+0000] {dagbag.py:545} INFO - Filling up the DagBag from /home/airflow/.local/lib/python3.12/site-packages/airflow/example_dags/example_branch_labels.py
[2026-05-19T08:06:34.154+0000] {processor.py:840} INFO - DAG(s) 'example_branch_labels' retrieved from /home/airflow/.local/lib/python3.12/site-packages/airflow/example_dags/example_branch_labels.py
[2026-05-19T08:06:34.188+0000] {logging_mixin.py:188} INFO - [2026-05-19T08:06:34.188+0000] {dag.py:3089} INFO - Sync 1 DAGs
[2026-05-19T08:06:34.221+0000] {logging_mixin.py:188} INFO - [2026-05-19T08:06:34.220+0000] {dag.py:3947} INFO - Setting next_dagrun for example_branch_labels to 2026-05-18 00:00:00+00:00, run_after=2026-05-19 00:00:00+00:00
[2026-05-19T08:06:34.251+0000] {processor.py:183} INFO - Processing /home/airflow/.local/lib/python3.12/site-packages/airflow/example_dags/example_branch_labels.py took 0.123 seconds
[2026-05-19T08:07:04.901+0000] {processor.py:161} INFO - Started process (PID=1025) to work on /home/airflow/.local/lib/python3.12/site-packages/airflow/example_dags/example_branch_labels.py
[2026-05-19T08:07:04.902+0000] {processor.py:830} INFO - Processing file /home/airflow/.local/lib/python3.12/site-packages/airflow/example_dags/example_branch_labels.py for tasks to queue
[2026-05-19T08:07:04.906+0000] {logging_mixin.py:188} INFO - [2026-05-19T08:07:04.905+0000] {dagbag.py:545} INFO - Filling up the DagBag from /home/airflow/.local/lib/python3.12/site-packages/airflow/example_dags/example_branch_labels.py
[2026-05-19T08:07:04.916+0000] {processor.py:840} INFO - DAG(s) 'example_branch_labels' retrieved from /home/airflow/.local/lib/python3.12/site-packages/airflow/example_dags/example_branch_labels.py
[2026-05-19T08:07:04.950+0000] {logging_mixin.py:188} INFO - [2026-05-19T08:07:04.950+0000] {dag.py:3089} INFO - Sync 1 DAGs
[2026-05-19T08:07:04.983+0000] {logging_mixin.py:188} INFO - [2026-05-19T08:07:04.983+0000] {dag.py:3947} INFO - Setting next_dagrun for example_branch_labels to 2026-05-18 00:00:00+00:00, run_after=2026-05-19 00:00:00+00:00
[2026-05-19T08:07:05.009+0000] {processor.py:183} INFO - Processing /home/airflow/.local/lib/python3.12/site-packages/airflow/example_dags/example_branch_labels.py took 0.118 seconds
[2026-05-19T08:07:35.276+0000] {processor.py:161} INFO - Started process (PID=1083) to work on /home/airflow/.local/lib/python3.12/site-packages/airflow/example_dags/example_branch_labels.py
[2026-05-19T08:07:35.278+0000] {processor.py:830} INFO - Processing file /home/airflow/.local/lib/python3.12/site-packages/airflow/example_dags/example_branch_labels.py for tasks to queue
[2026-05-19T08:07:35.282+0000] {logging_mixin.py:188} INFO - [2026-05-19T08:07:35.281+0000] {dagbag.py:545} INFO - Filling up the DagBag from /home/airflow/.local/lib/python3.12/site-packages/airflow/example_dags/example_branch_labels.py
[2026-05-19T08:07:35.295+0000] {processor.py:840} INFO - DAG(s) 'example_branch_labels' retrieved from /home/airflow/.local/lib/python3.12/site-packages/airflow/example_dags/example_branch_labels.py
[2026-05-19T08:07:35.331+0000] {logging_mixin.py:188} INFO - [2026-05-19T08:07:35.330+0000] {dag.py:3089} INFO - Sync 1 DAGs
[2026-05-19T08:07:35.362+0000] {logging_mixin.py:188} INFO - [2026-05-19T08:07:35.362+0000] {dag.py:3947} INFO - Setting next_dagrun for example_branch_labels to 2026-05-18 00:00:00+00:00, run_after=2026-05-19 00:00:00+00:00
[2026-05-19T08:07:35.391+0000] {processor.py:183} INFO - Processing /home/airflow/.local/lib/python3.12/site-packages/airflow/example_dags/example_branch_labels.py took 0.124 seconds
[2026-05-19T08:08:06.354+0000] {processor.py:161} INFO - Started process (PID=1141) to work on /home/airflow/.local/lib/python3.12/site-packages/airflow/example_dags/example_branch_labels.py
[2026-05-19T08:08:06.356+0000] {processor.py:830} INFO - Processing file /home/airflow/.local/lib/python3.12/site-packages/airflow/example_dags/example_branch_labels.py for tasks to queue
[2026-05-19T08:08:06.360+0000] {logging_mixin.py:188} INFO - [2026-05-19T08:08:06.359+0000] {dagbag.py:545} INFO - Filling up the DagBag from /home/airflow/.local/lib/python3.12/site-packages/airflow/example_dags/example_branch_labels.py
[2026-05-19T08:08:06.378+0000] {processor.py:840} INFO - DAG(s) 'example_branch_labels' retrieved from /home/airflow/.local/lib/python3.12/site-packages/airflow/example_dags/example_branch_labels.py
[2026-05-19T08:08:06.420+0000] {logging_mixin.py:188} INFO - [2026-05-19T08:08:06.420+0000] {dag.py:3089} INFO - Sync 1 DAGs
[2026-05-19T08:08:06.463+0000] {logging_mixin.py:188} INFO - [2026-05-19T08:08:06.462+0000] {dag.py:3947} INFO - Setting next_dagrun for example_branch_labels to 2026-05-18 00:00:00+00:00, run_after=2026-05-19 00:00:00+00:00
[2026-05-19T08:08:06.497+0000] {processor.py:183} INFO - Processing /home/airflow/.local/lib/python3.12/site-packages/airflow/example_dags/example_branch_labels.py took 0.154 seconds
[2026-05-19T08:08:36.698+0000] {processor.py:161} INFO - Started process (PID=1198) to work on /home/airflow/.local/lib/python3.12/site-packages/airflow/example_dags/example_branch_labels.py
[2026-05-19T08:08:36.700+0000] {processor.py:830} INFO - Processing file /home/airflow/.local/lib/python3.12/site-packages/airflow/example_dags/example_branch_labels.py for tasks to queue
[2026-05-19T08:08:36.703+0000] {logging_mixin.py:188} INFO - [2026-05-19T08:08:36.703+0000] {dagbag.py:545} INFO - Filling up the DagBag from /home/airflow/.local/lib/python3.12/site-packages/airflow/example_dags/example_branch_labels.py
[2026-05-19T08:08:36.719+0000] {processor.py:840} INFO - DAG(s) 'example_branch_labels' retrieved from /home/airflow/.local/lib/python3.12/site-packages/airflow/example_dags/example_branch_labels.py
[2026-05-19T08:08:36.775+0000] {logging_mixin.py:188} INFO - [2026-05-19T08:08:36.774+0000] {dag.py:3089} INFO - Sync 1 DAGs
[2026-05-19T08:08:36.831+0000] {logging_mixin.py:188} INFO - [2026-05-19T08:08:36.830+0000] {dag.py:3947} INFO - Setting next_dagrun for example_branch_labels to 2026-05-18 00:00:00+00:00, run_after=2026-05-19 00:00:00+00:00
[2026-05-19T08:08:36.881+0000] {processor.py:183} INFO - Processing /home/airflow/.local/lib/python3.12/site-packages/airflow/example_dags/example_branch_labels.py took 0.195 seconds
[2026-05-19T08:09:07.683+0000] {processor.py:161} INFO - Started process (PID=1256) to work on /home/airflow/.local/lib/python3.12/site-packages/airflow/example_dags/example_branch_labels.py
[2026-05-19T08:09:07.685+0000] {processor.py:830} INFO - Processing file /home/airflow/.local/lib/python3.12/site-packages/airflow/example_dags/example_branch_labels.py for tasks to queue
[2026-05-19T08:09:07.689+0000] {logging_mixin.py:188} INFO - [2026-05-19T08:09:07.688+0000] {dagbag.py:545} INFO - Filling up the DagBag from /home/airflow/.local/lib/python3.12/site-packages/airflow/example_dags/example_branch_labels.py
[2026-05-19T08:09:07.700+0000] {processor.py:840} INFO - DAG(s) 'example_branch_labels' retrieved from /home/airflow/.local/lib/python3.12/site-packages/airflow/example_dags/example_branch_labels.py
[2026-05-19T08:09:07.736+0000] {logging_mixin.py:188} INFO - [2026-05-19T08:09:07.736+0000] {dag.py:3089} INFO - Sync 1 DAGs
[2026-05-19T08:09:07.774+0000] {logging_mixin.py:188} INFO - [2026-05-19T08:09:07.774+0000] {dag.py:3947} INFO - Setting next_dagrun for example_branch_labels to 2026-05-18 00:00:00+00:00, run_after=2026-05-19 00:00:00+00:00
[2026-05-19T08:09:07.809+0000] {processor.py:183} INFO - Processing /home/airflow/.local/lib/python3.12/site-packages/airflow/example_dags/example_branch_labels.py took 0.136 seconds
[2026-05-19T08:09:38.248+0000] {processor.py:161} INFO - Started process (PID=1315) to work on /home/airflow/.local/lib/python3.12/site-packages/airflow/example_dags/example_branch_labels.py
[2026-05-19T08:09:38.252+0000] {processor.py:830} INFO - Processing file /home/airflow/.local/lib/python3.12/site-packages/airflow/example_dags/example_branch_labels.py for tasks to queue
[2026-05-19T08:09:38.256+0000] {logging_mixin.py:188} INFO - [2026-05-19T08:09:38.255+0000] {dagbag.py:545} INFO - Filling up the DagBag from /home/airflow/.local/lib/python3.12/site-packages/airflow/example_dags/example_branch_labels.py
[2026-05-19T08:09:38.275+0000] {processor.py:840} INFO - DAG(s) 'example_branch_labels' retrieved from /home/airflow/.local/lib/python3.12/site-packages/airflow/example_dags/example_branch_labels.py
[2026-05-19T08:09:38.339+0000] {logging_mixin.py:188} INFO - [2026-05-19T08:09:38.338+0000] {dag.py:3089} INFO - Sync 1 DAGs
[2026-05-19T08:09:38.400+0000] {logging_mixin.py:188} INFO - [2026-05-19T08:09:38.400+0000] {dag.py:3947} INFO - Setting next_dagrun for example_branch_labels to 2026-05-18 00:00:00+00:00, run_after=2026-05-19 00:00:00+00:00
[2026-05-19T08:09:38.436+0000] {processor.py:183} INFO - Processing /home/airflow/.local/lib/python3.12/site-packages/airflow/example_dags/example_branch_labels.py took 0.212 seconds
[2026-05-19T08:10:08.959+0000] {processor.py:161} INFO - Started process (PID=1373) to work on /home/airflow/.local/lib/python3.12/site-packages/airflow/example_dags/example_branch_labels.py
[2026-05-19T08:10:08.962+0000] {processor.py:830} INFO - Processing file /home/airflow/.local/lib/python3.12/site-packages/airflow/example_dags/example_branch_labels.py for tasks to queue
[2026-05-19T08:10:08.965+0000] {logging_mixin.py:188} INFO - [2026-05-19T08:10:08.965+0000] {dagbag.py:545} INFO - Filling up the DagBag from /home/airflow/.local/lib/python3.12/site-packages/airflow/example_dags/example_branch_labels.py
[2026-05-19T08:10:08.980+0000] {processor.py:840} INFO - DAG(s) 'example_branch_labels' retrieved from /home/airflow/.local/lib/python3.12/site-packages/airflow/example_dags/example_branch_labels.py
[2026-05-19T08:10:09.020+0000] {logging_mixin.py:188} INFO - [2026-05-19T08:10:09.020+0000] {dag.py:3089} INFO - Sync 1 DAGs
[2026-05-19T08:10:09.066+0000] {logging_mixin.py:188} INFO - [2026-05-19T08:10:09.065+0000] {dag.py:3947} INFO - Setting next_dagrun for example_branch_labels to 2026-05-18 00:00:00+00:00, run_after=2026-05-19 00:00:00+00:00
[2026-05-19T08:10:09.117+0000] {processor.py:183} INFO - Processing /home/airflow/.local/lib/python3.12/site-packages/airflow/example_dags/example_branch_labels.py took 0.167 seconds
[2026-05-19T08:10:39.279+0000] {processor.py:161} INFO - Started process (PID=1431) to work on /home/airflow/.local/lib/python3.12/site-packages/airflow/example_dags/example_branch_labels.py
[2026-05-19T08:10:39.282+0000] {processor.py:830} INFO - Processing file /home/airflow/.local/lib/python3.12/site-packages/airflow/example_dags/example_branch_labels.py for tasks to queue
[2026-05-19T08:10:39.289+0000] {logging_mixin.py:188} INFO - [2026-05-19T08:10:39.288+0000] {dagbag.py:545} INFO - Filling up the DagBag from /home/airflow/.local/lib/python3.12/site-packages/airflow/example_dags/example_branch_labels.py
[2026-05-19T08:10:39.311+0000] {processor.py:840} INFO - DAG(s) 'example_branch_labels' retrieved from /home/airflow/.local/lib/python3.12/site-packages/airflow/example_dags/example_branch_labels.py
[2026-05-19T08:10:39.381+0000] {logging_mixin.py:188} INFO - [2026-05-19T08:10:39.380+0000] {dag.py:3089} INFO - Sync 1 DAGs
[2026-05-19T08:10:39.461+0000] {logging_mixin.py:188} INFO - [2026-05-19T08:10:39.460+0000] {dag.py:3947} INFO - Setting next_dagrun for example_branch_labels to 2026-05-18 00:00:00+00:00, run_after=2026-05-19 00:00:00+00:00
[2026-05-19T08:10:39.512+0000] {processor.py:183} INFO - Processing /home/airflow/.local/lib/python3.12/site-packages/airflow/example_dags/example_branch_labels.py took 0.245 seconds
[2026-05-19T08:11:09.689+0000] {processor.py:161} INFO - Started process (PID=1489) to work on /home/airflow/.local/lib/python3.12/site-packages/airflow/example_dags/example_branch_labels.py
[2026-05-19T08:11:09.690+0000] {processor.py:830} INFO - Processing file /home/airflow/.local/lib/python3.12/site-packages/airflow/example_dags/example_branch_labels.py for tasks to queue
[2026-05-19T08:11:09.694+0000] {logging_mixin.py:188} INFO - [2026-05-19T08:11:09.693+0000] {dagbag.py:545} INFO - Filling up the DagBag from /home/airflow/.local/lib/python3.12/site-packages/airflow/example_dags/example_branch_labels.py
[2026-05-19T08:11:09.705+0000] {processor.py:840} INFO - DAG(s) 'example_branch_labels' retrieved from /home/airflow/.local/lib/python3.12/site-packages/airflow/example_dags/example_branch_labels.py
[2026-05-19T08:11:09.736+0000] {logging_mixin.py:188} INFO - [2026-05-19T08:11:09.735+0000] {dag.py:3089} INFO - Sync 1 DAGs
[2026-05-19T08:11:09.768+0000] {logging_mixin.py:188} INFO - [2026-05-19T08:11:09.768+0000] {dag.py:3947} INFO - Setting next_dagrun for example_branch_labels to 2026-05-18 00:00:00+00:00, run_after=2026-05-19 00:00:00+00:00
[2026-05-19T08:11:09.801+0000] {processor.py:183} INFO - Processing /home/airflow/.local/lib/python3.12/site-packages/airflow/example_dags/example_branch_labels.py took 0.131 seconds
[2026-05-19T08:11:39.968+0000] {processor.py:161} INFO - Started process (PID=1547) to work on /home/airflow/.local/lib/python3.12/site-packages/airflow/example_dags/example_branch_labels.py
[2026-05-19T08:11:39.971+0000] {processor.py:830} INFO - Processing file /home/airflow/.local/lib/python3.12/site-packages/airflow/example_dags/example_branch_labels.py for tasks to queue
[2026-05-19T08:11:39.975+0000] {logging_mixin.py:188} INFO - [2026-05-19T08:11:39.974+0000] {dagbag.py:545} INFO - Filling up the DagBag from /home/airflow/.local/lib/python3.12/site-packages/airflow/example_dags/example_branch_labels.py
[2026-05-19T08:11:39.994+0000] {processor.py:840} INFO - DAG(s) 'example_branch_labels' retrieved from /home/airflow/.local/lib/python3.12/site-packages/airflow/example_dags/example_branch_labels.py
[2026-05-19T08:11:40.054+0000] {logging_mixin.py:188} INFO - [2026-05-19T08:11:40.053+0000] {dag.py:3089} INFO - Sync 1 DAGs
[2026-05-19T08:11:40.102+0000] {logging_mixin.py:188} INFO - [2026-05-19T08:11:40.102+0000] {dag.py:3947} INFO - Setting next_dagrun for example_branch_labels to 2026-05-18 00:00:00+00:00, run_after=2026-05-19 00:00:00+00:00
[2026-05-19T08:11:40.142+0000] {processor.py:183} INFO - Processing /home/airflow/.local/lib/python3.12/site-packages/airflow/example_dags/example_branch_labels.py took 0.184 seconds
[2026-05-19T08:12:10.549+0000] {processor.py:161} INFO - Started process (PID=1605) to work on /home/airflow/.local/lib/python3.12/site-packages/airflow/example_dags/example_branch_labels.py
[2026-05-19T08:12:10.551+0000] {processor.py:830} INFO - Processing file /home/airflow/.local/lib/python3.12/site-packages/airflow/example_dags/example_branch_labels.py for tasks to queue
[2026-05-19T08:12:10.555+0000] {logging_mixin.py:188} INFO - [2026-05-19T08:12:10.554+0000] {dagbag.py:545} INFO - Filling up the DagBag from /home/airflow/.local/lib/python3.12/site-packages/airflow/example_dags/example_branch_labels.py
[2026-05-19T08:12:10.566+0000] {processor.py:840} INFO - DAG(s) 'example_branch_labels' retrieved from /home/airflow/.local/lib/python3.12/site-packages/airflow/example_dags/example_branch_labels.py
[2026-05-19T08:12:10.601+0000] {logging_mixin.py:188} INFO - [2026-05-19T08:12:10.601+0000] {dag.py:3089} INFO - Sync 1 DAGs
[2026-05-19T08:12:10.660+0000] {logging_mixin.py:188} INFO - [2026-05-19T08:12:10.659+0000] {dag.py:3947} INFO - Setting next_dagrun for example_branch_labels to 2026-05-18 00:00:00+00:00, run_after=2026-05-19 00:00:00+00:00
[2026-05-19T08:12:10.707+0000] {processor.py:183} INFO - Processing /home/airflow/.local/lib/python3.12/site-packages/airflow/example_dags/example_branch_labels.py took 0.167 seconds
[2026-05-19T08:12:41.291+0000] {processor.py:161} INFO - Started process (PID=1663) to work on /home/airflow/.local/lib/python3.12/site-packages/airflow/example_dags/example_branch_labels.py
[2026-05-19T08:12:41.292+0000] {processor.py:830} INFO - Processing file /home/airflow/.local/lib/python3.12/site-packages/airflow/example_dags/example_branch_labels.py for tasks to queue
[2026-05-19T08:12:41.296+0000] {logging_mixin.py:188} INFO - [2026-05-19T08:12:41.295+0000] {dagbag.py:545} INFO - Filling up the DagBag from /home/airflow/.local/lib/python3.12/site-packages/airflow/example_dags/example_branch_labels.py
[2026-05-19T08:12:41.307+0000] {processor.py:840} INFO - DAG(s) 'example_branch_labels' retrieved from /home/airflow/.local/lib/python3.12/site-packages/airflow/example_dags/example_branch_labels.py
[2026-05-19T08:12:41.341+0000] {logging_mixin.py:188} INFO - [2026-05-19T08:12:41.341+0000] {dag.py:3089} INFO - Sync 1 DAGs
[2026-05-19T08:12:41.376+0000] {logging_mixin.py:188} INFO - [2026-05-19T08:12:41.375+0000] {dag.py:3947} INFO - Setting next_dagrun for example_branch_labels to 2026-05-18 00:00:00+00:00, run_after=2026-05-19 00:00:00+00:00
[2026-05-19T08:12:41.411+0000] {processor.py:183} INFO - Processing /home/airflow/.local/lib/python3.12/site-packages/airflow/example_dags/example_branch_labels.py took 0.130 seconds
[2026-05-19T08:13:12.024+0000] {processor.py:161} INFO - Started process (PID=1720) to work on /home/airflow/.local/lib/python3.12/site-packages/airflow/example_dags/example_branch_labels.py
[2026-05-19T08:13:12.026+0000] {processor.py:830} INFO - Processing file /home/airflow/.local/lib/python3.12/site-packages/airflow/example_dags/example_branch_labels.py for tasks to queue
[2026-05-19T08:13:12.030+0000] {logging_mixin.py:188} INFO - [2026-05-19T08:13:12.029+0000] {dagbag.py:545} INFO - Filling up the DagBag from /home/airflow/.local/lib/python3.12/site-packages/airflow/example_dags/example_branch_labels.py
[2026-05-19T08:13:12.042+0000] {processor.py:840} INFO - DAG(s) 'example_branch_labels' retrieved from /home/airflow/.local/lib/python3.12/site-packages/airflow/example_dags/example_branch_labels.py
[2026-05-19T08:13:12.100+0000] {logging_mixin.py:188} INFO - [2026-05-19T08:13:12.100+0000] {dag.py:3089} INFO - Sync 1 DAGs
[2026-05-19T08:13:12.331+0000] {logging_mixin.py:188} INFO - [2026-05-19T08:13:12.331+0000] {dag.py:3947} INFO - Setting next_dagrun for example_branch_labels to 2026-05-18 00:00:00+00:00, run_after=2026-05-19 00:00:00+00:00
[2026-05-19T08:13:12.359+0000] {processor.py:183} INFO - Processing /home/airflow/.local/lib/python3.12/site-packages/airflow/example_dags/example_branch_labels.py took 0.345 seconds
[2026-05-19T08:13:43.320+0000] {processor.py:161} INFO - Started process (PID=1778) to work on /home/airflow/.local/lib/python3.12/site-packages/airflow/example_dags/example_branch_labels.py
[2026-05-19T08:13:43.323+0000] {processor.py:830} INFO - Processing file /home/airflow/.local/lib/python3.12/site-packages/airflow/example_dags/example_branch_labels.py for tasks to queue
[2026-05-19T08:13:43.336+0000] {logging_mixin.py:188} INFO - [2026-05-19T08:13:43.335+0000] {dagbag.py:545} INFO - Filling up the DagBag from /home/airflow/.local/lib/python3.12/site-packages/airflow/example_dags/example_branch_labels.py
[2026-05-19T08:13:43.364+0000] {processor.py:840} INFO - DAG(s) 'example_branch_labels' retrieved from /home/airflow/.local/lib/python3.12/site-packages/airflow/example_dags/example_branch_labels.py
[2026-05-19T08:13:43.430+0000] {logging_mixin.py:188} INFO - [2026-05-19T08:13:43.429+0000] {dag.py:3089} INFO - Sync 1 DAGs
[2026-05-19T08:13:43.751+0000] {logging_mixin.py:188} INFO - [2026-05-19T08:13:43.751+0000] {dag.py:3947} INFO - Setting next_dagrun for example_branch_labels to 2026-05-18 00:00:00+00:00, run_after=2026-05-19 00:00:00+00:00
[2026-05-19T08:13:43.787+0000] {processor.py:183} INFO - Processing /home/airflow/.local/lib/python3.12/site-packages/airflow/example_dags/example_branch_labels.py took 0.482 seconds
[2026-05-19T08:14:14.450+0000] {processor.py:161} INFO - Started process (PID=1835) to work on /home/airflow/.local/lib/python3.12/site-packages/airflow/example_dags/example_branch_labels.py
[2026-05-19T08:14:14.452+0000] {processor.py:830} INFO - Processing file /home/airflow/.local/lib/python3.12/site-packages/airflow/example_dags/example_branch_labels.py for tasks to queue
[2026-05-19T08:14:14.463+0000] {logging_mixin.py:188} INFO - [2026-05-19T08:14:14.461+0000] {dagbag.py:545} INFO - Filling up the DagBag from /home/airflow/.local/lib/python3.12/site-packages/airflow/example_dags/example_branch_labels.py
[2026-05-19T08:14:14.477+0000] {processor.py:840} INFO - DAG(s) 'example_branch_labels' retrieved from /home/airflow/.local/lib/python3.12/site-packages/airflow/example_dags/example_branch_labels.py
[2026-05-19T08:14:14.532+0000] {logging_mixin.py:188} INFO - [2026-05-19T08:14:14.532+0000] {dag.py:3089} INFO - Sync 1 DAGs
[2026-05-19T08:14:14.586+0000] {logging_mixin.py:188} INFO - [2026-05-19T08:14:14.585+0000] {dag.py:3947} INFO - Setting next_dagrun for example_branch_labels to 2026-05-18 00:00:00+00:00, run_after=2026-05-19 00:00:00+00:00
[2026-05-19T08:14:14.860+0000] {processor.py:183} INFO - Processing /home/airflow/.local/lib/python3.12/site-packages/airflow/example_dags/example_branch_labels.py took 0.421 seconds
[2026-05-19T08:14:45.579+0000] {processor.py:161} INFO - Started process (PID=1893) to work on /home/airflow/.local/lib/python3.12/site-packages/airflow/example_dags/example_branch_labels.py
[2026-05-19T08:14:45.581+0000] {processor.py:830} INFO - Processing file /home/airflow/.local/lib/python3.12/site-packages/airflow/example_dags/example_branch_labels.py for tasks to queue
[2026-05-19T08:14:45.586+0000] {logging_mixin.py:188} INFO - [2026-05-19T08:14:45.586+0000] {dagbag.py:545} INFO - Filling up the DagBag from /home/airflow/.local/lib/python3.12/site-packages/airflow/example_dags/example_branch_labels.py
[2026-05-19T08:14:45.604+0000] {processor.py:840} INFO - DAG(s) 'example_branch_labels' retrieved from /home/airflow/.local/lib/python3.12/site-packages/airflow/example_dags/example_branch_labels.py
[2026-05-19T08:14:45.642+0000] {logging_mixin.py:188} INFO - [2026-05-19T08:14:45.641+0000] {dag.py:3089} INFO - Sync 1 DAGs
[2026-05-19T08:14:45.682+0000] {logging_mixin.py:188} INFO - [2026-05-19T08:14:45.682+0000] {dag.py:3947} INFO - Setting next_dagrun for example_branch_labels to 2026-05-18 00:00:00+00:00, run_after=2026-05-19 00:00:00+00:00
[2026-05-19T08:14:45.724+0000] {processor.py:183} INFO - Processing /home/airflow/.local/lib/python3.12/site-packages/airflow/example_dags/example_branch_labels.py took 0.156 seconds
[2026-05-19T08:15:25.111+0000] {processor.py:161} INFO - Started process (PID=1956) to work on /home/airflow/.local/lib/python3.12/site-packages/airflow/example_dags/example_branch_labels.py
[2026-05-19T08:15:25.114+0000] {processor.py:830} INFO - Processing file /home/airflow/.local/lib/python3.12/site-packages/airflow/example_dags/example_branch_labels.py for tasks to queue
[2026-05-19T08:15:25.127+0000] {logging_mixin.py:188} INFO - [2026-05-19T08:15:25.125+0000] {dagbag.py:545} INFO - Filling up the DagBag from /home/airflow/.local/lib/python3.12/site-packages/airflow/example_dags/example_branch_labels.py
[2026-05-19T08:15:25.149+0000] {processor.py:840} INFO - DAG(s) 'example_branch_labels' retrieved from /home/airflow/.local/lib/python3.12/site-packages/airflow/example_dags/example_branch_labels.py
[2026-05-19T08:15:25.239+0000] {logging_mixin.py:188} INFO - [2026-05-19T08:15:25.236+0000] {dag.py:3089} INFO - Sync 1 DAGs
[2026-05-19T08:15:25.371+0000] {logging_mixin.py:188} INFO - [2026-05-19T08:15:25.370+0000] {dag.py:3947} INFO - Setting next_dagrun for example_branch_labels to 2026-05-18 00:00:00+00:00, run_after=2026-05-19 00:00:00+00:00
[2026-05-19T08:15:25.492+0000] {processor.py:183} INFO - Processing /home/airflow/.local/lib/python3.12/site-packages/airflow/example_dags/example_branch_labels.py took 0.401 seconds
[2026-05-19T08:15:56.014+0000] {processor.py:161} INFO - Started process (PID=2014) to work on /home/airflow/.local/lib/python3.12/site-packages/airflow/example_dags/example_branch_labels.py
[2026-05-19T08:15:56.020+0000] {processor.py:830} INFO - Processing file /home/airflow/.local/lib/python3.12/site-packages/airflow/example_dags/example_branch_labels.py for tasks to queue
[2026-05-19T08:15:56.029+0000] {logging_mixin.py:188} INFO - [2026-05-19T08:15:56.028+0000] {dagbag.py:545} INFO - Filling up the DagBag from /home/airflow/.local/lib/python3.12/site-packages/airflow/example_dags/example_branch_labels.py
[2026-05-19T08:15:56.057+0000] {processor.py:840} INFO - DAG(s) 'example_branch_labels' retrieved from /home/airflow/.local/lib/python3.12/site-packages/airflow/example_dags/example_branch_labels.py
[2026-05-19T08:15:56.142+0000] {logging_mixin.py:188} INFO - [2026-05-19T08:15:56.141+0000] {dag.py:3089} INFO - Sync 1 DAGs
[2026-05-19T08:15:56.227+0000] {logging_mixin.py:188} INFO - [2026-05-19T08:15:56.226+0000] {dag.py:3947} INFO - Setting next_dagrun for example_branch_labels to 2026-05-18 00:00:00+00:00, run_after=2026-05-19 00:00:00+00:00
[2026-05-19T08:15:56.291+0000] {processor.py:183} INFO - Processing /home/airflow/.local/lib/python3.12/site-packages/airflow/example_dags/example_branch_labels.py took 0.300 seconds
[2026-05-19T08:16:26.570+0000] {processor.py:161} INFO - Started process (PID=2072) to work on /home/airflow/.local/lib/python3.12/site-packages/airflow/example_dags/example_branch_labels.py
[2026-05-19T08:16:26.575+0000] {processor.py:830} INFO - Processing file /home/airflow/.local/lib/python3.12/site-packages/airflow/example_dags/example_branch_labels.py for tasks to queue
[2026-05-19T08:16:26.584+0000] {logging_mixin.py:188} INFO - [2026-05-19T08:16:26.583+0000] {dagbag.py:545} INFO - Filling up the DagBag from /home/airflow/.local/lib/python3.12/site-packages/airflow/example_dags/example_branch_labels.py
[2026-05-19T08:16:26.604+0000] {processor.py:840} INFO - DAG(s) 'example_branch_labels' retrieved from /home/airflow/.local/lib/python3.12/site-packages/airflow/example_dags/example_branch_labels.py
[2026-05-19T08:16:26.676+0000] {logging_mixin.py:188} INFO - [2026-05-19T08:16:26.675+0000] {dag.py:3089} INFO - Sync 1 DAGs
[2026-05-19T08:16:26.754+0000] {logging_mixin.py:188} INFO - [2026-05-19T08:16:26.754+0000] {dag.py:3947} INFO - Setting next_dagrun for example_branch_labels to 2026-05-18 00:00:00+00:00, run_after=2026-05-19 00:00:00+00:00
[2026-05-19T08:16:26.800+0000] {processor.py:183} INFO - Processing /home/airflow/.local/lib/python3.12/site-packages/airflow/example_dags/example_branch_labels.py took 0.248 seconds
[2026-05-19T08:16:57.548+0000] {processor.py:161} INFO - Started process (PID=2129) to work on /home/airflow/.local/lib/python3.12/site-packages/airflow/example_dags/example_branch_labels.py
[2026-05-19T08:16:57.550+0000] {processor.py:830} INFO - Processing file /home/airflow/.local/lib/python3.12/site-packages/airflow/example_dags/example_branch_labels.py for tasks to queue
[2026-05-19T08:16:57.553+0000] {logging_mixin.py:188} INFO - [2026-05-19T08:16:57.553+0000] {dagbag.py:545} INFO - Filling up the DagBag from /home/airflow/.local/lib/python3.12/site-packages/airflow/example_dags/example_branch_labels.py
[2026-05-19T08:16:57.566+0000] {processor.py:840} INFO - DAG(s) 'example_branch_labels' retrieved from /home/airflow/.local/lib/python3.12/site-packages/airflow/example_dags/example_branch_labels.py
[2026-05-19T08:16:57.604+0000] {logging_mixin.py:188} INFO - [2026-05-19T08:16:57.604+0000] {dag.py:3089} INFO - Sync 1 DAGs
[2026-05-19T08:16:57.645+0000] {logging_mixin.py:188} INFO - [2026-05-19T08:16:57.644+0000] {dag.py:3947} INFO - Setting next_dagrun for example_branch_labels to 2026-05-18 00:00:00+00:00, run_after=2026-05-19 00:00:00+00:00
[2026-05-19T08:16:57.679+0000] {processor.py:183} INFO - Processing /home/airflow/.local/lib/python3.12/site-packages/airflow/example_dags/example_branch_labels.py took 0.142 seconds
[2026-05-19T08:17:27.883+0000] {processor.py:161} INFO - Started process (PID=2187) to work on /home/airflow/.local/lib/python3.12/site-packages/airflow/example_dags/example_branch_labels.py
[2026-05-19T08:17:27.886+0000] {processor.py:830} INFO - Processing file /home/airflow/.local/lib/python3.12/site-packages/airflow/example_dags/example_branch_labels.py for tasks to queue
[2026-05-19T08:17:27.892+0000] {logging_mixin.py:188} INFO - [2026-05-19T08:17:27.891+0000] {dagbag.py:545} INFO - Filling up the DagBag from /home/airflow/.local/lib/python3.12/site-packages/airflow/example_dags/example_branch_labels.py
[2026-05-19T08:17:27.906+0000] {processor.py:840} INFO - DAG(s) 'example_branch_labels' retrieved from /home/airflow/.local/lib/python3.12/site-packages/airflow/example_dags/example_branch_labels.py
[2026-05-19T08:17:27.943+0000] {logging_mixin.py:188} INFO - [2026-05-19T08:17:27.942+0000] {dag.py:3089} INFO - Sync 1 DAGs
[2026-05-19T08:17:27.985+0000] {logging_mixin.py:188} INFO - [2026-05-19T08:17:27.984+0000] {dag.py:3947} INFO - Setting next_dagrun for example_branch_labels to 2026-05-18 00:00:00+00:00, run_after=2026-05-19 00:00:00+00:00
[2026-05-19T08:17:28.018+0000] {processor.py:183} INFO - Processing /home/airflow/.local/lib/python3.12/site-packages/airflow/example_dags/example_branch_labels.py took 0.145 seconds
[2026-05-19T08:17:58.186+0000] {processor.py:161} INFO - Started process (PID=2245) to work on /home/airflow/.local/lib/python3.12/site-packages/airflow/example_dags/example_branch_labels.py
[2026-05-19T08:17:58.188+0000] {processor.py:830} INFO - Processing file /home/airflow/.local/lib/python3.12/site-packages/airflow/example_dags/example_branch_labels.py for tasks to queue
[2026-05-19T08:17:58.193+0000] {logging_mixin.py:188} INFO - [2026-05-19T08:17:58.192+0000] {dagbag.py:545} INFO - Filling up the DagBag from /home/airflow/.local/lib/python3.12/site-packages/airflow/example_dags/example_branch_labels.py
[2026-05-19T08:17:58.205+0000] {processor.py:840} INFO - DAG(s) 'example_branch_labels' retrieved from /home/airflow/.local/lib/python3.12/site-packages/airflow/example_dags/example_branch_labels.py
[2026-05-19T08:17:58.244+0000] {logging_mixin.py:188} INFO - [2026-05-19T08:17:58.243+0000] {dag.py:3089} INFO - Sync 1 DAGs
[2026-05-19T08:17:58.296+0000] {logging_mixin.py:188} INFO - [2026-05-19T08:17:58.296+0000] {dag.py:3947} INFO - Setting next_dagrun for example_branch_labels to 2026-05-18 00:00:00+00:00, run_after=2026-05-19 00:00:00+00:00
[2026-05-19T08:17:58.324+0000] {processor.py:183} INFO - Processing /home/airflow/.local/lib/python3.12/site-packages/airflow/example_dags/example_branch_labels.py took 0.148 seconds
[2026-05-19T08:18:28.766+0000] {processor.py:161} INFO - Started process (PID=2302) to work on /home/airflow/.local/lib/python3.12/site-packages/airflow/example_dags/example_branch_labels.py
[2026-05-19T08:18:28.768+0000] {processor.py:830} INFO - Processing file /home/airflow/.local/lib/python3.12/site-packages/airflow/example_dags/example_branch_labels.py for tasks to queue
[2026-05-19T08:18:28.772+0000] {logging_mixin.py:188} INFO - [2026-05-19T08:18:28.771+0000] {dagbag.py:545} INFO - Filling up the DagBag from /home/airflow/.local/lib/python3.12/site-packages/airflow/example_dags/example_branch_labels.py
[2026-05-19T08:18:28.784+0000] {processor.py:840} INFO - DAG(s) 'example_branch_labels' retrieved from /home/airflow/.local/lib/python3.12/site-packages/airflow/example_dags/example_branch_labels.py
[2026-05-19T08:18:28.816+0000] {logging_mixin.py:188} INFO - [2026-05-19T08:18:28.815+0000] {dag.py:3089} INFO - Sync 1 DAGs
[2026-05-19T08:18:28.851+0000] {logging_mixin.py:188} INFO - [2026-05-19T08:18:28.850+0000] {dag.py:3947} INFO - Setting next_dagrun for example_branch_labels to 2026-05-18 00:00:00+00:00, run_after=2026-05-19 00:00:00+00:00
[2026-05-19T08:18:28.883+0000] {processor.py:183} INFO - Processing /home/airflow/.local/lib/python3.12/site-packages/airflow/example_dags/example_branch_labels.py took 0.126 seconds
[2026-05-19T08:18:59.212+0000] {processor.py:161} INFO - Started process (PID=2361) to work on /home/airflow/.local/lib/python3.12/site-packages/airflow/example_dags/example_branch_labels.py
[2026-05-19T08:18:59.214+0000] {processor.py:830} INFO - Processing file /home/airflow/.local/lib/python3.12/site-packages/airflow/example_dags/example_branch_labels.py for tasks to queue
[2026-05-19T08:18:59.219+0000] {logging_mixin.py:188} INFO - [2026-05-19T08:18:59.218+0000] {dagbag.py:545} INFO - Filling up the DagBag from /home/airflow/.local/lib/python3.12/site-packages/airflow/example_dags/example_branch_labels.py
[2026-05-19T08:18:59.231+0000] {processor.py:840} INFO - DAG(s) 'example_branch_labels' retrieved from /home/airflow/.local/lib/python3.12/site-packages/airflow/example_dags/example_branch_labels.py
[2026-05-19T08:18:59.285+0000] {logging_mixin.py:188} INFO - [2026-05-19T08:18:59.284+0000] {dag.py:3089} INFO - Sync 1 DAGs
[2026-05-19T08:18:59.374+0000] {logging_mixin.py:188} INFO - [2026-05-19T08:18:59.373+0000] {dag.py:3947} INFO - Setting next_dagrun for example_branch_labels to 2026-05-18 00:00:00+00:00, run_after=2026-05-19 00:00:00+00:00
[2026-05-19T08:18:59.442+0000] {processor.py:183} INFO - Processing /home/airflow/.local/lib/python3.12/site-packages/airflow/example_dags/example_branch_labels.py took 0.241 seconds
[2026-05-19T08:19:29.883+0000] {processor.py:161} INFO - Started process (PID=2419) to work on /home/airflow/.local/lib/python3.12/site-packages/airflow/example_dags/example_branch_labels.py
[2026-05-19T08:19:29.885+0000] {processor.py:830} INFO - Processing file /home/airflow/.local/lib/python3.12/site-packages/airflow/example_dags/example_branch_labels.py for tasks to queue
[2026-05-19T08:19:29.890+0000] {logging_mixin.py:188} INFO - [2026-05-19T08:19:29.890+0000] {dagbag.py:545} INFO - Filling up the DagBag from /home/airflow/.local/lib/python3.12/site-packages/airflow/example_dags/example_branch_labels.py
[2026-05-19T08:19:29.906+0000] {processor.py:840} INFO - DAG(s) 'example_branch_labels' retrieved from /home/airflow/.local/lib/python3.12/site-packages/airflow/example_dags/example_branch_labels.py
[2026-05-19T08:19:29.944+0000] {logging_mixin.py:188} INFO - [2026-05-19T08:19:29.943+0000] {dag.py:3089} INFO - Sync 1 DAGs
[2026-05-19T08:19:29.991+0000] {logging_mixin.py:188} INFO - [2026-05-19T08:19:29.991+0000] {dag.py:3947} INFO - Setting next_dagrun for example_branch_labels to 2026-05-18 00:00:00+00:00, run_after=2026-05-19 00:00:00+00:00
[2026-05-19T08:19:30.030+0000] {processor.py:183} INFO - Processing /home/airflow/.local/lib/python3.12/site-packages/airflow/example_dags/example_branch_labels.py took 0.158 seconds
[2026-05-19T08:20:00.287+0000] {processor.py:161} INFO - Started process (PID=2478) to work on /home/airflow/.local/lib/python3.12/site-packages/airflow/example_dags/example_branch_labels.py
[2026-05-19T08:20:00.289+0000] {processor.py:830} INFO - Processing file /home/airflow/.local/lib/python3.12/site-packages/airflow/example_dags/example_branch_labels.py for tasks to queue
[2026-05-19T08:20:00.295+0000] {logging_mixin.py:188} INFO - [2026-05-19T08:20:00.294+0000] {dagbag.py:545} INFO - Filling up the DagBag from /home/airflow/.local/lib/python3.12/site-packages/airflow/example_dags/example_branch_labels.py
[2026-05-19T08:20:00.312+0000] {processor.py:840} INFO - DAG(s) 'example_branch_labels' retrieved from /home/airflow/.local/lib/python3.12/site-packages/airflow/example_dags/example_branch_labels.py
[2026-05-19T08:20:00.346+0000] {logging_mixin.py:188} INFO - [2026-05-19T08:20:00.345+0000] {dag.py:3089} INFO - Sync 1 DAGs
[2026-05-19T08:20:00.384+0000] {logging_mixin.py:188} INFO - [2026-05-19T08:20:00.383+0000] {dag.py:3947} INFO - Setting next_dagrun for example_branch_labels to 2026-05-18 00:00:00+00:00, run_after=2026-05-19 00:00:00+00:00
[2026-05-19T08:20:00.415+0000] {processor.py:183} INFO - Processing /home/airflow/.local/lib/python3.12/site-packages/airflow/example_dags/example_branch_labels.py took 0.139 seconds
[2026-05-19T08:20:30.555+0000] {processor.py:161} INFO - Started process (PID=2537) to work on /home/airflow/.local/lib/python3.12/site-packages/airflow/example_dags/example_branch_labels.py
[2026-05-19T08:20:30.557+0000] {processor.py:830} INFO - Processing file /home/airflow/.local/lib/python3.12/site-packages/airflow/example_dags/example_branch_labels.py for tasks to queue
[2026-05-19T08:20:30.565+0000] {logging_mixin.py:188} INFO - [2026-05-19T08:20:30.564+0000] {dagbag.py:545} INFO - Filling up the DagBag from /home/airflow/.local/lib/python3.12/site-packages/airflow/example_dags/example_branch_labels.py
[2026-05-19T08:20:30.583+0000] {processor.py:840} INFO - DAG(s) 'example_branch_labels' retrieved from /home/airflow/.local/lib/python3.12/site-packages/airflow/example_dags/example_branch_labels.py
[2026-05-19T08:20:30.621+0000] {logging_mixin.py:188} INFO - [2026-05-19T08:20:30.621+0000] {dag.py:3089} INFO - Sync 1 DAGs
[2026-05-19T08:20:30.659+0000] {logging_mixin.py:188} INFO - [2026-05-19T08:20:30.658+0000] {dag.py:3947} INFO - Setting next_dagrun for example_branch_labels to 2026-05-18 00:00:00+00:00, run_after=2026-05-19 00:00:00+00:00
[2026-05-19T08:20:30.687+0000] {processor.py:183} INFO - Processing /home/airflow/.local/lib/python3.12/site-packages/airflow/example_dags/example_branch_labels.py took 0.148 seconds
[2026-05-19T08:21:00.865+0000] {processor.py:161} INFO - Started process (PID=2596) to work on /home/airflow/.local/lib/python3.12/site-packages/airflow/example_dags/example_branch_labels.py
[2026-05-19T08:21:00.866+0000] {processor.py:830} INFO - Processing file /home/airflow/.local/lib/python3.12/site-packages/airflow/example_dags/example_branch_labels.py for tasks to queue
[2026-05-19T08:21:00.870+0000] {logging_mixin.py:188} INFO - [2026-05-19T08:21:00.870+0000] {dagbag.py:545} INFO - Filling up the DagBag from /home/airflow/.local/lib/python3.12/site-packages/airflow/example_dags/example_branch_labels.py
[2026-05-19T08:21:00.882+0000] {processor.py:840} INFO - DAG(s) 'example_branch_labels' retrieved from /home/airflow/.local/lib/python3.12/site-packages/airflow/example_dags/example_branch_labels.py
[2026-05-19T08:21:00.915+0000] {logging_mixin.py:188} INFO - [2026-05-19T08:21:00.915+0000] {dag.py:3089} INFO - Sync 1 DAGs
[2026-05-19T08:21:00.952+0000] {logging_mixin.py:188} INFO - [2026-05-19T08:21:00.951+0000] {dag.py:3947} INFO - Setting next_dagrun for example_branch_labels to 2026-05-18 00:00:00+00:00, run_after=2026-05-19 00:00:00+00:00
[2026-05-19T08:21:00.986+0000] {processor.py:183} INFO - Processing /home/airflow/.local/lib/python3.12/site-packages/airflow/example_dags/example_branch_labels.py took 0.130 seconds
[2026-05-19T08:21:31.365+0000] {processor.py:161} INFO - Started process (PID=2655) to work on /home/airflow/.local/lib/python3.12/site-packages/airflow/example_dags/example_branch_labels.py
[2026-05-19T08:21:31.367+0000] {processor.py:830} INFO - Processing file /home/airflow/.local/lib/python3.12/site-packages/airflow/example_dags/example_branch_labels.py for tasks to queue
[2026-05-19T08:21:31.371+0000] {logging_mixin.py:188} INFO - [2026-05-19T08:21:31.370+0000] {dagbag.py:545} INFO - Filling up the DagBag from /home/airflow/.local/lib/python3.12/site-packages/airflow/example_dags/example_branch_labels.py
[2026-05-19T08:21:31.389+0000] {processor.py:840} INFO - DAG(s) 'example_branch_labels' retrieved from /home/airflow/.local/lib/python3.12/site-packages/airflow/example_dags/example_branch_labels.py
[2026-05-19T08:21:31.431+0000] {logging_mixin.py:188} INFO - [2026-05-19T08:21:31.431+0000] {dag.py:3089} INFO - Sync 1 DAGs
[2026-05-19T08:21:31.479+0000] {logging_mixin.py:188} INFO - [2026-05-19T08:21:31.478+0000] {dag.py:3947} INFO - Setting next_dagrun for example_branch_labels to 2026-05-18 00:00:00+00:00, run_after=2026-05-19 00:00:00+00:00
[2026-05-19T08:21:31.512+0000] {processor.py:183} INFO - Processing /home/airflow/.local/lib/python3.12/site-packages/airflow/example_dags/example_branch_labels.py took 0.161 seconds
[2026-05-19T08:22:02.543+0000] {processor.py:161} INFO - Started process (PID=2714) to work on /home/airflow/.local/lib/python3.12/site-packages/airflow/example_dags/example_branch_labels.py
[2026-05-19T08:22:02.545+0000] {processor.py:830} INFO - Processing file /home/airflow/.local/lib/python3.12/site-packages/airflow/example_dags/example_branch_labels.py for tasks to queue
[2026-05-19T08:22:02.549+0000] {logging_mixin.py:188} INFO - [2026-05-19T08:22:02.548+0000] {dagbag.py:545} INFO - Filling up the DagBag from /home/airflow/.local/lib/python3.12/site-packages/airflow/example_dags/example_branch_labels.py
[2026-05-19T08:22:02.562+0000] {processor.py:840} INFO - DAG(s) 'example_branch_labels' retrieved from /home/airflow/.local/lib/python3.12/site-packages/airflow/example_dags/example_branch_labels.py
[2026-05-19T08:22:02.596+0000] {logging_mixin.py:188} INFO - [2026-05-19T08:22:02.596+0000] {dag.py:3089} INFO - Sync 1 DAGs
[2026-05-19T08:22:02.633+0000] {logging_mixin.py:188} INFO - [2026-05-19T08:22:02.633+0000] {dag.py:3947} INFO - Setting next_dagrun for example_branch_labels to 2026-05-18 00:00:00+00:00, run_after=2026-05-19 00:00:00+00:00
[2026-05-19T08:22:02.668+0000] {processor.py:183} INFO - Processing /home/airflow/.local/lib/python3.12/site-packages/airflow/example_dags/example_branch_labels.py took 0.136 seconds
[2026-05-19T08:22:32.797+0000] {processor.py:161} INFO - Started process (PID=2772) to work on /home/airflow/.local/lib/python3.12/site-packages/airflow/example_dags/example_branch_labels.py
[2026-05-19T08:22:32.798+0000] {processor.py:830} INFO - Processing file /home/airflow/.local/lib/python3.12/site-packages/airflow/example_dags/example_branch_labels.py for tasks to queue
[2026-05-19T08:22:32.803+0000] {logging_mixin.py:188} INFO - [2026-05-19T08:22:32.803+0000] {dagbag.py:545} INFO - Filling up the DagBag from /home/airflow/.local/lib/python3.12/site-packages/airflow/example_dags/example_branch_labels.py
[2026-05-19T08:22:32.816+0000] {processor.py:840} INFO - DAG(s) 'example_branch_labels' retrieved from /home/airflow/.local/lib/python3.12/site-packages/airflow/example_dags/example_branch_labels.py
[2026-05-19T08:22:32.855+0000] {logging_mixin.py:188} INFO - [2026-05-19T08:22:32.855+0000] {dag.py:3089} INFO - Sync 1 DAGs
[2026-05-19T08:22:32.892+0000] {logging_mixin.py:188} INFO - [2026-05-19T08:22:32.891+0000] {dag.py:3947} INFO - Setting next_dagrun for example_branch_labels to 2026-05-18 00:00:00+00:00, run_after=2026-05-19 00:00:00+00:00
[2026-05-19T08:22:32.925+0000] {processor.py:183} INFO - Processing /home/airflow/.local/lib/python3.12/site-packages/airflow/example_dags/example_branch_labels.py took 0.140 seconds
[2026-05-19T08:23:03.730+0000] {processor.py:161} INFO - Started process (PID=2831) to work on /home/airflow/.local/lib/python3.12/site-packages/airflow/example_dags/example_branch_labels.py
[2026-05-19T08:23:03.733+0000] {processor.py:830} INFO - Processing file /home/airflow/.local/lib/python3.12/site-packages/airflow/example_dags/example_branch_labels.py for tasks to queue
[2026-05-19T08:23:03.744+0000] {logging_mixin.py:188} INFO - [2026-05-19T08:23:03.743+0000] {dagbag.py:545} INFO - Filling up the DagBag from /home/airflow/.local/lib/python3.12/site-packages/airflow/example_dags/example_branch_labels.py
[2026-05-19T08:23:03.764+0000] {processor.py:840} INFO - DAG(s) 'example_branch_labels' retrieved from /home/airflow/.local/lib/python3.12/site-packages/airflow/example_dags/example_branch_labels.py
[2026-05-19T08:23:03.812+0000] {logging_mixin.py:188} INFO - [2026-05-19T08:23:03.811+0000] {dag.py:3089} INFO - Sync 1 DAGs
[2026-05-19T08:23:03.884+0000] {logging_mixin.py:188} INFO - [2026-05-19T08:23:03.881+0000] {dag.py:3947} INFO - Setting next_dagrun for example_branch_labels to 2026-05-18 00:00:00+00:00, run_after=2026-05-19 00:00:00+00:00
[2026-05-19T08:23:03.966+0000] {processor.py:183} INFO - Processing /home/airflow/.local/lib/python3.12/site-packages/airflow/example_dags/example_branch_labels.py took 0.250 seconds
[2026-05-19T08:23:34.189+0000] {processor.py:161} INFO - Started process (PID=2890) to work on /home/airflow/.local/lib/python3.12/site-packages/airflow/example_dags/example_branch_labels.py
[2026-05-19T08:23:34.191+0000] {processor.py:830} INFO - Processing file /home/airflow/.local/lib/python3.12/site-packages/airflow/example_dags/example_branch_labels.py for tasks to queue
[2026-05-19T08:23:34.196+0000] {logging_mixin.py:188} INFO - [2026-05-19T08:23:34.196+0000] {dagbag.py:545} INFO - Filling up the DagBag from /home/airflow/.local/lib/python3.12/site-packages/airflow/example_dags/example_branch_labels.py
[2026-05-19T08:23:34.212+0000] {processor.py:840} INFO - DAG(s) 'example_branch_labels' retrieved from /home/airflow/.local/lib/python3.12/site-packages/airflow/example_dags/example_branch_labels.py
[2026-05-19T08:23:34.249+0000] {logging_mixin.py:188} INFO - [2026-05-19T08:23:34.249+0000] {dag.py:3089} INFO - Sync 1 DAGs
[2026-05-19T08:23:34.287+0000] {logging_mixin.py:188} INFO - [2026-05-19T08:23:34.287+0000] {dag.py:3947} INFO - Setting next_dagrun for example_branch_labels to 2026-05-18 00:00:00+00:00, run_after=2026-05-19 00:00:00+00:00
[2026-05-19T08:23:34.330+0000] {processor.py:183} INFO - Processing /home/airflow/.local/lib/python3.12/site-packages/airflow/example_dags/example_branch_labels.py took 0.150 seconds
[2026-05-19T08:24:04.798+0000] {processor.py:161} INFO - Started process (PID=2949) to work on /home/airflow/.local/lib/python3.12/site-packages/airflow/example_dags/example_branch_labels.py
[2026-05-19T08:24:04.800+0000] {processor.py:830} INFO - Processing file /home/airflow/.local/lib/python3.12/site-packages/airflow/example_dags/example_branch_labels.py for tasks to queue
[2026-05-19T08:24:04.805+0000] {logging_mixin.py:188} INFO - [2026-05-19T08:24:04.805+0000] {dagbag.py:545} INFO - Filling up the DagBag from /home/airflow/.local/lib/python3.12/site-packages/airflow/example_dags/example_branch_labels.py
[2026-05-19T08:24:04.818+0000] {processor.py:840} INFO - DAG(s) 'example_branch_labels' retrieved from /home/airflow/.local/lib/python3.12/site-packages/airflow/example_dags/example_branch_labels.py
[2026-05-19T08:24:04.873+0000] {logging_mixin.py:188} INFO - [2026-05-19T08:24:04.872+0000] {dag.py:3089} INFO - Sync 1 DAGs
[2026-05-19T08:24:04.952+0000] {logging_mixin.py:188} INFO - [2026-05-19T08:24:04.951+0000] {dag.py:3947} INFO - Setting next_dagrun for example_branch_labels to 2026-05-18 00:00:00+00:00, run_after=2026-05-19 00:00:00+00:00
[2026-05-19T08:24:05.012+0000] {processor.py:183} INFO - Processing /home/airflow/.local/lib/python3.12/site-packages/airflow/example_dags/example_branch_labels.py took 0.226 seconds
[2026-05-19T08:24:35.442+0000] {processor.py:161} INFO - Started process (PID=3008) to work on /home/airflow/.local/lib/python3.12/site-packages/airflow/example_dags/example_branch_labels.py
[2026-05-19T08:24:35.444+0000] {processor.py:830} INFO - Processing file /home/airflow/.local/lib/python3.12/site-packages/airflow/example_dags/example_branch_labels.py for tasks to queue
[2026-05-19T08:24:35.451+0000] {logging_mixin.py:188} INFO - [2026-05-19T08:24:35.450+0000] {dagbag.py:545} INFO - Filling up the DagBag from /home/airflow/.local/lib/python3.12/site-packages/airflow/example_dags/example_branch_labels.py
[2026-05-19T08:24:35.468+0000] {processor.py:840} INFO - DAG(s) 'example_branch_labels' retrieved from /home/airflow/.local/lib/python3.12/site-packages/airflow/example_dags/example_branch_labels.py
[2026-05-19T08:24:35.518+0000] {logging_mixin.py:188} INFO - [2026-05-19T08:24:35.518+0000] {dag.py:3089} INFO - Sync 1 DAGs
[2026-05-19T08:24:35.569+0000] {logging_mixin.py:188} INFO - [2026-05-19T08:24:35.568+0000] {dag.py:3947} INFO - Setting next_dagrun for example_branch_labels to 2026-05-18 00:00:00+00:00, run_after=2026-05-19 00:00:00+00:00
[2026-05-19T08:24:35.611+0000] {processor.py:183} INFO - Processing /home/airflow/.local/lib/python3.12/site-packages/airflow/example_dags/example_branch_labels.py took 0.183 seconds
[2026-05-19T08:25:06.761+0000] {processor.py:161} INFO - Started process (PID=3067) to work on /home/airflow/.local/lib/python3.12/site-packages/airflow/example_dags/example_branch_labels.py
[2026-05-19T08:25:06.764+0000] {processor.py:830} INFO - Processing file /home/airflow/.local/lib/python3.12/site-packages/airflow/example_dags/example_branch_labels.py for tasks to queue
[2026-05-19T08:25:06.772+0000] {logging_mixin.py:188} INFO - [2026-05-19T08:25:06.771+0000] {dagbag.py:545} INFO - Filling up the DagBag from /home/airflow/.local/lib/python3.12/site-packages/airflow/example_dags/example_branch_labels.py
[2026-05-19T08:25:06.794+0000] {processor.py:840} INFO - DAG(s) 'example_branch_labels' retrieved from /home/airflow/.local/lib/python3.12/site-packages/airflow/example_dags/example_branch_labels.py
[2026-05-19T08:25:06.853+0000] {logging_mixin.py:188} INFO - [2026-05-19T08:25:06.853+0000] {dag.py:3089} INFO - Sync 1 DAGs
[2026-05-19T08:25:06.968+0000] {logging_mixin.py:188} INFO - [2026-05-19T08:25:06.967+0000] {dag.py:3947} INFO - Setting next_dagrun for example_branch_labels to 2026-05-18 00:00:00+00:00, run_after=2026-05-19 00:00:00+00:00
[2026-05-19T08:25:07.034+0000] {processor.py:183} INFO - Processing /home/airflow/.local/lib/python3.12/site-packages/airflow/example_dags/example_branch_labels.py took 0.290 seconds
[2026-05-19T08:25:37.725+0000] {processor.py:161} INFO - Started process (PID=3126) to work on /home/airflow/.local/lib/python3.12/site-packages/airflow/example_dags/example_branch_labels.py
[2026-05-19T08:25:37.729+0000] {processor.py:830} INFO - Processing file /home/airflow/.local/lib/python3.12/site-packages/airflow/example_dags/example_branch_labels.py for tasks to queue
[2026-05-19T08:25:37.744+0000] {logging_mixin.py:188} INFO - [2026-05-19T08:25:37.741+0000] {dagbag.py:545} INFO - Filling up the DagBag from /home/airflow/.local/lib/python3.12/site-packages/airflow/example_dags/example_branch_labels.py
[2026-05-19T08:25:37.783+0000] {processor.py:840} INFO - DAG(s) 'example_branch_labels' retrieved from /home/airflow/.local/lib/python3.12/site-packages/airflow/example_dags/example_branch_labels.py
[2026-05-19T08:25:37.946+0000] {logging_mixin.py:188} INFO - [2026-05-19T08:25:37.945+0000] {dag.py:3089} INFO - Sync 1 DAGs
[2026-05-19T08:25:38.024+0000] {logging_mixin.py:188} INFO - [2026-05-19T08:25:38.023+0000] {dag.py:3947} INFO - Setting next_dagrun for example_branch_labels to 2026-05-18 00:00:00+00:00, run_after=2026-05-19 00:00:00+00:00
[2026-05-19T08:25:38.104+0000] {processor.py:183} INFO - Processing /home/airflow/.local/lib/python3.12/site-packages/airflow/example_dags/example_branch_labels.py took 0.414 seconds
[2026-05-19T08:26:08.680+0000] {processor.py:161} INFO - Started process (PID=3185) to work on /home/airflow/.local/lib/python3.12/site-packages/airflow/example_dags/example_branch_labels.py
[2026-05-19T08:26:08.682+0000] {processor.py:830} INFO - Processing file /home/airflow/.local/lib/python3.12/site-packages/airflow/example_dags/example_branch_labels.py for tasks to queue
[2026-05-19T08:26:08.691+0000] {logging_mixin.py:188} INFO - [2026-05-19T08:26:08.690+0000] {dagbag.py:545} INFO - Filling up the DagBag from /home/airflow/.local/lib/python3.12/site-packages/airflow/example_dags/example_branch_labels.py
[2026-05-19T08:26:08.726+0000] {processor.py:840} INFO - DAG(s) 'example_branch_labels' retrieved from /home/airflow/.local/lib/python3.12/site-packages/airflow/example_dags/example_branch_labels.py
[2026-05-19T08:26:08.778+0000] {logging_mixin.py:188} INFO - [2026-05-19T08:26:08.778+0000] {dag.py:3089} INFO - Sync 1 DAGs
[2026-05-19T08:26:08.843+0000] {logging_mixin.py:188} INFO - [2026-05-19T08:26:08.843+0000] {dag.py:3947} INFO - Setting next_dagrun for example_branch_labels to 2026-05-18 00:00:00+00:00, run_after=2026-05-19 00:00:00+00:00
[2026-05-19T08:26:08.894+0000] {processor.py:183} INFO - Processing /home/airflow/.local/lib/python3.12/site-packages/airflow/example_dags/example_branch_labels.py took 0.231 seconds
[2026-05-19T08:26:40.176+0000] {processor.py:161} INFO - Started process (PID=3245) to work on /home/airflow/.local/lib/python3.12/site-packages/airflow/example_dags/example_branch_labels.py
[2026-05-19T08:26:40.180+0000] {processor.py:830} INFO - Processing file /home/airflow/.local/lib/python3.12/site-packages/airflow/example_dags/example_branch_labels.py for tasks to queue
[2026-05-19T08:26:40.186+0000] {logging_mixin.py:188} INFO - [2026-05-19T08:26:40.185+0000] {dagbag.py:545} INFO - Filling up the DagBag from /home/airflow/.local/lib/python3.12/site-packages/airflow/example_dags/example_branch_labels.py
[2026-05-19T08:26:40.207+0000] {processor.py:840} INFO - DAG(s) 'example_branch_labels' retrieved from /home/airflow/.local/lib/python3.12/site-packages/airflow/example_dags/example_branch_labels.py
[2026-05-19T08:26:40.269+0000] {logging_mixin.py:188} INFO - [2026-05-19T08:26:40.269+0000] {dag.py:3089} INFO - Sync 1 DAGs
[2026-05-19T08:26:40.348+0000] {logging_mixin.py:188} INFO - [2026-05-19T08:26:40.347+0000] {dag.py:3947} INFO - Setting next_dagrun for example_branch_labels to 2026-05-18 00:00:00+00:00, run_after=2026-05-19 00:00:00+00:00
[2026-05-19T08:26:40.451+0000] {processor.py:183} INFO - Processing /home/airflow/.local/lib/python3.12/site-packages/airflow/example_dags/example_branch_labels.py took 0.292 seconds
[2026-05-19T08:27:11.221+0000] {processor.py:161} INFO - Started process (PID=3305) to work on /home/airflow/.local/lib/python3.12/site-packages/airflow/example_dags/example_branch_labels.py
[2026-05-19T08:27:11.223+0000] {processor.py:830} INFO - Processing file /home/airflow/.local/lib/python3.12/site-packages/airflow/example_dags/example_branch_labels.py for tasks to queue
[2026-05-19T08:27:11.228+0000] {logging_mixin.py:188} INFO - [2026-05-19T08:27:11.227+0000] {dagbag.py:545} INFO - Filling up the DagBag from /home/airflow/.local/lib/python3.12/site-packages/airflow/example_dags/example_branch_labels.py
[2026-05-19T08:27:11.243+0000] {processor.py:840} INFO - DAG(s) 'example_branch_labels' retrieved from /home/airflow/.local/lib/python3.12/site-packages/airflow/example_dags/example_branch_labels.py
[2026-05-19T08:27:11.286+0000] {logging_mixin.py:188} INFO - [2026-05-19T08:27:11.285+0000] {dag.py:3089} INFO - Sync 1 DAGs
[2026-05-19T08:27:11.352+0000] {logging_mixin.py:188} INFO - [2026-05-19T08:27:11.352+0000] {dag.py:3947} INFO - Setting next_dagrun for example_branch_labels to 2026-05-18 00:00:00+00:00, run_after=2026-05-19 00:00:00+00:00
[2026-05-19T08:27:11.426+0000] {processor.py:183} INFO - Processing /home/airflow/.local/lib/python3.12/site-packages/airflow/example_dags/example_branch_labels.py took 0.218 seconds
[2026-05-19T08:27:42.601+0000] {processor.py:161} INFO - Started process (PID=3364) to work on /home/airflow/.local/lib/python3.12/site-packages/airflow/example_dags/example_branch_labels.py
[2026-05-19T08:27:42.603+0000] {processor.py:830} INFO - Processing file /home/airflow/.local/lib/python3.12/site-packages/airflow/example_dags/example_branch_labels.py for tasks to queue
[2026-05-19T08:27:42.607+0000] {logging_mixin.py:188} INFO - [2026-05-19T08:27:42.607+0000] {dagbag.py:545} INFO - Filling up the DagBag from /home/airflow/.local/lib/python3.12/site-packages/airflow/example_dags/example_branch_labels.py
[2026-05-19T08:27:42.631+0000] {processor.py:840} INFO - DAG(s) 'example_branch_labels' retrieved from /home/airflow/.local/lib/python3.12/site-packages/airflow/example_dags/example_branch_labels.py
[2026-05-19T08:27:42.696+0000] {logging_mixin.py:188} INFO - [2026-05-19T08:27:42.695+0000] {dag.py:3089} INFO - Sync 1 DAGs
[2026-05-19T08:27:42.762+0000] {logging_mixin.py:188} INFO - [2026-05-19T08:27:42.761+0000] {dag.py:3947} INFO - Setting next_dagrun for example_branch_labels to 2026-05-18 00:00:00+00:00, run_after=2026-05-19 00:00:00+00:00
[2026-05-19T08:27:42.813+0000] {processor.py:183} INFO - Processing /home/airflow/.local/lib/python3.12/site-packages/airflow/example_dags/example_branch_labels.py took 0.229 seconds
[2026-05-19T08:28:14.023+0000] {processor.py:161} INFO - Started process (PID=3424) to work on /home/airflow/.local/lib/python3.12/site-packages/airflow/example_dags/example_branch_labels.py
[2026-05-19T08:28:14.025+0000] {processor.py:830} INFO - Processing file /home/airflow/.local/lib/python3.12/site-packages/airflow/example_dags/example_branch_labels.py for tasks to queue
[2026-05-19T08:28:14.029+0000] {logging_mixin.py:188} INFO - [2026-05-19T08:28:14.028+0000] {dagbag.py:545} INFO - Filling up the DagBag from /home/airflow/.local/lib/python3.12/site-packages/airflow/example_dags/example_branch_labels.py
[2026-05-19T08:28:14.048+0000] {processor.py:840} INFO - DAG(s) 'example_branch_labels' retrieved from /home/airflow/.local/lib/python3.12/site-packages/airflow/example_dags/example_branch_labels.py
[2026-05-19T08:28:14.105+0000] {logging_mixin.py:188} INFO - [2026-05-19T08:28:14.105+0000] {dag.py:3089} INFO - Sync 1 DAGs
[2026-05-19T08:28:14.160+0000] {logging_mixin.py:188} INFO - [2026-05-19T08:28:14.159+0000] {dag.py:3947} INFO - Setting next_dagrun for example_branch_labels to 2026-05-18 00:00:00+00:00, run_after=2026-05-19 00:00:00+00:00
[2026-05-19T08:28:14.216+0000] {processor.py:183} INFO - Processing /home/airflow/.local/lib/python3.12/site-packages/airflow/example_dags/example_branch_labels.py took 0.205 seconds
[2026-05-19T08:28:45.314+0000] {processor.py:161} INFO - Started process (PID=3482) to work on /home/airflow/.local/lib/python3.12/site-packages/airflow/example_dags/example_branch_labels.py
[2026-05-19T08:28:45.316+0000] {processor.py:830} INFO - Processing file /home/airflow/.local/lib/python3.12/site-packages/airflow/example_dags/example_branch_labels.py for tasks to queue
[2026-05-19T08:28:45.321+0000] {logging_mixin.py:188} INFO - [2026-05-19T08:28:45.319+0000] {dagbag.py:545} INFO - Filling up the DagBag from /home/airflow/.local/lib/python3.12/site-packages/airflow/example_dags/example_branch_labels.py
[2026-05-19T08:28:45.341+0000] {processor.py:840} INFO - DAG(s) 'example_branch_labels' retrieved from /home/airflow/.local/lib/python3.12/site-packages/airflow/example_dags/example_branch_labels.py
[2026-05-19T08:28:45.407+0000] {logging_mixin.py:188} INFO - [2026-05-19T08:28:45.407+0000] {dag.py:3089} INFO - Sync 1 DAGs
[2026-05-19T08:28:45.510+0000] {logging_mixin.py:188} INFO - [2026-05-19T08:28:45.509+0000] {dag.py:3947} INFO - Setting next_dagrun for example_branch_labels to 2026-05-18 00:00:00+00:00, run_after=2026-05-19 00:00:00+00:00
[2026-05-19T08:28:45.588+0000] {processor.py:183} INFO - Processing /home/airflow/.local/lib/python3.12/site-packages/airflow/example_dags/example_branch_labels.py took 0.294 seconds
[2026-05-19T08:29:15.879+0000] {processor.py:161} INFO - Started process (PID=3540) to work on /home/airflow/.local/lib/python3.12/site-packages/airflow/example_dags/example_branch_labels.py
[2026-05-19T08:29:15.881+0000] {processor.py:830} INFO - Processing file /home/airflow/.local/lib/python3.12/site-packages/airflow/example_dags/example_branch_labels.py for tasks to queue
[2026-05-19T08:29:15.885+0000] {logging_mixin.py:188} INFO - [2026-05-19T08:29:15.884+0000] {dagbag.py:545} INFO - Filling up the DagBag from /home/airflow/.local/lib/python3.12/site-packages/airflow/example_dags/example_branch_labels.py
[2026-05-19T08:29:15.899+0000] {processor.py:840} INFO - DAG(s) 'example_branch_labels' retrieved from /home/airflow/.local/lib/python3.12/site-packages/airflow/example_dags/example_branch_labels.py
[2026-05-19T08:29:15.949+0000] {logging_mixin.py:188} INFO - [2026-05-19T08:29:15.948+0000] {dag.py:3089} INFO - Sync 1 DAGs
[2026-05-19T08:29:15.996+0000] {logging_mixin.py:188} INFO - [2026-05-19T08:29:15.996+0000] {dag.py:3947} INFO - Setting next_dagrun for example_branch_labels to 2026-05-18 00:00:00+00:00, run_after=2026-05-19 00:00:00+00:00
[2026-05-19T08:29:16.034+0000] {processor.py:183} INFO - Processing /home/airflow/.local/lib/python3.12/site-packages/airflow/example_dags/example_branch_labels.py took 0.167 seconds
[2026-05-19T08:29:46.696+0000] {processor.py:161} INFO - Started process (PID=3599) to work on /home/airflow/.local/lib/python3.12/site-packages/airflow/example_dags/example_branch_labels.py
[2026-05-19T08:29:46.699+0000] {processor.py:830} INFO - Processing file /home/airflow/.local/lib/python3.12/site-packages/airflow/example_dags/example_branch_labels.py for tasks to queue
[2026-05-19T08:29:46.708+0000] {logging_mixin.py:188} INFO - [2026-05-19T08:29:46.707+0000] {dagbag.py:545} INFO - Filling up the DagBag from /home/airflow/.local/lib/python3.12/site-packages/airflow/example_dags/example_branch_labels.py
[2026-05-19T08:29:46.737+0000] {processor.py:840} INFO - DAG(s) 'example_branch_labels' retrieved from /home/airflow/.local/lib/python3.12/site-packages/airflow/example_dags/example_branch_labels.py
[2026-05-19T08:29:46.814+0000] {logging_mixin.py:188} INFO - [2026-05-19T08:29:46.813+0000] {dag.py:3089} INFO - Sync 1 DAGs
[2026-05-19T08:29:46.869+0000] {logging_mixin.py:188} INFO - [2026-05-19T08:29:46.869+0000] {dag.py:3947} INFO - Setting next_dagrun for example_branch_labels to 2026-05-18 00:00:00+00:00, run_after=2026-05-19 00:00:00+00:00
[2026-05-19T08:29:46.926+0000] {processor.py:183} INFO - Processing /home/airflow/.local/lib/python3.12/site-packages/airflow/example_dags/example_branch_labels.py took 0.249 seconds
[2026-05-19T08:30:17.710+0000] {processor.py:161} INFO - Started process (PID=3658) to work on /home/airflow/.local/lib/python3.12/site-packages/airflow/example_dags/example_branch_labels.py
[2026-05-19T08:30:17.713+0000] {processor.py:830} INFO - Processing file /home/airflow/.local/lib/python3.12/site-packages/airflow/example_dags/example_branch_labels.py for tasks to queue
[2026-05-19T08:30:17.717+0000] {logging_mixin.py:188} INFO - [2026-05-19T08:30:17.716+0000] {dagbag.py:545} INFO - Filling up the DagBag from /home/airflow/.local/lib/python3.12/site-packages/airflow/example_dags/example_branch_labels.py
[2026-05-19T08:30:17.732+0000] {processor.py:840} INFO - DAG(s) 'example_branch_labels' retrieved from /home/airflow/.local/lib/python3.12/site-packages/airflow/example_dags/example_branch_labels.py
[2026-05-19T08:30:17.778+0000] {logging_mixin.py:188} INFO - [2026-05-19T08:30:17.778+0000] {dag.py:3089} INFO - Sync 1 DAGs
[2026-05-19T08:30:17.825+0000] {logging_mixin.py:188} INFO - [2026-05-19T08:30:17.824+0000] {dag.py:3947} INFO - Setting next_dagrun for example_branch_labels to 2026-05-18 00:00:00+00:00, run_after=2026-05-19 00:00:00+00:00
[2026-05-19T08:30:17.863+0000] {processor.py:183} INFO - Processing /home/airflow/.local/lib/python3.12/site-packages/airflow/example_dags/example_branch_labels.py took 0.166 seconds
[2026-05-19T08:30:48.117+0000] {processor.py:161} INFO - Started process (PID=3716) to work on /home/airflow/.local/lib/python3.12/site-packages/airflow/example_dags/example_branch_labels.py
[2026-05-19T08:30:48.119+0000] {processor.py:830} INFO - Processing file /home/airflow/.local/lib/python3.12/site-packages/airflow/example_dags/example_branch_labels.py for tasks to queue
[2026-05-19T08:30:48.131+0000] {logging_mixin.py:188} INFO - [2026-05-19T08:30:48.130+0000] {dagbag.py:545} INFO - Filling up the DagBag from /home/airflow/.local/lib/python3.12/site-packages/airflow/example_dags/example_branch_labels.py
[2026-05-19T08:30:48.148+0000] {processor.py:840} INFO - DAG(s) 'example_branch_labels' retrieved from /home/airflow/.local/lib/python3.12/site-packages/airflow/example_dags/example_branch_labels.py
[2026-05-19T08:30:48.195+0000] {logging_mixin.py:188} INFO - [2026-05-19T08:30:48.195+0000] {dag.py:3089} INFO - Sync 1 DAGs
[2026-05-19T08:30:48.246+0000] {logging_mixin.py:188} INFO - [2026-05-19T08:30:48.245+0000] {dag.py:3947} INFO - Setting next_dagrun for example_branch_labels to 2026-05-18 00:00:00+00:00, run_after=2026-05-19 00:00:00+00:00
[2026-05-19T08:30:48.297+0000] {processor.py:183} INFO - Processing /home/airflow/.local/lib/python3.12/site-packages/airflow/example_dags/example_branch_labels.py took 0.192 seconds
[2026-05-19T08:31:18.675+0000] {processor.py:161} INFO - Started process (PID=3775) to work on /home/airflow/.local/lib/python3.12/site-packages/airflow/example_dags/example_branch_labels.py
[2026-05-19T08:31:18.677+0000] {processor.py:830} INFO - Processing file /home/airflow/.local/lib/python3.12/site-packages/airflow/example_dags/example_branch_labels.py for tasks to queue
[2026-05-19T08:31:18.681+0000] {logging_mixin.py:188} INFO - [2026-05-19T08:31:18.680+0000] {dagbag.py:545} INFO - Filling up the DagBag from /home/airflow/.local/lib/python3.12/site-packages/airflow/example_dags/example_branch_labels.py
[2026-05-19T08:31:18.692+0000] {processor.py:840} INFO - DAG(s) 'example_branch_labels' retrieved from /home/airflow/.local/lib/python3.12/site-packages/airflow/example_dags/example_branch_labels.py
[2026-05-19T08:31:18.731+0000] {logging_mixin.py:188} INFO - [2026-05-19T08:31:18.731+0000] {dag.py:3089} INFO - Sync 1 DAGs
[2026-05-19T08:31:18.770+0000] {logging_mixin.py:188} INFO - [2026-05-19T08:31:18.769+0000] {dag.py:3947} INFO - Setting next_dagrun for example_branch_labels to 2026-05-18 00:00:00+00:00, run_after=2026-05-19 00:00:00+00:00
[2026-05-19T08:31:18.803+0000] {processor.py:183} INFO - Processing /home/airflow/.local/lib/python3.12/site-packages/airflow/example_dags/example_branch_labels.py took 0.137 seconds
[2026-05-19T08:31:49.405+0000] {processor.py:161} INFO - Started process (PID=3835) to work on /home/airflow/.local/lib/python3.12/site-packages/airflow/example_dags/example_branch_labels.py
[2026-05-19T08:31:49.407+0000] {processor.py:830} INFO - Processing file /home/airflow/.local/lib/python3.12/site-packages/airflow/example_dags/example_branch_labels.py for tasks to queue
[2026-05-19T08:31:49.411+0000] {logging_mixin.py:188} INFO - [2026-05-19T08:31:49.410+0000] {dagbag.py:545} INFO - Filling up the DagBag from /home/airflow/.local/lib/python3.12/site-packages/airflow/example_dags/example_branch_labels.py
[2026-05-19T08:31:49.423+0000] {processor.py:840} INFO - DAG(s) 'example_branch_labels' retrieved from /home/airflow/.local/lib/python3.12/site-packages/airflow/example_dags/example_branch_labels.py
[2026-05-19T08:31:49.458+0000] {logging_mixin.py:188} INFO - [2026-05-19T08:31:49.458+0000] {dag.py:3089} INFO - Sync 1 DAGs
[2026-05-19T08:31:49.499+0000] {logging_mixin.py:188} INFO - [2026-05-19T08:31:49.498+0000] {dag.py:3947} INFO - Setting next_dagrun for example_branch_labels to 2026-05-18 00:00:00+00:00, run_after=2026-05-19 00:00:00+00:00
[2026-05-19T08:31:49.536+0000] {processor.py:183} INFO - Processing /home/airflow/.local/lib/python3.12/site-packages/airflow/example_dags/example_branch_labels.py took 0.141 seconds
[2026-05-19T08:32:19.862+0000] {processor.py:161} INFO - Started process (PID=3894) to work on /home/airflow/.local/lib/python3.12/site-packages/airflow/example_dags/example_branch_labels.py
[2026-05-19T08:32:19.864+0000] {processor.py:830} INFO - Processing file /home/airflow/.local/lib/python3.12/site-packages/airflow/example_dags/example_branch_labels.py for tasks to queue
[2026-05-19T08:32:19.867+0000] {logging_mixin.py:188} INFO - [2026-05-19T08:32:19.867+0000] {dagbag.py:545} INFO - Filling up the DagBag from /home/airflow/.local/lib/python3.12/site-packages/airflow/example_dags/example_branch_labels.py
[2026-05-19T08:32:19.884+0000] {processor.py:840} INFO - DAG(s) 'example_branch_labels' retrieved from /home/airflow/.local/lib/python3.12/site-packages/airflow/example_dags/example_branch_labels.py
[2026-05-19T08:32:19.937+0000] {logging_mixin.py:188} INFO - [2026-05-19T08:32:19.937+0000] {dag.py:3089} INFO - Sync 1 DAGs
[2026-05-19T08:32:20.000+0000] {logging_mixin.py:188} INFO - [2026-05-19T08:32:20.000+0000] {dag.py:3947} INFO - Setting next_dagrun for example_branch_labels to 2026-05-18 00:00:00+00:00, run_after=2026-05-19 00:00:00+00:00
[2026-05-19T08:32:20.042+0000] {processor.py:183} INFO - Processing /home/airflow/.local/lib/python3.12/site-packages/airflow/example_dags/example_branch_labels.py took 0.191 seconds
[2026-05-19T08:32:50.203+0000] {processor.py:161} INFO - Started process (PID=3953) to work on /home/airflow/.local/lib/python3.12/site-packages/airflow/example_dags/example_branch_labels.py
[2026-05-19T08:32:50.205+0000] {processor.py:830} INFO - Processing file /home/airflow/.local/lib/python3.12/site-packages/airflow/example_dags/example_branch_labels.py for tasks to queue
[2026-05-19T08:32:50.209+0000] {logging_mixin.py:188} INFO - [2026-05-19T08:32:50.209+0000] {dagbag.py:545} INFO - Filling up the DagBag from /home/airflow/.local/lib/python3.12/site-packages/airflow/example_dags/example_branch_labels.py
[2026-05-19T08:32:50.222+0000] {processor.py:840} INFO - DAG(s) 'example_branch_labels' retrieved from /home/airflow/.local/lib/python3.12/site-packages/airflow/example_dags/example_branch_labels.py
[2026-05-19T08:32:50.266+0000] {logging_mixin.py:188} INFO - [2026-05-19T08:32:50.266+0000] {dag.py:3089} INFO - Sync 1 DAGs
[2026-05-19T08:32:50.311+0000] {logging_mixin.py:188} INFO - [2026-05-19T08:32:50.310+0000] {dag.py:3947} INFO - Setting next_dagrun for example_branch_labels to 2026-05-18 00:00:00+00:00, run_after=2026-05-19 00:00:00+00:00
[2026-05-19T08:32:50.345+0000] {processor.py:183} INFO - Processing /home/airflow/.local/lib/python3.12/site-packages/airflow/example_dags/example_branch_labels.py took 0.152 seconds
[2026-05-19T08:33:20.938+0000] {processor.py:161} INFO - Started process (PID=4012) to work on /home/airflow/.local/lib/python3.12/site-packages/airflow/example_dags/example_branch_labels.py
[2026-05-19T08:33:20.941+0000] {processor.py:830} INFO - Processing file /home/airflow/.local/lib/python3.12/site-packages/airflow/example_dags/example_branch_labels.py for tasks to queue
[2026-05-19T08:33:20.945+0000] {logging_mixin.py:188} INFO - [2026-05-19T08:33:20.944+0000] {dagbag.py:545} INFO - Filling up the DagBag from /home/airflow/.local/lib/python3.12/site-packages/airflow/example_dags/example_branch_labels.py
[2026-05-19T08:33:20.961+0000] {processor.py:840} INFO - DAG(s) 'example_branch_labels' retrieved from /home/airflow/.local/lib/python3.12/site-packages/airflow/example_dags/example_branch_labels.py
[2026-05-19T08:33:20.999+0000] {logging_mixin.py:188} INFO - [2026-05-19T08:33:20.999+0000] {dag.py:3089} INFO - Sync 1 DAGs
[2026-05-19T08:33:21.050+0000] {logging_mixin.py:188} INFO - [2026-05-19T08:33:21.049+0000] {dag.py:3947} INFO - Setting next_dagrun for example_branch_labels to 2026-05-18 00:00:00+00:00, run_after=2026-05-19 00:00:00+00:00
[2026-05-19T08:33:21.086+0000] {processor.py:183} INFO - Processing /home/airflow/.local/lib/python3.12/site-packages/airflow/example_dags/example_branch_labels.py took 0.163 seconds
[2026-05-19T08:33:51.687+0000] {processor.py:161} INFO - Started process (PID=4071) to work on /home/airflow/.local/lib/python3.12/site-packages/airflow/example_dags/example_branch_labels.py
[2026-05-19T08:33:51.689+0000] {processor.py:830} INFO - Processing file /home/airflow/.local/lib/python3.12/site-packages/airflow/example_dags/example_branch_labels.py for tasks to queue
[2026-05-19T08:33:51.693+0000] {logging_mixin.py:188} INFO - [2026-05-19T08:33:51.692+0000] {dagbag.py:545} INFO - Filling up the DagBag from /home/airflow/.local/lib/python3.12/site-packages/airflow/example_dags/example_branch_labels.py
[2026-05-19T08:33:51.706+0000] {processor.py:840} INFO - DAG(s) 'example_branch_labels' retrieved from /home/airflow/.local/lib/python3.12/site-packages/airflow/example_dags/example_branch_labels.py
[2026-05-19T08:33:51.740+0000] {logging_mixin.py:188} INFO - [2026-05-19T08:33:51.740+0000] {dag.py:3089} INFO - Sync 1 DAGs
[2026-05-19T08:33:51.783+0000] {logging_mixin.py:188} INFO - [2026-05-19T08:33:51.783+0000] {dag.py:3947} INFO - Setting next_dagrun for example_branch_labels to 2026-05-18 00:00:00+00:00, run_after=2026-05-19 00:00:00+00:00
[2026-05-19T08:33:51.831+0000] {processor.py:183} INFO - Processing /home/airflow/.local/lib/python3.12/site-packages/airflow/example_dags/example_branch_labels.py took 0.154 seconds
[2026-05-19T08:34:22.619+0000] {processor.py:161} INFO - Started process (PID=4129) to work on /home/airflow/.local/lib/python3.12/site-packages/airflow/example_dags/example_branch_labels.py
[2026-05-19T08:34:22.621+0000] {processor.py:830} INFO - Processing file /home/airflow/.local/lib/python3.12/site-packages/airflow/example_dags/example_branch_labels.py for tasks to queue
[2026-05-19T08:34:22.624+0000] {logging_mixin.py:188} INFO - [2026-05-19T08:34:22.623+0000] {dagbag.py:545} INFO - Filling up the DagBag from /home/airflow/.local/lib/python3.12/site-packages/airflow/example_dags/example_branch_labels.py
[2026-05-19T08:34:22.653+0000] {processor.py:840} INFO - DAG(s) 'example_branch_labels' retrieved from /home/airflow/.local/lib/python3.12/site-packages/airflow/example_dags/example_branch_labels.py
[2026-05-19T08:34:22.692+0000] {logging_mixin.py:188} INFO - [2026-05-19T08:34:22.692+0000] {dag.py:3089} INFO - Sync 1 DAGs
[2026-05-19T08:34:22.728+0000] {logging_mixin.py:188} INFO - [2026-05-19T08:34:22.728+0000] {dag.py:3947} INFO - Setting next_dagrun for example_branch_labels to 2026-05-18 00:00:00+00:00, run_after=2026-05-19 00:00:00+00:00
[2026-05-19T08:34:22.776+0000] {processor.py:183} INFO - Processing /home/airflow/.local/lib/python3.12/site-packages/airflow/example_dags/example_branch_labels.py took 0.167 seconds
[2026-05-19T08:34:53.151+0000] {processor.py:161} INFO - Started process (PID=4187) to work on /home/airflow/.local/lib/python3.12/site-packages/airflow/example_dags/example_branch_labels.py
[2026-05-19T08:34:53.154+0000] {processor.py:830} INFO - Processing file /home/airflow/.local/lib/python3.12/site-packages/airflow/example_dags/example_branch_labels.py for tasks to queue
[2026-05-19T08:34:53.159+0000] {logging_mixin.py:188} INFO - [2026-05-19T08:34:53.158+0000] {dagbag.py:545} INFO - Filling up the DagBag from /home/airflow/.local/lib/python3.12/site-packages/airflow/example_dags/example_branch_labels.py
[2026-05-19T08:34:53.178+0000] {processor.py:840} INFO - DAG(s) 'example_branch_labels' retrieved from /home/airflow/.local/lib/python3.12/site-packages/airflow/example_dags/example_branch_labels.py
[2026-05-19T08:34:53.230+0000] {logging_mixin.py:188} INFO - [2026-05-19T08:34:53.230+0000] {dag.py:3089} INFO - Sync 1 DAGs
[2026-05-19T08:34:53.283+0000] {logging_mixin.py:188} INFO - [2026-05-19T08:34:53.282+0000] {dag.py:3947} INFO - Setting next_dagrun for example_branch_labels to 2026-05-18 00:00:00+00:00, run_after=2026-05-19 00:00:00+00:00
[2026-05-19T08:34:53.319+0000] {processor.py:183} INFO - Processing /home/airflow/.local/lib/python3.12/site-packages/airflow/example_dags/example_branch_labels.py took 0.180 seconds
[2026-05-19T08:35:24.053+0000] {processor.py:161} INFO - Started process (PID=4246) to work on /home/airflow/.local/lib/python3.12/site-packages/airflow/example_dags/example_branch_labels.py
[2026-05-19T08:35:24.055+0000] {processor.py:830} INFO - Processing file /home/airflow/.local/lib/python3.12/site-packages/airflow/example_dags/example_branch_labels.py for tasks to queue
[2026-05-19T08:35:24.059+0000] {logging_mixin.py:188} INFO - [2026-05-19T08:35:24.059+0000] {dagbag.py:545} INFO - Filling up the DagBag from /home/airflow/.local/lib/python3.12/site-packages/airflow/example_dags/example_branch_labels.py
[2026-05-19T08:35:24.077+0000] {processor.py:840} INFO - DAG(s) 'example_branch_labels' retrieved from /home/airflow/.local/lib/python3.12/site-packages/airflow/example_dags/example_branch_labels.py
[2026-05-19T08:35:24.127+0000] {logging_mixin.py:188} INFO - [2026-05-19T08:35:24.126+0000] {dag.py:3089} INFO - Sync 1 DAGs
[2026-05-19T08:35:24.193+0000] {logging_mixin.py:188} INFO - [2026-05-19T08:35:24.192+0000] {dag.py:3947} INFO - Setting next_dagrun for example_branch_labels to 2026-05-18 00:00:00+00:00, run_after=2026-05-19 00:00:00+00:00
[2026-05-19T08:35:24.265+0000] {processor.py:183} INFO - Processing /home/airflow/.local/lib/python3.12/site-packages/airflow/example_dags/example_branch_labels.py took 0.227 seconds
[2026-05-19T08:35:54.598+0000] {processor.py:161} INFO - Started process (PID=4305) to work on /home/airflow/.local/lib/python3.12/site-packages/airflow/example_dags/example_branch_labels.py
[2026-05-19T08:35:54.601+0000] {processor.py:830} INFO - Processing file /home/airflow/.local/lib/python3.12/site-packages/airflow/example_dags/example_branch_labels.py for tasks to queue
[2026-05-19T08:35:54.606+0000] {logging_mixin.py:188} INFO - [2026-05-19T08:35:54.605+0000] {dagbag.py:545} INFO - Filling up the DagBag from /home/airflow/.local/lib/python3.12/site-packages/airflow/example_dags/example_branch_labels.py
[2026-05-19T08:35:54.625+0000] {processor.py:840} INFO - DAG(s) 'example_branch_labels' retrieved from /home/airflow/.local/lib/python3.12/site-packages/airflow/example_dags/example_branch_labels.py
[2026-05-19T08:35:54.674+0000] {logging_mixin.py:188} INFO - [2026-05-19T08:35:54.673+0000] {dag.py:3089} INFO - Sync 1 DAGs
[2026-05-19T08:35:54.725+0000] {logging_mixin.py:188} INFO - [2026-05-19T08:35:54.725+0000] {dag.py:3947} INFO - Setting next_dagrun for example_branch_labels to 2026-05-18 00:00:00+00:00, run_after=2026-05-19 00:00:00+00:00
[2026-05-19T08:35:54.772+0000] {processor.py:183} INFO - Processing /home/airflow/.local/lib/python3.12/site-packages/airflow/example_dags/example_branch_labels.py took 0.183 seconds
[2026-05-19T08:36:25.516+0000] {processor.py:161} INFO - Started process (PID=4364) to work on /home/airflow/.local/lib/python3.12/site-packages/airflow/example_dags/example_branch_labels.py
[2026-05-19T08:36:25.520+0000] {processor.py:830} INFO - Processing file /home/airflow/.local/lib/python3.12/site-packages/airflow/example_dags/example_branch_labels.py for tasks to queue
[2026-05-19T08:36:25.527+0000] {logging_mixin.py:188} INFO - [2026-05-19T08:36:25.526+0000] {dagbag.py:545} INFO - Filling up the DagBag from /home/airflow/.local/lib/python3.12/site-packages/airflow/example_dags/example_branch_labels.py
[2026-05-19T08:36:25.553+0000] {processor.py:840} INFO - DAG(s) 'example_branch_labels' retrieved from /home/airflow/.local/lib/python3.12/site-packages/airflow/example_dags/example_branch_labels.py
[2026-05-19T08:36:25.624+0000] {logging_mixin.py:188} INFO - [2026-05-19T08:36:25.623+0000] {dag.py:3089} INFO - Sync 1 DAGs
[2026-05-19T08:36:25.729+0000] {logging_mixin.py:188} INFO - [2026-05-19T08:36:25.728+0000] {dag.py:3947} INFO - Setting next_dagrun for example_branch_labels to 2026-05-18 00:00:00+00:00, run_after=2026-05-19 00:00:00+00:00
[2026-05-19T08:36:25.787+0000] {processor.py:183} INFO - Processing /home/airflow/.local/lib/python3.12/site-packages/airflow/example_dags/example_branch_labels.py took 0.291 seconds
[2026-05-19T08:36:56.577+0000] {processor.py:161} INFO - Started process (PID=4429) to work on /home/airflow/.local/lib/python3.12/site-packages/airflow/example_dags/example_branch_labels.py
[2026-05-19T08:36:56.589+0000] {processor.py:830} INFO - Processing file /home/airflow/.local/lib/python3.12/site-packages/airflow/example_dags/example_branch_labels.py for tasks to queue
[2026-05-19T08:36:56.602+0000] {logging_mixin.py:188} INFO - [2026-05-19T08:36:56.601+0000] {dagbag.py:545} INFO - Filling up the DagBag from /home/airflow/.local/lib/python3.12/site-packages/airflow/example_dags/example_branch_labels.py
[2026-05-19T08:36:56.674+0000] {processor.py:840} INFO - DAG(s) 'example_branch_labels' retrieved from /home/airflow/.local/lib/python3.12/site-packages/airflow/example_dags/example_branch_labels.py
[2026-05-19T08:36:56.802+0000] {logging_mixin.py:188} INFO - [2026-05-19T08:36:56.801+0000] {dag.py:3089} INFO - Sync 1 DAGs
[2026-05-19T08:36:56.901+0000] {logging_mixin.py:188} INFO - [2026-05-19T08:36:56.900+0000] {dag.py:3947} INFO - Setting next_dagrun for example_branch_labels to 2026-05-18 00:00:00+00:00, run_after=2026-05-19 00:00:00+00:00
[2026-05-19T08:36:56.981+0000] {processor.py:183} INFO - Processing /home/airflow/.local/lib/python3.12/site-packages/airflow/example_dags/example_branch_labels.py took 0.466 seconds
[2026-05-19T08:37:27.344+0000] {processor.py:161} INFO - Started process (PID=4488) to work on /home/airflow/.local/lib/python3.12/site-packages/airflow/example_dags/example_branch_labels.py
[2026-05-19T08:37:27.349+0000] {processor.py:830} INFO - Processing file /home/airflow/.local/lib/python3.12/site-packages/airflow/example_dags/example_branch_labels.py for tasks to queue
[2026-05-19T08:37:27.362+0000] {logging_mixin.py:188} INFO - [2026-05-19T08:37:27.360+0000] {dagbag.py:545} INFO - Filling up the DagBag from /home/airflow/.local/lib/python3.12/site-packages/airflow/example_dags/example_branch_labels.py
[2026-05-19T08:37:27.415+0000] {processor.py:840} INFO - DAG(s) 'example_branch_labels' retrieved from /home/airflow/.local/lib/python3.12/site-packages/airflow/example_dags/example_branch_labels.py
[2026-05-19T08:37:27.581+0000] {logging_mixin.py:188} INFO - [2026-05-19T08:37:27.580+0000] {dag.py:3089} INFO - Sync 1 DAGs
[2026-05-19T08:37:27.760+0000] {logging_mixin.py:188} INFO - [2026-05-19T08:37:27.759+0000] {dag.py:3947} INFO - Setting next_dagrun for example_branch_labels to 2026-05-18 00:00:00+00:00, run_after=2026-05-19 00:00:00+00:00
[2026-05-19T08:37:27.923+0000] {processor.py:183} INFO - Processing /home/airflow/.local/lib/python3.12/site-packages/airflow/example_dags/example_branch_labels.py took 0.625 seconds
[2026-05-19T08:37:58.146+0000] {processor.py:161} INFO - Started process (PID=4547) to work on /home/airflow/.local/lib/python3.12/site-packages/airflow/example_dags/example_branch_labels.py
[2026-05-19T08:37:58.151+0000] {processor.py:830} INFO - Processing file /home/airflow/.local/lib/python3.12/site-packages/airflow/example_dags/example_branch_labels.py for tasks to queue
[2026-05-19T08:37:58.157+0000] {logging_mixin.py:188} INFO - [2026-05-19T08:37:58.156+0000] {dagbag.py:545} INFO - Filling up the DagBag from /home/airflow/.local/lib/python3.12/site-packages/airflow/example_dags/example_branch_labels.py
[2026-05-19T08:37:58.184+0000] {processor.py:840} INFO - DAG(s) 'example_branch_labels' retrieved from /home/airflow/.local/lib/python3.12/site-packages/airflow/example_dags/example_branch_labels.py
[2026-05-19T08:37:58.321+0000] {logging_mixin.py:188} INFO - [2026-05-19T08:37:58.319+0000] {dag.py:3089} INFO - Sync 1 DAGs
[2026-05-19T08:37:58.437+0000] {logging_mixin.py:188} INFO - [2026-05-19T08:37:58.436+0000] {dag.py:3947} INFO - Setting next_dagrun for example_branch_labels to 2026-05-18 00:00:00+00:00, run_after=2026-05-19 00:00:00+00:00
[2026-05-19T08:37:58.507+0000] {processor.py:183} INFO - Processing /home/airflow/.local/lib/python3.12/site-packages/airflow/example_dags/example_branch_labels.py took 0.381 seconds
[2026-05-19T08:38:30.026+0000] {processor.py:161} INFO - Started process (PID=4605) to work on /home/airflow/.local/lib/python3.12/site-packages/airflow/example_dags/example_branch_labels.py
[2026-05-19T08:38:30.031+0000] {processor.py:830} INFO - Processing file /home/airflow/.local/lib/python3.12/site-packages/airflow/example_dags/example_branch_labels.py for tasks to queue
[2026-05-19T08:38:30.040+0000] {logging_mixin.py:188} INFO - [2026-05-19T08:38:30.037+0000] {dagbag.py:545} INFO - Filling up the DagBag from /home/airflow/.local/lib/python3.12/site-packages/airflow/example_dags/example_branch_labels.py
[2026-05-19T08:38:30.079+0000] {processor.py:840} INFO - DAG(s) 'example_branch_labels' retrieved from /home/airflow/.local/lib/python3.12/site-packages/airflow/example_dags/example_branch_labels.py
[2026-05-19T08:38:30.192+0000] {logging_mixin.py:188} INFO - [2026-05-19T08:38:30.191+0000] {dag.py:3089} INFO - Sync 1 DAGs
[2026-05-19T08:38:30.301+0000] {logging_mixin.py:188} INFO - [2026-05-19T08:38:30.301+0000] {dag.py:3947} INFO - Setting next_dagrun for example_branch_labels to 2026-05-18 00:00:00+00:00, run_after=2026-05-19 00:00:00+00:00
[2026-05-19T08:38:30.366+0000] {processor.py:183} INFO - Processing /home/airflow/.local/lib/python3.12/site-packages/airflow/example_dags/example_branch_labels.py took 0.380 seconds
[2026-05-19T08:39:00.507+0000] {processor.py:161} INFO - Started process (PID=4664) to work on /home/airflow/.local/lib/python3.12/site-packages/airflow/example_dags/example_branch_labels.py
[2026-05-19T08:39:00.510+0000] {processor.py:830} INFO - Processing file /home/airflow/.local/lib/python3.12/site-packages/airflow/example_dags/example_branch_labels.py for tasks to queue
[2026-05-19T08:39:00.515+0000] {logging_mixin.py:188} INFO - [2026-05-19T08:39:00.514+0000] {dagbag.py:545} INFO - Filling up the DagBag from /home/airflow/.local/lib/python3.12/site-packages/airflow/example_dags/example_branch_labels.py
[2026-05-19T08:39:00.543+0000] {processor.py:840} INFO - DAG(s) 'example_branch_labels' retrieved from /home/airflow/.local/lib/python3.12/site-packages/airflow/example_dags/example_branch_labels.py
[2026-05-19T08:39:00.628+0000] {logging_mixin.py:188} INFO - [2026-05-19T08:39:00.627+0000] {dag.py:3089} INFO - Sync 1 DAGs
[2026-05-19T08:39:00.716+0000] {logging_mixin.py:188} INFO - [2026-05-19T08:39:00.716+0000] {dag.py:3947} INFO - Setting next_dagrun for example_branch_labels to 2026-05-18 00:00:00+00:00, run_after=2026-05-19 00:00:00+00:00
[2026-05-19T08:39:00.776+0000] {processor.py:183} INFO - Processing /home/airflow/.local/lib/python3.12/site-packages/airflow/example_dags/example_branch_labels.py took 0.283 seconds
[2026-05-19T08:39:30.993+0000] {processor.py:161} INFO - Started process (PID=4723) to work on /home/airflow/.local/lib/python3.12/site-packages/airflow/example_dags/example_branch_labels.py
[2026-05-19T08:39:30.997+0000] {processor.py:830} INFO - Processing file /home/airflow/.local/lib/python3.12/site-packages/airflow/example_dags/example_branch_labels.py for tasks to queue
[2026-05-19T08:39:31.003+0000] {logging_mixin.py:188} INFO - [2026-05-19T08:39:31.002+0000] {dagbag.py:545} INFO - Filling up the DagBag from /home/airflow/.local/lib/python3.12/site-packages/airflow/example_dags/example_branch_labels.py
[2026-05-19T08:39:31.027+0000] {processor.py:840} INFO - DAG(s) 'example_branch_labels' retrieved from /home/airflow/.local/lib/python3.12/site-packages/airflow/example_dags/example_branch_labels.py
[2026-05-19T08:39:31.095+0000] {logging_mixin.py:188} INFO - [2026-05-19T08:39:31.094+0000] {dag.py:3089} INFO - Sync 1 DAGs
[2026-05-19T08:39:31.184+0000] {logging_mixin.py:188} INFO - [2026-05-19T08:39:31.184+0000] {dag.py:3947} INFO - Setting next_dagrun for example_branch_labels to 2026-05-18 00:00:00+00:00, run_after=2026-05-19 00:00:00+00:00
[2026-05-19T08:39:31.267+0000] {processor.py:183} INFO - Processing /home/airflow/.local/lib/python3.12/site-packages/airflow/example_dags/example_branch_labels.py took 0.292 seconds
[2026-05-19T08:40:04.529+0000] {processor.py:161} INFO - Started process (PID=4783) to work on /home/airflow/.local/lib/python3.12/site-packages/airflow/example_dags/example_branch_labels.py
[2026-05-19T08:40:04.535+0000] {processor.py:830} INFO - Processing file /home/airflow/.local/lib/python3.12/site-packages/airflow/example_dags/example_branch_labels.py for tasks to queue
[2026-05-19T08:40:04.543+0000] {logging_mixin.py:188} INFO - [2026-05-19T08:40:04.541+0000] {dagbag.py:545} INFO - Filling up the DagBag from /home/airflow/.local/lib/python3.12/site-packages/airflow/example_dags/example_branch_labels.py
[2026-05-19T08:40:04.566+0000] {processor.py:840} INFO - DAG(s) 'example_branch_labels' retrieved from /home/airflow/.local/lib/python3.12/site-packages/airflow/example_dags/example_branch_labels.py
[2026-05-19T08:40:04.619+0000] {logging_mixin.py:188} INFO - [2026-05-19T08:40:04.618+0000] {dag.py:3089} INFO - Sync 1 DAGs
[2026-05-19T08:40:04.671+0000] {logging_mixin.py:188} INFO - [2026-05-19T08:40:04.670+0000] {dag.py:3947} INFO - Setting next_dagrun for example_branch_labels to 2026-05-18 00:00:00+00:00, run_after=2026-05-19 00:00:00+00:00
[2026-05-19T08:40:04.717+0000] {processor.py:183} INFO - Processing /home/airflow/.local/lib/python3.12/site-packages/airflow/example_dags/example_branch_labels.py took 0.210 seconds
[2026-05-19T08:40:38.523+0000] {processor.py:161} INFO - Started process (PID=4842) to work on /home/airflow/.local/lib/python3.12/site-packages/airflow/example_dags/example_branch_labels.py
[2026-05-19T08:40:38.526+0000] {processor.py:830} INFO - Processing file /home/airflow/.local/lib/python3.12/site-packages/airflow/example_dags/example_branch_labels.py for tasks to queue
[2026-05-19T08:40:38.530+0000] {logging_mixin.py:188} INFO - [2026-05-19T08:40:38.529+0000] {dagbag.py:545} INFO - Filling up the DagBag from /home/airflow/.local/lib/python3.12/site-packages/airflow/example_dags/example_branch_labels.py
[2026-05-19T08:40:38.550+0000] {processor.py:840} INFO - DAG(s) 'example_branch_labels' retrieved from /home/airflow/.local/lib/python3.12/site-packages/airflow/example_dags/example_branch_labels.py
[2026-05-19T08:40:38.613+0000] {logging_mixin.py:188} INFO - [2026-05-19T08:40:38.613+0000] {dag.py:3089} INFO - Sync 1 DAGs
[2026-05-19T08:40:38.693+0000] {logging_mixin.py:188} INFO - [2026-05-19T08:40:38.691+0000] {dag.py:3947} INFO - Setting next_dagrun for example_branch_labels to 2026-05-18 00:00:00+00:00, run_after=2026-05-19 00:00:00+00:00
[2026-05-19T08:40:38.870+0000] {processor.py:183} INFO - Processing /home/airflow/.local/lib/python3.12/site-packages/airflow/example_dags/example_branch_labels.py took 0.362 seconds
[2026-05-19T08:41:11.099+0000] {processor.py:161} INFO - Started process (PID=4902) to work on /home/airflow/.local/lib/python3.12/site-packages/airflow/example_dags/example_branch_labels.py
[2026-05-19T08:41:11.103+0000] {processor.py:830} INFO - Processing file /home/airflow/.local/lib/python3.12/site-packages/airflow/example_dags/example_branch_labels.py for tasks to queue
[2026-05-19T08:41:11.117+0000] {logging_mixin.py:188} INFO - [2026-05-19T08:41:11.116+0000] {dagbag.py:545} INFO - Filling up the DagBag from /home/airflow/.local/lib/python3.12/site-packages/airflow/example_dags/example_branch_labels.py
[2026-05-19T08:41:11.168+0000] {processor.py:840} INFO - DAG(s) 'example_branch_labels' retrieved from /home/airflow/.local/lib/python3.12/site-packages/airflow/example_dags/example_branch_labels.py
[2026-05-19T08:41:11.259+0000] {logging_mixin.py:188} INFO - [2026-05-19T08:41:11.259+0000] {dag.py:3089} INFO - Sync 1 DAGs
[2026-05-19T08:41:11.353+0000] {logging_mixin.py:188} INFO - [2026-05-19T08:41:11.353+0000] {dag.py:3947} INFO - Setting next_dagrun for example_branch_labels to 2026-05-18 00:00:00+00:00, run_after=2026-05-19 00:00:00+00:00
[2026-05-19T08:41:11.406+0000] {processor.py:183} INFO - Processing /home/airflow/.local/lib/python3.12/site-packages/airflow/example_dags/example_branch_labels.py took 0.333 seconds
[2026-05-19T08:41:42.488+0000] {processor.py:161} INFO - Started process (PID=4961) to work on /home/airflow/.local/lib/python3.12/site-packages/airflow/example_dags/example_branch_labels.py
[2026-05-19T08:41:42.500+0000] {processor.py:830} INFO - Processing file /home/airflow/.local/lib/python3.12/site-packages/airflow/example_dags/example_branch_labels.py for tasks to queue
[2026-05-19T08:41:42.516+0000] {logging_mixin.py:188} INFO - [2026-05-19T08:41:42.515+0000] {dagbag.py:545} INFO - Filling up the DagBag from /home/airflow/.local/lib/python3.12/site-packages/airflow/example_dags/example_branch_labels.py
[2026-05-19T08:41:42.600+0000] {processor.py:840} INFO - DAG(s) 'example_branch_labels' retrieved from /home/airflow/.local/lib/python3.12/site-packages/airflow/example_dags/example_branch_labels.py
[2026-05-19T08:41:42.700+0000] {logging_mixin.py:188} INFO - [2026-05-19T08:41:42.699+0000] {dag.py:3089} INFO - Sync 1 DAGs
[2026-05-19T08:41:42.884+0000] {logging_mixin.py:188} INFO - [2026-05-19T08:41:42.883+0000] {dag.py:3947} INFO - Setting next_dagrun for example_branch_labels to 2026-05-18 00:00:00+00:00, run_after=2026-05-19 00:00:00+00:00
[2026-05-19T08:41:43.076+0000] {processor.py:183} INFO - Processing /home/airflow/.local/lib/python3.12/site-packages/airflow/example_dags/example_branch_labels.py took 0.634 seconds
[2026-05-19T08:42:13.454+0000] {processor.py:161} INFO - Started process (PID=5017) to work on /home/airflow/.local/lib/python3.12/site-packages/airflow/example_dags/example_branch_labels.py
[2026-05-19T08:42:13.461+0000] {processor.py:830} INFO - Processing file /home/airflow/.local/lib/python3.12/site-packages/airflow/example_dags/example_branch_labels.py for tasks to queue
[2026-05-19T08:42:13.471+0000] {logging_mixin.py:188} INFO - [2026-05-19T08:42:13.469+0000] {dagbag.py:545} INFO - Filling up the DagBag from /home/airflow/.local/lib/python3.12/site-packages/airflow/example_dags/example_branch_labels.py
[2026-05-19T08:42:13.516+0000] {processor.py:840} INFO - DAG(s) 'example_branch_labels' retrieved from /home/airflow/.local/lib/python3.12/site-packages/airflow/example_dags/example_branch_labels.py
[2026-05-19T08:42:13.622+0000] {logging_mixin.py:188} INFO - [2026-05-19T08:42:13.621+0000] {dag.py:3089} INFO - Sync 1 DAGs
[2026-05-19T08:42:13.720+0000] {logging_mixin.py:188} INFO - [2026-05-19T08:42:13.719+0000] {dag.py:3947} INFO - Setting next_dagrun for example_branch_labels to 2026-05-18 00:00:00+00:00, run_after=2026-05-19 00:00:00+00:00
[2026-05-19T08:42:13.807+0000] {processor.py:183} INFO - Processing /home/airflow/.local/lib/python3.12/site-packages/airflow/example_dags/example_branch_labels.py took 0.412 seconds
[2026-05-19T08:42:44.148+0000] {processor.py:161} INFO - Started process (PID=5077) to work on /home/airflow/.local/lib/python3.12/site-packages/airflow/example_dags/example_branch_labels.py
[2026-05-19T08:42:44.155+0000] {processor.py:830} INFO - Processing file /home/airflow/.local/lib/python3.12/site-packages/airflow/example_dags/example_branch_labels.py for tasks to queue
[2026-05-19T08:42:44.169+0000] {logging_mixin.py:188} INFO - [2026-05-19T08:42:44.167+0000] {dagbag.py:545} INFO - Filling up the DagBag from /home/airflow/.local/lib/python3.12/site-packages/airflow/example_dags/example_branch_labels.py
[2026-05-19T08:42:44.199+0000] {processor.py:840} INFO - DAG(s) 'example_branch_labels' retrieved from /home/airflow/.local/lib/python3.12/site-packages/airflow/example_dags/example_branch_labels.py
[2026-05-19T08:42:44.284+0000] {logging_mixin.py:188} INFO - [2026-05-19T08:42:44.283+0000] {dag.py:3089} INFO - Sync 1 DAGs
[2026-05-19T08:42:44.354+0000] {logging_mixin.py:188} INFO - [2026-05-19T08:42:44.353+0000] {dag.py:3947} INFO - Setting next_dagrun for example_branch_labels to 2026-05-18 00:00:00+00:00, run_after=2026-05-19 00:00:00+00:00
[2026-05-19T08:42:44.435+0000] {processor.py:183} INFO - Processing /home/airflow/.local/lib/python3.12/site-packages/airflow/example_dags/example_branch_labels.py took 0.316 seconds
[2026-05-19T08:43:19.343+0000] {processor.py:161} INFO - Started process (PID=5139) to work on /home/airflow/.local/lib/python3.12/site-packages/airflow/example_dags/example_branch_labels.py
[2026-05-19T08:43:19.348+0000] {processor.py:830} INFO - Processing file /home/airflow/.local/lib/python3.12/site-packages/airflow/example_dags/example_branch_labels.py for tasks to queue
[2026-05-19T08:43:19.355+0000] {logging_mixin.py:188} INFO - [2026-05-19T08:43:19.354+0000] {dagbag.py:545} INFO - Filling up the DagBag from /home/airflow/.local/lib/python3.12/site-packages/airflow/example_dags/example_branch_labels.py
[2026-05-19T08:43:19.380+0000] {processor.py:840} INFO - DAG(s) 'example_branch_labels' retrieved from /home/airflow/.local/lib/python3.12/site-packages/airflow/example_dags/example_branch_labels.py
[2026-05-19T08:43:19.442+0000] {logging_mixin.py:188} INFO - [2026-05-19T08:43:19.441+0000] {dag.py:3089} INFO - Sync 1 DAGs
[2026-05-19T08:43:19.519+0000] {logging_mixin.py:188} INFO - [2026-05-19T08:43:19.518+0000] {dag.py:3947} INFO - Setting next_dagrun for example_branch_labels to 2026-05-18 00:00:00+00:00, run_after=2026-05-19 00:00:00+00:00
[2026-05-19T08:43:19.589+0000] {processor.py:183} INFO - Processing /home/airflow/.local/lib/python3.12/site-packages/airflow/example_dags/example_branch_labels.py took 0.273 seconds
[2026-05-19T08:43:50.845+0000] {processor.py:161} INFO - Started process (PID=5199) to work on /home/airflow/.local/lib/python3.12/site-packages/airflow/example_dags/example_branch_labels.py
[2026-05-19T08:43:50.848+0000] {processor.py:830} INFO - Processing file /home/airflow/.local/lib/python3.12/site-packages/airflow/example_dags/example_branch_labels.py for tasks to queue
[2026-05-19T08:43:50.854+0000] {logging_mixin.py:188} INFO - [2026-05-19T08:43:50.853+0000] {dagbag.py:545} INFO - Filling up the DagBag from /home/airflow/.local/lib/python3.12/site-packages/airflow/example_dags/example_branch_labels.py
[2026-05-19T08:43:50.882+0000] {processor.py:840} INFO - DAG(s) 'example_branch_labels' retrieved from /home/airflow/.local/lib/python3.12/site-packages/airflow/example_dags/example_branch_labels.py
[2026-05-19T08:43:50.955+0000] {logging_mixin.py:188} INFO - [2026-05-19T08:43:50.954+0000] {dag.py:3089} INFO - Sync 1 DAGs
[2026-05-19T08:43:51.029+0000] {logging_mixin.py:188} INFO - [2026-05-19T08:43:51.027+0000] {dag.py:3947} INFO - Setting next_dagrun for example_branch_labels to 2026-05-18 00:00:00+00:00, run_after=2026-05-19 00:00:00+00:00
[2026-05-19T08:43:51.093+0000] {processor.py:183} INFO - Processing /home/airflow/.local/lib/python3.12/site-packages/airflow/example_dags/example_branch_labels.py took 0.266 seconds
[2026-05-19T08:44:21.508+0000] {processor.py:161} INFO - Started process (PID=5259) to work on /home/airflow/.local/lib/python3.12/site-packages/airflow/example_dags/example_branch_labels.py
[2026-05-19T08:44:21.511+0000] {processor.py:830} INFO - Processing file /home/airflow/.local/lib/python3.12/site-packages/airflow/example_dags/example_branch_labels.py for tasks to queue
[2026-05-19T08:44:21.517+0000] {logging_mixin.py:188} INFO - [2026-05-19T08:44:21.516+0000] {dagbag.py:545} INFO - Filling up the DagBag from /home/airflow/.local/lib/python3.12/site-packages/airflow/example_dags/example_branch_labels.py
[2026-05-19T08:44:21.544+0000] {processor.py:840} INFO - DAG(s) 'example_branch_labels' retrieved from /home/airflow/.local/lib/python3.12/site-packages/airflow/example_dags/example_branch_labels.py
[2026-05-19T08:44:21.612+0000] {logging_mixin.py:188} INFO - [2026-05-19T08:44:21.611+0000] {dag.py:3089} INFO - Sync 1 DAGs
[2026-05-19T08:44:21.681+0000] {logging_mixin.py:188} INFO - [2026-05-19T08:44:21.680+0000] {dag.py:3947} INFO - Setting next_dagrun for example_branch_labels to 2026-05-18 00:00:00+00:00, run_after=2026-05-19 00:00:00+00:00
[2026-05-19T08:44:21.738+0000] {processor.py:183} INFO - Processing /home/airflow/.local/lib/python3.12/site-packages/airflow/example_dags/example_branch_labels.py took 0.247 seconds
[2026-05-19T08:44:52.218+0000] {processor.py:161} INFO - Started process (PID=5317) to work on /home/airflow/.local/lib/python3.12/site-packages/airflow/example_dags/example_branch_labels.py
[2026-05-19T08:44:52.222+0000] {processor.py:830} INFO - Processing file /home/airflow/.local/lib/python3.12/site-packages/airflow/example_dags/example_branch_labels.py for tasks to queue
[2026-05-19T08:44:52.229+0000] {logging_mixin.py:188} INFO - [2026-05-19T08:44:52.228+0000] {dagbag.py:545} INFO - Filling up the DagBag from /home/airflow/.local/lib/python3.12/site-packages/airflow/example_dags/example_branch_labels.py
[2026-05-19T08:44:52.260+0000] {processor.py:840} INFO - DAG(s) 'example_branch_labels' retrieved from /home/airflow/.local/lib/python3.12/site-packages/airflow/example_dags/example_branch_labels.py
[2026-05-19T08:44:52.327+0000] {logging_mixin.py:188} INFO - [2026-05-19T08:44:52.326+0000] {dag.py:3089} INFO - Sync 1 DAGs
[2026-05-19T08:44:52.454+0000] {logging_mixin.py:188} INFO - [2026-05-19T08:44:52.453+0000] {dag.py:3947} INFO - Setting next_dagrun for example_branch_labels to 2026-05-18 00:00:00+00:00, run_after=2026-05-19 00:00:00+00:00
[2026-05-19T08:44:52.547+0000] {processor.py:183} INFO - Processing /home/airflow/.local/lib/python3.12/site-packages/airflow/example_dags/example_branch_labels.py took 0.351 seconds
[2026-05-19T08:45:23.332+0000] {processor.py:161} INFO - Started process (PID=5377) to work on /home/airflow/.local/lib/python3.12/site-packages/airflow/example_dags/example_branch_labels.py
[2026-05-19T08:45:23.337+0000] {processor.py:830} INFO - Processing file /home/airflow/.local/lib/python3.12/site-packages/airflow/example_dags/example_branch_labels.py for tasks to queue
[2026-05-19T08:45:23.349+0000] {logging_mixin.py:188} INFO - [2026-05-19T08:45:23.345+0000] {dagbag.py:545} INFO - Filling up the DagBag from /home/airflow/.local/lib/python3.12/site-packages/airflow/example_dags/example_branch_labels.py
[2026-05-19T08:45:23.396+0000] {processor.py:840} INFO - DAG(s) 'example_branch_labels' retrieved from /home/airflow/.local/lib/python3.12/site-packages/airflow/example_dags/example_branch_labels.py
[2026-05-19T08:45:23.502+0000] {logging_mixin.py:188} INFO - [2026-05-19T08:45:23.501+0000] {dag.py:3089} INFO - Sync 1 DAGs
[2026-05-19T08:45:23.577+0000] {logging_mixin.py:188} INFO - [2026-05-19T08:45:23.577+0000] {dag.py:3947} INFO - Setting next_dagrun for example_branch_labels to 2026-05-18 00:00:00+00:00, run_after=2026-05-19 00:00:00+00:00
[2026-05-19T08:45:23.647+0000] {processor.py:183} INFO - Processing /home/airflow/.local/lib/python3.12/site-packages/airflow/example_dags/example_branch_labels.py took 0.355 seconds
[2026-05-19T08:45:53.878+0000] {processor.py:161} INFO - Started process (PID=5437) to work on /home/airflow/.local/lib/python3.12/site-packages/airflow/example_dags/example_branch_labels.py
[2026-05-19T08:45:53.882+0000] {processor.py:830} INFO - Processing file /home/airflow/.local/lib/python3.12/site-packages/airflow/example_dags/example_branch_labels.py for tasks to queue
[2026-05-19T08:45:53.891+0000] {logging_mixin.py:188} INFO - [2026-05-19T08:45:53.889+0000] {dagbag.py:545} INFO - Filling up the DagBag from /home/airflow/.local/lib/python3.12/site-packages/airflow/example_dags/example_branch_labels.py
[2026-05-19T08:45:53.925+0000] {processor.py:840} INFO - DAG(s) 'example_branch_labels' retrieved from /home/airflow/.local/lib/python3.12/site-packages/airflow/example_dags/example_branch_labels.py
[2026-05-19T08:45:54.010+0000] {logging_mixin.py:188} INFO - [2026-05-19T08:45:54.009+0000] {dag.py:3089} INFO - Sync 1 DAGs
[2026-05-19T08:45:54.083+0000] {logging_mixin.py:188} INFO - [2026-05-19T08:45:54.083+0000] {dag.py:3947} INFO - Setting next_dagrun for example_branch_labels to 2026-05-18 00:00:00+00:00, run_after=2026-05-19 00:00:00+00:00
[2026-05-19T08:45:54.155+0000] {processor.py:183} INFO - Processing /home/airflow/.local/lib/python3.12/site-packages/airflow/example_dags/example_branch_labels.py took 0.306 seconds
[2026-05-19T08:46:24.762+0000] {processor.py:161} INFO - Started process (PID=5497) to work on /home/airflow/.local/lib/python3.12/site-packages/airflow/example_dags/example_branch_labels.py
[2026-05-19T08:46:24.766+0000] {processor.py:830} INFO - Processing file /home/airflow/.local/lib/python3.12/site-packages/airflow/example_dags/example_branch_labels.py for tasks to queue
[2026-05-19T08:46:24.775+0000] {logging_mixin.py:188} INFO - [2026-05-19T08:46:24.773+0000] {dagbag.py:545} INFO - Filling up the DagBag from /home/airflow/.local/lib/python3.12/site-packages/airflow/example_dags/example_branch_labels.py
[2026-05-19T08:46:24.800+0000] {processor.py:840} INFO - DAG(s) 'example_branch_labels' retrieved from /home/airflow/.local/lib/python3.12/site-packages/airflow/example_dags/example_branch_labels.py
[2026-05-19T08:46:24.883+0000] {logging_mixin.py:188} INFO - [2026-05-19T08:46:24.882+0000] {dag.py:3089} INFO - Sync 1 DAGs
[2026-05-19T08:46:25.004+0000] {logging_mixin.py:188} INFO - [2026-05-19T08:46:25.002+0000] {dag.py:3947} INFO - Setting next_dagrun for example_branch_labels to 2026-05-18 00:00:00+00:00, run_after=2026-05-19 00:00:00+00:00
[2026-05-19T08:46:25.137+0000] {processor.py:183} INFO - Processing /home/airflow/.local/lib/python3.12/site-packages/airflow/example_dags/example_branch_labels.py took 0.446 seconds
[2026-05-19T08:46:55.536+0000] {processor.py:161} INFO - Started process (PID=5556) to work on /home/airflow/.local/lib/python3.12/site-packages/airflow/example_dags/example_branch_labels.py
[2026-05-19T08:46:55.541+0000] {processor.py:830} INFO - Processing file /home/airflow/.local/lib/python3.12/site-packages/airflow/example_dags/example_branch_labels.py for tasks to queue
[2026-05-19T08:46:55.552+0000] {logging_mixin.py:188} INFO - [2026-05-19T08:46:55.548+0000] {dagbag.py:545} INFO - Filling up the DagBag from /home/airflow/.local/lib/python3.12/site-packages/airflow/example_dags/example_branch_labels.py
[2026-05-19T08:46:55.582+0000] {processor.py:840} INFO - DAG(s) 'example_branch_labels' retrieved from /home/airflow/.local/lib/python3.12/site-packages/airflow/example_dags/example_branch_labels.py
[2026-05-19T08:46:55.693+0000] {logging_mixin.py:188} INFO - [2026-05-19T08:46:55.692+0000] {dag.py:3089} INFO - Sync 1 DAGs
[2026-05-19T08:46:55.805+0000] {logging_mixin.py:188} INFO - [2026-05-19T08:46:55.804+0000] {dag.py:3947} INFO - Setting next_dagrun for example_branch_labels to 2026-05-18 00:00:00+00:00, run_after=2026-05-19 00:00:00+00:00
[2026-05-19T08:46:55.868+0000] {processor.py:183} INFO - Processing /home/airflow/.local/lib/python3.12/site-packages/airflow/example_dags/example_branch_labels.py took 0.363 seconds
[2026-05-19T08:47:26.228+0000] {processor.py:161} INFO - Started process (PID=5615) to work on /home/airflow/.local/lib/python3.12/site-packages/airflow/example_dags/example_branch_labels.py
[2026-05-19T08:47:26.231+0000] {processor.py:830} INFO - Processing file /home/airflow/.local/lib/python3.12/site-packages/airflow/example_dags/example_branch_labels.py for tasks to queue
[2026-05-19T08:47:26.238+0000] {logging_mixin.py:188} INFO - [2026-05-19T08:47:26.236+0000] {dagbag.py:545} INFO - Filling up the DagBag from /home/airflow/.local/lib/python3.12/site-packages/airflow/example_dags/example_branch_labels.py
[2026-05-19T08:47:26.277+0000] {processor.py:840} INFO - DAG(s) 'example_branch_labels' retrieved from /home/airflow/.local/lib/python3.12/site-packages/airflow/example_dags/example_branch_labels.py
[2026-05-19T08:47:26.385+0000] {logging_mixin.py:188} INFO - [2026-05-19T08:47:26.384+0000] {dag.py:3089} INFO - Sync 1 DAGs
[2026-05-19T08:47:26.522+0000] {logging_mixin.py:188} INFO - [2026-05-19T08:47:26.520+0000] {dag.py:3947} INFO - Setting next_dagrun for example_branch_labels to 2026-05-18 00:00:00+00:00, run_after=2026-05-19 00:00:00+00:00
[2026-05-19T08:47:26.635+0000] {processor.py:183} INFO - Processing /home/airflow/.local/lib/python3.12/site-packages/airflow/example_dags/example_branch_labels.py took 0.434 seconds
[2026-05-19T08:47:57.045+0000] {processor.py:161} INFO - Started process (PID=5675) to work on /home/airflow/.local/lib/python3.12/site-packages/airflow/example_dags/example_branch_labels.py
[2026-05-19T08:47:57.052+0000] {processor.py:830} INFO - Processing file /home/airflow/.local/lib/python3.12/site-packages/airflow/example_dags/example_branch_labels.py for tasks to queue
[2026-05-19T08:47:57.059+0000] {logging_mixin.py:188} INFO - [2026-05-19T08:47:57.058+0000] {dagbag.py:545} INFO - Filling up the DagBag from /home/airflow/.local/lib/python3.12/site-packages/airflow/example_dags/example_branch_labels.py
[2026-05-19T08:47:57.085+0000] {processor.py:840} INFO - DAG(s) 'example_branch_labels' retrieved from /home/airflow/.local/lib/python3.12/site-packages/airflow/example_dags/example_branch_labels.py
[2026-05-19T08:47:57.153+0000] {logging_mixin.py:188} INFO - [2026-05-19T08:47:57.152+0000] {dag.py:3089} INFO - Sync 1 DAGs
[2026-05-19T08:47:57.220+0000] {logging_mixin.py:188} INFO - [2026-05-19T08:47:57.220+0000] {dag.py:3947} INFO - Setting next_dagrun for example_branch_labels to 2026-05-18 00:00:00+00:00, run_after=2026-05-19 00:00:00+00:00
[2026-05-19T08:47:57.285+0000] {processor.py:183} INFO - Processing /home/airflow/.local/lib/python3.12/site-packages/airflow/example_dags/example_branch_labels.py took 0.261 seconds
[2026-05-19T08:48:27.779+0000] {processor.py:161} INFO - Started process (PID=5735) to work on /home/airflow/.local/lib/python3.12/site-packages/airflow/example_dags/example_branch_labels.py
[2026-05-19T08:48:27.782+0000] {processor.py:830} INFO - Processing file /home/airflow/.local/lib/python3.12/site-packages/airflow/example_dags/example_branch_labels.py for tasks to queue
[2026-05-19T08:48:27.788+0000] {logging_mixin.py:188} INFO - [2026-05-19T08:48:27.787+0000] {dagbag.py:545} INFO - Filling up the DagBag from /home/airflow/.local/lib/python3.12/site-packages/airflow/example_dags/example_branch_labels.py
[2026-05-19T08:48:27.810+0000] {processor.py:840} INFO - DAG(s) 'example_branch_labels' retrieved from /home/airflow/.local/lib/python3.12/site-packages/airflow/example_dags/example_branch_labels.py
[2026-05-19T08:48:27.879+0000] {logging_mixin.py:188} INFO - [2026-05-19T08:48:27.878+0000] {dag.py:3089} INFO - Sync 1 DAGs
[2026-05-19T08:48:27.958+0000] {logging_mixin.py:188} INFO - [2026-05-19T08:48:27.957+0000] {dag.py:3947} INFO - Setting next_dagrun for example_branch_labels to 2026-05-18 00:00:00+00:00, run_after=2026-05-19 00:00:00+00:00
[2026-05-19T08:48:28.029+0000] {processor.py:183} INFO - Processing /home/airflow/.local/lib/python3.12/site-packages/airflow/example_dags/example_branch_labels.py took 0.270 seconds
[2026-05-19T08:48:58.459+0000] {processor.py:161} INFO - Started process (PID=5795) to work on /home/airflow/.local/lib/python3.12/site-packages/airflow/example_dags/example_branch_labels.py
[2026-05-19T08:48:58.463+0000] {processor.py:830} INFO - Processing file /home/airflow/.local/lib/python3.12/site-packages/airflow/example_dags/example_branch_labels.py for tasks to queue
[2026-05-19T08:48:58.469+0000] {logging_mixin.py:188} INFO - [2026-05-19T08:48:58.468+0000] {dagbag.py:545} INFO - Filling up the DagBag from /home/airflow/.local/lib/python3.12/site-packages/airflow/example_dags/example_branch_labels.py
[2026-05-19T08:48:58.489+0000] {processor.py:840} INFO - DAG(s) 'example_branch_labels' retrieved from /home/airflow/.local/lib/python3.12/site-packages/airflow/example_dags/example_branch_labels.py
[2026-05-19T08:48:58.571+0000] {logging_mixin.py:188} INFO - [2026-05-19T08:48:58.570+0000] {dag.py:3089} INFO - Sync 1 DAGs
[2026-05-19T08:48:58.647+0000] {logging_mixin.py:188} INFO - [2026-05-19T08:48:58.646+0000] {dag.py:3947} INFO - Setting next_dagrun for example_branch_labels to 2026-05-18 00:00:00+00:00, run_after=2026-05-19 00:00:00+00:00
[2026-05-19T08:48:58.711+0000] {processor.py:183} INFO - Processing /home/airflow/.local/lib/python3.12/site-packages/airflow/example_dags/example_branch_labels.py took 0.270 seconds
[2026-05-19T08:49:29.016+0000] {processor.py:161} INFO - Started process (PID=5856) to work on /home/airflow/.local/lib/python3.12/site-packages/airflow/example_dags/example_branch_labels.py
[2026-05-19T08:49:29.019+0000] {processor.py:830} INFO - Processing file /home/airflow/.local/lib/python3.12/site-packages/airflow/example_dags/example_branch_labels.py for tasks to queue
[2026-05-19T08:49:29.028+0000] {logging_mixin.py:188} INFO - [2026-05-19T08:49:29.027+0000] {dagbag.py:545} INFO - Filling up the DagBag from /home/airflow/.local/lib/python3.12/site-packages/airflow/example_dags/example_branch_labels.py
[2026-05-19T08:49:29.053+0000] {processor.py:840} INFO - DAG(s) 'example_branch_labels' retrieved from /home/airflow/.local/lib/python3.12/site-packages/airflow/example_dags/example_branch_labels.py
[2026-05-19T08:49:29.122+0000] {logging_mixin.py:188} INFO - [2026-05-19T08:49:29.121+0000] {dag.py:3089} INFO - Sync 1 DAGs
[2026-05-19T08:49:29.208+0000] {logging_mixin.py:188} INFO - [2026-05-19T08:49:29.207+0000] {dag.py:3947} INFO - Setting next_dagrun for example_branch_labels to 2026-05-18 00:00:00+00:00, run_after=2026-05-19 00:00:00+00:00
[2026-05-19T08:49:29.280+0000] {processor.py:183} INFO - Processing /home/airflow/.local/lib/python3.12/site-packages/airflow/example_dags/example_branch_labels.py took 0.283 seconds
[2026-05-19T08:49:59.597+0000] {processor.py:161} INFO - Started process (PID=5916) to work on /home/airflow/.local/lib/python3.12/site-packages/airflow/example_dags/example_branch_labels.py
[2026-05-19T08:49:59.601+0000] {processor.py:830} INFO - Processing file /home/airflow/.local/lib/python3.12/site-packages/airflow/example_dags/example_branch_labels.py for tasks to queue
[2026-05-19T08:49:59.613+0000] {logging_mixin.py:188} INFO - [2026-05-19T08:49:59.612+0000] {dagbag.py:545} INFO - Filling up the DagBag from /home/airflow/.local/lib/python3.12/site-packages/airflow/example_dags/example_branch_labels.py
[2026-05-19T08:49:59.645+0000] {processor.py:840} INFO - DAG(s) 'example_branch_labels' retrieved from /home/airflow/.local/lib/python3.12/site-packages/airflow/example_dags/example_branch_labels.py
[2026-05-19T08:49:59.781+0000] {logging_mixin.py:188} INFO - [2026-05-19T08:49:59.780+0000] {dag.py:3089} INFO - Sync 1 DAGs
[2026-05-19T08:49:59.908+0000] {logging_mixin.py:188} INFO - [2026-05-19T08:49:59.906+0000] {dag.py:3947} INFO - Setting next_dagrun for example_branch_labels to 2026-05-18 00:00:00+00:00, run_after=2026-05-19 00:00:00+00:00
[2026-05-19T08:50:00.008+0000] {processor.py:183} INFO - Processing /home/airflow/.local/lib/python3.12/site-packages/airflow/example_dags/example_branch_labels.py took 0.429 seconds
[2026-05-19T08:50:30.299+0000] {processor.py:161} INFO - Started process (PID=5977) to work on /home/airflow/.local/lib/python3.12/site-packages/airflow/example_dags/example_branch_labels.py
[2026-05-19T08:50:30.307+0000] {processor.py:830} INFO - Processing file /home/airflow/.local/lib/python3.12/site-packages/airflow/example_dags/example_branch_labels.py for tasks to queue
[2026-05-19T08:50:30.320+0000] {logging_mixin.py:188} INFO - [2026-05-19T08:50:30.319+0000] {dagbag.py:545} INFO - Filling up the DagBag from /home/airflow/.local/lib/python3.12/site-packages/airflow/example_dags/example_branch_labels.py
[2026-05-19T08:50:30.352+0000] {processor.py:840} INFO - DAG(s) 'example_branch_labels' retrieved from /home/airflow/.local/lib/python3.12/site-packages/airflow/example_dags/example_branch_labels.py
[2026-05-19T08:50:30.447+0000] {logging_mixin.py:188} INFO - [2026-05-19T08:50:30.447+0000] {dag.py:3089} INFO - Sync 1 DAGs
[2026-05-19T08:50:30.552+0000] {logging_mixin.py:188} INFO - [2026-05-19T08:50:30.551+0000] {dag.py:3947} INFO - Setting next_dagrun for example_branch_labels to 2026-05-18 00:00:00+00:00, run_after=2026-05-19 00:00:00+00:00
[2026-05-19T08:50:30.650+0000] {processor.py:183} INFO - Processing /home/airflow/.local/lib/python3.12/site-packages/airflow/example_dags/example_branch_labels.py took 0.380 seconds
[2026-05-19T08:51:01.504+0000] {processor.py:161} INFO - Started process (PID=6037) to work on /home/airflow/.local/lib/python3.12/site-packages/airflow/example_dags/example_branch_labels.py
[2026-05-19T08:51:01.506+0000] {processor.py:830} INFO - Processing file /home/airflow/.local/lib/python3.12/site-packages/airflow/example_dags/example_branch_labels.py for tasks to queue
[2026-05-19T08:51:01.515+0000] {logging_mixin.py:188} INFO - [2026-05-19T08:51:01.513+0000] {dagbag.py:545} INFO - Filling up the DagBag from /home/airflow/.local/lib/python3.12/site-packages/airflow/example_dags/example_branch_labels.py
[2026-05-19T08:51:01.541+0000] {processor.py:840} INFO - DAG(s) 'example_branch_labels' retrieved from /home/airflow/.local/lib/python3.12/site-packages/airflow/example_dags/example_branch_labels.py
[2026-05-19T08:51:01.629+0000] {logging_mixin.py:188} INFO - [2026-05-19T08:51:01.628+0000] {dag.py:3089} INFO - Sync 1 DAGs
[2026-05-19T08:51:01.741+0000] {logging_mixin.py:188} INFO - [2026-05-19T08:51:01.740+0000] {dag.py:3947} INFO - Setting next_dagrun for example_branch_labels to 2026-05-18 00:00:00+00:00, run_after=2026-05-19 00:00:00+00:00
[2026-05-19T08:51:01.811+0000] {processor.py:183} INFO - Processing /home/airflow/.local/lib/python3.12/site-packages/airflow/example_dags/example_branch_labels.py took 0.325 seconds
[2026-05-19T08:51:33.391+0000] {processor.py:161} INFO - Started process (PID=6098) to work on /home/airflow/.local/lib/python3.12/site-packages/airflow/example_dags/example_branch_labels.py
[2026-05-19T08:51:33.396+0000] {processor.py:830} INFO - Processing file /home/airflow/.local/lib/python3.12/site-packages/airflow/example_dags/example_branch_labels.py for tasks to queue
[2026-05-19T08:51:33.403+0000] {logging_mixin.py:188} INFO - [2026-05-19T08:51:33.402+0000] {dagbag.py:545} INFO - Filling up the DagBag from /home/airflow/.local/lib/python3.12/site-packages/airflow/example_dags/example_branch_labels.py
[2026-05-19T08:51:33.428+0000] {processor.py:840} INFO - DAG(s) 'example_branch_labels' retrieved from /home/airflow/.local/lib/python3.12/site-packages/airflow/example_dags/example_branch_labels.py
[2026-05-19T08:51:33.485+0000] {logging_mixin.py:188} INFO - [2026-05-19T08:51:33.484+0000] {dag.py:3089} INFO - Sync 1 DAGs
[2026-05-19T08:51:33.552+0000] {logging_mixin.py:188} INFO - [2026-05-19T08:51:33.551+0000] {dag.py:3947} INFO - Setting next_dagrun for example_branch_labels to 2026-05-18 00:00:00+00:00, run_after=2026-05-19 00:00:00+00:00
[2026-05-19T08:51:33.621+0000] {processor.py:183} INFO - Processing /home/airflow/.local/lib/python3.12/site-packages/airflow/example_dags/example_branch_labels.py took 0.272 seconds
[2026-05-19T08:52:04.430+0000] {processor.py:161} INFO - Started process (PID=6156) to work on /home/airflow/.local/lib/python3.12/site-packages/airflow/example_dags/example_branch_labels.py
[2026-05-19T08:52:04.435+0000] {processor.py:830} INFO - Processing file /home/airflow/.local/lib/python3.12/site-packages/airflow/example_dags/example_branch_labels.py for tasks to queue
[2026-05-19T08:52:04.442+0000] {logging_mixin.py:188} INFO - [2026-05-19T08:52:04.440+0000] {dagbag.py:545} INFO - Filling up the DagBag from /home/airflow/.local/lib/python3.12/site-packages/airflow/example_dags/example_branch_labels.py
[2026-05-19T08:52:04.468+0000] {processor.py:840} INFO - DAG(s) 'example_branch_labels' retrieved from /home/airflow/.local/lib/python3.12/site-packages/airflow/example_dags/example_branch_labels.py
[2026-05-19T08:52:04.540+0000] {logging_mixin.py:188} INFO - [2026-05-19T08:52:04.539+0000] {dag.py:3089} INFO - Sync 1 DAGs
[2026-05-19T08:52:04.600+0000] {logging_mixin.py:188} INFO - [2026-05-19T08:52:04.600+0000] {dag.py:3947} INFO - Setting next_dagrun for example_branch_labels to 2026-05-18 00:00:00+00:00, run_after=2026-05-19 00:00:00+00:00
[2026-05-19T08:52:04.661+0000] {processor.py:183} INFO - Processing /home/airflow/.local/lib/python3.12/site-packages/airflow/example_dags/example_branch_labels.py took 0.248 seconds
[2026-05-19T08:52:36.231+0000] {processor.py:161} INFO - Started process (PID=6217) to work on /home/airflow/.local/lib/python3.12/site-packages/airflow/example_dags/example_branch_labels.py
[2026-05-19T08:52:36.234+0000] {processor.py:830} INFO - Processing file /home/airflow/.local/lib/python3.12/site-packages/airflow/example_dags/example_branch_labels.py for tasks to queue
[2026-05-19T08:52:36.240+0000] {logging_mixin.py:188} INFO - [2026-05-19T08:52:36.239+0000] {dagbag.py:545} INFO - Filling up the DagBag from /home/airflow/.local/lib/python3.12/site-packages/airflow/example_dags/example_branch_labels.py
[2026-05-19T08:52:36.263+0000] {processor.py:840} INFO - DAG(s) 'example_branch_labels' retrieved from /home/airflow/.local/lib/python3.12/site-packages/airflow/example_dags/example_branch_labels.py
[2026-05-19T08:52:36.342+0000] {logging_mixin.py:188} INFO - [2026-05-19T08:52:36.341+0000] {dag.py:3089} INFO - Sync 1 DAGs
[2026-05-19T08:52:36.445+0000] {logging_mixin.py:188} INFO - [2026-05-19T08:52:36.443+0000] {dag.py:3947} INFO - Setting next_dagrun for example_branch_labels to 2026-05-18 00:00:00+00:00, run_after=2026-05-19 00:00:00+00:00
[2026-05-19T08:52:36.588+0000] {processor.py:183} INFO - Processing /home/airflow/.local/lib/python3.12/site-packages/airflow/example_dags/example_branch_labels.py took 0.374 seconds
[2026-05-19T08:53:07.394+0000] {processor.py:161} INFO - Started process (PID=6283) to work on /home/airflow/.local/lib/python3.12/site-packages/airflow/example_dags/example_branch_labels.py
[2026-05-19T08:53:07.399+0000] {processor.py:830} INFO - Processing file /home/airflow/.local/lib/python3.12/site-packages/airflow/example_dags/example_branch_labels.py for tasks to queue
[2026-05-19T08:53:07.410+0000] {logging_mixin.py:188} INFO - [2026-05-19T08:53:07.408+0000] {dagbag.py:545} INFO - Filling up the DagBag from /home/airflow/.local/lib/python3.12/site-packages/airflow/example_dags/example_branch_labels.py
[2026-05-19T08:53:07.442+0000] {processor.py:840} INFO - DAG(s) 'example_branch_labels' retrieved from /home/airflow/.local/lib/python3.12/site-packages/airflow/example_dags/example_branch_labels.py
[2026-05-19T08:53:07.505+0000] {logging_mixin.py:188} INFO - [2026-05-19T08:53:07.504+0000] {dag.py:3089} INFO - Sync 1 DAGs
[2026-05-19T08:53:07.605+0000] {logging_mixin.py:188} INFO - [2026-05-19T08:53:07.603+0000] {dag.py:3947} INFO - Setting next_dagrun for example_branch_labels to 2026-05-18 00:00:00+00:00, run_after=2026-05-19 00:00:00+00:00
[2026-05-19T08:53:07.723+0000] {processor.py:183} INFO - Processing /home/airflow/.local/lib/python3.12/site-packages/airflow/example_dags/example_branch_labels.py took 0.354 seconds
[2026-05-19T08:53:39.426+0000] {processor.py:161} INFO - Started process (PID=6345) to work on /home/airflow/.local/lib/python3.12/site-packages/airflow/example_dags/example_branch_labels.py
[2026-05-19T08:53:39.431+0000] {processor.py:830} INFO - Processing file /home/airflow/.local/lib/python3.12/site-packages/airflow/example_dags/example_branch_labels.py for tasks to queue
[2026-05-19T08:53:39.437+0000] {logging_mixin.py:188} INFO - [2026-05-19T08:53:39.436+0000] {dagbag.py:545} INFO - Filling up the DagBag from /home/airflow/.local/lib/python3.12/site-packages/airflow/example_dags/example_branch_labels.py
[2026-05-19T08:53:39.461+0000] {processor.py:840} INFO - DAG(s) 'example_branch_labels' retrieved from /home/airflow/.local/lib/python3.12/site-packages/airflow/example_dags/example_branch_labels.py
[2026-05-19T08:53:39.525+0000] {logging_mixin.py:188} INFO - [2026-05-19T08:53:39.524+0000] {dag.py:3089} INFO - Sync 1 DAGs
[2026-05-19T08:53:39.591+0000] {logging_mixin.py:188} INFO - [2026-05-19T08:53:39.590+0000] {dag.py:3947} INFO - Setting next_dagrun for example_branch_labels to 2026-05-18 00:00:00+00:00, run_after=2026-05-19 00:00:00+00:00
[2026-05-19T08:53:39.661+0000] {processor.py:183} INFO - Processing /home/airflow/.local/lib/python3.12/site-packages/airflow/example_dags/example_branch_labels.py took 0.253 seconds
[2026-05-19T08:54:10.567+0000] {processor.py:161} INFO - Started process (PID=6404) to work on /home/airflow/.local/lib/python3.12/site-packages/airflow/example_dags/example_branch_labels.py
[2026-05-19T08:54:10.571+0000] {processor.py:830} INFO - Processing file /home/airflow/.local/lib/python3.12/site-packages/airflow/example_dags/example_branch_labels.py for tasks to queue
[2026-05-19T08:54:10.580+0000] {logging_mixin.py:188} INFO - [2026-05-19T08:54:10.579+0000] {dagbag.py:545} INFO - Filling up the DagBag from /home/airflow/.local/lib/python3.12/site-packages/airflow/example_dags/example_branch_labels.py
[2026-05-19T08:54:10.609+0000] {processor.py:840} INFO - DAG(s) 'example_branch_labels' retrieved from /home/airflow/.local/lib/python3.12/site-packages/airflow/example_dags/example_branch_labels.py
[2026-05-19T08:54:10.689+0000] {logging_mixin.py:188} INFO - [2026-05-19T08:54:10.688+0000] {dag.py:3089} INFO - Sync 1 DAGs
[2026-05-19T08:54:10.759+0000] {logging_mixin.py:188} INFO - [2026-05-19T08:54:10.758+0000] {dag.py:3947} INFO - Setting next_dagrun for example_branch_labels to 2026-05-18 00:00:00+00:00, run_after=2026-05-19 00:00:00+00:00
[2026-05-19T08:54:10.817+0000] {processor.py:183} INFO - Processing /home/airflow/.local/lib/python3.12/site-packages/airflow/example_dags/example_branch_labels.py took 0.266 seconds
[2026-05-19T08:54:41.361+0000] {processor.py:161} INFO - Started process (PID=6465) to work on /home/airflow/.local/lib/python3.12/site-packages/airflow/example_dags/example_branch_labels.py
[2026-05-19T08:54:41.370+0000] {processor.py:830} INFO - Processing file /home/airflow/.local/lib/python3.12/site-packages/airflow/example_dags/example_branch_labels.py for tasks to queue
[2026-05-19T08:54:41.394+0000] {logging_mixin.py:188} INFO - [2026-05-19T08:54:41.391+0000] {dagbag.py:545} INFO - Filling up the DagBag from /home/airflow/.local/lib/python3.12/site-packages/airflow/example_dags/example_branch_labels.py
[2026-05-19T08:54:41.436+0000] {processor.py:840} INFO - DAG(s) 'example_branch_labels' retrieved from /home/airflow/.local/lib/python3.12/site-packages/airflow/example_dags/example_branch_labels.py
[2026-05-19T08:54:41.551+0000] {logging_mixin.py:188} INFO - [2026-05-19T08:54:41.550+0000] {dag.py:3089} INFO - Sync 1 DAGs
[2026-05-19T08:54:41.740+0000] {logging_mixin.py:188} INFO - [2026-05-19T08:54:41.738+0000] {dag.py:3947} INFO - Setting next_dagrun for example_branch_labels to 2026-05-18 00:00:00+00:00, run_after=2026-05-19 00:00:00+00:00
[2026-05-19T08:54:41.824+0000] {processor.py:183} INFO - Processing /home/airflow/.local/lib/python3.12/site-packages/airflow/example_dags/example_branch_labels.py took 0.509 seconds
[2026-05-19T08:55:14.593+0000] {processor.py:161} INFO - Started process (PID=6524) to work on /home/airflow/.local/lib/python3.12/site-packages/airflow/example_dags/example_branch_labels.py
[2026-05-19T08:55:14.597+0000] {processor.py:830} INFO - Processing file /home/airflow/.local/lib/python3.12/site-packages/airflow/example_dags/example_branch_labels.py for tasks to queue
[2026-05-19T08:55:14.602+0000] {logging_mixin.py:188} INFO - [2026-05-19T08:55:14.601+0000] {dagbag.py:545} INFO - Filling up the DagBag from /home/airflow/.local/lib/python3.12/site-packages/airflow/example_dags/example_branch_labels.py
[2026-05-19T08:55:14.617+0000] {processor.py:840} INFO - DAG(s) 'example_branch_labels' retrieved from /home/airflow/.local/lib/python3.12/site-packages/airflow/example_dags/example_branch_labels.py
[2026-05-19T08:55:14.672+0000] {logging_mixin.py:188} INFO - [2026-05-19T08:55:14.671+0000] {dag.py:3089} INFO - Sync 1 DAGs
[2026-05-19T08:55:14.733+0000] {logging_mixin.py:188} INFO - [2026-05-19T08:55:14.732+0000] {dag.py:3947} INFO - Setting next_dagrun for example_branch_labels to 2026-05-18 00:00:00+00:00, run_after=2026-05-19 00:00:00+00:00
[2026-05-19T08:55:14.793+0000] {processor.py:183} INFO - Processing /home/airflow/.local/lib/python3.12/site-packages/airflow/example_dags/example_branch_labels.py took 0.214 seconds
[2026-05-19T08:55:45.521+0000] {processor.py:161} INFO - Started process (PID=6583) to work on /home/airflow/.local/lib/python3.12/site-packages/airflow/example_dags/example_branch_labels.py
[2026-05-19T08:55:45.524+0000] {processor.py:830} INFO - Processing file /home/airflow/.local/lib/python3.12/site-packages/airflow/example_dags/example_branch_labels.py for tasks to queue
[2026-05-19T08:55:45.532+0000] {logging_mixin.py:188} INFO - [2026-05-19T08:55:45.530+0000] {dagbag.py:545} INFO - Filling up the DagBag from /home/airflow/.local/lib/python3.12/site-packages/airflow/example_dags/example_branch_labels.py
[2026-05-19T08:55:45.556+0000] {processor.py:840} INFO - DAG(s) 'example_branch_labels' retrieved from /home/airflow/.local/lib/python3.12/site-packages/airflow/example_dags/example_branch_labels.py
[2026-05-19T08:55:45.648+0000] {logging_mixin.py:188} INFO - [2026-05-19T08:55:45.646+0000] {dag.py:3089} INFO - Sync 1 DAGs
[2026-05-19T08:55:45.895+0000] {logging_mixin.py:188} INFO - [2026-05-19T08:55:45.885+0000] {dag.py:3947} INFO - Setting next_dagrun for example_branch_labels to 2026-05-18 00:00:00+00:00, run_after=2026-05-19 00:00:00+00:00
[2026-05-19T08:55:46.169+0000] {processor.py:183} INFO - Processing /home/airflow/.local/lib/python3.12/site-packages/airflow/example_dags/example_branch_labels.py took 0.665 seconds
[2026-05-19T08:56:16.943+0000] {processor.py:161} INFO - Started process (PID=6642) to work on /home/airflow/.local/lib/python3.12/site-packages/airflow/example_dags/example_branch_labels.py
[2026-05-19T08:56:16.946+0000] {processor.py:830} INFO - Processing file /home/airflow/.local/lib/python3.12/site-packages/airflow/example_dags/example_branch_labels.py for tasks to queue
[2026-05-19T08:56:16.952+0000] {logging_mixin.py:188} INFO - [2026-05-19T08:56:16.951+0000] {dagbag.py:545} INFO - Filling up the DagBag from /home/airflow/.local/lib/python3.12/site-packages/airflow/example_dags/example_branch_labels.py
[2026-05-19T08:56:16.975+0000] {processor.py:840} INFO - DAG(s) 'example_branch_labels' retrieved from /home/airflow/.local/lib/python3.12/site-packages/airflow/example_dags/example_branch_labels.py
[2026-05-19T08:56:17.057+0000] {logging_mixin.py:188} INFO - [2026-05-19T08:56:17.056+0000] {dag.py:3089} INFO - Sync 1 DAGs
[2026-05-19T08:56:17.146+0000] {logging_mixin.py:188} INFO - [2026-05-19T08:56:17.145+0000] {dag.py:3947} INFO - Setting next_dagrun for example_branch_labels to 2026-05-18 00:00:00+00:00, run_after=2026-05-19 00:00:00+00:00
[2026-05-19T08:56:17.262+0000] {processor.py:183} INFO - Processing /home/airflow/.local/lib/python3.12/site-packages/airflow/example_dags/example_branch_labels.py took 0.338 seconds
[2026-05-19T08:56:48.544+0000] {processor.py:161} INFO - Started process (PID=6702) to work on /home/airflow/.local/lib/python3.12/site-packages/airflow/example_dags/example_branch_labels.py
[2026-05-19T08:56:48.549+0000] {processor.py:830} INFO - Processing file /home/airflow/.local/lib/python3.12/site-packages/airflow/example_dags/example_branch_labels.py for tasks to queue
[2026-05-19T08:56:48.557+0000] {logging_mixin.py:188} INFO - [2026-05-19T08:56:48.555+0000] {dagbag.py:545} INFO - Filling up the DagBag from /home/airflow/.local/lib/python3.12/site-packages/airflow/example_dags/example_branch_labels.py
[2026-05-19T08:56:48.596+0000] {processor.py:840} INFO - DAG(s) 'example_branch_labels' retrieved from /home/airflow/.local/lib/python3.12/site-packages/airflow/example_dags/example_branch_labels.py
[2026-05-19T08:56:48.722+0000] {logging_mixin.py:188} INFO - [2026-05-19T08:56:48.722+0000] {dag.py:3089} INFO - Sync 1 DAGs
[2026-05-19T08:56:48.798+0000] {logging_mixin.py:188} INFO - [2026-05-19T08:56:48.798+0000] {dag.py:3947} INFO - Setting next_dagrun for example_branch_labels to 2026-05-18 00:00:00+00:00, run_after=2026-05-19 00:00:00+00:00
[2026-05-19T08:56:48.881+0000] {processor.py:183} INFO - Processing /home/airflow/.local/lib/python3.12/site-packages/airflow/example_dags/example_branch_labels.py took 0.365 seconds
[2026-05-19T08:57:19.113+0000] {processor.py:161} INFO - Started process (PID=6759) to work on /home/airflow/.local/lib/python3.12/site-packages/airflow/example_dags/example_branch_labels.py
[2026-05-19T08:57:19.116+0000] {processor.py:830} INFO - Processing file /home/airflow/.local/lib/python3.12/site-packages/airflow/example_dags/example_branch_labels.py for tasks to queue
[2026-05-19T08:57:19.123+0000] {logging_mixin.py:188} INFO - [2026-05-19T08:57:19.122+0000] {dagbag.py:545} INFO - Filling up the DagBag from /home/airflow/.local/lib/python3.12/site-packages/airflow/example_dags/example_branch_labels.py
[2026-05-19T08:57:19.156+0000] {processor.py:840} INFO - DAG(s) 'example_branch_labels' retrieved from /home/airflow/.local/lib/python3.12/site-packages/airflow/example_dags/example_branch_labels.py
[2026-05-19T08:57:19.254+0000] {logging_mixin.py:188} INFO - [2026-05-19T08:57:19.253+0000] {dag.py:3089} INFO - Sync 1 DAGs
[2026-05-19T08:57:19.370+0000] {logging_mixin.py:188} INFO - [2026-05-19T08:57:19.369+0000] {dag.py:3947} INFO - Setting next_dagrun for example_branch_labels to 2026-05-18 00:00:00+00:00, run_after=2026-05-19 00:00:00+00:00
[2026-05-19T08:57:19.435+0000] {processor.py:183} INFO - Processing /home/airflow/.local/lib/python3.12/site-packages/airflow/example_dags/example_branch_labels.py took 0.343 seconds
[2026-05-19T08:57:50.046+0000] {processor.py:161} INFO - Started process (PID=6819) to work on /home/airflow/.local/lib/python3.12/site-packages/airflow/example_dags/example_branch_labels.py
[2026-05-19T08:57:50.051+0000] {processor.py:830} INFO - Processing file /home/airflow/.local/lib/python3.12/site-packages/airflow/example_dags/example_branch_labels.py for tasks to queue
[2026-05-19T08:57:50.061+0000] {logging_mixin.py:188} INFO - [2026-05-19T08:57:50.060+0000] {dagbag.py:545} INFO - Filling up the DagBag from /home/airflow/.local/lib/python3.12/site-packages/airflow/example_dags/example_branch_labels.py
[2026-05-19T08:57:50.091+0000] {processor.py:840} INFO - DAG(s) 'example_branch_labels' retrieved from /home/airflow/.local/lib/python3.12/site-packages/airflow/example_dags/example_branch_labels.py
[2026-05-19T08:57:50.197+0000] {logging_mixin.py:188} INFO - [2026-05-19T08:57:50.195+0000] {dag.py:3089} INFO - Sync 1 DAGs
[2026-05-19T08:57:50.300+0000] {logging_mixin.py:188} INFO - [2026-05-19T08:57:50.299+0000] {dag.py:3947} INFO - Setting next_dagrun for example_branch_labels to 2026-05-18 00:00:00+00:00, run_after=2026-05-19 00:00:00+00:00
[2026-05-19T08:57:50.462+0000] {processor.py:183} INFO - Processing /home/airflow/.local/lib/python3.12/site-packages/airflow/example_dags/example_branch_labels.py took 0.441 seconds
[2026-05-19T08:58:21.363+0000] {processor.py:161} INFO - Started process (PID=6880) to work on /home/airflow/.local/lib/python3.12/site-packages/airflow/example_dags/example_branch_labels.py
[2026-05-19T08:58:21.366+0000] {processor.py:830} INFO - Processing file /home/airflow/.local/lib/python3.12/site-packages/airflow/example_dags/example_branch_labels.py for tasks to queue
[2026-05-19T08:58:21.375+0000] {logging_mixin.py:188} INFO - [2026-05-19T08:58:21.374+0000] {dagbag.py:545} INFO - Filling up the DagBag from /home/airflow/.local/lib/python3.12/site-packages/airflow/example_dags/example_branch_labels.py
[2026-05-19T08:58:21.410+0000] {processor.py:840} INFO - DAG(s) 'example_branch_labels' retrieved from /home/airflow/.local/lib/python3.12/site-packages/airflow/example_dags/example_branch_labels.py
[2026-05-19T08:58:21.477+0000] {logging_mixin.py:188} INFO - [2026-05-19T08:58:21.476+0000] {dag.py:3089} INFO - Sync 1 DAGs
[2026-05-19T08:58:21.545+0000] {logging_mixin.py:188} INFO - [2026-05-19T08:58:21.544+0000] {dag.py:3947} INFO - Setting next_dagrun for example_branch_labels to 2026-05-18 00:00:00+00:00, run_after=2026-05-19 00:00:00+00:00
[2026-05-19T08:58:21.606+0000] {processor.py:183} INFO - Processing /home/airflow/.local/lib/python3.12/site-packages/airflow/example_dags/example_branch_labels.py took 0.278 seconds
[2026-05-19T08:58:52.565+0000] {processor.py:161} INFO - Started process (PID=6940) to work on /home/airflow/.local/lib/python3.12/site-packages/airflow/example_dags/example_branch_labels.py
[2026-05-19T08:58:52.568+0000] {processor.py:830} INFO - Processing file /home/airflow/.local/lib/python3.12/site-packages/airflow/example_dags/example_branch_labels.py for tasks to queue
[2026-05-19T08:58:52.578+0000] {logging_mixin.py:188} INFO - [2026-05-19T08:58:52.576+0000] {dagbag.py:545} INFO - Filling up the DagBag from /home/airflow/.local/lib/python3.12/site-packages/airflow/example_dags/example_branch_labels.py
[2026-05-19T08:58:52.615+0000] {processor.py:840} INFO - DAG(s) 'example_branch_labels' retrieved from /home/airflow/.local/lib/python3.12/site-packages/airflow/example_dags/example_branch_labels.py
[2026-05-19T08:58:52.752+0000] {logging_mixin.py:188} INFO - [2026-05-19T08:58:52.752+0000] {dag.py:3089} INFO - Sync 1 DAGs
[2026-05-19T08:58:52.844+0000] {logging_mixin.py:188} INFO - [2026-05-19T08:58:52.843+0000] {dag.py:3947} INFO - Setting next_dagrun for example_branch_labels to 2026-05-18 00:00:00+00:00, run_after=2026-05-19 00:00:00+00:00
[2026-05-19T08:58:52.931+0000] {processor.py:183} INFO - Processing /home/airflow/.local/lib/python3.12/site-packages/airflow/example_dags/example_branch_labels.py took 0.387 seconds
[2026-05-19T08:59:26.710+0000] {processor.py:161} INFO - Started process (PID=6999) to work on /home/airflow/.local/lib/python3.12/site-packages/airflow/example_dags/example_branch_labels.py
[2026-05-19T08:59:26.713+0000] {processor.py:830} INFO - Processing file /home/airflow/.local/lib/python3.12/site-packages/airflow/example_dags/example_branch_labels.py for tasks to queue
[2026-05-19T08:59:26.717+0000] {logging_mixin.py:188} INFO - [2026-05-19T08:59:26.716+0000] {dagbag.py:545} INFO - Filling up the DagBag from /home/airflow/.local/lib/python3.12/site-packages/airflow/example_dags/example_branch_labels.py
[2026-05-19T08:59:26.733+0000] {processor.py:840} INFO - DAG(s) 'example_branch_labels' retrieved from /home/airflow/.local/lib/python3.12/site-packages/airflow/example_dags/example_branch_labels.py
[2026-05-19T08:59:26.782+0000] {logging_mixin.py:188} INFO - [2026-05-19T08:59:26.781+0000] {dag.py:3089} INFO - Sync 1 DAGs
[2026-05-19T08:59:26.823+0000] {logging_mixin.py:188} INFO - [2026-05-19T08:59:26.822+0000] {dag.py:3947} INFO - Setting next_dagrun for example_branch_labels to 2026-05-18 00:00:00+00:00, run_after=2026-05-19 00:00:00+00:00
[2026-05-19T08:59:26.866+0000] {processor.py:183} INFO - Processing /home/airflow/.local/lib/python3.12/site-packages/airflow/example_dags/example_branch_labels.py took 0.169 seconds
[2026-05-19T09:00:02.878+0000] {processor.py:161} INFO - Started process (PID=7055) to work on /home/airflow/.local/lib/python3.12/site-packages/airflow/example_dags/example_branch_labels.py
[2026-05-19T09:00:02.886+0000] {processor.py:830} INFO - Processing file /home/airflow/.local/lib/python3.12/site-packages/airflow/example_dags/example_branch_labels.py for tasks to queue
[2026-05-19T09:00:02.895+0000] {logging_mixin.py:188} INFO - [2026-05-19T09:00:02.893+0000] {dagbag.py:545} INFO - Filling up the DagBag from /home/airflow/.local/lib/python3.12/site-packages/airflow/example_dags/example_branch_labels.py
[2026-05-19T09:00:02.932+0000] {processor.py:840} INFO - DAG(s) 'example_branch_labels' retrieved from /home/airflow/.local/lib/python3.12/site-packages/airflow/example_dags/example_branch_labels.py
[2026-05-19T09:00:03.164+0000] {logging_mixin.py:188} INFO - [2026-05-19T09:00:03.162+0000] {dag.py:3089} INFO - Sync 1 DAGs
[2026-05-19T09:00:04.068+0000] {logging_mixin.py:188} INFO - [2026-05-19T09:00:04.065+0000] {dag.py:3947} INFO - Setting next_dagrun for example_branch_labels to 2026-05-18 00:00:00+00:00, run_after=2026-05-19 00:00:00+00:00
[2026-05-19T09:00:04.156+0000] {processor.py:183} INFO - Processing /home/airflow/.local/lib/python3.12/site-packages/airflow/example_dags/example_branch_labels.py took 1.313 seconds
[2026-05-19T09:00:34.431+0000] {processor.py:161} INFO - Started process (PID=7115) to work on /home/airflow/.local/lib/python3.12/site-packages/airflow/example_dags/example_branch_labels.py
[2026-05-19T09:00:34.434+0000] {processor.py:830} INFO - Processing file /home/airflow/.local/lib/python3.12/site-packages/airflow/example_dags/example_branch_labels.py for tasks to queue
[2026-05-19T09:00:34.444+0000] {logging_mixin.py:188} INFO - [2026-05-19T09:00:34.443+0000] {dagbag.py:545} INFO - Filling up the DagBag from /home/airflow/.local/lib/python3.12/site-packages/airflow/example_dags/example_branch_labels.py
[2026-05-19T09:00:34.484+0000] {processor.py:840} INFO - DAG(s) 'example_branch_labels' retrieved from /home/airflow/.local/lib/python3.12/site-packages/airflow/example_dags/example_branch_labels.py
[2026-05-19T09:00:34.596+0000] {logging_mixin.py:188} INFO - [2026-05-19T09:00:34.595+0000] {dag.py:3089} INFO - Sync 1 DAGs
[2026-05-19T09:00:34.689+0000] {logging_mixin.py:188} INFO - [2026-05-19T09:00:34.688+0000] {dag.py:3947} INFO - Setting next_dagrun for example_branch_labels to 2026-05-18 00:00:00+00:00, run_after=2026-05-19 00:00:00+00:00
[2026-05-19T09:00:34.738+0000] {processor.py:183} INFO - Processing /home/airflow/.local/lib/python3.12/site-packages/airflow/example_dags/example_branch_labels.py took 0.330 seconds
[2026-05-19T09:01:05.416+0000] {processor.py:161} INFO - Started process (PID=7176) to work on /home/airflow/.local/lib/python3.12/site-packages/airflow/example_dags/example_branch_labels.py
[2026-05-19T09:01:05.419+0000] {processor.py:830} INFO - Processing file /home/airflow/.local/lib/python3.12/site-packages/airflow/example_dags/example_branch_labels.py for tasks to queue
[2026-05-19T09:01:05.430+0000] {logging_mixin.py:188} INFO - [2026-05-19T09:01:05.429+0000] {dagbag.py:545} INFO - Filling up the DagBag from /home/airflow/.local/lib/python3.12/site-packages/airflow/example_dags/example_branch_labels.py
[2026-05-19T09:01:05.457+0000] {processor.py:840} INFO - DAG(s) 'example_branch_labels' retrieved from /home/airflow/.local/lib/python3.12/site-packages/airflow/example_dags/example_branch_labels.py
[2026-05-19T09:01:05.546+0000] {logging_mixin.py:188} INFO - [2026-05-19T09:01:05.545+0000] {dag.py:3089} INFO - Sync 1 DAGs
[2026-05-19T09:01:05.638+0000] {logging_mixin.py:188} INFO - [2026-05-19T09:01:05.637+0000] {dag.py:3947} INFO - Setting next_dagrun for example_branch_labels to 2026-05-18 00:00:00+00:00, run_after=2026-05-19 00:00:00+00:00
[2026-05-19T09:01:05.712+0000] {processor.py:183} INFO - Processing /home/airflow/.local/lib/python3.12/site-packages/airflow/example_dags/example_branch_labels.py took 0.313 seconds
[2026-05-19T09:01:39.172+0000] {processor.py:161} INFO - Started process (PID=7236) to work on /home/airflow/.local/lib/python3.12/site-packages/airflow/example_dags/example_branch_labels.py
[2026-05-19T09:01:39.177+0000] {processor.py:830} INFO - Processing file /home/airflow/.local/lib/python3.12/site-packages/airflow/example_dags/example_branch_labels.py for tasks to queue
[2026-05-19T09:01:39.182+0000] {logging_mixin.py:188} INFO - [2026-05-19T09:01:39.181+0000] {dagbag.py:545} INFO - Filling up the DagBag from /home/airflow/.local/lib/python3.12/site-packages/airflow/example_dags/example_branch_labels.py
[2026-05-19T09:01:39.205+0000] {processor.py:840} INFO - DAG(s) 'example_branch_labels' retrieved from /home/airflow/.local/lib/python3.12/site-packages/airflow/example_dags/example_branch_labels.py
[2026-05-19T09:01:39.302+0000] {logging_mixin.py:188} INFO - [2026-05-19T09:01:39.299+0000] {dag.py:3089} INFO - Sync 1 DAGs
[2026-05-19T09:01:39.888+0000] {logging_mixin.py:188} INFO - [2026-05-19T09:01:39.887+0000] {dag.py:3947} INFO - Setting next_dagrun for example_branch_labels to 2026-05-18 00:00:00+00:00, run_after=2026-05-19 00:00:00+00:00
[2026-05-19T09:01:39.944+0000] {processor.py:183} INFO - Processing /home/airflow/.local/lib/python3.12/site-packages/airflow/example_dags/example_branch_labels.py took 0.786 seconds
[2026-05-19T09:02:10.354+0000] {processor.py:161} INFO - Started process (PID=7296) to work on /home/airflow/.local/lib/python3.12/site-packages/airflow/example_dags/example_branch_labels.py
[2026-05-19T09:02:10.358+0000] {processor.py:830} INFO - Processing file /home/airflow/.local/lib/python3.12/site-packages/airflow/example_dags/example_branch_labels.py for tasks to queue
[2026-05-19T09:02:10.364+0000] {logging_mixin.py:188} INFO - [2026-05-19T09:02:10.363+0000] {dagbag.py:545} INFO - Filling up the DagBag from /home/airflow/.local/lib/python3.12/site-packages/airflow/example_dags/example_branch_labels.py
[2026-05-19T09:02:10.388+0000] {processor.py:840} INFO - DAG(s) 'example_branch_labels' retrieved from /home/airflow/.local/lib/python3.12/site-packages/airflow/example_dags/example_branch_labels.py
[2026-05-19T09:02:10.472+0000] {logging_mixin.py:188} INFO - [2026-05-19T09:02:10.471+0000] {dag.py:3089} INFO - Sync 1 DAGs
[2026-05-19T09:02:10.551+0000] {logging_mixin.py:188} INFO - [2026-05-19T09:02:10.550+0000] {dag.py:3947} INFO - Setting next_dagrun for example_branch_labels to 2026-05-18 00:00:00+00:00, run_after=2026-05-19 00:00:00+00:00
[2026-05-19T09:02:10.643+0000] {processor.py:183} INFO - Processing /home/airflow/.local/lib/python3.12/site-packages/airflow/example_dags/example_branch_labels.py took 0.305 seconds
[2026-05-19T09:02:41.396+0000] {processor.py:161} INFO - Started process (PID=7356) to work on /home/airflow/.local/lib/python3.12/site-packages/airflow/example_dags/example_branch_labels.py
[2026-05-19T09:02:41.401+0000] {processor.py:830} INFO - Processing file /home/airflow/.local/lib/python3.12/site-packages/airflow/example_dags/example_branch_labels.py for tasks to queue
[2026-05-19T09:02:41.407+0000] {logging_mixin.py:188} INFO - [2026-05-19T09:02:41.406+0000] {dagbag.py:545} INFO - Filling up the DagBag from /home/airflow/.local/lib/python3.12/site-packages/airflow/example_dags/example_branch_labels.py
[2026-05-19T09:02:41.430+0000] {processor.py:840} INFO - DAG(s) 'example_branch_labels' retrieved from /home/airflow/.local/lib/python3.12/site-packages/airflow/example_dags/example_branch_labels.py
[2026-05-19T09:02:41.536+0000] {logging_mixin.py:188} INFO - [2026-05-19T09:02:41.535+0000] {dag.py:3089} INFO - Sync 1 DAGs
[2026-05-19T09:02:41.627+0000] {logging_mixin.py:188} INFO - [2026-05-19T09:02:41.626+0000] {dag.py:3947} INFO - Setting next_dagrun for example_branch_labels to 2026-05-18 00:00:00+00:00, run_after=2026-05-19 00:00:00+00:00
[2026-05-19T09:02:41.749+0000] {processor.py:183} INFO - Processing /home/airflow/.local/lib/python3.12/site-packages/airflow/example_dags/example_branch_labels.py took 0.371 seconds
[2026-05-19T09:03:12.706+0000] {processor.py:161} INFO - Started process (PID=7422) to work on /home/airflow/.local/lib/python3.12/site-packages/airflow/example_dags/example_branch_labels.py
[2026-05-19T09:03:12.709+0000] {processor.py:830} INFO - Processing file /home/airflow/.local/lib/python3.12/site-packages/airflow/example_dags/example_branch_labels.py for tasks to queue
[2026-05-19T09:03:12.717+0000] {logging_mixin.py:188} INFO - [2026-05-19T09:03:12.716+0000] {dagbag.py:545} INFO - Filling up the DagBag from /home/airflow/.local/lib/python3.12/site-packages/airflow/example_dags/example_branch_labels.py
[2026-05-19T09:03:12.739+0000] {processor.py:840} INFO - DAG(s) 'example_branch_labels' retrieved from /home/airflow/.local/lib/python3.12/site-packages/airflow/example_dags/example_branch_labels.py
[2026-05-19T09:03:12.810+0000] {logging_mixin.py:188} INFO - [2026-05-19T09:03:12.809+0000] {dag.py:3089} INFO - Sync 1 DAGs
[2026-05-19T09:03:12.905+0000] {logging_mixin.py:188} INFO - [2026-05-19T09:03:12.904+0000] {dag.py:3947} INFO - Setting next_dagrun for example_branch_labels to 2026-05-18 00:00:00+00:00, run_after=2026-05-19 00:00:00+00:00
[2026-05-19T09:03:12.973+0000] {processor.py:183} INFO - Processing /home/airflow/.local/lib/python3.12/site-packages/airflow/example_dags/example_branch_labels.py took 0.283 seconds
[2026-05-19T09:03:43.261+0000] {processor.py:161} INFO - Started process (PID=7480) to work on /home/airflow/.local/lib/python3.12/site-packages/airflow/example_dags/example_branch_labels.py
[2026-05-19T09:03:43.269+0000] {processor.py:830} INFO - Processing file /home/airflow/.local/lib/python3.12/site-packages/airflow/example_dags/example_branch_labels.py for tasks to queue
[2026-05-19T09:03:43.292+0000] {logging_mixin.py:188} INFO - [2026-05-19T09:03:43.290+0000] {dagbag.py:545} INFO - Filling up the DagBag from /home/airflow/.local/lib/python3.12/site-packages/airflow/example_dags/example_branch_labels.py
[2026-05-19T09:03:43.372+0000] {processor.py:840} INFO - DAG(s) 'example_branch_labels' retrieved from /home/airflow/.local/lib/python3.12/site-packages/airflow/example_dags/example_branch_labels.py
[2026-05-19T09:03:43.600+0000] {logging_mixin.py:188} INFO - [2026-05-19T09:03:43.599+0000] {dag.py:3089} INFO - Sync 1 DAGs
[2026-05-19T09:03:43.911+0000] {logging_mixin.py:188} INFO - [2026-05-19T09:03:43.910+0000] {dag.py:3947} INFO - Setting next_dagrun for example_branch_labels to 2026-05-18 00:00:00+00:00, run_after=2026-05-19 00:00:00+00:00
[2026-05-19T09:03:44.087+0000] {processor.py:183} INFO - Processing /home/airflow/.local/lib/python3.12/site-packages/airflow/example_dags/example_branch_labels.py took 0.879 seconds
[2026-05-19T09:04:14.220+0000] {processor.py:161} INFO - Started process (PID=7540) to work on /home/airflow/.local/lib/python3.12/site-packages/airflow/example_dags/example_branch_labels.py
[2026-05-19T09:04:14.224+0000] {processor.py:830} INFO - Processing file /home/airflow/.local/lib/python3.12/site-packages/airflow/example_dags/example_branch_labels.py for tasks to queue
[2026-05-19T09:04:14.230+0000] {logging_mixin.py:188} INFO - [2026-05-19T09:04:14.229+0000] {dagbag.py:545} INFO - Filling up the DagBag from /home/airflow/.local/lib/python3.12/site-packages/airflow/example_dags/example_branch_labels.py
[2026-05-19T09:04:14.249+0000] {processor.py:840} INFO - DAG(s) 'example_branch_labels' retrieved from /home/airflow/.local/lib/python3.12/site-packages/airflow/example_dags/example_branch_labels.py
[2026-05-19T09:04:14.310+0000] {logging_mixin.py:188} INFO - [2026-05-19T09:04:14.309+0000] {dag.py:3089} INFO - Sync 1 DAGs
[2026-05-19T09:04:14.373+0000] {logging_mixin.py:188} INFO - [2026-05-19T09:04:14.372+0000] {dag.py:3947} INFO - Setting next_dagrun for example_branch_labels to 2026-05-18 00:00:00+00:00, run_after=2026-05-19 00:00:00+00:00
[2026-05-19T09:04:14.435+0000] {processor.py:183} INFO - Processing /home/airflow/.local/lib/python3.12/site-packages/airflow/example_dags/example_branch_labels.py took 0.234 seconds
[2026-05-19T09:04:44.867+0000] {processor.py:161} INFO - Started process (PID=7600) to work on /home/airflow/.local/lib/python3.12/site-packages/airflow/example_dags/example_branch_labels.py
[2026-05-19T09:04:44.871+0000] {processor.py:830} INFO - Processing file /home/airflow/.local/lib/python3.12/site-packages/airflow/example_dags/example_branch_labels.py for tasks to queue
[2026-05-19T09:04:44.881+0000] {logging_mixin.py:188} INFO - [2026-05-19T09:04:44.880+0000] {dagbag.py:545} INFO - Filling up the DagBag from /home/airflow/.local/lib/python3.12/site-packages/airflow/example_dags/example_branch_labels.py
[2026-05-19T09:04:44.902+0000] {processor.py:840} INFO - DAG(s) 'example_branch_labels' retrieved from /home/airflow/.local/lib/python3.12/site-packages/airflow/example_dags/example_branch_labels.py
[2026-05-19T09:04:44.979+0000] {logging_mixin.py:188} INFO - [2026-05-19T09:04:44.979+0000] {dag.py:3089} INFO - Sync 1 DAGs
[2026-05-19T09:04:45.061+0000] {logging_mixin.py:188} INFO - [2026-05-19T09:04:45.061+0000] {dag.py:3947} INFO - Setting next_dagrun for example_branch_labels to 2026-05-18 00:00:00+00:00, run_after=2026-05-19 00:00:00+00:00
[2026-05-19T09:04:45.138+0000] {processor.py:183} INFO - Processing /home/airflow/.local/lib/python3.12/site-packages/airflow/example_dags/example_branch_labels.py took 0.287 seconds
[2026-05-19T09:05:16.061+0000] {processor.py:161} INFO - Started process (PID=7660) to work on /home/airflow/.local/lib/python3.12/site-packages/airflow/example_dags/example_branch_labels.py
[2026-05-19T09:05:16.066+0000] {processor.py:830} INFO - Processing file /home/airflow/.local/lib/python3.12/site-packages/airflow/example_dags/example_branch_labels.py for tasks to queue
[2026-05-19T09:05:16.075+0000] {logging_mixin.py:188} INFO - [2026-05-19T09:05:16.074+0000] {dagbag.py:545} INFO - Filling up the DagBag from /home/airflow/.local/lib/python3.12/site-packages/airflow/example_dags/example_branch_labels.py
[2026-05-19T09:05:16.122+0000] {processor.py:840} INFO - DAG(s) 'example_branch_labels' retrieved from /home/airflow/.local/lib/python3.12/site-packages/airflow/example_dags/example_branch_labels.py
[2026-05-19T09:05:16.237+0000] {logging_mixin.py:188} INFO - [2026-05-19T09:05:16.236+0000] {dag.py:3089} INFO - Sync 1 DAGs
[2026-05-19T09:05:16.318+0000] {logging_mixin.py:188} INFO - [2026-05-19T09:05:16.317+0000] {dag.py:3947} INFO - Setting next_dagrun for example_branch_labels to 2026-05-18 00:00:00+00:00, run_after=2026-05-19 00:00:00+00:00
[2026-05-19T09:05:16.383+0000] {processor.py:183} INFO - Processing /home/airflow/.local/lib/python3.12/site-packages/airflow/example_dags/example_branch_labels.py took 0.338 seconds
[2026-05-19T09:05:47.077+0000] {processor.py:161} INFO - Started process (PID=7720) to work on /home/airflow/.local/lib/python3.12/site-packages/airflow/example_dags/example_branch_labels.py
[2026-05-19T09:05:47.081+0000] {processor.py:830} INFO - Processing file /home/airflow/.local/lib/python3.12/site-packages/airflow/example_dags/example_branch_labels.py for tasks to queue
[2026-05-19T09:05:47.087+0000] {logging_mixin.py:188} INFO - [2026-05-19T09:05:47.086+0000] {dagbag.py:545} INFO - Filling up the DagBag from /home/airflow/.local/lib/python3.12/site-packages/airflow/example_dags/example_branch_labels.py
[2026-05-19T09:05:47.113+0000] {processor.py:840} INFO - DAG(s) 'example_branch_labels' retrieved from /home/airflow/.local/lib/python3.12/site-packages/airflow/example_dags/example_branch_labels.py
[2026-05-19T09:05:47.184+0000] {logging_mixin.py:188} INFO - [2026-05-19T09:05:47.183+0000] {dag.py:3089} INFO - Sync 1 DAGs
[2026-05-19T09:05:47.326+0000] {logging_mixin.py:188} INFO - [2026-05-19T09:05:47.321+0000] {dag.py:3947} INFO - Setting next_dagrun for example_branch_labels to 2026-05-18 00:00:00+00:00, run_after=2026-05-19 00:00:00+00:00
[2026-05-19T09:05:47.409+0000] {processor.py:183} INFO - Processing /home/airflow/.local/lib/python3.12/site-packages/airflow/example_dags/example_branch_labels.py took 0.357 seconds
[2026-05-19T09:06:18.181+0000] {processor.py:161} INFO - Started process (PID=7780) to work on /home/airflow/.local/lib/python3.12/site-packages/airflow/example_dags/example_branch_labels.py
[2026-05-19T09:06:18.184+0000] {processor.py:830} INFO - Processing file /home/airflow/.local/lib/python3.12/site-packages/airflow/example_dags/example_branch_labels.py for tasks to queue
[2026-05-19T09:06:18.192+0000] {logging_mixin.py:188} INFO - [2026-05-19T09:06:18.191+0000] {dagbag.py:545} INFO - Filling up the DagBag from /home/airflow/.local/lib/python3.12/site-packages/airflow/example_dags/example_branch_labels.py
[2026-05-19T09:06:18.213+0000] {processor.py:840} INFO - DAG(s) 'example_branch_labels' retrieved from /home/airflow/.local/lib/python3.12/site-packages/airflow/example_dags/example_branch_labels.py
[2026-05-19T09:06:18.308+0000] {logging_mixin.py:188} INFO - [2026-05-19T09:06:18.307+0000] {dag.py:3089} INFO - Sync 1 DAGs
[2026-05-19T09:06:18.424+0000] {logging_mixin.py:188} INFO - [2026-05-19T09:06:18.423+0000] {dag.py:3947} INFO - Setting next_dagrun for example_branch_labels to 2026-05-18 00:00:00+00:00, run_after=2026-05-19 00:00:00+00:00
[2026-05-19T09:06:18.487+0000] {processor.py:183} INFO - Processing /home/airflow/.local/lib/python3.12/site-packages/airflow/example_dags/example_branch_labels.py took 0.330 seconds
[2026-05-19T09:06:48.788+0000] {processor.py:161} INFO - Started process (PID=7839) to work on /home/airflow/.local/lib/python3.12/site-packages/airflow/example_dags/example_branch_labels.py
[2026-05-19T09:06:48.792+0000] {processor.py:830} INFO - Processing file /home/airflow/.local/lib/python3.12/site-packages/airflow/example_dags/example_branch_labels.py for tasks to queue
[2026-05-19T09:06:48.801+0000] {logging_mixin.py:188} INFO - [2026-05-19T09:06:48.800+0000] {dagbag.py:545} INFO - Filling up the DagBag from /home/airflow/.local/lib/python3.12/site-packages/airflow/example_dags/example_branch_labels.py
[2026-05-19T09:06:48.825+0000] {processor.py:840} INFO - DAG(s) 'example_branch_labels' retrieved from /home/airflow/.local/lib/python3.12/site-packages/airflow/example_dags/example_branch_labels.py
[2026-05-19T09:06:48.903+0000] {logging_mixin.py:188} INFO - [2026-05-19T09:06:48.903+0000] {dag.py:3089} INFO - Sync 1 DAGs
[2026-05-19T09:06:48.967+0000] {logging_mixin.py:188} INFO - [2026-05-19T09:06:48.967+0000] {dag.py:3947} INFO - Setting next_dagrun for example_branch_labels to 2026-05-18 00:00:00+00:00, run_after=2026-05-19 00:00:00+00:00
[2026-05-19T09:06:49.024+0000] {processor.py:183} INFO - Processing /home/airflow/.local/lib/python3.12/site-packages/airflow/example_dags/example_branch_labels.py took 0.254 seconds
[2026-05-19T09:07:19.553+0000] {processor.py:161} INFO - Started process (PID=7899) to work on /home/airflow/.local/lib/python3.12/site-packages/airflow/example_dags/example_branch_labels.py
[2026-05-19T09:07:19.560+0000] {processor.py:830} INFO - Processing file /home/airflow/.local/lib/python3.12/site-packages/airflow/example_dags/example_branch_labels.py for tasks to queue
[2026-05-19T09:07:19.572+0000] {logging_mixin.py:188} INFO - [2026-05-19T09:07:19.570+0000] {dagbag.py:545} INFO - Filling up the DagBag from /home/airflow/.local/lib/python3.12/site-packages/airflow/example_dags/example_branch_labels.py
[2026-05-19T09:07:19.612+0000] {processor.py:840} INFO - DAG(s) 'example_branch_labels' retrieved from /home/airflow/.local/lib/python3.12/site-packages/airflow/example_dags/example_branch_labels.py
[2026-05-19T09:07:19.722+0000] {logging_mixin.py:188} INFO - [2026-05-19T09:07:19.720+0000] {dag.py:3089} INFO - Sync 1 DAGs
[2026-05-19T09:07:19.838+0000] {logging_mixin.py:188} INFO - [2026-05-19T09:07:19.836+0000] {dag.py:3947} INFO - Setting next_dagrun for example_branch_labels to 2026-05-18 00:00:00+00:00, run_after=2026-05-19 00:00:00+00:00
[2026-05-19T09:07:19.963+0000] {processor.py:183} INFO - Processing /home/airflow/.local/lib/python3.12/site-packages/airflow/example_dags/example_branch_labels.py took 0.441 seconds
[2026-05-19T09:07:50.763+0000] {processor.py:161} INFO - Started process (PID=7959) to work on /home/airflow/.local/lib/python3.12/site-packages/airflow/example_dags/example_branch_labels.py
[2026-05-19T09:07:50.766+0000] {processor.py:830} INFO - Processing file /home/airflow/.local/lib/python3.12/site-packages/airflow/example_dags/example_branch_labels.py for tasks to queue
[2026-05-19T09:07:50.773+0000] {logging_mixin.py:188} INFO - [2026-05-19T09:07:50.772+0000] {dagbag.py:545} INFO - Filling up the DagBag from /home/airflow/.local/lib/python3.12/site-packages/airflow/example_dags/example_branch_labels.py
[2026-05-19T09:07:50.800+0000] {processor.py:840} INFO - DAG(s) 'example_branch_labels' retrieved from /home/airflow/.local/lib/python3.12/site-packages/airflow/example_dags/example_branch_labels.py
[2026-05-19T09:07:50.879+0000] {logging_mixin.py:188} INFO - [2026-05-19T09:07:50.878+0000] {dag.py:3089} INFO - Sync 1 DAGs
[2026-05-19T09:07:50.954+0000] {logging_mixin.py:188} INFO - [2026-05-19T09:07:50.954+0000] {dag.py:3947} INFO - Setting next_dagrun for example_branch_labels to 2026-05-18 00:00:00+00:00, run_after=2026-05-19 00:00:00+00:00
[2026-05-19T09:07:51.017+0000] {processor.py:183} INFO - Processing /home/airflow/.local/lib/python3.12/site-packages/airflow/example_dags/example_branch_labels.py took 0.273 seconds
[2026-05-19T09:08:21.663+0000] {processor.py:161} INFO - Started process (PID=8019) to work on /home/airflow/.local/lib/python3.12/site-packages/airflow/example_dags/example_branch_labels.py
[2026-05-19T09:08:21.667+0000] {processor.py:830} INFO - Processing file /home/airflow/.local/lib/python3.12/site-packages/airflow/example_dags/example_branch_labels.py for tasks to queue
[2026-05-19T09:08:21.672+0000] {logging_mixin.py:188} INFO - [2026-05-19T09:08:21.671+0000] {dagbag.py:545} INFO - Filling up the DagBag from /home/airflow/.local/lib/python3.12/site-packages/airflow/example_dags/example_branch_labels.py
[2026-05-19T09:08:21.697+0000] {processor.py:840} INFO - DAG(s) 'example_branch_labels' retrieved from /home/airflow/.local/lib/python3.12/site-packages/airflow/example_dags/example_branch_labels.py
[2026-05-19T09:08:21.765+0000] {logging_mixin.py:188} INFO - [2026-05-19T09:08:21.764+0000] {dag.py:3089} INFO - Sync 1 DAGs
[2026-05-19T09:08:21.836+0000] {logging_mixin.py:188} INFO - [2026-05-19T09:08:21.835+0000] {dag.py:3947} INFO - Setting next_dagrun for example_branch_labels to 2026-05-18 00:00:00+00:00, run_after=2026-05-19 00:00:00+00:00
[2026-05-19T09:08:21.907+0000] {processor.py:183} INFO - Processing /home/airflow/.local/lib/python3.12/site-packages/airflow/example_dags/example_branch_labels.py took 0.264 seconds
[2026-05-19T09:08:52.263+0000] {processor.py:161} INFO - Started process (PID=8079) to work on /home/airflow/.local/lib/python3.12/site-packages/airflow/example_dags/example_branch_labels.py
[2026-05-19T09:08:52.266+0000] {processor.py:830} INFO - Processing file /home/airflow/.local/lib/python3.12/site-packages/airflow/example_dags/example_branch_labels.py for tasks to queue
[2026-05-19T09:08:52.272+0000] {logging_mixin.py:188} INFO - [2026-05-19T09:08:52.271+0000] {dagbag.py:545} INFO - Filling up the DagBag from /home/airflow/.local/lib/python3.12/site-packages/airflow/example_dags/example_branch_labels.py
[2026-05-19T09:08:52.295+0000] {processor.py:840} INFO - DAG(s) 'example_branch_labels' retrieved from /home/airflow/.local/lib/python3.12/site-packages/airflow/example_dags/example_branch_labels.py
[2026-05-19T09:08:52.361+0000] {logging_mixin.py:188} INFO - [2026-05-19T09:08:52.360+0000] {dag.py:3089} INFO - Sync 1 DAGs
[2026-05-19T09:08:52.445+0000] {logging_mixin.py:188} INFO - [2026-05-19T09:08:52.443+0000] {dag.py:3947} INFO - Setting next_dagrun for example_branch_labels to 2026-05-18 00:00:00+00:00, run_after=2026-05-19 00:00:00+00:00
[2026-05-19T09:08:52.502+0000] {processor.py:183} INFO - Processing /home/airflow/.local/lib/python3.12/site-packages/airflow/example_dags/example_branch_labels.py took 0.258 seconds
[2026-05-19T09:09:23.061+0000] {processor.py:161} INFO - Started process (PID=8139) to work on /home/airflow/.local/lib/python3.12/site-packages/airflow/example_dags/example_branch_labels.py
[2026-05-19T09:09:23.066+0000] {processor.py:830} INFO - Processing file /home/airflow/.local/lib/python3.12/site-packages/airflow/example_dags/example_branch_labels.py for tasks to queue
[2026-05-19T09:09:23.074+0000] {logging_mixin.py:188} INFO - [2026-05-19T09:09:23.073+0000] {dagbag.py:545} INFO - Filling up the DagBag from /home/airflow/.local/lib/python3.12/site-packages/airflow/example_dags/example_branch_labels.py
[2026-05-19T09:09:23.103+0000] {processor.py:840} INFO - DAG(s) 'example_branch_labels' retrieved from /home/airflow/.local/lib/python3.12/site-packages/airflow/example_dags/example_branch_labels.py
[2026-05-19T09:09:23.174+0000] {logging_mixin.py:188} INFO - [2026-05-19T09:09:23.172+0000] {dag.py:3089} INFO - Sync 1 DAGs
[2026-05-19T09:09:23.244+0000] {logging_mixin.py:188} INFO - [2026-05-19T09:09:23.243+0000] {dag.py:3947} INFO - Setting next_dagrun for example_branch_labels to 2026-05-18 00:00:00+00:00, run_after=2026-05-19 00:00:00+00:00
[2026-05-19T09:09:23.351+0000] {processor.py:183} INFO - Processing /home/airflow/.local/lib/python3.12/site-packages/airflow/example_dags/example_branch_labels.py took 0.313 seconds
[2026-05-19T09:09:54.244+0000] {processor.py:161} INFO - Started process (PID=8201) to work on /home/airflow/.local/lib/python3.12/site-packages/airflow/example_dags/example_branch_labels.py
[2026-05-19T09:09:54.250+0000] {processor.py:830} INFO - Processing file /home/airflow/.local/lib/python3.12/site-packages/airflow/example_dags/example_branch_labels.py for tasks to queue
[2026-05-19T09:09:54.258+0000] {logging_mixin.py:188} INFO - [2026-05-19T09:09:54.256+0000] {dagbag.py:545} INFO - Filling up the DagBag from /home/airflow/.local/lib/python3.12/site-packages/airflow/example_dags/example_branch_labels.py
[2026-05-19T09:09:54.297+0000] {processor.py:840} INFO - DAG(s) 'example_branch_labels' retrieved from /home/airflow/.local/lib/python3.12/site-packages/airflow/example_dags/example_branch_labels.py
[2026-05-19T09:09:54.374+0000] {logging_mixin.py:188} INFO - [2026-05-19T09:09:54.373+0000] {dag.py:3089} INFO - Sync 1 DAGs
[2026-05-19T09:09:54.450+0000] {logging_mixin.py:188} INFO - [2026-05-19T09:09:54.449+0000] {dag.py:3947} INFO - Setting next_dagrun for example_branch_labels to 2026-05-18 00:00:00+00:00, run_after=2026-05-19 00:00:00+00:00
[2026-05-19T09:09:54.514+0000] {processor.py:183} INFO - Processing /home/airflow/.local/lib/python3.12/site-packages/airflow/example_dags/example_branch_labels.py took 0.298 seconds
[2026-05-19T09:10:25.147+0000] {processor.py:161} INFO - Started process (PID=8261) to work on /home/airflow/.local/lib/python3.12/site-packages/airflow/example_dags/example_branch_labels.py
[2026-05-19T09:10:25.150+0000] {processor.py:830} INFO - Processing file /home/airflow/.local/lib/python3.12/site-packages/airflow/example_dags/example_branch_labels.py for tasks to queue
[2026-05-19T09:10:25.156+0000] {logging_mixin.py:188} INFO - [2026-05-19T09:10:25.155+0000] {dagbag.py:545} INFO - Filling up the DagBag from /home/airflow/.local/lib/python3.12/site-packages/airflow/example_dags/example_branch_labels.py
[2026-05-19T09:10:25.179+0000] {processor.py:840} INFO - DAG(s) 'example_branch_labels' retrieved from /home/airflow/.local/lib/python3.12/site-packages/airflow/example_dags/example_branch_labels.py
[2026-05-19T09:10:25.241+0000] {logging_mixin.py:188} INFO - [2026-05-19T09:10:25.241+0000] {dag.py:3089} INFO - Sync 1 DAGs
[2026-05-19T09:10:25.303+0000] {logging_mixin.py:188} INFO - [2026-05-19T09:10:25.302+0000] {dag.py:3947} INFO - Setting next_dagrun for example_branch_labels to 2026-05-18 00:00:00+00:00, run_after=2026-05-19 00:00:00+00:00
[2026-05-19T09:10:25.355+0000] {processor.py:183} INFO - Processing /home/airflow/.local/lib/python3.12/site-packages/airflow/example_dags/example_branch_labels.py took 0.226 seconds
[2026-05-19T09:10:57.027+0000] {processor.py:161} INFO - Started process (PID=8321) to work on /home/airflow/.local/lib/python3.12/site-packages/airflow/example_dags/example_branch_labels.py
[2026-05-19T09:10:57.031+0000] {processor.py:830} INFO - Processing file /home/airflow/.local/lib/python3.12/site-packages/airflow/example_dags/example_branch_labels.py for tasks to queue
[2026-05-19T09:10:57.038+0000] {logging_mixin.py:188} INFO - [2026-05-19T09:10:57.036+0000] {dagbag.py:545} INFO - Filling up the DagBag from /home/airflow/.local/lib/python3.12/site-packages/airflow/example_dags/example_branch_labels.py
[2026-05-19T09:10:57.064+0000] {processor.py:840} INFO - DAG(s) 'example_branch_labels' retrieved from /home/airflow/.local/lib/python3.12/site-packages/airflow/example_dags/example_branch_labels.py
[2026-05-19T09:10:57.130+0000] {logging_mixin.py:188} INFO - [2026-05-19T09:10:57.130+0000] {dag.py:3089} INFO - Sync 1 DAGs
[2026-05-19T09:10:57.205+0000] {logging_mixin.py:188} INFO - [2026-05-19T09:10:57.204+0000] {dag.py:3947} INFO - Setting next_dagrun for example_branch_labels to 2026-05-18 00:00:00+00:00, run_after=2026-05-19 00:00:00+00:00
[2026-05-19T09:10:57.282+0000] {processor.py:183} INFO - Processing /home/airflow/.local/lib/python3.12/site-packages/airflow/example_dags/example_branch_labels.py took 0.273 seconds
[2026-05-19T09:11:28.011+0000] {processor.py:161} INFO - Started process (PID=8381) to work on /home/airflow/.local/lib/python3.12/site-packages/airflow/example_dags/example_branch_labels.py
[2026-05-19T09:11:28.014+0000] {processor.py:830} INFO - Processing file /home/airflow/.local/lib/python3.12/site-packages/airflow/example_dags/example_branch_labels.py for tasks to queue
[2026-05-19T09:11:28.021+0000] {logging_mixin.py:188} INFO - [2026-05-19T09:11:28.020+0000] {dagbag.py:545} INFO - Filling up the DagBag from /home/airflow/.local/lib/python3.12/site-packages/airflow/example_dags/example_branch_labels.py
[2026-05-19T09:11:28.049+0000] {processor.py:840} INFO - DAG(s) 'example_branch_labels' retrieved from /home/airflow/.local/lib/python3.12/site-packages/airflow/example_dags/example_branch_labels.py
[2026-05-19T09:11:28.119+0000] {logging_mixin.py:188} INFO - [2026-05-19T09:11:28.118+0000] {dag.py:3089} INFO - Sync 1 DAGs
[2026-05-19T09:11:28.188+0000] {logging_mixin.py:188} INFO - [2026-05-19T09:11:28.187+0000] {dag.py:3947} INFO - Setting next_dagrun for example_branch_labels to 2026-05-18 00:00:00+00:00, run_after=2026-05-19 00:00:00+00:00
[2026-05-19T09:11:28.256+0000] {processor.py:183} INFO - Processing /home/airflow/.local/lib/python3.12/site-packages/airflow/example_dags/example_branch_labels.py took 0.268 seconds
[2026-05-19T09:11:58.408+0000] {processor.py:161} INFO - Started process (PID=8439) to work on /home/airflow/.local/lib/python3.12/site-packages/airflow/example_dags/example_branch_labels.py
[2026-05-19T09:11:58.411+0000] {processor.py:830} INFO - Processing file /home/airflow/.local/lib/python3.12/site-packages/airflow/example_dags/example_branch_labels.py for tasks to queue
[2026-05-19T09:11:58.418+0000] {logging_mixin.py:188} INFO - [2026-05-19T09:11:58.417+0000] {dagbag.py:545} INFO - Filling up the DagBag from /home/airflow/.local/lib/python3.12/site-packages/airflow/example_dags/example_branch_labels.py
[2026-05-19T09:11:58.451+0000] {processor.py:840} INFO - DAG(s) 'example_branch_labels' retrieved from /home/airflow/.local/lib/python3.12/site-packages/airflow/example_dags/example_branch_labels.py
[2026-05-19T09:11:58.508+0000] {logging_mixin.py:188} INFO - [2026-05-19T09:11:58.507+0000] {dag.py:3089} INFO - Sync 1 DAGs
[2026-05-19T09:11:58.573+0000] {logging_mixin.py:188} INFO - [2026-05-19T09:11:58.573+0000] {dag.py:3947} INFO - Setting next_dagrun for example_branch_labels to 2026-05-18 00:00:00+00:00, run_after=2026-05-19 00:00:00+00:00
[2026-05-19T09:11:58.639+0000] {processor.py:183} INFO - Processing /home/airflow/.local/lib/python3.12/site-packages/airflow/example_dags/example_branch_labels.py took 0.248 seconds
[2026-05-19T09:12:29.120+0000] {processor.py:161} INFO - Started process (PID=8499) to work on /home/airflow/.local/lib/python3.12/site-packages/airflow/example_dags/example_branch_labels.py
[2026-05-19T09:12:29.123+0000] {processor.py:830} INFO - Processing file /home/airflow/.local/lib/python3.12/site-packages/airflow/example_dags/example_branch_labels.py for tasks to queue
[2026-05-19T09:12:29.131+0000] {logging_mixin.py:188} INFO - [2026-05-19T09:12:29.130+0000] {dagbag.py:545} INFO - Filling up the DagBag from /home/airflow/.local/lib/python3.12/site-packages/airflow/example_dags/example_branch_labels.py
[2026-05-19T09:12:29.154+0000] {processor.py:840} INFO - DAG(s) 'example_branch_labels' retrieved from /home/airflow/.local/lib/python3.12/site-packages/airflow/example_dags/example_branch_labels.py
[2026-05-19T09:12:29.210+0000] {logging_mixin.py:188} INFO - [2026-05-19T09:12:29.209+0000] {dag.py:3089} INFO - Sync 1 DAGs
[2026-05-19T09:12:29.268+0000] {logging_mixin.py:188} INFO - [2026-05-19T09:12:29.268+0000] {dag.py:3947} INFO - Setting next_dagrun for example_branch_labels to 2026-05-18 00:00:00+00:00, run_after=2026-05-19 00:00:00+00:00
[2026-05-19T09:12:29.323+0000] {processor.py:183} INFO - Processing /home/airflow/.local/lib/python3.12/site-packages/airflow/example_dags/example_branch_labels.py took 0.219 seconds
[2026-05-19T09:13:00.286+0000] {processor.py:161} INFO - Started process (PID=8559) to work on /home/airflow/.local/lib/python3.12/site-packages/airflow/example_dags/example_branch_labels.py
[2026-05-19T09:13:00.290+0000] {processor.py:830} INFO - Processing file /home/airflow/.local/lib/python3.12/site-packages/airflow/example_dags/example_branch_labels.py for tasks to queue
[2026-05-19T09:13:00.296+0000] {logging_mixin.py:188} INFO - [2026-05-19T09:13:00.295+0000] {dagbag.py:545} INFO - Filling up the DagBag from /home/airflow/.local/lib/python3.12/site-packages/airflow/example_dags/example_branch_labels.py
[2026-05-19T09:13:00.320+0000] {processor.py:840} INFO - DAG(s) 'example_branch_labels' retrieved from /home/airflow/.local/lib/python3.12/site-packages/airflow/example_dags/example_branch_labels.py
[2026-05-19T09:13:00.396+0000] {logging_mixin.py:188} INFO - [2026-05-19T09:13:00.394+0000] {dag.py:3089} INFO - Sync 1 DAGs
[2026-05-19T09:13:00.460+0000] {logging_mixin.py:188} INFO - [2026-05-19T09:13:00.459+0000] {dag.py:3947} INFO - Setting next_dagrun for example_branch_labels to 2026-05-18 00:00:00+00:00, run_after=2026-05-19 00:00:00+00:00
[2026-05-19T09:13:00.516+0000] {processor.py:183} INFO - Processing /home/airflow/.local/lib/python3.12/site-packages/airflow/example_dags/example_branch_labels.py took 0.251 seconds
[2026-05-19T09:13:30.849+0000] {processor.py:161} INFO - Started process (PID=8619) to work on /home/airflow/.local/lib/python3.12/site-packages/airflow/example_dags/example_branch_labels.py
[2026-05-19T09:13:30.852+0000] {processor.py:830} INFO - Processing file /home/airflow/.local/lib/python3.12/site-packages/airflow/example_dags/example_branch_labels.py for tasks to queue
[2026-05-19T09:13:30.859+0000] {logging_mixin.py:188} INFO - [2026-05-19T09:13:30.858+0000] {dagbag.py:545} INFO - Filling up the DagBag from /home/airflow/.local/lib/python3.12/site-packages/airflow/example_dags/example_branch_labels.py
[2026-05-19T09:13:30.879+0000] {processor.py:840} INFO - DAG(s) 'example_branch_labels' retrieved from /home/airflow/.local/lib/python3.12/site-packages/airflow/example_dags/example_branch_labels.py
[2026-05-19T09:13:30.939+0000] {logging_mixin.py:188} INFO - [2026-05-19T09:13:30.938+0000] {dag.py:3089} INFO - Sync 1 DAGs
[2026-05-19T09:13:31.000+0000] {logging_mixin.py:188} INFO - [2026-05-19T09:13:30.999+0000] {dag.py:3947} INFO - Setting next_dagrun for example_branch_labels to 2026-05-18 00:00:00+00:00, run_after=2026-05-19 00:00:00+00:00
[2026-05-19T09:13:31.054+0000] {processor.py:183} INFO - Processing /home/airflow/.local/lib/python3.12/site-packages/airflow/example_dags/example_branch_labels.py took 0.222 seconds
[2026-05-19T09:14:01.390+0000] {processor.py:161} INFO - Started process (PID=8679) to work on /home/airflow/.local/lib/python3.12/site-packages/airflow/example_dags/example_branch_labels.py
[2026-05-19T09:14:01.393+0000] {processor.py:830} INFO - Processing file /home/airflow/.local/lib/python3.12/site-packages/airflow/example_dags/example_branch_labels.py for tasks to queue
[2026-05-19T09:14:01.398+0000] {logging_mixin.py:188} INFO - [2026-05-19T09:14:01.397+0000] {dagbag.py:545} INFO - Filling up the DagBag from /home/airflow/.local/lib/python3.12/site-packages/airflow/example_dags/example_branch_labels.py
[2026-05-19T09:14:01.419+0000] {processor.py:840} INFO - DAG(s) 'example_branch_labels' retrieved from /home/airflow/.local/lib/python3.12/site-packages/airflow/example_dags/example_branch_labels.py
[2026-05-19T09:14:01.488+0000] {logging_mixin.py:188} INFO - [2026-05-19T09:14:01.487+0000] {dag.py:3089} INFO - Sync 1 DAGs
[2026-05-19T09:14:01.563+0000] {logging_mixin.py:188} INFO - [2026-05-19T09:14:01.562+0000] {dag.py:3947} INFO - Setting next_dagrun for example_branch_labels to 2026-05-18 00:00:00+00:00, run_after=2026-05-19 00:00:00+00:00
[2026-05-19T09:14:01.626+0000] {processor.py:183} INFO - Processing /home/airflow/.local/lib/python3.12/site-packages/airflow/example_dags/example_branch_labels.py took 0.252 seconds
[2026-05-19T09:14:32.120+0000] {processor.py:161} INFO - Started process (PID=8738) to work on /home/airflow/.local/lib/python3.12/site-packages/airflow/example_dags/example_branch_labels.py
[2026-05-19T09:14:32.124+0000] {processor.py:830} INFO - Processing file /home/airflow/.local/lib/python3.12/site-packages/airflow/example_dags/example_branch_labels.py for tasks to queue
[2026-05-19T09:14:32.131+0000] {logging_mixin.py:188} INFO - [2026-05-19T09:14:32.130+0000] {dagbag.py:545} INFO - Filling up the DagBag from /home/airflow/.local/lib/python3.12/site-packages/airflow/example_dags/example_branch_labels.py
[2026-05-19T09:14:32.151+0000] {processor.py:840} INFO - DAG(s) 'example_branch_labels' retrieved from /home/airflow/.local/lib/python3.12/site-packages/airflow/example_dags/example_branch_labels.py
[2026-05-19T09:14:32.212+0000] {logging_mixin.py:188} INFO - [2026-05-19T09:14:32.211+0000] {dag.py:3089} INFO - Sync 1 DAGs
[2026-05-19T09:14:32.289+0000] {logging_mixin.py:188} INFO - [2026-05-19T09:14:32.288+0000] {dag.py:3947} INFO - Setting next_dagrun for example_branch_labels to 2026-05-18 00:00:00+00:00, run_after=2026-05-19 00:00:00+00:00
[2026-05-19T09:14:32.346+0000] {processor.py:183} INFO - Processing /home/airflow/.local/lib/python3.12/site-packages/airflow/example_dags/example_branch_labels.py took 0.241 seconds
[2026-05-19T09:15:03.491+0000] {processor.py:161} INFO - Started process (PID=8798) to work on /home/airflow/.local/lib/python3.12/site-packages/airflow/example_dags/example_branch_labels.py
[2026-05-19T09:15:03.493+0000] {processor.py:830} INFO - Processing file /home/airflow/.local/lib/python3.12/site-packages/airflow/example_dags/example_branch_labels.py for tasks to queue
[2026-05-19T09:15:03.496+0000] {logging_mixin.py:188} INFO - [2026-05-19T09:15:03.496+0000] {dagbag.py:545} INFO - Filling up the DagBag from /home/airflow/.local/lib/python3.12/site-packages/airflow/example_dags/example_branch_labels.py
[2026-05-19T09:15:03.516+0000] {processor.py:840} INFO - DAG(s) 'example_branch_labels' retrieved from /home/airflow/.local/lib/python3.12/site-packages/airflow/example_dags/example_branch_labels.py
[2026-05-19T09:15:03.555+0000] {logging_mixin.py:188} INFO - [2026-05-19T09:15:03.554+0000] {dag.py:3089} INFO - Sync 1 DAGs
[2026-05-19T09:15:03.603+0000] {logging_mixin.py:188} INFO - [2026-05-19T09:15:03.602+0000] {dag.py:3947} INFO - Setting next_dagrun for example_branch_labels to 2026-05-18 00:00:00+00:00, run_after=2026-05-19 00:00:00+00:00
[2026-05-19T09:15:03.704+0000] {processor.py:183} INFO - Processing /home/airflow/.local/lib/python3.12/site-packages/airflow/example_dags/example_branch_labels.py took 0.223 seconds
[2026-05-19T09:15:34.852+0000] {processor.py:161} INFO - Started process (PID=8858) to work on /home/airflow/.local/lib/python3.12/site-packages/airflow/example_dags/example_branch_labels.py
[2026-05-19T09:15:34.855+0000] {processor.py:830} INFO - Processing file /home/airflow/.local/lib/python3.12/site-packages/airflow/example_dags/example_branch_labels.py for tasks to queue
[2026-05-19T09:15:34.861+0000] {logging_mixin.py:188} INFO - [2026-05-19T09:15:34.860+0000] {dagbag.py:545} INFO - Filling up the DagBag from /home/airflow/.local/lib/python3.12/site-packages/airflow/example_dags/example_branch_labels.py
[2026-05-19T09:15:34.881+0000] {processor.py:840} INFO - DAG(s) 'example_branch_labels' retrieved from /home/airflow/.local/lib/python3.12/site-packages/airflow/example_dags/example_branch_labels.py
[2026-05-19T09:15:34.940+0000] {logging_mixin.py:188} INFO - [2026-05-19T09:15:34.939+0000] {dag.py:3089} INFO - Sync 1 DAGs
[2026-05-19T09:15:35.017+0000] {logging_mixin.py:188} INFO - [2026-05-19T09:15:35.016+0000] {dag.py:3947} INFO - Setting next_dagrun for example_branch_labels to 2026-05-18 00:00:00+00:00, run_after=2026-05-19 00:00:00+00:00
[2026-05-19T09:15:35.121+0000] {processor.py:183} INFO - Processing /home/airflow/.local/lib/python3.12/site-packages/airflow/example_dags/example_branch_labels.py took 0.284 seconds
[2026-05-19T09:16:05.681+0000] {processor.py:161} INFO - Started process (PID=8918) to work on /home/airflow/.local/lib/python3.12/site-packages/airflow/example_dags/example_branch_labels.py
[2026-05-19T09:16:05.685+0000] {processor.py:830} INFO - Processing file /home/airflow/.local/lib/python3.12/site-packages/airflow/example_dags/example_branch_labels.py for tasks to queue
[2026-05-19T09:16:05.692+0000] {logging_mixin.py:188} INFO - [2026-05-19T09:16:05.691+0000] {dagbag.py:545} INFO - Filling up the DagBag from /home/airflow/.local/lib/python3.12/site-packages/airflow/example_dags/example_branch_labels.py
[2026-05-19T09:16:05.728+0000] {processor.py:840} INFO - DAG(s) 'example_branch_labels' retrieved from /home/airflow/.local/lib/python3.12/site-packages/airflow/example_dags/example_branch_labels.py
[2026-05-19T09:16:05.812+0000] {logging_mixin.py:188} INFO - [2026-05-19T09:16:05.811+0000] {dag.py:3089} INFO - Sync 1 DAGs
[2026-05-19T09:16:05.931+0000] {logging_mixin.py:188} INFO - [2026-05-19T09:16:05.930+0000] {dag.py:3947} INFO - Setting next_dagrun for example_branch_labels to 2026-05-18 00:00:00+00:00, run_after=2026-05-19 00:00:00+00:00
[2026-05-19T09:16:06.013+0000] {processor.py:183} INFO - Processing /home/airflow/.local/lib/python3.12/site-packages/airflow/example_dags/example_branch_labels.py took 0.351 seconds
[2026-05-19T09:16:37.011+0000] {processor.py:161} INFO - Started process (PID=8978) to work on /home/airflow/.local/lib/python3.12/site-packages/airflow/example_dags/example_branch_labels.py
[2026-05-19T09:16:37.015+0000] {processor.py:830} INFO - Processing file /home/airflow/.local/lib/python3.12/site-packages/airflow/example_dags/example_branch_labels.py for tasks to queue
[2026-05-19T09:16:37.022+0000] {logging_mixin.py:188} INFO - [2026-05-19T09:16:37.021+0000] {dagbag.py:545} INFO - Filling up the DagBag from /home/airflow/.local/lib/python3.12/site-packages/airflow/example_dags/example_branch_labels.py
[2026-05-19T09:16:37.043+0000] {processor.py:840} INFO - DAG(s) 'example_branch_labels' retrieved from /home/airflow/.local/lib/python3.12/site-packages/airflow/example_dags/example_branch_labels.py
[2026-05-19T09:16:37.110+0000] {logging_mixin.py:188} INFO - [2026-05-19T09:16:37.109+0000] {dag.py:3089} INFO - Sync 1 DAGs
[2026-05-19T09:16:37.192+0000] {logging_mixin.py:188} INFO - [2026-05-19T09:16:37.192+0000] {dag.py:3947} INFO - Setting next_dagrun for example_branch_labels to 2026-05-18 00:00:00+00:00, run_after=2026-05-19 00:00:00+00:00
[2026-05-19T09:16:37.268+0000] {processor.py:183} INFO - Processing /home/airflow/.local/lib/python3.12/site-packages/airflow/example_dags/example_branch_labels.py took 0.275 seconds
[2026-05-19T09:17:08.126+0000] {processor.py:161} INFO - Started process (PID=9039) to work on /home/airflow/.local/lib/python3.12/site-packages/airflow/example_dags/example_branch_labels.py
[2026-05-19T09:17:08.130+0000] {processor.py:830} INFO - Processing file /home/airflow/.local/lib/python3.12/site-packages/airflow/example_dags/example_branch_labels.py for tasks to queue
[2026-05-19T09:17:08.136+0000] {logging_mixin.py:188} INFO - [2026-05-19T09:17:08.135+0000] {dagbag.py:545} INFO - Filling up the DagBag from /home/airflow/.local/lib/python3.12/site-packages/airflow/example_dags/example_branch_labels.py
[2026-05-19T09:17:08.164+0000] {processor.py:840} INFO - DAG(s) 'example_branch_labels' retrieved from /home/airflow/.local/lib/python3.12/site-packages/airflow/example_dags/example_branch_labels.py
[2026-05-19T09:17:08.231+0000] {logging_mixin.py:188} INFO - [2026-05-19T09:17:08.230+0000] {dag.py:3089} INFO - Sync 1 DAGs
[2026-05-19T09:17:08.318+0000] {logging_mixin.py:188} INFO - [2026-05-19T09:17:08.317+0000] {dag.py:3947} INFO - Setting next_dagrun for example_branch_labels to 2026-05-18 00:00:00+00:00, run_after=2026-05-19 00:00:00+00:00
[2026-05-19T09:17:08.383+0000] {processor.py:183} INFO - Processing /home/airflow/.local/lib/python3.12/site-packages/airflow/example_dags/example_branch_labels.py took 0.275 seconds
[2026-05-19T09:17:38.901+0000] {processor.py:161} INFO - Started process (PID=9099) to work on /home/airflow/.local/lib/python3.12/site-packages/airflow/example_dags/example_branch_labels.py
[2026-05-19T09:17:38.904+0000] {processor.py:830} INFO - Processing file /home/airflow/.local/lib/python3.12/site-packages/airflow/example_dags/example_branch_labels.py for tasks to queue
[2026-05-19T09:17:38.909+0000] {logging_mixin.py:188} INFO - [2026-05-19T09:17:38.908+0000] {dagbag.py:545} INFO - Filling up the DagBag from /home/airflow/.local/lib/python3.12/site-packages/airflow/example_dags/example_branch_labels.py
[2026-05-19T09:17:38.930+0000] {processor.py:840} INFO - DAG(s) 'example_branch_labels' retrieved from /home/airflow/.local/lib/python3.12/site-packages/airflow/example_dags/example_branch_labels.py
[2026-05-19T09:17:38.990+0000] {logging_mixin.py:188} INFO - [2026-05-19T09:17:38.990+0000] {dag.py:3089} INFO - Sync 1 DAGs
[2026-05-19T09:17:39.067+0000] {logging_mixin.py:188} INFO - [2026-05-19T09:17:39.066+0000] {dag.py:3947} INFO - Setting next_dagrun for example_branch_labels to 2026-05-18 00:00:00+00:00, run_after=2026-05-19 00:00:00+00:00
[2026-05-19T09:17:39.128+0000] {processor.py:183} INFO - Processing /home/airflow/.local/lib/python3.12/site-packages/airflow/example_dags/example_branch_labels.py took 0.244 seconds
[2026-05-19T09:18:09.734+0000] {processor.py:161} INFO - Started process (PID=9159) to work on /home/airflow/.local/lib/python3.12/site-packages/airflow/example_dags/example_branch_labels.py
[2026-05-19T09:18:09.740+0000] {processor.py:830} INFO - Processing file /home/airflow/.local/lib/python3.12/site-packages/airflow/example_dags/example_branch_labels.py for tasks to queue
[2026-05-19T09:18:09.753+0000] {logging_mixin.py:188} INFO - [2026-05-19T09:18:09.751+0000] {dagbag.py:545} INFO - Filling up the DagBag from /home/airflow/.local/lib/python3.12/site-packages/airflow/example_dags/example_branch_labels.py
[2026-05-19T09:18:09.780+0000] {processor.py:840} INFO - DAG(s) 'example_branch_labels' retrieved from /home/airflow/.local/lib/python3.12/site-packages/airflow/example_dags/example_branch_labels.py
[2026-05-19T09:18:09.852+0000] {logging_mixin.py:188} INFO - [2026-05-19T09:18:09.851+0000] {dag.py:3089} INFO - Sync 1 DAGs
[2026-05-19T09:18:09.930+0000] {logging_mixin.py:188} INFO - [2026-05-19T09:18:09.929+0000] {dag.py:3947} INFO - Setting next_dagrun for example_branch_labels to 2026-05-18 00:00:00+00:00, run_after=2026-05-19 00:00:00+00:00
[2026-05-19T09:18:09.997+0000] {processor.py:183} INFO - Processing /home/airflow/.local/lib/python3.12/site-packages/airflow/example_dags/example_branch_labels.py took 0.285 seconds
[2026-05-19T09:18:40.601+0000] {processor.py:161} INFO - Started process (PID=9219) to work on /home/airflow/.local/lib/python3.12/site-packages/airflow/example_dags/example_branch_labels.py
[2026-05-19T09:18:40.605+0000] {processor.py:830} INFO - Processing file /home/airflow/.local/lib/python3.12/site-packages/airflow/example_dags/example_branch_labels.py for tasks to queue
[2026-05-19T09:18:40.612+0000] {logging_mixin.py:188} INFO - [2026-05-19T09:18:40.611+0000] {dagbag.py:545} INFO - Filling up the DagBag from /home/airflow/.local/lib/python3.12/site-packages/airflow/example_dags/example_branch_labels.py
[2026-05-19T09:18:40.639+0000] {processor.py:840} INFO - DAG(s) 'example_branch_labels' retrieved from /home/airflow/.local/lib/python3.12/site-packages/airflow/example_dags/example_branch_labels.py
[2026-05-19T09:18:40.706+0000] {logging_mixin.py:188} INFO - [2026-05-19T09:18:40.706+0000] {dag.py:3089} INFO - Sync 1 DAGs
[2026-05-19T09:18:40.771+0000] {logging_mixin.py:188} INFO - [2026-05-19T09:18:40.770+0000] {dag.py:3947} INFO - Setting next_dagrun for example_branch_labels to 2026-05-18 00:00:00+00:00, run_after=2026-05-19 00:00:00+00:00
[2026-05-19T09:18:40.823+0000] {processor.py:183} INFO - Processing /home/airflow/.local/lib/python3.12/site-packages/airflow/example_dags/example_branch_labels.py took 0.242 seconds
[2026-05-19T09:19:11.085+0000] {processor.py:161} INFO - Started process (PID=9279) to work on /home/airflow/.local/lib/python3.12/site-packages/airflow/example_dags/example_branch_labels.py
[2026-05-19T09:19:11.088+0000] {processor.py:830} INFO - Processing file /home/airflow/.local/lib/python3.12/site-packages/airflow/example_dags/example_branch_labels.py for tasks to queue
[2026-05-19T09:19:11.096+0000] {logging_mixin.py:188} INFO - [2026-05-19T09:19:11.094+0000] {dagbag.py:545} INFO - Filling up the DagBag from /home/airflow/.local/lib/python3.12/site-packages/airflow/example_dags/example_branch_labels.py
[2026-05-19T09:19:11.119+0000] {processor.py:840} INFO - DAG(s) 'example_branch_labels' retrieved from /home/airflow/.local/lib/python3.12/site-packages/airflow/example_dags/example_branch_labels.py
[2026-05-19T09:19:11.205+0000] {logging_mixin.py:188} INFO - [2026-05-19T09:19:11.204+0000] {dag.py:3089} INFO - Sync 1 DAGs
[2026-05-19T09:19:11.306+0000] {logging_mixin.py:188} INFO - [2026-05-19T09:19:11.304+0000] {dag.py:3947} INFO - Setting next_dagrun for example_branch_labels to 2026-05-18 00:00:00+00:00, run_after=2026-05-19 00:00:00+00:00
[2026-05-19T09:19:11.419+0000] {processor.py:183} INFO - Processing /home/airflow/.local/lib/python3.12/site-packages/airflow/example_dags/example_branch_labels.py took 0.357 seconds
[2026-05-19T09:19:42.064+0000] {processor.py:161} INFO - Started process (PID=9339) to work on /home/airflow/.local/lib/python3.12/site-packages/airflow/example_dags/example_branch_labels.py
[2026-05-19T09:19:42.068+0000] {processor.py:830} INFO - Processing file /home/airflow/.local/lib/python3.12/site-packages/airflow/example_dags/example_branch_labels.py for tasks to queue
[2026-05-19T09:19:42.077+0000] {logging_mixin.py:188} INFO - [2026-05-19T09:19:42.075+0000] {dagbag.py:545} INFO - Filling up the DagBag from /home/airflow/.local/lib/python3.12/site-packages/airflow/example_dags/example_branch_labels.py
[2026-05-19T09:19:42.100+0000] {processor.py:840} INFO - DAG(s) 'example_branch_labels' retrieved from /home/airflow/.local/lib/python3.12/site-packages/airflow/example_dags/example_branch_labels.py
[2026-05-19T09:19:42.160+0000] {logging_mixin.py:188} INFO - [2026-05-19T09:19:42.159+0000] {dag.py:3089} INFO - Sync 1 DAGs
[2026-05-19T09:19:42.226+0000] {logging_mixin.py:188} INFO - [2026-05-19T09:19:42.225+0000] {dag.py:3947} INFO - Setting next_dagrun for example_branch_labels to 2026-05-18 00:00:00+00:00, run_after=2026-05-19 00:00:00+00:00
[2026-05-19T09:19:42.293+0000] {processor.py:183} INFO - Processing /home/airflow/.local/lib/python3.12/site-packages/airflow/example_dags/example_branch_labels.py took 0.250 seconds
[2026-05-19T09:20:12.534+0000] {processor.py:161} INFO - Started process (PID=9399) to work on /home/airflow/.local/lib/python3.12/site-packages/airflow/example_dags/example_branch_labels.py
[2026-05-19T09:20:12.538+0000] {processor.py:830} INFO - Processing file /home/airflow/.local/lib/python3.12/site-packages/airflow/example_dags/example_branch_labels.py for tasks to queue
[2026-05-19T09:20:12.544+0000] {logging_mixin.py:188} INFO - [2026-05-19T09:20:12.544+0000] {dagbag.py:545} INFO - Filling up the DagBag from /home/airflow/.local/lib/python3.12/site-packages/airflow/example_dags/example_branch_labels.py
[2026-05-19T09:20:12.565+0000] {processor.py:840} INFO - DAG(s) 'example_branch_labels' retrieved from /home/airflow/.local/lib/python3.12/site-packages/airflow/example_dags/example_branch_labels.py
[2026-05-19T09:20:12.632+0000] {logging_mixin.py:188} INFO - [2026-05-19T09:20:12.632+0000] {dag.py:3089} INFO - Sync 1 DAGs
[2026-05-19T09:20:12.702+0000] {logging_mixin.py:188} INFO - [2026-05-19T09:20:12.701+0000] {dag.py:3947} INFO - Setting next_dagrun for example_branch_labels to 2026-05-18 00:00:00+00:00, run_after=2026-05-19 00:00:00+00:00
[2026-05-19T09:20:12.768+0000] {processor.py:183} INFO - Processing /home/airflow/.local/lib/python3.12/site-packages/airflow/example_dags/example_branch_labels.py took 0.255 seconds
[2026-05-19T09:20:43.306+0000] {processor.py:161} INFO - Started process (PID=9459) to work on /home/airflow/.local/lib/python3.12/site-packages/airflow/example_dags/example_branch_labels.py
[2026-05-19T09:20:43.310+0000] {processor.py:830} INFO - Processing file /home/airflow/.local/lib/python3.12/site-packages/airflow/example_dags/example_branch_labels.py for tasks to queue
[2026-05-19T09:20:43.316+0000] {logging_mixin.py:188} INFO - [2026-05-19T09:20:43.315+0000] {dagbag.py:545} INFO - Filling up the DagBag from /home/airflow/.local/lib/python3.12/site-packages/airflow/example_dags/example_branch_labels.py
[2026-05-19T09:20:43.337+0000] {processor.py:840} INFO - DAG(s) 'example_branch_labels' retrieved from /home/airflow/.local/lib/python3.12/site-packages/airflow/example_dags/example_branch_labels.py
[2026-05-19T09:20:43.395+0000] {logging_mixin.py:188} INFO - [2026-05-19T09:20:43.394+0000] {dag.py:3089} INFO - Sync 1 DAGs
[2026-05-19T09:20:43.454+0000] {logging_mixin.py:188} INFO - [2026-05-19T09:20:43.454+0000] {dag.py:3947} INFO - Setting next_dagrun for example_branch_labels to 2026-05-18 00:00:00+00:00, run_after=2026-05-19 00:00:00+00:00
[2026-05-19T09:20:43.511+0000] {processor.py:183} INFO - Processing /home/airflow/.local/lib/python3.12/site-packages/airflow/example_dags/example_branch_labels.py took 0.224 seconds
[2026-05-19T09:21:14.570+0000] {processor.py:161} INFO - Started process (PID=9519) to work on /home/airflow/.local/lib/python3.12/site-packages/airflow/example_dags/example_branch_labels.py
[2026-05-19T09:21:14.574+0000] {processor.py:830} INFO - Processing file /home/airflow/.local/lib/python3.12/site-packages/airflow/example_dags/example_branch_labels.py for tasks to queue
[2026-05-19T09:21:14.582+0000] {logging_mixin.py:188} INFO - [2026-05-19T09:21:14.580+0000] {dagbag.py:545} INFO - Filling up the DagBag from /home/airflow/.local/lib/python3.12/site-packages/airflow/example_dags/example_branch_labels.py
[2026-05-19T09:21:14.638+0000] {processor.py:840} INFO - DAG(s) 'example_branch_labels' retrieved from /home/airflow/.local/lib/python3.12/site-packages/airflow/example_dags/example_branch_labels.py
[2026-05-19T09:21:14.756+0000] {logging_mixin.py:188} INFO - [2026-05-19T09:21:14.755+0000] {dag.py:3089} INFO - Sync 1 DAGs
[2026-05-19T09:21:14.816+0000] {logging_mixin.py:188} INFO - [2026-05-19T09:21:14.816+0000] {dag.py:3947} INFO - Setting next_dagrun for example_branch_labels to 2026-05-18 00:00:00+00:00, run_after=2026-05-19 00:00:00+00:00
[2026-05-19T09:21:14.888+0000] {processor.py:183} INFO - Processing /home/airflow/.local/lib/python3.12/site-packages/airflow/example_dags/example_branch_labels.py took 0.349 seconds
[2026-05-19T09:21:47.186+0000] {processor.py:161} INFO - Started process (PID=9581) to work on /home/airflow/.local/lib/python3.12/site-packages/airflow/example_dags/example_branch_labels.py
[2026-05-19T09:21:47.192+0000] {processor.py:830} INFO - Processing file /home/airflow/.local/lib/python3.12/site-packages/airflow/example_dags/example_branch_labels.py for tasks to queue
[2026-05-19T09:21:47.206+0000] {logging_mixin.py:188} INFO - [2026-05-19T09:21:47.203+0000] {dagbag.py:545} INFO - Filling up the DagBag from /home/airflow/.local/lib/python3.12/site-packages/airflow/example_dags/example_branch_labels.py
[2026-05-19T09:21:47.270+0000] {processor.py:840} INFO - DAG(s) 'example_branch_labels' retrieved from /home/airflow/.local/lib/python3.12/site-packages/airflow/example_dags/example_branch_labels.py
[2026-05-19T09:21:47.392+0000] {logging_mixin.py:188} INFO - [2026-05-19T09:21:47.391+0000] {dag.py:3089} INFO - Sync 1 DAGs
[2026-05-19T09:21:47.622+0000] {logging_mixin.py:188} INFO - [2026-05-19T09:21:47.621+0000] {dag.py:3947} INFO - Setting next_dagrun for example_branch_labels to 2026-05-18 00:00:00+00:00, run_after=2026-05-19 00:00:00+00:00
[2026-05-19T09:21:47.694+0000] {processor.py:183} INFO - Processing /home/airflow/.local/lib/python3.12/site-packages/airflow/example_dags/example_branch_labels.py took 0.565 seconds
[2026-05-19T09:22:19.063+0000] {processor.py:161} INFO - Started process (PID=9642) to work on /home/airflow/.local/lib/python3.12/site-packages/airflow/example_dags/example_branch_labels.py
[2026-05-19T09:22:19.066+0000] {processor.py:830} INFO - Processing file /home/airflow/.local/lib/python3.12/site-packages/airflow/example_dags/example_branch_labels.py for tasks to queue
[2026-05-19T09:22:19.072+0000] {logging_mixin.py:188} INFO - [2026-05-19T09:22:19.071+0000] {dagbag.py:545} INFO - Filling up the DagBag from /home/airflow/.local/lib/python3.12/site-packages/airflow/example_dags/example_branch_labels.py
[2026-05-19T09:22:19.100+0000] {processor.py:840} INFO - DAG(s) 'example_branch_labels' retrieved from /home/airflow/.local/lib/python3.12/site-packages/airflow/example_dags/example_branch_labels.py
[2026-05-19T09:22:19.183+0000] {logging_mixin.py:188} INFO - [2026-05-19T09:22:19.182+0000] {dag.py:3089} INFO - Sync 1 DAGs
[2026-05-19T09:22:19.274+0000] {logging_mixin.py:188} INFO - [2026-05-19T09:22:19.273+0000] {dag.py:3947} INFO - Setting next_dagrun for example_branch_labels to 2026-05-18 00:00:00+00:00, run_after=2026-05-19 00:00:00+00:00
[2026-05-19T09:22:19.351+0000] {processor.py:183} INFO - Processing /home/airflow/.local/lib/python3.12/site-packages/airflow/example_dags/example_branch_labels.py took 0.304 seconds
[2026-05-19T09:22:51.058+0000] {processor.py:161} INFO - Started process (PID=9709) to work on /home/airflow/.local/lib/python3.12/site-packages/airflow/example_dags/example_branch_labels.py
[2026-05-19T09:22:51.061+0000] {processor.py:830} INFO - Processing file /home/airflow/.local/lib/python3.12/site-packages/airflow/example_dags/example_branch_labels.py for tasks to queue
[2026-05-19T09:22:51.065+0000] {logging_mixin.py:188} INFO - [2026-05-19T09:22:51.065+0000] {dagbag.py:545} INFO - Filling up the DagBag from /home/airflow/.local/lib/python3.12/site-packages/airflow/example_dags/example_branch_labels.py
[2026-05-19T09:22:51.085+0000] {processor.py:840} INFO - DAG(s) 'example_branch_labels' retrieved from /home/airflow/.local/lib/python3.12/site-packages/airflow/example_dags/example_branch_labels.py
[2026-05-19T09:22:51.137+0000] {logging_mixin.py:188} INFO - [2026-05-19T09:22:51.136+0000] {dag.py:3089} INFO - Sync 1 DAGs
[2026-05-19T09:22:51.191+0000] {logging_mixin.py:188} INFO - [2026-05-19T09:22:51.191+0000] {dag.py:3947} INFO - Setting next_dagrun for example_branch_labels to 2026-05-18 00:00:00+00:00, run_after=2026-05-19 00:00:00+00:00
[2026-05-19T09:22:51.234+0000] {processor.py:183} INFO - Processing /home/airflow/.local/lib/python3.12/site-packages/airflow/example_dags/example_branch_labels.py took 0.189 seconds
[2026-05-19T09:23:22.149+0000] {processor.py:161} INFO - Started process (PID=9769) to work on /home/airflow/.local/lib/python3.12/site-packages/airflow/example_dags/example_branch_labels.py
[2026-05-19T09:23:22.153+0000] {processor.py:830} INFO - Processing file /home/airflow/.local/lib/python3.12/site-packages/airflow/example_dags/example_branch_labels.py for tasks to queue
[2026-05-19T09:23:22.159+0000] {logging_mixin.py:188} INFO - [2026-05-19T09:23:22.158+0000] {dagbag.py:545} INFO - Filling up the DagBag from /home/airflow/.local/lib/python3.12/site-packages/airflow/example_dags/example_branch_labels.py
[2026-05-19T09:23:22.189+0000] {processor.py:840} INFO - DAG(s) 'example_branch_labels' retrieved from /home/airflow/.local/lib/python3.12/site-packages/airflow/example_dags/example_branch_labels.py
[2026-05-19T09:23:22.258+0000] {logging_mixin.py:188} INFO - [2026-05-19T09:23:22.258+0000] {dag.py:3089} INFO - Sync 1 DAGs
[2026-05-19T09:23:22.328+0000] {logging_mixin.py:188} INFO - [2026-05-19T09:23:22.327+0000] {dag.py:3947} INFO - Setting next_dagrun for example_branch_labels to 2026-05-18 00:00:00+00:00, run_after=2026-05-19 00:00:00+00:00
[2026-05-19T09:23:22.388+0000] {processor.py:183} INFO - Processing /home/airflow/.local/lib/python3.12/site-packages/airflow/example_dags/example_branch_labels.py took 0.258 seconds
[2026-05-19T09:23:52.607+0000] {processor.py:161} INFO - Started process (PID=9827) to work on /home/airflow/.local/lib/python3.12/site-packages/airflow/example_dags/example_branch_labels.py
[2026-05-19T09:23:52.612+0000] {processor.py:830} INFO - Processing file /home/airflow/.local/lib/python3.12/site-packages/airflow/example_dags/example_branch_labels.py for tasks to queue
[2026-05-19T09:23:52.618+0000] {logging_mixin.py:188} INFO - [2026-05-19T09:23:52.617+0000] {dagbag.py:545} INFO - Filling up the DagBag from /home/airflow/.local/lib/python3.12/site-packages/airflow/example_dags/example_branch_labels.py
[2026-05-19T09:23:52.643+0000] {processor.py:840} INFO - DAG(s) 'example_branch_labels' retrieved from /home/airflow/.local/lib/python3.12/site-packages/airflow/example_dags/example_branch_labels.py
[2026-05-19T09:23:52.736+0000] {logging_mixin.py:188} INFO - [2026-05-19T09:23:52.734+0000] {dag.py:3089} INFO - Sync 1 DAGs
[2026-05-19T09:23:52.847+0000] {logging_mixin.py:188} INFO - [2026-05-19T09:23:52.845+0000] {dag.py:3947} INFO - Setting next_dagrun for example_branch_labels to 2026-05-18 00:00:00+00:00, run_after=2026-05-19 00:00:00+00:00
[2026-05-19T09:23:52.923+0000] {processor.py:183} INFO - Processing /home/airflow/.local/lib/python3.12/site-packages/airflow/example_dags/example_branch_labels.py took 0.333 seconds
[2026-05-19T09:24:23.050+0000] {processor.py:161} INFO - Started process (PID=9887) to work on /home/airflow/.local/lib/python3.12/site-packages/airflow/example_dags/example_branch_labels.py
[2026-05-19T09:24:23.054+0000] {processor.py:830} INFO - Processing file /home/airflow/.local/lib/python3.12/site-packages/airflow/example_dags/example_branch_labels.py for tasks to queue
[2026-05-19T09:24:23.060+0000] {logging_mixin.py:188} INFO - [2026-05-19T09:24:23.059+0000] {dagbag.py:545} INFO - Filling up the DagBag from /home/airflow/.local/lib/python3.12/site-packages/airflow/example_dags/example_branch_labels.py
[2026-05-19T09:24:23.083+0000] {processor.py:840} INFO - DAG(s) 'example_branch_labels' retrieved from /home/airflow/.local/lib/python3.12/site-packages/airflow/example_dags/example_branch_labels.py
[2026-05-19T09:24:23.158+0000] {logging_mixin.py:188} INFO - [2026-05-19T09:24:23.157+0000] {dag.py:3089} INFO - Sync 1 DAGs
[2026-05-19T09:24:23.227+0000] {logging_mixin.py:188} INFO - [2026-05-19T09:24:23.226+0000] {dag.py:3947} INFO - Setting next_dagrun for example_branch_labels to 2026-05-18 00:00:00+00:00, run_after=2026-05-19 00:00:00+00:00
[2026-05-19T09:24:23.291+0000] {processor.py:183} INFO - Processing /home/airflow/.local/lib/python3.12/site-packages/airflow/example_dags/example_branch_labels.py took 0.258 seconds
[2026-05-19T09:24:53.457+0000] {processor.py:161} INFO - Started process (PID=9947) to work on /home/airflow/.local/lib/python3.12/site-packages/airflow/example_dags/example_branch_labels.py
[2026-05-19T09:24:53.462+0000] {processor.py:830} INFO - Processing file /home/airflow/.local/lib/python3.12/site-packages/airflow/example_dags/example_branch_labels.py for tasks to queue
[2026-05-19T09:24:53.472+0000] {logging_mixin.py:188} INFO - [2026-05-19T09:24:53.470+0000] {dagbag.py:545} INFO - Filling up the DagBag from /home/airflow/.local/lib/python3.12/site-packages/airflow/example_dags/example_branch_labels.py
[2026-05-19T09:24:53.505+0000] {processor.py:840} INFO - DAG(s) 'example_branch_labels' retrieved from /home/airflow/.local/lib/python3.12/site-packages/airflow/example_dags/example_branch_labels.py
[2026-05-19T09:24:53.610+0000] {logging_mixin.py:188} INFO - [2026-05-19T09:24:53.609+0000] {dag.py:3089} INFO - Sync 1 DAGs
[2026-05-19T09:24:53.682+0000] {logging_mixin.py:188} INFO - [2026-05-19T09:24:53.682+0000] {dag.py:3947} INFO - Setting next_dagrun for example_branch_labels to 2026-05-18 00:00:00+00:00, run_after=2026-05-19 00:00:00+00:00
[2026-05-19T09:24:53.767+0000] {processor.py:183} INFO - Processing /home/airflow/.local/lib/python3.12/site-packages/airflow/example_dags/example_branch_labels.py took 0.340 seconds
[2026-05-19T09:25:24.476+0000] {processor.py:161} INFO - Started process (PID=10007) to work on /home/airflow/.local/lib/python3.12/site-packages/airflow/example_dags/example_branch_labels.py
[2026-05-19T09:25:24.481+0000] {processor.py:830} INFO - Processing file /home/airflow/.local/lib/python3.12/site-packages/airflow/example_dags/example_branch_labels.py for tasks to queue
[2026-05-19T09:25:24.489+0000] {logging_mixin.py:188} INFO - [2026-05-19T09:25:24.487+0000] {dagbag.py:545} INFO - Filling up the DagBag from /home/airflow/.local/lib/python3.12/site-packages/airflow/example_dags/example_branch_labels.py
[2026-05-19T09:25:24.524+0000] {processor.py:840} INFO - DAG(s) 'example_branch_labels' retrieved from /home/airflow/.local/lib/python3.12/site-packages/airflow/example_dags/example_branch_labels.py
[2026-05-19T09:25:24.645+0000] {logging_mixin.py:188} INFO - [2026-05-19T09:25:24.644+0000] {dag.py:3089} INFO - Sync 1 DAGs
[2026-05-19T09:25:24.792+0000] {logging_mixin.py:188} INFO - [2026-05-19T09:25:24.791+0000] {dag.py:3947} INFO - Setting next_dagrun for example_branch_labels to 2026-05-18 00:00:00+00:00, run_after=2026-05-19 00:00:00+00:00
[2026-05-19T09:25:24.934+0000] {processor.py:183} INFO - Processing /home/airflow/.local/lib/python3.12/site-packages/airflow/example_dags/example_branch_labels.py took 0.484 seconds
[2026-05-19T09:25:55.578+0000] {processor.py:161} INFO - Started process (PID=10067) to work on /home/airflow/.local/lib/python3.12/site-packages/airflow/example_dags/example_branch_labels.py
[2026-05-19T09:25:55.581+0000] {processor.py:830} INFO - Processing file /home/airflow/.local/lib/python3.12/site-packages/airflow/example_dags/example_branch_labels.py for tasks to queue
[2026-05-19T09:25:55.588+0000] {logging_mixin.py:188} INFO - [2026-05-19T09:25:55.587+0000] {dagbag.py:545} INFO - Filling up the DagBag from /home/airflow/.local/lib/python3.12/site-packages/airflow/example_dags/example_branch_labels.py
[2026-05-19T09:25:55.615+0000] {processor.py:840} INFO - DAG(s) 'example_branch_labels' retrieved from /home/airflow/.local/lib/python3.12/site-packages/airflow/example_dags/example_branch_labels.py
[2026-05-19T09:25:55.711+0000] {logging_mixin.py:188} INFO - [2026-05-19T09:25:55.710+0000] {dag.py:3089} INFO - Sync 1 DAGs
[2026-05-19T09:25:55.798+0000] {logging_mixin.py:188} INFO - [2026-05-19T09:25:55.797+0000] {dag.py:3947} INFO - Setting next_dagrun for example_branch_labels to 2026-05-18 00:00:00+00:00, run_after=2026-05-19 00:00:00+00:00
[2026-05-19T09:25:55.849+0000] {processor.py:183} INFO - Processing /home/airflow/.local/lib/python3.12/site-packages/airflow/example_dags/example_branch_labels.py took 0.295 seconds
[2026-05-19T09:26:26.533+0000] {processor.py:161} INFO - Started process (PID=10127) to work on /home/airflow/.local/lib/python3.12/site-packages/airflow/example_dags/example_branch_labels.py
[2026-05-19T09:26:26.537+0000] {processor.py:830} INFO - Processing file /home/airflow/.local/lib/python3.12/site-packages/airflow/example_dags/example_branch_labels.py for tasks to queue
[2026-05-19T09:26:26.544+0000] {logging_mixin.py:188} INFO - [2026-05-19T09:26:26.543+0000] {dagbag.py:545} INFO - Filling up the DagBag from /home/airflow/.local/lib/python3.12/site-packages/airflow/example_dags/example_branch_labels.py
[2026-05-19T09:26:26.575+0000] {processor.py:840} INFO - DAG(s) 'example_branch_labels' retrieved from /home/airflow/.local/lib/python3.12/site-packages/airflow/example_dags/example_branch_labels.py
[2026-05-19T09:26:26.666+0000] {logging_mixin.py:188} INFO - [2026-05-19T09:26:26.665+0000] {dag.py:3089} INFO - Sync 1 DAGs
[2026-05-19T09:26:26.750+0000] {logging_mixin.py:188} INFO - [2026-05-19T09:26:26.749+0000] {dag.py:3947} INFO - Setting next_dagrun for example_branch_labels to 2026-05-18 00:00:00+00:00, run_after=2026-05-19 00:00:00+00:00
[2026-05-19T09:26:26.871+0000] {processor.py:183} INFO - Processing /home/airflow/.local/lib/python3.12/site-packages/airflow/example_dags/example_branch_labels.py took 0.355 seconds
[2026-05-19T09:26:57.446+0000] {processor.py:161} INFO - Started process (PID=10187) to work on /home/airflow/.local/lib/python3.12/site-packages/airflow/example_dags/example_branch_labels.py
[2026-05-19T09:26:57.450+0000] {processor.py:830} INFO - Processing file /home/airflow/.local/lib/python3.12/site-packages/airflow/example_dags/example_branch_labels.py for tasks to queue
[2026-05-19T09:26:57.455+0000] {logging_mixin.py:188} INFO - [2026-05-19T09:26:57.454+0000] {dagbag.py:545} INFO - Filling up the DagBag from /home/airflow/.local/lib/python3.12/site-packages/airflow/example_dags/example_branch_labels.py
[2026-05-19T09:26:57.475+0000] {processor.py:840} INFO - DAG(s) 'example_branch_labels' retrieved from /home/airflow/.local/lib/python3.12/site-packages/airflow/example_dags/example_branch_labels.py
[2026-05-19T09:26:57.543+0000] {logging_mixin.py:188} INFO - [2026-05-19T09:26:57.543+0000] {dag.py:3089} INFO - Sync 1 DAGs
[2026-05-19T09:26:57.625+0000] {logging_mixin.py:188} INFO - [2026-05-19T09:26:57.624+0000] {dag.py:3947} INFO - Setting next_dagrun for example_branch_labels to 2026-05-18 00:00:00+00:00, run_after=2026-05-19 00:00:00+00:00
[2026-05-19T09:26:57.697+0000] {processor.py:183} INFO - Processing /home/airflow/.local/lib/python3.12/site-packages/airflow/example_dags/example_branch_labels.py took 0.266 seconds
[2026-05-19T09:27:28.078+0000] {processor.py:161} INFO - Started process (PID=10246) to work on /home/airflow/.local/lib/python3.12/site-packages/airflow/example_dags/example_branch_labels.py
[2026-05-19T09:27:28.082+0000] {processor.py:830} INFO - Processing file /home/airflow/.local/lib/python3.12/site-packages/airflow/example_dags/example_branch_labels.py for tasks to queue
[2026-05-19T09:27:28.094+0000] {logging_mixin.py:188} INFO - [2026-05-19T09:27:28.092+0000] {dagbag.py:545} INFO - Filling up the DagBag from /home/airflow/.local/lib/python3.12/site-packages/airflow/example_dags/example_branch_labels.py
[2026-05-19T09:27:28.120+0000] {processor.py:840} INFO - DAG(s) 'example_branch_labels' retrieved from /home/airflow/.local/lib/python3.12/site-packages/airflow/example_dags/example_branch_labels.py
[2026-05-19T09:27:28.203+0000] {logging_mixin.py:188} INFO - [2026-05-19T09:27:28.202+0000] {dag.py:3089} INFO - Sync 1 DAGs
[2026-05-19T09:27:28.314+0000] {logging_mixin.py:188} INFO - [2026-05-19T09:27:28.313+0000] {dag.py:3947} INFO - Setting next_dagrun for example_branch_labels to 2026-05-18 00:00:00+00:00, run_after=2026-05-19 00:00:00+00:00
[2026-05-19T09:27:28.383+0000] {processor.py:183} INFO - Processing /home/airflow/.local/lib/python3.12/site-packages/airflow/example_dags/example_branch_labels.py took 0.332 seconds
[2026-05-19T09:27:59.337+0000] {processor.py:161} INFO - Started process (PID=10306) to work on /home/airflow/.local/lib/python3.12/site-packages/airflow/example_dags/example_branch_labels.py
[2026-05-19T09:27:59.341+0000] {processor.py:830} INFO - Processing file /home/airflow/.local/lib/python3.12/site-packages/airflow/example_dags/example_branch_labels.py for tasks to queue
[2026-05-19T09:27:59.346+0000] {logging_mixin.py:188} INFO - [2026-05-19T09:27:59.345+0000] {dagbag.py:545} INFO - Filling up the DagBag from /home/airflow/.local/lib/python3.12/site-packages/airflow/example_dags/example_branch_labels.py
[2026-05-19T09:27:59.369+0000] {processor.py:840} INFO - DAG(s) 'example_branch_labels' retrieved from /home/airflow/.local/lib/python3.12/site-packages/airflow/example_dags/example_branch_labels.py
[2026-05-19T09:27:59.438+0000] {logging_mixin.py:188} INFO - [2026-05-19T09:27:59.437+0000] {dag.py:3089} INFO - Sync 1 DAGs
[2026-05-19T09:27:59.520+0000] {logging_mixin.py:188} INFO - [2026-05-19T09:27:59.519+0000] {dag.py:3947} INFO - Setting next_dagrun for example_branch_labels to 2026-05-18 00:00:00+00:00, run_after=2026-05-19 00:00:00+00:00
[2026-05-19T09:27:59.579+0000] {processor.py:183} INFO - Processing /home/airflow/.local/lib/python3.12/site-packages/airflow/example_dags/example_branch_labels.py took 0.259 seconds
[2026-05-19T09:28:30.617+0000] {processor.py:161} INFO - Started process (PID=10366) to work on /home/airflow/.local/lib/python3.12/site-packages/airflow/example_dags/example_branch_labels.py
[2026-05-19T09:28:30.621+0000] {processor.py:830} INFO - Processing file /home/airflow/.local/lib/python3.12/site-packages/airflow/example_dags/example_branch_labels.py for tasks to queue
[2026-05-19T09:28:30.627+0000] {logging_mixin.py:188} INFO - [2026-05-19T09:28:30.626+0000] {dagbag.py:545} INFO - Filling up the DagBag from /home/airflow/.local/lib/python3.12/site-packages/airflow/example_dags/example_branch_labels.py
[2026-05-19T09:28:30.650+0000] {processor.py:840} INFO - DAG(s) 'example_branch_labels' retrieved from /home/airflow/.local/lib/python3.12/site-packages/airflow/example_dags/example_branch_labels.py
[2026-05-19T09:28:30.718+0000] {logging_mixin.py:188} INFO - [2026-05-19T09:28:30.717+0000] {dag.py:3089} INFO - Sync 1 DAGs
[2026-05-19T09:28:30.783+0000] {logging_mixin.py:188} INFO - [2026-05-19T09:28:30.782+0000] {dag.py:3947} INFO - Setting next_dagrun for example_branch_labels to 2026-05-18 00:00:00+00:00, run_after=2026-05-19 00:00:00+00:00
[2026-05-19T09:28:30.848+0000] {processor.py:183} INFO - Processing /home/airflow/.local/lib/python3.12/site-packages/airflow/example_dags/example_branch_labels.py took 0.249 seconds
[2026-05-19T09:29:01.482+0000] {processor.py:161} INFO - Started process (PID=10426) to work on /home/airflow/.local/lib/python3.12/site-packages/airflow/example_dags/example_branch_labels.py
[2026-05-19T09:29:01.486+0000] {processor.py:830} INFO - Processing file /home/airflow/.local/lib/python3.12/site-packages/airflow/example_dags/example_branch_labels.py for tasks to queue
[2026-05-19T09:29:01.493+0000] {logging_mixin.py:188} INFO - [2026-05-19T09:29:01.492+0000] {dagbag.py:545} INFO - Filling up the DagBag from /home/airflow/.local/lib/python3.12/site-packages/airflow/example_dags/example_branch_labels.py
[2026-05-19T09:29:01.517+0000] {processor.py:840} INFO - DAG(s) 'example_branch_labels' retrieved from /home/airflow/.local/lib/python3.12/site-packages/airflow/example_dags/example_branch_labels.py
[2026-05-19T09:29:01.576+0000] {logging_mixin.py:188} INFO - [2026-05-19T09:29:01.575+0000] {dag.py:3089} INFO - Sync 1 DAGs
[2026-05-19T09:29:01.647+0000] {logging_mixin.py:188} INFO - [2026-05-19T09:29:01.646+0000] {dag.py:3947} INFO - Setting next_dagrun for example_branch_labels to 2026-05-18 00:00:00+00:00, run_after=2026-05-19 00:00:00+00:00
[2026-05-19T09:29:01.726+0000] {processor.py:183} INFO - Processing /home/airflow/.local/lib/python3.12/site-packages/airflow/example_dags/example_branch_labels.py took 0.259 seconds
[2026-05-19T09:29:32.714+0000] {processor.py:161} INFO - Started process (PID=10485) to work on /home/airflow/.local/lib/python3.12/site-packages/airflow/example_dags/example_branch_labels.py
[2026-05-19T09:29:32.717+0000] {processor.py:830} INFO - Processing file /home/airflow/.local/lib/python3.12/site-packages/airflow/example_dags/example_branch_labels.py for tasks to queue
[2026-05-19T09:29:32.724+0000] {logging_mixin.py:188} INFO - [2026-05-19T09:29:32.722+0000] {dagbag.py:545} INFO - Filling up the DagBag from /home/airflow/.local/lib/python3.12/site-packages/airflow/example_dags/example_branch_labels.py
[2026-05-19T09:29:32.761+0000] {processor.py:840} INFO - DAG(s) 'example_branch_labels' retrieved from /home/airflow/.local/lib/python3.12/site-packages/airflow/example_dags/example_branch_labels.py
[2026-05-19T09:29:32.845+0000] {logging_mixin.py:188} INFO - [2026-05-19T09:29:32.844+0000] {dag.py:3089} INFO - Sync 1 DAGs
[2026-05-19T09:29:32.922+0000] {logging_mixin.py:188} INFO - [2026-05-19T09:29:32.921+0000] {dag.py:3947} INFO - Setting next_dagrun for example_branch_labels to 2026-05-18 00:00:00+00:00, run_after=2026-05-19 00:00:00+00:00
[2026-05-19T09:29:32.994+0000] {processor.py:183} INFO - Processing /home/airflow/.local/lib/python3.12/site-packages/airflow/example_dags/example_branch_labels.py took 0.301 seconds
[2026-05-19T09:30:03.361+0000] {processor.py:161} INFO - Started process (PID=10543) to work on /home/airflow/.local/lib/python3.12/site-packages/airflow/example_dags/example_branch_labels.py
[2026-05-19T09:30:03.364+0000] {processor.py:830} INFO - Processing file /home/airflow/.local/lib/python3.12/site-packages/airflow/example_dags/example_branch_labels.py for tasks to queue
[2026-05-19T09:30:03.370+0000] {logging_mixin.py:188} INFO - [2026-05-19T09:30:03.369+0000] {dagbag.py:545} INFO - Filling up the DagBag from /home/airflow/.local/lib/python3.12/site-packages/airflow/example_dags/example_branch_labels.py
[2026-05-19T09:30:03.396+0000] {processor.py:840} INFO - DAG(s) 'example_branch_labels' retrieved from /home/airflow/.local/lib/python3.12/site-packages/airflow/example_dags/example_branch_labels.py
[2026-05-19T09:30:03.468+0000] {logging_mixin.py:188} INFO - [2026-05-19T09:30:03.467+0000] {dag.py:3089} INFO - Sync 1 DAGs
[2026-05-19T09:30:03.532+0000] {logging_mixin.py:188} INFO - [2026-05-19T09:30:03.531+0000] {dag.py:3947} INFO - Setting next_dagrun for example_branch_labels to 2026-05-18 00:00:00+00:00, run_after=2026-05-19 00:00:00+00:00
[2026-05-19T09:30:03.594+0000] {processor.py:183} INFO - Processing /home/airflow/.local/lib/python3.12/site-packages/airflow/example_dags/example_branch_labels.py took 0.256 seconds
[2026-05-19T09:30:35.273+0000] {processor.py:161} INFO - Started process (PID=10603) to work on /home/airflow/.local/lib/python3.12/site-packages/airflow/example_dags/example_branch_labels.py
[2026-05-19T09:30:35.278+0000] {processor.py:830} INFO - Processing file /home/airflow/.local/lib/python3.12/site-packages/airflow/example_dags/example_branch_labels.py for tasks to queue
[2026-05-19T09:30:35.302+0000] {logging_mixin.py:188} INFO - [2026-05-19T09:30:35.294+0000] {dagbag.py:545} INFO - Filling up the DagBag from /home/airflow/.local/lib/python3.12/site-packages/airflow/example_dags/example_branch_labels.py
[2026-05-19T09:30:35.372+0000] {processor.py:840} INFO - DAG(s) 'example_branch_labels' retrieved from /home/airflow/.local/lib/python3.12/site-packages/airflow/example_dags/example_branch_labels.py
[2026-05-19T09:30:35.477+0000] {logging_mixin.py:188} INFO - [2026-05-19T09:30:35.476+0000] {dag.py:3089} INFO - Sync 1 DAGs
[2026-05-19T09:30:35.555+0000] {logging_mixin.py:188} INFO - [2026-05-19T09:30:35.554+0000] {dag.py:3947} INFO - Setting next_dagrun for example_branch_labels to 2026-05-18 00:00:00+00:00, run_after=2026-05-19 00:00:00+00:00
[2026-05-19T09:30:35.643+0000] {processor.py:183} INFO - Processing /home/airflow/.local/lib/python3.12/site-packages/airflow/example_dags/example_branch_labels.py took 0.438 seconds
[2026-05-19T09:31:06.042+0000] {processor.py:161} INFO - Started process (PID=10663) to work on /home/airflow/.local/lib/python3.12/site-packages/airflow/example_dags/example_branch_labels.py
[2026-05-19T09:31:06.045+0000] {processor.py:830} INFO - Processing file /home/airflow/.local/lib/python3.12/site-packages/airflow/example_dags/example_branch_labels.py for tasks to queue
[2026-05-19T09:31:06.051+0000] {logging_mixin.py:188} INFO - [2026-05-19T09:31:06.050+0000] {dagbag.py:545} INFO - Filling up the DagBag from /home/airflow/.local/lib/python3.12/site-packages/airflow/example_dags/example_branch_labels.py
[2026-05-19T09:31:06.071+0000] {processor.py:840} INFO - DAG(s) 'example_branch_labels' retrieved from /home/airflow/.local/lib/python3.12/site-packages/airflow/example_dags/example_branch_labels.py
[2026-05-19T09:31:06.132+0000] {logging_mixin.py:188} INFO - [2026-05-19T09:31:06.131+0000] {dag.py:3089} INFO - Sync 1 DAGs
[2026-05-19T09:31:06.201+0000] {logging_mixin.py:188} INFO - [2026-05-19T09:31:06.200+0000] {dag.py:3947} INFO - Setting next_dagrun for example_branch_labels to 2026-05-18 00:00:00+00:00, run_after=2026-05-19 00:00:00+00:00
[2026-05-19T09:31:06.269+0000] {processor.py:183} INFO - Processing /home/airflow/.local/lib/python3.12/site-packages/airflow/example_dags/example_branch_labels.py took 0.243 seconds
[2026-05-19T09:31:37.387+0000] {processor.py:161} INFO - Started process (PID=10724) to work on /home/airflow/.local/lib/python3.12/site-packages/airflow/example_dags/example_branch_labels.py
[2026-05-19T09:31:37.392+0000] {processor.py:830} INFO - Processing file /home/airflow/.local/lib/python3.12/site-packages/airflow/example_dags/example_branch_labels.py for tasks to queue
[2026-05-19T09:31:37.400+0000] {logging_mixin.py:188} INFO - [2026-05-19T09:31:37.399+0000] {dagbag.py:545} INFO - Filling up the DagBag from /home/airflow/.local/lib/python3.12/site-packages/airflow/example_dags/example_branch_labels.py
[2026-05-19T09:31:37.437+0000] {processor.py:840} INFO - DAG(s) 'example_branch_labels' retrieved from /home/airflow/.local/lib/python3.12/site-packages/airflow/example_dags/example_branch_labels.py
[2026-05-19T09:31:37.507+0000] {logging_mixin.py:188} INFO - [2026-05-19T09:31:37.506+0000] {dag.py:3089} INFO - Sync 1 DAGs
[2026-05-19T09:31:37.602+0000] {logging_mixin.py:188} INFO - [2026-05-19T09:31:37.601+0000] {dag.py:3947} INFO - Setting next_dagrun for example_branch_labels to 2026-05-18 00:00:00+00:00, run_after=2026-05-19 00:00:00+00:00
[2026-05-19T09:31:37.694+0000] {processor.py:183} INFO - Processing /home/airflow/.local/lib/python3.12/site-packages/airflow/example_dags/example_branch_labels.py took 0.335 seconds
[2026-05-19T09:32:08.131+0000] {processor.py:161} INFO - Started process (PID=10784) to work on /home/airflow/.local/lib/python3.12/site-packages/airflow/example_dags/example_branch_labels.py
[2026-05-19T09:32:08.135+0000] {processor.py:830} INFO - Processing file /home/airflow/.local/lib/python3.12/site-packages/airflow/example_dags/example_branch_labels.py for tasks to queue
[2026-05-19T09:32:08.140+0000] {logging_mixin.py:188} INFO - [2026-05-19T09:32:08.139+0000] {dagbag.py:545} INFO - Filling up the DagBag from /home/airflow/.local/lib/python3.12/site-packages/airflow/example_dags/example_branch_labels.py
[2026-05-19T09:32:08.161+0000] {processor.py:840} INFO - DAG(s) 'example_branch_labels' retrieved from /home/airflow/.local/lib/python3.12/site-packages/airflow/example_dags/example_branch_labels.py
[2026-05-19T09:32:08.219+0000] {logging_mixin.py:188} INFO - [2026-05-19T09:32:08.218+0000] {dag.py:3089} INFO - Sync 1 DAGs
[2026-05-19T09:32:08.295+0000] {logging_mixin.py:188} INFO - [2026-05-19T09:32:08.294+0000] {dag.py:3947} INFO - Setting next_dagrun for example_branch_labels to 2026-05-18 00:00:00+00:00, run_after=2026-05-19 00:00:00+00:00
[2026-05-19T09:32:08.358+0000] {processor.py:183} INFO - Processing /home/airflow/.local/lib/python3.12/site-packages/airflow/example_dags/example_branch_labels.py took 0.243 seconds
[2026-05-19T09:32:39.556+0000] {processor.py:161} INFO - Started process (PID=10844) to work on /home/airflow/.local/lib/python3.12/site-packages/airflow/example_dags/example_branch_labels.py
[2026-05-19T09:32:39.559+0000] {processor.py:830} INFO - Processing file /home/airflow/.local/lib/python3.12/site-packages/airflow/example_dags/example_branch_labels.py for tasks to queue
[2026-05-19T09:32:39.567+0000] {logging_mixin.py:188} INFO - [2026-05-19T09:32:39.565+0000] {dagbag.py:545} INFO - Filling up the DagBag from /home/airflow/.local/lib/python3.12/site-packages/airflow/example_dags/example_branch_labels.py
[2026-05-19T09:32:39.600+0000] {processor.py:840} INFO - DAG(s) 'example_branch_labels' retrieved from /home/airflow/.local/lib/python3.12/site-packages/airflow/example_dags/example_branch_labels.py
[2026-05-19T09:32:39.686+0000] {logging_mixin.py:188} INFO - [2026-05-19T09:32:39.685+0000] {dag.py:3089} INFO - Sync 1 DAGs
[2026-05-19T09:32:39.827+0000] {logging_mixin.py:188} INFO - [2026-05-19T09:32:39.826+0000] {dag.py:3947} INFO - Setting next_dagrun for example_branch_labels to 2026-05-18 00:00:00+00:00, run_after=2026-05-19 00:00:00+00:00
[2026-05-19T09:32:39.891+0000] {processor.py:183} INFO - Processing /home/airflow/.local/lib/python3.12/site-packages/airflow/example_dags/example_branch_labels.py took 0.363 seconds
[2026-05-19T09:33:10.512+0000] {processor.py:161} INFO - Started process (PID=10904) to work on /home/airflow/.local/lib/python3.12/site-packages/airflow/example_dags/example_branch_labels.py
[2026-05-19T09:33:10.515+0000] {processor.py:830} INFO - Processing file /home/airflow/.local/lib/python3.12/site-packages/airflow/example_dags/example_branch_labels.py for tasks to queue
[2026-05-19T09:33:10.522+0000] {logging_mixin.py:188} INFO - [2026-05-19T09:33:10.521+0000] {dagbag.py:545} INFO - Filling up the DagBag from /home/airflow/.local/lib/python3.12/site-packages/airflow/example_dags/example_branch_labels.py
[2026-05-19T09:33:10.547+0000] {processor.py:840} INFO - DAG(s) 'example_branch_labels' retrieved from /home/airflow/.local/lib/python3.12/site-packages/airflow/example_dags/example_branch_labels.py
[2026-05-19T09:33:10.619+0000] {logging_mixin.py:188} INFO - [2026-05-19T09:33:10.618+0000] {dag.py:3089} INFO - Sync 1 DAGs
[2026-05-19T09:33:10.692+0000] {logging_mixin.py:188} INFO - [2026-05-19T09:33:10.691+0000] {dag.py:3947} INFO - Setting next_dagrun for example_branch_labels to 2026-05-18 00:00:00+00:00, run_after=2026-05-19 00:00:00+00:00
[2026-05-19T09:33:10.773+0000] {processor.py:183} INFO - Processing /home/airflow/.local/lib/python3.12/site-packages/airflow/example_dags/example_branch_labels.py took 0.277 seconds
[2026-05-19T09:33:41.163+0000] {processor.py:161} INFO - Started process (PID=10963) to work on /home/airflow/.local/lib/python3.12/site-packages/airflow/example_dags/example_branch_labels.py
[2026-05-19T09:33:41.167+0000] {processor.py:830} INFO - Processing file /home/airflow/.local/lib/python3.12/site-packages/airflow/example_dags/example_branch_labels.py for tasks to queue
[2026-05-19T09:33:41.173+0000] {logging_mixin.py:188} INFO - [2026-05-19T09:33:41.172+0000] {dagbag.py:545} INFO - Filling up the DagBag from /home/airflow/.local/lib/python3.12/site-packages/airflow/example_dags/example_branch_labels.py
[2026-05-19T09:33:41.192+0000] {processor.py:840} INFO - DAG(s) 'example_branch_labels' retrieved from /home/airflow/.local/lib/python3.12/site-packages/airflow/example_dags/example_branch_labels.py
[2026-05-19T09:33:41.255+0000] {logging_mixin.py:188} INFO - [2026-05-19T09:33:41.254+0000] {dag.py:3089} INFO - Sync 1 DAGs
[2026-05-19T09:33:41.320+0000] {logging_mixin.py:188} INFO - [2026-05-19T09:33:41.320+0000] {dag.py:3947} INFO - Setting next_dagrun for example_branch_labels to 2026-05-18 00:00:00+00:00, run_after=2026-05-19 00:00:00+00:00
[2026-05-19T09:33:41.380+0000] {processor.py:183} INFO - Processing /home/airflow/.local/lib/python3.12/site-packages/airflow/example_dags/example_branch_labels.py took 0.234 seconds
[2026-05-19T09:34:12.021+0000] {processor.py:161} INFO - Started process (PID=11022) to work on /home/airflow/.local/lib/python3.12/site-packages/airflow/example_dags/example_branch_labels.py
[2026-05-19T09:34:12.026+0000] {processor.py:830} INFO - Processing file /home/airflow/.local/lib/python3.12/site-packages/airflow/example_dags/example_branch_labels.py for tasks to queue
[2026-05-19T09:34:12.044+0000] {logging_mixin.py:188} INFO - [2026-05-19T09:34:12.041+0000] {dagbag.py:545} INFO - Filling up the DagBag from /home/airflow/.local/lib/python3.12/site-packages/airflow/example_dags/example_branch_labels.py
[2026-05-19T09:34:12.123+0000] {processor.py:840} INFO - DAG(s) 'example_branch_labels' retrieved from /home/airflow/.local/lib/python3.12/site-packages/airflow/example_dags/example_branch_labels.py
[2026-05-19T09:34:12.267+0000] {logging_mixin.py:188} INFO - [2026-05-19T09:34:12.266+0000] {dag.py:3089} INFO - Sync 1 DAGs
[2026-05-19T09:34:12.336+0000] {logging_mixin.py:188} INFO - [2026-05-19T09:34:12.335+0000] {dag.py:3947} INFO - Setting next_dagrun for example_branch_labels to 2026-05-18 00:00:00+00:00, run_after=2026-05-19 00:00:00+00:00
[2026-05-19T09:34:12.391+0000] {processor.py:183} INFO - Processing /home/airflow/.local/lib/python3.12/site-packages/airflow/example_dags/example_branch_labels.py took 0.417 seconds
[2026-05-19T09:34:42.640+0000] {processor.py:161} INFO - Started process (PID=11081) to work on /home/airflow/.local/lib/python3.12/site-packages/airflow/example_dags/example_branch_labels.py
[2026-05-19T09:34:42.643+0000] {processor.py:830} INFO - Processing file /home/airflow/.local/lib/python3.12/site-packages/airflow/example_dags/example_branch_labels.py for tasks to queue
[2026-05-19T09:34:42.651+0000] {logging_mixin.py:188} INFO - [2026-05-19T09:34:42.649+0000] {dagbag.py:545} INFO - Filling up the DagBag from /home/airflow/.local/lib/python3.12/site-packages/airflow/example_dags/example_branch_labels.py
[2026-05-19T09:34:42.681+0000] {processor.py:840} INFO - DAG(s) 'example_branch_labels' retrieved from /home/airflow/.local/lib/python3.12/site-packages/airflow/example_dags/example_branch_labels.py
[2026-05-19T09:34:42.782+0000] {logging_mixin.py:188} INFO - [2026-05-19T09:34:42.781+0000] {dag.py:3089} INFO - Sync 1 DAGs
[2026-05-19T09:34:42.848+0000] {logging_mixin.py:188} INFO - [2026-05-19T09:34:42.847+0000] {dag.py:3947} INFO - Setting next_dagrun for example_branch_labels to 2026-05-18 00:00:00+00:00, run_after=2026-05-19 00:00:00+00:00
[2026-05-19T09:34:42.962+0000] {processor.py:183} INFO - Processing /home/airflow/.local/lib/python3.12/site-packages/airflow/example_dags/example_branch_labels.py took 0.341 seconds
[2026-05-19T09:35:13.514+0000] {processor.py:161} INFO - Started process (PID=11142) to work on /home/airflow/.local/lib/python3.12/site-packages/airflow/example_dags/example_branch_labels.py
[2026-05-19T09:35:13.518+0000] {processor.py:830} INFO - Processing file /home/airflow/.local/lib/python3.12/site-packages/airflow/example_dags/example_branch_labels.py for tasks to queue
[2026-05-19T09:35:13.526+0000] {logging_mixin.py:188} INFO - [2026-05-19T09:35:13.525+0000] {dagbag.py:545} INFO - Filling up the DagBag from /home/airflow/.local/lib/python3.12/site-packages/airflow/example_dags/example_branch_labels.py
[2026-05-19T09:35:13.552+0000] {processor.py:840} INFO - DAG(s) 'example_branch_labels' retrieved from /home/airflow/.local/lib/python3.12/site-packages/airflow/example_dags/example_branch_labels.py
[2026-05-19T09:35:13.627+0000] {logging_mixin.py:188} INFO - [2026-05-19T09:35:13.627+0000] {dag.py:3089} INFO - Sync 1 DAGs
[2026-05-19T09:35:13.694+0000] {logging_mixin.py:188} INFO - [2026-05-19T09:35:13.694+0000] {dag.py:3947} INFO - Setting next_dagrun for example_branch_labels to 2026-05-18 00:00:00+00:00, run_after=2026-05-19 00:00:00+00:00
[2026-05-19T09:35:13.761+0000] {processor.py:183} INFO - Processing /home/airflow/.local/lib/python3.12/site-packages/airflow/example_dags/example_branch_labels.py took 0.265 seconds
[2026-05-19T09:35:44.189+0000] {processor.py:161} INFO - Started process (PID=11201) to work on /home/airflow/.local/lib/python3.12/site-packages/airflow/example_dags/example_branch_labels.py
[2026-05-19T09:35:44.193+0000] {processor.py:830} INFO - Processing file /home/airflow/.local/lib/python3.12/site-packages/airflow/example_dags/example_branch_labels.py for tasks to queue
[2026-05-19T09:35:44.206+0000] {logging_mixin.py:188} INFO - [2026-05-19T09:35:44.204+0000] {dagbag.py:545} INFO - Filling up the DagBag from /home/airflow/.local/lib/python3.12/site-packages/airflow/example_dags/example_branch_labels.py
[2026-05-19T09:35:44.282+0000] {processor.py:840} INFO - DAG(s) 'example_branch_labels' retrieved from /home/airflow/.local/lib/python3.12/site-packages/airflow/example_dags/example_branch_labels.py
[2026-05-19T09:35:44.456+0000] {logging_mixin.py:188} INFO - [2026-05-19T09:35:44.452+0000] {dag.py:3089} INFO - Sync 1 DAGs
[2026-05-19T09:35:44.666+0000] {logging_mixin.py:188} INFO - [2026-05-19T09:35:44.663+0000] {dag.py:3947} INFO - Setting next_dagrun for example_branch_labels to 2026-05-18 00:00:00+00:00, run_after=2026-05-19 00:00:00+00:00
[2026-05-19T09:35:44.883+0000] {processor.py:183} INFO - Processing /home/airflow/.local/lib/python3.12/site-packages/airflow/example_dags/example_branch_labels.py took 0.725 seconds
[2026-05-19T09:36:15.228+0000] {processor.py:161} INFO - Started process (PID=11261) to work on /home/airflow/.local/lib/python3.12/site-packages/airflow/example_dags/example_branch_labels.py
[2026-05-19T09:36:15.231+0000] {processor.py:830} INFO - Processing file /home/airflow/.local/lib/python3.12/site-packages/airflow/example_dags/example_branch_labels.py for tasks to queue
[2026-05-19T09:36:15.237+0000] {logging_mixin.py:188} INFO - [2026-05-19T09:36:15.236+0000] {dagbag.py:545} INFO - Filling up the DagBag from /home/airflow/.local/lib/python3.12/site-packages/airflow/example_dags/example_branch_labels.py
[2026-05-19T09:36:15.256+0000] {processor.py:840} INFO - DAG(s) 'example_branch_labels' retrieved from /home/airflow/.local/lib/python3.12/site-packages/airflow/example_dags/example_branch_labels.py
[2026-05-19T09:36:15.316+0000] {logging_mixin.py:188} INFO - [2026-05-19T09:36:15.315+0000] {dag.py:3089} INFO - Sync 1 DAGs
[2026-05-19T09:36:15.397+0000] {logging_mixin.py:188} INFO - [2026-05-19T09:36:15.396+0000] {dag.py:3947} INFO - Setting next_dagrun for example_branch_labels to 2026-05-18 00:00:00+00:00, run_after=2026-05-19 00:00:00+00:00
[2026-05-19T09:36:15.463+0000] {processor.py:183} INFO - Processing /home/airflow/.local/lib/python3.12/site-packages/airflow/example_dags/example_branch_labels.py took 0.250 seconds
[2026-05-19T09:36:46.253+0000] {processor.py:161} INFO - Started process (PID=11321) to work on /home/airflow/.local/lib/python3.12/site-packages/airflow/example_dags/example_branch_labels.py
[2026-05-19T09:36:46.259+0000] {processor.py:830} INFO - Processing file /home/airflow/.local/lib/python3.12/site-packages/airflow/example_dags/example_branch_labels.py for tasks to queue
[2026-05-19T09:36:46.272+0000] {logging_mixin.py:188} INFO - [2026-05-19T09:36:46.269+0000] {dagbag.py:545} INFO - Filling up the DagBag from /home/airflow/.local/lib/python3.12/site-packages/airflow/example_dags/example_branch_labels.py
[2026-05-19T09:36:46.313+0000] {processor.py:840} INFO - DAG(s) 'example_branch_labels' retrieved from /home/airflow/.local/lib/python3.12/site-packages/airflow/example_dags/example_branch_labels.py
[2026-05-19T09:36:46.420+0000] {logging_mixin.py:188} INFO - [2026-05-19T09:36:46.419+0000] {dag.py:3089} INFO - Sync 1 DAGs
[2026-05-19T09:36:46.529+0000] {logging_mixin.py:188} INFO - [2026-05-19T09:36:46.528+0000] {dag.py:3947} INFO - Setting next_dagrun for example_branch_labels to 2026-05-18 00:00:00+00:00, run_after=2026-05-19 00:00:00+00:00
[2026-05-19T09:36:46.626+0000] {processor.py:183} INFO - Processing /home/airflow/.local/lib/python3.12/site-packages/airflow/example_dags/example_branch_labels.py took 0.400 seconds
[2026-05-19T09:37:17.077+0000] {processor.py:161} INFO - Started process (PID=11381) to work on /home/airflow/.local/lib/python3.12/site-packages/airflow/example_dags/example_branch_labels.py
[2026-05-19T09:37:17.080+0000] {processor.py:830} INFO - Processing file /home/airflow/.local/lib/python3.12/site-packages/airflow/example_dags/example_branch_labels.py for tasks to queue
[2026-05-19T09:37:17.088+0000] {logging_mixin.py:188} INFO - [2026-05-19T09:37:17.087+0000] {dagbag.py:545} INFO - Filling up the DagBag from /home/airflow/.local/lib/python3.12/site-packages/airflow/example_dags/example_branch_labels.py
[2026-05-19T09:37:17.109+0000] {processor.py:840} INFO - DAG(s) 'example_branch_labels' retrieved from /home/airflow/.local/lib/python3.12/site-packages/airflow/example_dags/example_branch_labels.py
[2026-05-19T09:37:17.168+0000] {logging_mixin.py:188} INFO - [2026-05-19T09:37:17.167+0000] {dag.py:3089} INFO - Sync 1 DAGs
[2026-05-19T09:37:17.233+0000] {logging_mixin.py:188} INFO - [2026-05-19T09:37:17.232+0000] {dag.py:3947} INFO - Setting next_dagrun for example_branch_labels to 2026-05-18 00:00:00+00:00, run_after=2026-05-19 00:00:00+00:00
[2026-05-19T09:37:17.308+0000] {processor.py:183} INFO - Processing /home/airflow/.local/lib/python3.12/site-packages/airflow/example_dags/example_branch_labels.py took 0.248 seconds
[2026-05-19T09:37:47.695+0000] {processor.py:161} INFO - Started process (PID=11441) to work on /home/airflow/.local/lib/python3.12/site-packages/airflow/example_dags/example_branch_labels.py
[2026-05-19T09:37:47.699+0000] {processor.py:830} INFO - Processing file /home/airflow/.local/lib/python3.12/site-packages/airflow/example_dags/example_branch_labels.py for tasks to queue
[2026-05-19T09:37:47.707+0000] {logging_mixin.py:188} INFO - [2026-05-19T09:37:47.706+0000] {dagbag.py:545} INFO - Filling up the DagBag from /home/airflow/.local/lib/python3.12/site-packages/airflow/example_dags/example_branch_labels.py
[2026-05-19T09:37:47.732+0000] {processor.py:840} INFO - DAG(s) 'example_branch_labels' retrieved from /home/airflow/.local/lib/python3.12/site-packages/airflow/example_dags/example_branch_labels.py
[2026-05-19T09:37:47.822+0000] {logging_mixin.py:188} INFO - [2026-05-19T09:37:47.821+0000] {dag.py:3089} INFO - Sync 1 DAGs
[2026-05-19T09:37:47.886+0000] {logging_mixin.py:188} INFO - [2026-05-19T09:37:47.886+0000] {dag.py:3947} INFO - Setting next_dagrun for example_branch_labels to 2026-05-18 00:00:00+00:00, run_after=2026-05-19 00:00:00+00:00
[2026-05-19T09:37:47.946+0000] {processor.py:183} INFO - Processing /home/airflow/.local/lib/python3.12/site-packages/airflow/example_dags/example_branch_labels.py took 0.276 seconds
[2026-05-19T09:38:18.477+0000] {processor.py:161} INFO - Started process (PID=11500) to work on /home/airflow/.local/lib/python3.12/site-packages/airflow/example_dags/example_branch_labels.py
[2026-05-19T09:38:18.481+0000] {processor.py:830} INFO - Processing file /home/airflow/.local/lib/python3.12/site-packages/airflow/example_dags/example_branch_labels.py for tasks to queue
[2026-05-19T09:38:18.489+0000] {logging_mixin.py:188} INFO - [2026-05-19T09:38:18.487+0000] {dagbag.py:545} INFO - Filling up the DagBag from /home/airflow/.local/lib/python3.12/site-packages/airflow/example_dags/example_branch_labels.py
[2026-05-19T09:38:18.522+0000] {processor.py:840} INFO - DAG(s) 'example_branch_labels' retrieved from /home/airflow/.local/lib/python3.12/site-packages/airflow/example_dags/example_branch_labels.py
[2026-05-19T09:38:18.582+0000] {logging_mixin.py:188} INFO - [2026-05-19T09:38:18.581+0000] {dag.py:3089} INFO - Sync 1 DAGs
[2026-05-19T09:38:18.641+0000] {logging_mixin.py:188} INFO - [2026-05-19T09:38:18.640+0000] {dag.py:3947} INFO - Setting next_dagrun for example_branch_labels to 2026-05-18 00:00:00+00:00, run_after=2026-05-19 00:00:00+00:00
[2026-05-19T09:38:18.698+0000] {processor.py:183} INFO - Processing /home/airflow/.local/lib/python3.12/site-packages/airflow/example_dags/example_branch_labels.py took 0.243 seconds
[2026-05-19T09:38:49.027+0000] {processor.py:161} INFO - Started process (PID=11560) to work on /home/airflow/.local/lib/python3.12/site-packages/airflow/example_dags/example_branch_labels.py
[2026-05-19T09:38:49.032+0000] {processor.py:830} INFO - Processing file /home/airflow/.local/lib/python3.12/site-packages/airflow/example_dags/example_branch_labels.py for tasks to queue
[2026-05-19T09:38:49.041+0000] {logging_mixin.py:188} INFO - [2026-05-19T09:38:49.040+0000] {dagbag.py:545} INFO - Filling up the DagBag from /home/airflow/.local/lib/python3.12/site-packages/airflow/example_dags/example_branch_labels.py
[2026-05-19T09:38:49.085+0000] {processor.py:840} INFO - DAG(s) 'example_branch_labels' retrieved from /home/airflow/.local/lib/python3.12/site-packages/airflow/example_dags/example_branch_labels.py
[2026-05-19T09:38:49.176+0000] {logging_mixin.py:188} INFO - [2026-05-19T09:38:49.176+0000] {dag.py:3089} INFO - Sync 1 DAGs
[2026-05-19T09:38:49.241+0000] {logging_mixin.py:188} INFO - [2026-05-19T09:38:49.241+0000] {dag.py:3947} INFO - Setting next_dagrun for example_branch_labels to 2026-05-18 00:00:00+00:00, run_after=2026-05-19 00:00:00+00:00
[2026-05-19T09:38:49.334+0000] {processor.py:183} INFO - Processing /home/airflow/.local/lib/python3.12/site-packages/airflow/example_dags/example_branch_labels.py took 0.342 seconds
[2026-05-19T09:39:20.651+0000] {processor.py:161} INFO - Started process (PID=11620) to work on /home/airflow/.local/lib/python3.12/site-packages/airflow/example_dags/example_branch_labels.py
[2026-05-19T09:39:20.656+0000] {processor.py:830} INFO - Processing file /home/airflow/.local/lib/python3.12/site-packages/airflow/example_dags/example_branch_labels.py for tasks to queue
[2026-05-19T09:39:20.676+0000] {logging_mixin.py:188} INFO - [2026-05-19T09:39:20.673+0000] {dagbag.py:545} INFO - Filling up the DagBag from /home/airflow/.local/lib/python3.12/site-packages/airflow/example_dags/example_branch_labels.py
[2026-05-19T09:39:20.748+0000] {processor.py:840} INFO - DAG(s) 'example_branch_labels' retrieved from /home/airflow/.local/lib/python3.12/site-packages/airflow/example_dags/example_branch_labels.py
[2026-05-19T09:39:20.969+0000] {logging_mixin.py:188} INFO - [2026-05-19T09:39:20.954+0000] {dag.py:3089} INFO - Sync 1 DAGs
[2026-05-19T09:39:21.229+0000] {logging_mixin.py:188} INFO - [2026-05-19T09:39:21.227+0000] {dag.py:3947} INFO - Setting next_dagrun for example_branch_labels to 2026-05-18 00:00:00+00:00, run_after=2026-05-19 00:00:00+00:00
[2026-05-19T09:39:21.438+0000] {processor.py:183} INFO - Processing /home/airflow/.local/lib/python3.12/site-packages/airflow/example_dags/example_branch_labels.py took 0.846 seconds
[2026-05-19T09:39:52.170+0000] {processor.py:161} INFO - Started process (PID=11681) to work on /home/airflow/.local/lib/python3.12/site-packages/airflow/example_dags/example_branch_labels.py
[2026-05-19T09:39:52.174+0000] {processor.py:830} INFO - Processing file /home/airflow/.local/lib/python3.12/site-packages/airflow/example_dags/example_branch_labels.py for tasks to queue
[2026-05-19T09:39:52.185+0000] {logging_mixin.py:188} INFO - [2026-05-19T09:39:52.184+0000] {dagbag.py:545} INFO - Filling up the DagBag from /home/airflow/.local/lib/python3.12/site-packages/airflow/example_dags/example_branch_labels.py
[2026-05-19T09:39:52.215+0000] {processor.py:840} INFO - DAG(s) 'example_branch_labels' retrieved from /home/airflow/.local/lib/python3.12/site-packages/airflow/example_dags/example_branch_labels.py
[2026-05-19T09:39:52.401+0000] {logging_mixin.py:188} INFO - [2026-05-19T09:39:52.399+0000] {dag.py:3089} INFO - Sync 1 DAGs
[2026-05-19T09:39:52.664+0000] {logging_mixin.py:188} INFO - [2026-05-19T09:39:52.663+0000] {dag.py:3947} INFO - Setting next_dagrun for example_branch_labels to 2026-05-18 00:00:00+00:00, run_after=2026-05-19 00:00:00+00:00
[2026-05-19T09:39:52.755+0000] {processor.py:183} INFO - Processing /home/airflow/.local/lib/python3.12/site-packages/airflow/example_dags/example_branch_labels.py took 0.625 seconds
[2026-05-19T09:40:23.222+0000] {processor.py:161} INFO - Started process (PID=11739) to work on /home/airflow/.local/lib/python3.12/site-packages/airflow/example_dags/example_branch_labels.py
[2026-05-19T09:40:23.226+0000] {processor.py:830} INFO - Processing file /home/airflow/.local/lib/python3.12/site-packages/airflow/example_dags/example_branch_labels.py for tasks to queue
[2026-05-19T09:40:23.235+0000] {logging_mixin.py:188} INFO - [2026-05-19T09:40:23.233+0000] {dagbag.py:545} INFO - Filling up the DagBag from /home/airflow/.local/lib/python3.12/site-packages/airflow/example_dags/example_branch_labels.py
[2026-05-19T09:40:23.282+0000] {processor.py:840} INFO - DAG(s) 'example_branch_labels' retrieved from /home/airflow/.local/lib/python3.12/site-packages/airflow/example_dags/example_branch_labels.py
[2026-05-19T09:40:23.388+0000] {logging_mixin.py:188} INFO - [2026-05-19T09:40:23.387+0000] {dag.py:3089} INFO - Sync 1 DAGs
[2026-05-19T09:40:23.450+0000] {logging_mixin.py:188} INFO - [2026-05-19T09:40:23.449+0000] {dag.py:3947} INFO - Setting next_dagrun for example_branch_labels to 2026-05-18 00:00:00+00:00, run_after=2026-05-19 00:00:00+00:00
[2026-05-19T09:40:23.612+0000] {processor.py:183} INFO - Processing /home/airflow/.local/lib/python3.12/site-packages/airflow/example_dags/example_branch_labels.py took 0.411 seconds
[2026-05-19T09:40:54.120+0000] {processor.py:161} INFO - Started process (PID=11799) to work on /home/airflow/.local/lib/python3.12/site-packages/airflow/example_dags/example_branch_labels.py
[2026-05-19T09:40:54.124+0000] {processor.py:830} INFO - Processing file /home/airflow/.local/lib/python3.12/site-packages/airflow/example_dags/example_branch_labels.py for tasks to queue
[2026-05-19T09:40:54.131+0000] {logging_mixin.py:188} INFO - [2026-05-19T09:40:54.129+0000] {dagbag.py:545} INFO - Filling up the DagBag from /home/airflow/.local/lib/python3.12/site-packages/airflow/example_dags/example_branch_labels.py
[2026-05-19T09:40:54.170+0000] {processor.py:840} INFO - DAG(s) 'example_branch_labels' retrieved from /home/airflow/.local/lib/python3.12/site-packages/airflow/example_dags/example_branch_labels.py
[2026-05-19T09:40:54.295+0000] {logging_mixin.py:188} INFO - [2026-05-19T09:40:54.293+0000] {dag.py:3089} INFO - Sync 1 DAGs
[2026-05-19T09:40:54.386+0000] {logging_mixin.py:188} INFO - [2026-05-19T09:40:54.384+0000] {dag.py:3947} INFO - Setting next_dagrun for example_branch_labels to 2026-05-18 00:00:00+00:00, run_after=2026-05-19 00:00:00+00:00
[2026-05-19T09:40:54.448+0000] {processor.py:183} INFO - Processing /home/airflow/.local/lib/python3.12/site-packages/airflow/example_dags/example_branch_labels.py took 0.348 seconds
[2026-05-19T09:41:24.586+0000] {processor.py:161} INFO - Started process (PID=11859) to work on /home/airflow/.local/lib/python3.12/site-packages/airflow/example_dags/example_branch_labels.py
[2026-05-19T09:41:24.589+0000] {processor.py:830} INFO - Processing file /home/airflow/.local/lib/python3.12/site-packages/airflow/example_dags/example_branch_labels.py for tasks to queue
[2026-05-19T09:41:24.594+0000] {logging_mixin.py:188} INFO - [2026-05-19T09:41:24.593+0000] {dagbag.py:545} INFO - Filling up the DagBag from /home/airflow/.local/lib/python3.12/site-packages/airflow/example_dags/example_branch_labels.py
[2026-05-19T09:41:24.614+0000] {processor.py:840} INFO - DAG(s) 'example_branch_labels' retrieved from /home/airflow/.local/lib/python3.12/site-packages/airflow/example_dags/example_branch_labels.py
[2026-05-19T09:41:24.682+0000] {logging_mixin.py:188} INFO - [2026-05-19T09:41:24.680+0000] {dag.py:3089} INFO - Sync 1 DAGs
[2026-05-19T09:41:24.742+0000] {logging_mixin.py:188} INFO - [2026-05-19T09:41:24.742+0000] {dag.py:3947} INFO - Setting next_dagrun for example_branch_labels to 2026-05-18 00:00:00+00:00, run_after=2026-05-19 00:00:00+00:00
[2026-05-19T09:41:24.796+0000] {processor.py:183} INFO - Processing /home/airflow/.local/lib/python3.12/site-packages/airflow/example_dags/example_branch_labels.py took 0.228 seconds
[2026-05-19T09:41:55.327+0000] {processor.py:161} INFO - Started process (PID=11919) to work on /home/airflow/.local/lib/python3.12/site-packages/airflow/example_dags/example_branch_labels.py
[2026-05-19T09:41:55.340+0000] {processor.py:830} INFO - Processing file /home/airflow/.local/lib/python3.12/site-packages/airflow/example_dags/example_branch_labels.py for tasks to queue
[2026-05-19T09:41:55.356+0000] {logging_mixin.py:188} INFO - [2026-05-19T09:41:55.354+0000] {dagbag.py:545} INFO - Filling up the DagBag from /home/airflow/.local/lib/python3.12/site-packages/airflow/example_dags/example_branch_labels.py
[2026-05-19T09:41:55.443+0000] {processor.py:840} INFO - DAG(s) 'example_branch_labels' retrieved from /home/airflow/.local/lib/python3.12/site-packages/airflow/example_dags/example_branch_labels.py
[2026-05-19T09:41:55.652+0000] {logging_mixin.py:188} INFO - [2026-05-19T09:41:55.651+0000] {dag.py:3089} INFO - Sync 1 DAGs
[2026-05-19T09:41:55.964+0000] {logging_mixin.py:188} INFO - [2026-05-19T09:41:55.963+0000] {dag.py:3947} INFO - Setting next_dagrun for example_branch_labels to 2026-05-18 00:00:00+00:00, run_after=2026-05-19 00:00:00+00:00
[2026-05-19T09:41:56.051+0000] {processor.py:183} INFO - Processing /home/airflow/.local/lib/python3.12/site-packages/airflow/example_dags/example_branch_labels.py took 0.781 seconds
[2026-05-19T09:42:26.420+0000] {processor.py:161} INFO - Started process (PID=11979) to work on /home/airflow/.local/lib/python3.12/site-packages/airflow/example_dags/example_branch_labels.py
[2026-05-19T09:42:26.423+0000] {processor.py:830} INFO - Processing file /home/airflow/.local/lib/python3.12/site-packages/airflow/example_dags/example_branch_labels.py for tasks to queue
[2026-05-19T09:42:26.428+0000] {logging_mixin.py:188} INFO - [2026-05-19T09:42:26.428+0000] {dagbag.py:545} INFO - Filling up the DagBag from /home/airflow/.local/lib/python3.12/site-packages/airflow/example_dags/example_branch_labels.py
[2026-05-19T09:42:26.452+0000] {processor.py:840} INFO - DAG(s) 'example_branch_labels' retrieved from /home/airflow/.local/lib/python3.12/site-packages/airflow/example_dags/example_branch_labels.py
[2026-05-19T09:42:26.536+0000] {logging_mixin.py:188} INFO - [2026-05-19T09:42:26.536+0000] {dag.py:3089} INFO - Sync 1 DAGs
[2026-05-19T09:42:26.619+0000] {logging_mixin.py:188} INFO - [2026-05-19T09:42:26.618+0000] {dag.py:3947} INFO - Setting next_dagrun for example_branch_labels to 2026-05-18 00:00:00+00:00, run_after=2026-05-19 00:00:00+00:00
[2026-05-19T09:42:26.699+0000] {processor.py:183} INFO - Processing /home/airflow/.local/lib/python3.12/site-packages/airflow/example_dags/example_branch_labels.py took 0.296 seconds
[2026-05-19T09:42:56.972+0000] {processor.py:161} INFO - Started process (PID=12039) to work on /home/airflow/.local/lib/python3.12/site-packages/airflow/example_dags/example_branch_labels.py
[2026-05-19T09:42:56.975+0000] {processor.py:830} INFO - Processing file /home/airflow/.local/lib/python3.12/site-packages/airflow/example_dags/example_branch_labels.py for tasks to queue
[2026-05-19T09:42:56.982+0000] {logging_mixin.py:188} INFO - [2026-05-19T09:42:56.981+0000] {dagbag.py:545} INFO - Filling up the DagBag from /home/airflow/.local/lib/python3.12/site-packages/airflow/example_dags/example_branch_labels.py
[2026-05-19T09:42:57.010+0000] {processor.py:840} INFO - DAG(s) 'example_branch_labels' retrieved from /home/airflow/.local/lib/python3.12/site-packages/airflow/example_dags/example_branch_labels.py
[2026-05-19T09:42:57.088+0000] {logging_mixin.py:188} INFO - [2026-05-19T09:42:57.087+0000] {dag.py:3089} INFO - Sync 1 DAGs
[2026-05-19T09:42:57.146+0000] {logging_mixin.py:188} INFO - [2026-05-19T09:42:57.146+0000] {dag.py:3947} INFO - Setting next_dagrun for example_branch_labels to 2026-05-18 00:00:00+00:00, run_after=2026-05-19 00:00:00+00:00
[2026-05-19T09:42:57.201+0000] {processor.py:183} INFO - Processing /home/airflow/.local/lib/python3.12/site-packages/airflow/example_dags/example_branch_labels.py took 0.250 seconds
[2026-05-19T09:43:27.398+0000] {processor.py:161} INFO - Started process (PID=12099) to work on /home/airflow/.local/lib/python3.12/site-packages/airflow/example_dags/example_branch_labels.py
[2026-05-19T09:43:27.401+0000] {processor.py:830} INFO - Processing file /home/airflow/.local/lib/python3.12/site-packages/airflow/example_dags/example_branch_labels.py for tasks to queue
[2026-05-19T09:43:27.409+0000] {logging_mixin.py:188} INFO - [2026-05-19T09:43:27.407+0000] {dagbag.py:545} INFO - Filling up the DagBag from /home/airflow/.local/lib/python3.12/site-packages/airflow/example_dags/example_branch_labels.py
[2026-05-19T09:43:27.438+0000] {processor.py:840} INFO - DAG(s) 'example_branch_labels' retrieved from /home/airflow/.local/lib/python3.12/site-packages/airflow/example_dags/example_branch_labels.py
[2026-05-19T09:43:27.591+0000] {logging_mixin.py:188} INFO - [2026-05-19T09:43:27.590+0000] {dag.py:3089} INFO - Sync 1 DAGs
[2026-05-19T09:43:27.659+0000] {logging_mixin.py:188} INFO - [2026-05-19T09:43:27.658+0000] {dag.py:3947} INFO - Setting next_dagrun for example_branch_labels to 2026-05-18 00:00:00+00:00, run_after=2026-05-19 00:00:00+00:00
[2026-05-19T09:43:27.727+0000] {processor.py:183} INFO - Processing /home/airflow/.local/lib/python3.12/site-packages/airflow/example_dags/example_branch_labels.py took 0.348 seconds
[2026-05-19T09:43:58.085+0000] {processor.py:161} INFO - Started process (PID=12159) to work on /home/airflow/.local/lib/python3.12/site-packages/airflow/example_dags/example_branch_labels.py
[2026-05-19T09:43:58.090+0000] {processor.py:830} INFO - Processing file /home/airflow/.local/lib/python3.12/site-packages/airflow/example_dags/example_branch_labels.py for tasks to queue
[2026-05-19T09:43:58.106+0000] {logging_mixin.py:188} INFO - [2026-05-19T09:43:58.104+0000] {dagbag.py:545} INFO - Filling up the DagBag from /home/airflow/.local/lib/python3.12/site-packages/airflow/example_dags/example_branch_labels.py
[2026-05-19T09:43:58.153+0000] {processor.py:840} INFO - DAG(s) 'example_branch_labels' retrieved from /home/airflow/.local/lib/python3.12/site-packages/airflow/example_dags/example_branch_labels.py
[2026-05-19T09:43:58.261+0000] {logging_mixin.py:188} INFO - [2026-05-19T09:43:58.260+0000] {dag.py:3089} INFO - Sync 1 DAGs
[2026-05-19T09:43:58.367+0000] {logging_mixin.py:188} INFO - [2026-05-19T09:43:58.366+0000] {dag.py:3947} INFO - Setting next_dagrun for example_branch_labels to 2026-05-18 00:00:00+00:00, run_after=2026-05-19 00:00:00+00:00
[2026-05-19T09:43:58.436+0000] {processor.py:183} INFO - Processing /home/airflow/.local/lib/python3.12/site-packages/airflow/example_dags/example_branch_labels.py took 0.387 seconds
[2026-05-19T09:44:28.651+0000] {processor.py:161} INFO - Started process (PID=12219) to work on /home/airflow/.local/lib/python3.12/site-packages/airflow/example_dags/example_branch_labels.py
[2026-05-19T09:44:28.655+0000] {processor.py:830} INFO - Processing file /home/airflow/.local/lib/python3.12/site-packages/airflow/example_dags/example_branch_labels.py for tasks to queue
[2026-05-19T09:44:28.661+0000] {logging_mixin.py:188} INFO - [2026-05-19T09:44:28.660+0000] {dagbag.py:545} INFO - Filling up the DagBag from /home/airflow/.local/lib/python3.12/site-packages/airflow/example_dags/example_branch_labels.py
[2026-05-19T09:44:28.685+0000] {processor.py:840} INFO - DAG(s) 'example_branch_labels' retrieved from /home/airflow/.local/lib/python3.12/site-packages/airflow/example_dags/example_branch_labels.py
[2026-05-19T09:44:28.753+0000] {logging_mixin.py:188} INFO - [2026-05-19T09:44:28.753+0000] {dag.py:3089} INFO - Sync 1 DAGs
[2026-05-19T09:44:28.812+0000] {logging_mixin.py:188} INFO - [2026-05-19T09:44:28.812+0000] {dag.py:3947} INFO - Setting next_dagrun for example_branch_labels to 2026-05-18 00:00:00+00:00, run_after=2026-05-19 00:00:00+00:00
[2026-05-19T09:44:28.869+0000] {processor.py:183} INFO - Processing /home/airflow/.local/lib/python3.12/site-packages/airflow/example_dags/example_branch_labels.py took 0.239 seconds
[2026-05-19T09:44:59.884+0000] {processor.py:161} INFO - Started process (PID=12277) to work on /home/airflow/.local/lib/python3.12/site-packages/airflow/example_dags/example_branch_labels.py
[2026-05-19T09:44:59.889+0000] {processor.py:830} INFO - Processing file /home/airflow/.local/lib/python3.12/site-packages/airflow/example_dags/example_branch_labels.py for tasks to queue
[2026-05-19T09:44:59.903+0000] {logging_mixin.py:188} INFO - [2026-05-19T09:44:59.901+0000] {dagbag.py:545} INFO - Filling up the DagBag from /home/airflow/.local/lib/python3.12/site-packages/airflow/example_dags/example_branch_labels.py
[2026-05-19T09:44:59.949+0000] {processor.py:840} INFO - DAG(s) 'example_branch_labels' retrieved from /home/airflow/.local/lib/python3.12/site-packages/airflow/example_dags/example_branch_labels.py
[2026-05-19T09:45:00.060+0000] {logging_mixin.py:188} INFO - [2026-05-19T09:45:00.059+0000] {dag.py:3089} INFO - Sync 1 DAGs
[2026-05-19T09:45:00.133+0000] {logging_mixin.py:188} INFO - [2026-05-19T09:45:00.132+0000] {dag.py:3947} INFO - Setting next_dagrun for example_branch_labels to 2026-05-18 00:00:00+00:00, run_after=2026-05-19 00:00:00+00:00
[2026-05-19T09:45:00.245+0000] {processor.py:183} INFO - Processing /home/airflow/.local/lib/python3.12/site-packages/airflow/example_dags/example_branch_labels.py took 0.385 seconds
[2026-05-19T09:45:30.626+0000] {processor.py:161} INFO - Started process (PID=12337) to work on /home/airflow/.local/lib/python3.12/site-packages/airflow/example_dags/example_branch_labels.py
[2026-05-19T09:45:30.629+0000] {processor.py:830} INFO - Processing file /home/airflow/.local/lib/python3.12/site-packages/airflow/example_dags/example_branch_labels.py for tasks to queue
[2026-05-19T09:45:30.636+0000] {logging_mixin.py:188} INFO - [2026-05-19T09:45:30.634+0000] {dagbag.py:545} INFO - Filling up the DagBag from /home/airflow/.local/lib/python3.12/site-packages/airflow/example_dags/example_branch_labels.py
[2026-05-19T09:45:30.659+0000] {processor.py:840} INFO - DAG(s) 'example_branch_labels' retrieved from /home/airflow/.local/lib/python3.12/site-packages/airflow/example_dags/example_branch_labels.py
[2026-05-19T09:45:30.722+0000] {logging_mixin.py:188} INFO - [2026-05-19T09:45:30.721+0000] {dag.py:3089} INFO - Sync 1 DAGs
[2026-05-19T09:45:30.793+0000] {logging_mixin.py:188} INFO - [2026-05-19T09:45:30.792+0000] {dag.py:3947} INFO - Setting next_dagrun for example_branch_labels to 2026-05-18 00:00:00+00:00, run_after=2026-05-19 00:00:00+00:00
[2026-05-19T09:45:30.858+0000] {processor.py:183} INFO - Processing /home/airflow/.local/lib/python3.12/site-packages/airflow/example_dags/example_branch_labels.py took 0.247 seconds
[2026-05-19T09:46:01.675+0000] {processor.py:161} INFO - Started process (PID=12400) to work on /home/airflow/.local/lib/python3.12/site-packages/airflow/example_dags/example_branch_labels.py
[2026-05-19T09:46:01.681+0000] {processor.py:830} INFO - Processing file /home/airflow/.local/lib/python3.12/site-packages/airflow/example_dags/example_branch_labels.py for tasks to queue
[2026-05-19T09:46:01.689+0000] {logging_mixin.py:188} INFO - [2026-05-19T09:46:01.688+0000] {dagbag.py:545} INFO - Filling up the DagBag from /home/airflow/.local/lib/python3.12/site-packages/airflow/example_dags/example_branch_labels.py
[2026-05-19T09:46:01.724+0000] {processor.py:840} INFO - DAG(s) 'example_branch_labels' retrieved from /home/airflow/.local/lib/python3.12/site-packages/airflow/example_dags/example_branch_labels.py
[2026-05-19T09:46:01.791+0000] {logging_mixin.py:188} INFO - [2026-05-19T09:46:01.790+0000] {dag.py:3089} INFO - Sync 1 DAGs
[2026-05-19T09:46:01.855+0000] {logging_mixin.py:188} INFO - [2026-05-19T09:46:01.854+0000] {dag.py:3947} INFO - Setting next_dagrun for example_branch_labels to 2026-05-18 00:00:00+00:00, run_after=2026-05-19 00:00:00+00:00
[2026-05-19T09:46:01.910+0000] {processor.py:183} INFO - Processing /home/airflow/.local/lib/python3.12/site-packages/airflow/example_dags/example_branch_labels.py took 0.263 seconds
[2026-05-19T09:46:34.288+0000] {processor.py:161} INFO - Started process (PID=12458) to work on /home/airflow/.local/lib/python3.12/site-packages/airflow/example_dags/example_branch_labels.py
[2026-05-19T09:46:34.292+0000] {processor.py:830} INFO - Processing file /home/airflow/.local/lib/python3.12/site-packages/airflow/example_dags/example_branch_labels.py for tasks to queue
[2026-05-19T09:46:34.297+0000] {logging_mixin.py:188} INFO - [2026-05-19T09:46:34.297+0000] {dagbag.py:545} INFO - Filling up the DagBag from /home/airflow/.local/lib/python3.12/site-packages/airflow/example_dags/example_branch_labels.py
[2026-05-19T09:46:34.331+0000] {processor.py:840} INFO - DAG(s) 'example_branch_labels' retrieved from /home/airflow/.local/lib/python3.12/site-packages/airflow/example_dags/example_branch_labels.py
[2026-05-19T09:46:34.470+0000] {logging_mixin.py:188} INFO - [2026-05-19T09:46:34.469+0000] {dag.py:3089} INFO - Sync 1 DAGs
[2026-05-19T09:46:34.602+0000] {logging_mixin.py:188} INFO - [2026-05-19T09:46:34.601+0000] {dag.py:3947} INFO - Setting next_dagrun for example_branch_labels to 2026-05-18 00:00:00+00:00, run_after=2026-05-19 00:00:00+00:00
[2026-05-19T09:46:34.674+0000] {processor.py:183} INFO - Processing /home/airflow/.local/lib/python3.12/site-packages/airflow/example_dags/example_branch_labels.py took 0.402 seconds
[2026-05-19T09:47:08.345+0000] {processor.py:161} INFO - Started process (PID=12518) to work on /home/airflow/.local/lib/python3.12/site-packages/airflow/example_dags/example_branch_labels.py
[2026-05-19T09:47:08.354+0000] {processor.py:830} INFO - Processing file /home/airflow/.local/lib/python3.12/site-packages/airflow/example_dags/example_branch_labels.py for tasks to queue
[2026-05-19T09:47:08.381+0000] {logging_mixin.py:188} INFO - [2026-05-19T09:47:08.376+0000] {dagbag.py:545} INFO - Filling up the DagBag from /home/airflow/.local/lib/python3.12/site-packages/airflow/example_dags/example_branch_labels.py
[2026-05-19T09:47:08.437+0000] {processor.py:840} INFO - DAG(s) 'example_branch_labels' retrieved from /home/airflow/.local/lib/python3.12/site-packages/airflow/example_dags/example_branch_labels.py
[2026-05-19T09:47:08.572+0000] {logging_mixin.py:188} INFO - [2026-05-19T09:47:08.571+0000] {dag.py:3089} INFO - Sync 1 DAGs
[2026-05-19T09:47:09.125+0000] {logging_mixin.py:188} INFO - [2026-05-19T09:47:09.124+0000] {dag.py:3947} INFO - Setting next_dagrun for example_branch_labels to 2026-05-18 00:00:00+00:00, run_after=2026-05-19 00:00:00+00:00
[2026-05-19T09:47:09.162+0000] {processor.py:183} INFO - Processing /home/airflow/.local/lib/python3.12/site-packages/airflow/example_dags/example_branch_labels.py took 0.926 seconds
[2026-05-19T09:47:39.981+0000] {processor.py:161} INFO - Started process (PID=12578) to work on /home/airflow/.local/lib/python3.12/site-packages/airflow/example_dags/example_branch_labels.py
[2026-05-19T09:47:39.985+0000] {processor.py:830} INFO - Processing file /home/airflow/.local/lib/python3.12/site-packages/airflow/example_dags/example_branch_labels.py for tasks to queue
[2026-05-19T09:47:39.993+0000] {logging_mixin.py:188} INFO - [2026-05-19T09:47:39.992+0000] {dagbag.py:545} INFO - Filling up the DagBag from /home/airflow/.local/lib/python3.12/site-packages/airflow/example_dags/example_branch_labels.py
[2026-05-19T09:47:40.027+0000] {processor.py:840} INFO - DAG(s) 'example_branch_labels' retrieved from /home/airflow/.local/lib/python3.12/site-packages/airflow/example_dags/example_branch_labels.py
[2026-05-19T09:47:40.105+0000] {logging_mixin.py:188} INFO - [2026-05-19T09:47:40.104+0000] {dag.py:3089} INFO - Sync 1 DAGs
[2026-05-19T09:47:40.201+0000] {logging_mixin.py:188} INFO - [2026-05-19T09:47:40.200+0000] {dag.py:3947} INFO - Setting next_dagrun for example_branch_labels to 2026-05-18 00:00:00+00:00, run_after=2026-05-19 00:00:00+00:00
[2026-05-19T09:47:40.280+0000] {processor.py:183} INFO - Processing /home/airflow/.local/lib/python3.12/site-packages/airflow/example_dags/example_branch_labels.py took 0.321 seconds
[2026-05-19T09:48:11.554+0000] {processor.py:161} INFO - Started process (PID=12638) to work on /home/airflow/.local/lib/python3.12/site-packages/airflow/example_dags/example_branch_labels.py
[2026-05-19T09:48:11.559+0000] {processor.py:830} INFO - Processing file /home/airflow/.local/lib/python3.12/site-packages/airflow/example_dags/example_branch_labels.py for tasks to queue
[2026-05-19T09:48:11.570+0000] {logging_mixin.py:188} INFO - [2026-05-19T09:48:11.568+0000] {dagbag.py:545} INFO - Filling up the DagBag from /home/airflow/.local/lib/python3.12/site-packages/airflow/example_dags/example_branch_labels.py
[2026-05-19T09:48:12.072+0000] {processor.py:840} INFO - DAG(s) 'example_branch_labels' retrieved from /home/airflow/.local/lib/python3.12/site-packages/airflow/example_dags/example_branch_labels.py
[2026-05-19T09:48:12.141+0000] {logging_mixin.py:188} INFO - [2026-05-19T09:48:12.140+0000] {dag.py:3089} INFO - Sync 1 DAGs
[2026-05-19T09:48:12.213+0000] {logging_mixin.py:188} INFO - [2026-05-19T09:48:12.212+0000] {dag.py:3947} INFO - Setting next_dagrun for example_branch_labels to 2026-05-18 00:00:00+00:00, run_after=2026-05-19 00:00:00+00:00
[2026-05-19T09:48:12.319+0000] {processor.py:183} INFO - Processing /home/airflow/.local/lib/python3.12/site-packages/airflow/example_dags/example_branch_labels.py took 0.801 seconds
[2026-05-19T09:48:43.134+0000] {processor.py:161} INFO - Started process (PID=12698) to work on /home/airflow/.local/lib/python3.12/site-packages/airflow/example_dags/example_branch_labels.py
[2026-05-19T09:48:43.137+0000] {processor.py:830} INFO - Processing file /home/airflow/.local/lib/python3.12/site-packages/airflow/example_dags/example_branch_labels.py for tasks to queue
[2026-05-19T09:48:43.142+0000] {logging_mixin.py:188} INFO - [2026-05-19T09:48:43.141+0000] {dagbag.py:545} INFO - Filling up the DagBag from /home/airflow/.local/lib/python3.12/site-packages/airflow/example_dags/example_branch_labels.py
[2026-05-19T09:48:43.184+0000] {processor.py:840} INFO - DAG(s) 'example_branch_labels' retrieved from /home/airflow/.local/lib/python3.12/site-packages/airflow/example_dags/example_branch_labels.py
[2026-05-19T09:48:43.312+0000] {logging_mixin.py:188} INFO - [2026-05-19T09:48:43.311+0000] {dag.py:3089} INFO - Sync 1 DAGs
[2026-05-19T09:48:43.423+0000] {logging_mixin.py:188} INFO - [2026-05-19T09:48:43.422+0000] {dag.py:3947} INFO - Setting next_dagrun for example_branch_labels to 2026-05-18 00:00:00+00:00, run_after=2026-05-19 00:00:00+00:00
[2026-05-19T09:48:43.541+0000] {processor.py:183} INFO - Processing /home/airflow/.local/lib/python3.12/site-packages/airflow/example_dags/example_branch_labels.py took 0.425 seconds
[2026-05-19T09:49:14.396+0000] {processor.py:161} INFO - Started process (PID=12757) to work on /home/airflow/.local/lib/python3.12/site-packages/airflow/example_dags/example_branch_labels.py
[2026-05-19T09:49:14.405+0000] {processor.py:830} INFO - Processing file /home/airflow/.local/lib/python3.12/site-packages/airflow/example_dags/example_branch_labels.py for tasks to queue
[2026-05-19T09:49:14.415+0000] {logging_mixin.py:188} INFO - [2026-05-19T09:49:14.413+0000] {dagbag.py:545} INFO - Filling up the DagBag from /home/airflow/.local/lib/python3.12/site-packages/airflow/example_dags/example_branch_labels.py
[2026-05-19T09:49:14.461+0000] {processor.py:840} INFO - DAG(s) 'example_branch_labels' retrieved from /home/airflow/.local/lib/python3.12/site-packages/airflow/example_dags/example_branch_labels.py
[2026-05-19T09:49:14.583+0000] {logging_mixin.py:188} INFO - [2026-05-19T09:49:14.581+0000] {dag.py:3089} INFO - Sync 1 DAGs
[2026-05-19T09:49:14.693+0000] {logging_mixin.py:188} INFO - [2026-05-19T09:49:14.692+0000] {dag.py:3947} INFO - Setting next_dagrun for example_branch_labels to 2026-05-18 00:00:00+00:00, run_after=2026-05-19 00:00:00+00:00
[2026-05-19T09:49:14.805+0000] {processor.py:183} INFO - Processing /home/airflow/.local/lib/python3.12/site-packages/airflow/example_dags/example_branch_labels.py took 0.481 seconds
[2026-05-19T09:49:45.582+0000] {processor.py:161} INFO - Started process (PID=12816) to work on /home/airflow/.local/lib/python3.12/site-packages/airflow/example_dags/example_branch_labels.py
[2026-05-19T09:49:45.597+0000] {processor.py:830} INFO - Processing file /home/airflow/.local/lib/python3.12/site-packages/airflow/example_dags/example_branch_labels.py for tasks to queue
[2026-05-19T09:49:45.617+0000] {logging_mixin.py:188} INFO - [2026-05-19T09:49:45.615+0000] {dagbag.py:545} INFO - Filling up the DagBag from /home/airflow/.local/lib/python3.12/site-packages/airflow/example_dags/example_branch_labels.py
[2026-05-19T09:49:45.659+0000] {processor.py:840} INFO - DAG(s) 'example_branch_labels' retrieved from /home/airflow/.local/lib/python3.12/site-packages/airflow/example_dags/example_branch_labels.py
[2026-05-19T09:49:45.776+0000] {logging_mixin.py:188} INFO - [2026-05-19T09:49:45.773+0000] {dag.py:3089} INFO - Sync 1 DAGs
[2026-05-19T09:49:45.932+0000] {logging_mixin.py:188} INFO - [2026-05-19T09:49:45.931+0000] {dag.py:3947} INFO - Setting next_dagrun for example_branch_labels to 2026-05-18 00:00:00+00:00, run_after=2026-05-19 00:00:00+00:00
[2026-05-19T09:49:46.094+0000] {processor.py:183} INFO - Processing /home/airflow/.local/lib/python3.12/site-packages/airflow/example_dags/example_branch_labels.py took 0.539 seconds
[2026-05-19T09:50:16.283+0000] {processor.py:161} INFO - Started process (PID=12876) to work on /home/airflow/.local/lib/python3.12/site-packages/airflow/example_dags/example_branch_labels.py
[2026-05-19T09:50:16.286+0000] {processor.py:830} INFO - Processing file /home/airflow/.local/lib/python3.12/site-packages/airflow/example_dags/example_branch_labels.py for tasks to queue
[2026-05-19T09:50:16.294+0000] {logging_mixin.py:188} INFO - [2026-05-19T09:50:16.293+0000] {dagbag.py:545} INFO - Filling up the DagBag from /home/airflow/.local/lib/python3.12/site-packages/airflow/example_dags/example_branch_labels.py
[2026-05-19T09:50:16.323+0000] {processor.py:840} INFO - DAG(s) 'example_branch_labels' retrieved from /home/airflow/.local/lib/python3.12/site-packages/airflow/example_dags/example_branch_labels.py
[2026-05-19T09:50:16.379+0000] {logging_mixin.py:188} INFO - [2026-05-19T09:50:16.378+0000] {dag.py:3089} INFO - Sync 1 DAGs
[2026-05-19T09:50:16.437+0000] {logging_mixin.py:188} INFO - [2026-05-19T09:50:16.437+0000] {dag.py:3947} INFO - Setting next_dagrun for example_branch_labels to 2026-05-18 00:00:00+00:00, run_after=2026-05-19 00:00:00+00:00
[2026-05-19T09:50:16.491+0000] {processor.py:183} INFO - Processing /home/airflow/.local/lib/python3.12/site-packages/airflow/example_dags/example_branch_labels.py took 0.224 seconds
[2026-05-19T09:50:46.800+0000] {processor.py:161} INFO - Started process (PID=12934) to work on /home/airflow/.local/lib/python3.12/site-packages/airflow/example_dags/example_branch_labels.py
[2026-05-19T09:50:46.804+0000] {processor.py:830} INFO - Processing file /home/airflow/.local/lib/python3.12/site-packages/airflow/example_dags/example_branch_labels.py for tasks to queue
[2026-05-19T09:50:46.809+0000] {logging_mixin.py:188} INFO - [2026-05-19T09:50:46.808+0000] {dagbag.py:545} INFO - Filling up the DagBag from /home/airflow/.local/lib/python3.12/site-packages/airflow/example_dags/example_branch_labels.py
[2026-05-19T09:50:46.833+0000] {processor.py:840} INFO - DAG(s) 'example_branch_labels' retrieved from /home/airflow/.local/lib/python3.12/site-packages/airflow/example_dags/example_branch_labels.py
[2026-05-19T09:50:46.898+0000] {logging_mixin.py:188} INFO - [2026-05-19T09:50:46.898+0000] {dag.py:3089} INFO - Sync 1 DAGs
[2026-05-19T09:50:46.971+0000] {logging_mixin.py:188} INFO - [2026-05-19T09:50:46.970+0000] {dag.py:3947} INFO - Setting next_dagrun for example_branch_labels to 2026-05-18 00:00:00+00:00, run_after=2026-05-19 00:00:00+00:00
[2026-05-19T09:50:47.044+0000] {processor.py:183} INFO - Processing /home/airflow/.local/lib/python3.12/site-packages/airflow/example_dags/example_branch_labels.py took 0.259 seconds
[2026-05-19T09:51:19.187+0000] {processor.py:161} INFO - Started process (PID=12994) to work on /home/airflow/.local/lib/python3.12/site-packages/airflow/example_dags/example_branch_labels.py
[2026-05-19T09:51:19.195+0000] {processor.py:830} INFO - Processing file /home/airflow/.local/lib/python3.12/site-packages/airflow/example_dags/example_branch_labels.py for tasks to queue
[2026-05-19T09:51:19.209+0000] {logging_mixin.py:188} INFO - [2026-05-19T09:51:19.207+0000] {dagbag.py:545} INFO - Filling up the DagBag from /home/airflow/.local/lib/python3.12/site-packages/airflow/example_dags/example_branch_labels.py
[2026-05-19T09:51:19.318+0000] {processor.py:840} INFO - DAG(s) 'example_branch_labels' retrieved from /home/airflow/.local/lib/python3.12/site-packages/airflow/example_dags/example_branch_labels.py
[2026-05-19T09:51:19.430+0000] {logging_mixin.py:188} INFO - [2026-05-19T09:51:19.429+0000] {dag.py:3089} INFO - Sync 1 DAGs
[2026-05-19T09:51:19.570+0000] {logging_mixin.py:188} INFO - [2026-05-19T09:51:19.569+0000] {dag.py:3947} INFO - Setting next_dagrun for example_branch_labels to 2026-05-18 00:00:00+00:00, run_after=2026-05-19 00:00:00+00:00
[2026-05-19T09:51:19.776+0000] {processor.py:183} INFO - Processing /home/airflow/.local/lib/python3.12/site-packages/airflow/example_dags/example_branch_labels.py took 0.634 seconds
[2026-05-19T09:56:24.063+0000] {processor.py:161} INFO - Started process (PID=130) to work on /home/airflow/.local/lib/python3.12/site-packages/airflow/example_dags/example_branch_labels.py
[2026-05-19T09:56:24.157+0000] {processor.py:830} INFO - Processing file /home/airflow/.local/lib/python3.12/site-packages/airflow/example_dags/example_branch_labels.py for tasks to queue
[2026-05-19T09:56:24.426+0000] {logging_mixin.py:188} INFO - [2026-05-19T09:56:24.376+0000] {dagbag.py:545} INFO - Filling up the DagBag from /home/airflow/.local/lib/python3.12/site-packages/airflow/example_dags/example_branch_labels.py
[2026-05-19T09:56:25.088+0000] {processor.py:840} INFO - DAG(s) 'example_branch_labels' retrieved from /home/airflow/.local/lib/python3.12/site-packages/airflow/example_dags/example_branch_labels.py
[2026-05-19T09:56:28.061+0000] {logging_mixin.py:188} INFO - [2026-05-19T09:56:28.059+0000] {dag.py:3089} INFO - Sync 1 DAGs
[2026-05-19T09:56:28.225+0000] {logging_mixin.py:188} INFO - [2026-05-19T09:56:28.224+0000] {dag.py:3947} INFO - Setting next_dagrun for example_branch_labels to 2026-05-18 00:00:00+00:00, run_after=2026-05-19 00:00:00+00:00
[2026-05-19T09:56:28.337+0000] {processor.py:183} INFO - Processing /home/airflow/.local/lib/python3.12/site-packages/airflow/example_dags/example_branch_labels.py took 4.729 seconds
[2026-05-19T09:57:20.161+0000] {processor.py:161} INFO - Started process (PID=195) to work on /home/airflow/.local/lib/python3.12/site-packages/airflow/example_dags/example_branch_labels.py
[2026-05-19T09:57:20.163+0000] {processor.py:830} INFO - Processing file /home/airflow/.local/lib/python3.12/site-packages/airflow/example_dags/example_branch_labels.py for tasks to queue
[2026-05-19T09:57:20.173+0000] {logging_mixin.py:188} INFO - [2026-05-19T09:57:20.172+0000] {dagbag.py:545} INFO - Filling up the DagBag from /home/airflow/.local/lib/python3.12/site-packages/airflow/example_dags/example_branch_labels.py
[2026-05-19T09:57:20.196+0000] {processor.py:840} INFO - DAG(s) 'example_branch_labels' retrieved from /home/airflow/.local/lib/python3.12/site-packages/airflow/example_dags/example_branch_labels.py
[2026-05-19T09:57:20.267+0000] {logging_mixin.py:188} INFO - [2026-05-19T09:57:20.266+0000] {dag.py:3089} INFO - Sync 1 DAGs
[2026-05-19T09:57:20.355+0000] {logging_mixin.py:188} INFO - [2026-05-19T09:57:20.354+0000] {dag.py:3947} INFO - Setting next_dagrun for example_branch_labels to 2026-05-18 00:00:00+00:00, run_after=2026-05-19 00:00:00+00:00
[2026-05-19T09:57:20.408+0000] {processor.py:183} INFO - Processing /home/airflow/.local/lib/python3.12/site-packages/airflow/example_dags/example_branch_labels.py took 0.261 seconds
[2026-05-19T09:57:51.425+0000] {processor.py:161} INFO - Started process (PID=256) to work on /home/airflow/.local/lib/python3.12/site-packages/airflow/example_dags/example_branch_labels.py
[2026-05-19T09:57:51.430+0000] {processor.py:830} INFO - Processing file /home/airflow/.local/lib/python3.12/site-packages/airflow/example_dags/example_branch_labels.py for tasks to queue
[2026-05-19T09:57:51.436+0000] {logging_mixin.py:188} INFO - [2026-05-19T09:57:51.435+0000] {dagbag.py:545} INFO - Filling up the DagBag from /home/airflow/.local/lib/python3.12/site-packages/airflow/example_dags/example_branch_labels.py
[2026-05-19T09:57:51.462+0000] {processor.py:840} INFO - DAG(s) 'example_branch_labels' retrieved from /home/airflow/.local/lib/python3.12/site-packages/airflow/example_dags/example_branch_labels.py
[2026-05-19T09:57:51.528+0000] {logging_mixin.py:188} INFO - [2026-05-19T09:57:51.527+0000] {dag.py:3089} INFO - Sync 1 DAGs
[2026-05-19T09:57:51.579+0000] {logging_mixin.py:188} INFO - [2026-05-19T09:57:51.578+0000] {dag.py:3947} INFO - Setting next_dagrun for example_branch_labels to 2026-05-18 00:00:00+00:00, run_after=2026-05-19 00:00:00+00:00
[2026-05-19T09:57:51.639+0000] {processor.py:183} INFO - Processing /home/airflow/.local/lib/python3.12/site-packages/airflow/example_dags/example_branch_labels.py took 0.255 seconds
[2026-05-19T09:58:23.120+0000] {processor.py:161} INFO - Started process (PID=317) to work on /home/airflow/.local/lib/python3.12/site-packages/airflow/example_dags/example_branch_labels.py
[2026-05-19T09:58:23.124+0000] {processor.py:830} INFO - Processing file /home/airflow/.local/lib/python3.12/site-packages/airflow/example_dags/example_branch_labels.py for tasks to queue
[2026-05-19T09:58:23.132+0000] {logging_mixin.py:188} INFO - [2026-05-19T09:58:23.130+0000] {dagbag.py:545} INFO - Filling up the DagBag from /home/airflow/.local/lib/python3.12/site-packages/airflow/example_dags/example_branch_labels.py
[2026-05-19T09:58:23.156+0000] {processor.py:840} INFO - DAG(s) 'example_branch_labels' retrieved from /home/airflow/.local/lib/python3.12/site-packages/airflow/example_dags/example_branch_labels.py
[2026-05-19T09:58:23.223+0000] {logging_mixin.py:188} INFO - [2026-05-19T09:58:23.222+0000] {dag.py:3089} INFO - Sync 1 DAGs
[2026-05-19T09:58:23.309+0000] {logging_mixin.py:188} INFO - [2026-05-19T09:58:23.308+0000] {dag.py:3947} INFO - Setting next_dagrun for example_branch_labels to 2026-05-18 00:00:00+00:00, run_after=2026-05-19 00:00:00+00:00
[2026-05-19T09:58:23.379+0000] {processor.py:183} INFO - Processing /home/airflow/.local/lib/python3.12/site-packages/airflow/example_dags/example_branch_labels.py took 0.285 seconds
[2026-05-19T09:58:59.383+0000] {processor.py:161} INFO - Started process (PID=377) to work on /home/airflow/.local/lib/python3.12/site-packages/airflow/example_dags/example_branch_labels.py
[2026-05-19T09:58:59.388+0000] {processor.py:830} INFO - Processing file /home/airflow/.local/lib/python3.12/site-packages/airflow/example_dags/example_branch_labels.py for tasks to queue
[2026-05-19T09:58:59.398+0000] {logging_mixin.py:188} INFO - [2026-05-19T09:58:59.396+0000] {dagbag.py:545} INFO - Filling up the DagBag from /home/airflow/.local/lib/python3.12/site-packages/airflow/example_dags/example_branch_labels.py
[2026-05-19T09:58:59.425+0000] {processor.py:840} INFO - DAG(s) 'example_branch_labels' retrieved from /home/airflow/.local/lib/python3.12/site-packages/airflow/example_dags/example_branch_labels.py
[2026-05-19T09:58:59.522+0000] {logging_mixin.py:188} INFO - [2026-05-19T09:58:59.521+0000] {dag.py:3089} INFO - Sync 1 DAGs
[2026-05-19T09:58:59.641+0000] {logging_mixin.py:188} INFO - [2026-05-19T09:58:59.640+0000] {dag.py:3947} INFO - Setting next_dagrun for example_branch_labels to 2026-05-18 00:00:00+00:00, run_after=2026-05-19 00:00:00+00:00
[2026-05-19T09:58:59.781+0000] {processor.py:183} INFO - Processing /home/airflow/.local/lib/python3.12/site-packages/airflow/example_dags/example_branch_labels.py took 0.420 seconds
[2026-05-19T09:59:30.280+0000] {processor.py:161} INFO - Started process (PID=438) to work on /home/airflow/.local/lib/python3.12/site-packages/airflow/example_dags/example_branch_labels.py
[2026-05-19T09:59:30.287+0000] {processor.py:830} INFO - Processing file /home/airflow/.local/lib/python3.12/site-packages/airflow/example_dags/example_branch_labels.py for tasks to queue
[2026-05-19T09:59:30.293+0000] {logging_mixin.py:188} INFO - [2026-05-19T09:59:30.292+0000] {dagbag.py:545} INFO - Filling up the DagBag from /home/airflow/.local/lib/python3.12/site-packages/airflow/example_dags/example_branch_labels.py
[2026-05-19T09:59:30.327+0000] {processor.py:840} INFO - DAG(s) 'example_branch_labels' retrieved from /home/airflow/.local/lib/python3.12/site-packages/airflow/example_dags/example_branch_labels.py
[2026-05-19T09:59:30.407+0000] {logging_mixin.py:188} INFO - [2026-05-19T09:59:30.406+0000] {dag.py:3089} INFO - Sync 1 DAGs
[2026-05-19T09:59:30.501+0000] {logging_mixin.py:188} INFO - [2026-05-19T09:59:30.500+0000] {dag.py:3947} INFO - Setting next_dagrun for example_branch_labels to 2026-05-18 00:00:00+00:00, run_after=2026-05-19 00:00:00+00:00
[2026-05-19T09:59:30.579+0000] {processor.py:183} INFO - Processing /home/airflow/.local/lib/python3.12/site-packages/airflow/example_dags/example_branch_labels.py took 0.331 seconds
[2026-05-19T10:00:04.746+0000] {processor.py:161} INFO - Started process (PID=499) to work on /home/airflow/.local/lib/python3.12/site-packages/airflow/example_dags/example_branch_labels.py
[2026-05-19T10:00:04.762+0000] {processor.py:830} INFO - Processing file /home/airflow/.local/lib/python3.12/site-packages/airflow/example_dags/example_branch_labels.py for tasks to queue
[2026-05-19T10:00:04.773+0000] {logging_mixin.py:188} INFO - [2026-05-19T10:00:04.771+0000] {dagbag.py:545} INFO - Filling up the DagBag from /home/airflow/.local/lib/python3.12/site-packages/airflow/example_dags/example_branch_labels.py
[2026-05-19T10:00:04.846+0000] {processor.py:840} INFO - DAG(s) 'example_branch_labels' retrieved from /home/airflow/.local/lib/python3.12/site-packages/airflow/example_dags/example_branch_labels.py
[2026-05-19T10:00:05.292+0000] {logging_mixin.py:188} INFO - [2026-05-19T10:00:05.291+0000] {dag.py:3089} INFO - Sync 1 DAGs
[2026-05-19T10:00:05.839+0000] {logging_mixin.py:188} INFO - [2026-05-19T10:00:05.827+0000] {dag.py:3947} INFO - Setting next_dagrun for example_branch_labels to 2026-05-18 00:00:00+00:00, run_after=2026-05-19 00:00:00+00:00
[2026-05-19T10:00:06.055+0000] {processor.py:183} INFO - Processing /home/airflow/.local/lib/python3.12/site-packages/airflow/example_dags/example_branch_labels.py took 1.339 seconds
[2026-05-19T10:00:36.603+0000] {processor.py:161} INFO - Started process (PID=559) to work on /home/airflow/.local/lib/python3.12/site-packages/airflow/example_dags/example_branch_labels.py
[2026-05-19T10:00:36.606+0000] {processor.py:830} INFO - Processing file /home/airflow/.local/lib/python3.12/site-packages/airflow/example_dags/example_branch_labels.py for tasks to queue
[2026-05-19T10:00:36.609+0000] {logging_mixin.py:188} INFO - [2026-05-19T10:00:36.608+0000] {dagbag.py:545} INFO - Filling up the DagBag from /home/airflow/.local/lib/python3.12/site-packages/airflow/example_dags/example_branch_labels.py
[2026-05-19T10:00:36.620+0000] {processor.py:840} INFO - DAG(s) 'example_branch_labels' retrieved from /home/airflow/.local/lib/python3.12/site-packages/airflow/example_dags/example_branch_labels.py
[2026-05-19T10:00:36.686+0000] {logging_mixin.py:188} INFO - [2026-05-19T10:00:36.685+0000] {dag.py:3089} INFO - Sync 1 DAGs
[2026-05-19T10:00:36.724+0000] {logging_mixin.py:188} INFO - [2026-05-19T10:00:36.724+0000] {dag.py:3947} INFO - Setting next_dagrun for example_branch_labels to 2026-05-18 00:00:00+00:00, run_after=2026-05-19 00:00:00+00:00
[2026-05-19T10:00:36.754+0000] {processor.py:183} INFO - Processing /home/airflow/.local/lib/python3.12/site-packages/airflow/example_dags/example_branch_labels.py took 0.159 seconds
[2026-05-19T10:01:07.150+0000] {processor.py:161} INFO - Started process (PID=619) to work on /home/airflow/.local/lib/python3.12/site-packages/airflow/example_dags/example_branch_labels.py
[2026-05-19T10:01:07.153+0000] {processor.py:830} INFO - Processing file /home/airflow/.local/lib/python3.12/site-packages/airflow/example_dags/example_branch_labels.py for tasks to queue
[2026-05-19T10:01:07.158+0000] {logging_mixin.py:188} INFO - [2026-05-19T10:01:07.157+0000] {dagbag.py:545} INFO - Filling up the DagBag from /home/airflow/.local/lib/python3.12/site-packages/airflow/example_dags/example_branch_labels.py
[2026-05-19T10:01:07.177+0000] {processor.py:840} INFO - DAG(s) 'example_branch_labels' retrieved from /home/airflow/.local/lib/python3.12/site-packages/airflow/example_dags/example_branch_labels.py
[2026-05-19T10:01:07.221+0000] {logging_mixin.py:188} INFO - [2026-05-19T10:01:07.220+0000] {dag.py:3089} INFO - Sync 1 DAGs
[2026-05-19T10:01:07.291+0000] {logging_mixin.py:188} INFO - [2026-05-19T10:01:07.290+0000] {dag.py:3947} INFO - Setting next_dagrun for example_branch_labels to 2026-05-18 00:00:00+00:00, run_after=2026-05-19 00:00:00+00:00
[2026-05-19T10:01:07.348+0000] {processor.py:183} INFO - Processing /home/airflow/.local/lib/python3.12/site-packages/airflow/example_dags/example_branch_labels.py took 0.214 seconds
[2026-05-19T10:01:38.233+0000] {processor.py:161} INFO - Started process (PID=679) to work on /home/airflow/.local/lib/python3.12/site-packages/airflow/example_dags/example_branch_labels.py
[2026-05-19T10:01:38.236+0000] {processor.py:830} INFO - Processing file /home/airflow/.local/lib/python3.12/site-packages/airflow/example_dags/example_branch_labels.py for tasks to queue
[2026-05-19T10:01:38.243+0000] {logging_mixin.py:188} INFO - [2026-05-19T10:01:38.242+0000] {dagbag.py:545} INFO - Filling up the DagBag from /home/airflow/.local/lib/python3.12/site-packages/airflow/example_dags/example_branch_labels.py
[2026-05-19T10:01:38.264+0000] {processor.py:840} INFO - DAG(s) 'example_branch_labels' retrieved from /home/airflow/.local/lib/python3.12/site-packages/airflow/example_dags/example_branch_labels.py
[2026-05-19T10:01:38.344+0000] {logging_mixin.py:188} INFO - [2026-05-19T10:01:38.343+0000] {dag.py:3089} INFO - Sync 1 DAGs
[2026-05-19T10:01:38.488+0000] {logging_mixin.py:188} INFO - [2026-05-19T10:01:38.487+0000] {dag.py:3947} INFO - Setting next_dagrun for example_branch_labels to 2026-05-18 00:00:00+00:00, run_after=2026-05-19 00:00:00+00:00
[2026-05-19T10:01:38.534+0000] {processor.py:183} INFO - Processing /home/airflow/.local/lib/python3.12/site-packages/airflow/example_dags/example_branch_labels.py took 0.314 seconds
[2026-05-19T10:02:09.239+0000] {processor.py:161} INFO - Started process (PID=739) to work on /home/airflow/.local/lib/python3.12/site-packages/airflow/example_dags/example_branch_labels.py
[2026-05-19T10:02:09.242+0000] {processor.py:830} INFO - Processing file /home/airflow/.local/lib/python3.12/site-packages/airflow/example_dags/example_branch_labels.py for tasks to queue
[2026-05-19T10:02:09.248+0000] {logging_mixin.py:188} INFO - [2026-05-19T10:02:09.247+0000] {dagbag.py:545} INFO - Filling up the DagBag from /home/airflow/.local/lib/python3.12/site-packages/airflow/example_dags/example_branch_labels.py
[2026-05-19T10:02:09.266+0000] {processor.py:840} INFO - DAG(s) 'example_branch_labels' retrieved from /home/airflow/.local/lib/python3.12/site-packages/airflow/example_dags/example_branch_labels.py
[2026-05-19T10:02:09.313+0000] {logging_mixin.py:188} INFO - [2026-05-19T10:02:09.313+0000] {dag.py:3089} INFO - Sync 1 DAGs
[2026-05-19T10:02:09.367+0000] {logging_mixin.py:188} INFO - [2026-05-19T10:02:09.367+0000] {dag.py:3947} INFO - Setting next_dagrun for example_branch_labels to 2026-05-18 00:00:00+00:00, run_after=2026-05-19 00:00:00+00:00
[2026-05-19T10:02:09.410+0000] {processor.py:183} INFO - Processing /home/airflow/.local/lib/python3.12/site-packages/airflow/example_dags/example_branch_labels.py took 0.186 seconds
[2026-05-19T10:02:40.015+0000] {processor.py:161} INFO - Started process (PID=799) to work on /home/airflow/.local/lib/python3.12/site-packages/airflow/example_dags/example_branch_labels.py
[2026-05-19T10:02:40.017+0000] {processor.py:830} INFO - Processing file /home/airflow/.local/lib/python3.12/site-packages/airflow/example_dags/example_branch_labels.py for tasks to queue
[2026-05-19T10:02:40.021+0000] {logging_mixin.py:188} INFO - [2026-05-19T10:02:40.020+0000] {dagbag.py:545} INFO - Filling up the DagBag from /home/airflow/.local/lib/python3.12/site-packages/airflow/example_dags/example_branch_labels.py
[2026-05-19T10:02:40.031+0000] {processor.py:840} INFO - DAG(s) 'example_branch_labels' retrieved from /home/airflow/.local/lib/python3.12/site-packages/airflow/example_dags/example_branch_labels.py
[2026-05-19T10:02:40.063+0000] {logging_mixin.py:188} INFO - [2026-05-19T10:02:40.062+0000] {dag.py:3089} INFO - Sync 1 DAGs
[2026-05-19T10:02:40.094+0000] {logging_mixin.py:188} INFO - [2026-05-19T10:02:40.094+0000] {dag.py:3947} INFO - Setting next_dagrun for example_branch_labels to 2026-05-18 00:00:00+00:00, run_after=2026-05-19 00:00:00+00:00
[2026-05-19T10:02:40.120+0000] {processor.py:183} INFO - Processing /home/airflow/.local/lib/python3.12/site-packages/airflow/example_dags/example_branch_labels.py took 0.114 seconds
[2026-05-19T10:03:10.500+0000] {processor.py:161} INFO - Started process (PID=859) to work on /home/airflow/.local/lib/python3.12/site-packages/airflow/example_dags/example_branch_labels.py
[2026-05-19T10:03:10.502+0000] {processor.py:830} INFO - Processing file /home/airflow/.local/lib/python3.12/site-packages/airflow/example_dags/example_branch_labels.py for tasks to queue
[2026-05-19T10:03:10.505+0000] {logging_mixin.py:188} INFO - [2026-05-19T10:03:10.504+0000] {dagbag.py:545} INFO - Filling up the DagBag from /home/airflow/.local/lib/python3.12/site-packages/airflow/example_dags/example_branch_labels.py
[2026-05-19T10:03:10.518+0000] {processor.py:840} INFO - DAG(s) 'example_branch_labels' retrieved from /home/airflow/.local/lib/python3.12/site-packages/airflow/example_dags/example_branch_labels.py
[2026-05-19T10:03:10.557+0000] {logging_mixin.py:188} INFO - [2026-05-19T10:03:10.557+0000] {dag.py:3089} INFO - Sync 1 DAGs
[2026-05-19T10:03:10.593+0000] {logging_mixin.py:188} INFO - [2026-05-19T10:03:10.592+0000] {dag.py:3947} INFO - Setting next_dagrun for example_branch_labels to 2026-05-18 00:00:00+00:00, run_after=2026-05-19 00:00:00+00:00
[2026-05-19T10:03:10.621+0000] {processor.py:183} INFO - Processing /home/airflow/.local/lib/python3.12/site-packages/airflow/example_dags/example_branch_labels.py took 0.133 seconds
[2026-05-19T10:03:40.882+0000] {processor.py:161} INFO - Started process (PID=919) to work on /home/airflow/.local/lib/python3.12/site-packages/airflow/example_dags/example_branch_labels.py
[2026-05-19T10:03:40.884+0000] {processor.py:830} INFO - Processing file /home/airflow/.local/lib/python3.12/site-packages/airflow/example_dags/example_branch_labels.py for tasks to queue
[2026-05-19T10:03:40.888+0000] {logging_mixin.py:188} INFO - [2026-05-19T10:03:40.887+0000] {dagbag.py:545} INFO - Filling up the DagBag from /home/airflow/.local/lib/python3.12/site-packages/airflow/example_dags/example_branch_labels.py
[2026-05-19T10:03:40.899+0000] {processor.py:840} INFO - DAG(s) 'example_branch_labels' retrieved from /home/airflow/.local/lib/python3.12/site-packages/airflow/example_dags/example_branch_labels.py
[2026-05-19T10:03:40.940+0000] {logging_mixin.py:188} INFO - [2026-05-19T10:03:40.939+0000] {dag.py:3089} INFO - Sync 1 DAGs
[2026-05-19T10:03:40.992+0000] {logging_mixin.py:188} INFO - [2026-05-19T10:03:40.992+0000] {dag.py:3947} INFO - Setting next_dagrun for example_branch_labels to 2026-05-18 00:00:00+00:00, run_after=2026-05-19 00:00:00+00:00
[2026-05-19T10:03:41.026+0000] {processor.py:183} INFO - Processing /home/airflow/.local/lib/python3.12/site-packages/airflow/example_dags/example_branch_labels.py took 0.154 seconds
[2026-05-19T10:04:11.380+0000] {processor.py:161} INFO - Started process (PID=979) to work on /home/airflow/.local/lib/python3.12/site-packages/airflow/example_dags/example_branch_labels.py
[2026-05-19T10:04:11.381+0000] {processor.py:830} INFO - Processing file /home/airflow/.local/lib/python3.12/site-packages/airflow/example_dags/example_branch_labels.py for tasks to queue
[2026-05-19T10:04:11.385+0000] {logging_mixin.py:188} INFO - [2026-05-19T10:04:11.384+0000] {dagbag.py:545} INFO - Filling up the DagBag from /home/airflow/.local/lib/python3.12/site-packages/airflow/example_dags/example_branch_labels.py
[2026-05-19T10:04:11.396+0000] {processor.py:840} INFO - DAG(s) 'example_branch_labels' retrieved from /home/airflow/.local/lib/python3.12/site-packages/airflow/example_dags/example_branch_labels.py
[2026-05-19T10:04:11.428+0000] {logging_mixin.py:188} INFO - [2026-05-19T10:04:11.427+0000] {dag.py:3089} INFO - Sync 1 DAGs
[2026-05-19T10:04:11.462+0000] {logging_mixin.py:188} INFO - [2026-05-19T10:04:11.462+0000] {dag.py:3947} INFO - Setting next_dagrun for example_branch_labels to 2026-05-18 00:00:00+00:00, run_after=2026-05-19 00:00:00+00:00
[2026-05-19T10:04:11.492+0000] {processor.py:183} INFO - Processing /home/airflow/.local/lib/python3.12/site-packages/airflow/example_dags/example_branch_labels.py took 0.122 seconds
[2026-05-19T10:04:41.694+0000] {processor.py:161} INFO - Started process (PID=1038) to work on /home/airflow/.local/lib/python3.12/site-packages/airflow/example_dags/example_branch_labels.py
[2026-05-19T10:04:41.696+0000] {processor.py:830} INFO - Processing file /home/airflow/.local/lib/python3.12/site-packages/airflow/example_dags/example_branch_labels.py for tasks to queue
[2026-05-19T10:04:41.702+0000] {logging_mixin.py:188} INFO - [2026-05-19T10:04:41.701+0000] {dagbag.py:545} INFO - Filling up the DagBag from /home/airflow/.local/lib/python3.12/site-packages/airflow/example_dags/example_branch_labels.py
[2026-05-19T10:04:41.717+0000] {processor.py:840} INFO - DAG(s) 'example_branch_labels' retrieved from /home/airflow/.local/lib/python3.12/site-packages/airflow/example_dags/example_branch_labels.py
[2026-05-19T10:04:41.761+0000] {logging_mixin.py:188} INFO - [2026-05-19T10:04:41.761+0000] {dag.py:3089} INFO - Sync 1 DAGs
[2026-05-19T10:04:41.805+0000] {logging_mixin.py:188} INFO - [2026-05-19T10:04:41.804+0000] {dag.py:3947} INFO - Setting next_dagrun for example_branch_labels to 2026-05-18 00:00:00+00:00, run_after=2026-05-19 00:00:00+00:00
[2026-05-19T10:04:41.835+0000] {processor.py:183} INFO - Processing /home/airflow/.local/lib/python3.12/site-packages/airflow/example_dags/example_branch_labels.py took 0.151 seconds
[2026-05-19T10:05:12.134+0000] {processor.py:161} INFO - Started process (PID=1098) to work on /home/airflow/.local/lib/python3.12/site-packages/airflow/example_dags/example_branch_labels.py
[2026-05-19T10:05:12.136+0000] {processor.py:830} INFO - Processing file /home/airflow/.local/lib/python3.12/site-packages/airflow/example_dags/example_branch_labels.py for tasks to queue
[2026-05-19T10:05:12.140+0000] {logging_mixin.py:188} INFO - [2026-05-19T10:05:12.140+0000] {dagbag.py:545} INFO - Filling up the DagBag from /home/airflow/.local/lib/python3.12/site-packages/airflow/example_dags/example_branch_labels.py
[2026-05-19T10:05:12.159+0000] {processor.py:840} INFO - DAG(s) 'example_branch_labels' retrieved from /home/airflow/.local/lib/python3.12/site-packages/airflow/example_dags/example_branch_labels.py
[2026-05-19T10:05:12.213+0000] {logging_mixin.py:188} INFO - [2026-05-19T10:05:12.213+0000] {dag.py:3089} INFO - Sync 1 DAGs
[2026-05-19T10:05:12.304+0000] {logging_mixin.py:188} INFO - [2026-05-19T10:05:12.303+0000] {dag.py:3947} INFO - Setting next_dagrun for example_branch_labels to 2026-05-18 00:00:00+00:00, run_after=2026-05-19 00:00:00+00:00
[2026-05-19T10:05:12.355+0000] {processor.py:183} INFO - Processing /home/airflow/.local/lib/python3.12/site-packages/airflow/example_dags/example_branch_labels.py took 0.235 seconds
[2026-05-19T10:05:42.619+0000] {processor.py:161} INFO - Started process (PID=1159) to work on /home/airflow/.local/lib/python3.12/site-packages/airflow/example_dags/example_branch_labels.py
[2026-05-19T10:05:42.621+0000] {processor.py:830} INFO - Processing file /home/airflow/.local/lib/python3.12/site-packages/airflow/example_dags/example_branch_labels.py for tasks to queue
[2026-05-19T10:05:42.625+0000] {logging_mixin.py:188} INFO - [2026-05-19T10:05:42.624+0000] {dagbag.py:545} INFO - Filling up the DagBag from /home/airflow/.local/lib/python3.12/site-packages/airflow/example_dags/example_branch_labels.py
[2026-05-19T10:05:42.636+0000] {processor.py:840} INFO - DAG(s) 'example_branch_labels' retrieved from /home/airflow/.local/lib/python3.12/site-packages/airflow/example_dags/example_branch_labels.py
[2026-05-19T10:05:42.674+0000] {logging_mixin.py:188} INFO - [2026-05-19T10:05:42.674+0000] {dag.py:3089} INFO - Sync 1 DAGs
[2026-05-19T10:05:42.709+0000] {logging_mixin.py:188} INFO - [2026-05-19T10:05:42.708+0000] {dag.py:3947} INFO - Setting next_dagrun for example_branch_labels to 2026-05-18 00:00:00+00:00, run_after=2026-05-19 00:00:00+00:00
[2026-05-19T10:05:42.740+0000] {processor.py:183} INFO - Processing /home/airflow/.local/lib/python3.12/site-packages/airflow/example_dags/example_branch_labels.py took 0.131 seconds
[2026-05-19T10:06:13.071+0000] {processor.py:161} INFO - Started process (PID=1219) to work on /home/airflow/.local/lib/python3.12/site-packages/airflow/example_dags/example_branch_labels.py
[2026-05-19T10:06:13.073+0000] {processor.py:830} INFO - Processing file /home/airflow/.local/lib/python3.12/site-packages/airflow/example_dags/example_branch_labels.py for tasks to queue
[2026-05-19T10:06:13.077+0000] {logging_mixin.py:188} INFO - [2026-05-19T10:06:13.076+0000] {dagbag.py:545} INFO - Filling up the DagBag from /home/airflow/.local/lib/python3.12/site-packages/airflow/example_dags/example_branch_labels.py
[2026-05-19T10:06:13.091+0000] {processor.py:840} INFO - DAG(s) 'example_branch_labels' retrieved from /home/airflow/.local/lib/python3.12/site-packages/airflow/example_dags/example_branch_labels.py
[2026-05-19T10:06:13.126+0000] {logging_mixin.py:188} INFO - [2026-05-19T10:06:13.125+0000] {dag.py:3089} INFO - Sync 1 DAGs
[2026-05-19T10:06:13.160+0000] {logging_mixin.py:188} INFO - [2026-05-19T10:06:13.160+0000] {dag.py:3947} INFO - Setting next_dagrun for example_branch_labels to 2026-05-18 00:00:00+00:00, run_after=2026-05-19 00:00:00+00:00
[2026-05-19T10:06:13.189+0000] {processor.py:183} INFO - Processing /home/airflow/.local/lib/python3.12/site-packages/airflow/example_dags/example_branch_labels.py took 0.127 seconds
[2026-05-19T10:06:43.600+0000] {processor.py:161} INFO - Started process (PID=1279) to work on /home/airflow/.local/lib/python3.12/site-packages/airflow/example_dags/example_branch_labels.py
[2026-05-19T10:06:43.602+0000] {processor.py:830} INFO - Processing file /home/airflow/.local/lib/python3.12/site-packages/airflow/example_dags/example_branch_labels.py for tasks to queue
[2026-05-19T10:06:43.607+0000] {logging_mixin.py:188} INFO - [2026-05-19T10:06:43.606+0000] {dagbag.py:545} INFO - Filling up the DagBag from /home/airflow/.local/lib/python3.12/site-packages/airflow/example_dags/example_branch_labels.py
[2026-05-19T10:06:43.622+0000] {processor.py:840} INFO - DAG(s) 'example_branch_labels' retrieved from /home/airflow/.local/lib/python3.12/site-packages/airflow/example_dags/example_branch_labels.py
[2026-05-19T10:06:43.658+0000] {logging_mixin.py:188} INFO - [2026-05-19T10:06:43.658+0000] {dag.py:3089} INFO - Sync 1 DAGs
[2026-05-19T10:06:43.720+0000] {logging_mixin.py:188} INFO - [2026-05-19T10:06:43.719+0000] {dag.py:3947} INFO - Setting next_dagrun for example_branch_labels to 2026-05-18 00:00:00+00:00, run_after=2026-05-19 00:00:00+00:00
[2026-05-19T10:06:43.766+0000] {processor.py:183} INFO - Processing /home/airflow/.local/lib/python3.12/site-packages/airflow/example_dags/example_branch_labels.py took 0.178 seconds
[2026-05-19T10:07:13.906+0000] {processor.py:161} INFO - Started process (PID=1339) to work on /home/airflow/.local/lib/python3.12/site-packages/airflow/example_dags/example_branch_labels.py
[2026-05-19T10:07:13.909+0000] {processor.py:830} INFO - Processing file /home/airflow/.local/lib/python3.12/site-packages/airflow/example_dags/example_branch_labels.py for tasks to queue
[2026-05-19T10:07:13.916+0000] {logging_mixin.py:188} INFO - [2026-05-19T10:07:13.915+0000] {dagbag.py:545} INFO - Filling up the DagBag from /home/airflow/.local/lib/python3.12/site-packages/airflow/example_dags/example_branch_labels.py
[2026-05-19T10:07:13.937+0000] {processor.py:840} INFO - DAG(s) 'example_branch_labels' retrieved from /home/airflow/.local/lib/python3.12/site-packages/airflow/example_dags/example_branch_labels.py
[2026-05-19T10:07:13.986+0000] {logging_mixin.py:188} INFO - [2026-05-19T10:07:13.985+0000] {dag.py:3089} INFO - Sync 1 DAGs
[2026-05-19T10:07:14.053+0000] {logging_mixin.py:188} INFO - [2026-05-19T10:07:14.052+0000] {dag.py:3947} INFO - Setting next_dagrun for example_branch_labels to 2026-05-18 00:00:00+00:00, run_after=2026-05-19 00:00:00+00:00
[2026-05-19T10:07:14.094+0000] {processor.py:183} INFO - Processing /home/airflow/.local/lib/python3.12/site-packages/airflow/example_dags/example_branch_labels.py took 0.205 seconds
[2026-05-19T10:07:44.580+0000] {processor.py:161} INFO - Started process (PID=1397) to work on /home/airflow/.local/lib/python3.12/site-packages/airflow/example_dags/example_branch_labels.py
[2026-05-19T10:07:44.582+0000] {processor.py:830} INFO - Processing file /home/airflow/.local/lib/python3.12/site-packages/airflow/example_dags/example_branch_labels.py for tasks to queue
[2026-05-19T10:07:44.585+0000] {logging_mixin.py:188} INFO - [2026-05-19T10:07:44.585+0000] {dagbag.py:545} INFO - Filling up the DagBag from /home/airflow/.local/lib/python3.12/site-packages/airflow/example_dags/example_branch_labels.py
[2026-05-19T10:07:44.597+0000] {processor.py:840} INFO - DAG(s) 'example_branch_labels' retrieved from /home/airflow/.local/lib/python3.12/site-packages/airflow/example_dags/example_branch_labels.py
[2026-05-19T10:07:44.641+0000] {logging_mixin.py:188} INFO - [2026-05-19T10:07:44.640+0000] {dag.py:3089} INFO - Sync 1 DAGs
[2026-05-19T10:07:44.677+0000] {logging_mixin.py:188} INFO - [2026-05-19T10:07:44.676+0000] {dag.py:3947} INFO - Setting next_dagrun for example_branch_labels to 2026-05-18 00:00:00+00:00, run_after=2026-05-19 00:00:00+00:00
[2026-05-19T10:07:44.703+0000] {processor.py:183} INFO - Processing /home/airflow/.local/lib/python3.12/site-packages/airflow/example_dags/example_branch_labels.py took 0.131 seconds
[2026-05-19T10:08:15.060+0000] {processor.py:161} INFO - Started process (PID=1457) to work on /home/airflow/.local/lib/python3.12/site-packages/airflow/example_dags/example_branch_labels.py
[2026-05-19T10:08:15.062+0000] {processor.py:830} INFO - Processing file /home/airflow/.local/lib/python3.12/site-packages/airflow/example_dags/example_branch_labels.py for tasks to queue
[2026-05-19T10:08:15.067+0000] {logging_mixin.py:188} INFO - [2026-05-19T10:08:15.066+0000] {dagbag.py:545} INFO - Filling up the DagBag from /home/airflow/.local/lib/python3.12/site-packages/airflow/example_dags/example_branch_labels.py
[2026-05-19T10:08:15.083+0000] {processor.py:840} INFO - DAG(s) 'example_branch_labels' retrieved from /home/airflow/.local/lib/python3.12/site-packages/airflow/example_dags/example_branch_labels.py
[2026-05-19T10:08:15.127+0000] {logging_mixin.py:188} INFO - [2026-05-19T10:08:15.127+0000] {dag.py:3089} INFO - Sync 1 DAGs
[2026-05-19T10:08:15.185+0000] {logging_mixin.py:188} INFO - [2026-05-19T10:08:15.184+0000] {dag.py:3947} INFO - Setting next_dagrun for example_branch_labels to 2026-05-18 00:00:00+00:00, run_after=2026-05-19 00:00:00+00:00
[2026-05-19T10:08:15.233+0000] {processor.py:183} INFO - Processing /home/airflow/.local/lib/python3.12/site-packages/airflow/example_dags/example_branch_labels.py took 0.185 seconds
[2026-05-19T10:11:27.001+0000] {processor.py:161} INFO - Started process (PID=116) to work on /home/airflow/.local/lib/python3.12/site-packages/airflow/example_dags/example_branch_labels.py
[2026-05-19T10:11:27.009+0000] {processor.py:830} INFO - Processing file /home/airflow/.local/lib/python3.12/site-packages/airflow/example_dags/example_branch_labels.py for tasks to queue
[2026-05-19T10:11:27.026+0000] {logging_mixin.py:188} INFO - [2026-05-19T10:11:27.023+0000] {dagbag.py:545} INFO - Filling up the DagBag from /home/airflow/.local/lib/python3.12/site-packages/airflow/example_dags/example_branch_labels.py
[2026-05-19T10:11:27.132+0000] {processor.py:840} INFO - DAG(s) 'example_branch_labels' retrieved from /home/airflow/.local/lib/python3.12/site-packages/airflow/example_dags/example_branch_labels.py
[2026-05-19T10:11:28.521+0000] {logging_mixin.py:188} INFO - [2026-05-19T10:11:28.521+0000] {dag.py:3089} INFO - Sync 1 DAGs
[2026-05-19T10:11:28.679+0000] {logging_mixin.py:188} INFO - [2026-05-19T10:11:28.678+0000] {dag.py:3947} INFO - Setting next_dagrun for example_branch_labels to 2026-05-18 00:00:00+00:00, run_after=2026-05-19 00:00:00+00:00
[2026-05-19T10:11:28.762+0000] {processor.py:183} INFO - Processing /home/airflow/.local/lib/python3.12/site-packages/airflow/example_dags/example_branch_labels.py took 1.813 seconds
[2026-05-19T10:11:59.262+0000] {processor.py:161} INFO - Started process (PID=177) to work on /home/airflow/.local/lib/python3.12/site-packages/airflow/example_dags/example_branch_labels.py
[2026-05-19T10:11:59.264+0000] {processor.py:830} INFO - Processing file /home/airflow/.local/lib/python3.12/site-packages/airflow/example_dags/example_branch_labels.py for tasks to queue
[2026-05-19T10:11:59.268+0000] {logging_mixin.py:188} INFO - [2026-05-19T10:11:59.267+0000] {dagbag.py:545} INFO - Filling up the DagBag from /home/airflow/.local/lib/python3.12/site-packages/airflow/example_dags/example_branch_labels.py
[2026-05-19T10:11:59.286+0000] {processor.py:840} INFO - DAG(s) 'example_branch_labels' retrieved from /home/airflow/.local/lib/python3.12/site-packages/airflow/example_dags/example_branch_labels.py
[2026-05-19T10:11:59.322+0000] {logging_mixin.py:188} INFO - [2026-05-19T10:11:59.322+0000] {dag.py:3089} INFO - Sync 1 DAGs
[2026-05-19T10:11:59.373+0000] {logging_mixin.py:188} INFO - [2026-05-19T10:11:59.373+0000] {dag.py:3947} INFO - Setting next_dagrun for example_branch_labels to 2026-05-18 00:00:00+00:00, run_after=2026-05-19 00:00:00+00:00
[2026-05-19T10:11:59.433+0000] {processor.py:183} INFO - Processing /home/airflow/.local/lib/python3.12/site-packages/airflow/example_dags/example_branch_labels.py took 0.180 seconds
[2026-05-19T10:12:29.912+0000] {processor.py:161} INFO - Started process (PID=237) to work on /home/airflow/.local/lib/python3.12/site-packages/airflow/example_dags/example_branch_labels.py
[2026-05-19T10:12:29.914+0000] {processor.py:830} INFO - Processing file /home/airflow/.local/lib/python3.12/site-packages/airflow/example_dags/example_branch_labels.py for tasks to queue
[2026-05-19T10:12:29.917+0000] {logging_mixin.py:188} INFO - [2026-05-19T10:12:29.917+0000] {dagbag.py:545} INFO - Filling up the DagBag from /home/airflow/.local/lib/python3.12/site-packages/airflow/example_dags/example_branch_labels.py
[2026-05-19T10:12:29.935+0000] {processor.py:840} INFO - DAG(s) 'example_branch_labels' retrieved from /home/airflow/.local/lib/python3.12/site-packages/airflow/example_dags/example_branch_labels.py
[2026-05-19T10:12:29.972+0000] {logging_mixin.py:188} INFO - [2026-05-19T10:12:29.971+0000] {dag.py:3089} INFO - Sync 1 DAGs
[2026-05-19T10:12:30.005+0000] {logging_mixin.py:188} INFO - [2026-05-19T10:12:30.004+0000] {dag.py:3947} INFO - Setting next_dagrun for example_branch_labels to 2026-05-18 00:00:00+00:00, run_after=2026-05-19 00:00:00+00:00
[2026-05-19T10:12:30.043+0000] {processor.py:183} INFO - Processing /home/airflow/.local/lib/python3.12/site-packages/airflow/example_dags/example_branch_labels.py took 0.140 seconds
[2026-05-19T10:13:02.084+0000] {processor.py:161} INFO - Started process (PID=297) to work on /home/airflow/.local/lib/python3.12/site-packages/airflow/example_dags/example_branch_labels.py
[2026-05-19T10:13:02.087+0000] {processor.py:830} INFO - Processing file /home/airflow/.local/lib/python3.12/site-packages/airflow/example_dags/example_branch_labels.py for tasks to queue
[2026-05-19T10:13:02.102+0000] {logging_mixin.py:188} INFO - [2026-05-19T10:13:02.101+0000] {dagbag.py:545} INFO - Filling up the DagBag from /home/airflow/.local/lib/python3.12/site-packages/airflow/example_dags/example_branch_labels.py
[2026-05-19T10:13:02.127+0000] {processor.py:840} INFO - DAG(s) 'example_branch_labels' retrieved from /home/airflow/.local/lib/python3.12/site-packages/airflow/example_dags/example_branch_labels.py
[2026-05-19T10:13:02.455+0000] {logging_mixin.py:188} INFO - [2026-05-19T10:13:02.454+0000] {dag.py:3089} INFO - Sync 1 DAGs
[2026-05-19T10:13:02.567+0000] {logging_mixin.py:188} INFO - [2026-05-19T10:13:02.566+0000] {dag.py:3947} INFO - Setting next_dagrun for example_branch_labels to 2026-05-18 00:00:00+00:00, run_after=2026-05-19 00:00:00+00:00
[2026-05-19T10:13:02.650+0000] {processor.py:183} INFO - Processing /home/airflow/.local/lib/python3.12/site-packages/airflow/example_dags/example_branch_labels.py took 0.606 seconds
[2026-05-19T10:13:33.319+0000] {processor.py:161} INFO - Started process (PID=357) to work on /home/airflow/.local/lib/python3.12/site-packages/airflow/example_dags/example_branch_labels.py
[2026-05-19T10:13:33.321+0000] {processor.py:830} INFO - Processing file /home/airflow/.local/lib/python3.12/site-packages/airflow/example_dags/example_branch_labels.py for tasks to queue
[2026-05-19T10:13:33.326+0000] {logging_mixin.py:188} INFO - [2026-05-19T10:13:33.325+0000] {dagbag.py:545} INFO - Filling up the DagBag from /home/airflow/.local/lib/python3.12/site-packages/airflow/example_dags/example_branch_labels.py
[2026-05-19T10:13:33.339+0000] {processor.py:840} INFO - DAG(s) 'example_branch_labels' retrieved from /home/airflow/.local/lib/python3.12/site-packages/airflow/example_dags/example_branch_labels.py
[2026-05-19T10:13:33.377+0000] {logging_mixin.py:188} INFO - [2026-05-19T10:13:33.377+0000] {dag.py:3089} INFO - Sync 1 DAGs
[2026-05-19T10:13:33.413+0000] {logging_mixin.py:188} INFO - [2026-05-19T10:13:33.413+0000] {dag.py:3947} INFO - Setting next_dagrun for example_branch_labels to 2026-05-18 00:00:00+00:00, run_after=2026-05-19 00:00:00+00:00
[2026-05-19T10:13:33.445+0000] {processor.py:183} INFO - Processing /home/airflow/.local/lib/python3.12/site-packages/airflow/example_dags/example_branch_labels.py took 0.137 seconds
[2026-05-19T10:14:04.268+0000] {processor.py:161} INFO - Started process (PID=417) to work on /home/airflow/.local/lib/python3.12/site-packages/airflow/example_dags/example_branch_labels.py
[2026-05-19T10:14:04.278+0000] {processor.py:830} INFO - Processing file /home/airflow/.local/lib/python3.12/site-packages/airflow/example_dags/example_branch_labels.py for tasks to queue
[2026-05-19T10:14:04.283+0000] {logging_mixin.py:188} INFO - [2026-05-19T10:14:04.283+0000] {dagbag.py:545} INFO - Filling up the DagBag from /home/airflow/.local/lib/python3.12/site-packages/airflow/example_dags/example_branch_labels.py
[2026-05-19T10:14:04.298+0000] {processor.py:840} INFO - DAG(s) 'example_branch_labels' retrieved from /home/airflow/.local/lib/python3.12/site-packages/airflow/example_dags/example_branch_labels.py
[2026-05-19T10:14:04.333+0000] {logging_mixin.py:188} INFO - [2026-05-19T10:14:04.333+0000] {dag.py:3089} INFO - Sync 1 DAGs
[2026-05-19T10:14:04.371+0000] {logging_mixin.py:188} INFO - [2026-05-19T10:14:04.371+0000] {dag.py:3947} INFO - Setting next_dagrun for example_branch_labels to 2026-05-18 00:00:00+00:00, run_after=2026-05-19 00:00:00+00:00
[2026-05-19T10:14:04.413+0000] {processor.py:183} INFO - Processing /home/airflow/.local/lib/python3.12/site-packages/airflow/example_dags/example_branch_labels.py took 0.154 seconds
[2026-05-19T10:14:35.154+0000] {processor.py:161} INFO - Started process (PID=477) to work on /home/airflow/.local/lib/python3.12/site-packages/airflow/example_dags/example_branch_labels.py
[2026-05-19T10:14:35.157+0000] {processor.py:830} INFO - Processing file /home/airflow/.local/lib/python3.12/site-packages/airflow/example_dags/example_branch_labels.py for tasks to queue
[2026-05-19T10:14:35.162+0000] {logging_mixin.py:188} INFO - [2026-05-19T10:14:35.161+0000] {dagbag.py:545} INFO - Filling up the DagBag from /home/airflow/.local/lib/python3.12/site-packages/airflow/example_dags/example_branch_labels.py
[2026-05-19T10:14:35.183+0000] {processor.py:840} INFO - DAG(s) 'example_branch_labels' retrieved from /home/airflow/.local/lib/python3.12/site-packages/airflow/example_dags/example_branch_labels.py
[2026-05-19T10:14:35.246+0000] {logging_mixin.py:188} INFO - [2026-05-19T10:14:35.245+0000] {dag.py:3089} INFO - Sync 1 DAGs
[2026-05-19T10:14:35.313+0000] {logging_mixin.py:188} INFO - [2026-05-19T10:14:35.312+0000] {dag.py:3947} INFO - Setting next_dagrun for example_branch_labels to 2026-05-18 00:00:00+00:00, run_after=2026-05-19 00:00:00+00:00
[2026-05-19T10:14:35.351+0000] {processor.py:183} INFO - Processing /home/airflow/.local/lib/python3.12/site-packages/airflow/example_dags/example_branch_labels.py took 0.210 seconds
