[2026-05-21T07:54:07.696+0000] {processor.py:161} INFO - Started process (PID=135) to work on /home/airflow/.local/lib/python3.12/site-packages/airflow/example_dags/example_python_operator.py
[2026-05-21T07:54:07.699+0000] {processor.py:830} INFO - Processing file /home/airflow/.local/lib/python3.12/site-packages/airflow/example_dags/example_python_operator.py for tasks to queue
[2026-05-21T07:54:07.713+0000] {logging_mixin.py:188} INFO - [2026-05-21T07:54:07.712+0000] {dagbag.py:545} INFO - Filling up the DagBag from /home/airflow/.local/lib/python3.12/site-packages/airflow/example_dags/example_python_operator.py
[2026-05-21T07:54:07.766+0000] {processor.py:840} INFO - DAG(s) 'example_python_operator' retrieved from /home/airflow/.local/lib/python3.12/site-packages/airflow/example_dags/example_python_operator.py
[2026-05-21T07:54:08.778+0000] {logging_mixin.py:188} INFO - [2026-05-21T07:54:08.778+0000] {dag.py:3089} INFO - Sync 1 DAGs
[2026-05-21T07:54:08.944+0000] {logging_mixin.py:188} INFO - [2026-05-21T07:54:08.942+0000] {dag.py:3947} INFO - Setting next_dagrun for example_python_operator to None, run_after=None
[2026-05-21T07:54:09.041+0000] {processor.py:183} INFO - Processing /home/airflow/.local/lib/python3.12/site-packages/airflow/example_dags/example_python_operator.py took 1.363 seconds
[2026-05-21T07:54:52.996+0000] {processor.py:161} INFO - Started process (PID=195) to work on /home/airflow/.local/lib/python3.12/site-packages/airflow/example_dags/example_python_operator.py
[2026-05-21T07:54:53.002+0000] {processor.py:830} INFO - Processing file /home/airflow/.local/lib/python3.12/site-packages/airflow/example_dags/example_python_operator.py for tasks to queue
[2026-05-21T07:54:53.017+0000] {logging_mixin.py:188} INFO - [2026-05-21T07:54:53.016+0000] {dagbag.py:545} INFO - Filling up the DagBag from /home/airflow/.local/lib/python3.12/site-packages/airflow/example_dags/example_python_operator.py
[2026-05-21T07:54:53.106+0000] {processor.py:840} INFO - DAG(s) 'example_python_operator' retrieved from /home/airflow/.local/lib/python3.12/site-packages/airflow/example_dags/example_python_operator.py
[2026-05-21T07:54:53.400+0000] {logging_mixin.py:188} INFO - [2026-05-21T07:54:53.388+0000] {dag.py:3089} INFO - Sync 1 DAGs
[2026-05-21T07:54:53.550+0000] {logging_mixin.py:188} INFO - [2026-05-21T07:54:53.549+0000] {dag.py:3947} INFO - Setting next_dagrun for example_python_operator to None, run_after=None
[2026-05-21T07:54:53.761+0000] {processor.py:183} INFO - Processing /home/airflow/.local/lib/python3.12/site-packages/airflow/example_dags/example_python_operator.py took 0.812 seconds
[2026-05-21T07:55:24.309+0000] {processor.py:161} INFO - Started process (PID=255) to work on /home/airflow/.local/lib/python3.12/site-packages/airflow/example_dags/example_python_operator.py
[2026-05-21T07:55:24.312+0000] {processor.py:830} INFO - Processing file /home/airflow/.local/lib/python3.12/site-packages/airflow/example_dags/example_python_operator.py for tasks to queue
[2026-05-21T07:55:24.319+0000] {logging_mixin.py:188} INFO - [2026-05-21T07:55:24.318+0000] {dagbag.py:545} INFO - Filling up the DagBag from /home/airflow/.local/lib/python3.12/site-packages/airflow/example_dags/example_python_operator.py
[2026-05-21T07:55:24.364+0000] {processor.py:840} INFO - DAG(s) 'example_python_operator' retrieved from /home/airflow/.local/lib/python3.12/site-packages/airflow/example_dags/example_python_operator.py
[2026-05-21T07:55:24.458+0000] {logging_mixin.py:188} INFO - [2026-05-21T07:55:24.457+0000] {dag.py:3089} INFO - Sync 1 DAGs
[2026-05-21T07:55:24.502+0000] {logging_mixin.py:188} INFO - [2026-05-21T07:55:24.501+0000] {dag.py:3947} INFO - Setting next_dagrun for example_python_operator to None, run_after=None
[2026-05-21T07:55:24.564+0000] {processor.py:183} INFO - Processing /home/airflow/.local/lib/python3.12/site-packages/airflow/example_dags/example_python_operator.py took 0.274 seconds
[2026-05-21T07:55:56.822+0000] {processor.py:161} INFO - Started process (PID=315) to work on /home/airflow/.local/lib/python3.12/site-packages/airflow/example_dags/example_python_operator.py
[2026-05-21T07:55:56.826+0000] {processor.py:830} INFO - Processing file /home/airflow/.local/lib/python3.12/site-packages/airflow/example_dags/example_python_operator.py for tasks to queue
[2026-05-21T07:55:56.834+0000] {logging_mixin.py:188} INFO - [2026-05-21T07:55:56.833+0000] {dagbag.py:545} INFO - Filling up the DagBag from /home/airflow/.local/lib/python3.12/site-packages/airflow/example_dags/example_python_operator.py
[2026-05-21T07:55:56.864+0000] {processor.py:840} INFO - DAG(s) 'example_python_operator' retrieved from /home/airflow/.local/lib/python3.12/site-packages/airflow/example_dags/example_python_operator.py
[2026-05-21T07:55:56.926+0000] {logging_mixin.py:188} INFO - [2026-05-21T07:55:56.925+0000] {dag.py:3089} INFO - Sync 1 DAGs
[2026-05-21T07:55:56.958+0000] {logging_mixin.py:188} INFO - [2026-05-21T07:55:56.957+0000] {dag.py:3947} INFO - Setting next_dagrun for example_python_operator to None, run_after=None
[2026-05-21T07:55:57.012+0000] {processor.py:183} INFO - Processing /home/airflow/.local/lib/python3.12/site-packages/airflow/example_dags/example_python_operator.py took 0.205 seconds
[2026-05-21T07:56:34.270+0000] {processor.py:161} INFO - Started process (PID=381) to work on /home/airflow/.local/lib/python3.12/site-packages/airflow/example_dags/example_python_operator.py
[2026-05-21T07:56:34.273+0000] {processor.py:830} INFO - Processing file /home/airflow/.local/lib/python3.12/site-packages/airflow/example_dags/example_python_operator.py for tasks to queue
[2026-05-21T07:56:34.279+0000] {logging_mixin.py:188} INFO - [2026-05-21T07:56:34.278+0000] {dagbag.py:545} INFO - Filling up the DagBag from /home/airflow/.local/lib/python3.12/site-packages/airflow/example_dags/example_python_operator.py
[2026-05-21T07:56:34.312+0000] {processor.py:840} INFO - DAG(s) 'example_python_operator' retrieved from /home/airflow/.local/lib/python3.12/site-packages/airflow/example_dags/example_python_operator.py
[2026-05-21T07:56:34.373+0000] {logging_mixin.py:188} INFO - [2026-05-21T07:56:34.372+0000] {dag.py:3089} INFO - Sync 1 DAGs
[2026-05-21T07:56:34.406+0000] {logging_mixin.py:188} INFO - [2026-05-21T07:56:34.405+0000] {dag.py:3947} INFO - Setting next_dagrun for example_python_operator to None, run_after=None
[2026-05-21T07:56:34.470+0000] {processor.py:183} INFO - Processing /home/airflow/.local/lib/python3.12/site-packages/airflow/example_dags/example_python_operator.py took 0.215 seconds
[2026-05-21T07:57:30.938+0000] {processor.py:161} INFO - Started process (PID=441) to work on /home/airflow/.local/lib/python3.12/site-packages/airflow/example_dags/example_python_operator.py
[2026-05-21T07:57:30.941+0000] {processor.py:830} INFO - Processing file /home/airflow/.local/lib/python3.12/site-packages/airflow/example_dags/example_python_operator.py for tasks to queue
[2026-05-21T07:57:30.956+0000] {logging_mixin.py:188} INFO - [2026-05-21T07:57:30.955+0000] {dagbag.py:545} INFO - Filling up the DagBag from /home/airflow/.local/lib/python3.12/site-packages/airflow/example_dags/example_python_operator.py
[2026-05-21T07:57:31.016+0000] {processor.py:840} INFO - DAG(s) 'example_python_operator' retrieved from /home/airflow/.local/lib/python3.12/site-packages/airflow/example_dags/example_python_operator.py
[2026-05-21T07:57:31.127+0000] {logging_mixin.py:188} INFO - [2026-05-21T07:57:31.126+0000] {dag.py:3089} INFO - Sync 1 DAGs
[2026-05-21T07:57:31.201+0000] {logging_mixin.py:188} INFO - [2026-05-21T07:57:31.200+0000] {dag.py:3947} INFO - Setting next_dagrun for example_python_operator to None, run_after=None
[2026-05-21T07:57:31.356+0000] {processor.py:183} INFO - Processing /home/airflow/.local/lib/python3.12/site-packages/airflow/example_dags/example_python_operator.py took 0.456 seconds
[2026-05-21T07:58:01.807+0000] {processor.py:161} INFO - Started process (PID=502) to work on /home/airflow/.local/lib/python3.12/site-packages/airflow/example_dags/example_python_operator.py
[2026-05-21T07:58:01.810+0000] {processor.py:830} INFO - Processing file /home/airflow/.local/lib/python3.12/site-packages/airflow/example_dags/example_python_operator.py for tasks to queue
[2026-05-21T07:58:01.817+0000] {logging_mixin.py:188} INFO - [2026-05-21T07:58:01.816+0000] {dagbag.py:545} INFO - Filling up the DagBag from /home/airflow/.local/lib/python3.12/site-packages/airflow/example_dags/example_python_operator.py
[2026-05-21T07:58:01.862+0000] {processor.py:840} INFO - DAG(s) 'example_python_operator' retrieved from /home/airflow/.local/lib/python3.12/site-packages/airflow/example_dags/example_python_operator.py
[2026-05-21T07:58:01.960+0000] {logging_mixin.py:188} INFO - [2026-05-21T07:58:01.959+0000] {dag.py:3089} INFO - Sync 1 DAGs
[2026-05-21T07:58:02.007+0000] {logging_mixin.py:188} INFO - [2026-05-21T07:58:02.006+0000] {dag.py:3947} INFO - Setting next_dagrun for example_python_operator to None, run_after=None
[2026-05-21T07:58:02.082+0000] {processor.py:183} INFO - Processing /home/airflow/.local/lib/python3.12/site-packages/airflow/example_dags/example_python_operator.py took 0.294 seconds
[2026-05-21T07:58:32.970+0000] {processor.py:161} INFO - Started process (PID=563) to work on /home/airflow/.local/lib/python3.12/site-packages/airflow/example_dags/example_python_operator.py
[2026-05-21T07:58:32.977+0000] {processor.py:830} INFO - Processing file /home/airflow/.local/lib/python3.12/site-packages/airflow/example_dags/example_python_operator.py for tasks to queue
[2026-05-21T07:58:32.986+0000] {logging_mixin.py:188} INFO - [2026-05-21T07:58:32.984+0000] {dagbag.py:545} INFO - Filling up the DagBag from /home/airflow/.local/lib/python3.12/site-packages/airflow/example_dags/example_python_operator.py
[2026-05-21T07:58:33.051+0000] {processor.py:840} INFO - DAG(s) 'example_python_operator' retrieved from /home/airflow/.local/lib/python3.12/site-packages/airflow/example_dags/example_python_operator.py
[2026-05-21T07:58:33.114+0000] {logging_mixin.py:188} INFO - [2026-05-21T07:58:33.113+0000] {dag.py:3089} INFO - Sync 1 DAGs
[2026-05-21T07:58:33.165+0000] {logging_mixin.py:188} INFO - [2026-05-21T07:58:33.164+0000] {dag.py:3947} INFO - Setting next_dagrun for example_python_operator to None, run_after=None
[2026-05-21T07:58:33.361+0000] {processor.py:183} INFO - Processing /home/airflow/.local/lib/python3.12/site-packages/airflow/example_dags/example_python_operator.py took 0.419 seconds
[2026-05-21T07:59:05.490+0000] {processor.py:161} INFO - Started process (PID=622) to work on /home/airflow/.local/lib/python3.12/site-packages/airflow/example_dags/example_python_operator.py
[2026-05-21T07:59:05.499+0000] {processor.py:830} INFO - Processing file /home/airflow/.local/lib/python3.12/site-packages/airflow/example_dags/example_python_operator.py for tasks to queue
[2026-05-21T07:59:05.532+0000] {logging_mixin.py:188} INFO - [2026-05-21T07:59:05.518+0000] {dagbag.py:545} INFO - Filling up the DagBag from /home/airflow/.local/lib/python3.12/site-packages/airflow/example_dags/example_python_operator.py
[2026-05-21T07:59:05.855+0000] {processor.py:840} INFO - DAG(s) 'example_python_operator' retrieved from /home/airflow/.local/lib/python3.12/site-packages/airflow/example_dags/example_python_operator.py
[2026-05-21T07:59:06.382+0000] {logging_mixin.py:188} INFO - [2026-05-21T07:59:06.381+0000] {dag.py:3089} INFO - Sync 1 DAGs
[2026-05-21T07:59:06.422+0000] {logging_mixin.py:188} INFO - [2026-05-21T07:59:06.422+0000] {dag.py:3947} INFO - Setting next_dagrun for example_python_operator to None, run_after=None
[2026-05-21T07:59:06.535+0000] {processor.py:183} INFO - Processing /home/airflow/.local/lib/python3.12/site-packages/airflow/example_dags/example_python_operator.py took 1.117 seconds
[2026-05-21T07:59:37.280+0000] {processor.py:161} INFO - Started process (PID=683) to work on /home/airflow/.local/lib/python3.12/site-packages/airflow/example_dags/example_python_operator.py
[2026-05-21T07:59:37.297+0000] {processor.py:830} INFO - Processing file /home/airflow/.local/lib/python3.12/site-packages/airflow/example_dags/example_python_operator.py for tasks to queue
[2026-05-21T07:59:37.314+0000] {logging_mixin.py:188} INFO - [2026-05-21T07:59:37.311+0000] {dagbag.py:545} INFO - Filling up the DagBag from /home/airflow/.local/lib/python3.12/site-packages/airflow/example_dags/example_python_operator.py
[2026-05-21T07:59:37.377+0000] {processor.py:840} INFO - DAG(s) 'example_python_operator' retrieved from /home/airflow/.local/lib/python3.12/site-packages/airflow/example_dags/example_python_operator.py
[2026-05-21T07:59:37.889+0000] {logging_mixin.py:188} INFO - [2026-05-21T07:59:37.887+0000] {dag.py:3089} INFO - Sync 1 DAGs
[2026-05-21T07:59:38.075+0000] {logging_mixin.py:188} INFO - [2026-05-21T07:59:38.074+0000] {dag.py:3947} INFO - Setting next_dagrun for example_python_operator to None, run_after=None
[2026-05-21T07:59:38.247+0000] {processor.py:183} INFO - Processing /home/airflow/.local/lib/python3.12/site-packages/airflow/example_dags/example_python_operator.py took 1.011 seconds
[2026-05-21T08:00:09.137+0000] {processor.py:161} INFO - Started process (PID=749) to work on /home/airflow/.local/lib/python3.12/site-packages/airflow/example_dags/example_python_operator.py
[2026-05-21T08:00:09.141+0000] {processor.py:830} INFO - Processing file /home/airflow/.local/lib/python3.12/site-packages/airflow/example_dags/example_python_operator.py for tasks to queue
[2026-05-21T08:00:09.146+0000] {logging_mixin.py:188} INFO - [2026-05-21T08:00:09.145+0000] {dagbag.py:545} INFO - Filling up the DagBag from /home/airflow/.local/lib/python3.12/site-packages/airflow/example_dags/example_python_operator.py
[2026-05-21T08:00:09.182+0000] {processor.py:840} INFO - DAG(s) 'example_python_operator' retrieved from /home/airflow/.local/lib/python3.12/site-packages/airflow/example_dags/example_python_operator.py
[2026-05-21T08:00:09.257+0000] {logging_mixin.py:188} INFO - [2026-05-21T08:00:09.256+0000] {dag.py:3089} INFO - Sync 1 DAGs
[2026-05-21T08:00:09.279+0000] {logging_mixin.py:188} INFO - [2026-05-21T08:00:09.279+0000] {dag.py:3947} INFO - Setting next_dagrun for example_python_operator to None, run_after=None
[2026-05-21T08:00:09.334+0000] {processor.py:183} INFO - Processing /home/airflow/.local/lib/python3.12/site-packages/airflow/example_dags/example_python_operator.py took 0.213 seconds
[2026-05-21T08:00:40.319+0000] {processor.py:161} INFO - Started process (PID=808) to work on /home/airflow/.local/lib/python3.12/site-packages/airflow/example_dags/example_python_operator.py
[2026-05-21T08:00:40.323+0000] {processor.py:830} INFO - Processing file /home/airflow/.local/lib/python3.12/site-packages/airflow/example_dags/example_python_operator.py for tasks to queue
[2026-05-21T08:00:40.331+0000] {logging_mixin.py:188} INFO - [2026-05-21T08:00:40.330+0000] {dagbag.py:545} INFO - Filling up the DagBag from /home/airflow/.local/lib/python3.12/site-packages/airflow/example_dags/example_python_operator.py
[2026-05-21T08:00:40.362+0000] {processor.py:840} INFO - DAG(s) 'example_python_operator' retrieved from /home/airflow/.local/lib/python3.12/site-packages/airflow/example_dags/example_python_operator.py
[2026-05-21T08:00:40.452+0000] {logging_mixin.py:188} INFO - [2026-05-21T08:00:40.451+0000] {dag.py:3089} INFO - Sync 1 DAGs
[2026-05-21T08:00:40.532+0000] {logging_mixin.py:188} INFO - [2026-05-21T08:00:40.531+0000] {dag.py:3947} INFO - Setting next_dagrun for example_python_operator to None, run_after=None
[2026-05-21T08:00:40.646+0000] {processor.py:183} INFO - Processing /home/airflow/.local/lib/python3.12/site-packages/airflow/example_dags/example_python_operator.py took 0.348 seconds
[2026-05-21T08:01:12.131+0000] {processor.py:161} INFO - Started process (PID=866) to work on /home/airflow/.local/lib/python3.12/site-packages/airflow/example_dags/example_python_operator.py
[2026-05-21T08:01:12.136+0000] {processor.py:830} INFO - Processing file /home/airflow/.local/lib/python3.12/site-packages/airflow/example_dags/example_python_operator.py for tasks to queue
[2026-05-21T08:01:12.142+0000] {logging_mixin.py:188} INFO - [2026-05-21T08:01:12.141+0000] {dagbag.py:545} INFO - Filling up the DagBag from /home/airflow/.local/lib/python3.12/site-packages/airflow/example_dags/example_python_operator.py
[2026-05-21T08:01:12.201+0000] {processor.py:840} INFO - DAG(s) 'example_python_operator' retrieved from /home/airflow/.local/lib/python3.12/site-packages/airflow/example_dags/example_python_operator.py
[2026-05-21T08:01:12.315+0000] {logging_mixin.py:188} INFO - [2026-05-21T08:01:12.314+0000] {dag.py:3089} INFO - Sync 1 DAGs
[2026-05-21T08:01:12.367+0000] {logging_mixin.py:188} INFO - [2026-05-21T08:01:12.367+0000] {dag.py:3947} INFO - Setting next_dagrun for example_python_operator to None, run_after=None
[2026-05-21T08:01:12.488+0000] {processor.py:183} INFO - Processing /home/airflow/.local/lib/python3.12/site-packages/airflow/example_dags/example_python_operator.py took 0.378 seconds
[2026-05-21T08:01:43.488+0000] {processor.py:161} INFO - Started process (PID=926) to work on /home/airflow/.local/lib/python3.12/site-packages/airflow/example_dags/example_python_operator.py
[2026-05-21T08:01:43.493+0000] {processor.py:830} INFO - Processing file /home/airflow/.local/lib/python3.12/site-packages/airflow/example_dags/example_python_operator.py for tasks to queue
[2026-05-21T08:01:43.502+0000] {logging_mixin.py:188} INFO - [2026-05-21T08:01:43.500+0000] {dagbag.py:545} INFO - Filling up the DagBag from /home/airflow/.local/lib/python3.12/site-packages/airflow/example_dags/example_python_operator.py
[2026-05-21T08:01:43.551+0000] {processor.py:840} INFO - DAG(s) 'example_python_operator' retrieved from /home/airflow/.local/lib/python3.12/site-packages/airflow/example_dags/example_python_operator.py
[2026-05-21T08:01:43.706+0000] {logging_mixin.py:188} INFO - [2026-05-21T08:01:43.705+0000] {dag.py:3089} INFO - Sync 1 DAGs
[2026-05-21T08:01:43.781+0000] {logging_mixin.py:188} INFO - [2026-05-21T08:01:43.780+0000] {dag.py:3947} INFO - Setting next_dagrun for example_python_operator to None, run_after=None
[2026-05-21T08:01:43.841+0000] {processor.py:183} INFO - Processing /home/airflow/.local/lib/python3.12/site-packages/airflow/example_dags/example_python_operator.py took 0.408 seconds
[2026-05-21T08:02:14.163+0000] {processor.py:161} INFO - Started process (PID=986) to work on /home/airflow/.local/lib/python3.12/site-packages/airflow/example_dags/example_python_operator.py
[2026-05-21T08:02:14.167+0000] {processor.py:830} INFO - Processing file /home/airflow/.local/lib/python3.12/site-packages/airflow/example_dags/example_python_operator.py for tasks to queue
[2026-05-21T08:02:14.179+0000] {logging_mixin.py:188} INFO - [2026-05-21T08:02:14.177+0000] {dagbag.py:545} INFO - Filling up the DagBag from /home/airflow/.local/lib/python3.12/site-packages/airflow/example_dags/example_python_operator.py
[2026-05-21T08:02:14.212+0000] {processor.py:840} INFO - DAG(s) 'example_python_operator' retrieved from /home/airflow/.local/lib/python3.12/site-packages/airflow/example_dags/example_python_operator.py
[2026-05-21T08:02:14.328+0000] {logging_mixin.py:188} INFO - [2026-05-21T08:02:14.327+0000] {dag.py:3089} INFO - Sync 1 DAGs
[2026-05-21T08:02:14.444+0000] {logging_mixin.py:188} INFO - [2026-05-21T08:02:14.442+0000] {dag.py:3947} INFO - Setting next_dagrun for example_python_operator to None, run_after=None
[2026-05-21T08:02:14.620+0000] {processor.py:183} INFO - Processing /home/airflow/.local/lib/python3.12/site-packages/airflow/example_dags/example_python_operator.py took 0.480 seconds
[2026-05-21T08:02:45.495+0000] {processor.py:161} INFO - Started process (PID=1046) to work on /home/airflow/.local/lib/python3.12/site-packages/airflow/example_dags/example_python_operator.py
[2026-05-21T08:02:45.525+0000] {processor.py:830} INFO - Processing file /home/airflow/.local/lib/python3.12/site-packages/airflow/example_dags/example_python_operator.py for tasks to queue
[2026-05-21T08:02:45.570+0000] {logging_mixin.py:188} INFO - [2026-05-21T08:02:45.558+0000] {dagbag.py:545} INFO - Filling up the DagBag from /home/airflow/.local/lib/python3.12/site-packages/airflow/example_dags/example_python_operator.py
[2026-05-21T08:02:45.735+0000] {processor.py:840} INFO - DAG(s) 'example_python_operator' retrieved from /home/airflow/.local/lib/python3.12/site-packages/airflow/example_dags/example_python_operator.py
[2026-05-21T08:02:46.014+0000] {logging_mixin.py:188} INFO - [2026-05-21T08:02:46.011+0000] {dag.py:3089} INFO - Sync 1 DAGs
[2026-05-21T08:02:46.231+0000] {logging_mixin.py:188} INFO - [2026-05-21T08:02:46.228+0000] {dag.py:3947} INFO - Setting next_dagrun for example_python_operator to None, run_after=None
[2026-05-21T08:02:46.449+0000] {processor.py:183} INFO - Processing /home/airflow/.local/lib/python3.12/site-packages/airflow/example_dags/example_python_operator.py took 1.034 seconds
[2026-05-21T08:03:17.082+0000] {processor.py:161} INFO - Started process (PID=1106) to work on /home/airflow/.local/lib/python3.12/site-packages/airflow/example_dags/example_python_operator.py
[2026-05-21T08:03:17.091+0000] {processor.py:830} INFO - Processing file /home/airflow/.local/lib/python3.12/site-packages/airflow/example_dags/example_python_operator.py for tasks to queue
[2026-05-21T08:03:17.102+0000] {logging_mixin.py:188} INFO - [2026-05-21T08:03:17.101+0000] {dagbag.py:545} INFO - Filling up the DagBag from /home/airflow/.local/lib/python3.12/site-packages/airflow/example_dags/example_python_operator.py
[2026-05-21T08:03:17.143+0000] {processor.py:840} INFO - DAG(s) 'example_python_operator' retrieved from /home/airflow/.local/lib/python3.12/site-packages/airflow/example_dags/example_python_operator.py
[2026-05-21T08:03:17.228+0000] {logging_mixin.py:188} INFO - [2026-05-21T08:03:17.227+0000] {dag.py:3089} INFO - Sync 1 DAGs
[2026-05-21T08:03:17.258+0000] {logging_mixin.py:188} INFO - [2026-05-21T08:03:17.258+0000] {dag.py:3947} INFO - Setting next_dagrun for example_python_operator to None, run_after=None
[2026-05-21T08:03:17.323+0000] {processor.py:183} INFO - Processing /home/airflow/.local/lib/python3.12/site-packages/airflow/example_dags/example_python_operator.py took 0.286 seconds
[2026-05-21T08:03:50.198+0000] {processor.py:161} INFO - Started process (PID=1167) to work on /home/airflow/.local/lib/python3.12/site-packages/airflow/example_dags/example_python_operator.py
[2026-05-21T08:03:50.202+0000] {processor.py:830} INFO - Processing file /home/airflow/.local/lib/python3.12/site-packages/airflow/example_dags/example_python_operator.py for tasks to queue
[2026-05-21T08:03:50.208+0000] {logging_mixin.py:188} INFO - [2026-05-21T08:03:50.207+0000] {dagbag.py:545} INFO - Filling up the DagBag from /home/airflow/.local/lib/python3.12/site-packages/airflow/example_dags/example_python_operator.py
[2026-05-21T08:03:50.246+0000] {processor.py:840} INFO - DAG(s) 'example_python_operator' retrieved from /home/airflow/.local/lib/python3.12/site-packages/airflow/example_dags/example_python_operator.py
[2026-05-21T08:03:50.323+0000] {logging_mixin.py:188} INFO - [2026-05-21T08:03:50.323+0000] {dag.py:3089} INFO - Sync 1 DAGs
[2026-05-21T08:03:50.373+0000] {logging_mixin.py:188} INFO - [2026-05-21T08:03:50.372+0000] {dag.py:3947} INFO - Setting next_dagrun for example_python_operator to None, run_after=None
[2026-05-21T08:03:50.486+0000] {processor.py:183} INFO - Processing /home/airflow/.local/lib/python3.12/site-packages/airflow/example_dags/example_python_operator.py took 0.303 seconds
[2026-05-21T08:04:21.122+0000] {processor.py:161} INFO - Started process (PID=1226) to work on /home/airflow/.local/lib/python3.12/site-packages/airflow/example_dags/example_python_operator.py
[2026-05-21T08:04:21.125+0000] {processor.py:830} INFO - Processing file /home/airflow/.local/lib/python3.12/site-packages/airflow/example_dags/example_python_operator.py for tasks to queue
[2026-05-21T08:04:21.133+0000] {logging_mixin.py:188} INFO - [2026-05-21T08:04:21.132+0000] {dagbag.py:545} INFO - Filling up the DagBag from /home/airflow/.local/lib/python3.12/site-packages/airflow/example_dags/example_python_operator.py
[2026-05-21T08:04:21.184+0000] {processor.py:840} INFO - DAG(s) 'example_python_operator' retrieved from /home/airflow/.local/lib/python3.12/site-packages/airflow/example_dags/example_python_operator.py
[2026-05-21T08:04:21.269+0000] {logging_mixin.py:188} INFO - [2026-05-21T08:04:21.269+0000] {dag.py:3089} INFO - Sync 1 DAGs
[2026-05-21T08:04:21.325+0000] {logging_mixin.py:188} INFO - [2026-05-21T08:04:21.324+0000] {dag.py:3947} INFO - Setting next_dagrun for example_python_operator to None, run_after=None
[2026-05-21T08:04:21.387+0000] {processor.py:183} INFO - Processing /home/airflow/.local/lib/python3.12/site-packages/airflow/example_dags/example_python_operator.py took 0.282 seconds
[2026-05-21T08:04:53.033+0000] {processor.py:161} INFO - Started process (PID=1285) to work on /home/airflow/.local/lib/python3.12/site-packages/airflow/example_dags/example_python_operator.py
[2026-05-21T08:04:53.037+0000] {processor.py:830} INFO - Processing file /home/airflow/.local/lib/python3.12/site-packages/airflow/example_dags/example_python_operator.py for tasks to queue
[2026-05-21T08:04:53.046+0000] {logging_mixin.py:188} INFO - [2026-05-21T08:04:53.044+0000] {dagbag.py:545} INFO - Filling up the DagBag from /home/airflow/.local/lib/python3.12/site-packages/airflow/example_dags/example_python_operator.py
[2026-05-21T08:04:53.119+0000] {processor.py:840} INFO - DAG(s) 'example_python_operator' retrieved from /home/airflow/.local/lib/python3.12/site-packages/airflow/example_dags/example_python_operator.py
[2026-05-21T08:04:53.236+0000] {logging_mixin.py:188} INFO - [2026-05-21T08:04:53.235+0000] {dag.py:3089} INFO - Sync 1 DAGs
[2026-05-21T08:04:53.313+0000] {logging_mixin.py:188} INFO - [2026-05-21T08:04:53.309+0000] {dag.py:3947} INFO - Setting next_dagrun for example_python_operator to None, run_after=None
[2026-05-21T08:04:53.432+0000] {processor.py:183} INFO - Processing /home/airflow/.local/lib/python3.12/site-packages/airflow/example_dags/example_python_operator.py took 0.422 seconds
[2026-05-21T08:05:24.333+0000] {processor.py:161} INFO - Started process (PID=1345) to work on /home/airflow/.local/lib/python3.12/site-packages/airflow/example_dags/example_python_operator.py
[2026-05-21T08:05:24.336+0000] {processor.py:830} INFO - Processing file /home/airflow/.local/lib/python3.12/site-packages/airflow/example_dags/example_python_operator.py for tasks to queue
[2026-05-21T08:05:24.342+0000] {logging_mixin.py:188} INFO - [2026-05-21T08:05:24.341+0000] {dagbag.py:545} INFO - Filling up the DagBag from /home/airflow/.local/lib/python3.12/site-packages/airflow/example_dags/example_python_operator.py
[2026-05-21T08:05:24.372+0000] {processor.py:840} INFO - DAG(s) 'example_python_operator' retrieved from /home/airflow/.local/lib/python3.12/site-packages/airflow/example_dags/example_python_operator.py
[2026-05-21T08:05:24.452+0000] {logging_mixin.py:188} INFO - [2026-05-21T08:05:24.451+0000] {dag.py:3089} INFO - Sync 1 DAGs
[2026-05-21T08:05:24.491+0000] {logging_mixin.py:188} INFO - [2026-05-21T08:05:24.490+0000] {dag.py:3947} INFO - Setting next_dagrun for example_python_operator to None, run_after=None
[2026-05-21T08:05:24.556+0000] {processor.py:183} INFO - Processing /home/airflow/.local/lib/python3.12/site-packages/airflow/example_dags/example_python_operator.py took 0.240 seconds
[2026-05-21T08:05:56.135+0000] {processor.py:161} INFO - Started process (PID=1405) to work on /home/airflow/.local/lib/python3.12/site-packages/airflow/example_dags/example_python_operator.py
[2026-05-21T08:05:56.138+0000] {processor.py:830} INFO - Processing file /home/airflow/.local/lib/python3.12/site-packages/airflow/example_dags/example_python_operator.py for tasks to queue
[2026-05-21T08:05:56.147+0000] {logging_mixin.py:188} INFO - [2026-05-21T08:05:56.145+0000] {dagbag.py:545} INFO - Filling up the DagBag from /home/airflow/.local/lib/python3.12/site-packages/airflow/example_dags/example_python_operator.py
[2026-05-21T08:05:56.187+0000] {processor.py:840} INFO - DAG(s) 'example_python_operator' retrieved from /home/airflow/.local/lib/python3.12/site-packages/airflow/example_dags/example_python_operator.py
[2026-05-21T08:05:56.251+0000] {logging_mixin.py:188} INFO - [2026-05-21T08:05:56.250+0000] {dag.py:3089} INFO - Sync 1 DAGs
[2026-05-21T08:05:56.287+0000] {logging_mixin.py:188} INFO - [2026-05-21T08:05:56.286+0000] {dag.py:3947} INFO - Setting next_dagrun for example_python_operator to None, run_after=None
[2026-05-21T08:05:56.347+0000] {processor.py:183} INFO - Processing /home/airflow/.local/lib/python3.12/site-packages/airflow/example_dags/example_python_operator.py took 0.250 seconds
[2026-05-21T08:06:27.195+0000] {processor.py:161} INFO - Started process (PID=1464) to work on /home/airflow/.local/lib/python3.12/site-packages/airflow/example_dags/example_python_operator.py
[2026-05-21T08:06:27.199+0000] {processor.py:830} INFO - Processing file /home/airflow/.local/lib/python3.12/site-packages/airflow/example_dags/example_python_operator.py for tasks to queue
[2026-05-21T08:06:27.209+0000] {logging_mixin.py:188} INFO - [2026-05-21T08:06:27.207+0000] {dagbag.py:545} INFO - Filling up the DagBag from /home/airflow/.local/lib/python3.12/site-packages/airflow/example_dags/example_python_operator.py
[2026-05-21T08:06:27.252+0000] {processor.py:840} INFO - DAG(s) 'example_python_operator' retrieved from /home/airflow/.local/lib/python3.12/site-packages/airflow/example_dags/example_python_operator.py
[2026-05-21T08:06:27.384+0000] {logging_mixin.py:188} INFO - [2026-05-21T08:06:27.379+0000] {dag.py:3089} INFO - Sync 1 DAGs
[2026-05-21T08:06:27.457+0000] {logging_mixin.py:188} INFO - [2026-05-21T08:06:27.456+0000] {dag.py:3947} INFO - Setting next_dagrun for example_python_operator to None, run_after=None
[2026-05-21T08:06:27.547+0000] {processor.py:183} INFO - Processing /home/airflow/.local/lib/python3.12/site-packages/airflow/example_dags/example_python_operator.py took 0.382 seconds
[2026-05-21T08:06:57.724+0000] {processor.py:161} INFO - Started process (PID=1523) to work on /home/airflow/.local/lib/python3.12/site-packages/airflow/example_dags/example_python_operator.py
[2026-05-21T08:06:57.727+0000] {processor.py:830} INFO - Processing file /home/airflow/.local/lib/python3.12/site-packages/airflow/example_dags/example_python_operator.py for tasks to queue
[2026-05-21T08:06:57.734+0000] {logging_mixin.py:188} INFO - [2026-05-21T08:06:57.733+0000] {dagbag.py:545} INFO - Filling up the DagBag from /home/airflow/.local/lib/python3.12/site-packages/airflow/example_dags/example_python_operator.py
[2026-05-21T08:06:57.773+0000] {processor.py:840} INFO - DAG(s) 'example_python_operator' retrieved from /home/airflow/.local/lib/python3.12/site-packages/airflow/example_dags/example_python_operator.py
[2026-05-21T08:06:58.024+0000] {logging_mixin.py:188} INFO - [2026-05-21T08:06:58.012+0000] {dag.py:3089} INFO - Sync 1 DAGs
[2026-05-21T08:06:58.208+0000] {logging_mixin.py:188} INFO - [2026-05-21T08:06:58.207+0000] {dag.py:3947} INFO - Setting next_dagrun for example_python_operator to None, run_after=None
[2026-05-21T08:06:58.344+0000] {processor.py:183} INFO - Processing /home/airflow/.local/lib/python3.12/site-packages/airflow/example_dags/example_python_operator.py took 0.636 seconds
[2026-05-21T08:07:28.614+0000] {processor.py:161} INFO - Started process (PID=1582) to work on /home/airflow/.local/lib/python3.12/site-packages/airflow/example_dags/example_python_operator.py
[2026-05-21T08:07:28.623+0000] {processor.py:830} INFO - Processing file /home/airflow/.local/lib/python3.12/site-packages/airflow/example_dags/example_python_operator.py for tasks to queue
[2026-05-21T08:07:28.633+0000] {logging_mixin.py:188} INFO - [2026-05-21T08:07:28.631+0000] {dagbag.py:545} INFO - Filling up the DagBag from /home/airflow/.local/lib/python3.12/site-packages/airflow/example_dags/example_python_operator.py
[2026-05-21T08:07:28.710+0000] {processor.py:840} INFO - DAG(s) 'example_python_operator' retrieved from /home/airflow/.local/lib/python3.12/site-packages/airflow/example_dags/example_python_operator.py
[2026-05-21T08:07:28.819+0000] {logging_mixin.py:188} INFO - [2026-05-21T08:07:28.817+0000] {dag.py:3089} INFO - Sync 1 DAGs
[2026-05-21T08:07:28.867+0000] {logging_mixin.py:188} INFO - [2026-05-21T08:07:28.865+0000] {dag.py:3947} INFO - Setting next_dagrun for example_python_operator to None, run_after=None
[2026-05-21T08:07:28.979+0000] {processor.py:183} INFO - Processing /home/airflow/.local/lib/python3.12/site-packages/airflow/example_dags/example_python_operator.py took 0.399 seconds
[2026-05-21T08:07:59.493+0000] {processor.py:161} INFO - Started process (PID=1642) to work on /home/airflow/.local/lib/python3.12/site-packages/airflow/example_dags/example_python_operator.py
[2026-05-21T08:07:59.497+0000] {processor.py:830} INFO - Processing file /home/airflow/.local/lib/python3.12/site-packages/airflow/example_dags/example_python_operator.py for tasks to queue
[2026-05-21T08:07:59.505+0000] {logging_mixin.py:188} INFO - [2026-05-21T08:07:59.504+0000] {dagbag.py:545} INFO - Filling up the DagBag from /home/airflow/.local/lib/python3.12/site-packages/airflow/example_dags/example_python_operator.py
[2026-05-21T08:07:59.530+0000] {processor.py:840} INFO - DAG(s) 'example_python_operator' retrieved from /home/airflow/.local/lib/python3.12/site-packages/airflow/example_dags/example_python_operator.py
[2026-05-21T08:07:59.607+0000] {logging_mixin.py:188} INFO - [2026-05-21T08:07:59.606+0000] {dag.py:3089} INFO - Sync 1 DAGs
[2026-05-21T08:07:59.641+0000] {logging_mixin.py:188} INFO - [2026-05-21T08:07:59.641+0000] {dag.py:3947} INFO - Setting next_dagrun for example_python_operator to None, run_after=None
[2026-05-21T08:07:59.696+0000] {processor.py:183} INFO - Processing /home/airflow/.local/lib/python3.12/site-packages/airflow/example_dags/example_python_operator.py took 0.220 seconds
[2026-05-21T08:08:29.828+0000] {processor.py:161} INFO - Started process (PID=1702) to work on /home/airflow/.local/lib/python3.12/site-packages/airflow/example_dags/example_python_operator.py
[2026-05-21T08:08:29.831+0000] {processor.py:830} INFO - Processing file /home/airflow/.local/lib/python3.12/site-packages/airflow/example_dags/example_python_operator.py for tasks to queue
[2026-05-21T08:08:29.836+0000] {logging_mixin.py:188} INFO - [2026-05-21T08:08:29.835+0000] {dagbag.py:545} INFO - Filling up the DagBag from /home/airflow/.local/lib/python3.12/site-packages/airflow/example_dags/example_python_operator.py
[2026-05-21T08:08:29.858+0000] {processor.py:840} INFO - DAG(s) 'example_python_operator' retrieved from /home/airflow/.local/lib/python3.12/site-packages/airflow/example_dags/example_python_operator.py
[2026-05-21T08:08:29.918+0000] {logging_mixin.py:188} INFO - [2026-05-21T08:08:29.917+0000] {dag.py:3089} INFO - Sync 1 DAGs
[2026-05-21T08:08:29.948+0000] {logging_mixin.py:188} INFO - [2026-05-21T08:08:29.948+0000] {dag.py:3947} INFO - Setting next_dagrun for example_python_operator to None, run_after=None
[2026-05-21T08:08:30.013+0000] {processor.py:183} INFO - Processing /home/airflow/.local/lib/python3.12/site-packages/airflow/example_dags/example_python_operator.py took 0.202 seconds
[2026-05-21T08:09:01.154+0000] {processor.py:161} INFO - Started process (PID=1762) to work on /home/airflow/.local/lib/python3.12/site-packages/airflow/example_dags/example_python_operator.py
[2026-05-21T08:09:01.158+0000] {processor.py:830} INFO - Processing file /home/airflow/.local/lib/python3.12/site-packages/airflow/example_dags/example_python_operator.py for tasks to queue
[2026-05-21T08:09:01.163+0000] {logging_mixin.py:188} INFO - [2026-05-21T08:09:01.163+0000] {dagbag.py:545} INFO - Filling up the DagBag from /home/airflow/.local/lib/python3.12/site-packages/airflow/example_dags/example_python_operator.py
[2026-05-21T08:09:01.192+0000] {processor.py:840} INFO - DAG(s) 'example_python_operator' retrieved from /home/airflow/.local/lib/python3.12/site-packages/airflow/example_dags/example_python_operator.py
[2026-05-21T08:09:01.258+0000] {logging_mixin.py:188} INFO - [2026-05-21T08:09:01.257+0000] {dag.py:3089} INFO - Sync 1 DAGs
[2026-05-21T08:09:01.290+0000] {logging_mixin.py:188} INFO - [2026-05-21T08:09:01.289+0000] {dag.py:3947} INFO - Setting next_dagrun for example_python_operator to None, run_after=None
[2026-05-21T08:09:01.362+0000] {processor.py:183} INFO - Processing /home/airflow/.local/lib/python3.12/site-packages/airflow/example_dags/example_python_operator.py took 0.224 seconds
[2026-05-21T08:09:32.342+0000] {processor.py:161} INFO - Started process (PID=1822) to work on /home/airflow/.local/lib/python3.12/site-packages/airflow/example_dags/example_python_operator.py
[2026-05-21T08:09:32.346+0000] {processor.py:830} INFO - Processing file /home/airflow/.local/lib/python3.12/site-packages/airflow/example_dags/example_python_operator.py for tasks to queue
[2026-05-21T08:09:32.352+0000] {logging_mixin.py:188} INFO - [2026-05-21T08:09:32.351+0000] {dagbag.py:545} INFO - Filling up the DagBag from /home/airflow/.local/lib/python3.12/site-packages/airflow/example_dags/example_python_operator.py
[2026-05-21T08:09:32.398+0000] {processor.py:840} INFO - DAG(s) 'example_python_operator' retrieved from /home/airflow/.local/lib/python3.12/site-packages/airflow/example_dags/example_python_operator.py
[2026-05-21T08:09:32.479+0000] {logging_mixin.py:188} INFO - [2026-05-21T08:09:32.478+0000] {dag.py:3089} INFO - Sync 1 DAGs
[2026-05-21T08:09:32.514+0000] {logging_mixin.py:188} INFO - [2026-05-21T08:09:32.513+0000] {dag.py:3947} INFO - Setting next_dagrun for example_python_operator to None, run_after=None
[2026-05-21T08:09:32.558+0000] {processor.py:183} INFO - Processing /home/airflow/.local/lib/python3.12/site-packages/airflow/example_dags/example_python_operator.py took 0.243 seconds
[2026-05-21T08:10:05.432+0000] {processor.py:161} INFO - Started process (PID=1882) to work on /home/airflow/.local/lib/python3.12/site-packages/airflow/example_dags/example_python_operator.py
[2026-05-21T08:10:05.436+0000] {processor.py:830} INFO - Processing file /home/airflow/.local/lib/python3.12/site-packages/airflow/example_dags/example_python_operator.py for tasks to queue
[2026-05-21T08:10:05.447+0000] {logging_mixin.py:188} INFO - [2026-05-21T08:10:05.445+0000] {dagbag.py:545} INFO - Filling up the DagBag from /home/airflow/.local/lib/python3.12/site-packages/airflow/example_dags/example_python_operator.py
[2026-05-21T08:10:05.486+0000] {processor.py:840} INFO - DAG(s) 'example_python_operator' retrieved from /home/airflow/.local/lib/python3.12/site-packages/airflow/example_dags/example_python_operator.py
[2026-05-21T08:10:05.607+0000] {logging_mixin.py:188} INFO - [2026-05-21T08:10:05.605+0000] {dag.py:3089} INFO - Sync 1 DAGs
[2026-05-21T08:10:06.331+0000] {logging_mixin.py:188} INFO - [2026-05-21T08:10:06.330+0000] {dag.py:3947} INFO - Setting next_dagrun for example_python_operator to None, run_after=None
[2026-05-21T08:10:06.401+0000] {processor.py:183} INFO - Processing /home/airflow/.local/lib/python3.12/site-packages/airflow/example_dags/example_python_operator.py took 0.993 seconds
[2026-05-21T08:10:38.161+0000] {processor.py:161} INFO - Started process (PID=1941) to work on /home/airflow/.local/lib/python3.12/site-packages/airflow/example_dags/example_python_operator.py
[2026-05-21T08:10:38.165+0000] {processor.py:830} INFO - Processing file /home/airflow/.local/lib/python3.12/site-packages/airflow/example_dags/example_python_operator.py for tasks to queue
[2026-05-21T08:10:38.171+0000] {logging_mixin.py:188} INFO - [2026-05-21T08:10:38.170+0000] {dagbag.py:545} INFO - Filling up the DagBag from /home/airflow/.local/lib/python3.12/site-packages/airflow/example_dags/example_python_operator.py
[2026-05-21T08:10:38.207+0000] {processor.py:840} INFO - DAG(s) 'example_python_operator' retrieved from /home/airflow/.local/lib/python3.12/site-packages/airflow/example_dags/example_python_operator.py
[2026-05-21T08:10:38.267+0000] {logging_mixin.py:188} INFO - [2026-05-21T08:10:38.267+0000] {dag.py:3089} INFO - Sync 1 DAGs
[2026-05-21T08:10:38.325+0000] {logging_mixin.py:188} INFO - [2026-05-21T08:10:38.324+0000] {dag.py:3947} INFO - Setting next_dagrun for example_python_operator to None, run_after=None
[2026-05-21T08:10:39.034+0000] {processor.py:183} INFO - Processing /home/airflow/.local/lib/python3.12/site-packages/airflow/example_dags/example_python_operator.py took 0.901 seconds
[2026-05-21T08:11:09.957+0000] {processor.py:161} INFO - Started process (PID=2001) to work on /home/airflow/.local/lib/python3.12/site-packages/airflow/example_dags/example_python_operator.py
[2026-05-21T08:11:09.960+0000] {processor.py:830} INFO - Processing file /home/airflow/.local/lib/python3.12/site-packages/airflow/example_dags/example_python_operator.py for tasks to queue
[2026-05-21T08:11:09.965+0000] {logging_mixin.py:188} INFO - [2026-05-21T08:11:09.964+0000] {dagbag.py:545} INFO - Filling up the DagBag from /home/airflow/.local/lib/python3.12/site-packages/airflow/example_dags/example_python_operator.py
[2026-05-21T08:11:09.994+0000] {processor.py:840} INFO - DAG(s) 'example_python_operator' retrieved from /home/airflow/.local/lib/python3.12/site-packages/airflow/example_dags/example_python_operator.py
[2026-05-21T08:11:10.052+0000] {logging_mixin.py:188} INFO - [2026-05-21T08:11:10.052+0000] {dag.py:3089} INFO - Sync 1 DAGs
[2026-05-21T08:11:10.082+0000] {logging_mixin.py:188} INFO - [2026-05-21T08:11:10.082+0000] {dag.py:3947} INFO - Setting next_dagrun for example_python_operator to None, run_after=None
[2026-05-21T08:11:10.138+0000] {processor.py:183} INFO - Processing /home/airflow/.local/lib/python3.12/site-packages/airflow/example_dags/example_python_operator.py took 0.196 seconds
[2026-05-21T08:11:42.585+0000] {processor.py:161} INFO - Started process (PID=2061) to work on /home/airflow/.local/lib/python3.12/site-packages/airflow/example_dags/example_python_operator.py
[2026-05-21T08:11:42.589+0000] {processor.py:830} INFO - Processing file /home/airflow/.local/lib/python3.12/site-packages/airflow/example_dags/example_python_operator.py for tasks to queue
[2026-05-21T08:11:42.605+0000] {logging_mixin.py:188} INFO - [2026-05-21T08:11:42.599+0000] {dagbag.py:545} INFO - Filling up the DagBag from /home/airflow/.local/lib/python3.12/site-packages/airflow/example_dags/example_python_operator.py
[2026-05-21T08:11:42.676+0000] {processor.py:840} INFO - DAG(s) 'example_python_operator' retrieved from /home/airflow/.local/lib/python3.12/site-packages/airflow/example_dags/example_python_operator.py
[2026-05-21T08:11:42.846+0000] {logging_mixin.py:188} INFO - [2026-05-21T08:11:42.845+0000] {dag.py:3089} INFO - Sync 1 DAGs
[2026-05-21T08:11:42.981+0000] {logging_mixin.py:188} INFO - [2026-05-21T08:11:42.980+0000] {dag.py:3947} INFO - Setting next_dagrun for example_python_operator to None, run_after=None
[2026-05-21T08:11:43.151+0000] {processor.py:183} INFO - Processing /home/airflow/.local/lib/python3.12/site-packages/airflow/example_dags/example_python_operator.py took 0.595 seconds
[2026-05-21T08:12:18.504+0000] {processor.py:161} INFO - Started process (PID=2126) to work on /home/airflow/.local/lib/python3.12/site-packages/airflow/example_dags/example_python_operator.py
[2026-05-21T08:12:18.506+0000] {processor.py:830} INFO - Processing file /home/airflow/.local/lib/python3.12/site-packages/airflow/example_dags/example_python_operator.py for tasks to queue
[2026-05-21T08:12:18.511+0000] {logging_mixin.py:188} INFO - [2026-05-21T08:12:18.510+0000] {dagbag.py:545} INFO - Filling up the DagBag from /home/airflow/.local/lib/python3.12/site-packages/airflow/example_dags/example_python_operator.py
[2026-05-21T08:12:18.537+0000] {processor.py:840} INFO - DAG(s) 'example_python_operator' retrieved from /home/airflow/.local/lib/python3.12/site-packages/airflow/example_dags/example_python_operator.py
[2026-05-21T08:12:18.597+0000] {logging_mixin.py:188} INFO - [2026-05-21T08:12:18.597+0000] {dag.py:3089} INFO - Sync 1 DAGs
[2026-05-21T08:12:18.634+0000] {logging_mixin.py:188} INFO - [2026-05-21T08:12:18.633+0000] {dag.py:3947} INFO - Setting next_dagrun for example_python_operator to None, run_after=None
[2026-05-21T08:12:18.710+0000] {processor.py:183} INFO - Processing /home/airflow/.local/lib/python3.12/site-packages/airflow/example_dags/example_python_operator.py took 0.219 seconds
[2026-05-21T08:12:49.927+0000] {processor.py:161} INFO - Started process (PID=2186) to work on /home/airflow/.local/lib/python3.12/site-packages/airflow/example_dags/example_python_operator.py
[2026-05-21T08:12:49.935+0000] {processor.py:830} INFO - Processing file /home/airflow/.local/lib/python3.12/site-packages/airflow/example_dags/example_python_operator.py for tasks to queue
[2026-05-21T08:12:49.944+0000] {logging_mixin.py:188} INFO - [2026-05-21T08:12:49.943+0000] {dagbag.py:545} INFO - Filling up the DagBag from /home/airflow/.local/lib/python3.12/site-packages/airflow/example_dags/example_python_operator.py
[2026-05-21T08:12:49.995+0000] {processor.py:840} INFO - DAG(s) 'example_python_operator' retrieved from /home/airflow/.local/lib/python3.12/site-packages/airflow/example_dags/example_python_operator.py
[2026-05-21T08:12:50.106+0000] {logging_mixin.py:188} INFO - [2026-05-21T08:12:50.105+0000] {dag.py:3089} INFO - Sync 1 DAGs
[2026-05-21T08:12:50.224+0000] {logging_mixin.py:188} INFO - [2026-05-21T08:12:50.222+0000] {dag.py:3947} INFO - Setting next_dagrun for example_python_operator to None, run_after=None
[2026-05-21T08:12:50.359+0000] {processor.py:183} INFO - Processing /home/airflow/.local/lib/python3.12/site-packages/airflow/example_dags/example_python_operator.py took 0.464 seconds
[2026-05-21T08:13:20.618+0000] {processor.py:161} INFO - Started process (PID=2246) to work on /home/airflow/.local/lib/python3.12/site-packages/airflow/example_dags/example_python_operator.py
[2026-05-21T08:13:20.621+0000] {processor.py:830} INFO - Processing file /home/airflow/.local/lib/python3.12/site-packages/airflow/example_dags/example_python_operator.py for tasks to queue
[2026-05-21T08:13:20.628+0000] {logging_mixin.py:188} INFO - [2026-05-21T08:13:20.626+0000] {dagbag.py:545} INFO - Filling up the DagBag from /home/airflow/.local/lib/python3.12/site-packages/airflow/example_dags/example_python_operator.py
[2026-05-21T08:13:20.655+0000] {processor.py:840} INFO - DAG(s) 'example_python_operator' retrieved from /home/airflow/.local/lib/python3.12/site-packages/airflow/example_dags/example_python_operator.py
[2026-05-21T08:13:20.715+0000] {logging_mixin.py:188} INFO - [2026-05-21T08:13:20.715+0000] {dag.py:3089} INFO - Sync 1 DAGs
[2026-05-21T08:13:20.746+0000] {logging_mixin.py:188} INFO - [2026-05-21T08:13:20.745+0000] {dag.py:3947} INFO - Setting next_dagrun for example_python_operator to None, run_after=None
[2026-05-21T08:13:20.803+0000] {processor.py:183} INFO - Processing /home/airflow/.local/lib/python3.12/site-packages/airflow/example_dags/example_python_operator.py took 0.204 seconds
[2026-05-21T08:13:53.493+0000] {processor.py:161} INFO - Started process (PID=2307) to work on /home/airflow/.local/lib/python3.12/site-packages/airflow/example_dags/example_python_operator.py
[2026-05-21T08:13:53.497+0000] {processor.py:830} INFO - Processing file /home/airflow/.local/lib/python3.12/site-packages/airflow/example_dags/example_python_operator.py for tasks to queue
[2026-05-21T08:13:53.509+0000] {logging_mixin.py:188} INFO - [2026-05-21T08:13:53.507+0000] {dagbag.py:545} INFO - Filling up the DagBag from /home/airflow/.local/lib/python3.12/site-packages/airflow/example_dags/example_python_operator.py
[2026-05-21T08:13:53.550+0000] {processor.py:840} INFO - DAG(s) 'example_python_operator' retrieved from /home/airflow/.local/lib/python3.12/site-packages/airflow/example_dags/example_python_operator.py
[2026-05-21T08:13:53.672+0000] {logging_mixin.py:188} INFO - [2026-05-21T08:13:53.671+0000] {dag.py:3089} INFO - Sync 1 DAGs
[2026-05-21T08:13:53.966+0000] {logging_mixin.py:188} INFO - [2026-05-21T08:13:53.965+0000] {dag.py:3947} INFO - Setting next_dagrun for example_python_operator to None, run_after=None
[2026-05-21T08:13:54.032+0000] {processor.py:183} INFO - Processing /home/airflow/.local/lib/python3.12/site-packages/airflow/example_dags/example_python_operator.py took 0.570 seconds
[2026-05-21T08:14:26.114+0000] {processor.py:161} INFO - Started process (PID=2364) to work on /home/airflow/.local/lib/python3.12/site-packages/airflow/example_dags/example_python_operator.py
[2026-05-21T08:14:26.124+0000] {processor.py:830} INFO - Processing file /home/airflow/.local/lib/python3.12/site-packages/airflow/example_dags/example_python_operator.py for tasks to queue
[2026-05-21T08:14:26.133+0000] {logging_mixin.py:188} INFO - [2026-05-21T08:14:26.130+0000] {dagbag.py:545} INFO - Filling up the DagBag from /home/airflow/.local/lib/python3.12/site-packages/airflow/example_dags/example_python_operator.py
[2026-05-21T08:14:26.171+0000] {processor.py:840} INFO - DAG(s) 'example_python_operator' retrieved from /home/airflow/.local/lib/python3.12/site-packages/airflow/example_dags/example_python_operator.py
[2026-05-21T08:14:26.275+0000] {logging_mixin.py:188} INFO - [2026-05-21T08:14:26.274+0000] {dag.py:3089} INFO - Sync 1 DAGs
[2026-05-21T08:14:26.356+0000] {logging_mixin.py:188} INFO - [2026-05-21T08:14:26.355+0000] {dag.py:3947} INFO - Setting next_dagrun for example_python_operator to None, run_after=None
[2026-05-21T08:14:26.440+0000] {processor.py:183} INFO - Processing /home/airflow/.local/lib/python3.12/site-packages/airflow/example_dags/example_python_operator.py took 0.350 seconds
[2026-05-21T08:14:56.732+0000] {processor.py:161} INFO - Started process (PID=2424) to work on /home/airflow/.local/lib/python3.12/site-packages/airflow/example_dags/example_python_operator.py
[2026-05-21T08:14:56.736+0000] {processor.py:830} INFO - Processing file /home/airflow/.local/lib/python3.12/site-packages/airflow/example_dags/example_python_operator.py for tasks to queue
[2026-05-21T08:14:56.745+0000] {logging_mixin.py:188} INFO - [2026-05-21T08:14:56.743+0000] {dagbag.py:545} INFO - Filling up the DagBag from /home/airflow/.local/lib/python3.12/site-packages/airflow/example_dags/example_python_operator.py
[2026-05-21T08:14:56.797+0000] {processor.py:840} INFO - DAG(s) 'example_python_operator' retrieved from /home/airflow/.local/lib/python3.12/site-packages/airflow/example_dags/example_python_operator.py
[2026-05-21T08:14:56.886+0000] {logging_mixin.py:188} INFO - [2026-05-21T08:14:56.886+0000] {dag.py:3089} INFO - Sync 1 DAGs
[2026-05-21T08:14:56.942+0000] {logging_mixin.py:188} INFO - [2026-05-21T08:14:56.941+0000] {dag.py:3947} INFO - Setting next_dagrun for example_python_operator to None, run_after=None
[2026-05-21T08:14:57.018+0000] {processor.py:183} INFO - Processing /home/airflow/.local/lib/python3.12/site-packages/airflow/example_dags/example_python_operator.py took 0.309 seconds
[2026-05-21T08:15:27.212+0000] {processor.py:161} INFO - Started process (PID=2484) to work on /home/airflow/.local/lib/python3.12/site-packages/airflow/example_dags/example_python_operator.py
[2026-05-21T08:15:27.215+0000] {processor.py:830} INFO - Processing file /home/airflow/.local/lib/python3.12/site-packages/airflow/example_dags/example_python_operator.py for tasks to queue
[2026-05-21T08:15:27.222+0000] {logging_mixin.py:188} INFO - [2026-05-21T08:15:27.220+0000] {dagbag.py:545} INFO - Filling up the DagBag from /home/airflow/.local/lib/python3.12/site-packages/airflow/example_dags/example_python_operator.py
[2026-05-21T08:15:27.253+0000] {processor.py:840} INFO - DAG(s) 'example_python_operator' retrieved from /home/airflow/.local/lib/python3.12/site-packages/airflow/example_dags/example_python_operator.py
[2026-05-21T08:15:27.338+0000] {logging_mixin.py:188} INFO - [2026-05-21T08:15:27.337+0000] {dag.py:3089} INFO - Sync 1 DAGs
[2026-05-21T08:15:27.376+0000] {logging_mixin.py:188} INFO - [2026-05-21T08:15:27.376+0000] {dag.py:3947} INFO - Setting next_dagrun for example_python_operator to None, run_after=None
[2026-05-21T08:15:27.438+0000] {processor.py:183} INFO - Processing /home/airflow/.local/lib/python3.12/site-packages/airflow/example_dags/example_python_operator.py took 0.251 seconds
[2026-05-21T08:15:58.378+0000] {processor.py:161} INFO - Started process (PID=2544) to work on /home/airflow/.local/lib/python3.12/site-packages/airflow/example_dags/example_python_operator.py
[2026-05-21T08:15:58.381+0000] {processor.py:830} INFO - Processing file /home/airflow/.local/lib/python3.12/site-packages/airflow/example_dags/example_python_operator.py for tasks to queue
[2026-05-21T08:15:58.388+0000] {logging_mixin.py:188} INFO - [2026-05-21T08:15:58.386+0000] {dagbag.py:545} INFO - Filling up the DagBag from /home/airflow/.local/lib/python3.12/site-packages/airflow/example_dags/example_python_operator.py
[2026-05-21T08:15:58.418+0000] {processor.py:840} INFO - DAG(s) 'example_python_operator' retrieved from /home/airflow/.local/lib/python3.12/site-packages/airflow/example_dags/example_python_operator.py
[2026-05-21T08:15:58.492+0000] {logging_mixin.py:188} INFO - [2026-05-21T08:15:58.490+0000] {dag.py:3089} INFO - Sync 1 DAGs
[2026-05-21T08:15:58.620+0000] {logging_mixin.py:188} INFO - [2026-05-21T08:15:58.619+0000] {dag.py:3947} INFO - Setting next_dagrun for example_python_operator to None, run_after=None
[2026-05-21T08:15:58.777+0000] {processor.py:183} INFO - Processing /home/airflow/.local/lib/python3.12/site-packages/airflow/example_dags/example_python_operator.py took 0.414 seconds
[2026-05-21T08:16:30.046+0000] {processor.py:161} INFO - Started process (PID=2603) to work on /home/airflow/.local/lib/python3.12/site-packages/airflow/example_dags/example_python_operator.py
[2026-05-21T08:16:30.050+0000] {processor.py:830} INFO - Processing file /home/airflow/.local/lib/python3.12/site-packages/airflow/example_dags/example_python_operator.py for tasks to queue
[2026-05-21T08:16:30.056+0000] {logging_mixin.py:188} INFO - [2026-05-21T08:16:30.055+0000] {dagbag.py:545} INFO - Filling up the DagBag from /home/airflow/.local/lib/python3.12/site-packages/airflow/example_dags/example_python_operator.py
[2026-05-21T08:16:30.093+0000] {processor.py:840} INFO - DAG(s) 'example_python_operator' retrieved from /home/airflow/.local/lib/python3.12/site-packages/airflow/example_dags/example_python_operator.py
[2026-05-21T08:16:30.173+0000] {logging_mixin.py:188} INFO - [2026-05-21T08:16:30.172+0000] {dag.py:3089} INFO - Sync 1 DAGs
[2026-05-21T08:16:30.209+0000] {logging_mixin.py:188} INFO - [2026-05-21T08:16:30.208+0000] {dag.py:3947} INFO - Setting next_dagrun for example_python_operator to None, run_after=None
[2026-05-21T08:16:30.294+0000] {processor.py:183} INFO - Processing /home/airflow/.local/lib/python3.12/site-packages/airflow/example_dags/example_python_operator.py took 0.272 seconds
[2026-05-21T08:17:02.413+0000] {processor.py:161} INFO - Started process (PID=2663) to work on /home/airflow/.local/lib/python3.12/site-packages/airflow/example_dags/example_python_operator.py
[2026-05-21T08:17:02.419+0000] {processor.py:830} INFO - Processing file /home/airflow/.local/lib/python3.12/site-packages/airflow/example_dags/example_python_operator.py for tasks to queue
[2026-05-21T08:17:02.433+0000] {logging_mixin.py:188} INFO - [2026-05-21T08:17:02.436+0000] {dagbag.py:545} INFO - Filling up the DagBag from /home/airflow/.local/lib/python3.12/site-packages/airflow/example_dags/example_python_operator.py
[2026-05-21T08:17:02.533+0000] {processor.py:840} INFO - DAG(s) 'example_python_operator' retrieved from /home/airflow/.local/lib/python3.12/site-packages/airflow/example_dags/example_python_operator.py
[2026-05-21T08:17:02.689+0000] {logging_mixin.py:188} INFO - [2026-05-21T08:17:02.688+0000] {dag.py:3089} INFO - Sync 1 DAGs
[2026-05-21T08:17:02.775+0000] {logging_mixin.py:188} INFO - [2026-05-21T08:17:02.774+0000] {dag.py:3947} INFO - Setting next_dagrun for example_python_operator to None, run_after=None
[2026-05-21T08:17:02.843+0000] {processor.py:183} INFO - Processing /home/airflow/.local/lib/python3.12/site-packages/airflow/example_dags/example_python_operator.py took 0.492 seconds
[2026-05-21T08:17:33.043+0000] {processor.py:161} INFO - Started process (PID=2723) to work on /home/airflow/.local/lib/python3.12/site-packages/airflow/example_dags/example_python_operator.py
[2026-05-21T08:17:33.046+0000] {processor.py:830} INFO - Processing file /home/airflow/.local/lib/python3.12/site-packages/airflow/example_dags/example_python_operator.py for tasks to queue
[2026-05-21T08:17:33.052+0000] {logging_mixin.py:188} INFO - [2026-05-21T08:17:33.051+0000] {dagbag.py:545} INFO - Filling up the DagBag from /home/airflow/.local/lib/python3.12/site-packages/airflow/example_dags/example_python_operator.py
[2026-05-21T08:17:33.081+0000] {processor.py:840} INFO - DAG(s) 'example_python_operator' retrieved from /home/airflow/.local/lib/python3.12/site-packages/airflow/example_dags/example_python_operator.py
[2026-05-21T08:17:33.140+0000] {logging_mixin.py:188} INFO - [2026-05-21T08:17:33.139+0000] {dag.py:3089} INFO - Sync 1 DAGs
[2026-05-21T08:17:33.172+0000] {logging_mixin.py:188} INFO - [2026-05-21T08:17:33.171+0000] {dag.py:3947} INFO - Setting next_dagrun for example_python_operator to None, run_after=None
[2026-05-21T08:17:33.234+0000] {processor.py:183} INFO - Processing /home/airflow/.local/lib/python3.12/site-packages/airflow/example_dags/example_python_operator.py took 0.210 seconds
[2026-05-21T08:18:06.797+0000] {processor.py:161} INFO - Started process (PID=2783) to work on /home/airflow/.local/lib/python3.12/site-packages/airflow/example_dags/example_python_operator.py
[2026-05-21T08:18:06.799+0000] {processor.py:830} INFO - Processing file /home/airflow/.local/lib/python3.12/site-packages/airflow/example_dags/example_python_operator.py for tasks to queue
[2026-05-21T08:18:06.805+0000] {logging_mixin.py:188} INFO - [2026-05-21T08:18:06.804+0000] {dagbag.py:545} INFO - Filling up the DagBag from /home/airflow/.local/lib/python3.12/site-packages/airflow/example_dags/example_python_operator.py
[2026-05-21T08:18:06.829+0000] {processor.py:840} INFO - DAG(s) 'example_python_operator' retrieved from /home/airflow/.local/lib/python3.12/site-packages/airflow/example_dags/example_python_operator.py
[2026-05-21T08:18:06.887+0000] {logging_mixin.py:188} INFO - [2026-05-21T08:18:06.886+0000] {dag.py:3089} INFO - Sync 1 DAGs
[2026-05-21T08:18:06.922+0000] {logging_mixin.py:188} INFO - [2026-05-21T08:18:06.922+0000] {dag.py:3947} INFO - Setting next_dagrun for example_python_operator to None, run_after=None
[2026-05-21T08:18:06.979+0000] {processor.py:183} INFO - Processing /home/airflow/.local/lib/python3.12/site-packages/airflow/example_dags/example_python_operator.py took 0.198 seconds
[2026-05-21T08:18:44.325+0000] {processor.py:161} INFO - Started process (PID=2843) to work on /home/airflow/.local/lib/python3.12/site-packages/airflow/example_dags/example_python_operator.py
[2026-05-21T08:18:44.328+0000] {processor.py:830} INFO - Processing file /home/airflow/.local/lib/python3.12/site-packages/airflow/example_dags/example_python_operator.py for tasks to queue
[2026-05-21T08:18:44.337+0000] {logging_mixin.py:188} INFO - [2026-05-21T08:18:44.335+0000] {dagbag.py:545} INFO - Filling up the DagBag from /home/airflow/.local/lib/python3.12/site-packages/airflow/example_dags/example_python_operator.py
[2026-05-21T08:18:44.365+0000] {processor.py:840} INFO - DAG(s) 'example_python_operator' retrieved from /home/airflow/.local/lib/python3.12/site-packages/airflow/example_dags/example_python_operator.py
[2026-05-21T08:18:44.456+0000] {logging_mixin.py:188} INFO - [2026-05-21T08:18:44.455+0000] {dag.py:3089} INFO - Sync 1 DAGs
[2026-05-21T08:18:44.513+0000] {logging_mixin.py:188} INFO - [2026-05-21T08:18:44.512+0000] {dag.py:3947} INFO - Setting next_dagrun for example_python_operator to None, run_after=None
[2026-05-21T08:18:44.580+0000] {processor.py:183} INFO - Processing /home/airflow/.local/lib/python3.12/site-packages/airflow/example_dags/example_python_operator.py took 0.276 seconds
[2026-05-21T08:19:14.913+0000] {processor.py:161} INFO - Started process (PID=2902) to work on /home/airflow/.local/lib/python3.12/site-packages/airflow/example_dags/example_python_operator.py
[2026-05-21T08:19:14.916+0000] {processor.py:830} INFO - Processing file /home/airflow/.local/lib/python3.12/site-packages/airflow/example_dags/example_python_operator.py for tasks to queue
[2026-05-21T08:19:14.922+0000] {logging_mixin.py:188} INFO - [2026-05-21T08:19:14.921+0000] {dagbag.py:545} INFO - Filling up the DagBag from /home/airflow/.local/lib/python3.12/site-packages/airflow/example_dags/example_python_operator.py
[2026-05-21T08:19:14.965+0000] {processor.py:840} INFO - DAG(s) 'example_python_operator' retrieved from /home/airflow/.local/lib/python3.12/site-packages/airflow/example_dags/example_python_operator.py
[2026-05-21T08:19:15.141+0000] {logging_mixin.py:188} INFO - [2026-05-21T08:19:15.140+0000] {dag.py:3089} INFO - Sync 1 DAGs
[2026-05-21T08:19:15.222+0000] {logging_mixin.py:188} INFO - [2026-05-21T08:19:15.220+0000] {dag.py:3947} INFO - Setting next_dagrun for example_python_operator to None, run_after=None
[2026-05-21T08:19:15.330+0000] {processor.py:183} INFO - Processing /home/airflow/.local/lib/python3.12/site-packages/airflow/example_dags/example_python_operator.py took 0.439 seconds
[2026-05-21T08:19:45.769+0000] {processor.py:161} INFO - Started process (PID=2962) to work on /home/airflow/.local/lib/python3.12/site-packages/airflow/example_dags/example_python_operator.py
[2026-05-21T08:19:45.773+0000] {processor.py:830} INFO - Processing file /home/airflow/.local/lib/python3.12/site-packages/airflow/example_dags/example_python_operator.py for tasks to queue
[2026-05-21T08:19:45.778+0000] {logging_mixin.py:188} INFO - [2026-05-21T08:19:45.777+0000] {dagbag.py:545} INFO - Filling up the DagBag from /home/airflow/.local/lib/python3.12/site-packages/airflow/example_dags/example_python_operator.py
[2026-05-21T08:19:45.811+0000] {processor.py:840} INFO - DAG(s) 'example_python_operator' retrieved from /home/airflow/.local/lib/python3.12/site-packages/airflow/example_dags/example_python_operator.py
[2026-05-21T08:19:45.895+0000] {logging_mixin.py:188} INFO - [2026-05-21T08:19:45.894+0000] {dag.py:3089} INFO - Sync 1 DAGs
[2026-05-21T08:19:45.956+0000] {logging_mixin.py:188} INFO - [2026-05-21T08:19:45.955+0000] {dag.py:3947} INFO - Setting next_dagrun for example_python_operator to None, run_after=None
[2026-05-21T08:19:46.052+0000] {processor.py:183} INFO - Processing /home/airflow/.local/lib/python3.12/site-packages/airflow/example_dags/example_python_operator.py took 0.298 seconds
[2026-05-21T08:20:16.975+0000] {processor.py:161} INFO - Started process (PID=3022) to work on /home/airflow/.local/lib/python3.12/site-packages/airflow/example_dags/example_python_operator.py
[2026-05-21T08:20:16.980+0000] {processor.py:830} INFO - Processing file /home/airflow/.local/lib/python3.12/site-packages/airflow/example_dags/example_python_operator.py for tasks to queue
[2026-05-21T08:20:16.987+0000] {logging_mixin.py:188} INFO - [2026-05-21T08:20:16.985+0000] {dagbag.py:545} INFO - Filling up the DagBag from /home/airflow/.local/lib/python3.12/site-packages/airflow/example_dags/example_python_operator.py
[2026-05-21T08:20:17.033+0000] {processor.py:840} INFO - DAG(s) 'example_python_operator' retrieved from /home/airflow/.local/lib/python3.12/site-packages/airflow/example_dags/example_python_operator.py
[2026-05-21T08:20:17.101+0000] {logging_mixin.py:188} INFO - [2026-05-21T08:20:17.101+0000] {dag.py:3089} INFO - Sync 1 DAGs
[2026-05-21T08:20:17.143+0000] {logging_mixin.py:188} INFO - [2026-05-21T08:20:17.143+0000] {dag.py:3947} INFO - Setting next_dagrun for example_python_operator to None, run_after=None
[2026-05-21T08:20:17.195+0000] {processor.py:183} INFO - Processing /home/airflow/.local/lib/python3.12/site-packages/airflow/example_dags/example_python_operator.py took 0.241 seconds
[2026-05-21T08:20:47.956+0000] {processor.py:161} INFO - Started process (PID=3083) to work on /home/airflow/.local/lib/python3.12/site-packages/airflow/example_dags/example_python_operator.py
[2026-05-21T08:20:47.959+0000] {processor.py:830} INFO - Processing file /home/airflow/.local/lib/python3.12/site-packages/airflow/example_dags/example_python_operator.py for tasks to queue
[2026-05-21T08:20:47.966+0000] {logging_mixin.py:188} INFO - [2026-05-21T08:20:47.965+0000] {dagbag.py:545} INFO - Filling up the DagBag from /home/airflow/.local/lib/python3.12/site-packages/airflow/example_dags/example_python_operator.py
[2026-05-21T08:20:47.994+0000] {processor.py:840} INFO - DAG(s) 'example_python_operator' retrieved from /home/airflow/.local/lib/python3.12/site-packages/airflow/example_dags/example_python_operator.py
[2026-05-21T08:20:48.056+0000] {logging_mixin.py:188} INFO - [2026-05-21T08:20:48.055+0000] {dag.py:3089} INFO - Sync 1 DAGs
[2026-05-21T08:20:48.091+0000] {logging_mixin.py:188} INFO - [2026-05-21T08:20:48.091+0000] {dag.py:3947} INFO - Setting next_dagrun for example_python_operator to None, run_after=None
[2026-05-21T08:20:48.164+0000] {processor.py:183} INFO - Processing /home/airflow/.local/lib/python3.12/site-packages/airflow/example_dags/example_python_operator.py took 0.229 seconds
[2026-05-21T08:21:19.130+0000] {processor.py:161} INFO - Started process (PID=3143) to work on /home/airflow/.local/lib/python3.12/site-packages/airflow/example_dags/example_python_operator.py
[2026-05-21T08:21:19.139+0000] {processor.py:830} INFO - Processing file /home/airflow/.local/lib/python3.12/site-packages/airflow/example_dags/example_python_operator.py for tasks to queue
[2026-05-21T08:21:19.168+0000] {logging_mixin.py:188} INFO - [2026-05-21T08:21:19.166+0000] {dagbag.py:545} INFO - Filling up the DagBag from /home/airflow/.local/lib/python3.12/site-packages/airflow/example_dags/example_python_operator.py
[2026-05-21T08:21:19.287+0000] {processor.py:840} INFO - DAG(s) 'example_python_operator' retrieved from /home/airflow/.local/lib/python3.12/site-packages/airflow/example_dags/example_python_operator.py
[2026-05-21T08:21:19.426+0000] {logging_mixin.py:188} INFO - [2026-05-21T08:21:19.425+0000] {dag.py:3089} INFO - Sync 1 DAGs
[2026-05-21T08:21:19.496+0000] {logging_mixin.py:188} INFO - [2026-05-21T08:21:19.495+0000] {dag.py:3947} INFO - Setting next_dagrun for example_python_operator to None, run_after=None
[2026-05-21T08:21:19.567+0000] {processor.py:183} INFO - Processing /home/airflow/.local/lib/python3.12/site-packages/airflow/example_dags/example_python_operator.py took 0.505 seconds
[2026-05-21T08:21:50.708+0000] {processor.py:161} INFO - Started process (PID=3203) to work on /home/airflow/.local/lib/python3.12/site-packages/airflow/example_dags/example_python_operator.py
[2026-05-21T08:21:50.716+0000] {processor.py:830} INFO - Processing file /home/airflow/.local/lib/python3.12/site-packages/airflow/example_dags/example_python_operator.py for tasks to queue
[2026-05-21T08:21:50.725+0000] {logging_mixin.py:188} INFO - [2026-05-21T08:21:50.723+0000] {dagbag.py:545} INFO - Filling up the DagBag from /home/airflow/.local/lib/python3.12/site-packages/airflow/example_dags/example_python_operator.py
[2026-05-21T08:21:50.776+0000] {processor.py:840} INFO - DAG(s) 'example_python_operator' retrieved from /home/airflow/.local/lib/python3.12/site-packages/airflow/example_dags/example_python_operator.py
[2026-05-21T08:21:50.863+0000] {logging_mixin.py:188} INFO - [2026-05-21T08:21:50.862+0000] {dag.py:3089} INFO - Sync 1 DAGs
[2026-05-21T08:21:50.919+0000] {logging_mixin.py:188} INFO - [2026-05-21T08:21:50.917+0000] {dag.py:3947} INFO - Setting next_dagrun for example_python_operator to None, run_after=None
[2026-05-21T08:21:51.061+0000] {processor.py:183} INFO - Processing /home/airflow/.local/lib/python3.12/site-packages/airflow/example_dags/example_python_operator.py took 0.376 seconds
[2026-05-21T08:22:21.283+0000] {processor.py:161} INFO - Started process (PID=3263) to work on /home/airflow/.local/lib/python3.12/site-packages/airflow/example_dags/example_python_operator.py
[2026-05-21T08:22:21.286+0000] {processor.py:830} INFO - Processing file /home/airflow/.local/lib/python3.12/site-packages/airflow/example_dags/example_python_operator.py for tasks to queue
[2026-05-21T08:22:21.293+0000] {logging_mixin.py:188} INFO - [2026-05-21T08:22:21.292+0000] {dagbag.py:545} INFO - Filling up the DagBag from /home/airflow/.local/lib/python3.12/site-packages/airflow/example_dags/example_python_operator.py
[2026-05-21T08:22:21.327+0000] {processor.py:840} INFO - DAG(s) 'example_python_operator' retrieved from /home/airflow/.local/lib/python3.12/site-packages/airflow/example_dags/example_python_operator.py
[2026-05-21T08:22:21.425+0000] {logging_mixin.py:188} INFO - [2026-05-21T08:22:21.424+0000] {dag.py:3089} INFO - Sync 1 DAGs
[2026-05-21T08:22:21.491+0000] {logging_mixin.py:188} INFO - [2026-05-21T08:22:21.489+0000] {dag.py:3947} INFO - Setting next_dagrun for example_python_operator to None, run_after=None
[2026-05-21T08:22:21.591+0000] {processor.py:183} INFO - Processing /home/airflow/.local/lib/python3.12/site-packages/airflow/example_dags/example_python_operator.py took 0.328 seconds
[2026-05-21T08:22:52.682+0000] {processor.py:161} INFO - Started process (PID=3329) to work on /home/airflow/.local/lib/python3.12/site-packages/airflow/example_dags/example_python_operator.py
[2026-05-21T08:22:52.686+0000] {processor.py:830} INFO - Processing file /home/airflow/.local/lib/python3.12/site-packages/airflow/example_dags/example_python_operator.py for tasks to queue
[2026-05-21T08:22:52.693+0000] {logging_mixin.py:188} INFO - [2026-05-21T08:22:52.692+0000] {dagbag.py:545} INFO - Filling up the DagBag from /home/airflow/.local/lib/python3.12/site-packages/airflow/example_dags/example_python_operator.py
[2026-05-21T08:22:52.737+0000] {processor.py:840} INFO - DAG(s) 'example_python_operator' retrieved from /home/airflow/.local/lib/python3.12/site-packages/airflow/example_dags/example_python_operator.py
[2026-05-21T08:22:52.818+0000] {logging_mixin.py:188} INFO - [2026-05-21T08:22:52.817+0000] {dag.py:3089} INFO - Sync 1 DAGs
[2026-05-21T08:22:52.859+0000] {logging_mixin.py:188} INFO - [2026-05-21T08:22:52.858+0000] {dag.py:3947} INFO - Setting next_dagrun for example_python_operator to None, run_after=None
[2026-05-21T08:22:52.955+0000] {processor.py:183} INFO - Processing /home/airflow/.local/lib/python3.12/site-packages/airflow/example_dags/example_python_operator.py took 0.298 seconds
[2026-05-21T08:23:23.394+0000] {processor.py:161} INFO - Started process (PID=3389) to work on /home/airflow/.local/lib/python3.12/site-packages/airflow/example_dags/example_python_operator.py
[2026-05-21T08:23:23.397+0000] {processor.py:830} INFO - Processing file /home/airflow/.local/lib/python3.12/site-packages/airflow/example_dags/example_python_operator.py for tasks to queue
[2026-05-21T08:23:23.403+0000] {logging_mixin.py:188} INFO - [2026-05-21T08:23:23.402+0000] {dagbag.py:545} INFO - Filling up the DagBag from /home/airflow/.local/lib/python3.12/site-packages/airflow/example_dags/example_python_operator.py
[2026-05-21T08:23:23.428+0000] {processor.py:840} INFO - DAG(s) 'example_python_operator' retrieved from /home/airflow/.local/lib/python3.12/site-packages/airflow/example_dags/example_python_operator.py
[2026-05-21T08:23:23.514+0000] {logging_mixin.py:188} INFO - [2026-05-21T08:23:23.513+0000] {dag.py:3089} INFO - Sync 1 DAGs
[2026-05-21T08:23:23.559+0000] {logging_mixin.py:188} INFO - [2026-05-21T08:23:23.558+0000] {dag.py:3947} INFO - Setting next_dagrun for example_python_operator to None, run_after=None
[2026-05-21T08:23:23.609+0000] {processor.py:183} INFO - Processing /home/airflow/.local/lib/python3.12/site-packages/airflow/example_dags/example_python_operator.py took 0.236 seconds
[2026-05-21T08:23:55.762+0000] {processor.py:161} INFO - Started process (PID=3449) to work on /home/airflow/.local/lib/python3.12/site-packages/airflow/example_dags/example_python_operator.py
[2026-05-21T08:23:55.766+0000] {processor.py:830} INFO - Processing file /home/airflow/.local/lib/python3.12/site-packages/airflow/example_dags/example_python_operator.py for tasks to queue
[2026-05-21T08:23:55.773+0000] {logging_mixin.py:188} INFO - [2026-05-21T08:23:55.772+0000] {dagbag.py:545} INFO - Filling up the DagBag from /home/airflow/.local/lib/python3.12/site-packages/airflow/example_dags/example_python_operator.py
[2026-05-21T08:23:55.817+0000] {processor.py:840} INFO - DAG(s) 'example_python_operator' retrieved from /home/airflow/.local/lib/python3.12/site-packages/airflow/example_dags/example_python_operator.py
[2026-05-21T08:23:55.917+0000] {logging_mixin.py:188} INFO - [2026-05-21T08:23:55.917+0000] {dag.py:3089} INFO - Sync 1 DAGs
[2026-05-21T08:23:55.948+0000] {logging_mixin.py:188} INFO - [2026-05-21T08:23:55.947+0000] {dag.py:3947} INFO - Setting next_dagrun for example_python_operator to None, run_after=None
[2026-05-21T08:23:55.993+0000] {processor.py:183} INFO - Processing /home/airflow/.local/lib/python3.12/site-packages/airflow/example_dags/example_python_operator.py took 0.249 seconds
[2026-05-21T08:24:26.337+0000] {processor.py:161} INFO - Started process (PID=3506) to work on /home/airflow/.local/lib/python3.12/site-packages/airflow/example_dags/example_python_operator.py
[2026-05-21T08:24:26.342+0000] {processor.py:830} INFO - Processing file /home/airflow/.local/lib/python3.12/site-packages/airflow/example_dags/example_python_operator.py for tasks to queue
[2026-05-21T08:24:26.354+0000] {logging_mixin.py:188} INFO - [2026-05-21T08:24:26.351+0000] {dagbag.py:545} INFO - Filling up the DagBag from /home/airflow/.local/lib/python3.12/site-packages/airflow/example_dags/example_python_operator.py
[2026-05-21T08:24:26.405+0000] {processor.py:840} INFO - DAG(s) 'example_python_operator' retrieved from /home/airflow/.local/lib/python3.12/site-packages/airflow/example_dags/example_python_operator.py
[2026-05-21T08:24:26.534+0000] {logging_mixin.py:188} INFO - [2026-05-21T08:24:26.533+0000] {dag.py:3089} INFO - Sync 1 DAGs
[2026-05-21T08:24:26.595+0000] {logging_mixin.py:188} INFO - [2026-05-21T08:24:26.593+0000] {dag.py:3947} INFO - Setting next_dagrun for example_python_operator to None, run_after=None
[2026-05-21T08:24:26.694+0000] {processor.py:183} INFO - Processing /home/airflow/.local/lib/python3.12/site-packages/airflow/example_dags/example_python_operator.py took 0.386 seconds
[2026-05-21T08:24:57.215+0000] {processor.py:161} INFO - Started process (PID=3566) to work on /home/airflow/.local/lib/python3.12/site-packages/airflow/example_dags/example_python_operator.py
[2026-05-21T08:24:57.220+0000] {processor.py:830} INFO - Processing file /home/airflow/.local/lib/python3.12/site-packages/airflow/example_dags/example_python_operator.py for tasks to queue
[2026-05-21T08:24:57.229+0000] {logging_mixin.py:188} INFO - [2026-05-21T08:24:57.227+0000] {dagbag.py:545} INFO - Filling up the DagBag from /home/airflow/.local/lib/python3.12/site-packages/airflow/example_dags/example_python_operator.py
[2026-05-21T08:24:57.275+0000] {processor.py:840} INFO - DAG(s) 'example_python_operator' retrieved from /home/airflow/.local/lib/python3.12/site-packages/airflow/example_dags/example_python_operator.py
[2026-05-21T08:24:57.348+0000] {logging_mixin.py:188} INFO - [2026-05-21T08:24:57.348+0000] {dag.py:3089} INFO - Sync 1 DAGs
[2026-05-21T08:24:57.380+0000] {logging_mixin.py:188} INFO - [2026-05-21T08:24:57.379+0000] {dag.py:3947} INFO - Setting next_dagrun for example_python_operator to None, run_after=None
[2026-05-21T08:24:57.435+0000] {processor.py:183} INFO - Processing /home/airflow/.local/lib/python3.12/site-packages/airflow/example_dags/example_python_operator.py took 0.245 seconds
[2026-05-21T08:25:27.853+0000] {processor.py:161} INFO - Started process (PID=3625) to work on /home/airflow/.local/lib/python3.12/site-packages/airflow/example_dags/example_python_operator.py
[2026-05-21T08:25:27.856+0000] {processor.py:830} INFO - Processing file /home/airflow/.local/lib/python3.12/site-packages/airflow/example_dags/example_python_operator.py for tasks to queue
[2026-05-21T08:25:27.863+0000] {logging_mixin.py:188} INFO - [2026-05-21T08:25:27.862+0000] {dagbag.py:545} INFO - Filling up the DagBag from /home/airflow/.local/lib/python3.12/site-packages/airflow/example_dags/example_python_operator.py
[2026-05-21T08:25:27.895+0000] {processor.py:840} INFO - DAG(s) 'example_python_operator' retrieved from /home/airflow/.local/lib/python3.12/site-packages/airflow/example_dags/example_python_operator.py
[2026-05-21T08:25:27.975+0000] {logging_mixin.py:188} INFO - [2026-05-21T08:25:27.975+0000] {dag.py:3089} INFO - Sync 1 DAGs
[2026-05-21T08:25:28.022+0000] {logging_mixin.py:188} INFO - [2026-05-21T08:25:28.021+0000] {dag.py:3947} INFO - Setting next_dagrun for example_python_operator to None, run_after=None
[2026-05-21T08:25:28.103+0000] {processor.py:183} INFO - Processing /home/airflow/.local/lib/python3.12/site-packages/airflow/example_dags/example_python_operator.py took 0.266 seconds
[2026-05-21T08:25:59.558+0000] {processor.py:161} INFO - Started process (PID=3684) to work on /home/airflow/.local/lib/python3.12/site-packages/airflow/example_dags/example_python_operator.py
[2026-05-21T08:25:59.561+0000] {processor.py:830} INFO - Processing file /home/airflow/.local/lib/python3.12/site-packages/airflow/example_dags/example_python_operator.py for tasks to queue
[2026-05-21T08:25:59.566+0000] {logging_mixin.py:188} INFO - [2026-05-21T08:25:59.566+0000] {dagbag.py:545} INFO - Filling up the DagBag from /home/airflow/.local/lib/python3.12/site-packages/airflow/example_dags/example_python_operator.py
[2026-05-21T08:25:59.588+0000] {processor.py:840} INFO - DAG(s) 'example_python_operator' retrieved from /home/airflow/.local/lib/python3.12/site-packages/airflow/example_dags/example_python_operator.py
[2026-05-21T08:25:59.640+0000] {logging_mixin.py:188} INFO - [2026-05-21T08:25:59.640+0000] {dag.py:3089} INFO - Sync 1 DAGs
[2026-05-21T08:25:59.692+0000] {logging_mixin.py:188} INFO - [2026-05-21T08:25:59.692+0000] {dag.py:3947} INFO - Setting next_dagrun for example_python_operator to None, run_after=None
[2026-05-21T08:25:59.765+0000] {processor.py:183} INFO - Processing /home/airflow/.local/lib/python3.12/site-packages/airflow/example_dags/example_python_operator.py took 0.221 seconds
[2026-05-21T08:26:30.531+0000] {processor.py:161} INFO - Started process (PID=3744) to work on /home/airflow/.local/lib/python3.12/site-packages/airflow/example_dags/example_python_operator.py
[2026-05-21T08:26:30.534+0000] {processor.py:830} INFO - Processing file /home/airflow/.local/lib/python3.12/site-packages/airflow/example_dags/example_python_operator.py for tasks to queue
[2026-05-21T08:26:30.540+0000] {logging_mixin.py:188} INFO - [2026-05-21T08:26:30.539+0000] {dagbag.py:545} INFO - Filling up the DagBag from /home/airflow/.local/lib/python3.12/site-packages/airflow/example_dags/example_python_operator.py
[2026-05-21T08:26:30.568+0000] {processor.py:840} INFO - DAG(s) 'example_python_operator' retrieved from /home/airflow/.local/lib/python3.12/site-packages/airflow/example_dags/example_python_operator.py
[2026-05-21T08:26:30.631+0000] {logging_mixin.py:188} INFO - [2026-05-21T08:26:30.631+0000] {dag.py:3089} INFO - Sync 1 DAGs
[2026-05-21T08:26:30.668+0000] {logging_mixin.py:188} INFO - [2026-05-21T08:26:30.668+0000] {dag.py:3947} INFO - Setting next_dagrun for example_python_operator to None, run_after=None
[2026-05-21T08:26:30.743+0000] {processor.py:183} INFO - Processing /home/airflow/.local/lib/python3.12/site-packages/airflow/example_dags/example_python_operator.py took 0.228 seconds
[2026-05-21T08:27:00.928+0000] {processor.py:161} INFO - Started process (PID=3802) to work on /home/airflow/.local/lib/python3.12/site-packages/airflow/example_dags/example_python_operator.py
[2026-05-21T08:27:00.932+0000] {processor.py:830} INFO - Processing file /home/airflow/.local/lib/python3.12/site-packages/airflow/example_dags/example_python_operator.py for tasks to queue
[2026-05-21T08:27:00.940+0000] {logging_mixin.py:188} INFO - [2026-05-21T08:27:00.939+0000] {dagbag.py:545} INFO - Filling up the DagBag from /home/airflow/.local/lib/python3.12/site-packages/airflow/example_dags/example_python_operator.py
[2026-05-21T08:27:00.988+0000] {processor.py:840} INFO - DAG(s) 'example_python_operator' retrieved from /home/airflow/.local/lib/python3.12/site-packages/airflow/example_dags/example_python_operator.py
[2026-05-21T08:27:01.069+0000] {logging_mixin.py:188} INFO - [2026-05-21T08:27:01.068+0000] {dag.py:3089} INFO - Sync 1 DAGs
[2026-05-21T08:27:01.109+0000] {logging_mixin.py:188} INFO - [2026-05-21T08:27:01.109+0000] {dag.py:3947} INFO - Setting next_dagrun for example_python_operator to None, run_after=None
[2026-05-21T08:27:01.175+0000] {processor.py:183} INFO - Processing /home/airflow/.local/lib/python3.12/site-packages/airflow/example_dags/example_python_operator.py took 0.269 seconds
[2026-05-21T08:27:31.577+0000] {processor.py:161} INFO - Started process (PID=3862) to work on /home/airflow/.local/lib/python3.12/site-packages/airflow/example_dags/example_python_operator.py
[2026-05-21T08:27:31.582+0000] {processor.py:830} INFO - Processing file /home/airflow/.local/lib/python3.12/site-packages/airflow/example_dags/example_python_operator.py for tasks to queue
[2026-05-21T08:27:31.591+0000] {logging_mixin.py:188} INFO - [2026-05-21T08:27:31.589+0000] {dagbag.py:545} INFO - Filling up the DagBag from /home/airflow/.local/lib/python3.12/site-packages/airflow/example_dags/example_python_operator.py
[2026-05-21T08:27:31.635+0000] {processor.py:840} INFO - DAG(s) 'example_python_operator' retrieved from /home/airflow/.local/lib/python3.12/site-packages/airflow/example_dags/example_python_operator.py
[2026-05-21T08:27:31.768+0000] {logging_mixin.py:188} INFO - [2026-05-21T08:27:31.767+0000] {dag.py:3089} INFO - Sync 1 DAGs
[2026-05-21T08:27:31.832+0000] {logging_mixin.py:188} INFO - [2026-05-21T08:27:31.831+0000] {dag.py:3947} INFO - Setting next_dagrun for example_python_operator to None, run_after=None
[2026-05-21T08:27:31.900+0000] {processor.py:183} INFO - Processing /home/airflow/.local/lib/python3.12/site-packages/airflow/example_dags/example_python_operator.py took 0.346 seconds
[2026-05-21T08:28:02.488+0000] {processor.py:161} INFO - Started process (PID=3922) to work on /home/airflow/.local/lib/python3.12/site-packages/airflow/example_dags/example_python_operator.py
[2026-05-21T08:28:02.501+0000] {processor.py:830} INFO - Processing file /home/airflow/.local/lib/python3.12/site-packages/airflow/example_dags/example_python_operator.py for tasks to queue
[2026-05-21T08:28:02.554+0000] {logging_mixin.py:188} INFO - [2026-05-21T08:28:02.523+0000] {dagbag.py:545} INFO - Filling up the DagBag from /home/airflow/.local/lib/python3.12/site-packages/airflow/example_dags/example_python_operator.py
[2026-05-21T08:28:02.628+0000] {processor.py:840} INFO - DAG(s) 'example_python_operator' retrieved from /home/airflow/.local/lib/python3.12/site-packages/airflow/example_dags/example_python_operator.py
[2026-05-21T08:28:02.704+0000] {logging_mixin.py:188} INFO - [2026-05-21T08:28:02.703+0000] {dag.py:3089} INFO - Sync 1 DAGs
[2026-05-21T08:28:02.740+0000] {logging_mixin.py:188} INFO - [2026-05-21T08:28:02.739+0000] {dag.py:3947} INFO - Setting next_dagrun for example_python_operator to None, run_after=None
[2026-05-21T08:28:02.798+0000] {processor.py:183} INFO - Processing /home/airflow/.local/lib/python3.12/site-packages/airflow/example_dags/example_python_operator.py took 0.425 seconds
[2026-05-21T08:28:33.949+0000] {processor.py:161} INFO - Started process (PID=3982) to work on /home/airflow/.local/lib/python3.12/site-packages/airflow/example_dags/example_python_operator.py
[2026-05-21T08:28:33.954+0000] {processor.py:830} INFO - Processing file /home/airflow/.local/lib/python3.12/site-packages/airflow/example_dags/example_python_operator.py for tasks to queue
[2026-05-21T08:28:33.960+0000] {logging_mixin.py:188} INFO - [2026-05-21T08:28:33.959+0000] {dagbag.py:545} INFO - Filling up the DagBag from /home/airflow/.local/lib/python3.12/site-packages/airflow/example_dags/example_python_operator.py
[2026-05-21T08:28:33.995+0000] {processor.py:840} INFO - DAG(s) 'example_python_operator' retrieved from /home/airflow/.local/lib/python3.12/site-packages/airflow/example_dags/example_python_operator.py
[2026-05-21T08:28:34.078+0000] {logging_mixin.py:188} INFO - [2026-05-21T08:28:34.077+0000] {dag.py:3089} INFO - Sync 1 DAGs
[2026-05-21T08:28:34.124+0000] {logging_mixin.py:188} INFO - [2026-05-21T08:28:34.123+0000] {dag.py:3947} INFO - Setting next_dagrun for example_python_operator to None, run_after=None
[2026-05-21T08:28:34.238+0000] {processor.py:183} INFO - Processing /home/airflow/.local/lib/python3.12/site-packages/airflow/example_dags/example_python_operator.py took 0.319 seconds
[2026-05-21T08:29:04.431+0000] {processor.py:161} INFO - Started process (PID=4042) to work on /home/airflow/.local/lib/python3.12/site-packages/airflow/example_dags/example_python_operator.py
[2026-05-21T08:29:04.435+0000] {processor.py:830} INFO - Processing file /home/airflow/.local/lib/python3.12/site-packages/airflow/example_dags/example_python_operator.py for tasks to queue
[2026-05-21T08:29:04.442+0000] {logging_mixin.py:188} INFO - [2026-05-21T08:29:04.441+0000] {dagbag.py:545} INFO - Filling up the DagBag from /home/airflow/.local/lib/python3.12/site-packages/airflow/example_dags/example_python_operator.py
[2026-05-21T08:29:04.470+0000] {processor.py:840} INFO - DAG(s) 'example_python_operator' retrieved from /home/airflow/.local/lib/python3.12/site-packages/airflow/example_dags/example_python_operator.py
[2026-05-21T08:29:04.531+0000] {logging_mixin.py:188} INFO - [2026-05-21T08:29:04.530+0000] {dag.py:3089} INFO - Sync 1 DAGs
[2026-05-21T08:29:04.569+0000] {logging_mixin.py:188} INFO - [2026-05-21T08:29:04.567+0000] {dag.py:3947} INFO - Setting next_dagrun for example_python_operator to None, run_after=None
[2026-05-21T08:29:04.639+0000] {processor.py:183} INFO - Processing /home/airflow/.local/lib/python3.12/site-packages/airflow/example_dags/example_python_operator.py took 0.224 seconds
[2026-05-21T08:29:34.975+0000] {processor.py:161} INFO - Started process (PID=4102) to work on /home/airflow/.local/lib/python3.12/site-packages/airflow/example_dags/example_python_operator.py
[2026-05-21T08:29:34.980+0000] {processor.py:830} INFO - Processing file /home/airflow/.local/lib/python3.12/site-packages/airflow/example_dags/example_python_operator.py for tasks to queue
[2026-05-21T08:29:34.986+0000] {logging_mixin.py:188} INFO - [2026-05-21T08:29:34.985+0000] {dagbag.py:545} INFO - Filling up the DagBag from /home/airflow/.local/lib/python3.12/site-packages/airflow/example_dags/example_python_operator.py
[2026-05-21T08:29:35.022+0000] {processor.py:840} INFO - DAG(s) 'example_python_operator' retrieved from /home/airflow/.local/lib/python3.12/site-packages/airflow/example_dags/example_python_operator.py
[2026-05-21T08:29:35.091+0000] {logging_mixin.py:188} INFO - [2026-05-21T08:29:35.090+0000] {dag.py:3089} INFO - Sync 1 DAGs
[2026-05-21T08:29:35.127+0000] {logging_mixin.py:188} INFO - [2026-05-21T08:29:35.126+0000] {dag.py:3947} INFO - Setting next_dagrun for example_python_operator to None, run_after=None
[2026-05-21T08:29:35.185+0000] {processor.py:183} INFO - Processing /home/airflow/.local/lib/python3.12/site-packages/airflow/example_dags/example_python_operator.py took 0.236 seconds
[2026-05-21T08:30:05.752+0000] {processor.py:161} INFO - Started process (PID=4162) to work on /home/airflow/.local/lib/python3.12/site-packages/airflow/example_dags/example_python_operator.py
[2026-05-21T08:30:05.756+0000] {processor.py:830} INFO - Processing file /home/airflow/.local/lib/python3.12/site-packages/airflow/example_dags/example_python_operator.py for tasks to queue
[2026-05-21T08:30:05.764+0000] {logging_mixin.py:188} INFO - [2026-05-21T08:30:05.762+0000] {dagbag.py:545} INFO - Filling up the DagBag from /home/airflow/.local/lib/python3.12/site-packages/airflow/example_dags/example_python_operator.py
[2026-05-21T08:30:05.796+0000] {processor.py:840} INFO - DAG(s) 'example_python_operator' retrieved from /home/airflow/.local/lib/python3.12/site-packages/airflow/example_dags/example_python_operator.py
[2026-05-21T08:30:05.862+0000] {logging_mixin.py:188} INFO - [2026-05-21T08:30:05.862+0000] {dag.py:3089} INFO - Sync 1 DAGs
[2026-05-21T08:30:05.898+0000] {logging_mixin.py:188} INFO - [2026-05-21T08:30:05.897+0000] {dag.py:3947} INFO - Setting next_dagrun for example_python_operator to None, run_after=None
[2026-05-21T08:30:05.953+0000] {processor.py:183} INFO - Processing /home/airflow/.local/lib/python3.12/site-packages/airflow/example_dags/example_python_operator.py took 0.220 seconds
[2026-05-21T08:30:36.598+0000] {processor.py:161} INFO - Started process (PID=4222) to work on /home/airflow/.local/lib/python3.12/site-packages/airflow/example_dags/example_python_operator.py
[2026-05-21T08:30:36.603+0000] {processor.py:830} INFO - Processing file /home/airflow/.local/lib/python3.12/site-packages/airflow/example_dags/example_python_operator.py for tasks to queue
[2026-05-21T08:30:36.610+0000] {logging_mixin.py:188} INFO - [2026-05-21T08:30:36.609+0000] {dagbag.py:545} INFO - Filling up the DagBag from /home/airflow/.local/lib/python3.12/site-packages/airflow/example_dags/example_python_operator.py
[2026-05-21T08:30:36.673+0000] {processor.py:840} INFO - DAG(s) 'example_python_operator' retrieved from /home/airflow/.local/lib/python3.12/site-packages/airflow/example_dags/example_python_operator.py
[2026-05-21T08:30:36.859+0000] {logging_mixin.py:188} INFO - [2026-05-21T08:30:36.858+0000] {dag.py:3089} INFO - Sync 1 DAGs
[2026-05-21T08:30:36.930+0000] {logging_mixin.py:188} INFO - [2026-05-21T08:30:36.929+0000] {dag.py:3947} INFO - Setting next_dagrun for example_python_operator to None, run_after=None
[2026-05-21T08:30:37.046+0000] {processor.py:183} INFO - Processing /home/airflow/.local/lib/python3.12/site-packages/airflow/example_dags/example_python_operator.py took 0.483 seconds
[2026-05-21T08:31:07.402+0000] {processor.py:161} INFO - Started process (PID=4283) to work on /home/airflow/.local/lib/python3.12/site-packages/airflow/example_dags/example_python_operator.py
[2026-05-21T08:31:07.405+0000] {processor.py:830} INFO - Processing file /home/airflow/.local/lib/python3.12/site-packages/airflow/example_dags/example_python_operator.py for tasks to queue
[2026-05-21T08:31:07.411+0000] {logging_mixin.py:188} INFO - [2026-05-21T08:31:07.410+0000] {dagbag.py:545} INFO - Filling up the DagBag from /home/airflow/.local/lib/python3.12/site-packages/airflow/example_dags/example_python_operator.py
[2026-05-21T08:31:07.438+0000] {processor.py:840} INFO - DAG(s) 'example_python_operator' retrieved from /home/airflow/.local/lib/python3.12/site-packages/airflow/example_dags/example_python_operator.py
[2026-05-21T08:31:07.500+0000] {logging_mixin.py:188} INFO - [2026-05-21T08:31:07.499+0000] {dag.py:3089} INFO - Sync 1 DAGs
[2026-05-21T08:31:07.536+0000] {logging_mixin.py:188} INFO - [2026-05-21T08:31:07.535+0000] {dag.py:3947} INFO - Setting next_dagrun for example_python_operator to None, run_after=None
[2026-05-21T08:31:07.594+0000] {processor.py:183} INFO - Processing /home/airflow/.local/lib/python3.12/site-packages/airflow/example_dags/example_python_operator.py took 0.206 seconds
[2026-05-21T08:31:38.173+0000] {processor.py:161} INFO - Started process (PID=4342) to work on /home/airflow/.local/lib/python3.12/site-packages/airflow/example_dags/example_python_operator.py
[2026-05-21T08:31:38.177+0000] {processor.py:830} INFO - Processing file /home/airflow/.local/lib/python3.12/site-packages/airflow/example_dags/example_python_operator.py for tasks to queue
[2026-05-21T08:31:38.183+0000] {logging_mixin.py:188} INFO - [2026-05-21T08:31:38.182+0000] {dagbag.py:545} INFO - Filling up the DagBag from /home/airflow/.local/lib/python3.12/site-packages/airflow/example_dags/example_python_operator.py
[2026-05-21T08:31:38.219+0000] {processor.py:840} INFO - DAG(s) 'example_python_operator' retrieved from /home/airflow/.local/lib/python3.12/site-packages/airflow/example_dags/example_python_operator.py
[2026-05-21T08:31:38.329+0000] {logging_mixin.py:188} INFO - [2026-05-21T08:31:38.328+0000] {dag.py:3089} INFO - Sync 1 DAGs
[2026-05-21T08:31:38.379+0000] {logging_mixin.py:188} INFO - [2026-05-21T08:31:38.379+0000] {dag.py:3947} INFO - Setting next_dagrun for example_python_operator to None, run_after=None
[2026-05-21T08:31:38.492+0000] {processor.py:183} INFO - Processing /home/airflow/.local/lib/python3.12/site-packages/airflow/example_dags/example_python_operator.py took 0.335 seconds
[2026-05-21T08:32:08.766+0000] {processor.py:161} INFO - Started process (PID=4402) to work on /home/airflow/.local/lib/python3.12/site-packages/airflow/example_dags/example_python_operator.py
[2026-05-21T08:32:08.770+0000] {processor.py:830} INFO - Processing file /home/airflow/.local/lib/python3.12/site-packages/airflow/example_dags/example_python_operator.py for tasks to queue
[2026-05-21T08:32:08.776+0000] {logging_mixin.py:188} INFO - [2026-05-21T08:32:08.775+0000] {dagbag.py:545} INFO - Filling up the DagBag from /home/airflow/.local/lib/python3.12/site-packages/airflow/example_dags/example_python_operator.py
[2026-05-21T08:32:08.807+0000] {processor.py:840} INFO - DAG(s) 'example_python_operator' retrieved from /home/airflow/.local/lib/python3.12/site-packages/airflow/example_dags/example_python_operator.py
[2026-05-21T08:32:08.882+0000] {logging_mixin.py:188} INFO - [2026-05-21T08:32:08.881+0000] {dag.py:3089} INFO - Sync 1 DAGs
[2026-05-21T08:32:08.914+0000] {logging_mixin.py:188} INFO - [2026-05-21T08:32:08.914+0000] {dag.py:3947} INFO - Setting next_dagrun for example_python_operator to None, run_after=None
[2026-05-21T08:32:08.995+0000] {processor.py:183} INFO - Processing /home/airflow/.local/lib/python3.12/site-packages/airflow/example_dags/example_python_operator.py took 0.246 seconds
[2026-05-21T08:32:40.223+0000] {processor.py:161} INFO - Started process (PID=4462) to work on /home/airflow/.local/lib/python3.12/site-packages/airflow/example_dags/example_python_operator.py
[2026-05-21T08:32:40.227+0000] {processor.py:830} INFO - Processing file /home/airflow/.local/lib/python3.12/site-packages/airflow/example_dags/example_python_operator.py for tasks to queue
[2026-05-21T08:32:40.235+0000] {logging_mixin.py:188} INFO - [2026-05-21T08:32:40.234+0000] {dagbag.py:545} INFO - Filling up the DagBag from /home/airflow/.local/lib/python3.12/site-packages/airflow/example_dags/example_python_operator.py
[2026-05-21T08:32:40.279+0000] {processor.py:840} INFO - DAG(s) 'example_python_operator' retrieved from /home/airflow/.local/lib/python3.12/site-packages/airflow/example_dags/example_python_operator.py
[2026-05-21T08:32:40.388+0000] {logging_mixin.py:188} INFO - [2026-05-21T08:32:40.387+0000] {dag.py:3089} INFO - Sync 1 DAGs
[2026-05-21T08:32:40.432+0000] {logging_mixin.py:188} INFO - [2026-05-21T08:32:40.431+0000] {dag.py:3947} INFO - Setting next_dagrun for example_python_operator to None, run_after=None
[2026-05-21T08:32:40.499+0000] {processor.py:183} INFO - Processing /home/airflow/.local/lib/python3.12/site-packages/airflow/example_dags/example_python_operator.py took 0.300 seconds
[2026-05-21T08:33:10.748+0000] {processor.py:161} INFO - Started process (PID=4522) to work on /home/airflow/.local/lib/python3.12/site-packages/airflow/example_dags/example_python_operator.py
[2026-05-21T08:33:10.751+0000] {processor.py:830} INFO - Processing file /home/airflow/.local/lib/python3.12/site-packages/airflow/example_dags/example_python_operator.py for tasks to queue
[2026-05-21T08:33:10.757+0000] {logging_mixin.py:188} INFO - [2026-05-21T08:33:10.756+0000] {dagbag.py:545} INFO - Filling up the DagBag from /home/airflow/.local/lib/python3.12/site-packages/airflow/example_dags/example_python_operator.py
[2026-05-21T08:33:10.786+0000] {processor.py:840} INFO - DAG(s) 'example_python_operator' retrieved from /home/airflow/.local/lib/python3.12/site-packages/airflow/example_dags/example_python_operator.py
[2026-05-21T08:33:10.866+0000] {logging_mixin.py:188} INFO - [2026-05-21T08:33:10.865+0000] {dag.py:3089} INFO - Sync 1 DAGs
[2026-05-21T08:33:10.904+0000] {logging_mixin.py:188} INFO - [2026-05-21T08:33:10.903+0000] {dag.py:3947} INFO - Setting next_dagrun for example_python_operator to None, run_after=None
[2026-05-21T08:33:10.974+0000] {processor.py:183} INFO - Processing /home/airflow/.local/lib/python3.12/site-packages/airflow/example_dags/example_python_operator.py took 0.243 seconds
[2026-05-21T08:33:41.153+0000] {processor.py:161} INFO - Started process (PID=4580) to work on /home/airflow/.local/lib/python3.12/site-packages/airflow/example_dags/example_python_operator.py
[2026-05-21T08:33:41.157+0000] {processor.py:830} INFO - Processing file /home/airflow/.local/lib/python3.12/site-packages/airflow/example_dags/example_python_operator.py for tasks to queue
[2026-05-21T08:33:41.164+0000] {logging_mixin.py:188} INFO - [2026-05-21T08:33:41.162+0000] {dagbag.py:545} INFO - Filling up the DagBag from /home/airflow/.local/lib/python3.12/site-packages/airflow/example_dags/example_python_operator.py
[2026-05-21T08:33:41.215+0000] {processor.py:840} INFO - DAG(s) 'example_python_operator' retrieved from /home/airflow/.local/lib/python3.12/site-packages/airflow/example_dags/example_python_operator.py
[2026-05-21T08:33:41.347+0000] {logging_mixin.py:188} INFO - [2026-05-21T08:33:41.346+0000] {dag.py:3089} INFO - Sync 1 DAGs
[2026-05-21T08:33:41.389+0000] {logging_mixin.py:188} INFO - [2026-05-21T08:33:41.389+0000] {dag.py:3947} INFO - Setting next_dagrun for example_python_operator to None, run_after=None
[2026-05-21T08:33:41.466+0000] {processor.py:183} INFO - Processing /home/airflow/.local/lib/python3.12/site-packages/airflow/example_dags/example_python_operator.py took 0.333 seconds
[2026-05-21T08:34:12.237+0000] {processor.py:161} INFO - Started process (PID=4642) to work on /home/airflow/.local/lib/python3.12/site-packages/airflow/example_dags/example_python_operator.py
[2026-05-21T08:34:12.242+0000] {processor.py:830} INFO - Processing file /home/airflow/.local/lib/python3.12/site-packages/airflow/example_dags/example_python_operator.py for tasks to queue
[2026-05-21T08:34:12.250+0000] {logging_mixin.py:188} INFO - [2026-05-21T08:34:12.248+0000] {dagbag.py:545} INFO - Filling up the DagBag from /home/airflow/.local/lib/python3.12/site-packages/airflow/example_dags/example_python_operator.py
[2026-05-21T08:34:12.311+0000] {processor.py:840} INFO - DAG(s) 'example_python_operator' retrieved from /home/airflow/.local/lib/python3.12/site-packages/airflow/example_dags/example_python_operator.py
[2026-05-21T08:34:12.436+0000] {logging_mixin.py:188} INFO - [2026-05-21T08:34:12.433+0000] {dag.py:3089} INFO - Sync 1 DAGs
[2026-05-21T08:34:12.636+0000] {logging_mixin.py:188} INFO - [2026-05-21T08:34:12.634+0000] {dag.py:3947} INFO - Setting next_dagrun for example_python_operator to None, run_after=None
[2026-05-21T08:34:12.794+0000] {processor.py:183} INFO - Processing /home/airflow/.local/lib/python3.12/site-packages/airflow/example_dags/example_python_operator.py took 0.582 seconds
[2026-05-21T08:34:43.336+0000] {processor.py:161} INFO - Started process (PID=4702) to work on /home/airflow/.local/lib/python3.12/site-packages/airflow/example_dags/example_python_operator.py
[2026-05-21T08:34:43.339+0000] {processor.py:830} INFO - Processing file /home/airflow/.local/lib/python3.12/site-packages/airflow/example_dags/example_python_operator.py for tasks to queue
[2026-05-21T08:34:43.355+0000] {logging_mixin.py:188} INFO - [2026-05-21T08:34:43.353+0000] {dagbag.py:545} INFO - Filling up the DagBag from /home/airflow/.local/lib/python3.12/site-packages/airflow/example_dags/example_python_operator.py
[2026-05-21T08:34:43.397+0000] {processor.py:840} INFO - DAG(s) 'example_python_operator' retrieved from /home/airflow/.local/lib/python3.12/site-packages/airflow/example_dags/example_python_operator.py
[2026-05-21T08:34:43.511+0000] {logging_mixin.py:188} INFO - [2026-05-21T08:34:43.510+0000] {dag.py:3089} INFO - Sync 1 DAGs
[2026-05-21T08:34:43.548+0000] {logging_mixin.py:188} INFO - [2026-05-21T08:34:43.546+0000] {dag.py:3947} INFO - Setting next_dagrun for example_python_operator to None, run_after=None
[2026-05-21T08:34:43.602+0000] {processor.py:183} INFO - Processing /home/airflow/.local/lib/python3.12/site-packages/airflow/example_dags/example_python_operator.py took 0.288 seconds
[2026-05-21T08:35:22.151+0000] {processor.py:161} INFO - Started process (PID=4759) to work on /home/airflow/.local/lib/python3.12/site-packages/airflow/example_dags/example_python_operator.py
[2026-05-21T08:35:22.165+0000] {processor.py:830} INFO - Processing file /home/airflow/.local/lib/python3.12/site-packages/airflow/example_dags/example_python_operator.py for tasks to queue
[2026-05-21T08:35:22.179+0000] {logging_mixin.py:188} INFO - [2026-05-21T08:35:22.177+0000] {dagbag.py:545} INFO - Filling up the DagBag from /home/airflow/.local/lib/python3.12/site-packages/airflow/example_dags/example_python_operator.py
[2026-05-21T08:35:22.296+0000] {processor.py:840} INFO - DAG(s) 'example_python_operator' retrieved from /home/airflow/.local/lib/python3.12/site-packages/airflow/example_dags/example_python_operator.py
[2026-05-21T08:35:22.413+0000] {logging_mixin.py:188} INFO - [2026-05-21T08:35:22.412+0000] {dag.py:3089} INFO - Sync 1 DAGs
[2026-05-21T08:35:22.455+0000] {logging_mixin.py:188} INFO - [2026-05-21T08:35:22.454+0000] {dag.py:3947} INFO - Setting next_dagrun for example_python_operator to None, run_after=None
[2026-05-21T08:35:22.577+0000] {processor.py:183} INFO - Processing /home/airflow/.local/lib/python3.12/site-packages/airflow/example_dags/example_python_operator.py took 0.448 seconds
[2026-05-21T08:35:53.400+0000] {processor.py:161} INFO - Started process (PID=4820) to work on /home/airflow/.local/lib/python3.12/site-packages/airflow/example_dags/example_python_operator.py
[2026-05-21T08:35:53.406+0000] {processor.py:830} INFO - Processing file /home/airflow/.local/lib/python3.12/site-packages/airflow/example_dags/example_python_operator.py for tasks to queue
[2026-05-21T08:35:53.420+0000] {logging_mixin.py:188} INFO - [2026-05-21T08:35:53.415+0000] {dagbag.py:545} INFO - Filling up the DagBag from /home/airflow/.local/lib/python3.12/site-packages/airflow/example_dags/example_python_operator.py
[2026-05-21T08:35:53.477+0000] {processor.py:840} INFO - DAG(s) 'example_python_operator' retrieved from /home/airflow/.local/lib/python3.12/site-packages/airflow/example_dags/example_python_operator.py
[2026-05-21T08:35:53.588+0000] {logging_mixin.py:188} INFO - [2026-05-21T08:35:53.587+0000] {dag.py:3089} INFO - Sync 1 DAGs
[2026-05-21T08:35:53.708+0000] {logging_mixin.py:188} INFO - [2026-05-21T08:35:53.707+0000] {dag.py:3947} INFO - Setting next_dagrun for example_python_operator to None, run_after=None
[2026-05-21T08:35:53.938+0000] {processor.py:183} INFO - Processing /home/airflow/.local/lib/python3.12/site-packages/airflow/example_dags/example_python_operator.py took 0.571 seconds
[2026-05-21T08:36:24.284+0000] {processor.py:161} INFO - Started process (PID=4881) to work on /home/airflow/.local/lib/python3.12/site-packages/airflow/example_dags/example_python_operator.py
[2026-05-21T08:36:24.288+0000] {processor.py:830} INFO - Processing file /home/airflow/.local/lib/python3.12/site-packages/airflow/example_dags/example_python_operator.py for tasks to queue
[2026-05-21T08:36:24.296+0000] {logging_mixin.py:188} INFO - [2026-05-21T08:36:24.295+0000] {dagbag.py:545} INFO - Filling up the DagBag from /home/airflow/.local/lib/python3.12/site-packages/airflow/example_dags/example_python_operator.py
[2026-05-21T08:36:24.374+0000] {processor.py:840} INFO - DAG(s) 'example_python_operator' retrieved from /home/airflow/.local/lib/python3.12/site-packages/airflow/example_dags/example_python_operator.py
[2026-05-21T08:36:24.479+0000] {logging_mixin.py:188} INFO - [2026-05-21T08:36:24.478+0000] {dag.py:3089} INFO - Sync 1 DAGs
[2026-05-21T08:36:24.521+0000] {logging_mixin.py:188} INFO - [2026-05-21T08:36:24.521+0000] {dag.py:3947} INFO - Setting next_dagrun for example_python_operator to None, run_after=None
[2026-05-21T08:36:24.599+0000] {processor.py:183} INFO - Processing /home/airflow/.local/lib/python3.12/site-packages/airflow/example_dags/example_python_operator.py took 0.350 seconds
[2026-05-21T08:36:54.764+0000] {processor.py:161} INFO - Started process (PID=4941) to work on /home/airflow/.local/lib/python3.12/site-packages/airflow/example_dags/example_python_operator.py
[2026-05-21T08:36:54.768+0000] {processor.py:830} INFO - Processing file /home/airflow/.local/lib/python3.12/site-packages/airflow/example_dags/example_python_operator.py for tasks to queue
[2026-05-21T08:36:54.782+0000] {logging_mixin.py:188} INFO - [2026-05-21T08:36:54.780+0000] {dagbag.py:545} INFO - Filling up the DagBag from /home/airflow/.local/lib/python3.12/site-packages/airflow/example_dags/example_python_operator.py
[2026-05-21T08:36:54.824+0000] {processor.py:840} INFO - DAG(s) 'example_python_operator' retrieved from /home/airflow/.local/lib/python3.12/site-packages/airflow/example_dags/example_python_operator.py
[2026-05-21T08:36:54.891+0000] {logging_mixin.py:188} INFO - [2026-05-21T08:36:54.891+0000] {dag.py:3089} INFO - Sync 1 DAGs
[2026-05-21T08:36:54.927+0000] {logging_mixin.py:188} INFO - [2026-05-21T08:36:54.926+0000] {dag.py:3947} INFO - Setting next_dagrun for example_python_operator to None, run_after=None
[2026-05-21T08:36:54.978+0000] {processor.py:183} INFO - Processing /home/airflow/.local/lib/python3.12/site-packages/airflow/example_dags/example_python_operator.py took 0.237 seconds
[2026-05-21T08:37:26.488+0000] {processor.py:161} INFO - Started process (PID=5002) to work on /home/airflow/.local/lib/python3.12/site-packages/airflow/example_dags/example_python_operator.py
[2026-05-21T08:37:26.493+0000] {processor.py:830} INFO - Processing file /home/airflow/.local/lib/python3.12/site-packages/airflow/example_dags/example_python_operator.py for tasks to queue
[2026-05-21T08:37:26.500+0000] {logging_mixin.py:188} INFO - [2026-05-21T08:37:26.499+0000] {dagbag.py:545} INFO - Filling up the DagBag from /home/airflow/.local/lib/python3.12/site-packages/airflow/example_dags/example_python_operator.py
[2026-05-21T08:37:26.531+0000] {processor.py:840} INFO - DAG(s) 'example_python_operator' retrieved from /home/airflow/.local/lib/python3.12/site-packages/airflow/example_dags/example_python_operator.py
[2026-05-21T08:37:26.592+0000] {logging_mixin.py:188} INFO - [2026-05-21T08:37:26.592+0000] {dag.py:3089} INFO - Sync 1 DAGs
[2026-05-21T08:37:26.624+0000] {logging_mixin.py:188} INFO - [2026-05-21T08:37:26.623+0000] {dag.py:3947} INFO - Setting next_dagrun for example_python_operator to None, run_after=None
[2026-05-21T08:37:26.684+0000] {processor.py:183} INFO - Processing /home/airflow/.local/lib/python3.12/site-packages/airflow/example_dags/example_python_operator.py took 0.220 seconds
[2026-05-21T08:37:59.513+0000] {processor.py:161} INFO - Started process (PID=5064) to work on /home/airflow/.local/lib/python3.12/site-packages/airflow/example_dags/example_python_operator.py
[2026-05-21T08:37:59.516+0000] {processor.py:830} INFO - Processing file /home/airflow/.local/lib/python3.12/site-packages/airflow/example_dags/example_python_operator.py for tasks to queue
[2026-05-21T08:37:59.524+0000] {logging_mixin.py:188} INFO - [2026-05-21T08:37:59.523+0000] {dagbag.py:545} INFO - Filling up the DagBag from /home/airflow/.local/lib/python3.12/site-packages/airflow/example_dags/example_python_operator.py
[2026-05-21T08:37:59.682+0000] {processor.py:840} INFO - DAG(s) 'example_python_operator' retrieved from /home/airflow/.local/lib/python3.12/site-packages/airflow/example_dags/example_python_operator.py
[2026-05-21T08:37:59.809+0000] {logging_mixin.py:188} INFO - [2026-05-21T08:37:59.807+0000] {dag.py:3089} INFO - Sync 1 DAGs
[2026-05-21T08:37:59.924+0000] {logging_mixin.py:188} INFO - [2026-05-21T08:37:59.923+0000] {dag.py:3947} INFO - Setting next_dagrun for example_python_operator to None, run_after=None
[2026-05-21T08:37:59.997+0000] {processor.py:183} INFO - Processing /home/airflow/.local/lib/python3.12/site-packages/airflow/example_dags/example_python_operator.py took 0.508 seconds
[2026-05-21T08:38:32.362+0000] {processor.py:161} INFO - Started process (PID=5131) to work on /home/airflow/.local/lib/python3.12/site-packages/airflow/example_dags/example_python_operator.py
[2026-05-21T08:38:32.366+0000] {processor.py:830} INFO - Processing file /home/airflow/.local/lib/python3.12/site-packages/airflow/example_dags/example_python_operator.py for tasks to queue
[2026-05-21T08:38:32.374+0000] {logging_mixin.py:188} INFO - [2026-05-21T08:38:32.373+0000] {dagbag.py:545} INFO - Filling up the DagBag from /home/airflow/.local/lib/python3.12/site-packages/airflow/example_dags/example_python_operator.py
[2026-05-21T08:38:32.413+0000] {processor.py:840} INFO - DAG(s) 'example_python_operator' retrieved from /home/airflow/.local/lib/python3.12/site-packages/airflow/example_dags/example_python_operator.py
[2026-05-21T08:38:32.493+0000] {logging_mixin.py:188} INFO - [2026-05-21T08:38:32.492+0000] {dag.py:3089} INFO - Sync 1 DAGs
[2026-05-21T08:38:32.538+0000] {logging_mixin.py:188} INFO - [2026-05-21T08:38:32.538+0000] {dag.py:3947} INFO - Setting next_dagrun for example_python_operator to None, run_after=None
[2026-05-21T08:38:32.615+0000] {processor.py:183} INFO - Processing /home/airflow/.local/lib/python3.12/site-packages/airflow/example_dags/example_python_operator.py took 0.283 seconds
[2026-05-21T08:39:03.685+0000] {processor.py:161} INFO - Started process (PID=5191) to work on /home/airflow/.local/lib/python3.12/site-packages/airflow/example_dags/example_python_operator.py
[2026-05-21T08:39:03.690+0000] {processor.py:830} INFO - Processing file /home/airflow/.local/lib/python3.12/site-packages/airflow/example_dags/example_python_operator.py for tasks to queue
[2026-05-21T08:39:03.698+0000] {logging_mixin.py:188} INFO - [2026-05-21T08:39:03.696+0000] {dagbag.py:545} INFO - Filling up the DagBag from /home/airflow/.local/lib/python3.12/site-packages/airflow/example_dags/example_python_operator.py
[2026-05-21T08:39:03.763+0000] {processor.py:840} INFO - DAG(s) 'example_python_operator' retrieved from /home/airflow/.local/lib/python3.12/site-packages/airflow/example_dags/example_python_operator.py
[2026-05-21T08:39:03.849+0000] {logging_mixin.py:188} INFO - [2026-05-21T08:39:03.848+0000] {dag.py:3089} INFO - Sync 1 DAGs
[2026-05-21T08:39:03.932+0000] {logging_mixin.py:188} INFO - [2026-05-21T08:39:03.931+0000] {dag.py:3947} INFO - Setting next_dagrun for example_python_operator to None, run_after=None
[2026-05-21T08:39:04.089+0000] {processor.py:183} INFO - Processing /home/airflow/.local/lib/python3.12/site-packages/airflow/example_dags/example_python_operator.py took 0.451 seconds
[2026-05-21T08:39:34.841+0000] {processor.py:161} INFO - Started process (PID=5250) to work on /home/airflow/.local/lib/python3.12/site-packages/airflow/example_dags/example_python_operator.py
[2026-05-21T08:39:34.846+0000] {processor.py:830} INFO - Processing file /home/airflow/.local/lib/python3.12/site-packages/airflow/example_dags/example_python_operator.py for tasks to queue
[2026-05-21T08:39:34.854+0000] {logging_mixin.py:188} INFO - [2026-05-21T08:39:34.853+0000] {dagbag.py:545} INFO - Filling up the DagBag from /home/airflow/.local/lib/python3.12/site-packages/airflow/example_dags/example_python_operator.py
[2026-05-21T08:39:34.895+0000] {processor.py:840} INFO - DAG(s) 'example_python_operator' retrieved from /home/airflow/.local/lib/python3.12/site-packages/airflow/example_dags/example_python_operator.py
[2026-05-21T08:39:34.971+0000] {logging_mixin.py:188} INFO - [2026-05-21T08:39:34.970+0000] {dag.py:3089} INFO - Sync 1 DAGs
[2026-05-21T08:39:35.006+0000] {logging_mixin.py:188} INFO - [2026-05-21T08:39:35.006+0000] {dag.py:3947} INFO - Setting next_dagrun for example_python_operator to None, run_after=None
[2026-05-21T08:39:35.082+0000] {processor.py:183} INFO - Processing /home/airflow/.local/lib/python3.12/site-packages/airflow/example_dags/example_python_operator.py took 0.272 seconds
[2026-05-21T08:40:05.273+0000] {processor.py:161} INFO - Started process (PID=5309) to work on /home/airflow/.local/lib/python3.12/site-packages/airflow/example_dags/example_python_operator.py
[2026-05-21T08:40:05.275+0000] {processor.py:830} INFO - Processing file /home/airflow/.local/lib/python3.12/site-packages/airflow/example_dags/example_python_operator.py for tasks to queue
[2026-05-21T08:40:05.280+0000] {logging_mixin.py:188} INFO - [2026-05-21T08:40:05.279+0000] {dagbag.py:545} INFO - Filling up the DagBag from /home/airflow/.local/lib/python3.12/site-packages/airflow/example_dags/example_python_operator.py
[2026-05-21T08:40:05.303+0000] {processor.py:840} INFO - DAG(s) 'example_python_operator' retrieved from /home/airflow/.local/lib/python3.12/site-packages/airflow/example_dags/example_python_operator.py
[2026-05-21T08:40:05.388+0000] {logging_mixin.py:188} INFO - [2026-05-21T08:40:05.387+0000] {dag.py:3089} INFO - Sync 1 DAGs
[2026-05-21T08:40:05.460+0000] {logging_mixin.py:188} INFO - [2026-05-21T08:40:05.460+0000] {dag.py:3947} INFO - Setting next_dagrun for example_python_operator to None, run_after=None
[2026-05-21T08:40:05.525+0000] {processor.py:183} INFO - Processing /home/airflow/.local/lib/python3.12/site-packages/airflow/example_dags/example_python_operator.py took 0.266 seconds
[2026-05-21T08:40:39.995+0000] {processor.py:161} INFO - Started process (PID=5371) to work on /home/airflow/.local/lib/python3.12/site-packages/airflow/example_dags/example_python_operator.py
[2026-05-21T08:40:40.001+0000] {processor.py:830} INFO - Processing file /home/airflow/.local/lib/python3.12/site-packages/airflow/example_dags/example_python_operator.py for tasks to queue
[2026-05-21T08:40:40.010+0000] {logging_mixin.py:188} INFO - [2026-05-21T08:40:40.007+0000] {dagbag.py:545} INFO - Filling up the DagBag from /home/airflow/.local/lib/python3.12/site-packages/airflow/example_dags/example_python_operator.py
[2026-05-21T08:40:40.069+0000] {processor.py:840} INFO - DAG(s) 'example_python_operator' retrieved from /home/airflow/.local/lib/python3.12/site-packages/airflow/example_dags/example_python_operator.py
[2026-05-21T08:40:40.154+0000] {logging_mixin.py:188} INFO - [2026-05-21T08:40:40.153+0000] {dag.py:3089} INFO - Sync 1 DAGs
[2026-05-21T08:40:40.233+0000] {logging_mixin.py:188} INFO - [2026-05-21T08:40:40.232+0000] {dag.py:3947} INFO - Setting next_dagrun for example_python_operator to None, run_after=None
[2026-05-21T08:40:40.285+0000] {processor.py:183} INFO - Processing /home/airflow/.local/lib/python3.12/site-packages/airflow/example_dags/example_python_operator.py took 0.341 seconds
[2026-05-21T08:41:13.508+0000] {processor.py:161} INFO - Started process (PID=5434) to work on /home/airflow/.local/lib/python3.12/site-packages/airflow/example_dags/example_python_operator.py
[2026-05-21T08:41:13.512+0000] {processor.py:830} INFO - Processing file /home/airflow/.local/lib/python3.12/site-packages/airflow/example_dags/example_python_operator.py for tasks to queue
[2026-05-21T08:41:13.517+0000] {logging_mixin.py:188} INFO - [2026-05-21T08:41:13.516+0000] {dagbag.py:545} INFO - Filling up the DagBag from /home/airflow/.local/lib/python3.12/site-packages/airflow/example_dags/example_python_operator.py
[2026-05-21T08:41:13.554+0000] {processor.py:840} INFO - DAG(s) 'example_python_operator' retrieved from /home/airflow/.local/lib/python3.12/site-packages/airflow/example_dags/example_python_operator.py
[2026-05-21T08:41:13.725+0000] {logging_mixin.py:188} INFO - [2026-05-21T08:41:13.725+0000] {dag.py:3089} INFO - Sync 1 DAGs
[2026-05-21T08:41:13.768+0000] {logging_mixin.py:188} INFO - [2026-05-21T08:41:13.767+0000] {dag.py:3947} INFO - Setting next_dagrun for example_python_operator to None, run_after=None
[2026-05-21T08:41:13.846+0000] {processor.py:183} INFO - Processing /home/airflow/.local/lib/python3.12/site-packages/airflow/example_dags/example_python_operator.py took 0.358 seconds
[2026-05-21T08:41:44.879+0000] {processor.py:161} INFO - Started process (PID=5494) to work on /home/airflow/.local/lib/python3.12/site-packages/airflow/example_dags/example_python_operator.py
[2026-05-21T08:41:44.894+0000] {processor.py:830} INFO - Processing file /home/airflow/.local/lib/python3.12/site-packages/airflow/example_dags/example_python_operator.py for tasks to queue
[2026-05-21T08:41:44.904+0000] {logging_mixin.py:188} INFO - [2026-05-21T08:41:44.901+0000] {dagbag.py:545} INFO - Filling up the DagBag from /home/airflow/.local/lib/python3.12/site-packages/airflow/example_dags/example_python_operator.py
[2026-05-21T08:41:44.947+0000] {processor.py:840} INFO - DAG(s) 'example_python_operator' retrieved from /home/airflow/.local/lib/python3.12/site-packages/airflow/example_dags/example_python_operator.py
[2026-05-21T08:41:45.015+0000] {logging_mixin.py:188} INFO - [2026-05-21T08:41:45.014+0000] {dag.py:3089} INFO - Sync 1 DAGs
[2026-05-21T08:41:45.066+0000] {logging_mixin.py:188} INFO - [2026-05-21T08:41:45.065+0000] {dag.py:3947} INFO - Setting next_dagrun for example_python_operator to None, run_after=None
[2026-05-21T08:41:45.133+0000] {processor.py:183} INFO - Processing /home/airflow/.local/lib/python3.12/site-packages/airflow/example_dags/example_python_operator.py took 0.284 seconds
[2026-05-21T08:42:17.137+0000] {processor.py:161} INFO - Started process (PID=5554) to work on /home/airflow/.local/lib/python3.12/site-packages/airflow/example_dags/example_python_operator.py
[2026-05-21T08:42:17.141+0000] {processor.py:830} INFO - Processing file /home/airflow/.local/lib/python3.12/site-packages/airflow/example_dags/example_python_operator.py for tasks to queue
[2026-05-21T08:42:17.148+0000] {logging_mixin.py:188} INFO - [2026-05-21T08:42:17.147+0000] {dagbag.py:545} INFO - Filling up the DagBag from /home/airflow/.local/lib/python3.12/site-packages/airflow/example_dags/example_python_operator.py
[2026-05-21T08:42:17.208+0000] {processor.py:840} INFO - DAG(s) 'example_python_operator' retrieved from /home/airflow/.local/lib/python3.12/site-packages/airflow/example_dags/example_python_operator.py
[2026-05-21T08:42:17.336+0000] {logging_mixin.py:188} INFO - [2026-05-21T08:42:17.334+0000] {dag.py:3089} INFO - Sync 1 DAGs
[2026-05-21T08:42:17.431+0000] {logging_mixin.py:188} INFO - [2026-05-21T08:42:17.430+0000] {dag.py:3947} INFO - Setting next_dagrun for example_python_operator to None, run_after=None
[2026-05-21T08:42:17.641+0000] {processor.py:183} INFO - Processing /home/airflow/.local/lib/python3.12/site-packages/airflow/example_dags/example_python_operator.py took 0.535 seconds
[2026-05-21T08:42:50.770+0000] {processor.py:161} INFO - Started process (PID=5616) to work on /home/airflow/.local/lib/python3.12/site-packages/airflow/example_dags/example_python_operator.py
[2026-05-21T08:42:50.773+0000] {processor.py:830} INFO - Processing file /home/airflow/.local/lib/python3.12/site-packages/airflow/example_dags/example_python_operator.py for tasks to queue
[2026-05-21T08:42:50.777+0000] {logging_mixin.py:188} INFO - [2026-05-21T08:42:50.776+0000] {dagbag.py:545} INFO - Filling up the DagBag from /home/airflow/.local/lib/python3.12/site-packages/airflow/example_dags/example_python_operator.py
[2026-05-21T08:42:50.809+0000] {processor.py:840} INFO - DAG(s) 'example_python_operator' retrieved from /home/airflow/.local/lib/python3.12/site-packages/airflow/example_dags/example_python_operator.py
[2026-05-21T08:42:50.896+0000] {logging_mixin.py:188} INFO - [2026-05-21T08:42:50.895+0000] {dag.py:3089} INFO - Sync 1 DAGs
[2026-05-21T08:42:50.943+0000] {logging_mixin.py:188} INFO - [2026-05-21T08:42:50.942+0000] {dag.py:3947} INFO - Setting next_dagrun for example_python_operator to None, run_after=None
[2026-05-21T08:42:51.000+0000] {processor.py:183} INFO - Processing /home/airflow/.local/lib/python3.12/site-packages/airflow/example_dags/example_python_operator.py took 0.247 seconds
[2026-05-21T08:43:23.502+0000] {processor.py:161} INFO - Started process (PID=5676) to work on /home/airflow/.local/lib/python3.12/site-packages/airflow/example_dags/example_python_operator.py
[2026-05-21T08:43:23.506+0000] {processor.py:830} INFO - Processing file /home/airflow/.local/lib/python3.12/site-packages/airflow/example_dags/example_python_operator.py for tasks to queue
[2026-05-21T08:43:23.523+0000] {logging_mixin.py:188} INFO - [2026-05-21T08:43:23.521+0000] {dagbag.py:545} INFO - Filling up the DagBag from /home/airflow/.local/lib/python3.12/site-packages/airflow/example_dags/example_python_operator.py
[2026-05-21T08:43:23.582+0000] {processor.py:840} INFO - DAG(s) 'example_python_operator' retrieved from /home/airflow/.local/lib/python3.12/site-packages/airflow/example_dags/example_python_operator.py
[2026-05-21T08:43:23.698+0000] {logging_mixin.py:188} INFO - [2026-05-21T08:43:23.698+0000] {dag.py:3089} INFO - Sync 1 DAGs
[2026-05-21T08:43:23.745+0000] {logging_mixin.py:188} INFO - [2026-05-21T08:43:23.745+0000] {dag.py:3947} INFO - Setting next_dagrun for example_python_operator to None, run_after=None
[2026-05-21T08:43:23.813+0000] {processor.py:183} INFO - Processing /home/airflow/.local/lib/python3.12/site-packages/airflow/example_dags/example_python_operator.py took 0.361 seconds
[2026-05-21T08:43:54.782+0000] {processor.py:161} INFO - Started process (PID=5737) to work on /home/airflow/.local/lib/python3.12/site-packages/airflow/example_dags/example_python_operator.py
[2026-05-21T08:43:54.787+0000] {processor.py:830} INFO - Processing file /home/airflow/.local/lib/python3.12/site-packages/airflow/example_dags/example_python_operator.py for tasks to queue
[2026-05-21T08:43:54.795+0000] {logging_mixin.py:188} INFO - [2026-05-21T08:43:54.794+0000] {dagbag.py:545} INFO - Filling up the DagBag from /home/airflow/.local/lib/python3.12/site-packages/airflow/example_dags/example_python_operator.py
[2026-05-21T08:43:54.825+0000] {processor.py:840} INFO - DAG(s) 'example_python_operator' retrieved from /home/airflow/.local/lib/python3.12/site-packages/airflow/example_dags/example_python_operator.py
[2026-05-21T08:43:55.048+0000] {logging_mixin.py:188} INFO - [2026-05-21T08:43:55.047+0000] {dag.py:3089} INFO - Sync 1 DAGs
[2026-05-21T08:43:55.124+0000] {logging_mixin.py:188} INFO - [2026-05-21T08:43:55.123+0000] {dag.py:3947} INFO - Setting next_dagrun for example_python_operator to None, run_after=None
[2026-05-21T08:43:55.230+0000] {processor.py:183} INFO - Processing /home/airflow/.local/lib/python3.12/site-packages/airflow/example_dags/example_python_operator.py took 0.472 seconds
[2026-05-21T08:44:26.122+0000] {processor.py:161} INFO - Started process (PID=5797) to work on /home/airflow/.local/lib/python3.12/site-packages/airflow/example_dags/example_python_operator.py
[2026-05-21T08:44:26.125+0000] {processor.py:830} INFO - Processing file /home/airflow/.local/lib/python3.12/site-packages/airflow/example_dags/example_python_operator.py for tasks to queue
[2026-05-21T08:44:26.130+0000] {logging_mixin.py:188} INFO - [2026-05-21T08:44:26.129+0000] {dagbag.py:545} INFO - Filling up the DagBag from /home/airflow/.local/lib/python3.12/site-packages/airflow/example_dags/example_python_operator.py
[2026-05-21T08:44:26.158+0000] {processor.py:840} INFO - DAG(s) 'example_python_operator' retrieved from /home/airflow/.local/lib/python3.12/site-packages/airflow/example_dags/example_python_operator.py
[2026-05-21T08:44:26.224+0000] {logging_mixin.py:188} INFO - [2026-05-21T08:44:26.224+0000] {dag.py:3089} INFO - Sync 1 DAGs
[2026-05-21T08:44:26.268+0000] {logging_mixin.py:188} INFO - [2026-05-21T08:44:26.268+0000] {dag.py:3947} INFO - Setting next_dagrun for example_python_operator to None, run_after=None
[2026-05-21T08:44:26.333+0000] {processor.py:183} INFO - Processing /home/airflow/.local/lib/python3.12/site-packages/airflow/example_dags/example_python_operator.py took 0.226 seconds
[2026-05-21T08:44:57.544+0000] {processor.py:161} INFO - Started process (PID=5857) to work on /home/airflow/.local/lib/python3.12/site-packages/airflow/example_dags/example_python_operator.py
[2026-05-21T08:44:57.549+0000] {processor.py:830} INFO - Processing file /home/airflow/.local/lib/python3.12/site-packages/airflow/example_dags/example_python_operator.py for tasks to queue
[2026-05-21T08:44:57.563+0000] {logging_mixin.py:188} INFO - [2026-05-21T08:44:57.561+0000] {dagbag.py:545} INFO - Filling up the DagBag from /home/airflow/.local/lib/python3.12/site-packages/airflow/example_dags/example_python_operator.py
[2026-05-21T08:44:57.627+0000] {processor.py:840} INFO - DAG(s) 'example_python_operator' retrieved from /home/airflow/.local/lib/python3.12/site-packages/airflow/example_dags/example_python_operator.py
[2026-05-21T08:44:57.849+0000] {logging_mixin.py:188} INFO - [2026-05-21T08:44:57.847+0000] {dag.py:3089} INFO - Sync 1 DAGs
[2026-05-21T08:44:57.942+0000] {logging_mixin.py:188} INFO - [2026-05-21T08:44:57.940+0000] {dag.py:3947} INFO - Setting next_dagrun for example_python_operator to None, run_after=None
[2026-05-21T08:44:58.101+0000] {processor.py:183} INFO - Processing /home/airflow/.local/lib/python3.12/site-packages/airflow/example_dags/example_python_operator.py took 0.587 seconds
[2026-05-21T08:45:28.630+0000] {processor.py:161} INFO - Started process (PID=5917) to work on /home/airflow/.local/lib/python3.12/site-packages/airflow/example_dags/example_python_operator.py
[2026-05-21T08:45:28.633+0000] {processor.py:830} INFO - Processing file /home/airflow/.local/lib/python3.12/site-packages/airflow/example_dags/example_python_operator.py for tasks to queue
[2026-05-21T08:45:28.644+0000] {logging_mixin.py:188} INFO - [2026-05-21T08:45:28.643+0000] {dagbag.py:545} INFO - Filling up the DagBag from /home/airflow/.local/lib/python3.12/site-packages/airflow/example_dags/example_python_operator.py
[2026-05-21T08:45:28.672+0000] {processor.py:840} INFO - DAG(s) 'example_python_operator' retrieved from /home/airflow/.local/lib/python3.12/site-packages/airflow/example_dags/example_python_operator.py
[2026-05-21T08:45:28.739+0000] {logging_mixin.py:188} INFO - [2026-05-21T08:45:28.738+0000] {dag.py:3089} INFO - Sync 1 DAGs
[2026-05-21T08:45:28.789+0000] {logging_mixin.py:188} INFO - [2026-05-21T08:45:28.788+0000] {dag.py:3947} INFO - Setting next_dagrun for example_python_operator to None, run_after=None
[2026-05-21T08:45:28.873+0000] {processor.py:183} INFO - Processing /home/airflow/.local/lib/python3.12/site-packages/airflow/example_dags/example_python_operator.py took 0.257 seconds
[2026-05-21T08:45:59.031+0000] {processor.py:161} INFO - Started process (PID=5974) to work on /home/airflow/.local/lib/python3.12/site-packages/airflow/example_dags/example_python_operator.py
[2026-05-21T08:45:59.035+0000] {processor.py:830} INFO - Processing file /home/airflow/.local/lib/python3.12/site-packages/airflow/example_dags/example_python_operator.py for tasks to queue
[2026-05-21T08:45:59.047+0000] {logging_mixin.py:188} INFO - [2026-05-21T08:45:59.045+0000] {dagbag.py:545} INFO - Filling up the DagBag from /home/airflow/.local/lib/python3.12/site-packages/airflow/example_dags/example_python_operator.py
[2026-05-21T08:45:59.128+0000] {processor.py:840} INFO - DAG(s) 'example_python_operator' retrieved from /home/airflow/.local/lib/python3.12/site-packages/airflow/example_dags/example_python_operator.py
[2026-05-21T08:45:59.228+0000] {logging_mixin.py:188} INFO - [2026-05-21T08:45:59.226+0000] {dag.py:3089} INFO - Sync 1 DAGs
[2026-05-21T08:45:59.282+0000] {logging_mixin.py:188} INFO - [2026-05-21T08:45:59.282+0000] {dag.py:3947} INFO - Setting next_dagrun for example_python_operator to None, run_after=None
[2026-05-21T08:45:59.349+0000] {processor.py:183} INFO - Processing /home/airflow/.local/lib/python3.12/site-packages/airflow/example_dags/example_python_operator.py took 0.354 seconds
[2026-05-21T08:46:30.060+0000] {processor.py:161} INFO - Started process (PID=6032) to work on /home/airflow/.local/lib/python3.12/site-packages/airflow/example_dags/example_python_operator.py
[2026-05-21T08:46:30.063+0000] {processor.py:830} INFO - Processing file /home/airflow/.local/lib/python3.12/site-packages/airflow/example_dags/example_python_operator.py for tasks to queue
[2026-05-21T08:46:30.069+0000] {logging_mixin.py:188} INFO - [2026-05-21T08:46:30.068+0000] {dagbag.py:545} INFO - Filling up the DagBag from /home/airflow/.local/lib/python3.12/site-packages/airflow/example_dags/example_python_operator.py
[2026-05-21T08:46:30.098+0000] {processor.py:840} INFO - DAG(s) 'example_python_operator' retrieved from /home/airflow/.local/lib/python3.12/site-packages/airflow/example_dags/example_python_operator.py
[2026-05-21T08:46:30.179+0000] {logging_mixin.py:188} INFO - [2026-05-21T08:46:30.178+0000] {dag.py:3089} INFO - Sync 1 DAGs
[2026-05-21T08:46:30.241+0000] {logging_mixin.py:188} INFO - [2026-05-21T08:46:30.240+0000] {dag.py:3947} INFO - Setting next_dagrun for example_python_operator to None, run_after=None
[2026-05-21T08:46:30.346+0000] {processor.py:183} INFO - Processing /home/airflow/.local/lib/python3.12/site-packages/airflow/example_dags/example_python_operator.py took 0.301 seconds
[2026-05-21T08:47:00.638+0000] {processor.py:161} INFO - Started process (PID=6092) to work on /home/airflow/.local/lib/python3.12/site-packages/airflow/example_dags/example_python_operator.py
[2026-05-21T08:47:00.643+0000] {processor.py:830} INFO - Processing file /home/airflow/.local/lib/python3.12/site-packages/airflow/example_dags/example_python_operator.py for tasks to queue
[2026-05-21T08:47:00.654+0000] {logging_mixin.py:188} INFO - [2026-05-21T08:47:00.652+0000] {dagbag.py:545} INFO - Filling up the DagBag from /home/airflow/.local/lib/python3.12/site-packages/airflow/example_dags/example_python_operator.py
[2026-05-21T08:47:00.707+0000] {processor.py:840} INFO - DAG(s) 'example_python_operator' retrieved from /home/airflow/.local/lib/python3.12/site-packages/airflow/example_dags/example_python_operator.py
[2026-05-21T08:47:00.791+0000] {logging_mixin.py:188} INFO - [2026-05-21T08:47:00.790+0000] {dag.py:3089} INFO - Sync 1 DAGs
[2026-05-21T08:47:00.846+0000] {logging_mixin.py:188} INFO - [2026-05-21T08:47:00.844+0000] {dag.py:3947} INFO - Setting next_dagrun for example_python_operator to None, run_after=None
[2026-05-21T08:47:00.949+0000] {processor.py:183} INFO - Processing /home/airflow/.local/lib/python3.12/site-packages/airflow/example_dags/example_python_operator.py took 0.338 seconds
[2026-05-21T08:47:31.695+0000] {processor.py:161} INFO - Started process (PID=6152) to work on /home/airflow/.local/lib/python3.12/site-packages/airflow/example_dags/example_python_operator.py
[2026-05-21T08:47:31.699+0000] {processor.py:830} INFO - Processing file /home/airflow/.local/lib/python3.12/site-packages/airflow/example_dags/example_python_operator.py for tasks to queue
[2026-05-21T08:47:31.706+0000] {logging_mixin.py:188} INFO - [2026-05-21T08:47:31.705+0000] {dagbag.py:545} INFO - Filling up the DagBag from /home/airflow/.local/lib/python3.12/site-packages/airflow/example_dags/example_python_operator.py
[2026-05-21T08:47:31.733+0000] {processor.py:840} INFO - DAG(s) 'example_python_operator' retrieved from /home/airflow/.local/lib/python3.12/site-packages/airflow/example_dags/example_python_operator.py
[2026-05-21T08:47:31.798+0000] {logging_mixin.py:188} INFO - [2026-05-21T08:47:31.798+0000] {dag.py:3089} INFO - Sync 1 DAGs
[2026-05-21T08:47:31.832+0000] {logging_mixin.py:188} INFO - [2026-05-21T08:47:31.832+0000] {dag.py:3947} INFO - Setting next_dagrun for example_python_operator to None, run_after=None
[2026-05-21T08:47:31.897+0000] {processor.py:183} INFO - Processing /home/airflow/.local/lib/python3.12/site-packages/airflow/example_dags/example_python_operator.py took 0.229 seconds
[2026-05-21T08:48:02.759+0000] {processor.py:161} INFO - Started process (PID=6213) to work on /home/airflow/.local/lib/python3.12/site-packages/airflow/example_dags/example_python_operator.py
[2026-05-21T08:48:02.762+0000] {processor.py:830} INFO - Processing file /home/airflow/.local/lib/python3.12/site-packages/airflow/example_dags/example_python_operator.py for tasks to queue
[2026-05-21T08:48:02.768+0000] {logging_mixin.py:188} INFO - [2026-05-21T08:48:02.767+0000] {dagbag.py:545} INFO - Filling up the DagBag from /home/airflow/.local/lib/python3.12/site-packages/airflow/example_dags/example_python_operator.py
[2026-05-21T08:48:02.806+0000] {processor.py:840} INFO - DAG(s) 'example_python_operator' retrieved from /home/airflow/.local/lib/python3.12/site-packages/airflow/example_dags/example_python_operator.py
[2026-05-21T08:48:02.905+0000] {logging_mixin.py:188} INFO - [2026-05-21T08:48:02.904+0000] {dag.py:3089} INFO - Sync 1 DAGs
[2026-05-21T08:48:02.984+0000] {logging_mixin.py:188} INFO - [2026-05-21T08:48:02.984+0000] {dag.py:3947} INFO - Setting next_dagrun for example_python_operator to None, run_after=None
[2026-05-21T08:48:03.062+0000] {processor.py:183} INFO - Processing /home/airflow/.local/lib/python3.12/site-packages/airflow/example_dags/example_python_operator.py took 0.331 seconds
[2026-05-21T08:48:33.476+0000] {processor.py:161} INFO - Started process (PID=6272) to work on /home/airflow/.local/lib/python3.12/site-packages/airflow/example_dags/example_python_operator.py
[2026-05-21T08:48:33.481+0000] {processor.py:830} INFO - Processing file /home/airflow/.local/lib/python3.12/site-packages/airflow/example_dags/example_python_operator.py for tasks to queue
[2026-05-21T08:48:33.492+0000] {logging_mixin.py:188} INFO - [2026-05-21T08:48:33.490+0000] {dagbag.py:545} INFO - Filling up the DagBag from /home/airflow/.local/lib/python3.12/site-packages/airflow/example_dags/example_python_operator.py
[2026-05-21T08:48:33.580+0000] {processor.py:840} INFO - DAG(s) 'example_python_operator' retrieved from /home/airflow/.local/lib/python3.12/site-packages/airflow/example_dags/example_python_operator.py
[2026-05-21T08:48:33.737+0000] {logging_mixin.py:188} INFO - [2026-05-21T08:48:33.736+0000] {dag.py:3089} INFO - Sync 1 DAGs
[2026-05-21T08:48:33.821+0000] {logging_mixin.py:188} INFO - [2026-05-21T08:48:33.820+0000] {dag.py:3947} INFO - Setting next_dagrun for example_python_operator to None, run_after=None
[2026-05-21T08:48:33.944+0000] {processor.py:183} INFO - Processing /home/airflow/.local/lib/python3.12/site-packages/airflow/example_dags/example_python_operator.py took 0.506 seconds
[2026-05-21T08:49:04.122+0000] {processor.py:161} INFO - Started process (PID=6331) to work on /home/airflow/.local/lib/python3.12/site-packages/airflow/example_dags/example_python_operator.py
[2026-05-21T08:49:04.125+0000] {processor.py:830} INFO - Processing file /home/airflow/.local/lib/python3.12/site-packages/airflow/example_dags/example_python_operator.py for tasks to queue
[2026-05-21T08:49:04.132+0000] {logging_mixin.py:188} INFO - [2026-05-21T08:49:04.131+0000] {dagbag.py:545} INFO - Filling up the DagBag from /home/airflow/.local/lib/python3.12/site-packages/airflow/example_dags/example_python_operator.py
[2026-05-21T08:49:04.160+0000] {processor.py:840} INFO - DAG(s) 'example_python_operator' retrieved from /home/airflow/.local/lib/python3.12/site-packages/airflow/example_dags/example_python_operator.py
[2026-05-21T08:49:04.252+0000] {logging_mixin.py:188} INFO - [2026-05-21T08:49:04.251+0000] {dag.py:3089} INFO - Sync 1 DAGs
[2026-05-21T08:49:04.303+0000] {logging_mixin.py:188} INFO - [2026-05-21T08:49:04.302+0000] {dag.py:3947} INFO - Setting next_dagrun for example_python_operator to None, run_after=None
[2026-05-21T08:49:04.376+0000] {processor.py:183} INFO - Processing /home/airflow/.local/lib/python3.12/site-packages/airflow/example_dags/example_python_operator.py took 0.276 seconds
[2026-05-21T08:49:34.828+0000] {processor.py:161} INFO - Started process (PID=6390) to work on /home/airflow/.local/lib/python3.12/site-packages/airflow/example_dags/example_python_operator.py
[2026-05-21T08:49:34.831+0000] {processor.py:830} INFO - Processing file /home/airflow/.local/lib/python3.12/site-packages/airflow/example_dags/example_python_operator.py for tasks to queue
[2026-05-21T08:49:34.837+0000] {logging_mixin.py:188} INFO - [2026-05-21T08:49:34.836+0000] {dagbag.py:545} INFO - Filling up the DagBag from /home/airflow/.local/lib/python3.12/site-packages/airflow/example_dags/example_python_operator.py
[2026-05-21T08:49:34.872+0000] {processor.py:840} INFO - DAG(s) 'example_python_operator' retrieved from /home/airflow/.local/lib/python3.12/site-packages/airflow/example_dags/example_python_operator.py
[2026-05-21T08:49:34.930+0000] {logging_mixin.py:188} INFO - [2026-05-21T08:49:34.929+0000] {dag.py:3089} INFO - Sync 1 DAGs
[2026-05-21T08:49:34.966+0000] {logging_mixin.py:188} INFO - [2026-05-21T08:49:34.966+0000] {dag.py:3947} INFO - Setting next_dagrun for example_python_operator to None, run_after=None
[2026-05-21T08:49:35.064+0000] {processor.py:183} INFO - Processing /home/airflow/.local/lib/python3.12/site-packages/airflow/example_dags/example_python_operator.py took 0.255 seconds
[2026-05-21T08:50:06.892+0000] {processor.py:161} INFO - Started process (PID=6456) to work on /home/airflow/.local/lib/python3.12/site-packages/airflow/example_dags/example_python_operator.py
[2026-05-21T08:50:06.898+0000] {processor.py:830} INFO - Processing file /home/airflow/.local/lib/python3.12/site-packages/airflow/example_dags/example_python_operator.py for tasks to queue
[2026-05-21T08:50:06.915+0000] {logging_mixin.py:188} INFO - [2026-05-21T08:50:06.914+0000] {dagbag.py:545} INFO - Filling up the DagBag from /home/airflow/.local/lib/python3.12/site-packages/airflow/example_dags/example_python_operator.py
[2026-05-21T08:50:06.975+0000] {processor.py:840} INFO - DAG(s) 'example_python_operator' retrieved from /home/airflow/.local/lib/python3.12/site-packages/airflow/example_dags/example_python_operator.py
[2026-05-21T08:50:07.061+0000] {logging_mixin.py:188} INFO - [2026-05-21T08:50:07.061+0000] {dag.py:3089} INFO - Sync 1 DAGs
[2026-05-21T08:50:07.098+0000] {logging_mixin.py:188} INFO - [2026-05-21T08:50:07.098+0000] {dag.py:3947} INFO - Setting next_dagrun for example_python_operator to None, run_after=None
[2026-05-21T08:50:07.160+0000] {processor.py:183} INFO - Processing /home/airflow/.local/lib/python3.12/site-packages/airflow/example_dags/example_python_operator.py took 0.292 seconds
[2026-05-21T08:50:38.883+0000] {processor.py:161} INFO - Started process (PID=6515) to work on /home/airflow/.local/lib/python3.12/site-packages/airflow/example_dags/example_python_operator.py
[2026-05-21T08:50:38.886+0000] {processor.py:830} INFO - Processing file /home/airflow/.local/lib/python3.12/site-packages/airflow/example_dags/example_python_operator.py for tasks to queue
[2026-05-21T08:50:38.891+0000] {logging_mixin.py:188} INFO - [2026-05-21T08:50:38.890+0000] {dagbag.py:545} INFO - Filling up the DagBag from /home/airflow/.local/lib/python3.12/site-packages/airflow/example_dags/example_python_operator.py
[2026-05-21T08:50:38.934+0000] {processor.py:840} INFO - DAG(s) 'example_python_operator' retrieved from /home/airflow/.local/lib/python3.12/site-packages/airflow/example_dags/example_python_operator.py
[2026-05-21T08:50:39.005+0000] {logging_mixin.py:188} INFO - [2026-05-21T08:50:39.005+0000] {dag.py:3089} INFO - Sync 1 DAGs
[2026-05-21T08:50:39.042+0000] {logging_mixin.py:188} INFO - [2026-05-21T08:50:39.042+0000] {dag.py:3947} INFO - Setting next_dagrun for example_python_operator to None, run_after=None
[2026-05-21T08:50:39.090+0000] {processor.py:183} INFO - Processing /home/airflow/.local/lib/python3.12/site-packages/airflow/example_dags/example_python_operator.py took 0.231 seconds
[2026-05-21T08:51:09.385+0000] {processor.py:161} INFO - Started process (PID=6575) to work on /home/airflow/.local/lib/python3.12/site-packages/airflow/example_dags/example_python_operator.py
[2026-05-21T08:51:09.388+0000] {processor.py:830} INFO - Processing file /home/airflow/.local/lib/python3.12/site-packages/airflow/example_dags/example_python_operator.py for tasks to queue
[2026-05-21T08:51:09.395+0000] {logging_mixin.py:188} INFO - [2026-05-21T08:51:09.393+0000] {dagbag.py:545} INFO - Filling up the DagBag from /home/airflow/.local/lib/python3.12/site-packages/airflow/example_dags/example_python_operator.py
[2026-05-21T08:51:09.430+0000] {processor.py:840} INFO - DAG(s) 'example_python_operator' retrieved from /home/airflow/.local/lib/python3.12/site-packages/airflow/example_dags/example_python_operator.py
[2026-05-21T08:51:09.509+0000] {logging_mixin.py:188} INFO - [2026-05-21T08:51:09.508+0000] {dag.py:3089} INFO - Sync 1 DAGs
[2026-05-21T08:51:09.563+0000] {logging_mixin.py:188} INFO - [2026-05-21T08:51:09.562+0000] {dag.py:3947} INFO - Setting next_dagrun for example_python_operator to None, run_after=None
[2026-05-21T08:51:09.670+0000] {processor.py:183} INFO - Processing /home/airflow/.local/lib/python3.12/site-packages/airflow/example_dags/example_python_operator.py took 0.306 seconds
[2026-05-21T08:51:40.457+0000] {processor.py:161} INFO - Started process (PID=6635) to work on /home/airflow/.local/lib/python3.12/site-packages/airflow/example_dags/example_python_operator.py
[2026-05-21T08:51:40.462+0000] {processor.py:830} INFO - Processing file /home/airflow/.local/lib/python3.12/site-packages/airflow/example_dags/example_python_operator.py for tasks to queue
[2026-05-21T08:51:40.473+0000] {logging_mixin.py:188} INFO - [2026-05-21T08:51:40.472+0000] {dagbag.py:545} INFO - Filling up the DagBag from /home/airflow/.local/lib/python3.12/site-packages/airflow/example_dags/example_python_operator.py
[2026-05-21T08:51:40.511+0000] {processor.py:840} INFO - DAG(s) 'example_python_operator' retrieved from /home/airflow/.local/lib/python3.12/site-packages/airflow/example_dags/example_python_operator.py
[2026-05-21T08:51:40.583+0000] {logging_mixin.py:188} INFO - [2026-05-21T08:51:40.582+0000] {dag.py:3089} INFO - Sync 1 DAGs
[2026-05-21T08:51:40.619+0000] {logging_mixin.py:188} INFO - [2026-05-21T08:51:40.619+0000] {dag.py:3947} INFO - Setting next_dagrun for example_python_operator to None, run_after=None
[2026-05-21T08:51:40.687+0000] {processor.py:183} INFO - Processing /home/airflow/.local/lib/python3.12/site-packages/airflow/example_dags/example_python_operator.py took 0.253 seconds
[2026-05-21T08:52:11.756+0000] {processor.py:161} INFO - Started process (PID=6695) to work on /home/airflow/.local/lib/python3.12/site-packages/airflow/example_dags/example_python_operator.py
[2026-05-21T08:52:11.759+0000] {processor.py:830} INFO - Processing file /home/airflow/.local/lib/python3.12/site-packages/airflow/example_dags/example_python_operator.py for tasks to queue
[2026-05-21T08:52:11.769+0000] {logging_mixin.py:188} INFO - [2026-05-21T08:52:11.766+0000] {dagbag.py:545} INFO - Filling up the DagBag from /home/airflow/.local/lib/python3.12/site-packages/airflow/example_dags/example_python_operator.py
[2026-05-21T08:52:11.805+0000] {processor.py:840} INFO - DAG(s) 'example_python_operator' retrieved from /home/airflow/.local/lib/python3.12/site-packages/airflow/example_dags/example_python_operator.py
[2026-05-21T08:52:11.878+0000] {logging_mixin.py:188} INFO - [2026-05-21T08:52:11.877+0000] {dag.py:3089} INFO - Sync 1 DAGs
[2026-05-21T08:52:11.922+0000] {logging_mixin.py:188} INFO - [2026-05-21T08:52:11.921+0000] {dag.py:3947} INFO - Setting next_dagrun for example_python_operator to None, run_after=None
[2026-05-21T08:52:11.986+0000] {processor.py:183} INFO - Processing /home/airflow/.local/lib/python3.12/site-packages/airflow/example_dags/example_python_operator.py took 0.252 seconds
[2026-05-21T08:52:42.835+0000] {processor.py:161} INFO - Started process (PID=6756) to work on /home/airflow/.local/lib/python3.12/site-packages/airflow/example_dags/example_python_operator.py
[2026-05-21T08:52:42.843+0000] {processor.py:830} INFO - Processing file /home/airflow/.local/lib/python3.12/site-packages/airflow/example_dags/example_python_operator.py for tasks to queue
[2026-05-21T08:52:42.875+0000] {logging_mixin.py:188} INFO - [2026-05-21T08:52:42.874+0000] {dagbag.py:545} INFO - Filling up the DagBag from /home/airflow/.local/lib/python3.12/site-packages/airflow/example_dags/example_python_operator.py
[2026-05-21T08:52:43.048+0000] {processor.py:840} INFO - DAG(s) 'example_python_operator' retrieved from /home/airflow/.local/lib/python3.12/site-packages/airflow/example_dags/example_python_operator.py
[2026-05-21T08:52:43.158+0000] {logging_mixin.py:188} INFO - [2026-05-21T08:52:43.157+0000] {dag.py:3089} INFO - Sync 1 DAGs
[2026-05-21T08:52:43.281+0000] {logging_mixin.py:188} INFO - [2026-05-21T08:52:43.279+0000] {dag.py:3947} INFO - Setting next_dagrun for example_python_operator to None, run_after=None
[2026-05-21T08:52:43.450+0000] {processor.py:183} INFO - Processing /home/airflow/.local/lib/python3.12/site-packages/airflow/example_dags/example_python_operator.py took 0.675 seconds
[2026-05-21T08:53:13.906+0000] {processor.py:161} INFO - Started process (PID=6815) to work on /home/airflow/.local/lib/python3.12/site-packages/airflow/example_dags/example_python_operator.py
[2026-05-21T08:53:13.911+0000] {processor.py:830} INFO - Processing file /home/airflow/.local/lib/python3.12/site-packages/airflow/example_dags/example_python_operator.py for tasks to queue
[2026-05-21T08:53:13.917+0000] {logging_mixin.py:188} INFO - [2026-05-21T08:53:13.916+0000] {dagbag.py:545} INFO - Filling up the DagBag from /home/airflow/.local/lib/python3.12/site-packages/airflow/example_dags/example_python_operator.py
[2026-05-21T08:53:13.944+0000] {processor.py:840} INFO - DAG(s) 'example_python_operator' retrieved from /home/airflow/.local/lib/python3.12/site-packages/airflow/example_dags/example_python_operator.py
[2026-05-21T08:53:14.009+0000] {logging_mixin.py:188} INFO - [2026-05-21T08:53:14.008+0000] {dag.py:3089} INFO - Sync 1 DAGs
[2026-05-21T08:53:14.049+0000] {logging_mixin.py:188} INFO - [2026-05-21T08:53:14.048+0000] {dag.py:3947} INFO - Setting next_dagrun for example_python_operator to None, run_after=None
[2026-05-21T08:53:14.159+0000] {processor.py:183} INFO - Processing /home/airflow/.local/lib/python3.12/site-packages/airflow/example_dags/example_python_operator.py took 0.272 seconds
[2026-05-21T08:53:44.919+0000] {processor.py:161} INFO - Started process (PID=6875) to work on /home/airflow/.local/lib/python3.12/site-packages/airflow/example_dags/example_python_operator.py
[2026-05-21T08:53:44.923+0000] {processor.py:830} INFO - Processing file /home/airflow/.local/lib/python3.12/site-packages/airflow/example_dags/example_python_operator.py for tasks to queue
[2026-05-21T08:53:44.929+0000] {logging_mixin.py:188} INFO - [2026-05-21T08:53:44.928+0000] {dagbag.py:545} INFO - Filling up the DagBag from /home/airflow/.local/lib/python3.12/site-packages/airflow/example_dags/example_python_operator.py
[2026-05-21T08:53:44.959+0000] {processor.py:840} INFO - DAG(s) 'example_python_operator' retrieved from /home/airflow/.local/lib/python3.12/site-packages/airflow/example_dags/example_python_operator.py
[2026-05-21T08:53:45.027+0000] {logging_mixin.py:188} INFO - [2026-05-21T08:53:45.026+0000] {dag.py:3089} INFO - Sync 1 DAGs
[2026-05-21T08:53:45.065+0000] {logging_mixin.py:188} INFO - [2026-05-21T08:53:45.064+0000] {dag.py:3947} INFO - Setting next_dagrun for example_python_operator to None, run_after=None
[2026-05-21T08:53:45.148+0000] {processor.py:183} INFO - Processing /home/airflow/.local/lib/python3.12/site-packages/airflow/example_dags/example_python_operator.py took 0.253 seconds
[2026-05-21T08:54:15.365+0000] {processor.py:161} INFO - Started process (PID=6934) to work on /home/airflow/.local/lib/python3.12/site-packages/airflow/example_dags/example_python_operator.py
[2026-05-21T08:54:15.368+0000] {processor.py:830} INFO - Processing file /home/airflow/.local/lib/python3.12/site-packages/airflow/example_dags/example_python_operator.py for tasks to queue
[2026-05-21T08:54:15.373+0000] {logging_mixin.py:188} INFO - [2026-05-21T08:54:15.372+0000] {dagbag.py:545} INFO - Filling up the DagBag from /home/airflow/.local/lib/python3.12/site-packages/airflow/example_dags/example_python_operator.py
[2026-05-21T08:54:15.400+0000] {processor.py:840} INFO - DAG(s) 'example_python_operator' retrieved from /home/airflow/.local/lib/python3.12/site-packages/airflow/example_dags/example_python_operator.py
[2026-05-21T08:54:15.458+0000] {logging_mixin.py:188} INFO - [2026-05-21T08:54:15.457+0000] {dag.py:3089} INFO - Sync 1 DAGs
[2026-05-21T08:54:15.488+0000] {logging_mixin.py:188} INFO - [2026-05-21T08:54:15.487+0000] {dag.py:3947} INFO - Setting next_dagrun for example_python_operator to None, run_after=None
[2026-05-21T08:54:15.547+0000] {processor.py:183} INFO - Processing /home/airflow/.local/lib/python3.12/site-packages/airflow/example_dags/example_python_operator.py took 0.201 seconds
[2026-05-21T08:54:47.323+0000] {processor.py:161} INFO - Started process (PID=6994) to work on /home/airflow/.local/lib/python3.12/site-packages/airflow/example_dags/example_python_operator.py
[2026-05-21T08:54:47.328+0000] {processor.py:830} INFO - Processing file /home/airflow/.local/lib/python3.12/site-packages/airflow/example_dags/example_python_operator.py for tasks to queue
[2026-05-21T08:54:47.336+0000] {logging_mixin.py:188} INFO - [2026-05-21T08:54:47.334+0000] {dagbag.py:545} INFO - Filling up the DagBag from /home/airflow/.local/lib/python3.12/site-packages/airflow/example_dags/example_python_operator.py
[2026-05-21T08:54:47.396+0000] {processor.py:840} INFO - DAG(s) 'example_python_operator' retrieved from /home/airflow/.local/lib/python3.12/site-packages/airflow/example_dags/example_python_operator.py
[2026-05-21T08:54:47.490+0000] {logging_mixin.py:188} INFO - [2026-05-21T08:54:47.489+0000] {dag.py:3089} INFO - Sync 1 DAGs
[2026-05-21T08:54:47.540+0000] {logging_mixin.py:188} INFO - [2026-05-21T08:54:47.539+0000] {dag.py:3947} INFO - Setting next_dagrun for example_python_operator to None, run_after=None
[2026-05-21T08:54:47.613+0000] {processor.py:183} INFO - Processing /home/airflow/.local/lib/python3.12/site-packages/airflow/example_dags/example_python_operator.py took 0.325 seconds
[2026-05-21T08:55:20.048+0000] {processor.py:161} INFO - Started process (PID=7055) to work on /home/airflow/.local/lib/python3.12/site-packages/airflow/example_dags/example_python_operator.py
[2026-05-21T08:55:20.052+0000] {processor.py:830} INFO - Processing file /home/airflow/.local/lib/python3.12/site-packages/airflow/example_dags/example_python_operator.py for tasks to queue
[2026-05-21T08:55:20.059+0000] {logging_mixin.py:188} INFO - [2026-05-21T08:55:20.057+0000] {dagbag.py:545} INFO - Filling up the DagBag from /home/airflow/.local/lib/python3.12/site-packages/airflow/example_dags/example_python_operator.py
[2026-05-21T08:55:20.103+0000] {processor.py:840} INFO - DAG(s) 'example_python_operator' retrieved from /home/airflow/.local/lib/python3.12/site-packages/airflow/example_dags/example_python_operator.py
[2026-05-21T08:55:20.200+0000] {logging_mixin.py:188} INFO - [2026-05-21T08:55:20.199+0000] {dag.py:3089} INFO - Sync 1 DAGs
[2026-05-21T08:55:20.247+0000] {logging_mixin.py:188} INFO - [2026-05-21T08:55:20.246+0000] {dag.py:3947} INFO - Setting next_dagrun for example_python_operator to None, run_after=None
[2026-05-21T08:55:20.419+0000] {processor.py:183} INFO - Processing /home/airflow/.local/lib/python3.12/site-packages/airflow/example_dags/example_python_operator.py took 0.399 seconds
[2026-05-21T08:55:53.983+0000] {processor.py:161} INFO - Started process (PID=7117) to work on /home/airflow/.local/lib/python3.12/site-packages/airflow/example_dags/example_python_operator.py
[2026-05-21T08:55:53.986+0000] {processor.py:830} INFO - Processing file /home/airflow/.local/lib/python3.12/site-packages/airflow/example_dags/example_python_operator.py for tasks to queue
[2026-05-21T08:55:53.991+0000] {logging_mixin.py:188} INFO - [2026-05-21T08:55:53.990+0000] {dagbag.py:545} INFO - Filling up the DagBag from /home/airflow/.local/lib/python3.12/site-packages/airflow/example_dags/example_python_operator.py
[2026-05-21T08:55:54.024+0000] {processor.py:840} INFO - DAG(s) 'example_python_operator' retrieved from /home/airflow/.local/lib/python3.12/site-packages/airflow/example_dags/example_python_operator.py
[2026-05-21T08:55:54.676+0000] {logging_mixin.py:188} INFO - [2026-05-21T08:55:54.674+0000] {dag.py:3089} INFO - Sync 1 DAGs
[2026-05-21T08:55:54.776+0000] {logging_mixin.py:188} INFO - [2026-05-21T08:55:54.773+0000] {dag.py:3947} INFO - Setting next_dagrun for example_python_operator to None, run_after=None
[2026-05-21T08:55:54.883+0000] {processor.py:183} INFO - Processing /home/airflow/.local/lib/python3.12/site-packages/airflow/example_dags/example_python_operator.py took 0.930 seconds
[2026-05-21T08:56:25.381+0000] {processor.py:161} INFO - Started process (PID=7177) to work on /home/airflow/.local/lib/python3.12/site-packages/airflow/example_dags/example_python_operator.py
[2026-05-21T08:56:25.384+0000] {processor.py:830} INFO - Processing file /home/airflow/.local/lib/python3.12/site-packages/airflow/example_dags/example_python_operator.py for tasks to queue
[2026-05-21T08:56:25.392+0000] {logging_mixin.py:188} INFO - [2026-05-21T08:56:25.390+0000] {dagbag.py:545} INFO - Filling up the DagBag from /home/airflow/.local/lib/python3.12/site-packages/airflow/example_dags/example_python_operator.py
[2026-05-21T08:56:25.422+0000] {processor.py:840} INFO - DAG(s) 'example_python_operator' retrieved from /home/airflow/.local/lib/python3.12/site-packages/airflow/example_dags/example_python_operator.py
[2026-05-21T08:56:25.507+0000] {logging_mixin.py:188} INFO - [2026-05-21T08:56:25.506+0000] {dag.py:3089} INFO - Sync 1 DAGs
[2026-05-21T08:56:25.970+0000] {logging_mixin.py:188} INFO - [2026-05-21T08:56:25.969+0000] {dag.py:3947} INFO - Setting next_dagrun for example_python_operator to None, run_after=None
[2026-05-21T08:56:26.025+0000] {processor.py:183} INFO - Processing /home/airflow/.local/lib/python3.12/site-packages/airflow/example_dags/example_python_operator.py took 0.661 seconds
[2026-05-21T08:56:56.464+0000] {processor.py:161} INFO - Started process (PID=7237) to work on /home/airflow/.local/lib/python3.12/site-packages/airflow/example_dags/example_python_operator.py
[2026-05-21T08:56:56.468+0000] {processor.py:830} INFO - Processing file /home/airflow/.local/lib/python3.12/site-packages/airflow/example_dags/example_python_operator.py for tasks to queue
[2026-05-21T08:56:56.474+0000] {logging_mixin.py:188} INFO - [2026-05-21T08:56:56.473+0000] {dagbag.py:545} INFO - Filling up the DagBag from /home/airflow/.local/lib/python3.12/site-packages/airflow/example_dags/example_python_operator.py
[2026-05-21T08:56:56.498+0000] {processor.py:840} INFO - DAG(s) 'example_python_operator' retrieved from /home/airflow/.local/lib/python3.12/site-packages/airflow/example_dags/example_python_operator.py
[2026-05-21T08:56:56.562+0000] {logging_mixin.py:188} INFO - [2026-05-21T08:56:56.562+0000] {dag.py:3089} INFO - Sync 1 DAGs
[2026-05-21T08:56:56.594+0000] {logging_mixin.py:188} INFO - [2026-05-21T08:56:56.593+0000] {dag.py:3947} INFO - Setting next_dagrun for example_python_operator to None, run_after=None
[2026-05-21T08:56:56.658+0000] {processor.py:183} INFO - Processing /home/airflow/.local/lib/python3.12/site-packages/airflow/example_dags/example_python_operator.py took 0.208 seconds
[2026-05-21T08:57:26.976+0000] {processor.py:161} INFO - Started process (PID=7297) to work on /home/airflow/.local/lib/python3.12/site-packages/airflow/example_dags/example_python_operator.py
[2026-05-21T08:57:26.979+0000] {processor.py:830} INFO - Processing file /home/airflow/.local/lib/python3.12/site-packages/airflow/example_dags/example_python_operator.py for tasks to queue
[2026-05-21T08:57:26.984+0000] {logging_mixin.py:188} INFO - [2026-05-21T08:57:26.983+0000] {dagbag.py:545} INFO - Filling up the DagBag from /home/airflow/.local/lib/python3.12/site-packages/airflow/example_dags/example_python_operator.py
[2026-05-21T08:57:27.009+0000] {processor.py:840} INFO - DAG(s) 'example_python_operator' retrieved from /home/airflow/.local/lib/python3.12/site-packages/airflow/example_dags/example_python_operator.py
[2026-05-21T08:57:27.067+0000] {logging_mixin.py:188} INFO - [2026-05-21T08:57:27.066+0000] {dag.py:3089} INFO - Sync 1 DAGs
[2026-05-21T08:57:27.097+0000] {logging_mixin.py:188} INFO - [2026-05-21T08:57:27.097+0000] {dag.py:3947} INFO - Setting next_dagrun for example_python_operator to None, run_after=None
[2026-05-21T08:57:27.167+0000] {processor.py:183} INFO - Processing /home/airflow/.local/lib/python3.12/site-packages/airflow/example_dags/example_python_operator.py took 0.208 seconds
[2026-05-21T08:57:57.558+0000] {processor.py:161} INFO - Started process (PID=7357) to work on /home/airflow/.local/lib/python3.12/site-packages/airflow/example_dags/example_python_operator.py
[2026-05-21T08:57:57.561+0000] {processor.py:830} INFO - Processing file /home/airflow/.local/lib/python3.12/site-packages/airflow/example_dags/example_python_operator.py for tasks to queue
[2026-05-21T08:57:57.566+0000] {logging_mixin.py:188} INFO - [2026-05-21T08:57:57.565+0000] {dagbag.py:545} INFO - Filling up the DagBag from /home/airflow/.local/lib/python3.12/site-packages/airflow/example_dags/example_python_operator.py
[2026-05-21T08:57:57.598+0000] {processor.py:840} INFO - DAG(s) 'example_python_operator' retrieved from /home/airflow/.local/lib/python3.12/site-packages/airflow/example_dags/example_python_operator.py
[2026-05-21T08:57:57.699+0000] {logging_mixin.py:188} INFO - [2026-05-21T08:57:57.698+0000] {dag.py:3089} INFO - Sync 1 DAGs
[2026-05-21T08:57:57.750+0000] {logging_mixin.py:188} INFO - [2026-05-21T08:57:57.749+0000] {dag.py:3947} INFO - Setting next_dagrun for example_python_operator to None, run_after=None
[2026-05-21T08:57:57.824+0000] {processor.py:183} INFO - Processing /home/airflow/.local/lib/python3.12/site-packages/airflow/example_dags/example_python_operator.py took 0.283 seconds
[2026-05-21T08:58:28.262+0000] {processor.py:161} INFO - Started process (PID=7417) to work on /home/airflow/.local/lib/python3.12/site-packages/airflow/example_dags/example_python_operator.py
[2026-05-21T08:58:28.266+0000] {processor.py:830} INFO - Processing file /home/airflow/.local/lib/python3.12/site-packages/airflow/example_dags/example_python_operator.py for tasks to queue
[2026-05-21T08:58:28.277+0000] {logging_mixin.py:188} INFO - [2026-05-21T08:58:28.275+0000] {dagbag.py:545} INFO - Filling up the DagBag from /home/airflow/.local/lib/python3.12/site-packages/airflow/example_dags/example_python_operator.py
[2026-05-21T08:58:28.339+0000] {processor.py:840} INFO - DAG(s) 'example_python_operator' retrieved from /home/airflow/.local/lib/python3.12/site-packages/airflow/example_dags/example_python_operator.py
[2026-05-21T08:58:28.435+0000] {logging_mixin.py:188} INFO - [2026-05-21T08:58:28.434+0000] {dag.py:3089} INFO - Sync 1 DAGs
[2026-05-21T08:58:28.496+0000] {logging_mixin.py:188} INFO - [2026-05-21T08:58:28.495+0000] {dag.py:3947} INFO - Setting next_dagrun for example_python_operator to None, run_after=None
[2026-05-21T08:58:28.569+0000] {processor.py:183} INFO - Processing /home/airflow/.local/lib/python3.12/site-packages/airflow/example_dags/example_python_operator.py took 0.322 seconds
[2026-05-21T08:59:02.725+0000] {processor.py:161} INFO - Started process (PID=7477) to work on /home/airflow/.local/lib/python3.12/site-packages/airflow/example_dags/example_python_operator.py
[2026-05-21T08:59:02.729+0000] {processor.py:830} INFO - Processing file /home/airflow/.local/lib/python3.12/site-packages/airflow/example_dags/example_python_operator.py for tasks to queue
[2026-05-21T08:59:02.736+0000] {logging_mixin.py:188} INFO - [2026-05-21T08:59:02.735+0000] {dagbag.py:545} INFO - Filling up the DagBag from /home/airflow/.local/lib/python3.12/site-packages/airflow/example_dags/example_python_operator.py
[2026-05-21T08:59:02.777+0000] {processor.py:840} INFO - DAG(s) 'example_python_operator' retrieved from /home/airflow/.local/lib/python3.12/site-packages/airflow/example_dags/example_python_operator.py
[2026-05-21T08:59:02.912+0000] {logging_mixin.py:188} INFO - [2026-05-21T08:59:02.909+0000] {dag.py:3089} INFO - Sync 1 DAGs
[2026-05-21T08:59:02.956+0000] {logging_mixin.py:188} INFO - [2026-05-21T08:59:02.955+0000] {dag.py:3947} INFO - Setting next_dagrun for example_python_operator to None, run_after=None
[2026-05-21T08:59:03.031+0000] {processor.py:183} INFO - Processing /home/airflow/.local/lib/python3.12/site-packages/airflow/example_dags/example_python_operator.py took 0.331 seconds
[2026-05-21T08:59:33.595+0000] {processor.py:161} INFO - Started process (PID=7537) to work on /home/airflow/.local/lib/python3.12/site-packages/airflow/example_dags/example_python_operator.py
[2026-05-21T08:59:33.633+0000] {processor.py:830} INFO - Processing file /home/airflow/.local/lib/python3.12/site-packages/airflow/example_dags/example_python_operator.py for tasks to queue
[2026-05-21T08:59:33.655+0000] {logging_mixin.py:188} INFO - [2026-05-21T08:59:33.652+0000] {dagbag.py:545} INFO - Filling up the DagBag from /home/airflow/.local/lib/python3.12/site-packages/airflow/example_dags/example_python_operator.py
[2026-05-21T08:59:33.775+0000] {processor.py:840} INFO - DAG(s) 'example_python_operator' retrieved from /home/airflow/.local/lib/python3.12/site-packages/airflow/example_dags/example_python_operator.py
[2026-05-21T08:59:33.896+0000] {logging_mixin.py:188} INFO - [2026-05-21T08:59:33.890+0000] {dag.py:3089} INFO - Sync 1 DAGs
[2026-05-21T08:59:33.958+0000] {logging_mixin.py:188} INFO - [2026-05-21T08:59:33.957+0000] {dag.py:3947} INFO - Setting next_dagrun for example_python_operator to None, run_after=None
[2026-05-21T08:59:34.025+0000] {processor.py:183} INFO - Processing /home/airflow/.local/lib/python3.12/site-packages/airflow/example_dags/example_python_operator.py took 0.540 seconds
[2026-05-21T09:00:05.117+0000] {processor.py:161} INFO - Started process (PID=7599) to work on /home/airflow/.local/lib/python3.12/site-packages/airflow/example_dags/example_python_operator.py
[2026-05-21T09:00:05.120+0000] {processor.py:830} INFO - Processing file /home/airflow/.local/lib/python3.12/site-packages/airflow/example_dags/example_python_operator.py for tasks to queue
[2026-05-21T09:00:05.125+0000] {logging_mixin.py:188} INFO - [2026-05-21T09:00:05.124+0000] {dagbag.py:545} INFO - Filling up the DagBag from /home/airflow/.local/lib/python3.12/site-packages/airflow/example_dags/example_python_operator.py
[2026-05-21T09:00:05.154+0000] {processor.py:840} INFO - DAG(s) 'example_python_operator' retrieved from /home/airflow/.local/lib/python3.12/site-packages/airflow/example_dags/example_python_operator.py
[2026-05-21T09:00:05.230+0000] {logging_mixin.py:188} INFO - [2026-05-21T09:00:05.229+0000] {dag.py:3089} INFO - Sync 1 DAGs
[2026-05-21T09:00:05.295+0000] {logging_mixin.py:188} INFO - [2026-05-21T09:00:05.295+0000] {dag.py:3947} INFO - Setting next_dagrun for example_python_operator to None, run_after=None
[2026-05-21T09:00:05.362+0000] {processor.py:183} INFO - Processing /home/airflow/.local/lib/python3.12/site-packages/airflow/example_dags/example_python_operator.py took 0.260 seconds
[2026-05-21T09:00:35.999+0000] {processor.py:161} INFO - Started process (PID=7661) to work on /home/airflow/.local/lib/python3.12/site-packages/airflow/example_dags/example_python_operator.py
[2026-05-21T09:00:36.006+0000] {processor.py:830} INFO - Processing file /home/airflow/.local/lib/python3.12/site-packages/airflow/example_dags/example_python_operator.py for tasks to queue
[2026-05-21T09:00:36.016+0000] {logging_mixin.py:188} INFO - [2026-05-21T09:00:36.014+0000] {dagbag.py:545} INFO - Filling up the DagBag from /home/airflow/.local/lib/python3.12/site-packages/airflow/example_dags/example_python_operator.py
[2026-05-21T09:00:36.074+0000] {processor.py:840} INFO - DAG(s) 'example_python_operator' retrieved from /home/airflow/.local/lib/python3.12/site-packages/airflow/example_dags/example_python_operator.py
[2026-05-21T09:00:36.153+0000] {logging_mixin.py:188} INFO - [2026-05-21T09:00:36.153+0000] {dag.py:3089} INFO - Sync 1 DAGs
[2026-05-21T09:00:36.214+0000] {logging_mixin.py:188} INFO - [2026-05-21T09:00:36.213+0000] {dag.py:3947} INFO - Setting next_dagrun for example_python_operator to None, run_after=None
[2026-05-21T09:00:36.283+0000] {processor.py:183} INFO - Processing /home/airflow/.local/lib/python3.12/site-packages/airflow/example_dags/example_python_operator.py took 0.322 seconds
[2026-05-21T09:01:06.655+0000] {processor.py:161} INFO - Started process (PID=7721) to work on /home/airflow/.local/lib/python3.12/site-packages/airflow/example_dags/example_python_operator.py
[2026-05-21T09:01:06.658+0000] {processor.py:830} INFO - Processing file /home/airflow/.local/lib/python3.12/site-packages/airflow/example_dags/example_python_operator.py for tasks to queue
[2026-05-21T09:01:06.664+0000] {logging_mixin.py:188} INFO - [2026-05-21T09:01:06.663+0000] {dagbag.py:545} INFO - Filling up the DagBag from /home/airflow/.local/lib/python3.12/site-packages/airflow/example_dags/example_python_operator.py
[2026-05-21T09:01:06.706+0000] {processor.py:840} INFO - DAG(s) 'example_python_operator' retrieved from /home/airflow/.local/lib/python3.12/site-packages/airflow/example_dags/example_python_operator.py
[2026-05-21T09:01:06.788+0000] {logging_mixin.py:188} INFO - [2026-05-21T09:01:06.787+0000] {dag.py:3089} INFO - Sync 1 DAGs
[2026-05-21T09:01:06.838+0000] {logging_mixin.py:188} INFO - [2026-05-21T09:01:06.837+0000] {dag.py:3947} INFO - Setting next_dagrun for example_python_operator to None, run_after=None
[2026-05-21T09:01:06.903+0000] {processor.py:183} INFO - Processing /home/airflow/.local/lib/python3.12/site-packages/airflow/example_dags/example_python_operator.py took 0.266 seconds
[2026-05-21T09:01:37.923+0000] {processor.py:161} INFO - Started process (PID=7782) to work on /home/airflow/.local/lib/python3.12/site-packages/airflow/example_dags/example_python_operator.py
[2026-05-21T09:01:37.927+0000] {processor.py:830} INFO - Processing file /home/airflow/.local/lib/python3.12/site-packages/airflow/example_dags/example_python_operator.py for tasks to queue
[2026-05-21T09:01:37.938+0000] {logging_mixin.py:188} INFO - [2026-05-21T09:01:37.935+0000] {dagbag.py:545} INFO - Filling up the DagBag from /home/airflow/.local/lib/python3.12/site-packages/airflow/example_dags/example_python_operator.py
[2026-05-21T09:01:38.009+0000] {processor.py:840} INFO - DAG(s) 'example_python_operator' retrieved from /home/airflow/.local/lib/python3.12/site-packages/airflow/example_dags/example_python_operator.py
[2026-05-21T09:01:38.096+0000] {logging_mixin.py:188} INFO - [2026-05-21T09:01:38.095+0000] {dag.py:3089} INFO - Sync 1 DAGs
[2026-05-21T09:01:38.148+0000] {logging_mixin.py:188} INFO - [2026-05-21T09:01:38.147+0000] {dag.py:3947} INFO - Setting next_dagrun for example_python_operator to None, run_after=None
[2026-05-21T09:01:38.264+0000] {processor.py:183} INFO - Processing /home/airflow/.local/lib/python3.12/site-packages/airflow/example_dags/example_python_operator.py took 0.370 seconds
[2026-05-21T09:02:09.510+0000] {processor.py:161} INFO - Started process (PID=7845) to work on /home/airflow/.local/lib/python3.12/site-packages/airflow/example_dags/example_python_operator.py
[2026-05-21T09:02:09.513+0000] {processor.py:830} INFO - Processing file /home/airflow/.local/lib/python3.12/site-packages/airflow/example_dags/example_python_operator.py for tasks to queue
[2026-05-21T09:02:09.519+0000] {logging_mixin.py:188} INFO - [2026-05-21T09:02:09.518+0000] {dagbag.py:545} INFO - Filling up the DagBag from /home/airflow/.local/lib/python3.12/site-packages/airflow/example_dags/example_python_operator.py
[2026-05-21T09:02:09.545+0000] {processor.py:840} INFO - DAG(s) 'example_python_operator' retrieved from /home/airflow/.local/lib/python3.12/site-packages/airflow/example_dags/example_python_operator.py
[2026-05-21T09:02:09.619+0000] {logging_mixin.py:188} INFO - [2026-05-21T09:02:09.618+0000] {dag.py:3089} INFO - Sync 1 DAGs
[2026-05-21T09:02:09.670+0000] {logging_mixin.py:188} INFO - [2026-05-21T09:02:09.670+0000] {dag.py:3947} INFO - Setting next_dagrun for example_python_operator to None, run_after=None
[2026-05-21T09:02:09.746+0000] {processor.py:183} INFO - Processing /home/airflow/.local/lib/python3.12/site-packages/airflow/example_dags/example_python_operator.py took 0.251 seconds
[2026-05-21T09:02:41.619+0000] {processor.py:161} INFO - Started process (PID=7905) to work on /home/airflow/.local/lib/python3.12/site-packages/airflow/example_dags/example_python_operator.py
[2026-05-21T09:02:41.622+0000] {processor.py:830} INFO - Processing file /home/airflow/.local/lib/python3.12/site-packages/airflow/example_dags/example_python_operator.py for tasks to queue
[2026-05-21T09:02:41.627+0000] {logging_mixin.py:188} INFO - [2026-05-21T09:02:41.626+0000] {dagbag.py:545} INFO - Filling up the DagBag from /home/airflow/.local/lib/python3.12/site-packages/airflow/example_dags/example_python_operator.py
[2026-05-21T09:02:41.651+0000] {processor.py:840} INFO - DAG(s) 'example_python_operator' retrieved from /home/airflow/.local/lib/python3.12/site-packages/airflow/example_dags/example_python_operator.py
[2026-05-21T09:02:41.768+0000] {logging_mixin.py:188} INFO - [2026-05-21T09:02:41.767+0000] {dag.py:3089} INFO - Sync 1 DAGs
[2026-05-21T09:02:41.825+0000] {logging_mixin.py:188} INFO - [2026-05-21T09:02:41.825+0000] {dag.py:3947} INFO - Setting next_dagrun for example_python_operator to None, run_after=None
[2026-05-21T09:02:41.880+0000] {processor.py:183} INFO - Processing /home/airflow/.local/lib/python3.12/site-packages/airflow/example_dags/example_python_operator.py took 0.276 seconds
[2026-05-21T09:03:12.399+0000] {processor.py:161} INFO - Started process (PID=7965) to work on /home/airflow/.local/lib/python3.12/site-packages/airflow/example_dags/example_python_operator.py
[2026-05-21T09:03:12.404+0000] {processor.py:830} INFO - Processing file /home/airflow/.local/lib/python3.12/site-packages/airflow/example_dags/example_python_operator.py for tasks to queue
[2026-05-21T09:03:12.417+0000] {logging_mixin.py:188} INFO - [2026-05-21T09:03:12.415+0000] {dagbag.py:545} INFO - Filling up the DagBag from /home/airflow/.local/lib/python3.12/site-packages/airflow/example_dags/example_python_operator.py
[2026-05-21T09:03:12.472+0000] {processor.py:840} INFO - DAG(s) 'example_python_operator' retrieved from /home/airflow/.local/lib/python3.12/site-packages/airflow/example_dags/example_python_operator.py
[2026-05-21T09:03:12.605+0000] {logging_mixin.py:188} INFO - [2026-05-21T09:03:12.604+0000] {dag.py:3089} INFO - Sync 1 DAGs
[2026-05-21T09:03:12.641+0000] {logging_mixin.py:188} INFO - [2026-05-21T09:03:12.640+0000] {dag.py:3947} INFO - Setting next_dagrun for example_python_operator to None, run_after=None
[2026-05-21T09:03:12.696+0000] {processor.py:183} INFO - Processing /home/airflow/.local/lib/python3.12/site-packages/airflow/example_dags/example_python_operator.py took 0.325 seconds
[2026-05-21T09:03:43.174+0000] {processor.py:161} INFO - Started process (PID=8025) to work on /home/airflow/.local/lib/python3.12/site-packages/airflow/example_dags/example_python_operator.py
[2026-05-21T09:03:43.182+0000] {processor.py:830} INFO - Processing file /home/airflow/.local/lib/python3.12/site-packages/airflow/example_dags/example_python_operator.py for tasks to queue
[2026-05-21T09:03:43.194+0000] {logging_mixin.py:188} INFO - [2026-05-21T09:03:43.193+0000] {dagbag.py:545} INFO - Filling up the DagBag from /home/airflow/.local/lib/python3.12/site-packages/airflow/example_dags/example_python_operator.py
[2026-05-21T09:03:43.243+0000] {processor.py:840} INFO - DAG(s) 'example_python_operator' retrieved from /home/airflow/.local/lib/python3.12/site-packages/airflow/example_dags/example_python_operator.py
[2026-05-21T09:03:43.392+0000] {logging_mixin.py:188} INFO - [2026-05-21T09:03:43.390+0000] {dag.py:3089} INFO - Sync 1 DAGs
[2026-05-21T09:03:43.458+0000] {logging_mixin.py:188} INFO - [2026-05-21T09:03:43.457+0000] {dag.py:3947} INFO - Setting next_dagrun for example_python_operator to None, run_after=None
[2026-05-21T09:03:43.543+0000] {processor.py:183} INFO - Processing /home/airflow/.local/lib/python3.12/site-packages/airflow/example_dags/example_python_operator.py took 0.404 seconds
[2026-05-21T09:04:13.874+0000] {processor.py:161} INFO - Started process (PID=8090) to work on /home/airflow/.local/lib/python3.12/site-packages/airflow/example_dags/example_python_operator.py
[2026-05-21T09:04:13.877+0000] {processor.py:830} INFO - Processing file /home/airflow/.local/lib/python3.12/site-packages/airflow/example_dags/example_python_operator.py for tasks to queue
[2026-05-21T09:04:13.884+0000] {logging_mixin.py:188} INFO - [2026-05-21T09:04:13.882+0000] {dagbag.py:545} INFO - Filling up the DagBag from /home/airflow/.local/lib/python3.12/site-packages/airflow/example_dags/example_python_operator.py
[2026-05-21T09:04:13.919+0000] {processor.py:840} INFO - DAG(s) 'example_python_operator' retrieved from /home/airflow/.local/lib/python3.12/site-packages/airflow/example_dags/example_python_operator.py
[2026-05-21T09:04:13.995+0000] {logging_mixin.py:188} INFO - [2026-05-21T09:04:13.994+0000] {dag.py:3089} INFO - Sync 1 DAGs
[2026-05-21T09:04:14.042+0000] {logging_mixin.py:188} INFO - [2026-05-21T09:04:14.041+0000] {dag.py:3947} INFO - Setting next_dagrun for example_python_operator to None, run_after=None
[2026-05-21T09:04:14.121+0000] {processor.py:183} INFO - Processing /home/airflow/.local/lib/python3.12/site-packages/airflow/example_dags/example_python_operator.py took 0.265 seconds
[2026-05-21T09:04:45.538+0000] {processor.py:161} INFO - Started process (PID=8150) to work on /home/airflow/.local/lib/python3.12/site-packages/airflow/example_dags/example_python_operator.py
[2026-05-21T09:04:45.541+0000] {processor.py:830} INFO - Processing file /home/airflow/.local/lib/python3.12/site-packages/airflow/example_dags/example_python_operator.py for tasks to queue
[2026-05-21T09:04:45.547+0000] {logging_mixin.py:188} INFO - [2026-05-21T09:04:45.546+0000] {dagbag.py:545} INFO - Filling up the DagBag from /home/airflow/.local/lib/python3.12/site-packages/airflow/example_dags/example_python_operator.py
[2026-05-21T09:04:45.579+0000] {processor.py:840} INFO - DAG(s) 'example_python_operator' retrieved from /home/airflow/.local/lib/python3.12/site-packages/airflow/example_dags/example_python_operator.py
[2026-05-21T09:04:45.647+0000] {logging_mixin.py:188} INFO - [2026-05-21T09:04:45.646+0000] {dag.py:3089} INFO - Sync 1 DAGs
[2026-05-21T09:04:45.713+0000] {logging_mixin.py:188} INFO - [2026-05-21T09:04:45.712+0000] {dag.py:3947} INFO - Setting next_dagrun for example_python_operator to None, run_after=None
[2026-05-21T09:04:45.806+0000] {processor.py:183} INFO - Processing /home/airflow/.local/lib/python3.12/site-packages/airflow/example_dags/example_python_operator.py took 0.283 seconds
[2026-05-21T09:05:17.403+0000] {processor.py:161} INFO - Started process (PID=8209) to work on /home/airflow/.local/lib/python3.12/site-packages/airflow/example_dags/example_python_operator.py
[2026-05-21T09:05:17.406+0000] {processor.py:830} INFO - Processing file /home/airflow/.local/lib/python3.12/site-packages/airflow/example_dags/example_python_operator.py for tasks to queue
[2026-05-21T09:05:17.413+0000] {logging_mixin.py:188} INFO - [2026-05-21T09:05:17.411+0000] {dagbag.py:545} INFO - Filling up the DagBag from /home/airflow/.local/lib/python3.12/site-packages/airflow/example_dags/example_python_operator.py
[2026-05-21T09:05:17.442+0000] {processor.py:840} INFO - DAG(s) 'example_python_operator' retrieved from /home/airflow/.local/lib/python3.12/site-packages/airflow/example_dags/example_python_operator.py
[2026-05-21T09:05:17.520+0000] {logging_mixin.py:188} INFO - [2026-05-21T09:05:17.519+0000] {dag.py:3089} INFO - Sync 1 DAGs
[2026-05-21T09:05:17.557+0000] {logging_mixin.py:188} INFO - [2026-05-21T09:05:17.557+0000] {dag.py:3947} INFO - Setting next_dagrun for example_python_operator to None, run_after=None
[2026-05-21T09:05:17.634+0000] {processor.py:183} INFO - Processing /home/airflow/.local/lib/python3.12/site-packages/airflow/example_dags/example_python_operator.py took 0.249 seconds
[2026-05-21T09:05:49.218+0000] {processor.py:161} INFO - Started process (PID=8271) to work on /home/airflow/.local/lib/python3.12/site-packages/airflow/example_dags/example_python_operator.py
[2026-05-21T09:05:49.226+0000] {processor.py:830} INFO - Processing file /home/airflow/.local/lib/python3.12/site-packages/airflow/example_dags/example_python_operator.py for tasks to queue
[2026-05-21T09:05:49.242+0000] {logging_mixin.py:188} INFO - [2026-05-21T09:05:49.237+0000] {dagbag.py:545} INFO - Filling up the DagBag from /home/airflow/.local/lib/python3.12/site-packages/airflow/example_dags/example_python_operator.py
[2026-05-21T09:05:49.435+0000] {processor.py:840} INFO - DAG(s) 'example_python_operator' retrieved from /home/airflow/.local/lib/python3.12/site-packages/airflow/example_dags/example_python_operator.py
[2026-05-21T09:05:49.711+0000] {logging_mixin.py:188} INFO - [2026-05-21T09:05:49.709+0000] {dag.py:3089} INFO - Sync 1 DAGs
[2026-05-21T09:05:49.820+0000] {logging_mixin.py:188} INFO - [2026-05-21T09:05:49.819+0000] {dag.py:3947} INFO - Setting next_dagrun for example_python_operator to None, run_after=None
[2026-05-21T09:05:49.918+0000] {processor.py:183} INFO - Processing /home/airflow/.local/lib/python3.12/site-packages/airflow/example_dags/example_python_operator.py took 0.754 seconds
[2026-05-21T09:06:20.962+0000] {processor.py:161} INFO - Started process (PID=8332) to work on /home/airflow/.local/lib/python3.12/site-packages/airflow/example_dags/example_python_operator.py
[2026-05-21T09:06:20.966+0000] {processor.py:830} INFO - Processing file /home/airflow/.local/lib/python3.12/site-packages/airflow/example_dags/example_python_operator.py for tasks to queue
[2026-05-21T09:06:20.975+0000] {logging_mixin.py:188} INFO - [2026-05-21T09:06:20.974+0000] {dagbag.py:545} INFO - Filling up the DagBag from /home/airflow/.local/lib/python3.12/site-packages/airflow/example_dags/example_python_operator.py
[2026-05-21T09:06:21.006+0000] {processor.py:840} INFO - DAG(s) 'example_python_operator' retrieved from /home/airflow/.local/lib/python3.12/site-packages/airflow/example_dags/example_python_operator.py
[2026-05-21T09:06:21.084+0000] {logging_mixin.py:188} INFO - [2026-05-21T09:06:21.083+0000] {dag.py:3089} INFO - Sync 1 DAGs
[2026-05-21T09:06:21.128+0000] {logging_mixin.py:188} INFO - [2026-05-21T09:06:21.127+0000] {dag.py:3947} INFO - Setting next_dagrun for example_python_operator to None, run_after=None
[2026-05-21T09:06:21.190+0000] {processor.py:183} INFO - Processing /home/airflow/.local/lib/python3.12/site-packages/airflow/example_dags/example_python_operator.py took 0.259 seconds
[2026-05-21T09:06:51.990+0000] {processor.py:161} INFO - Started process (PID=8392) to work on /home/airflow/.local/lib/python3.12/site-packages/airflow/example_dags/example_python_operator.py
[2026-05-21T09:06:51.994+0000] {processor.py:830} INFO - Processing file /home/airflow/.local/lib/python3.12/site-packages/airflow/example_dags/example_python_operator.py for tasks to queue
[2026-05-21T09:06:52.003+0000] {logging_mixin.py:188} INFO - [2026-05-21T09:06:52.001+0000] {dagbag.py:545} INFO - Filling up the DagBag from /home/airflow/.local/lib/python3.12/site-packages/airflow/example_dags/example_python_operator.py
[2026-05-21T09:06:52.037+0000] {processor.py:840} INFO - DAG(s) 'example_python_operator' retrieved from /home/airflow/.local/lib/python3.12/site-packages/airflow/example_dags/example_python_operator.py
[2026-05-21T09:06:52.140+0000] {logging_mixin.py:188} INFO - [2026-05-21T09:06:52.139+0000] {dag.py:3089} INFO - Sync 1 DAGs
[2026-05-21T09:06:52.193+0000] {logging_mixin.py:188} INFO - [2026-05-21T09:06:52.192+0000] {dag.py:3947} INFO - Setting next_dagrun for example_python_operator to None, run_after=None
[2026-05-21T09:06:52.265+0000] {processor.py:183} INFO - Processing /home/airflow/.local/lib/python3.12/site-packages/airflow/example_dags/example_python_operator.py took 0.305 seconds
[2026-05-21T09:07:23.400+0000] {processor.py:161} INFO - Started process (PID=8453) to work on /home/airflow/.local/lib/python3.12/site-packages/airflow/example_dags/example_python_operator.py
[2026-05-21T09:07:23.404+0000] {processor.py:830} INFO - Processing file /home/airflow/.local/lib/python3.12/site-packages/airflow/example_dags/example_python_operator.py for tasks to queue
[2026-05-21T09:07:23.416+0000] {logging_mixin.py:188} INFO - [2026-05-21T09:07:23.415+0000] {dagbag.py:545} INFO - Filling up the DagBag from /home/airflow/.local/lib/python3.12/site-packages/airflow/example_dags/example_python_operator.py
[2026-05-21T09:07:23.461+0000] {processor.py:840} INFO - DAG(s) 'example_python_operator' retrieved from /home/airflow/.local/lib/python3.12/site-packages/airflow/example_dags/example_python_operator.py
[2026-05-21T09:07:23.626+0000] {logging_mixin.py:188} INFO - [2026-05-21T09:07:23.624+0000] {dag.py:3089} INFO - Sync 1 DAGs
[2026-05-21T09:07:23.745+0000] {logging_mixin.py:188} INFO - [2026-05-21T09:07:23.743+0000] {dag.py:3947} INFO - Setting next_dagrun for example_python_operator to None, run_after=None
[2026-05-21T09:07:23.865+0000] {processor.py:183} INFO - Processing /home/airflow/.local/lib/python3.12/site-packages/airflow/example_dags/example_python_operator.py took 0.509 seconds
[2026-05-21T11:07:46.782+0000] {processor.py:161} INFO - Started process (PID=8546) to work on /home/airflow/.local/lib/python3.12/site-packages/airflow/example_dags/example_python_operator.py
[2026-05-21T11:07:46.788+0000] {processor.py:830} INFO - Processing file /home/airflow/.local/lib/python3.12/site-packages/airflow/example_dags/example_python_operator.py for tasks to queue
[2026-05-21T11:07:46.794+0000] {logging_mixin.py:188} INFO - [2026-05-21T11:07:46.793+0000] {dagbag.py:545} INFO - Filling up the DagBag from /home/airflow/.local/lib/python3.12/site-packages/airflow/example_dags/example_python_operator.py
[2026-05-21T11:07:46.836+0000] {processor.py:840} INFO - DAG(s) 'example_python_operator' retrieved from /home/airflow/.local/lib/python3.12/site-packages/airflow/example_dags/example_python_operator.py
[2026-05-21T11:07:47.046+0000] {logging_mixin.py:188} INFO - [2026-05-21T11:07:47.044+0000] {dag.py:3089} INFO - Sync 1 DAGs
[2026-05-21T11:07:47.164+0000] {logging_mixin.py:188} INFO - [2026-05-21T11:07:47.163+0000] {dag.py:3947} INFO - Setting next_dagrun for example_python_operator to None, run_after=None
[2026-05-21T11:07:47.258+0000] {processor.py:183} INFO - Processing /home/airflow/.local/lib/python3.12/site-packages/airflow/example_dags/example_python_operator.py took 0.609 seconds
[2026-05-21T11:08:22.708+0000] {processor.py:161} INFO - Started process (PID=8608) to work on /home/airflow/.local/lib/python3.12/site-packages/airflow/example_dags/example_python_operator.py
[2026-05-21T11:08:22.712+0000] {processor.py:830} INFO - Processing file /home/airflow/.local/lib/python3.12/site-packages/airflow/example_dags/example_python_operator.py for tasks to queue
[2026-05-21T11:08:22.719+0000] {logging_mixin.py:188} INFO - [2026-05-21T11:08:22.717+0000] {dagbag.py:545} INFO - Filling up the DagBag from /home/airflow/.local/lib/python3.12/site-packages/airflow/example_dags/example_python_operator.py
[2026-05-21T11:08:22.754+0000] {processor.py:840} INFO - DAG(s) 'example_python_operator' retrieved from /home/airflow/.local/lib/python3.12/site-packages/airflow/example_dags/example_python_operator.py
[2026-05-21T11:08:22.819+0000] {logging_mixin.py:188} INFO - [2026-05-21T11:08:22.819+0000] {dag.py:3089} INFO - Sync 1 DAGs
[2026-05-21T11:08:22.849+0000] {logging_mixin.py:188} INFO - [2026-05-21T11:08:22.849+0000] {dag.py:3947} INFO - Setting next_dagrun for example_python_operator to None, run_after=None
[2026-05-21T11:08:22.905+0000] {processor.py:183} INFO - Processing /home/airflow/.local/lib/python3.12/site-packages/airflow/example_dags/example_python_operator.py took 0.214 seconds
[2026-05-21T11:08:54.371+0000] {processor.py:161} INFO - Started process (PID=8668) to work on /home/airflow/.local/lib/python3.12/site-packages/airflow/example_dags/example_python_operator.py
[2026-05-21T11:08:54.378+0000] {processor.py:830} INFO - Processing file /home/airflow/.local/lib/python3.12/site-packages/airflow/example_dags/example_python_operator.py for tasks to queue
[2026-05-21T11:08:54.388+0000] {logging_mixin.py:188} INFO - [2026-05-21T11:08:54.386+0000] {dagbag.py:545} INFO - Filling up the DagBag from /home/airflow/.local/lib/python3.12/site-packages/airflow/example_dags/example_python_operator.py
[2026-05-21T11:08:54.443+0000] {processor.py:840} INFO - DAG(s) 'example_python_operator' retrieved from /home/airflow/.local/lib/python3.12/site-packages/airflow/example_dags/example_python_operator.py
[2026-05-21T11:08:54.521+0000] {logging_mixin.py:188} INFO - [2026-05-21T11:08:54.520+0000] {dag.py:3089} INFO - Sync 1 DAGs
[2026-05-21T11:08:54.584+0000] {logging_mixin.py:188} INFO - [2026-05-21T11:08:54.583+0000] {dag.py:3947} INFO - Setting next_dagrun for example_python_operator to None, run_after=None
[2026-05-21T11:08:54.664+0000] {processor.py:183} INFO - Processing /home/airflow/.local/lib/python3.12/site-packages/airflow/example_dags/example_python_operator.py took 0.316 seconds
[2026-05-21T11:09:27.853+0000] {processor.py:161} INFO - Started process (PID=8729) to work on /home/airflow/.local/lib/python3.12/site-packages/airflow/example_dags/example_python_operator.py
[2026-05-21T11:09:27.857+0000] {processor.py:830} INFO - Processing file /home/airflow/.local/lib/python3.12/site-packages/airflow/example_dags/example_python_operator.py for tasks to queue
[2026-05-21T11:09:27.865+0000] {logging_mixin.py:188} INFO - [2026-05-21T11:09:27.864+0000] {dagbag.py:545} INFO - Filling up the DagBag from /home/airflow/.local/lib/python3.12/site-packages/airflow/example_dags/example_python_operator.py
[2026-05-21T11:09:27.908+0000] {processor.py:840} INFO - DAG(s) 'example_python_operator' retrieved from /home/airflow/.local/lib/python3.12/site-packages/airflow/example_dags/example_python_operator.py
[2026-05-21T11:09:27.984+0000] {logging_mixin.py:188} INFO - [2026-05-21T11:09:27.983+0000] {dag.py:3089} INFO - Sync 1 DAGs
[2026-05-21T11:09:28.039+0000] {logging_mixin.py:188} INFO - [2026-05-21T11:09:28.038+0000] {dag.py:3947} INFO - Setting next_dagrun for example_python_operator to None, run_after=None
[2026-05-21T11:09:28.110+0000] {processor.py:183} INFO - Processing /home/airflow/.local/lib/python3.12/site-packages/airflow/example_dags/example_python_operator.py took 0.275 seconds
[2026-05-21T11:09:58.492+0000] {processor.py:161} INFO - Started process (PID=8789) to work on /home/airflow/.local/lib/python3.12/site-packages/airflow/example_dags/example_python_operator.py
[2026-05-21T11:09:58.495+0000] {processor.py:830} INFO - Processing file /home/airflow/.local/lib/python3.12/site-packages/airflow/example_dags/example_python_operator.py for tasks to queue
[2026-05-21T11:09:58.501+0000] {logging_mixin.py:188} INFO - [2026-05-21T11:09:58.500+0000] {dagbag.py:545} INFO - Filling up the DagBag from /home/airflow/.local/lib/python3.12/site-packages/airflow/example_dags/example_python_operator.py
[2026-05-21T11:09:58.530+0000] {processor.py:840} INFO - DAG(s) 'example_python_operator' retrieved from /home/airflow/.local/lib/python3.12/site-packages/airflow/example_dags/example_python_operator.py
[2026-05-21T11:09:58.622+0000] {logging_mixin.py:188} INFO - [2026-05-21T11:09:58.621+0000] {dag.py:3089} INFO - Sync 1 DAGs
[2026-05-21T11:09:58.671+0000] {logging_mixin.py:188} INFO - [2026-05-21T11:09:58.670+0000] {dag.py:3947} INFO - Setting next_dagrun for example_python_operator to None, run_after=None
[2026-05-21T11:09:58.782+0000] {processor.py:183} INFO - Processing /home/airflow/.local/lib/python3.12/site-packages/airflow/example_dags/example_python_operator.py took 0.312 seconds
[2026-05-21T11:10:30.435+0000] {processor.py:161} INFO - Started process (PID=8849) to work on /home/airflow/.local/lib/python3.12/site-packages/airflow/example_dags/example_python_operator.py
[2026-05-21T11:10:30.439+0000] {processor.py:830} INFO - Processing file /home/airflow/.local/lib/python3.12/site-packages/airflow/example_dags/example_python_operator.py for tasks to queue
[2026-05-21T11:10:30.447+0000] {logging_mixin.py:188} INFO - [2026-05-21T11:10:30.446+0000] {dagbag.py:545} INFO - Filling up the DagBag from /home/airflow/.local/lib/python3.12/site-packages/airflow/example_dags/example_python_operator.py
[2026-05-21T11:10:30.494+0000] {processor.py:840} INFO - DAG(s) 'example_python_operator' retrieved from /home/airflow/.local/lib/python3.12/site-packages/airflow/example_dags/example_python_operator.py
[2026-05-21T11:10:30.620+0000] {logging_mixin.py:188} INFO - [2026-05-21T11:10:30.618+0000] {dag.py:3089} INFO - Sync 1 DAGs
[2026-05-21T11:10:30.677+0000] {logging_mixin.py:188} INFO - [2026-05-21T11:10:30.675+0000] {dag.py:3947} INFO - Setting next_dagrun for example_python_operator to None, run_after=None
[2026-05-21T11:10:30.748+0000] {processor.py:183} INFO - Processing /home/airflow/.local/lib/python3.12/site-packages/airflow/example_dags/example_python_operator.py took 0.368 seconds
[2026-05-21T11:11:01.036+0000] {processor.py:161} INFO - Started process (PID=8910) to work on /home/airflow/.local/lib/python3.12/site-packages/airflow/example_dags/example_python_operator.py
[2026-05-21T11:11:01.039+0000] {processor.py:830} INFO - Processing file /home/airflow/.local/lib/python3.12/site-packages/airflow/example_dags/example_python_operator.py for tasks to queue
[2026-05-21T11:11:01.044+0000] {logging_mixin.py:188} INFO - [2026-05-21T11:11:01.043+0000] {dagbag.py:545} INFO - Filling up the DagBag from /home/airflow/.local/lib/python3.12/site-packages/airflow/example_dags/example_python_operator.py
[2026-05-21T11:11:01.072+0000] {processor.py:840} INFO - DAG(s) 'example_python_operator' retrieved from /home/airflow/.local/lib/python3.12/site-packages/airflow/example_dags/example_python_operator.py
[2026-05-21T11:11:01.145+0000] {logging_mixin.py:188} INFO - [2026-05-21T11:11:01.144+0000] {dag.py:3089} INFO - Sync 1 DAGs
[2026-05-21T11:11:01.192+0000] {logging_mixin.py:188} INFO - [2026-05-21T11:11:01.191+0000] {dag.py:3947} INFO - Setting next_dagrun for example_python_operator to None, run_after=None
[2026-05-21T11:11:01.281+0000] {processor.py:183} INFO - Processing /home/airflow/.local/lib/python3.12/site-packages/airflow/example_dags/example_python_operator.py took 0.259 seconds
[2026-05-21T11:11:32.139+0000] {processor.py:161} INFO - Started process (PID=8970) to work on /home/airflow/.local/lib/python3.12/site-packages/airflow/example_dags/example_python_operator.py
[2026-05-21T11:11:32.143+0000] {processor.py:830} INFO - Processing file /home/airflow/.local/lib/python3.12/site-packages/airflow/example_dags/example_python_operator.py for tasks to queue
[2026-05-21T11:11:32.149+0000] {logging_mixin.py:188} INFO - [2026-05-21T11:11:32.148+0000] {dagbag.py:545} INFO - Filling up the DagBag from /home/airflow/.local/lib/python3.12/site-packages/airflow/example_dags/example_python_operator.py
[2026-05-21T11:11:32.186+0000] {processor.py:840} INFO - DAG(s) 'example_python_operator' retrieved from /home/airflow/.local/lib/python3.12/site-packages/airflow/example_dags/example_python_operator.py
[2026-05-21T11:11:32.265+0000] {logging_mixin.py:188} INFO - [2026-05-21T11:11:32.265+0000] {dag.py:3089} INFO - Sync 1 DAGs
[2026-05-21T11:11:32.299+0000] {logging_mixin.py:188} INFO - [2026-05-21T11:11:32.299+0000] {dag.py:3947} INFO - Setting next_dagrun for example_python_operator to None, run_after=None
[2026-05-21T11:11:32.352+0000] {processor.py:183} INFO - Processing /home/airflow/.local/lib/python3.12/site-packages/airflow/example_dags/example_python_operator.py took 0.232 seconds
[2026-05-21T11:12:09.610+0000] {processor.py:161} INFO - Started process (PID=9034) to work on /home/airflow/.local/lib/python3.12/site-packages/airflow/example_dags/example_python_operator.py
[2026-05-21T11:12:09.614+0000] {processor.py:830} INFO - Processing file /home/airflow/.local/lib/python3.12/site-packages/airflow/example_dags/example_python_operator.py for tasks to queue
[2026-05-21T11:12:09.624+0000] {logging_mixin.py:188} INFO - [2026-05-21T11:12:09.622+0000] {dagbag.py:545} INFO - Filling up the DagBag from /home/airflow/.local/lib/python3.12/site-packages/airflow/example_dags/example_python_operator.py
[2026-05-21T11:12:09.675+0000] {processor.py:840} INFO - DAG(s) 'example_python_operator' retrieved from /home/airflow/.local/lib/python3.12/site-packages/airflow/example_dags/example_python_operator.py
[2026-05-21T11:12:09.879+0000] {logging_mixin.py:188} INFO - [2026-05-21T11:12:09.878+0000] {dag.py:3089} INFO - Sync 1 DAGs
[2026-05-21T11:12:10.093+0000] {logging_mixin.py:188} INFO - [2026-05-21T11:12:10.091+0000] {dag.py:3947} INFO - Setting next_dagrun for example_python_operator to None, run_after=None
[2026-05-21T11:12:10.209+0000] {processor.py:183} INFO - Processing /home/airflow/.local/lib/python3.12/site-packages/airflow/example_dags/example_python_operator.py took 0.622 seconds
[2026-05-21T11:12:40.966+0000] {processor.py:161} INFO - Started process (PID=9100) to work on /home/airflow/.local/lib/python3.12/site-packages/airflow/example_dags/example_python_operator.py
[2026-05-21T11:12:40.971+0000] {processor.py:830} INFO - Processing file /home/airflow/.local/lib/python3.12/site-packages/airflow/example_dags/example_python_operator.py for tasks to queue
[2026-05-21T11:12:40.981+0000] {logging_mixin.py:188} INFO - [2026-05-21T11:12:40.979+0000] {dagbag.py:545} INFO - Filling up the DagBag from /home/airflow/.local/lib/python3.12/site-packages/airflow/example_dags/example_python_operator.py
[2026-05-21T11:12:41.012+0000] {processor.py:840} INFO - DAG(s) 'example_python_operator' retrieved from /home/airflow/.local/lib/python3.12/site-packages/airflow/example_dags/example_python_operator.py
[2026-05-21T11:12:41.242+0000] {logging_mixin.py:188} INFO - [2026-05-21T11:12:41.240+0000] {dag.py:3089} INFO - Sync 1 DAGs
[2026-05-21T11:12:41.311+0000] {logging_mixin.py:188} INFO - [2026-05-21T11:12:41.310+0000] {dag.py:3947} INFO - Setting next_dagrun for example_python_operator to None, run_after=None
[2026-05-21T11:12:41.707+0000] {processor.py:183} INFO - Processing /home/airflow/.local/lib/python3.12/site-packages/airflow/example_dags/example_python_operator.py took 0.778 seconds
[2026-05-21T11:13:12.312+0000] {processor.py:161} INFO - Started process (PID=9160) to work on /home/airflow/.local/lib/python3.12/site-packages/airflow/example_dags/example_python_operator.py
[2026-05-21T11:13:12.318+0000] {processor.py:830} INFO - Processing file /home/airflow/.local/lib/python3.12/site-packages/airflow/example_dags/example_python_operator.py for tasks to queue
[2026-05-21T11:13:12.327+0000] {logging_mixin.py:188} INFO - [2026-05-21T11:13:12.325+0000] {dagbag.py:545} INFO - Filling up the DagBag from /home/airflow/.local/lib/python3.12/site-packages/airflow/example_dags/example_python_operator.py
[2026-05-21T11:13:12.397+0000] {processor.py:840} INFO - DAG(s) 'example_python_operator' retrieved from /home/airflow/.local/lib/python3.12/site-packages/airflow/example_dags/example_python_operator.py
[2026-05-21T11:13:12.528+0000] {logging_mixin.py:188} INFO - [2026-05-21T11:13:12.528+0000] {dag.py:3089} INFO - Sync 1 DAGs
[2026-05-21T11:13:12.573+0000] {logging_mixin.py:188} INFO - [2026-05-21T11:13:12.573+0000] {dag.py:3947} INFO - Setting next_dagrun for example_python_operator to None, run_after=None
[2026-05-21T11:13:12.654+0000] {processor.py:183} INFO - Processing /home/airflow/.local/lib/python3.12/site-packages/airflow/example_dags/example_python_operator.py took 0.407 seconds
[2026-05-21T11:13:43.870+0000] {processor.py:161} INFO - Started process (PID=9221) to work on /home/airflow/.local/lib/python3.12/site-packages/airflow/example_dags/example_python_operator.py
[2026-05-21T11:13:43.874+0000] {processor.py:830} INFO - Processing file /home/airflow/.local/lib/python3.12/site-packages/airflow/example_dags/example_python_operator.py for tasks to queue
[2026-05-21T11:13:43.881+0000] {logging_mixin.py:188} INFO - [2026-05-21T11:13:43.880+0000] {dagbag.py:545} INFO - Filling up the DagBag from /home/airflow/.local/lib/python3.12/site-packages/airflow/example_dags/example_python_operator.py
[2026-05-21T11:13:43.920+0000] {processor.py:840} INFO - DAG(s) 'example_python_operator' retrieved from /home/airflow/.local/lib/python3.12/site-packages/airflow/example_dags/example_python_operator.py
[2026-05-21T11:13:43.993+0000] {logging_mixin.py:188} INFO - [2026-05-21T11:13:43.992+0000] {dag.py:3089} INFO - Sync 1 DAGs
[2026-05-21T11:13:44.043+0000] {logging_mixin.py:188} INFO - [2026-05-21T11:13:44.041+0000] {dag.py:3947} INFO - Setting next_dagrun for example_python_operator to None, run_after=None
[2026-05-21T11:13:44.135+0000] {processor.py:183} INFO - Processing /home/airflow/.local/lib/python3.12/site-packages/airflow/example_dags/example_python_operator.py took 0.287 seconds
[2026-05-21T11:14:14.432+0000] {processor.py:161} INFO - Started process (PID=9282) to work on /home/airflow/.local/lib/python3.12/site-packages/airflow/example_dags/example_python_operator.py
[2026-05-21T11:14:14.437+0000] {processor.py:830} INFO - Processing file /home/airflow/.local/lib/python3.12/site-packages/airflow/example_dags/example_python_operator.py for tasks to queue
[2026-05-21T11:14:14.446+0000] {logging_mixin.py:188} INFO - [2026-05-21T11:14:14.445+0000] {dagbag.py:545} INFO - Filling up the DagBag from /home/airflow/.local/lib/python3.12/site-packages/airflow/example_dags/example_python_operator.py
[2026-05-21T11:14:14.483+0000] {processor.py:840} INFO - DAG(s) 'example_python_operator' retrieved from /home/airflow/.local/lib/python3.12/site-packages/airflow/example_dags/example_python_operator.py
[2026-05-21T11:14:14.550+0000] {logging_mixin.py:188} INFO - [2026-05-21T11:14:14.549+0000] {dag.py:3089} INFO - Sync 1 DAGs
[2026-05-21T11:14:14.585+0000] {logging_mixin.py:188} INFO - [2026-05-21T11:14:14.584+0000] {dag.py:3947} INFO - Setting next_dagrun for example_python_operator to None, run_after=None
[2026-05-21T11:14:14.644+0000] {processor.py:183} INFO - Processing /home/airflow/.local/lib/python3.12/site-packages/airflow/example_dags/example_python_operator.py took 0.234 seconds
[2026-05-21T11:14:48.546+0000] {processor.py:161} INFO - Started process (PID=9342) to work on /home/airflow/.local/lib/python3.12/site-packages/airflow/example_dags/example_python_operator.py
[2026-05-21T11:14:48.552+0000] {processor.py:830} INFO - Processing file /home/airflow/.local/lib/python3.12/site-packages/airflow/example_dags/example_python_operator.py for tasks to queue
[2026-05-21T11:14:48.558+0000] {logging_mixin.py:188} INFO - [2026-05-21T11:14:48.557+0000] {dagbag.py:545} INFO - Filling up the DagBag from /home/airflow/.local/lib/python3.12/site-packages/airflow/example_dags/example_python_operator.py
[2026-05-21T11:14:48.596+0000] {processor.py:840} INFO - DAG(s) 'example_python_operator' retrieved from /home/airflow/.local/lib/python3.12/site-packages/airflow/example_dags/example_python_operator.py
[2026-05-21T11:14:48.695+0000] {logging_mixin.py:188} INFO - [2026-05-21T11:14:48.694+0000] {dag.py:3089} INFO - Sync 1 DAGs
[2026-05-21T11:14:48.739+0000] {logging_mixin.py:188} INFO - [2026-05-21T11:14:48.739+0000] {dag.py:3947} INFO - Setting next_dagrun for example_python_operator to None, run_after=None
[2026-05-21T11:14:48.815+0000] {processor.py:183} INFO - Processing /home/airflow/.local/lib/python3.12/site-packages/airflow/example_dags/example_python_operator.py took 0.290 seconds
[2026-05-21T11:15:21.597+0000] {processor.py:161} INFO - Started process (PID=9402) to work on /home/airflow/.local/lib/python3.12/site-packages/airflow/example_dags/example_python_operator.py
[2026-05-21T11:15:21.604+0000] {processor.py:830} INFO - Processing file /home/airflow/.local/lib/python3.12/site-packages/airflow/example_dags/example_python_operator.py for tasks to queue
[2026-05-21T11:15:21.611+0000] {logging_mixin.py:188} INFO - [2026-05-21T11:15:21.609+0000] {dagbag.py:545} INFO - Filling up the DagBag from /home/airflow/.local/lib/python3.12/site-packages/airflow/example_dags/example_python_operator.py
[2026-05-21T11:15:21.715+0000] {processor.py:840} INFO - DAG(s) 'example_python_operator' retrieved from /home/airflow/.local/lib/python3.12/site-packages/airflow/example_dags/example_python_operator.py
[2026-05-21T11:15:21.932+0000] {logging_mixin.py:188} INFO - [2026-05-21T11:15:21.931+0000] {dag.py:3089} INFO - Sync 1 DAGs
[2026-05-21T11:15:22.000+0000] {logging_mixin.py:188} INFO - [2026-05-21T11:15:21.999+0000] {dag.py:3947} INFO - Setting next_dagrun for example_python_operator to None, run_after=None
[2026-05-21T11:15:22.083+0000] {processor.py:183} INFO - Processing /home/airflow/.local/lib/python3.12/site-packages/airflow/example_dags/example_python_operator.py took 0.537 seconds
[2026-05-21T11:15:52.288+0000] {processor.py:161} INFO - Started process (PID=9462) to work on /home/airflow/.local/lib/python3.12/site-packages/airflow/example_dags/example_python_operator.py
[2026-05-21T11:15:52.296+0000] {processor.py:830} INFO - Processing file /home/airflow/.local/lib/python3.12/site-packages/airflow/example_dags/example_python_operator.py for tasks to queue
[2026-05-21T11:15:52.313+0000] {logging_mixin.py:188} INFO - [2026-05-21T11:15:52.312+0000] {dagbag.py:545} INFO - Filling up the DagBag from /home/airflow/.local/lib/python3.12/site-packages/airflow/example_dags/example_python_operator.py
[2026-05-21T11:15:52.364+0000] {processor.py:840} INFO - DAG(s) 'example_python_operator' retrieved from /home/airflow/.local/lib/python3.12/site-packages/airflow/example_dags/example_python_operator.py
[2026-05-21T11:15:52.498+0000] {logging_mixin.py:188} INFO - [2026-05-21T11:15:52.497+0000] {dag.py:3089} INFO - Sync 1 DAGs
[2026-05-21T11:15:52.592+0000] {logging_mixin.py:188} INFO - [2026-05-21T11:15:52.591+0000] {dag.py:3947} INFO - Setting next_dagrun for example_python_operator to None, run_after=None
[2026-05-21T11:15:52.712+0000] {processor.py:183} INFO - Processing /home/airflow/.local/lib/python3.12/site-packages/airflow/example_dags/example_python_operator.py took 0.454 seconds
[2026-05-21T11:16:23.759+0000] {processor.py:161} INFO - Started process (PID=9521) to work on /home/airflow/.local/lib/python3.12/site-packages/airflow/example_dags/example_python_operator.py
[2026-05-21T11:16:23.765+0000] {processor.py:830} INFO - Processing file /home/airflow/.local/lib/python3.12/site-packages/airflow/example_dags/example_python_operator.py for tasks to queue
[2026-05-21T11:16:23.779+0000] {logging_mixin.py:188} INFO - [2026-05-21T11:16:23.777+0000] {dagbag.py:545} INFO - Filling up the DagBag from /home/airflow/.local/lib/python3.12/site-packages/airflow/example_dags/example_python_operator.py
[2026-05-21T11:16:23.829+0000] {processor.py:840} INFO - DAG(s) 'example_python_operator' retrieved from /home/airflow/.local/lib/python3.12/site-packages/airflow/example_dags/example_python_operator.py
[2026-05-21T11:16:23.967+0000] {logging_mixin.py:188} INFO - [2026-05-21T11:16:23.966+0000] {dag.py:3089} INFO - Sync 1 DAGs
[2026-05-21T11:16:24.091+0000] {logging_mixin.py:188} INFO - [2026-05-21T11:16:24.089+0000] {dag.py:3947} INFO - Setting next_dagrun for example_python_operator to None, run_after=None
[2026-05-21T11:16:24.246+0000] {processor.py:183} INFO - Processing /home/airflow/.local/lib/python3.12/site-packages/airflow/example_dags/example_python_operator.py took 0.516 seconds
[2026-05-21T11:16:54.777+0000] {processor.py:161} INFO - Started process (PID=9581) to work on /home/airflow/.local/lib/python3.12/site-packages/airflow/example_dags/example_python_operator.py
[2026-05-21T11:16:54.781+0000] {processor.py:830} INFO - Processing file /home/airflow/.local/lib/python3.12/site-packages/airflow/example_dags/example_python_operator.py for tasks to queue
[2026-05-21T11:16:54.787+0000] {logging_mixin.py:188} INFO - [2026-05-21T11:16:54.786+0000] {dagbag.py:545} INFO - Filling up the DagBag from /home/airflow/.local/lib/python3.12/site-packages/airflow/example_dags/example_python_operator.py
[2026-05-21T11:16:54.820+0000] {processor.py:840} INFO - DAG(s) 'example_python_operator' retrieved from /home/airflow/.local/lib/python3.12/site-packages/airflow/example_dags/example_python_operator.py
[2026-05-21T11:16:54.889+0000] {logging_mixin.py:188} INFO - [2026-05-21T11:16:54.888+0000] {dag.py:3089} INFO - Sync 1 DAGs
[2026-05-21T11:16:54.928+0000] {logging_mixin.py:188} INFO - [2026-05-21T11:16:54.927+0000] {dag.py:3947} INFO - Setting next_dagrun for example_python_operator to None, run_after=None
[2026-05-21T11:16:55.004+0000] {processor.py:183} INFO - Processing /home/airflow/.local/lib/python3.12/site-packages/airflow/example_dags/example_python_operator.py took 0.244 seconds
[2026-05-21T11:17:25.832+0000] {processor.py:161} INFO - Started process (PID=9642) to work on /home/airflow/.local/lib/python3.12/site-packages/airflow/example_dags/example_python_operator.py
[2026-05-21T11:17:25.836+0000] {processor.py:830} INFO - Processing file /home/airflow/.local/lib/python3.12/site-packages/airflow/example_dags/example_python_operator.py for tasks to queue
[2026-05-21T11:17:25.844+0000] {logging_mixin.py:188} INFO - [2026-05-21T11:17:25.843+0000] {dagbag.py:545} INFO - Filling up the DagBag from /home/airflow/.local/lib/python3.12/site-packages/airflow/example_dags/example_python_operator.py
[2026-05-21T11:17:25.887+0000] {processor.py:840} INFO - DAG(s) 'example_python_operator' retrieved from /home/airflow/.local/lib/python3.12/site-packages/airflow/example_dags/example_python_operator.py
[2026-05-21T11:17:25.975+0000] {logging_mixin.py:188} INFO - [2026-05-21T11:17:25.974+0000] {dag.py:3089} INFO - Sync 1 DAGs
[2026-05-21T11:17:26.022+0000] {logging_mixin.py:188} INFO - [2026-05-21T11:17:26.022+0000] {dag.py:3947} INFO - Setting next_dagrun for example_python_operator to None, run_after=None
[2026-05-21T11:17:26.081+0000] {processor.py:183} INFO - Processing /home/airflow/.local/lib/python3.12/site-packages/airflow/example_dags/example_python_operator.py took 0.268 seconds
[2026-05-21T11:17:56.584+0000] {processor.py:161} INFO - Started process (PID=9702) to work on /home/airflow/.local/lib/python3.12/site-packages/airflow/example_dags/example_python_operator.py
[2026-05-21T11:17:56.587+0000] {processor.py:830} INFO - Processing file /home/airflow/.local/lib/python3.12/site-packages/airflow/example_dags/example_python_operator.py for tasks to queue
[2026-05-21T11:17:56.594+0000] {logging_mixin.py:188} INFO - [2026-05-21T11:17:56.593+0000] {dagbag.py:545} INFO - Filling up the DagBag from /home/airflow/.local/lib/python3.12/site-packages/airflow/example_dags/example_python_operator.py
[2026-05-21T11:17:56.626+0000] {processor.py:840} INFO - DAG(s) 'example_python_operator' retrieved from /home/airflow/.local/lib/python3.12/site-packages/airflow/example_dags/example_python_operator.py
[2026-05-21T11:17:56.741+0000] {logging_mixin.py:188} INFO - [2026-05-21T11:17:56.739+0000] {dag.py:3089} INFO - Sync 1 DAGs
[2026-05-21T11:17:56.849+0000] {logging_mixin.py:188} INFO - [2026-05-21T11:17:56.847+0000] {dag.py:3947} INFO - Setting next_dagrun for example_python_operator to None, run_after=None
[2026-05-21T11:17:57.124+0000] {processor.py:183} INFO - Processing /home/airflow/.local/lib/python3.12/site-packages/airflow/example_dags/example_python_operator.py took 0.566 seconds
[2026-05-21T11:18:27.725+0000] {processor.py:161} INFO - Started process (PID=9762) to work on /home/airflow/.local/lib/python3.12/site-packages/airflow/example_dags/example_python_operator.py
[2026-05-21T11:18:27.731+0000] {processor.py:830} INFO - Processing file /home/airflow/.local/lib/python3.12/site-packages/airflow/example_dags/example_python_operator.py for tasks to queue
[2026-05-21T11:18:27.754+0000] {logging_mixin.py:188} INFO - [2026-05-21T11:18:27.742+0000] {dagbag.py:545} INFO - Filling up the DagBag from /home/airflow/.local/lib/python3.12/site-packages/airflow/example_dags/example_python_operator.py
[2026-05-21T11:18:27.901+0000] {processor.py:840} INFO - DAG(s) 'example_python_operator' retrieved from /home/airflow/.local/lib/python3.12/site-packages/airflow/example_dags/example_python_operator.py
[2026-05-21T11:18:28.005+0000] {logging_mixin.py:188} INFO - [2026-05-21T11:18:28.003+0000] {dag.py:3089} INFO - Sync 1 DAGs
[2026-05-21T11:18:28.063+0000] {logging_mixin.py:188} INFO - [2026-05-21T11:18:28.062+0000] {dag.py:3947} INFO - Setting next_dagrun for example_python_operator to None, run_after=None
[2026-05-21T11:18:28.203+0000] {processor.py:183} INFO - Processing /home/airflow/.local/lib/python3.12/site-packages/airflow/example_dags/example_python_operator.py took 0.533 seconds
[2026-05-21T11:18:58.657+0000] {processor.py:161} INFO - Started process (PID=9821) to work on /home/airflow/.local/lib/python3.12/site-packages/airflow/example_dags/example_python_operator.py
[2026-05-21T11:18:58.661+0000] {processor.py:830} INFO - Processing file /home/airflow/.local/lib/python3.12/site-packages/airflow/example_dags/example_python_operator.py for tasks to queue
[2026-05-21T11:18:58.667+0000] {logging_mixin.py:188} INFO - [2026-05-21T11:18:58.666+0000] {dagbag.py:545} INFO - Filling up the DagBag from /home/airflow/.local/lib/python3.12/site-packages/airflow/example_dags/example_python_operator.py
[2026-05-21T11:18:58.735+0000] {processor.py:840} INFO - DAG(s) 'example_python_operator' retrieved from /home/airflow/.local/lib/python3.12/site-packages/airflow/example_dags/example_python_operator.py
[2026-05-21T11:18:58.821+0000] {logging_mixin.py:188} INFO - [2026-05-21T11:18:58.820+0000] {dag.py:3089} INFO - Sync 1 DAGs
[2026-05-21T11:18:58.857+0000] {logging_mixin.py:188} INFO - [2026-05-21T11:18:58.856+0000] {dag.py:3947} INFO - Setting next_dagrun for example_python_operator to None, run_after=None
[2026-05-21T11:18:58.995+0000] {processor.py:183} INFO - Processing /home/airflow/.local/lib/python3.12/site-packages/airflow/example_dags/example_python_operator.py took 0.357 seconds
[2026-05-21T11:19:29.717+0000] {processor.py:161} INFO - Started process (PID=9881) to work on /home/airflow/.local/lib/python3.12/site-packages/airflow/example_dags/example_python_operator.py
[2026-05-21T11:19:29.722+0000] {processor.py:830} INFO - Processing file /home/airflow/.local/lib/python3.12/site-packages/airflow/example_dags/example_python_operator.py for tasks to queue
[2026-05-21T11:19:29.730+0000] {logging_mixin.py:188} INFO - [2026-05-21T11:19:29.729+0000] {dagbag.py:545} INFO - Filling up the DagBag from /home/airflow/.local/lib/python3.12/site-packages/airflow/example_dags/example_python_operator.py
[2026-05-21T11:19:29.786+0000] {processor.py:840} INFO - DAG(s) 'example_python_operator' retrieved from /home/airflow/.local/lib/python3.12/site-packages/airflow/example_dags/example_python_operator.py
[2026-05-21T11:19:29.956+0000] {logging_mixin.py:188} INFO - [2026-05-21T11:19:29.955+0000] {dag.py:3089} INFO - Sync 1 DAGs
[2026-05-21T11:19:30.037+0000] {logging_mixin.py:188} INFO - [2026-05-21T11:19:30.036+0000] {dag.py:3947} INFO - Setting next_dagrun for example_python_operator to None, run_after=None
[2026-05-21T11:19:30.171+0000] {processor.py:183} INFO - Processing /home/airflow/.local/lib/python3.12/site-packages/airflow/example_dags/example_python_operator.py took 0.488 seconds
[2026-05-21T11:20:01.021+0000] {processor.py:161} INFO - Started process (PID=9943) to work on /home/airflow/.local/lib/python3.12/site-packages/airflow/example_dags/example_python_operator.py
[2026-05-21T11:20:01.026+0000] {processor.py:830} INFO - Processing file /home/airflow/.local/lib/python3.12/site-packages/airflow/example_dags/example_python_operator.py for tasks to queue
[2026-05-21T11:20:01.035+0000] {logging_mixin.py:188} INFO - [2026-05-21T11:20:01.033+0000] {dagbag.py:545} INFO - Filling up the DagBag from /home/airflow/.local/lib/python3.12/site-packages/airflow/example_dags/example_python_operator.py
[2026-05-21T11:20:01.079+0000] {processor.py:840} INFO - DAG(s) 'example_python_operator' retrieved from /home/airflow/.local/lib/python3.12/site-packages/airflow/example_dags/example_python_operator.py
[2026-05-21T11:20:01.153+0000] {logging_mixin.py:188} INFO - [2026-05-21T11:20:01.152+0000] {dag.py:3089} INFO - Sync 1 DAGs
[2026-05-21T11:20:01.188+0000] {logging_mixin.py:188} INFO - [2026-05-21T11:20:01.187+0000] {dag.py:3947} INFO - Setting next_dagrun for example_python_operator to None, run_after=None
[2026-05-21T11:20:01.250+0000] {processor.py:183} INFO - Processing /home/airflow/.local/lib/python3.12/site-packages/airflow/example_dags/example_python_operator.py took 0.253 seconds
[2026-05-21T11:20:31.431+0000] {processor.py:161} INFO - Started process (PID=10003) to work on /home/airflow/.local/lib/python3.12/site-packages/airflow/example_dags/example_python_operator.py
[2026-05-21T11:20:31.433+0000] {processor.py:830} INFO - Processing file /home/airflow/.local/lib/python3.12/site-packages/airflow/example_dags/example_python_operator.py for tasks to queue
[2026-05-21T11:20:31.439+0000] {logging_mixin.py:188} INFO - [2026-05-21T11:20:31.439+0000] {dagbag.py:545} INFO - Filling up the DagBag from /home/airflow/.local/lib/python3.12/site-packages/airflow/example_dags/example_python_operator.py
[2026-05-21T11:20:31.465+0000] {processor.py:840} INFO - DAG(s) 'example_python_operator' retrieved from /home/airflow/.local/lib/python3.12/site-packages/airflow/example_dags/example_python_operator.py
[2026-05-21T11:20:31.534+0000] {logging_mixin.py:188} INFO - [2026-05-21T11:20:31.533+0000] {dag.py:3089} INFO - Sync 1 DAGs
[2026-05-21T11:20:31.575+0000] {logging_mixin.py:188} INFO - [2026-05-21T11:20:31.574+0000] {dag.py:3947} INFO - Setting next_dagrun for example_python_operator to None, run_after=None
[2026-05-21T11:20:31.633+0000] {processor.py:183} INFO - Processing /home/airflow/.local/lib/python3.12/site-packages/airflow/example_dags/example_python_operator.py took 0.218 seconds
[2026-05-21T11:21:01.883+0000] {processor.py:161} INFO - Started process (PID=10063) to work on /home/airflow/.local/lib/python3.12/site-packages/airflow/example_dags/example_python_operator.py
[2026-05-21T11:21:01.885+0000] {processor.py:830} INFO - Processing file /home/airflow/.local/lib/python3.12/site-packages/airflow/example_dags/example_python_operator.py for tasks to queue
[2026-05-21T11:21:01.894+0000] {logging_mixin.py:188} INFO - [2026-05-21T11:21:01.890+0000] {dagbag.py:545} INFO - Filling up the DagBag from /home/airflow/.local/lib/python3.12/site-packages/airflow/example_dags/example_python_operator.py
[2026-05-21T11:21:01.931+0000] {processor.py:840} INFO - DAG(s) 'example_python_operator' retrieved from /home/airflow/.local/lib/python3.12/site-packages/airflow/example_dags/example_python_operator.py
[2026-05-21T11:21:01.998+0000] {logging_mixin.py:188} INFO - [2026-05-21T11:21:01.998+0000] {dag.py:3089} INFO - Sync 1 DAGs
[2026-05-21T11:21:02.028+0000] {logging_mixin.py:188} INFO - [2026-05-21T11:21:02.027+0000] {dag.py:3947} INFO - Setting next_dagrun for example_python_operator to None, run_after=None
[2026-05-21T11:21:02.067+0000] {processor.py:183} INFO - Processing /home/airflow/.local/lib/python3.12/site-packages/airflow/example_dags/example_python_operator.py took 0.204 seconds
[2026-05-21T11:21:40.388+0000] {processor.py:161} INFO - Started process (PID=10123) to work on /home/airflow/.local/lib/python3.12/site-packages/airflow/example_dags/example_python_operator.py
[2026-05-21T11:21:40.391+0000] {processor.py:830} INFO - Processing file /home/airflow/.local/lib/python3.12/site-packages/airflow/example_dags/example_python_operator.py for tasks to queue
[2026-05-21T11:21:40.400+0000] {logging_mixin.py:188} INFO - [2026-05-21T11:21:40.398+0000] {dagbag.py:545} INFO - Filling up the DagBag from /home/airflow/.local/lib/python3.12/site-packages/airflow/example_dags/example_python_operator.py
[2026-05-21T11:21:40.440+0000] {processor.py:840} INFO - DAG(s) 'example_python_operator' retrieved from /home/airflow/.local/lib/python3.12/site-packages/airflow/example_dags/example_python_operator.py
[2026-05-21T11:21:40.496+0000] {logging_mixin.py:188} INFO - [2026-05-21T11:21:40.495+0000] {dag.py:3089} INFO - Sync 1 DAGs
[2026-05-21T11:21:40.529+0000] {logging_mixin.py:188} INFO - [2026-05-21T11:21:40.528+0000] {dag.py:3947} INFO - Setting next_dagrun for example_python_operator to None, run_after=None
[2026-05-21T11:21:40.618+0000] {processor.py:183} INFO - Processing /home/airflow/.local/lib/python3.12/site-packages/airflow/example_dags/example_python_operator.py took 0.244 seconds
[2026-05-21T11:22:11.407+0000] {processor.py:161} INFO - Started process (PID=10181) to work on /home/airflow/.local/lib/python3.12/site-packages/airflow/example_dags/example_python_operator.py
[2026-05-21T11:22:11.410+0000] {processor.py:830} INFO - Processing file /home/airflow/.local/lib/python3.12/site-packages/airflow/example_dags/example_python_operator.py for tasks to queue
[2026-05-21T11:22:11.413+0000] {logging_mixin.py:188} INFO - [2026-05-21T11:22:11.412+0000] {dagbag.py:545} INFO - Filling up the DagBag from /home/airflow/.local/lib/python3.12/site-packages/airflow/example_dags/example_python_operator.py
[2026-05-21T11:22:11.445+0000] {processor.py:840} INFO - DAG(s) 'example_python_operator' retrieved from /home/airflow/.local/lib/python3.12/site-packages/airflow/example_dags/example_python_operator.py
[2026-05-21T11:22:11.516+0000] {logging_mixin.py:188} INFO - [2026-05-21T11:22:11.516+0000] {dag.py:3089} INFO - Sync 1 DAGs
[2026-05-21T11:22:11.552+0000] {logging_mixin.py:188} INFO - [2026-05-21T11:22:11.551+0000] {dag.py:3947} INFO - Setting next_dagrun for example_python_operator to None, run_after=None
[2026-05-21T11:22:11.642+0000] {processor.py:183} INFO - Processing /home/airflow/.local/lib/python3.12/site-packages/airflow/example_dags/example_python_operator.py took 0.246 seconds
[2026-05-21T11:22:44.925+0000] {processor.py:161} INFO - Started process (PID=10244) to work on /home/airflow/.local/lib/python3.12/site-packages/airflow/example_dags/example_python_operator.py
[2026-05-21T11:22:44.952+0000] {processor.py:830} INFO - Processing file /home/airflow/.local/lib/python3.12/site-packages/airflow/example_dags/example_python_operator.py for tasks to queue
[2026-05-21T11:22:44.971+0000] {logging_mixin.py:188} INFO - [2026-05-21T11:22:44.970+0000] {dagbag.py:545} INFO - Filling up the DagBag from /home/airflow/.local/lib/python3.12/site-packages/airflow/example_dags/example_python_operator.py
[2026-05-21T11:22:45.074+0000] {processor.py:840} INFO - DAG(s) 'example_python_operator' retrieved from /home/airflow/.local/lib/python3.12/site-packages/airflow/example_dags/example_python_operator.py
[2026-05-21T11:22:45.291+0000] {logging_mixin.py:188} INFO - [2026-05-21T11:22:45.290+0000] {dag.py:3089} INFO - Sync 1 DAGs
[2026-05-21T11:22:45.461+0000] {logging_mixin.py:188} INFO - [2026-05-21T11:22:45.460+0000] {dag.py:3947} INFO - Setting next_dagrun for example_python_operator to None, run_after=None
[2026-05-21T11:22:45.725+0000] {processor.py:183} INFO - Processing /home/airflow/.local/lib/python3.12/site-packages/airflow/example_dags/example_python_operator.py took 0.840 seconds
[2026-05-21T11:23:16.189+0000] {processor.py:161} INFO - Started process (PID=10305) to work on /home/airflow/.local/lib/python3.12/site-packages/airflow/example_dags/example_python_operator.py
[2026-05-21T11:23:16.193+0000] {processor.py:830} INFO - Processing file /home/airflow/.local/lib/python3.12/site-packages/airflow/example_dags/example_python_operator.py for tasks to queue
[2026-05-21T11:23:16.202+0000] {logging_mixin.py:188} INFO - [2026-05-21T11:23:16.200+0000] {dagbag.py:545} INFO - Filling up the DagBag from /home/airflow/.local/lib/python3.12/site-packages/airflow/example_dags/example_python_operator.py
[2026-05-21T11:23:16.275+0000] {processor.py:840} INFO - DAG(s) 'example_python_operator' retrieved from /home/airflow/.local/lib/python3.12/site-packages/airflow/example_dags/example_python_operator.py
[2026-05-21T11:23:16.518+0000] {logging_mixin.py:188} INFO - [2026-05-21T11:23:16.516+0000] {dag.py:3089} INFO - Sync 1 DAGs
[2026-05-21T11:23:16.680+0000] {logging_mixin.py:188} INFO - [2026-05-21T11:23:16.676+0000] {dag.py:3947} INFO - Setting next_dagrun for example_python_operator to None, run_after=None
[2026-05-21T11:23:16.944+0000] {processor.py:183} INFO - Processing /home/airflow/.local/lib/python3.12/site-packages/airflow/example_dags/example_python_operator.py took 0.777 seconds
[2026-05-21T11:23:48.158+0000] {processor.py:161} INFO - Started process (PID=10371) to work on /home/airflow/.local/lib/python3.12/site-packages/airflow/example_dags/example_python_operator.py
[2026-05-21T11:23:48.169+0000] {processor.py:830} INFO - Processing file /home/airflow/.local/lib/python3.12/site-packages/airflow/example_dags/example_python_operator.py for tasks to queue
[2026-05-21T11:23:48.186+0000] {logging_mixin.py:188} INFO - [2026-05-21T11:23:48.178+0000] {dagbag.py:545} INFO - Filling up the DagBag from /home/airflow/.local/lib/python3.12/site-packages/airflow/example_dags/example_python_operator.py
[2026-05-21T11:23:48.257+0000] {processor.py:840} INFO - DAG(s) 'example_python_operator' retrieved from /home/airflow/.local/lib/python3.12/site-packages/airflow/example_dags/example_python_operator.py
[2026-05-21T11:23:48.342+0000] {logging_mixin.py:188} INFO - [2026-05-21T11:23:48.341+0000] {dag.py:3089} INFO - Sync 1 DAGs
[2026-05-21T11:23:48.381+0000] {logging_mixin.py:188} INFO - [2026-05-21T11:23:48.380+0000] {dag.py:3947} INFO - Setting next_dagrun for example_python_operator to None, run_after=None
[2026-05-21T11:23:48.502+0000] {processor.py:183} INFO - Processing /home/airflow/.local/lib/python3.12/site-packages/airflow/example_dags/example_python_operator.py took 0.398 seconds
[2026-05-21T11:24:19.270+0000] {processor.py:161} INFO - Started process (PID=10431) to work on /home/airflow/.local/lib/python3.12/site-packages/airflow/example_dags/example_python_operator.py
[2026-05-21T11:24:19.275+0000] {processor.py:830} INFO - Processing file /home/airflow/.local/lib/python3.12/site-packages/airflow/example_dags/example_python_operator.py for tasks to queue
[2026-05-21T11:24:19.285+0000] {logging_mixin.py:188} INFO - [2026-05-21T11:24:19.283+0000] {dagbag.py:545} INFO - Filling up the DagBag from /home/airflow/.local/lib/python3.12/site-packages/airflow/example_dags/example_python_operator.py
[2026-05-21T11:24:19.333+0000] {processor.py:840} INFO - DAG(s) 'example_python_operator' retrieved from /home/airflow/.local/lib/python3.12/site-packages/airflow/example_dags/example_python_operator.py
[2026-05-21T11:24:19.480+0000] {logging_mixin.py:188} INFO - [2026-05-21T11:24:19.477+0000] {dag.py:3089} INFO - Sync 1 DAGs
[2026-05-21T11:24:19.560+0000] {logging_mixin.py:188} INFO - [2026-05-21T11:24:19.558+0000] {dag.py:3947} INFO - Setting next_dagrun for example_python_operator to None, run_after=None
[2026-05-21T11:24:19.697+0000] {processor.py:183} INFO - Processing /home/airflow/.local/lib/python3.12/site-packages/airflow/example_dags/example_python_operator.py took 0.466 seconds
[2026-05-21T11:24:51.329+0000] {processor.py:161} INFO - Started process (PID=10490) to work on /home/airflow/.local/lib/python3.12/site-packages/airflow/example_dags/example_python_operator.py
[2026-05-21T11:24:51.336+0000] {processor.py:830} INFO - Processing file /home/airflow/.local/lib/python3.12/site-packages/airflow/example_dags/example_python_operator.py for tasks to queue
[2026-05-21T11:24:51.348+0000] {logging_mixin.py:188} INFO - [2026-05-21T11:24:51.347+0000] {dagbag.py:545} INFO - Filling up the DagBag from /home/airflow/.local/lib/python3.12/site-packages/airflow/example_dags/example_python_operator.py
[2026-05-21T11:24:51.453+0000] {processor.py:840} INFO - DAG(s) 'example_python_operator' retrieved from /home/airflow/.local/lib/python3.12/site-packages/airflow/example_dags/example_python_operator.py
[2026-05-21T11:24:51.534+0000] {logging_mixin.py:188} INFO - [2026-05-21T11:24:51.534+0000] {dag.py:3089} INFO - Sync 1 DAGs
[2026-05-21T11:24:51.573+0000] {logging_mixin.py:188} INFO - [2026-05-21T11:24:51.572+0000] {dag.py:3947} INFO - Setting next_dagrun for example_python_operator to None, run_after=None
[2026-05-21T11:24:51.754+0000] {processor.py:183} INFO - Processing /home/airflow/.local/lib/python3.12/site-packages/airflow/example_dags/example_python_operator.py took 0.466 seconds
[2026-05-21T11:25:22.345+0000] {processor.py:161} INFO - Started process (PID=10551) to work on /home/airflow/.local/lib/python3.12/site-packages/airflow/example_dags/example_python_operator.py
[2026-05-21T11:25:22.348+0000] {processor.py:830} INFO - Processing file /home/airflow/.local/lib/python3.12/site-packages/airflow/example_dags/example_python_operator.py for tasks to queue
[2026-05-21T11:25:22.356+0000] {logging_mixin.py:188} INFO - [2026-05-21T11:25:22.355+0000] {dagbag.py:545} INFO - Filling up the DagBag from /home/airflow/.local/lib/python3.12/site-packages/airflow/example_dags/example_python_operator.py
[2026-05-21T11:25:22.394+0000] {processor.py:840} INFO - DAG(s) 'example_python_operator' retrieved from /home/airflow/.local/lib/python3.12/site-packages/airflow/example_dags/example_python_operator.py
[2026-05-21T11:25:22.480+0000] {logging_mixin.py:188} INFO - [2026-05-21T11:25:22.479+0000] {dag.py:3089} INFO - Sync 1 DAGs
[2026-05-21T11:25:22.537+0000] {logging_mixin.py:188} INFO - [2026-05-21T11:25:22.536+0000] {dag.py:3947} INFO - Setting next_dagrun for example_python_operator to None, run_after=None
[2026-05-21T11:25:22.669+0000] {processor.py:183} INFO - Processing /home/airflow/.local/lib/python3.12/site-packages/airflow/example_dags/example_python_operator.py took 0.350 seconds
[2026-05-21T11:25:53.246+0000] {processor.py:161} INFO - Started process (PID=10611) to work on /home/airflow/.local/lib/python3.12/site-packages/airflow/example_dags/example_python_operator.py
[2026-05-21T11:25:53.249+0000] {processor.py:830} INFO - Processing file /home/airflow/.local/lib/python3.12/site-packages/airflow/example_dags/example_python_operator.py for tasks to queue
[2026-05-21T11:25:53.255+0000] {logging_mixin.py:188} INFO - [2026-05-21T11:25:53.254+0000] {dagbag.py:545} INFO - Filling up the DagBag from /home/airflow/.local/lib/python3.12/site-packages/airflow/example_dags/example_python_operator.py
[2026-05-21T11:25:53.289+0000] {processor.py:840} INFO - DAG(s) 'example_python_operator' retrieved from /home/airflow/.local/lib/python3.12/site-packages/airflow/example_dags/example_python_operator.py
[2026-05-21T11:25:53.352+0000] {logging_mixin.py:188} INFO - [2026-05-21T11:25:53.351+0000] {dag.py:3089} INFO - Sync 1 DAGs
[2026-05-21T11:25:53.388+0000] {logging_mixin.py:188} INFO - [2026-05-21T11:25:53.387+0000] {dag.py:3947} INFO - Setting next_dagrun for example_python_operator to None, run_after=None
[2026-05-21T11:25:53.446+0000] {processor.py:183} INFO - Processing /home/airflow/.local/lib/python3.12/site-packages/airflow/example_dags/example_python_operator.py took 0.224 seconds
[2026-05-21T11:26:24.055+0000] {processor.py:161} INFO - Started process (PID=10671) to work on /home/airflow/.local/lib/python3.12/site-packages/airflow/example_dags/example_python_operator.py
[2026-05-21T11:26:24.058+0000] {processor.py:830} INFO - Processing file /home/airflow/.local/lib/python3.12/site-packages/airflow/example_dags/example_python_operator.py for tasks to queue
[2026-05-21T11:26:24.063+0000] {logging_mixin.py:188} INFO - [2026-05-21T11:26:24.062+0000] {dagbag.py:545} INFO - Filling up the DagBag from /home/airflow/.local/lib/python3.12/site-packages/airflow/example_dags/example_python_operator.py
[2026-05-21T11:26:24.180+0000] {processor.py:840} INFO - DAG(s) 'example_python_operator' retrieved from /home/airflow/.local/lib/python3.12/site-packages/airflow/example_dags/example_python_operator.py
[2026-05-21T11:26:24.284+0000] {logging_mixin.py:188} INFO - [2026-05-21T11:26:24.283+0000] {dag.py:3089} INFO - Sync 1 DAGs
[2026-05-21T11:26:24.330+0000] {logging_mixin.py:188} INFO - [2026-05-21T11:26:24.329+0000] {dag.py:3947} INFO - Setting next_dagrun for example_python_operator to None, run_after=None
[2026-05-21T11:26:24.390+0000] {processor.py:183} INFO - Processing /home/airflow/.local/lib/python3.12/site-packages/airflow/example_dags/example_python_operator.py took 0.349 seconds
[2026-05-21T11:26:55.030+0000] {processor.py:161} INFO - Started process (PID=10731) to work on /home/airflow/.local/lib/python3.12/site-packages/airflow/example_dags/example_python_operator.py
[2026-05-21T11:26:55.034+0000] {processor.py:830} INFO - Processing file /home/airflow/.local/lib/python3.12/site-packages/airflow/example_dags/example_python_operator.py for tasks to queue
[2026-05-21T11:26:55.042+0000] {logging_mixin.py:188} INFO - [2026-05-21T11:26:55.040+0000] {dagbag.py:545} INFO - Filling up the DagBag from /home/airflow/.local/lib/python3.12/site-packages/airflow/example_dags/example_python_operator.py
[2026-05-21T11:26:55.077+0000] {processor.py:840} INFO - DAG(s) 'example_python_operator' retrieved from /home/airflow/.local/lib/python3.12/site-packages/airflow/example_dags/example_python_operator.py
[2026-05-21T11:26:55.149+0000] {logging_mixin.py:188} INFO - [2026-05-21T11:26:55.149+0000] {dag.py:3089} INFO - Sync 1 DAGs
[2026-05-21T11:26:55.189+0000] {logging_mixin.py:188} INFO - [2026-05-21T11:26:55.188+0000] {dag.py:3947} INFO - Setting next_dagrun for example_python_operator to None, run_after=None
[2026-05-21T11:26:55.264+0000] {processor.py:183} INFO - Processing /home/airflow/.local/lib/python3.12/site-packages/airflow/example_dags/example_python_operator.py took 0.250 seconds
[2026-05-21T11:27:29.893+0000] {processor.py:161} INFO - Started process (PID=10795) to work on /home/airflow/.local/lib/python3.12/site-packages/airflow/example_dags/example_python_operator.py
[2026-05-21T11:27:29.901+0000] {processor.py:830} INFO - Processing file /home/airflow/.local/lib/python3.12/site-packages/airflow/example_dags/example_python_operator.py for tasks to queue
[2026-05-21T11:27:29.923+0000] {logging_mixin.py:188} INFO - [2026-05-21T11:27:29.919+0000] {dagbag.py:545} INFO - Filling up the DagBag from /home/airflow/.local/lib/python3.12/site-packages/airflow/example_dags/example_python_operator.py
[2026-05-21T11:27:30.037+0000] {processor.py:840} INFO - DAG(s) 'example_python_operator' retrieved from /home/airflow/.local/lib/python3.12/site-packages/airflow/example_dags/example_python_operator.py
[2026-05-21T11:27:30.151+0000] {logging_mixin.py:188} INFO - [2026-05-21T11:27:30.150+0000] {dag.py:3089} INFO - Sync 1 DAGs
[2026-05-21T11:27:30.187+0000] {logging_mixin.py:188} INFO - [2026-05-21T11:27:30.186+0000] {dag.py:3947} INFO - Setting next_dagrun for example_python_operator to None, run_after=None
[2026-05-21T11:27:30.314+0000] {processor.py:183} INFO - Processing /home/airflow/.local/lib/python3.12/site-packages/airflow/example_dags/example_python_operator.py took 0.445 seconds
[2026-05-21T11:28:01.058+0000] {processor.py:161} INFO - Started process (PID=10855) to work on /home/airflow/.local/lib/python3.12/site-packages/airflow/example_dags/example_python_operator.py
[2026-05-21T11:28:01.075+0000] {processor.py:830} INFO - Processing file /home/airflow/.local/lib/python3.12/site-packages/airflow/example_dags/example_python_operator.py for tasks to queue
[2026-05-21T11:28:01.143+0000] {logging_mixin.py:188} INFO - [2026-05-21T11:28:01.125+0000] {dagbag.py:545} INFO - Filling up the DagBag from /home/airflow/.local/lib/python3.12/site-packages/airflow/example_dags/example_python_operator.py
[2026-05-21T11:28:01.321+0000] {processor.py:840} INFO - DAG(s) 'example_python_operator' retrieved from /home/airflow/.local/lib/python3.12/site-packages/airflow/example_dags/example_python_operator.py
[2026-05-21T11:28:01.523+0000] {logging_mixin.py:188} INFO - [2026-05-21T11:28:01.523+0000] {dag.py:3089} INFO - Sync 1 DAGs
[2026-05-21T11:28:01.632+0000] {logging_mixin.py:188} INFO - [2026-05-21T11:28:01.631+0000] {dag.py:3947} INFO - Setting next_dagrun for example_python_operator to None, run_after=None
[2026-05-21T11:28:01.780+0000] {processor.py:183} INFO - Processing /home/airflow/.local/lib/python3.12/site-packages/airflow/example_dags/example_python_operator.py took 0.828 seconds
[2026-05-21T11:28:32.432+0000] {processor.py:161} INFO - Started process (PID=10914) to work on /home/airflow/.local/lib/python3.12/site-packages/airflow/example_dags/example_python_operator.py
[2026-05-21T11:28:32.437+0000] {processor.py:830} INFO - Processing file /home/airflow/.local/lib/python3.12/site-packages/airflow/example_dags/example_python_operator.py for tasks to queue
[2026-05-21T11:28:32.446+0000] {logging_mixin.py:188} INFO - [2026-05-21T11:28:32.444+0000] {dagbag.py:545} INFO - Filling up the DagBag from /home/airflow/.local/lib/python3.12/site-packages/airflow/example_dags/example_python_operator.py
[2026-05-21T11:28:32.514+0000] {processor.py:840} INFO - DAG(s) 'example_python_operator' retrieved from /home/airflow/.local/lib/python3.12/site-packages/airflow/example_dags/example_python_operator.py
[2026-05-21T11:28:32.630+0000] {logging_mixin.py:188} INFO - [2026-05-21T11:28:32.629+0000] {dag.py:3089} INFO - Sync 1 DAGs
[2026-05-21T11:28:32.686+0000] {logging_mixin.py:188} INFO - [2026-05-21T11:28:32.684+0000] {dag.py:3947} INFO - Setting next_dagrun for example_python_operator to None, run_after=None
[2026-05-21T11:28:32.751+0000] {processor.py:183} INFO - Processing /home/airflow/.local/lib/python3.12/site-packages/airflow/example_dags/example_python_operator.py took 0.350 seconds
[2026-05-21T11:29:04.581+0000] {processor.py:161} INFO - Started process (PID=10975) to work on /home/airflow/.local/lib/python3.12/site-packages/airflow/example_dags/example_python_operator.py
[2026-05-21T11:29:04.584+0000] {processor.py:830} INFO - Processing file /home/airflow/.local/lib/python3.12/site-packages/airflow/example_dags/example_python_operator.py for tasks to queue
[2026-05-21T11:29:04.590+0000] {logging_mixin.py:188} INFO - [2026-05-21T11:29:04.589+0000] {dagbag.py:545} INFO - Filling up the DagBag from /home/airflow/.local/lib/python3.12/site-packages/airflow/example_dags/example_python_operator.py
[2026-05-21T11:29:04.617+0000] {processor.py:840} INFO - DAG(s) 'example_python_operator' retrieved from /home/airflow/.local/lib/python3.12/site-packages/airflow/example_dags/example_python_operator.py
[2026-05-21T11:29:04.689+0000] {logging_mixin.py:188} INFO - [2026-05-21T11:29:04.689+0000] {dag.py:3089} INFO - Sync 1 DAGs
[2026-05-21T11:29:04.723+0000] {logging_mixin.py:188} INFO - [2026-05-21T11:29:04.723+0000] {dag.py:3947} INFO - Setting next_dagrun for example_python_operator to None, run_after=None
[2026-05-21T11:29:04.787+0000] {processor.py:183} INFO - Processing /home/airflow/.local/lib/python3.12/site-packages/airflow/example_dags/example_python_operator.py took 0.220 seconds
[2026-05-21T11:29:37.543+0000] {processor.py:161} INFO - Started process (PID=11036) to work on /home/airflow/.local/lib/python3.12/site-packages/airflow/example_dags/example_python_operator.py
[2026-05-21T11:29:37.548+0000] {processor.py:830} INFO - Processing file /home/airflow/.local/lib/python3.12/site-packages/airflow/example_dags/example_python_operator.py for tasks to queue
[2026-05-21T11:29:37.559+0000] {logging_mixin.py:188} INFO - [2026-05-21T11:29:37.557+0000] {dagbag.py:545} INFO - Filling up the DagBag from /home/airflow/.local/lib/python3.12/site-packages/airflow/example_dags/example_python_operator.py
[2026-05-21T11:29:37.621+0000] {processor.py:840} INFO - DAG(s) 'example_python_operator' retrieved from /home/airflow/.local/lib/python3.12/site-packages/airflow/example_dags/example_python_operator.py
[2026-05-21T11:29:37.725+0000] {logging_mixin.py:188} INFO - [2026-05-21T11:29:37.724+0000] {dag.py:3089} INFO - Sync 1 DAGs
[2026-05-21T11:29:37.767+0000] {logging_mixin.py:188} INFO - [2026-05-21T11:29:37.766+0000] {dag.py:3947} INFO - Setting next_dagrun for example_python_operator to None, run_after=None
[2026-05-21T11:29:37.830+0000] {processor.py:183} INFO - Processing /home/airflow/.local/lib/python3.12/site-packages/airflow/example_dags/example_python_operator.py took 0.311 seconds
[2026-05-21T11:30:09.790+0000] {processor.py:161} INFO - Started process (PID=11096) to work on /home/airflow/.local/lib/python3.12/site-packages/airflow/example_dags/example_python_operator.py
[2026-05-21T11:30:09.806+0000] {processor.py:830} INFO - Processing file /home/airflow/.local/lib/python3.12/site-packages/airflow/example_dags/example_python_operator.py for tasks to queue
[2026-05-21T11:30:09.822+0000] {logging_mixin.py:188} INFO - [2026-05-21T11:30:09.819+0000] {dagbag.py:545} INFO - Filling up the DagBag from /home/airflow/.local/lib/python3.12/site-packages/airflow/example_dags/example_python_operator.py
[2026-05-21T11:30:09.950+0000] {processor.py:840} INFO - DAG(s) 'example_python_operator' retrieved from /home/airflow/.local/lib/python3.12/site-packages/airflow/example_dags/example_python_operator.py
[2026-05-21T11:30:10.159+0000] {logging_mixin.py:188} INFO - [2026-05-21T11:30:10.158+0000] {dag.py:3089} INFO - Sync 1 DAGs
[2026-05-21T11:30:10.216+0000] {logging_mixin.py:188} INFO - [2026-05-21T11:30:10.215+0000] {dag.py:3947} INFO - Setting next_dagrun for example_python_operator to None, run_after=None
[2026-05-21T11:30:10.363+0000] {processor.py:183} INFO - Processing /home/airflow/.local/lib/python3.12/site-packages/airflow/example_dags/example_python_operator.py took 0.659 seconds
[2026-05-21T11:30:41.835+0000] {processor.py:161} INFO - Started process (PID=11158) to work on /home/airflow/.local/lib/python3.12/site-packages/airflow/example_dags/example_python_operator.py
[2026-05-21T11:30:41.839+0000] {processor.py:830} INFO - Processing file /home/airflow/.local/lib/python3.12/site-packages/airflow/example_dags/example_python_operator.py for tasks to queue
[2026-05-21T11:30:41.847+0000] {logging_mixin.py:188} INFO - [2026-05-21T11:30:41.845+0000] {dagbag.py:545} INFO - Filling up the DagBag from /home/airflow/.local/lib/python3.12/site-packages/airflow/example_dags/example_python_operator.py
[2026-05-21T11:30:41.884+0000] {processor.py:840} INFO - DAG(s) 'example_python_operator' retrieved from /home/airflow/.local/lib/python3.12/site-packages/airflow/example_dags/example_python_operator.py
[2026-05-21T11:30:41.952+0000] {logging_mixin.py:188} INFO - [2026-05-21T11:30:41.951+0000] {dag.py:3089} INFO - Sync 1 DAGs
[2026-05-21T11:30:41.987+0000] {logging_mixin.py:188} INFO - [2026-05-21T11:30:41.986+0000] {dag.py:3947} INFO - Setting next_dagrun for example_python_operator to None, run_after=None
[2026-05-21T11:30:42.053+0000] {processor.py:183} INFO - Processing /home/airflow/.local/lib/python3.12/site-packages/airflow/example_dags/example_python_operator.py took 0.242 seconds
[2026-05-21T11:31:14.341+0000] {processor.py:161} INFO - Started process (PID=11220) to work on /home/airflow/.local/lib/python3.12/site-packages/airflow/example_dags/example_python_operator.py
[2026-05-21T11:31:14.344+0000] {processor.py:830} INFO - Processing file /home/airflow/.local/lib/python3.12/site-packages/airflow/example_dags/example_python_operator.py for tasks to queue
[2026-05-21T11:31:14.351+0000] {logging_mixin.py:188} INFO - [2026-05-21T11:31:14.350+0000] {dagbag.py:545} INFO - Filling up the DagBag from /home/airflow/.local/lib/python3.12/site-packages/airflow/example_dags/example_python_operator.py
[2026-05-21T11:31:14.379+0000] {processor.py:840} INFO - DAG(s) 'example_python_operator' retrieved from /home/airflow/.local/lib/python3.12/site-packages/airflow/example_dags/example_python_operator.py
[2026-05-21T11:31:14.448+0000] {logging_mixin.py:188} INFO - [2026-05-21T11:31:14.447+0000] {dag.py:3089} INFO - Sync 1 DAGs
[2026-05-21T11:31:14.481+0000] {logging_mixin.py:188} INFO - [2026-05-21T11:31:14.480+0000] {dag.py:3947} INFO - Setting next_dagrun for example_python_operator to None, run_after=None
[2026-05-21T11:31:14.558+0000] {processor.py:183} INFO - Processing /home/airflow/.local/lib/python3.12/site-packages/airflow/example_dags/example_python_operator.py took 0.237 seconds
[2026-05-21T11:31:45.218+0000] {processor.py:161} INFO - Started process (PID=11277) to work on /home/airflow/.local/lib/python3.12/site-packages/airflow/example_dags/example_python_operator.py
[2026-05-21T11:31:45.221+0000] {processor.py:830} INFO - Processing file /home/airflow/.local/lib/python3.12/site-packages/airflow/example_dags/example_python_operator.py for tasks to queue
[2026-05-21T11:31:45.226+0000] {logging_mixin.py:188} INFO - [2026-05-21T11:31:45.225+0000] {dagbag.py:545} INFO - Filling up the DagBag from /home/airflow/.local/lib/python3.12/site-packages/airflow/example_dags/example_python_operator.py
[2026-05-21T11:31:45.255+0000] {processor.py:840} INFO - DAG(s) 'example_python_operator' retrieved from /home/airflow/.local/lib/python3.12/site-packages/airflow/example_dags/example_python_operator.py
[2026-05-21T11:31:45.333+0000] {logging_mixin.py:188} INFO - [2026-05-21T11:31:45.332+0000] {dag.py:3089} INFO - Sync 1 DAGs
[2026-05-21T11:31:45.389+0000] {logging_mixin.py:188} INFO - [2026-05-21T11:31:45.389+0000] {dag.py:3947} INFO - Setting next_dagrun for example_python_operator to None, run_after=None
[2026-05-21T11:31:45.447+0000] {processor.py:183} INFO - Processing /home/airflow/.local/lib/python3.12/site-packages/airflow/example_dags/example_python_operator.py took 0.245 seconds
[2026-05-21T11:32:19.597+0000] {processor.py:161} INFO - Started process (PID=11340) to work on /home/airflow/.local/lib/python3.12/site-packages/airflow/example_dags/example_python_operator.py
[2026-05-21T11:32:19.600+0000] {processor.py:830} INFO - Processing file /home/airflow/.local/lib/python3.12/site-packages/airflow/example_dags/example_python_operator.py for tasks to queue
[2026-05-21T11:32:19.605+0000] {logging_mixin.py:188} INFO - [2026-05-21T11:32:19.604+0000] {dagbag.py:545} INFO - Filling up the DagBag from /home/airflow/.local/lib/python3.12/site-packages/airflow/example_dags/example_python_operator.py
[2026-05-21T11:32:19.637+0000] {processor.py:840} INFO - DAG(s) 'example_python_operator' retrieved from /home/airflow/.local/lib/python3.12/site-packages/airflow/example_dags/example_python_operator.py
[2026-05-21T11:32:19.694+0000] {logging_mixin.py:188} INFO - [2026-05-21T11:32:19.693+0000] {dag.py:3089} INFO - Sync 1 DAGs
[2026-05-21T11:32:19.739+0000] {logging_mixin.py:188} INFO - [2026-05-21T11:32:19.739+0000] {dag.py:3947} INFO - Setting next_dagrun for example_python_operator to None, run_after=None
[2026-05-21T11:32:19.806+0000] {processor.py:183} INFO - Processing /home/airflow/.local/lib/python3.12/site-packages/airflow/example_dags/example_python_operator.py took 0.224 seconds
[2026-05-21T11:33:02.769+0000] {processor.py:161} INFO - Started process (PID=11415) to work on /home/airflow/.local/lib/python3.12/site-packages/airflow/example_dags/example_python_operator.py
[2026-05-21T11:33:02.780+0000] {processor.py:830} INFO - Processing file /home/airflow/.local/lib/python3.12/site-packages/airflow/example_dags/example_python_operator.py for tasks to queue
[2026-05-21T11:33:02.803+0000] {logging_mixin.py:188} INFO - [2026-05-21T11:33:02.797+0000] {dagbag.py:545} INFO - Filling up the DagBag from /home/airflow/.local/lib/python3.12/site-packages/airflow/example_dags/example_python_operator.py
[2026-05-21T11:33:02.872+0000] {processor.py:840} INFO - DAG(s) 'example_python_operator' retrieved from /home/airflow/.local/lib/python3.12/site-packages/airflow/example_dags/example_python_operator.py
[2026-05-21T11:33:03.050+0000] {logging_mixin.py:188} INFO - [2026-05-21T11:33:03.049+0000] {dag.py:3089} INFO - Sync 1 DAGs
[2026-05-21T11:33:03.200+0000] {logging_mixin.py:188} INFO - [2026-05-21T11:33:03.194+0000] {dag.py:3947} INFO - Setting next_dagrun for example_python_operator to None, run_after=None
[2026-05-21T11:33:03.342+0000] {processor.py:183} INFO - Processing /home/airflow/.local/lib/python3.12/site-packages/airflow/example_dags/example_python_operator.py took 0.606 seconds
[2026-05-21T11:33:41.015+0000] {processor.py:161} INFO - Started process (PID=11475) to work on /home/airflow/.local/lib/python3.12/site-packages/airflow/example_dags/example_python_operator.py
[2026-05-21T11:33:41.023+0000] {processor.py:830} INFO - Processing file /home/airflow/.local/lib/python3.12/site-packages/airflow/example_dags/example_python_operator.py for tasks to queue
[2026-05-21T11:33:41.033+0000] {logging_mixin.py:188} INFO - [2026-05-21T11:33:41.032+0000] {dagbag.py:545} INFO - Filling up the DagBag from /home/airflow/.local/lib/python3.12/site-packages/airflow/example_dags/example_python_operator.py
[2026-05-21T11:33:41.097+0000] {processor.py:840} INFO - DAG(s) 'example_python_operator' retrieved from /home/airflow/.local/lib/python3.12/site-packages/airflow/example_dags/example_python_operator.py
[2026-05-21T11:33:41.200+0000] {logging_mixin.py:188} INFO - [2026-05-21T11:33:41.200+0000] {dag.py:3089} INFO - Sync 1 DAGs
[2026-05-21T11:33:41.298+0000] {logging_mixin.py:188} INFO - [2026-05-21T11:33:41.297+0000] {dag.py:3947} INFO - Setting next_dagrun for example_python_operator to None, run_after=None
[2026-05-21T11:33:41.455+0000] {processor.py:183} INFO - Processing /home/airflow/.local/lib/python3.12/site-packages/airflow/example_dags/example_python_operator.py took 0.471 seconds
[2026-05-21T11:34:11.908+0000] {processor.py:161} INFO - Started process (PID=11535) to work on /home/airflow/.local/lib/python3.12/site-packages/airflow/example_dags/example_python_operator.py
[2026-05-21T11:34:11.913+0000] {processor.py:830} INFO - Processing file /home/airflow/.local/lib/python3.12/site-packages/airflow/example_dags/example_python_operator.py for tasks to queue
[2026-05-21T11:34:11.922+0000] {logging_mixin.py:188} INFO - [2026-05-21T11:34:11.920+0000] {dagbag.py:545} INFO - Filling up the DagBag from /home/airflow/.local/lib/python3.12/site-packages/airflow/example_dags/example_python_operator.py
[2026-05-21T11:34:11.964+0000] {processor.py:840} INFO - DAG(s) 'example_python_operator' retrieved from /home/airflow/.local/lib/python3.12/site-packages/airflow/example_dags/example_python_operator.py
[2026-05-21T11:34:12.022+0000] {logging_mixin.py:188} INFO - [2026-05-21T11:34:12.021+0000] {dag.py:3089} INFO - Sync 1 DAGs
[2026-05-21T11:34:12.046+0000] {logging_mixin.py:188} INFO - [2026-05-21T11:34:12.045+0000] {dag.py:3947} INFO - Setting next_dagrun for example_python_operator to None, run_after=None
[2026-05-21T11:34:12.084+0000] {processor.py:183} INFO - Processing /home/airflow/.local/lib/python3.12/site-packages/airflow/example_dags/example_python_operator.py took 0.207 seconds
[2026-05-21T11:34:42.788+0000] {processor.py:161} INFO - Started process (PID=11595) to work on /home/airflow/.local/lib/python3.12/site-packages/airflow/example_dags/example_python_operator.py
[2026-05-21T11:34:42.794+0000] {processor.py:830} INFO - Processing file /home/airflow/.local/lib/python3.12/site-packages/airflow/example_dags/example_python_operator.py for tasks to queue
[2026-05-21T11:34:42.808+0000] {logging_mixin.py:188} INFO - [2026-05-21T11:34:42.806+0000] {dagbag.py:545} INFO - Filling up the DagBag from /home/airflow/.local/lib/python3.12/site-packages/airflow/example_dags/example_python_operator.py
[2026-05-21T11:34:42.868+0000] {processor.py:840} INFO - DAG(s) 'example_python_operator' retrieved from /home/airflow/.local/lib/python3.12/site-packages/airflow/example_dags/example_python_operator.py
[2026-05-21T11:34:42.960+0000] {logging_mixin.py:188} INFO - [2026-05-21T11:34:42.959+0000] {dag.py:3089} INFO - Sync 1 DAGs
[2026-05-21T11:34:43.008+0000] {logging_mixin.py:188} INFO - [2026-05-21T11:34:43.007+0000] {dag.py:3947} INFO - Setting next_dagrun for example_python_operator to None, run_after=None
[2026-05-21T11:34:43.083+0000] {processor.py:183} INFO - Processing /home/airflow/.local/lib/python3.12/site-packages/airflow/example_dags/example_python_operator.py took 0.324 seconds
[2026-05-21T11:35:13.522+0000] {processor.py:161} INFO - Started process (PID=11654) to work on /home/airflow/.local/lib/python3.12/site-packages/airflow/example_dags/example_python_operator.py
[2026-05-21T11:35:13.525+0000] {processor.py:830} INFO - Processing file /home/airflow/.local/lib/python3.12/site-packages/airflow/example_dags/example_python_operator.py for tasks to queue
[2026-05-21T11:35:13.530+0000] {logging_mixin.py:188} INFO - [2026-05-21T11:35:13.529+0000] {dagbag.py:545} INFO - Filling up the DagBag from /home/airflow/.local/lib/python3.12/site-packages/airflow/example_dags/example_python_operator.py
[2026-05-21T11:35:13.559+0000] {processor.py:840} INFO - DAG(s) 'example_python_operator' retrieved from /home/airflow/.local/lib/python3.12/site-packages/airflow/example_dags/example_python_operator.py
[2026-05-21T11:35:13.618+0000] {logging_mixin.py:188} INFO - [2026-05-21T11:35:13.617+0000] {dag.py:3089} INFO - Sync 1 DAGs
[2026-05-21T11:35:13.649+0000] {logging_mixin.py:188} INFO - [2026-05-21T11:35:13.648+0000] {dag.py:3947} INFO - Setting next_dagrun for example_python_operator to None, run_after=None
[2026-05-21T11:35:13.703+0000] {processor.py:183} INFO - Processing /home/airflow/.local/lib/python3.12/site-packages/airflow/example_dags/example_python_operator.py took 0.202 seconds
[2026-05-21T11:35:44.895+0000] {processor.py:161} INFO - Started process (PID=11714) to work on /home/airflow/.local/lib/python3.12/site-packages/airflow/example_dags/example_python_operator.py
[2026-05-21T11:35:44.899+0000] {processor.py:830} INFO - Processing file /home/airflow/.local/lib/python3.12/site-packages/airflow/example_dags/example_python_operator.py for tasks to queue
[2026-05-21T11:35:44.909+0000] {logging_mixin.py:188} INFO - [2026-05-21T11:35:44.907+0000] {dagbag.py:545} INFO - Filling up the DagBag from /home/airflow/.local/lib/python3.12/site-packages/airflow/example_dags/example_python_operator.py
[2026-05-21T11:35:44.956+0000] {processor.py:840} INFO - DAG(s) 'example_python_operator' retrieved from /home/airflow/.local/lib/python3.12/site-packages/airflow/example_dags/example_python_operator.py
[2026-05-21T11:35:45.056+0000] {logging_mixin.py:188} INFO - [2026-05-21T11:35:45.055+0000] {dag.py:3089} INFO - Sync 1 DAGs
[2026-05-21T11:35:45.104+0000] {logging_mixin.py:188} INFO - [2026-05-21T11:35:45.103+0000] {dag.py:3947} INFO - Setting next_dagrun for example_python_operator to None, run_after=None
[2026-05-21T11:35:45.184+0000] {processor.py:183} INFO - Processing /home/airflow/.local/lib/python3.12/site-packages/airflow/example_dags/example_python_operator.py took 0.314 seconds
[2026-05-21T11:36:16.028+0000] {processor.py:161} INFO - Started process (PID=11774) to work on /home/airflow/.local/lib/python3.12/site-packages/airflow/example_dags/example_python_operator.py
[2026-05-21T11:36:16.034+0000] {processor.py:830} INFO - Processing file /home/airflow/.local/lib/python3.12/site-packages/airflow/example_dags/example_python_operator.py for tasks to queue
[2026-05-21T11:36:16.043+0000] {logging_mixin.py:188} INFO - [2026-05-21T11:36:16.042+0000] {dagbag.py:545} INFO - Filling up the DagBag from /home/airflow/.local/lib/python3.12/site-packages/airflow/example_dags/example_python_operator.py
[2026-05-21T11:36:16.094+0000] {processor.py:840} INFO - DAG(s) 'example_python_operator' retrieved from /home/airflow/.local/lib/python3.12/site-packages/airflow/example_dags/example_python_operator.py
[2026-05-21T11:36:16.230+0000] {logging_mixin.py:188} INFO - [2026-05-21T11:36:16.228+0000] {dag.py:3089} INFO - Sync 1 DAGs
[2026-05-21T11:36:16.275+0000] {logging_mixin.py:188} INFO - [2026-05-21T11:36:16.274+0000] {dag.py:3947} INFO - Setting next_dagrun for example_python_operator to None, run_after=None
[2026-05-21T11:36:16.338+0000] {processor.py:183} INFO - Processing /home/airflow/.local/lib/python3.12/site-packages/airflow/example_dags/example_python_operator.py took 0.341 seconds
[2026-05-21T11:36:47.270+0000] {processor.py:161} INFO - Started process (PID=11834) to work on /home/airflow/.local/lib/python3.12/site-packages/airflow/example_dags/example_python_operator.py
[2026-05-21T11:36:47.302+0000] {processor.py:830} INFO - Processing file /home/airflow/.local/lib/python3.12/site-packages/airflow/example_dags/example_python_operator.py for tasks to queue
[2026-05-21T11:36:47.317+0000] {logging_mixin.py:188} INFO - [2026-05-21T11:36:47.311+0000] {dagbag.py:545} INFO - Filling up the DagBag from /home/airflow/.local/lib/python3.12/site-packages/airflow/example_dags/example_python_operator.py
[2026-05-21T11:36:47.393+0000] {processor.py:840} INFO - DAG(s) 'example_python_operator' retrieved from /home/airflow/.local/lib/python3.12/site-packages/airflow/example_dags/example_python_operator.py
[2026-05-21T11:36:47.513+0000] {logging_mixin.py:188} INFO - [2026-05-21T11:36:47.512+0000] {dag.py:3089} INFO - Sync 1 DAGs
[2026-05-21T11:36:47.676+0000] {logging_mixin.py:188} INFO - [2026-05-21T11:36:47.674+0000] {dag.py:3947} INFO - Setting next_dagrun for example_python_operator to None, run_after=None
[2026-05-21T11:36:47.843+0000] {processor.py:183} INFO - Processing /home/airflow/.local/lib/python3.12/site-packages/airflow/example_dags/example_python_operator.py took 0.602 seconds
[2026-05-21T11:37:19.154+0000] {processor.py:161} INFO - Started process (PID=11894) to work on /home/airflow/.local/lib/python3.12/site-packages/airflow/example_dags/example_python_operator.py
[2026-05-21T11:37:19.158+0000] {processor.py:830} INFO - Processing file /home/airflow/.local/lib/python3.12/site-packages/airflow/example_dags/example_python_operator.py for tasks to queue
[2026-05-21T11:37:19.167+0000] {logging_mixin.py:188} INFO - [2026-05-21T11:37:19.165+0000] {dagbag.py:545} INFO - Filling up the DagBag from /home/airflow/.local/lib/python3.12/site-packages/airflow/example_dags/example_python_operator.py
[2026-05-21T11:37:19.222+0000] {processor.py:840} INFO - DAG(s) 'example_python_operator' retrieved from /home/airflow/.local/lib/python3.12/site-packages/airflow/example_dags/example_python_operator.py
[2026-05-21T11:37:19.336+0000] {logging_mixin.py:188} INFO - [2026-05-21T11:37:19.335+0000] {dag.py:3089} INFO - Sync 1 DAGs
[2026-05-21T11:37:19.378+0000] {logging_mixin.py:188} INFO - [2026-05-21T11:37:19.378+0000] {dag.py:3947} INFO - Setting next_dagrun for example_python_operator to None, run_after=None
[2026-05-21T11:37:19.484+0000] {processor.py:183} INFO - Processing /home/airflow/.local/lib/python3.12/site-packages/airflow/example_dags/example_python_operator.py took 0.349 seconds
[2026-05-21T11:37:49.770+0000] {processor.py:161} INFO - Started process (PID=11953) to work on /home/airflow/.local/lib/python3.12/site-packages/airflow/example_dags/example_python_operator.py
[2026-05-21T11:37:49.773+0000] {processor.py:830} INFO - Processing file /home/airflow/.local/lib/python3.12/site-packages/airflow/example_dags/example_python_operator.py for tasks to queue
[2026-05-21T11:37:49.778+0000] {logging_mixin.py:188} INFO - [2026-05-21T11:37:49.777+0000] {dagbag.py:545} INFO - Filling up the DagBag from /home/airflow/.local/lib/python3.12/site-packages/airflow/example_dags/example_python_operator.py
[2026-05-21T11:37:49.807+0000] {processor.py:840} INFO - DAG(s) 'example_python_operator' retrieved from /home/airflow/.local/lib/python3.12/site-packages/airflow/example_dags/example_python_operator.py
[2026-05-21T11:37:49.875+0000] {logging_mixin.py:188} INFO - [2026-05-21T11:37:49.875+0000] {dag.py:3089} INFO - Sync 1 DAGs
[2026-05-21T11:37:49.925+0000] {logging_mixin.py:188} INFO - [2026-05-21T11:37:49.924+0000] {dag.py:3947} INFO - Setting next_dagrun for example_python_operator to None, run_after=None
[2026-05-21T11:37:50.061+0000] {processor.py:183} INFO - Processing /home/airflow/.local/lib/python3.12/site-packages/airflow/example_dags/example_python_operator.py took 0.311 seconds
[2026-05-21T11:38:24.181+0000] {processor.py:161} INFO - Started process (PID=12006) to work on /home/airflow/.local/lib/python3.12/site-packages/airflow/example_dags/example_python_operator.py
[2026-05-21T11:38:24.184+0000] {processor.py:830} INFO - Processing file /home/airflow/.local/lib/python3.12/site-packages/airflow/example_dags/example_python_operator.py for tasks to queue
[2026-05-21T11:38:24.188+0000] {logging_mixin.py:188} INFO - [2026-05-21T11:38:24.188+0000] {dagbag.py:545} INFO - Filling up the DagBag from /home/airflow/.local/lib/python3.12/site-packages/airflow/example_dags/example_python_operator.py
[2026-05-21T11:38:24.216+0000] {processor.py:840} INFO - DAG(s) 'example_python_operator' retrieved from /home/airflow/.local/lib/python3.12/site-packages/airflow/example_dags/example_python_operator.py
[2026-05-21T11:38:24.382+0000] {logging_mixin.py:188} INFO - [2026-05-21T11:38:24.380+0000] {dag.py:3089} INFO - Sync 1 DAGs
[2026-05-21T11:38:24.490+0000] {logging_mixin.py:188} INFO - [2026-05-21T11:38:24.489+0000] {dag.py:3947} INFO - Setting next_dagrun for example_python_operator to None, run_after=None
[2026-05-21T11:38:24.586+0000] {processor.py:183} INFO - Processing /home/airflow/.local/lib/python3.12/site-packages/airflow/example_dags/example_python_operator.py took 0.421 seconds
[2026-05-21T11:38:56.420+0000] {processor.py:161} INFO - Started process (PID=12071) to work on /home/airflow/.local/lib/python3.12/site-packages/airflow/example_dags/example_python_operator.py
[2026-05-21T11:38:56.425+0000] {processor.py:830} INFO - Processing file /home/airflow/.local/lib/python3.12/site-packages/airflow/example_dags/example_python_operator.py for tasks to queue
[2026-05-21T11:38:56.431+0000] {logging_mixin.py:188} INFO - [2026-05-21T11:38:56.430+0000] {dagbag.py:545} INFO - Filling up the DagBag from /home/airflow/.local/lib/python3.12/site-packages/airflow/example_dags/example_python_operator.py
[2026-05-21T11:38:56.479+0000] {processor.py:840} INFO - DAG(s) 'example_python_operator' retrieved from /home/airflow/.local/lib/python3.12/site-packages/airflow/example_dags/example_python_operator.py
[2026-05-21T11:38:56.569+0000] {logging_mixin.py:188} INFO - [2026-05-21T11:38:56.568+0000] {dag.py:3089} INFO - Sync 1 DAGs
[2026-05-21T11:38:56.624+0000] {logging_mixin.py:188} INFO - [2026-05-21T11:38:56.624+0000] {dag.py:3947} INFO - Setting next_dagrun for example_python_operator to None, run_after=None
[2026-05-21T11:38:56.694+0000] {processor.py:183} INFO - Processing /home/airflow/.local/lib/python3.12/site-packages/airflow/example_dags/example_python_operator.py took 0.295 seconds
[2026-05-21T11:39:27.642+0000] {processor.py:161} INFO - Started process (PID=12131) to work on /home/airflow/.local/lib/python3.12/site-packages/airflow/example_dags/example_python_operator.py
[2026-05-21T11:39:27.649+0000] {processor.py:830} INFO - Processing file /home/airflow/.local/lib/python3.12/site-packages/airflow/example_dags/example_python_operator.py for tasks to queue
[2026-05-21T11:39:27.663+0000] {logging_mixin.py:188} INFO - [2026-05-21T11:39:27.658+0000] {dagbag.py:545} INFO - Filling up the DagBag from /home/airflow/.local/lib/python3.12/site-packages/airflow/example_dags/example_python_operator.py
[2026-05-21T11:39:27.734+0000] {processor.py:840} INFO - DAG(s) 'example_python_operator' retrieved from /home/airflow/.local/lib/python3.12/site-packages/airflow/example_dags/example_python_operator.py
[2026-05-21T11:39:27.907+0000] {logging_mixin.py:188} INFO - [2026-05-21T11:39:27.906+0000] {dag.py:3089} INFO - Sync 1 DAGs
[2026-05-21T11:39:27.979+0000] {logging_mixin.py:188} INFO - [2026-05-21T11:39:27.977+0000] {dag.py:3947} INFO - Setting next_dagrun for example_python_operator to None, run_after=None
[2026-05-21T11:39:28.091+0000] {processor.py:183} INFO - Processing /home/airflow/.local/lib/python3.12/site-packages/airflow/example_dags/example_python_operator.py took 0.495 seconds
[2026-05-21T11:40:02.656+0000] {processor.py:161} INFO - Started process (PID=12190) to work on /home/airflow/.local/lib/python3.12/site-packages/airflow/example_dags/example_python_operator.py
[2026-05-21T11:40:02.658+0000] {processor.py:830} INFO - Processing file /home/airflow/.local/lib/python3.12/site-packages/airflow/example_dags/example_python_operator.py for tasks to queue
[2026-05-21T11:40:02.664+0000] {logging_mixin.py:188} INFO - [2026-05-21T11:40:02.663+0000] {dagbag.py:545} INFO - Filling up the DagBag from /home/airflow/.local/lib/python3.12/site-packages/airflow/example_dags/example_python_operator.py
[2026-05-21T11:40:02.698+0000] {processor.py:840} INFO - DAG(s) 'example_python_operator' retrieved from /home/airflow/.local/lib/python3.12/site-packages/airflow/example_dags/example_python_operator.py
[2026-05-21T11:40:02.807+0000] {logging_mixin.py:188} INFO - [2026-05-21T11:40:02.806+0000] {dag.py:3089} INFO - Sync 1 DAGs
[2026-05-21T11:40:02.881+0000] {logging_mixin.py:188} INFO - [2026-05-21T11:40:02.880+0000] {dag.py:3947} INFO - Setting next_dagrun for example_python_operator to None, run_after=None
[2026-05-21T11:40:03.169+0000] {processor.py:183} INFO - Processing /home/airflow/.local/lib/python3.12/site-packages/airflow/example_dags/example_python_operator.py took 0.533 seconds
[2026-05-21T11:40:33.920+0000] {processor.py:161} INFO - Started process (PID=12250) to work on /home/airflow/.local/lib/python3.12/site-packages/airflow/example_dags/example_python_operator.py
[2026-05-21T11:40:33.924+0000] {processor.py:830} INFO - Processing file /home/airflow/.local/lib/python3.12/site-packages/airflow/example_dags/example_python_operator.py for tasks to queue
[2026-05-21T11:40:33.929+0000] {logging_mixin.py:188} INFO - [2026-05-21T11:40:33.928+0000] {dagbag.py:545} INFO - Filling up the DagBag from /home/airflow/.local/lib/python3.12/site-packages/airflow/example_dags/example_python_operator.py
[2026-05-21T11:40:33.965+0000] {processor.py:840} INFO - DAG(s) 'example_python_operator' retrieved from /home/airflow/.local/lib/python3.12/site-packages/airflow/example_dags/example_python_operator.py
[2026-05-21T11:40:34.049+0000] {logging_mixin.py:188} INFO - [2026-05-21T11:40:34.048+0000] {dag.py:3089} INFO - Sync 1 DAGs
[2026-05-21T11:40:34.095+0000] {logging_mixin.py:188} INFO - [2026-05-21T11:40:34.094+0000] {dag.py:3947} INFO - Setting next_dagrun for example_python_operator to None, run_after=None
[2026-05-21T11:40:34.620+0000] {processor.py:183} INFO - Processing /home/airflow/.local/lib/python3.12/site-packages/airflow/example_dags/example_python_operator.py took 0.715 seconds
[2026-05-21T11:41:04.941+0000] {processor.py:161} INFO - Started process (PID=12310) to work on /home/airflow/.local/lib/python3.12/site-packages/airflow/example_dags/example_python_operator.py
[2026-05-21T11:41:04.945+0000] {processor.py:830} INFO - Processing file /home/airflow/.local/lib/python3.12/site-packages/airflow/example_dags/example_python_operator.py for tasks to queue
[2026-05-21T11:41:04.955+0000] {logging_mixin.py:188} INFO - [2026-05-21T11:41:04.953+0000] {dagbag.py:545} INFO - Filling up the DagBag from /home/airflow/.local/lib/python3.12/site-packages/airflow/example_dags/example_python_operator.py
[2026-05-21T11:41:05.066+0000] {processor.py:840} INFO - DAG(s) 'example_python_operator' retrieved from /home/airflow/.local/lib/python3.12/site-packages/airflow/example_dags/example_python_operator.py
[2026-05-21T11:41:05.228+0000] {logging_mixin.py:188} INFO - [2026-05-21T11:41:05.227+0000] {dag.py:3089} INFO - Sync 1 DAGs
[2026-05-21T11:41:05.275+0000] {logging_mixin.py:188} INFO - [2026-05-21T11:41:05.275+0000] {dag.py:3947} INFO - Setting next_dagrun for example_python_operator to None, run_after=None
[2026-05-21T11:41:05.380+0000] {processor.py:183} INFO - Processing /home/airflow/.local/lib/python3.12/site-packages/airflow/example_dags/example_python_operator.py took 0.466 seconds
[2026-05-21T11:41:35.994+0000] {processor.py:161} INFO - Started process (PID=12370) to work on /home/airflow/.local/lib/python3.12/site-packages/airflow/example_dags/example_python_operator.py
[2026-05-21T11:41:35.999+0000] {processor.py:830} INFO - Processing file /home/airflow/.local/lib/python3.12/site-packages/airflow/example_dags/example_python_operator.py for tasks to queue
[2026-05-21T11:41:36.005+0000] {logging_mixin.py:188} INFO - [2026-05-21T11:41:36.004+0000] {dagbag.py:545} INFO - Filling up the DagBag from /home/airflow/.local/lib/python3.12/site-packages/airflow/example_dags/example_python_operator.py
[2026-05-21T11:41:36.038+0000] {processor.py:840} INFO - DAG(s) 'example_python_operator' retrieved from /home/airflow/.local/lib/python3.12/site-packages/airflow/example_dags/example_python_operator.py
[2026-05-21T11:41:36.139+0000] {logging_mixin.py:188} INFO - [2026-05-21T11:41:36.138+0000] {dag.py:3089} INFO - Sync 1 DAGs
[2026-05-21T11:41:36.182+0000] {logging_mixin.py:188} INFO - [2026-05-21T11:41:36.180+0000] {dag.py:3947} INFO - Setting next_dagrun for example_python_operator to None, run_after=None
[2026-05-21T11:41:36.253+0000] {processor.py:183} INFO - Processing /home/airflow/.local/lib/python3.12/site-packages/airflow/example_dags/example_python_operator.py took 0.313 seconds
[2026-05-21T11:42:07.031+0000] {processor.py:161} INFO - Started process (PID=12430) to work on /home/airflow/.local/lib/python3.12/site-packages/airflow/example_dags/example_python_operator.py
[2026-05-21T11:42:07.033+0000] {processor.py:830} INFO - Processing file /home/airflow/.local/lib/python3.12/site-packages/airflow/example_dags/example_python_operator.py for tasks to queue
[2026-05-21T11:42:07.037+0000] {logging_mixin.py:188} INFO - [2026-05-21T11:42:07.036+0000] {dagbag.py:545} INFO - Filling up the DagBag from /home/airflow/.local/lib/python3.12/site-packages/airflow/example_dags/example_python_operator.py
[2026-05-21T11:42:07.059+0000] {processor.py:840} INFO - DAG(s) 'example_python_operator' retrieved from /home/airflow/.local/lib/python3.12/site-packages/airflow/example_dags/example_python_operator.py
[2026-05-21T11:42:07.103+0000] {logging_mixin.py:188} INFO - [2026-05-21T11:42:07.103+0000] {dag.py:3089} INFO - Sync 1 DAGs
[2026-05-21T11:42:07.125+0000] {logging_mixin.py:188} INFO - [2026-05-21T11:42:07.125+0000] {dag.py:3947} INFO - Setting next_dagrun for example_python_operator to None, run_after=None
[2026-05-21T11:42:07.156+0000] {processor.py:183} INFO - Processing /home/airflow/.local/lib/python3.12/site-packages/airflow/example_dags/example_python_operator.py took 0.137 seconds
[2026-05-21T11:42:37.774+0000] {processor.py:161} INFO - Started process (PID=12491) to work on /home/airflow/.local/lib/python3.12/site-packages/airflow/example_dags/example_python_operator.py
[2026-05-21T11:42:37.776+0000] {processor.py:830} INFO - Processing file /home/airflow/.local/lib/python3.12/site-packages/airflow/example_dags/example_python_operator.py for tasks to queue
[2026-05-21T11:42:37.780+0000] {logging_mixin.py:188} INFO - [2026-05-21T11:42:37.779+0000] {dagbag.py:545} INFO - Filling up the DagBag from /home/airflow/.local/lib/python3.12/site-packages/airflow/example_dags/example_python_operator.py
[2026-05-21T11:42:37.796+0000] {processor.py:840} INFO - DAG(s) 'example_python_operator' retrieved from /home/airflow/.local/lib/python3.12/site-packages/airflow/example_dags/example_python_operator.py
[2026-05-21T11:42:37.832+0000] {logging_mixin.py:188} INFO - [2026-05-21T11:42:37.832+0000] {dag.py:3089} INFO - Sync 1 DAGs
[2026-05-21T11:42:37.853+0000] {logging_mixin.py:188} INFO - [2026-05-21T11:42:37.852+0000] {dag.py:3947} INFO - Setting next_dagrun for example_python_operator to None, run_after=None
[2026-05-21T11:42:37.884+0000] {processor.py:183} INFO - Processing /home/airflow/.local/lib/python3.12/site-packages/airflow/example_dags/example_python_operator.py took 0.119 seconds
[2026-05-21T11:43:08.537+0000] {processor.py:161} INFO - Started process (PID=12551) to work on /home/airflow/.local/lib/python3.12/site-packages/airflow/example_dags/example_python_operator.py
[2026-05-21T11:43:08.538+0000] {processor.py:830} INFO - Processing file /home/airflow/.local/lib/python3.12/site-packages/airflow/example_dags/example_python_operator.py for tasks to queue
[2026-05-21T11:43:08.542+0000] {logging_mixin.py:188} INFO - [2026-05-21T11:43:08.541+0000] {dagbag.py:545} INFO - Filling up the DagBag from /home/airflow/.local/lib/python3.12/site-packages/airflow/example_dags/example_python_operator.py
[2026-05-21T11:43:08.556+0000] {processor.py:840} INFO - DAG(s) 'example_python_operator' retrieved from /home/airflow/.local/lib/python3.12/site-packages/airflow/example_dags/example_python_operator.py
[2026-05-21T11:43:08.590+0000] {logging_mixin.py:188} INFO - [2026-05-21T11:43:08.590+0000] {dag.py:3089} INFO - Sync 1 DAGs
[2026-05-21T11:43:08.608+0000] {logging_mixin.py:188} INFO - [2026-05-21T11:43:08.607+0000] {dag.py:3947} INFO - Setting next_dagrun for example_python_operator to None, run_after=None
[2026-05-21T11:43:08.635+0000] {processor.py:183} INFO - Processing /home/airflow/.local/lib/python3.12/site-packages/airflow/example_dags/example_python_operator.py took 0.106 seconds
[2026-05-21T11:43:39.146+0000] {processor.py:161} INFO - Started process (PID=12611) to work on /home/airflow/.local/lib/python3.12/site-packages/airflow/example_dags/example_python_operator.py
[2026-05-21T11:43:39.148+0000] {processor.py:830} INFO - Processing file /home/airflow/.local/lib/python3.12/site-packages/airflow/example_dags/example_python_operator.py for tasks to queue
[2026-05-21T11:43:39.152+0000] {logging_mixin.py:188} INFO - [2026-05-21T11:43:39.151+0000] {dagbag.py:545} INFO - Filling up the DagBag from /home/airflow/.local/lib/python3.12/site-packages/airflow/example_dags/example_python_operator.py
[2026-05-21T11:43:39.168+0000] {processor.py:840} INFO - DAG(s) 'example_python_operator' retrieved from /home/airflow/.local/lib/python3.12/site-packages/airflow/example_dags/example_python_operator.py
[2026-05-21T11:43:39.205+0000] {logging_mixin.py:188} INFO - [2026-05-21T11:43:39.205+0000] {dag.py:3089} INFO - Sync 1 DAGs
[2026-05-21T11:43:39.225+0000] {logging_mixin.py:188} INFO - [2026-05-21T11:43:39.225+0000] {dag.py:3947} INFO - Setting next_dagrun for example_python_operator to None, run_after=None
[2026-05-21T11:43:39.255+0000] {processor.py:183} INFO - Processing /home/airflow/.local/lib/python3.12/site-packages/airflow/example_dags/example_python_operator.py took 0.118 seconds
[2026-05-21T11:44:09.857+0000] {processor.py:161} INFO - Started process (PID=12671) to work on /home/airflow/.local/lib/python3.12/site-packages/airflow/example_dags/example_python_operator.py
[2026-05-21T11:44:09.859+0000] {processor.py:830} INFO - Processing file /home/airflow/.local/lib/python3.12/site-packages/airflow/example_dags/example_python_operator.py for tasks to queue
[2026-05-21T11:44:09.862+0000] {logging_mixin.py:188} INFO - [2026-05-21T11:44:09.862+0000] {dagbag.py:545} INFO - Filling up the DagBag from /home/airflow/.local/lib/python3.12/site-packages/airflow/example_dags/example_python_operator.py
[2026-05-21T11:44:09.877+0000] {processor.py:840} INFO - DAG(s) 'example_python_operator' retrieved from /home/airflow/.local/lib/python3.12/site-packages/airflow/example_dags/example_python_operator.py
[2026-05-21T11:44:09.912+0000] {logging_mixin.py:188} INFO - [2026-05-21T11:44:09.912+0000] {dag.py:3089} INFO - Sync 1 DAGs
[2026-05-21T11:44:09.931+0000] {logging_mixin.py:188} INFO - [2026-05-21T11:44:09.930+0000] {dag.py:3947} INFO - Setting next_dagrun for example_python_operator to None, run_after=None
[2026-05-21T11:44:09.973+0000] {processor.py:183} INFO - Processing /home/airflow/.local/lib/python3.12/site-packages/airflow/example_dags/example_python_operator.py took 0.124 seconds
[2026-05-21T11:44:40.077+0000] {processor.py:161} INFO - Started process (PID=12730) to work on /home/airflow/.local/lib/python3.12/site-packages/airflow/example_dags/example_python_operator.py
[2026-05-21T11:44:40.078+0000] {processor.py:830} INFO - Processing file /home/airflow/.local/lib/python3.12/site-packages/airflow/example_dags/example_python_operator.py for tasks to queue
[2026-05-21T11:44:40.082+0000] {logging_mixin.py:188} INFO - [2026-05-21T11:44:40.081+0000] {dagbag.py:545} INFO - Filling up the DagBag from /home/airflow/.local/lib/python3.12/site-packages/airflow/example_dags/example_python_operator.py
[2026-05-21T11:44:40.098+0000] {processor.py:840} INFO - DAG(s) 'example_python_operator' retrieved from /home/airflow/.local/lib/python3.12/site-packages/airflow/example_dags/example_python_operator.py
[2026-05-21T11:44:40.137+0000] {logging_mixin.py:188} INFO - [2026-05-21T11:44:40.136+0000] {dag.py:3089} INFO - Sync 1 DAGs
[2026-05-21T11:44:40.158+0000] {logging_mixin.py:188} INFO - [2026-05-21T11:44:40.157+0000] {dag.py:3947} INFO - Setting next_dagrun for example_python_operator to None, run_after=None
[2026-05-21T11:44:40.187+0000] {processor.py:183} INFO - Processing /home/airflow/.local/lib/python3.12/site-packages/airflow/example_dags/example_python_operator.py took 0.118 seconds
[2026-05-21T11:45:11.212+0000] {processor.py:161} INFO - Started process (PID=12790) to work on /home/airflow/.local/lib/python3.12/site-packages/airflow/example_dags/example_python_operator.py
[2026-05-21T11:45:11.214+0000] {processor.py:830} INFO - Processing file /home/airflow/.local/lib/python3.12/site-packages/airflow/example_dags/example_python_operator.py for tasks to queue
[2026-05-21T11:45:11.218+0000] {logging_mixin.py:188} INFO - [2026-05-21T11:45:11.217+0000] {dagbag.py:545} INFO - Filling up the DagBag from /home/airflow/.local/lib/python3.12/site-packages/airflow/example_dags/example_python_operator.py
[2026-05-21T11:45:11.235+0000] {processor.py:840} INFO - DAG(s) 'example_python_operator' retrieved from /home/airflow/.local/lib/python3.12/site-packages/airflow/example_dags/example_python_operator.py
[2026-05-21T11:45:11.274+0000] {logging_mixin.py:188} INFO - [2026-05-21T11:45:11.273+0000] {dag.py:3089} INFO - Sync 1 DAGs
[2026-05-21T11:45:11.296+0000] {logging_mixin.py:188} INFO - [2026-05-21T11:45:11.296+0000] {dag.py:3947} INFO - Setting next_dagrun for example_python_operator to None, run_after=None
[2026-05-21T11:45:11.331+0000] {processor.py:183} INFO - Processing /home/airflow/.local/lib/python3.12/site-packages/airflow/example_dags/example_python_operator.py took 0.128 seconds
[2026-05-21T11:45:41.694+0000] {processor.py:161} INFO - Started process (PID=12849) to work on /home/airflow/.local/lib/python3.12/site-packages/airflow/example_dags/example_python_operator.py
[2026-05-21T11:45:41.696+0000] {processor.py:830} INFO - Processing file /home/airflow/.local/lib/python3.12/site-packages/airflow/example_dags/example_python_operator.py for tasks to queue
[2026-05-21T11:45:41.700+0000] {logging_mixin.py:188} INFO - [2026-05-21T11:45:41.699+0000] {dagbag.py:545} INFO - Filling up the DagBag from /home/airflow/.local/lib/python3.12/site-packages/airflow/example_dags/example_python_operator.py
[2026-05-21T11:45:41.717+0000] {processor.py:840} INFO - DAG(s) 'example_python_operator' retrieved from /home/airflow/.local/lib/python3.12/site-packages/airflow/example_dags/example_python_operator.py
[2026-05-21T11:45:41.764+0000] {logging_mixin.py:188} INFO - [2026-05-21T11:45:41.763+0000] {dag.py:3089} INFO - Sync 1 DAGs
[2026-05-21T11:45:41.792+0000] {logging_mixin.py:188} INFO - [2026-05-21T11:45:41.791+0000] {dag.py:3947} INFO - Setting next_dagrun for example_python_operator to None, run_after=None
[2026-05-21T11:45:41.834+0000] {processor.py:183} INFO - Processing /home/airflow/.local/lib/python3.12/site-packages/airflow/example_dags/example_python_operator.py took 0.149 seconds
[2026-05-21T11:46:12.866+0000] {processor.py:161} INFO - Started process (PID=12910) to work on /home/airflow/.local/lib/python3.12/site-packages/airflow/example_dags/example_python_operator.py
[2026-05-21T11:46:12.868+0000] {processor.py:830} INFO - Processing file /home/airflow/.local/lib/python3.12/site-packages/airflow/example_dags/example_python_operator.py for tasks to queue
[2026-05-21T11:46:12.872+0000] {logging_mixin.py:188} INFO - [2026-05-21T11:46:12.871+0000] {dagbag.py:545} INFO - Filling up the DagBag from /home/airflow/.local/lib/python3.12/site-packages/airflow/example_dags/example_python_operator.py
[2026-05-21T11:46:12.893+0000] {processor.py:840} INFO - DAG(s) 'example_python_operator' retrieved from /home/airflow/.local/lib/python3.12/site-packages/airflow/example_dags/example_python_operator.py
[2026-05-21T11:46:12.938+0000] {logging_mixin.py:188} INFO - [2026-05-21T11:46:12.938+0000] {dag.py:3089} INFO - Sync 1 DAGs
[2026-05-21T11:46:12.963+0000] {logging_mixin.py:188} INFO - [2026-05-21T11:46:12.963+0000] {dag.py:3947} INFO - Setting next_dagrun for example_python_operator to None, run_after=None
[2026-05-21T11:46:12.997+0000] {processor.py:183} INFO - Processing /home/airflow/.local/lib/python3.12/site-packages/airflow/example_dags/example_python_operator.py took 0.142 seconds
[2026-05-21T11:46:43.547+0000] {processor.py:161} INFO - Started process (PID=12970) to work on /home/airflow/.local/lib/python3.12/site-packages/airflow/example_dags/example_python_operator.py
[2026-05-21T11:46:43.550+0000] {processor.py:830} INFO - Processing file /home/airflow/.local/lib/python3.12/site-packages/airflow/example_dags/example_python_operator.py for tasks to queue
[2026-05-21T11:46:43.556+0000] {logging_mixin.py:188} INFO - [2026-05-21T11:46:43.554+0000] {dagbag.py:545} INFO - Filling up the DagBag from /home/airflow/.local/lib/python3.12/site-packages/airflow/example_dags/example_python_operator.py
[2026-05-21T11:46:43.615+0000] {processor.py:840} INFO - DAG(s) 'example_python_operator' retrieved from /home/airflow/.local/lib/python3.12/site-packages/airflow/example_dags/example_python_operator.py
[2026-05-21T11:46:43.697+0000] {logging_mixin.py:188} INFO - [2026-05-21T11:46:43.696+0000] {dag.py:3089} INFO - Sync 1 DAGs
[2026-05-21T11:46:43.722+0000] {logging_mixin.py:188} INFO - [2026-05-21T11:46:43.721+0000] {dag.py:3947} INFO - Setting next_dagrun for example_python_operator to None, run_after=None
[2026-05-21T11:46:43.754+0000] {processor.py:183} INFO - Processing /home/airflow/.local/lib/python3.12/site-packages/airflow/example_dags/example_python_operator.py took 0.230 seconds
[2026-05-21T11:47:14.493+0000] {processor.py:161} INFO - Started process (PID=13030) to work on /home/airflow/.local/lib/python3.12/site-packages/airflow/example_dags/example_python_operator.py
[2026-05-21T11:47:14.495+0000] {processor.py:830} INFO - Processing file /home/airflow/.local/lib/python3.12/site-packages/airflow/example_dags/example_python_operator.py for tasks to queue
[2026-05-21T11:47:14.498+0000] {logging_mixin.py:188} INFO - [2026-05-21T11:47:14.498+0000] {dagbag.py:545} INFO - Filling up the DagBag from /home/airflow/.local/lib/python3.12/site-packages/airflow/example_dags/example_python_operator.py
[2026-05-21T11:47:14.514+0000] {processor.py:840} INFO - DAG(s) 'example_python_operator' retrieved from /home/airflow/.local/lib/python3.12/site-packages/airflow/example_dags/example_python_operator.py
[2026-05-21T11:47:14.559+0000] {logging_mixin.py:188} INFO - [2026-05-21T11:47:14.559+0000] {dag.py:3089} INFO - Sync 1 DAGs
[2026-05-21T11:47:14.581+0000] {logging_mixin.py:188} INFO - [2026-05-21T11:47:14.581+0000] {dag.py:3947} INFO - Setting next_dagrun for example_python_operator to None, run_after=None
[2026-05-21T11:47:14.615+0000] {processor.py:183} INFO - Processing /home/airflow/.local/lib/python3.12/site-packages/airflow/example_dags/example_python_operator.py took 0.131 seconds
[2026-05-21T11:47:45.364+0000] {processor.py:161} INFO - Started process (PID=13090) to work on /home/airflow/.local/lib/python3.12/site-packages/airflow/example_dags/example_python_operator.py
[2026-05-21T11:47:45.366+0000] {processor.py:830} INFO - Processing file /home/airflow/.local/lib/python3.12/site-packages/airflow/example_dags/example_python_operator.py for tasks to queue
[2026-05-21T11:47:45.370+0000] {logging_mixin.py:188} INFO - [2026-05-21T11:47:45.369+0000] {dagbag.py:545} INFO - Filling up the DagBag from /home/airflow/.local/lib/python3.12/site-packages/airflow/example_dags/example_python_operator.py
[2026-05-21T11:47:45.394+0000] {processor.py:840} INFO - DAG(s) 'example_python_operator' retrieved from /home/airflow/.local/lib/python3.12/site-packages/airflow/example_dags/example_python_operator.py
[2026-05-21T11:47:45.434+0000] {logging_mixin.py:188} INFO - [2026-05-21T11:47:45.433+0000] {dag.py:3089} INFO - Sync 1 DAGs
[2026-05-21T11:47:45.457+0000] {logging_mixin.py:188} INFO - [2026-05-21T11:47:45.456+0000] {dag.py:3947} INFO - Setting next_dagrun for example_python_operator to None, run_after=None
[2026-05-21T11:47:45.533+0000] {processor.py:183} INFO - Processing /home/airflow/.local/lib/python3.12/site-packages/airflow/example_dags/example_python_operator.py took 0.180 seconds
[2026-05-21T11:48:16.174+0000] {processor.py:161} INFO - Started process (PID=13150) to work on /home/airflow/.local/lib/python3.12/site-packages/airflow/example_dags/example_python_operator.py
[2026-05-21T11:48:16.176+0000] {processor.py:830} INFO - Processing file /home/airflow/.local/lib/python3.12/site-packages/airflow/example_dags/example_python_operator.py for tasks to queue
[2026-05-21T11:48:16.180+0000] {logging_mixin.py:188} INFO - [2026-05-21T11:48:16.179+0000] {dagbag.py:545} INFO - Filling up the DagBag from /home/airflow/.local/lib/python3.12/site-packages/airflow/example_dags/example_python_operator.py
[2026-05-21T11:48:16.196+0000] {processor.py:840} INFO - DAG(s) 'example_python_operator' retrieved from /home/airflow/.local/lib/python3.12/site-packages/airflow/example_dags/example_python_operator.py
[2026-05-21T11:48:16.232+0000] {logging_mixin.py:188} INFO - [2026-05-21T11:48:16.232+0000] {dag.py:3089} INFO - Sync 1 DAGs
[2026-05-21T11:48:16.253+0000] {logging_mixin.py:188} INFO - [2026-05-21T11:48:16.253+0000] {dag.py:3947} INFO - Setting next_dagrun for example_python_operator to None, run_after=None
[2026-05-21T11:48:16.282+0000] {processor.py:183} INFO - Processing /home/airflow/.local/lib/python3.12/site-packages/airflow/example_dags/example_python_operator.py took 0.117 seconds
[2026-05-21T11:48:46.850+0000] {processor.py:161} INFO - Started process (PID=13210) to work on /home/airflow/.local/lib/python3.12/site-packages/airflow/example_dags/example_python_operator.py
[2026-05-21T11:48:46.852+0000] {processor.py:830} INFO - Processing file /home/airflow/.local/lib/python3.12/site-packages/airflow/example_dags/example_python_operator.py for tasks to queue
[2026-05-21T11:48:46.855+0000] {logging_mixin.py:188} INFO - [2026-05-21T11:48:46.855+0000] {dagbag.py:545} INFO - Filling up the DagBag from /home/airflow/.local/lib/python3.12/site-packages/airflow/example_dags/example_python_operator.py
[2026-05-21T11:48:46.873+0000] {processor.py:840} INFO - DAG(s) 'example_python_operator' retrieved from /home/airflow/.local/lib/python3.12/site-packages/airflow/example_dags/example_python_operator.py
[2026-05-21T11:48:46.911+0000] {logging_mixin.py:188} INFO - [2026-05-21T11:48:46.911+0000] {dag.py:3089} INFO - Sync 1 DAGs
[2026-05-21T11:48:46.932+0000] {logging_mixin.py:188} INFO - [2026-05-21T11:48:46.931+0000] {dag.py:3947} INFO - Setting next_dagrun for example_python_operator to None, run_after=None
[2026-05-21T11:48:46.964+0000] {processor.py:183} INFO - Processing /home/airflow/.local/lib/python3.12/site-packages/airflow/example_dags/example_python_operator.py took 0.125 seconds
[2026-05-21T11:49:17.551+0000] {processor.py:161} INFO - Started process (PID=13270) to work on /home/airflow/.local/lib/python3.12/site-packages/airflow/example_dags/example_python_operator.py
[2026-05-21T11:49:17.553+0000] {processor.py:830} INFO - Processing file /home/airflow/.local/lib/python3.12/site-packages/airflow/example_dags/example_python_operator.py for tasks to queue
[2026-05-21T11:49:17.557+0000] {logging_mixin.py:188} INFO - [2026-05-21T11:49:17.556+0000] {dagbag.py:545} INFO - Filling up the DagBag from /home/airflow/.local/lib/python3.12/site-packages/airflow/example_dags/example_python_operator.py
[2026-05-21T11:49:17.574+0000] {processor.py:840} INFO - DAG(s) 'example_python_operator' retrieved from /home/airflow/.local/lib/python3.12/site-packages/airflow/example_dags/example_python_operator.py
[2026-05-21T11:49:17.615+0000] {logging_mixin.py:188} INFO - [2026-05-21T11:49:17.615+0000] {dag.py:3089} INFO - Sync 1 DAGs
[2026-05-21T11:49:17.638+0000] {logging_mixin.py:188} INFO - [2026-05-21T11:49:17.638+0000] {dag.py:3947} INFO - Setting next_dagrun for example_python_operator to None, run_after=None
[2026-05-21T11:49:17.670+0000] {processor.py:183} INFO - Processing /home/airflow/.local/lib/python3.12/site-packages/airflow/example_dags/example_python_operator.py took 0.128 seconds
[2026-05-21T11:49:48.358+0000] {processor.py:161} INFO - Started process (PID=13330) to work on /home/airflow/.local/lib/python3.12/site-packages/airflow/example_dags/example_python_operator.py
[2026-05-21T11:49:48.360+0000] {processor.py:830} INFO - Processing file /home/airflow/.local/lib/python3.12/site-packages/airflow/example_dags/example_python_operator.py for tasks to queue
[2026-05-21T11:49:48.363+0000] {logging_mixin.py:188} INFO - [2026-05-21T11:49:48.363+0000] {dagbag.py:545} INFO - Filling up the DagBag from /home/airflow/.local/lib/python3.12/site-packages/airflow/example_dags/example_python_operator.py
[2026-05-21T11:49:48.379+0000] {processor.py:840} INFO - DAG(s) 'example_python_operator' retrieved from /home/airflow/.local/lib/python3.12/site-packages/airflow/example_dags/example_python_operator.py
[2026-05-21T11:49:48.414+0000] {logging_mixin.py:188} INFO - [2026-05-21T11:49:48.413+0000] {dag.py:3089} INFO - Sync 1 DAGs
[2026-05-21T11:49:48.432+0000] {logging_mixin.py:188} INFO - [2026-05-21T11:49:48.432+0000] {dag.py:3947} INFO - Setting next_dagrun for example_python_operator to None, run_after=None
[2026-05-21T11:49:48.463+0000] {processor.py:183} INFO - Processing /home/airflow/.local/lib/python3.12/site-packages/airflow/example_dags/example_python_operator.py took 0.115 seconds
[2026-05-21T11:50:18.707+0000] {processor.py:161} INFO - Started process (PID=13390) to work on /home/airflow/.local/lib/python3.12/site-packages/airflow/example_dags/example_python_operator.py
[2026-05-21T11:50:18.709+0000] {processor.py:830} INFO - Processing file /home/airflow/.local/lib/python3.12/site-packages/airflow/example_dags/example_python_operator.py for tasks to queue
[2026-05-21T11:50:18.713+0000] {logging_mixin.py:188} INFO - [2026-05-21T11:50:18.712+0000] {dagbag.py:545} INFO - Filling up the DagBag from /home/airflow/.local/lib/python3.12/site-packages/airflow/example_dags/example_python_operator.py
[2026-05-21T11:50:18.730+0000] {processor.py:840} INFO - DAG(s) 'example_python_operator' retrieved from /home/airflow/.local/lib/python3.12/site-packages/airflow/example_dags/example_python_operator.py
[2026-05-21T11:50:18.767+0000] {logging_mixin.py:188} INFO - [2026-05-21T11:50:18.766+0000] {dag.py:3089} INFO - Sync 1 DAGs
[2026-05-21T11:50:18.787+0000] {logging_mixin.py:188} INFO - [2026-05-21T11:50:18.786+0000] {dag.py:3947} INFO - Setting next_dagrun for example_python_operator to None, run_after=None
[2026-05-21T11:50:18.816+0000] {processor.py:183} INFO - Processing /home/airflow/.local/lib/python3.12/site-packages/airflow/example_dags/example_python_operator.py took 0.117 seconds
[2026-05-21T11:50:49.203+0000] {processor.py:161} INFO - Started process (PID=13450) to work on /home/airflow/.local/lib/python3.12/site-packages/airflow/example_dags/example_python_operator.py
[2026-05-21T11:50:49.205+0000] {processor.py:830} INFO - Processing file /home/airflow/.local/lib/python3.12/site-packages/airflow/example_dags/example_python_operator.py for tasks to queue
[2026-05-21T11:50:49.208+0000] {logging_mixin.py:188} INFO - [2026-05-21T11:50:49.208+0000] {dagbag.py:545} INFO - Filling up the DagBag from /home/airflow/.local/lib/python3.12/site-packages/airflow/example_dags/example_python_operator.py
[2026-05-21T11:50:49.224+0000] {processor.py:840} INFO - DAG(s) 'example_python_operator' retrieved from /home/airflow/.local/lib/python3.12/site-packages/airflow/example_dags/example_python_operator.py
[2026-05-21T11:50:49.257+0000] {logging_mixin.py:188} INFO - [2026-05-21T11:50:49.256+0000] {dag.py:3089} INFO - Sync 1 DAGs
[2026-05-21T11:50:49.276+0000] {logging_mixin.py:188} INFO - [2026-05-21T11:50:49.276+0000] {dag.py:3947} INFO - Setting next_dagrun for example_python_operator to None, run_after=None
[2026-05-21T11:50:49.308+0000] {processor.py:183} INFO - Processing /home/airflow/.local/lib/python3.12/site-packages/airflow/example_dags/example_python_operator.py took 0.112 seconds
[2026-05-21T11:51:20.482+0000] {processor.py:161} INFO - Started process (PID=13510) to work on /home/airflow/.local/lib/python3.12/site-packages/airflow/example_dags/example_python_operator.py
[2026-05-21T11:51:20.484+0000] {processor.py:830} INFO - Processing file /home/airflow/.local/lib/python3.12/site-packages/airflow/example_dags/example_python_operator.py for tasks to queue
[2026-05-21T11:51:20.488+0000] {logging_mixin.py:188} INFO - [2026-05-21T11:51:20.487+0000] {dagbag.py:545} INFO - Filling up the DagBag from /home/airflow/.local/lib/python3.12/site-packages/airflow/example_dags/example_python_operator.py
[2026-05-21T11:51:20.506+0000] {processor.py:840} INFO - DAG(s) 'example_python_operator' retrieved from /home/airflow/.local/lib/python3.12/site-packages/airflow/example_dags/example_python_operator.py
[2026-05-21T11:51:20.552+0000] {logging_mixin.py:188} INFO - [2026-05-21T11:51:20.552+0000] {dag.py:3089} INFO - Sync 1 DAGs
[2026-05-21T11:51:20.574+0000] {logging_mixin.py:188} INFO - [2026-05-21T11:51:20.574+0000] {dag.py:3947} INFO - Setting next_dagrun for example_python_operator to None, run_after=None
[2026-05-21T11:51:20.621+0000] {processor.py:183} INFO - Processing /home/airflow/.local/lib/python3.12/site-packages/airflow/example_dags/example_python_operator.py took 0.150 seconds
[2026-05-21T11:51:50.807+0000] {processor.py:161} INFO - Started process (PID=13570) to work on /home/airflow/.local/lib/python3.12/site-packages/airflow/example_dags/example_python_operator.py
[2026-05-21T11:51:50.810+0000] {processor.py:830} INFO - Processing file /home/airflow/.local/lib/python3.12/site-packages/airflow/example_dags/example_python_operator.py for tasks to queue
[2026-05-21T11:51:50.813+0000] {logging_mixin.py:188} INFO - [2026-05-21T11:51:50.812+0000] {dagbag.py:545} INFO - Filling up the DagBag from /home/airflow/.local/lib/python3.12/site-packages/airflow/example_dags/example_python_operator.py
[2026-05-21T11:51:50.831+0000] {processor.py:840} INFO - DAG(s) 'example_python_operator' retrieved from /home/airflow/.local/lib/python3.12/site-packages/airflow/example_dags/example_python_operator.py
[2026-05-21T11:51:50.866+0000] {logging_mixin.py:188} INFO - [2026-05-21T11:51:50.866+0000] {dag.py:3089} INFO - Sync 1 DAGs
[2026-05-21T11:51:50.884+0000] {logging_mixin.py:188} INFO - [2026-05-21T11:51:50.883+0000] {dag.py:3947} INFO - Setting next_dagrun for example_python_operator to None, run_after=None
[2026-05-21T11:51:50.913+0000] {processor.py:183} INFO - Processing /home/airflow/.local/lib/python3.12/site-packages/airflow/example_dags/example_python_operator.py took 0.119 seconds
[2026-05-21T11:52:21.126+0000] {processor.py:161} INFO - Started process (PID=13630) to work on /home/airflow/.local/lib/python3.12/site-packages/airflow/example_dags/example_python_operator.py
[2026-05-21T11:52:21.128+0000] {processor.py:830} INFO - Processing file /home/airflow/.local/lib/python3.12/site-packages/airflow/example_dags/example_python_operator.py for tasks to queue
[2026-05-21T11:52:21.132+0000] {logging_mixin.py:188} INFO - [2026-05-21T11:52:21.131+0000] {dagbag.py:545} INFO - Filling up the DagBag from /home/airflow/.local/lib/python3.12/site-packages/airflow/example_dags/example_python_operator.py
[2026-05-21T11:52:21.150+0000] {processor.py:840} INFO - DAG(s) 'example_python_operator' retrieved from /home/airflow/.local/lib/python3.12/site-packages/airflow/example_dags/example_python_operator.py
[2026-05-21T11:52:21.185+0000] {logging_mixin.py:188} INFO - [2026-05-21T11:52:21.185+0000] {dag.py:3089} INFO - Sync 1 DAGs
[2026-05-21T11:52:21.206+0000] {logging_mixin.py:188} INFO - [2026-05-21T11:52:21.205+0000] {dag.py:3947} INFO - Setting next_dagrun for example_python_operator to None, run_after=None
[2026-05-21T11:52:21.235+0000] {processor.py:183} INFO - Processing /home/airflow/.local/lib/python3.12/site-packages/airflow/example_dags/example_python_operator.py took 0.120 seconds
[2026-05-21T11:52:51.832+0000] {processor.py:161} INFO - Started process (PID=13690) to work on /home/airflow/.local/lib/python3.12/site-packages/airflow/example_dags/example_python_operator.py
[2026-05-21T11:52:51.833+0000] {processor.py:830} INFO - Processing file /home/airflow/.local/lib/python3.12/site-packages/airflow/example_dags/example_python_operator.py for tasks to queue
[2026-05-21T11:52:51.837+0000] {logging_mixin.py:188} INFO - [2026-05-21T11:52:51.836+0000] {dagbag.py:545} INFO - Filling up the DagBag from /home/airflow/.local/lib/python3.12/site-packages/airflow/example_dags/example_python_operator.py
[2026-05-21T11:52:51.853+0000] {processor.py:840} INFO - DAG(s) 'example_python_operator' retrieved from /home/airflow/.local/lib/python3.12/site-packages/airflow/example_dags/example_python_operator.py
[2026-05-21T11:52:51.887+0000] {logging_mixin.py:188} INFO - [2026-05-21T11:52:51.886+0000] {dag.py:3089} INFO - Sync 1 DAGs
[2026-05-21T11:52:51.905+0000] {logging_mixin.py:188} INFO - [2026-05-21T11:52:51.905+0000] {dag.py:3947} INFO - Setting next_dagrun for example_python_operator to None, run_after=None
[2026-05-21T11:52:51.934+0000] {processor.py:183} INFO - Processing /home/airflow/.local/lib/python3.12/site-packages/airflow/example_dags/example_python_operator.py took 0.113 seconds
[2026-05-21T11:53:22.099+0000] {processor.py:161} INFO - Started process (PID=13750) to work on /home/airflow/.local/lib/python3.12/site-packages/airflow/example_dags/example_python_operator.py
[2026-05-21T11:53:22.101+0000] {processor.py:830} INFO - Processing file /home/airflow/.local/lib/python3.12/site-packages/airflow/example_dags/example_python_operator.py for tasks to queue
[2026-05-21T11:53:22.104+0000] {logging_mixin.py:188} INFO - [2026-05-21T11:53:22.104+0000] {dagbag.py:545} INFO - Filling up the DagBag from /home/airflow/.local/lib/python3.12/site-packages/airflow/example_dags/example_python_operator.py
[2026-05-21T11:53:22.120+0000] {processor.py:840} INFO - DAG(s) 'example_python_operator' retrieved from /home/airflow/.local/lib/python3.12/site-packages/airflow/example_dags/example_python_operator.py
[2026-05-21T11:53:22.155+0000] {logging_mixin.py:188} INFO - [2026-05-21T11:53:22.154+0000] {dag.py:3089} INFO - Sync 1 DAGs
[2026-05-21T11:53:22.173+0000] {logging_mixin.py:188} INFO - [2026-05-21T11:53:22.173+0000] {dag.py:3947} INFO - Setting next_dagrun for example_python_operator to None, run_after=None
[2026-05-21T11:53:22.202+0000] {processor.py:183} INFO - Processing /home/airflow/.local/lib/python3.12/site-packages/airflow/example_dags/example_python_operator.py took 0.112 seconds
[2026-05-21T11:53:52.777+0000] {processor.py:161} INFO - Started process (PID=13809) to work on /home/airflow/.local/lib/python3.12/site-packages/airflow/example_dags/example_python_operator.py
[2026-05-21T11:53:52.778+0000] {processor.py:830} INFO - Processing file /home/airflow/.local/lib/python3.12/site-packages/airflow/example_dags/example_python_operator.py for tasks to queue
[2026-05-21T11:53:52.782+0000] {logging_mixin.py:188} INFO - [2026-05-21T11:53:52.781+0000] {dagbag.py:545} INFO - Filling up the DagBag from /home/airflow/.local/lib/python3.12/site-packages/airflow/example_dags/example_python_operator.py
[2026-05-21T11:53:52.798+0000] {processor.py:840} INFO - DAG(s) 'example_python_operator' retrieved from /home/airflow/.local/lib/python3.12/site-packages/airflow/example_dags/example_python_operator.py
[2026-05-21T11:53:52.843+0000] {logging_mixin.py:188} INFO - [2026-05-21T11:53:52.842+0000] {dag.py:3089} INFO - Sync 1 DAGs
[2026-05-21T11:53:52.864+0000] {logging_mixin.py:188} INFO - [2026-05-21T11:53:52.864+0000] {dag.py:3947} INFO - Setting next_dagrun for example_python_operator to None, run_after=None
[2026-05-21T11:53:52.908+0000] {processor.py:183} INFO - Processing /home/airflow/.local/lib/python3.12/site-packages/airflow/example_dags/example_python_operator.py took 0.140 seconds
[2026-05-21T11:54:23.151+0000] {processor.py:161} INFO - Started process (PID=13869) to work on /home/airflow/.local/lib/python3.12/site-packages/airflow/example_dags/example_python_operator.py
[2026-05-21T11:54:23.153+0000] {processor.py:830} INFO - Processing file /home/airflow/.local/lib/python3.12/site-packages/airflow/example_dags/example_python_operator.py for tasks to queue
[2026-05-21T11:54:23.156+0000] {logging_mixin.py:188} INFO - [2026-05-21T11:54:23.155+0000] {dagbag.py:545} INFO - Filling up the DagBag from /home/airflow/.local/lib/python3.12/site-packages/airflow/example_dags/example_python_operator.py
[2026-05-21T11:54:23.172+0000] {processor.py:840} INFO - DAG(s) 'example_python_operator' retrieved from /home/airflow/.local/lib/python3.12/site-packages/airflow/example_dags/example_python_operator.py
[2026-05-21T11:54:23.205+0000] {logging_mixin.py:188} INFO - [2026-05-21T11:54:23.205+0000] {dag.py:3089} INFO - Sync 1 DAGs
[2026-05-21T11:54:23.224+0000] {logging_mixin.py:188} INFO - [2026-05-21T11:54:23.223+0000] {dag.py:3947} INFO - Setting next_dagrun for example_python_operator to None, run_after=None
[2026-05-21T11:54:23.251+0000] {processor.py:183} INFO - Processing /home/airflow/.local/lib/python3.12/site-packages/airflow/example_dags/example_python_operator.py took 0.110 seconds
[2026-05-21T11:54:53.376+0000] {processor.py:161} INFO - Started process (PID=13930) to work on /home/airflow/.local/lib/python3.12/site-packages/airflow/example_dags/example_python_operator.py
[2026-05-21T11:54:53.378+0000] {processor.py:830} INFO - Processing file /home/airflow/.local/lib/python3.12/site-packages/airflow/example_dags/example_python_operator.py for tasks to queue
[2026-05-21T11:54:53.381+0000] {logging_mixin.py:188} INFO - [2026-05-21T11:54:53.380+0000] {dagbag.py:545} INFO - Filling up the DagBag from /home/airflow/.local/lib/python3.12/site-packages/airflow/example_dags/example_python_operator.py
[2026-05-21T11:54:53.398+0000] {processor.py:840} INFO - DAG(s) 'example_python_operator' retrieved from /home/airflow/.local/lib/python3.12/site-packages/airflow/example_dags/example_python_operator.py
[2026-05-21T11:54:53.451+0000] {logging_mixin.py:188} INFO - [2026-05-21T11:54:53.451+0000] {dag.py:3089} INFO - Sync 1 DAGs
[2026-05-21T11:54:53.490+0000] {logging_mixin.py:188} INFO - [2026-05-21T11:54:53.489+0000] {dag.py:3947} INFO - Setting next_dagrun for example_python_operator to None, run_after=None
[2026-05-21T11:54:53.541+0000] {processor.py:183} INFO - Processing /home/airflow/.local/lib/python3.12/site-packages/airflow/example_dags/example_python_operator.py took 0.173 seconds
[2026-05-21T11:55:23.935+0000] {processor.py:161} INFO - Started process (PID=13990) to work on /home/airflow/.local/lib/python3.12/site-packages/airflow/example_dags/example_python_operator.py
[2026-05-21T11:55:23.937+0000] {processor.py:830} INFO - Processing file /home/airflow/.local/lib/python3.12/site-packages/airflow/example_dags/example_python_operator.py for tasks to queue
[2026-05-21T11:55:23.941+0000] {logging_mixin.py:188} INFO - [2026-05-21T11:55:23.940+0000] {dagbag.py:545} INFO - Filling up the DagBag from /home/airflow/.local/lib/python3.12/site-packages/airflow/example_dags/example_python_operator.py
[2026-05-21T11:55:23.957+0000] {processor.py:840} INFO - DAG(s) 'example_python_operator' retrieved from /home/airflow/.local/lib/python3.12/site-packages/airflow/example_dags/example_python_operator.py
[2026-05-21T11:55:23.995+0000] {logging_mixin.py:188} INFO - [2026-05-21T11:55:23.995+0000] {dag.py:3089} INFO - Sync 1 DAGs
[2026-05-21T11:55:24.016+0000] {logging_mixin.py:188} INFO - [2026-05-21T11:55:24.015+0000] {dag.py:3947} INFO - Setting next_dagrun for example_python_operator to None, run_after=None
[2026-05-21T11:55:24.045+0000] {processor.py:183} INFO - Processing /home/airflow/.local/lib/python3.12/site-packages/airflow/example_dags/example_python_operator.py took 0.122 seconds
[2026-05-21T11:55:54.247+0000] {processor.py:161} INFO - Started process (PID=14050) to work on /home/airflow/.local/lib/python3.12/site-packages/airflow/example_dags/example_python_operator.py
[2026-05-21T11:55:54.248+0000] {processor.py:830} INFO - Processing file /home/airflow/.local/lib/python3.12/site-packages/airflow/example_dags/example_python_operator.py for tasks to queue
[2026-05-21T11:55:54.252+0000] {logging_mixin.py:188} INFO - [2026-05-21T11:55:54.251+0000] {dagbag.py:545} INFO - Filling up the DagBag from /home/airflow/.local/lib/python3.12/site-packages/airflow/example_dags/example_python_operator.py
[2026-05-21T11:55:54.267+0000] {processor.py:840} INFO - DAG(s) 'example_python_operator' retrieved from /home/airflow/.local/lib/python3.12/site-packages/airflow/example_dags/example_python_operator.py
[2026-05-21T11:55:54.304+0000] {logging_mixin.py:188} INFO - [2026-05-21T11:55:54.304+0000] {dag.py:3089} INFO - Sync 1 DAGs
[2026-05-21T11:55:54.323+0000] {logging_mixin.py:188} INFO - [2026-05-21T11:55:54.323+0000] {dag.py:3947} INFO - Setting next_dagrun for example_python_operator to None, run_after=None
[2026-05-21T11:55:54.355+0000] {processor.py:183} INFO - Processing /home/airflow/.local/lib/python3.12/site-packages/airflow/example_dags/example_python_operator.py took 0.117 seconds
[2026-05-21T11:56:24.532+0000] {processor.py:161} INFO - Started process (PID=14110) to work on /home/airflow/.local/lib/python3.12/site-packages/airflow/example_dags/example_python_operator.py
[2026-05-21T11:56:24.534+0000] {processor.py:830} INFO - Processing file /home/airflow/.local/lib/python3.12/site-packages/airflow/example_dags/example_python_operator.py for tasks to queue
[2026-05-21T11:56:24.537+0000] {logging_mixin.py:188} INFO - [2026-05-21T11:56:24.536+0000] {dagbag.py:545} INFO - Filling up the DagBag from /home/airflow/.local/lib/python3.12/site-packages/airflow/example_dags/example_python_operator.py
[2026-05-21T11:56:24.555+0000] {processor.py:840} INFO - DAG(s) 'example_python_operator' retrieved from /home/airflow/.local/lib/python3.12/site-packages/airflow/example_dags/example_python_operator.py
[2026-05-21T11:56:24.591+0000] {logging_mixin.py:188} INFO - [2026-05-21T11:56:24.590+0000] {dag.py:3089} INFO - Sync 1 DAGs
[2026-05-21T11:56:24.609+0000] {logging_mixin.py:188} INFO - [2026-05-21T11:56:24.609+0000] {dag.py:3947} INFO - Setting next_dagrun for example_python_operator to None, run_after=None
[2026-05-21T11:56:24.638+0000] {processor.py:183} INFO - Processing /home/airflow/.local/lib/python3.12/site-packages/airflow/example_dags/example_python_operator.py took 0.117 seconds
[2026-05-21T11:56:55.004+0000] {processor.py:161} INFO - Started process (PID=14170) to work on /home/airflow/.local/lib/python3.12/site-packages/airflow/example_dags/example_python_operator.py
[2026-05-21T11:56:55.005+0000] {processor.py:830} INFO - Processing file /home/airflow/.local/lib/python3.12/site-packages/airflow/example_dags/example_python_operator.py for tasks to queue
[2026-05-21T11:56:55.008+0000] {logging_mixin.py:188} INFO - [2026-05-21T11:56:55.008+0000] {dagbag.py:545} INFO - Filling up the DagBag from /home/airflow/.local/lib/python3.12/site-packages/airflow/example_dags/example_python_operator.py
[2026-05-21T11:56:55.023+0000] {processor.py:840} INFO - DAG(s) 'example_python_operator' retrieved from /home/airflow/.local/lib/python3.12/site-packages/airflow/example_dags/example_python_operator.py
[2026-05-21T11:56:55.061+0000] {logging_mixin.py:188} INFO - [2026-05-21T11:56:55.061+0000] {dag.py:3089} INFO - Sync 1 DAGs
[2026-05-21T11:56:55.082+0000] {logging_mixin.py:188} INFO - [2026-05-21T11:56:55.081+0000] {dag.py:3947} INFO - Setting next_dagrun for example_python_operator to None, run_after=None
[2026-05-21T11:56:55.112+0000] {processor.py:183} INFO - Processing /home/airflow/.local/lib/python3.12/site-packages/airflow/example_dags/example_python_operator.py took 0.116 seconds
[2026-05-21T11:57:25.429+0000] {processor.py:161} INFO - Started process (PID=14229) to work on /home/airflow/.local/lib/python3.12/site-packages/airflow/example_dags/example_python_operator.py
[2026-05-21T11:57:25.431+0000] {processor.py:830} INFO - Processing file /home/airflow/.local/lib/python3.12/site-packages/airflow/example_dags/example_python_operator.py for tasks to queue
[2026-05-21T11:57:25.434+0000] {logging_mixin.py:188} INFO - [2026-05-21T11:57:25.434+0000] {dagbag.py:545} INFO - Filling up the DagBag from /home/airflow/.local/lib/python3.12/site-packages/airflow/example_dags/example_python_operator.py
[2026-05-21T11:57:25.451+0000] {processor.py:840} INFO - DAG(s) 'example_python_operator' retrieved from /home/airflow/.local/lib/python3.12/site-packages/airflow/example_dags/example_python_operator.py
[2026-05-21T11:57:25.492+0000] {logging_mixin.py:188} INFO - [2026-05-21T11:57:25.492+0000] {dag.py:3089} INFO - Sync 1 DAGs
[2026-05-21T11:57:25.518+0000] {logging_mixin.py:188} INFO - [2026-05-21T11:57:25.518+0000] {dag.py:3947} INFO - Setting next_dagrun for example_python_operator to None, run_after=None
[2026-05-21T11:57:25.554+0000] {processor.py:183} INFO - Processing /home/airflow/.local/lib/python3.12/site-packages/airflow/example_dags/example_python_operator.py took 0.135 seconds
[2026-05-21T11:57:56.228+0000] {processor.py:161} INFO - Started process (PID=14289) to work on /home/airflow/.local/lib/python3.12/site-packages/airflow/example_dags/example_python_operator.py
[2026-05-21T11:57:56.230+0000] {processor.py:830} INFO - Processing file /home/airflow/.local/lib/python3.12/site-packages/airflow/example_dags/example_python_operator.py for tasks to queue
[2026-05-21T11:57:56.234+0000] {logging_mixin.py:188} INFO - [2026-05-21T11:57:56.233+0000] {dagbag.py:545} INFO - Filling up the DagBag from /home/airflow/.local/lib/python3.12/site-packages/airflow/example_dags/example_python_operator.py
[2026-05-21T11:57:56.253+0000] {processor.py:840} INFO - DAG(s) 'example_python_operator' retrieved from /home/airflow/.local/lib/python3.12/site-packages/airflow/example_dags/example_python_operator.py
[2026-05-21T11:57:56.290+0000] {logging_mixin.py:188} INFO - [2026-05-21T11:57:56.290+0000] {dag.py:3089} INFO - Sync 1 DAGs
[2026-05-21T11:57:56.313+0000] {logging_mixin.py:188} INFO - [2026-05-21T11:57:56.312+0000] {dag.py:3947} INFO - Setting next_dagrun for example_python_operator to None, run_after=None
[2026-05-21T11:57:56.358+0000] {processor.py:183} INFO - Processing /home/airflow/.local/lib/python3.12/site-packages/airflow/example_dags/example_python_operator.py took 0.139 seconds
[2026-05-21T11:58:26.486+0000] {processor.py:161} INFO - Started process (PID=14349) to work on /home/airflow/.local/lib/python3.12/site-packages/airflow/example_dags/example_python_operator.py
[2026-05-21T11:58:26.487+0000] {processor.py:830} INFO - Processing file /home/airflow/.local/lib/python3.12/site-packages/airflow/example_dags/example_python_operator.py for tasks to queue
[2026-05-21T11:58:26.491+0000] {logging_mixin.py:188} INFO - [2026-05-21T11:58:26.490+0000] {dagbag.py:545} INFO - Filling up the DagBag from /home/airflow/.local/lib/python3.12/site-packages/airflow/example_dags/example_python_operator.py
[2026-05-21T11:58:26.505+0000] {processor.py:840} INFO - DAG(s) 'example_python_operator' retrieved from /home/airflow/.local/lib/python3.12/site-packages/airflow/example_dags/example_python_operator.py
[2026-05-21T11:58:26.540+0000] {logging_mixin.py:188} INFO - [2026-05-21T11:58:26.540+0000] {dag.py:3089} INFO - Sync 1 DAGs
[2026-05-21T11:58:26.559+0000] {logging_mixin.py:188} INFO - [2026-05-21T11:58:26.559+0000] {dag.py:3947} INFO - Setting next_dagrun for example_python_operator to None, run_after=None
[2026-05-21T11:58:26.589+0000] {processor.py:183} INFO - Processing /home/airflow/.local/lib/python3.12/site-packages/airflow/example_dags/example_python_operator.py took 0.112 seconds
[2026-05-21T11:58:57.277+0000] {processor.py:161} INFO - Started process (PID=14409) to work on /home/airflow/.local/lib/python3.12/site-packages/airflow/example_dags/example_python_operator.py
[2026-05-21T11:58:57.279+0000] {processor.py:830} INFO - Processing file /home/airflow/.local/lib/python3.12/site-packages/airflow/example_dags/example_python_operator.py for tasks to queue
[2026-05-21T11:58:57.283+0000] {logging_mixin.py:188} INFO - [2026-05-21T11:58:57.283+0000] {dagbag.py:545} INFO - Filling up the DagBag from /home/airflow/.local/lib/python3.12/site-packages/airflow/example_dags/example_python_operator.py
[2026-05-21T11:58:57.301+0000] {processor.py:840} INFO - DAG(s) 'example_python_operator' retrieved from /home/airflow/.local/lib/python3.12/site-packages/airflow/example_dags/example_python_operator.py
[2026-05-21T11:58:57.344+0000] {logging_mixin.py:188} INFO - [2026-05-21T11:58:57.343+0000] {dag.py:3089} INFO - Sync 1 DAGs
[2026-05-21T11:58:57.373+0000] {logging_mixin.py:188} INFO - [2026-05-21T11:58:57.373+0000] {dag.py:3947} INFO - Setting next_dagrun for example_python_operator to None, run_after=None
[2026-05-21T11:58:57.430+0000] {processor.py:183} INFO - Processing /home/airflow/.local/lib/python3.12/site-packages/airflow/example_dags/example_python_operator.py took 0.161 seconds
[2026-05-21T11:59:27.869+0000] {processor.py:161} INFO - Started process (PID=14469) to work on /home/airflow/.local/lib/python3.12/site-packages/airflow/example_dags/example_python_operator.py
[2026-05-21T11:59:27.871+0000] {processor.py:830} INFO - Processing file /home/airflow/.local/lib/python3.12/site-packages/airflow/example_dags/example_python_operator.py for tasks to queue
[2026-05-21T11:59:27.875+0000] {logging_mixin.py:188} INFO - [2026-05-21T11:59:27.874+0000] {dagbag.py:545} INFO - Filling up the DagBag from /home/airflow/.local/lib/python3.12/site-packages/airflow/example_dags/example_python_operator.py
[2026-05-21T11:59:27.892+0000] {processor.py:840} INFO - DAG(s) 'example_python_operator' retrieved from /home/airflow/.local/lib/python3.12/site-packages/airflow/example_dags/example_python_operator.py
[2026-05-21T11:59:27.928+0000] {logging_mixin.py:188} INFO - [2026-05-21T11:59:27.928+0000] {dag.py:3089} INFO - Sync 1 DAGs
[2026-05-21T11:59:27.948+0000] {logging_mixin.py:188} INFO - [2026-05-21T11:59:27.948+0000] {dag.py:3947} INFO - Setting next_dagrun for example_python_operator to None, run_after=None
[2026-05-21T11:59:27.978+0000] {processor.py:183} INFO - Processing /home/airflow/.local/lib/python3.12/site-packages/airflow/example_dags/example_python_operator.py took 0.119 seconds
[2026-05-21T11:59:58.738+0000] {processor.py:161} INFO - Started process (PID=14529) to work on /home/airflow/.local/lib/python3.12/site-packages/airflow/example_dags/example_python_operator.py
[2026-05-21T11:59:58.740+0000] {processor.py:830} INFO - Processing file /home/airflow/.local/lib/python3.12/site-packages/airflow/example_dags/example_python_operator.py for tasks to queue
[2026-05-21T11:59:58.743+0000] {logging_mixin.py:188} INFO - [2026-05-21T11:59:58.743+0000] {dagbag.py:545} INFO - Filling up the DagBag from /home/airflow/.local/lib/python3.12/site-packages/airflow/example_dags/example_python_operator.py
[2026-05-21T11:59:58.761+0000] {processor.py:840} INFO - DAG(s) 'example_python_operator' retrieved from /home/airflow/.local/lib/python3.12/site-packages/airflow/example_dags/example_python_operator.py
[2026-05-21T11:59:58.803+0000] {logging_mixin.py:188} INFO - [2026-05-21T11:59:58.802+0000] {dag.py:3089} INFO - Sync 1 DAGs
[2026-05-21T11:59:58.824+0000] {logging_mixin.py:188} INFO - [2026-05-21T11:59:58.824+0000] {dag.py:3947} INFO - Setting next_dagrun for example_python_operator to None, run_after=None
[2026-05-21T11:59:58.853+0000] {processor.py:183} INFO - Processing /home/airflow/.local/lib/python3.12/site-packages/airflow/example_dags/example_python_operator.py took 0.130 seconds
[2026-05-21T12:00:29.258+0000] {processor.py:161} INFO - Started process (PID=14589) to work on /home/airflow/.local/lib/python3.12/site-packages/airflow/example_dags/example_python_operator.py
[2026-05-21T12:00:29.260+0000] {processor.py:830} INFO - Processing file /home/airflow/.local/lib/python3.12/site-packages/airflow/example_dags/example_python_operator.py for tasks to queue
[2026-05-21T12:00:29.264+0000] {logging_mixin.py:188} INFO - [2026-05-21T12:00:29.263+0000] {dagbag.py:545} INFO - Filling up the DagBag from /home/airflow/.local/lib/python3.12/site-packages/airflow/example_dags/example_python_operator.py
[2026-05-21T12:00:29.285+0000] {processor.py:840} INFO - DAG(s) 'example_python_operator' retrieved from /home/airflow/.local/lib/python3.12/site-packages/airflow/example_dags/example_python_operator.py
[2026-05-21T12:00:29.324+0000] {logging_mixin.py:188} INFO - [2026-05-21T12:00:29.324+0000] {dag.py:3089} INFO - Sync 1 DAGs
[2026-05-21T12:00:29.344+0000] {logging_mixin.py:188} INFO - [2026-05-21T12:00:29.344+0000] {dag.py:3947} INFO - Setting next_dagrun for example_python_operator to None, run_after=None
[2026-05-21T12:00:29.387+0000] {processor.py:183} INFO - Processing /home/airflow/.local/lib/python3.12/site-packages/airflow/example_dags/example_python_operator.py took 0.140 seconds
[2026-05-21T12:00:59.918+0000] {processor.py:161} INFO - Started process (PID=14649) to work on /home/airflow/.local/lib/python3.12/site-packages/airflow/example_dags/example_python_operator.py
[2026-05-21T12:00:59.920+0000] {processor.py:830} INFO - Processing file /home/airflow/.local/lib/python3.12/site-packages/airflow/example_dags/example_python_operator.py for tasks to queue
[2026-05-21T12:00:59.923+0000] {logging_mixin.py:188} INFO - [2026-05-21T12:00:59.923+0000] {dagbag.py:545} INFO - Filling up the DagBag from /home/airflow/.local/lib/python3.12/site-packages/airflow/example_dags/example_python_operator.py
[2026-05-21T12:00:59.941+0000] {processor.py:840} INFO - DAG(s) 'example_python_operator' retrieved from /home/airflow/.local/lib/python3.12/site-packages/airflow/example_dags/example_python_operator.py
[2026-05-21T12:00:59.979+0000] {logging_mixin.py:188} INFO - [2026-05-21T12:00:59.979+0000] {dag.py:3089} INFO - Sync 1 DAGs
[2026-05-21T12:00:59.998+0000] {logging_mixin.py:188} INFO - [2026-05-21T12:00:59.997+0000] {dag.py:3947} INFO - Setting next_dagrun for example_python_operator to None, run_after=None
[2026-05-21T12:01:00.044+0000] {processor.py:183} INFO - Processing /home/airflow/.local/lib/python3.12/site-packages/airflow/example_dags/example_python_operator.py took 0.136 seconds
[2026-05-21T12:01:30.404+0000] {processor.py:161} INFO - Started process (PID=14710) to work on /home/airflow/.local/lib/python3.12/site-packages/airflow/example_dags/example_python_operator.py
[2026-05-21T12:01:30.406+0000] {processor.py:830} INFO - Processing file /home/airflow/.local/lib/python3.12/site-packages/airflow/example_dags/example_python_operator.py for tasks to queue
[2026-05-21T12:01:30.409+0000] {logging_mixin.py:188} INFO - [2026-05-21T12:01:30.408+0000] {dagbag.py:545} INFO - Filling up the DagBag from /home/airflow/.local/lib/python3.12/site-packages/airflow/example_dags/example_python_operator.py
[2026-05-21T12:01:30.424+0000] {processor.py:840} INFO - DAG(s) 'example_python_operator' retrieved from /home/airflow/.local/lib/python3.12/site-packages/airflow/example_dags/example_python_operator.py
[2026-05-21T12:01:30.460+0000] {logging_mixin.py:188} INFO - [2026-05-21T12:01:30.459+0000] {dag.py:3089} INFO - Sync 1 DAGs
[2026-05-21T12:01:30.479+0000] {logging_mixin.py:188} INFO - [2026-05-21T12:01:30.479+0000] {dag.py:3947} INFO - Setting next_dagrun for example_python_operator to None, run_after=None
[2026-05-21T12:01:30.509+0000] {processor.py:183} INFO - Processing /home/airflow/.local/lib/python3.12/site-packages/airflow/example_dags/example_python_operator.py took 0.113 seconds
[2026-05-21T12:02:00.841+0000] {processor.py:161} INFO - Started process (PID=14769) to work on /home/airflow/.local/lib/python3.12/site-packages/airflow/example_dags/example_python_operator.py
[2026-05-21T12:02:00.844+0000] {processor.py:830} INFO - Processing file /home/airflow/.local/lib/python3.12/site-packages/airflow/example_dags/example_python_operator.py for tasks to queue
[2026-05-21T12:02:00.849+0000] {logging_mixin.py:188} INFO - [2026-05-21T12:02:00.848+0000] {dagbag.py:545} INFO - Filling up the DagBag from /home/airflow/.local/lib/python3.12/site-packages/airflow/example_dags/example_python_operator.py
[2026-05-21T12:02:00.877+0000] {processor.py:840} INFO - DAG(s) 'example_python_operator' retrieved from /home/airflow/.local/lib/python3.12/site-packages/airflow/example_dags/example_python_operator.py
[2026-05-21T12:02:00.941+0000] {logging_mixin.py:188} INFO - [2026-05-21T12:02:00.941+0000] {dag.py:3089} INFO - Sync 1 DAGs
[2026-05-21T12:02:00.996+0000] {logging_mixin.py:188} INFO - [2026-05-21T12:02:00.995+0000] {dag.py:3947} INFO - Setting next_dagrun for example_python_operator to None, run_after=None
[2026-05-21T12:02:01.067+0000] {processor.py:183} INFO - Processing /home/airflow/.local/lib/python3.12/site-packages/airflow/example_dags/example_python_operator.py took 0.241 seconds
[2026-05-21T12:02:34.378+0000] {processor.py:161} INFO - Started process (PID=14838) to work on /home/airflow/.local/lib/python3.12/site-packages/airflow/example_dags/example_python_operator.py
[2026-05-21T12:02:34.387+0000] {processor.py:830} INFO - Processing file /home/airflow/.local/lib/python3.12/site-packages/airflow/example_dags/example_python_operator.py for tasks to queue
[2026-05-21T12:02:34.393+0000] {logging_mixin.py:188} INFO - [2026-05-21T12:02:34.392+0000] {dagbag.py:545} INFO - Filling up the DagBag from /home/airflow/.local/lib/python3.12/site-packages/airflow/example_dags/example_python_operator.py
[2026-05-21T12:02:34.475+0000] {processor.py:840} INFO - DAG(s) 'example_python_operator' retrieved from /home/airflow/.local/lib/python3.12/site-packages/airflow/example_dags/example_python_operator.py
[2026-05-21T12:02:34.681+0000] {logging_mixin.py:188} INFO - [2026-05-21T12:02:34.674+0000] {dag.py:3089} INFO - Sync 1 DAGs
[2026-05-21T12:02:34.794+0000] {logging_mixin.py:188} INFO - [2026-05-21T12:02:34.793+0000] {dag.py:3947} INFO - Setting next_dagrun for example_python_operator to None, run_after=None
[2026-05-21T12:02:34.860+0000] {processor.py:183} INFO - Processing /home/airflow/.local/lib/python3.12/site-packages/airflow/example_dags/example_python_operator.py took 0.504 seconds
[2026-05-21T12:03:06.091+0000] {processor.py:161} INFO - Started process (PID=14901) to work on /home/airflow/.local/lib/python3.12/site-packages/airflow/example_dags/example_python_operator.py
[2026-05-21T12:03:06.093+0000] {processor.py:830} INFO - Processing file /home/airflow/.local/lib/python3.12/site-packages/airflow/example_dags/example_python_operator.py for tasks to queue
[2026-05-21T12:03:06.097+0000] {logging_mixin.py:188} INFO - [2026-05-21T12:03:06.096+0000] {dagbag.py:545} INFO - Filling up the DagBag from /home/airflow/.local/lib/python3.12/site-packages/airflow/example_dags/example_python_operator.py
[2026-05-21T12:03:06.120+0000] {processor.py:840} INFO - DAG(s) 'example_python_operator' retrieved from /home/airflow/.local/lib/python3.12/site-packages/airflow/example_dags/example_python_operator.py
[2026-05-21T12:03:06.191+0000] {logging_mixin.py:188} INFO - [2026-05-21T12:03:06.190+0000] {dag.py:3089} INFO - Sync 1 DAGs
[2026-05-21T12:03:06.252+0000] {logging_mixin.py:188} INFO - [2026-05-21T12:03:06.252+0000] {dag.py:3947} INFO - Setting next_dagrun for example_python_operator to None, run_after=None
[2026-05-21T12:03:06.315+0000] {processor.py:183} INFO - Processing /home/airflow/.local/lib/python3.12/site-packages/airflow/example_dags/example_python_operator.py took 0.234 seconds
[2026-05-21T12:03:37.569+0000] {processor.py:161} INFO - Started process (PID=14962) to work on /home/airflow/.local/lib/python3.12/site-packages/airflow/example_dags/example_python_operator.py
[2026-05-21T12:03:37.571+0000] {processor.py:830} INFO - Processing file /home/airflow/.local/lib/python3.12/site-packages/airflow/example_dags/example_python_operator.py for tasks to queue
[2026-05-21T12:03:37.576+0000] {logging_mixin.py:188} INFO - [2026-05-21T12:03:37.575+0000] {dagbag.py:545} INFO - Filling up the DagBag from /home/airflow/.local/lib/python3.12/site-packages/airflow/example_dags/example_python_operator.py
[2026-05-21T12:03:37.602+0000] {processor.py:840} INFO - DAG(s) 'example_python_operator' retrieved from /home/airflow/.local/lib/python3.12/site-packages/airflow/example_dags/example_python_operator.py
[2026-05-21T12:03:37.682+0000] {logging_mixin.py:188} INFO - [2026-05-21T12:03:37.681+0000] {dag.py:3089} INFO - Sync 1 DAGs
[2026-05-21T12:03:37.724+0000] {logging_mixin.py:188} INFO - [2026-05-21T12:03:37.724+0000] {dag.py:3947} INFO - Setting next_dagrun for example_python_operator to None, run_after=None
[2026-05-21T12:03:37.785+0000] {processor.py:183} INFO - Processing /home/airflow/.local/lib/python3.12/site-packages/airflow/example_dags/example_python_operator.py took 0.229 seconds
[2026-05-21T12:04:08.737+0000] {processor.py:161} INFO - Started process (PID=15021) to work on /home/airflow/.local/lib/python3.12/site-packages/airflow/example_dags/example_python_operator.py
[2026-05-21T12:04:08.739+0000] {processor.py:830} INFO - Processing file /home/airflow/.local/lib/python3.12/site-packages/airflow/example_dags/example_python_operator.py for tasks to queue
[2026-05-21T12:04:08.744+0000] {logging_mixin.py:188} INFO - [2026-05-21T12:04:08.743+0000] {dagbag.py:545} INFO - Filling up the DagBag from /home/airflow/.local/lib/python3.12/site-packages/airflow/example_dags/example_python_operator.py
[2026-05-21T12:04:08.765+0000] {processor.py:840} INFO - DAG(s) 'example_python_operator' retrieved from /home/airflow/.local/lib/python3.12/site-packages/airflow/example_dags/example_python_operator.py
[2026-05-21T12:04:08.830+0000] {logging_mixin.py:188} INFO - [2026-05-21T12:04:08.829+0000] {dag.py:3089} INFO - Sync 1 DAGs
[2026-05-21T12:04:08.863+0000] {logging_mixin.py:188} INFO - [2026-05-21T12:04:08.863+0000] {dag.py:3947} INFO - Setting next_dagrun for example_python_operator to None, run_after=None
[2026-05-21T12:04:08.910+0000] {processor.py:183} INFO - Processing /home/airflow/.local/lib/python3.12/site-packages/airflow/example_dags/example_python_operator.py took 0.190 seconds
[2026-05-21T12:04:39.737+0000] {processor.py:161} INFO - Started process (PID=15081) to work on /home/airflow/.local/lib/python3.12/site-packages/airflow/example_dags/example_python_operator.py
[2026-05-21T12:04:39.739+0000] {processor.py:830} INFO - Processing file /home/airflow/.local/lib/python3.12/site-packages/airflow/example_dags/example_python_operator.py for tasks to queue
[2026-05-21T12:04:39.743+0000] {logging_mixin.py:188} INFO - [2026-05-21T12:04:39.743+0000] {dagbag.py:545} INFO - Filling up the DagBag from /home/airflow/.local/lib/python3.12/site-packages/airflow/example_dags/example_python_operator.py
[2026-05-21T12:04:39.764+0000] {processor.py:840} INFO - DAG(s) 'example_python_operator' retrieved from /home/airflow/.local/lib/python3.12/site-packages/airflow/example_dags/example_python_operator.py
[2026-05-21T12:04:39.835+0000] {logging_mixin.py:188} INFO - [2026-05-21T12:04:39.834+0000] {dag.py:3089} INFO - Sync 1 DAGs
[2026-05-21T12:04:39.868+0000] {logging_mixin.py:188} INFO - [2026-05-21T12:04:39.867+0000] {dag.py:3947} INFO - Setting next_dagrun for example_python_operator to None, run_after=None
[2026-05-21T12:04:39.914+0000] {processor.py:183} INFO - Processing /home/airflow/.local/lib/python3.12/site-packages/airflow/example_dags/example_python_operator.py took 0.189 seconds
[2026-05-21T12:05:10.630+0000] {processor.py:161} INFO - Started process (PID=15140) to work on /home/airflow/.local/lib/python3.12/site-packages/airflow/example_dags/example_python_operator.py
[2026-05-21T12:05:10.632+0000] {processor.py:830} INFO - Processing file /home/airflow/.local/lib/python3.12/site-packages/airflow/example_dags/example_python_operator.py for tasks to queue
[2026-05-21T12:05:10.635+0000] {logging_mixin.py:188} INFO - [2026-05-21T12:05:10.635+0000] {dagbag.py:545} INFO - Filling up the DagBag from /home/airflow/.local/lib/python3.12/site-packages/airflow/example_dags/example_python_operator.py
[2026-05-21T12:05:10.651+0000] {processor.py:840} INFO - DAG(s) 'example_python_operator' retrieved from /home/airflow/.local/lib/python3.12/site-packages/airflow/example_dags/example_python_operator.py
[2026-05-21T12:05:10.689+0000] {logging_mixin.py:188} INFO - [2026-05-21T12:05:10.689+0000] {dag.py:3089} INFO - Sync 1 DAGs
[2026-05-21T12:05:10.716+0000] {logging_mixin.py:188} INFO - [2026-05-21T12:05:10.716+0000] {dag.py:3947} INFO - Setting next_dagrun for example_python_operator to None, run_after=None
[2026-05-21T12:05:10.757+0000] {processor.py:183} INFO - Processing /home/airflow/.local/lib/python3.12/site-packages/airflow/example_dags/example_python_operator.py took 0.136 seconds
[2026-05-21T12:05:43.014+0000] {processor.py:161} INFO - Started process (PID=15201) to work on /home/airflow/.local/lib/python3.12/site-packages/airflow/example_dags/example_python_operator.py
[2026-05-21T12:05:43.016+0000] {processor.py:830} INFO - Processing file /home/airflow/.local/lib/python3.12/site-packages/airflow/example_dags/example_python_operator.py for tasks to queue
[2026-05-21T12:05:43.020+0000] {logging_mixin.py:188} INFO - [2026-05-21T12:05:43.019+0000] {dagbag.py:545} INFO - Filling up the DagBag from /home/airflow/.local/lib/python3.12/site-packages/airflow/example_dags/example_python_operator.py
[2026-05-21T12:05:43.042+0000] {processor.py:840} INFO - DAG(s) 'example_python_operator' retrieved from /home/airflow/.local/lib/python3.12/site-packages/airflow/example_dags/example_python_operator.py
[2026-05-21T12:05:43.086+0000] {logging_mixin.py:188} INFO - [2026-05-21T12:05:43.085+0000] {dag.py:3089} INFO - Sync 1 DAGs
[2026-05-21T12:05:43.120+0000] {logging_mixin.py:188} INFO - [2026-05-21T12:05:43.119+0000] {dag.py:3947} INFO - Setting next_dagrun for example_python_operator to None, run_after=None
[2026-05-21T12:05:43.206+0000] {processor.py:183} INFO - Processing /home/airflow/.local/lib/python3.12/site-packages/airflow/example_dags/example_python_operator.py took 0.206 seconds
[2026-05-21T12:06:14.139+0000] {processor.py:161} INFO - Started process (PID=15261) to work on /home/airflow/.local/lib/python3.12/site-packages/airflow/example_dags/example_python_operator.py
[2026-05-21T12:06:14.149+0000] {processor.py:830} INFO - Processing file /home/airflow/.local/lib/python3.12/site-packages/airflow/example_dags/example_python_operator.py for tasks to queue
[2026-05-21T12:06:14.184+0000] {logging_mixin.py:188} INFO - [2026-05-21T12:06:14.174+0000] {dagbag.py:545} INFO - Filling up the DagBag from /home/airflow/.local/lib/python3.12/site-packages/airflow/example_dags/example_python_operator.py
[2026-05-21T12:06:14.268+0000] {processor.py:840} INFO - DAG(s) 'example_python_operator' retrieved from /home/airflow/.local/lib/python3.12/site-packages/airflow/example_dags/example_python_operator.py
[2026-05-21T12:06:14.396+0000] {logging_mixin.py:188} INFO - [2026-05-21T12:06:14.394+0000] {dag.py:3089} INFO - Sync 1 DAGs
[2026-05-21T12:06:14.566+0000] {logging_mixin.py:188} INFO - [2026-05-21T12:06:14.564+0000] {dag.py:3947} INFO - Setting next_dagrun for example_python_operator to None, run_after=None
[2026-05-21T12:06:14.724+0000] {processor.py:183} INFO - Processing /home/airflow/.local/lib/python3.12/site-packages/airflow/example_dags/example_python_operator.py took 0.646 seconds
[2026-05-21T12:06:44.870+0000] {processor.py:161} INFO - Started process (PID=15319) to work on /home/airflow/.local/lib/python3.12/site-packages/airflow/example_dags/example_python_operator.py
[2026-05-21T12:06:44.874+0000] {processor.py:830} INFO - Processing file /home/airflow/.local/lib/python3.12/site-packages/airflow/example_dags/example_python_operator.py for tasks to queue
[2026-05-21T12:06:44.882+0000] {logging_mixin.py:188} INFO - [2026-05-21T12:06:44.881+0000] {dagbag.py:545} INFO - Filling up the DagBag from /home/airflow/.local/lib/python3.12/site-packages/airflow/example_dags/example_python_operator.py
[2026-05-21T12:06:44.904+0000] {processor.py:840} INFO - DAG(s) 'example_python_operator' retrieved from /home/airflow/.local/lib/python3.12/site-packages/airflow/example_dags/example_python_operator.py
[2026-05-21T12:06:44.951+0000] {logging_mixin.py:188} INFO - [2026-05-21T12:06:44.951+0000] {dag.py:3089} INFO - Sync 1 DAGs
[2026-05-21T12:06:44.984+0000] {logging_mixin.py:188} INFO - [2026-05-21T12:06:44.984+0000] {dag.py:3947} INFO - Setting next_dagrun for example_python_operator to None, run_after=None
[2026-05-21T12:06:45.023+0000] {processor.py:183} INFO - Processing /home/airflow/.local/lib/python3.12/site-packages/airflow/example_dags/example_python_operator.py took 0.168 seconds
[2026-05-21T12:07:15.140+0000] {processor.py:161} INFO - Started process (PID=15379) to work on /home/airflow/.local/lib/python3.12/site-packages/airflow/example_dags/example_python_operator.py
[2026-05-21T12:07:15.142+0000] {processor.py:830} INFO - Processing file /home/airflow/.local/lib/python3.12/site-packages/airflow/example_dags/example_python_operator.py for tasks to queue
[2026-05-21T12:07:15.148+0000] {logging_mixin.py:188} INFO - [2026-05-21T12:07:15.146+0000] {dagbag.py:545} INFO - Filling up the DagBag from /home/airflow/.local/lib/python3.12/site-packages/airflow/example_dags/example_python_operator.py
[2026-05-21T12:07:15.171+0000] {processor.py:840} INFO - DAG(s) 'example_python_operator' retrieved from /home/airflow/.local/lib/python3.12/site-packages/airflow/example_dags/example_python_operator.py
[2026-05-21T12:07:15.228+0000] {logging_mixin.py:188} INFO - [2026-05-21T12:07:15.227+0000] {dag.py:3089} INFO - Sync 1 DAGs
[2026-05-21T12:07:15.257+0000] {logging_mixin.py:188} INFO - [2026-05-21T12:07:15.256+0000] {dag.py:3947} INFO - Setting next_dagrun for example_python_operator to None, run_after=None
[2026-05-21T12:07:15.306+0000] {processor.py:183} INFO - Processing /home/airflow/.local/lib/python3.12/site-packages/airflow/example_dags/example_python_operator.py took 0.176 seconds
[2026-05-21T12:07:46.180+0000] {processor.py:161} INFO - Started process (PID=15438) to work on /home/airflow/.local/lib/python3.12/site-packages/airflow/example_dags/example_python_operator.py
[2026-05-21T12:07:46.183+0000] {processor.py:830} INFO - Processing file /home/airflow/.local/lib/python3.12/site-packages/airflow/example_dags/example_python_operator.py for tasks to queue
[2026-05-21T12:07:46.188+0000] {logging_mixin.py:188} INFO - [2026-05-21T12:07:46.187+0000] {dagbag.py:545} INFO - Filling up the DagBag from /home/airflow/.local/lib/python3.12/site-packages/airflow/example_dags/example_python_operator.py
[2026-05-21T12:07:46.213+0000] {processor.py:840} INFO - DAG(s) 'example_python_operator' retrieved from /home/airflow/.local/lib/python3.12/site-packages/airflow/example_dags/example_python_operator.py
[2026-05-21T12:07:46.263+0000] {logging_mixin.py:188} INFO - [2026-05-21T12:07:46.263+0000] {dag.py:3089} INFO - Sync 1 DAGs
[2026-05-21T12:07:46.286+0000] {logging_mixin.py:188} INFO - [2026-05-21T12:07:46.285+0000] {dag.py:3947} INFO - Setting next_dagrun for example_python_operator to None, run_after=None
[2026-05-21T12:07:46.328+0000] {processor.py:183} INFO - Processing /home/airflow/.local/lib/python3.12/site-packages/airflow/example_dags/example_python_operator.py took 0.162 seconds
[2026-05-21T12:08:17.081+0000] {processor.py:161} INFO - Started process (PID=15498) to work on /home/airflow/.local/lib/python3.12/site-packages/airflow/example_dags/example_python_operator.py
[2026-05-21T12:08:17.082+0000] {processor.py:830} INFO - Processing file /home/airflow/.local/lib/python3.12/site-packages/airflow/example_dags/example_python_operator.py for tasks to queue
[2026-05-21T12:08:17.086+0000] {logging_mixin.py:188} INFO - [2026-05-21T12:08:17.085+0000] {dagbag.py:545} INFO - Filling up the DagBag from /home/airflow/.local/lib/python3.12/site-packages/airflow/example_dags/example_python_operator.py
[2026-05-21T12:08:17.102+0000] {processor.py:840} INFO - DAG(s) 'example_python_operator' retrieved from /home/airflow/.local/lib/python3.12/site-packages/airflow/example_dags/example_python_operator.py
[2026-05-21T12:08:17.140+0000] {logging_mixin.py:188} INFO - [2026-05-21T12:08:17.140+0000] {dag.py:3089} INFO - Sync 1 DAGs
[2026-05-21T12:08:17.168+0000] {logging_mixin.py:188} INFO - [2026-05-21T12:08:17.168+0000] {dag.py:3947} INFO - Setting next_dagrun for example_python_operator to None, run_after=None
[2026-05-21T12:08:17.200+0000] {processor.py:183} INFO - Processing /home/airflow/.local/lib/python3.12/site-packages/airflow/example_dags/example_python_operator.py took 0.128 seconds
[2026-05-21T12:08:48.436+0000] {processor.py:161} INFO - Started process (PID=15558) to work on /home/airflow/.local/lib/python3.12/site-packages/airflow/example_dags/example_python_operator.py
[2026-05-21T12:08:48.437+0000] {processor.py:830} INFO - Processing file /home/airflow/.local/lib/python3.12/site-packages/airflow/example_dags/example_python_operator.py for tasks to queue
[2026-05-21T12:08:48.441+0000] {logging_mixin.py:188} INFO - [2026-05-21T12:08:48.440+0000] {dagbag.py:545} INFO - Filling up the DagBag from /home/airflow/.local/lib/python3.12/site-packages/airflow/example_dags/example_python_operator.py
[2026-05-21T12:08:48.456+0000] {processor.py:840} INFO - DAG(s) 'example_python_operator' retrieved from /home/airflow/.local/lib/python3.12/site-packages/airflow/example_dags/example_python_operator.py
[2026-05-21T12:08:48.493+0000] {logging_mixin.py:188} INFO - [2026-05-21T12:08:48.493+0000] {dag.py:3089} INFO - Sync 1 DAGs
[2026-05-21T12:08:48.513+0000] {logging_mixin.py:188} INFO - [2026-05-21T12:08:48.513+0000] {dag.py:3947} INFO - Setting next_dagrun for example_python_operator to None, run_after=None
[2026-05-21T12:08:48.544+0000] {processor.py:183} INFO - Processing /home/airflow/.local/lib/python3.12/site-packages/airflow/example_dags/example_python_operator.py took 0.118 seconds
[2026-05-21T12:09:19.751+0000] {processor.py:161} INFO - Started process (PID=15618) to work on /home/airflow/.local/lib/python3.12/site-packages/airflow/example_dags/example_python_operator.py
[2026-05-21T12:09:19.753+0000] {processor.py:830} INFO - Processing file /home/airflow/.local/lib/python3.12/site-packages/airflow/example_dags/example_python_operator.py for tasks to queue
[2026-05-21T12:09:19.756+0000] {logging_mixin.py:188} INFO - [2026-05-21T12:09:19.756+0000] {dagbag.py:545} INFO - Filling up the DagBag from /home/airflow/.local/lib/python3.12/site-packages/airflow/example_dags/example_python_operator.py
[2026-05-21T12:09:19.772+0000] {processor.py:840} INFO - DAG(s) 'example_python_operator' retrieved from /home/airflow/.local/lib/python3.12/site-packages/airflow/example_dags/example_python_operator.py
[2026-05-21T12:09:19.812+0000] {logging_mixin.py:188} INFO - [2026-05-21T12:09:19.811+0000] {dag.py:3089} INFO - Sync 1 DAGs
[2026-05-21T12:09:19.831+0000] {logging_mixin.py:188} INFO - [2026-05-21T12:09:19.831+0000] {dag.py:3947} INFO - Setting next_dagrun for example_python_operator to None, run_after=None
[2026-05-21T12:09:19.863+0000] {processor.py:183} INFO - Processing /home/airflow/.local/lib/python3.12/site-packages/airflow/example_dags/example_python_operator.py took 0.120 seconds
[2026-05-21T12:09:51.158+0000] {processor.py:161} INFO - Started process (PID=15679) to work on /home/airflow/.local/lib/python3.12/site-packages/airflow/example_dags/example_python_operator.py
[2026-05-21T12:09:51.160+0000] {processor.py:830} INFO - Processing file /home/airflow/.local/lib/python3.12/site-packages/airflow/example_dags/example_python_operator.py for tasks to queue
[2026-05-21T12:09:51.163+0000] {logging_mixin.py:188} INFO - [2026-05-21T12:09:51.163+0000] {dagbag.py:545} INFO - Filling up the DagBag from /home/airflow/.local/lib/python3.12/site-packages/airflow/example_dags/example_python_operator.py
[2026-05-21T12:09:51.184+0000] {processor.py:840} INFO - DAG(s) 'example_python_operator' retrieved from /home/airflow/.local/lib/python3.12/site-packages/airflow/example_dags/example_python_operator.py
[2026-05-21T12:09:51.225+0000] {logging_mixin.py:188} INFO - [2026-05-21T12:09:51.225+0000] {dag.py:3089} INFO - Sync 1 DAGs
[2026-05-21T12:09:51.258+0000] {logging_mixin.py:188} INFO - [2026-05-21T12:09:51.257+0000] {dag.py:3947} INFO - Setting next_dagrun for example_python_operator to None, run_after=None
[2026-05-21T12:09:51.309+0000] {processor.py:183} INFO - Processing /home/airflow/.local/lib/python3.12/site-packages/airflow/example_dags/example_python_operator.py took 0.161 seconds
[2026-05-21T12:10:21.413+0000] {processor.py:161} INFO - Started process (PID=15738) to work on /home/airflow/.local/lib/python3.12/site-packages/airflow/example_dags/example_python_operator.py
[2026-05-21T12:10:21.415+0000] {processor.py:830} INFO - Processing file /home/airflow/.local/lib/python3.12/site-packages/airflow/example_dags/example_python_operator.py for tasks to queue
[2026-05-21T12:10:21.418+0000] {logging_mixin.py:188} INFO - [2026-05-21T12:10:21.418+0000] {dagbag.py:545} INFO - Filling up the DagBag from /home/airflow/.local/lib/python3.12/site-packages/airflow/example_dags/example_python_operator.py
[2026-05-21T12:10:21.437+0000] {processor.py:840} INFO - DAG(s) 'example_python_operator' retrieved from /home/airflow/.local/lib/python3.12/site-packages/airflow/example_dags/example_python_operator.py
[2026-05-21T12:10:21.480+0000] {logging_mixin.py:188} INFO - [2026-05-21T12:10:21.479+0000] {dag.py:3089} INFO - Sync 1 DAGs
[2026-05-21T12:10:21.503+0000] {logging_mixin.py:188} INFO - [2026-05-21T12:10:21.502+0000] {dag.py:3947} INFO - Setting next_dagrun for example_python_operator to None, run_after=None
[2026-05-21T12:10:21.542+0000] {processor.py:183} INFO - Processing /home/airflow/.local/lib/python3.12/site-packages/airflow/example_dags/example_python_operator.py took 0.140 seconds
[2026-05-21T12:10:51.719+0000] {processor.py:161} INFO - Started process (PID=15797) to work on /home/airflow/.local/lib/python3.12/site-packages/airflow/example_dags/example_python_operator.py
[2026-05-21T12:10:51.721+0000] {processor.py:830} INFO - Processing file /home/airflow/.local/lib/python3.12/site-packages/airflow/example_dags/example_python_operator.py for tasks to queue
[2026-05-21T12:10:51.724+0000] {logging_mixin.py:188} INFO - [2026-05-21T12:10:51.723+0000] {dagbag.py:545} INFO - Filling up the DagBag from /home/airflow/.local/lib/python3.12/site-packages/airflow/example_dags/example_python_operator.py
[2026-05-21T12:10:51.741+0000] {processor.py:840} INFO - DAG(s) 'example_python_operator' retrieved from /home/airflow/.local/lib/python3.12/site-packages/airflow/example_dags/example_python_operator.py
[2026-05-21T12:10:51.785+0000] {logging_mixin.py:188} INFO - [2026-05-21T12:10:51.785+0000] {dag.py:3089} INFO - Sync 1 DAGs
[2026-05-21T12:10:51.813+0000] {logging_mixin.py:188} INFO - [2026-05-21T12:10:51.813+0000] {dag.py:3947} INFO - Setting next_dagrun for example_python_operator to None, run_after=None
[2026-05-21T12:10:51.850+0000] {processor.py:183} INFO - Processing /home/airflow/.local/lib/python3.12/site-packages/airflow/example_dags/example_python_operator.py took 0.141 seconds
[2026-05-21T12:11:22.451+0000] {processor.py:161} INFO - Started process (PID=15857) to work on /home/airflow/.local/lib/python3.12/site-packages/airflow/example_dags/example_python_operator.py
[2026-05-21T12:11:22.452+0000] {processor.py:830} INFO - Processing file /home/airflow/.local/lib/python3.12/site-packages/airflow/example_dags/example_python_operator.py for tasks to queue
[2026-05-21T12:11:22.456+0000] {logging_mixin.py:188} INFO - [2026-05-21T12:11:22.455+0000] {dagbag.py:545} INFO - Filling up the DagBag from /home/airflow/.local/lib/python3.12/site-packages/airflow/example_dags/example_python_operator.py
[2026-05-21T12:11:22.473+0000] {processor.py:840} INFO - DAG(s) 'example_python_operator' retrieved from /home/airflow/.local/lib/python3.12/site-packages/airflow/example_dags/example_python_operator.py
[2026-05-21T12:11:22.512+0000] {logging_mixin.py:188} INFO - [2026-05-21T12:11:22.511+0000] {dag.py:3089} INFO - Sync 1 DAGs
[2026-05-21T12:11:22.540+0000] {logging_mixin.py:188} INFO - [2026-05-21T12:11:22.539+0000] {dag.py:3947} INFO - Setting next_dagrun for example_python_operator to None, run_after=None
[2026-05-21T12:11:22.573+0000] {processor.py:183} INFO - Processing /home/airflow/.local/lib/python3.12/site-packages/airflow/example_dags/example_python_operator.py took 0.137 seconds
[2026-05-21T12:11:53.103+0000] {processor.py:161} INFO - Started process (PID=15917) to work on /home/airflow/.local/lib/python3.12/site-packages/airflow/example_dags/example_python_operator.py
[2026-05-21T12:11:53.105+0000] {processor.py:830} INFO - Processing file /home/airflow/.local/lib/python3.12/site-packages/airflow/example_dags/example_python_operator.py for tasks to queue
[2026-05-21T12:11:53.108+0000] {logging_mixin.py:188} INFO - [2026-05-21T12:11:53.108+0000] {dagbag.py:545} INFO - Filling up the DagBag from /home/airflow/.local/lib/python3.12/site-packages/airflow/example_dags/example_python_operator.py
[2026-05-21T12:11:53.128+0000] {processor.py:840} INFO - DAG(s) 'example_python_operator' retrieved from /home/airflow/.local/lib/python3.12/site-packages/airflow/example_dags/example_python_operator.py
[2026-05-21T12:11:53.171+0000] {logging_mixin.py:188} INFO - [2026-05-21T12:11:53.170+0000] {dag.py:3089} INFO - Sync 1 DAGs
[2026-05-21T12:11:53.192+0000] {logging_mixin.py:188} INFO - [2026-05-21T12:11:53.192+0000] {dag.py:3947} INFO - Setting next_dagrun for example_python_operator to None, run_after=None
[2026-05-21T12:11:53.223+0000] {processor.py:183} INFO - Processing /home/airflow/.local/lib/python3.12/site-packages/airflow/example_dags/example_python_operator.py took 0.130 seconds
[2026-05-21T12:12:24.805+0000] {processor.py:161} INFO - Started process (PID=15976) to work on /home/airflow/.local/lib/python3.12/site-packages/airflow/example_dags/example_python_operator.py
[2026-05-21T12:12:24.817+0000] {processor.py:830} INFO - Processing file /home/airflow/.local/lib/python3.12/site-packages/airflow/example_dags/example_python_operator.py for tasks to queue
[2026-05-21T12:12:24.847+0000] {logging_mixin.py:188} INFO - [2026-05-21T12:12:24.834+0000] {dagbag.py:545} INFO - Filling up the DagBag from /home/airflow/.local/lib/python3.12/site-packages/airflow/example_dags/example_python_operator.py
[2026-05-21T12:12:24.957+0000] {processor.py:840} INFO - DAG(s) 'example_python_operator' retrieved from /home/airflow/.local/lib/python3.12/site-packages/airflow/example_dags/example_python_operator.py
[2026-05-21T12:12:25.146+0000] {logging_mixin.py:188} INFO - [2026-05-21T12:12:25.145+0000] {dag.py:3089} INFO - Sync 1 DAGs
[2026-05-21T12:12:25.201+0000] {logging_mixin.py:188} INFO - [2026-05-21T12:12:25.201+0000] {dag.py:3947} INFO - Setting next_dagrun for example_python_operator to None, run_after=None
[2026-05-21T12:12:25.292+0000] {processor.py:183} INFO - Processing /home/airflow/.local/lib/python3.12/site-packages/airflow/example_dags/example_python_operator.py took 0.542 seconds
[2026-05-21T12:12:56.014+0000] {processor.py:161} INFO - Started process (PID=16037) to work on /home/airflow/.local/lib/python3.12/site-packages/airflow/example_dags/example_python_operator.py
[2026-05-21T12:12:56.016+0000] {processor.py:830} INFO - Processing file /home/airflow/.local/lib/python3.12/site-packages/airflow/example_dags/example_python_operator.py for tasks to queue
[2026-05-21T12:12:56.020+0000] {logging_mixin.py:188} INFO - [2026-05-21T12:12:56.019+0000] {dagbag.py:545} INFO - Filling up the DagBag from /home/airflow/.local/lib/python3.12/site-packages/airflow/example_dags/example_python_operator.py
[2026-05-21T12:12:56.036+0000] {processor.py:840} INFO - DAG(s) 'example_python_operator' retrieved from /home/airflow/.local/lib/python3.12/site-packages/airflow/example_dags/example_python_operator.py
[2026-05-21T12:12:56.070+0000] {logging_mixin.py:188} INFO - [2026-05-21T12:12:56.070+0000] {dag.py:3089} INFO - Sync 1 DAGs
[2026-05-21T12:12:56.091+0000] {logging_mixin.py:188} INFO - [2026-05-21T12:12:56.091+0000] {dag.py:3947} INFO - Setting next_dagrun for example_python_operator to None, run_after=None
[2026-05-21T12:12:56.120+0000] {processor.py:183} INFO - Processing /home/airflow/.local/lib/python3.12/site-packages/airflow/example_dags/example_python_operator.py took 0.117 seconds
[2026-05-21T12:13:26.344+0000] {processor.py:161} INFO - Started process (PID=16097) to work on /home/airflow/.local/lib/python3.12/site-packages/airflow/example_dags/example_python_operator.py
[2026-05-21T12:13:26.345+0000] {processor.py:830} INFO - Processing file /home/airflow/.local/lib/python3.12/site-packages/airflow/example_dags/example_python_operator.py for tasks to queue
[2026-05-21T12:13:26.348+0000] {logging_mixin.py:188} INFO - [2026-05-21T12:13:26.348+0000] {dagbag.py:545} INFO - Filling up the DagBag from /home/airflow/.local/lib/python3.12/site-packages/airflow/example_dags/example_python_operator.py
[2026-05-21T12:13:26.369+0000] {processor.py:840} INFO - DAG(s) 'example_python_operator' retrieved from /home/airflow/.local/lib/python3.12/site-packages/airflow/example_dags/example_python_operator.py
[2026-05-21T12:13:26.404+0000] {logging_mixin.py:188} INFO - [2026-05-21T12:13:26.403+0000] {dag.py:3089} INFO - Sync 1 DAGs
[2026-05-21T12:13:26.424+0000] {logging_mixin.py:188} INFO - [2026-05-21T12:13:26.424+0000] {dag.py:3947} INFO - Setting next_dagrun for example_python_operator to None, run_after=None
[2026-05-21T12:13:26.467+0000] {processor.py:183} INFO - Processing /home/airflow/.local/lib/python3.12/site-packages/airflow/example_dags/example_python_operator.py took 0.134 seconds
[2026-05-21T12:13:57.450+0000] {processor.py:161} INFO - Started process (PID=16158) to work on /home/airflow/.local/lib/python3.12/site-packages/airflow/example_dags/example_python_operator.py
[2026-05-21T12:13:57.452+0000] {processor.py:830} INFO - Processing file /home/airflow/.local/lib/python3.12/site-packages/airflow/example_dags/example_python_operator.py for tasks to queue
[2026-05-21T12:13:57.455+0000] {logging_mixin.py:188} INFO - [2026-05-21T12:13:57.454+0000] {dagbag.py:545} INFO - Filling up the DagBag from /home/airflow/.local/lib/python3.12/site-packages/airflow/example_dags/example_python_operator.py
[2026-05-21T12:13:57.470+0000] {processor.py:840} INFO - DAG(s) 'example_python_operator' retrieved from /home/airflow/.local/lib/python3.12/site-packages/airflow/example_dags/example_python_operator.py
[2026-05-21T12:13:57.507+0000] {logging_mixin.py:188} INFO - [2026-05-21T12:13:57.506+0000] {dag.py:3089} INFO - Sync 1 DAGs
[2026-05-21T12:13:57.531+0000] {logging_mixin.py:188} INFO - [2026-05-21T12:13:57.530+0000] {dag.py:3947} INFO - Setting next_dagrun for example_python_operator to None, run_after=None
[2026-05-21T12:13:57.567+0000] {processor.py:183} INFO - Processing /home/airflow/.local/lib/python3.12/site-packages/airflow/example_dags/example_python_operator.py took 0.126 seconds
[2026-05-21T12:14:27.792+0000] {processor.py:161} INFO - Started process (PID=16218) to work on /home/airflow/.local/lib/python3.12/site-packages/airflow/example_dags/example_python_operator.py
[2026-05-21T12:14:27.795+0000] {processor.py:830} INFO - Processing file /home/airflow/.local/lib/python3.12/site-packages/airflow/example_dags/example_python_operator.py for tasks to queue
[2026-05-21T12:14:27.810+0000] {logging_mixin.py:188} INFO - [2026-05-21T12:14:27.809+0000] {dagbag.py:545} INFO - Filling up the DagBag from /home/airflow/.local/lib/python3.12/site-packages/airflow/example_dags/example_python_operator.py
[2026-05-21T12:14:27.832+0000] {processor.py:840} INFO - DAG(s) 'example_python_operator' retrieved from /home/airflow/.local/lib/python3.12/site-packages/airflow/example_dags/example_python_operator.py
[2026-05-21T12:14:27.890+0000] {logging_mixin.py:188} INFO - [2026-05-21T12:14:27.890+0000] {dag.py:3089} INFO - Sync 1 DAGs
[2026-05-21T12:14:27.927+0000] {logging_mixin.py:188} INFO - [2026-05-21T12:14:27.927+0000] {dag.py:3947} INFO - Setting next_dagrun for example_python_operator to None, run_after=None
[2026-05-21T12:14:27.972+0000] {processor.py:183} INFO - Processing /home/airflow/.local/lib/python3.12/site-packages/airflow/example_dags/example_python_operator.py took 0.190 seconds
[2026-05-21T12:14:58.086+0000] {processor.py:161} INFO - Started process (PID=16278) to work on /home/airflow/.local/lib/python3.12/site-packages/airflow/example_dags/example_python_operator.py
[2026-05-21T12:14:58.088+0000] {processor.py:830} INFO - Processing file /home/airflow/.local/lib/python3.12/site-packages/airflow/example_dags/example_python_operator.py for tasks to queue
[2026-05-21T12:14:58.094+0000] {logging_mixin.py:188} INFO - [2026-05-21T12:14:58.094+0000] {dagbag.py:545} INFO - Filling up the DagBag from /home/airflow/.local/lib/python3.12/site-packages/airflow/example_dags/example_python_operator.py
[2026-05-21T12:14:58.112+0000] {processor.py:840} INFO - DAG(s) 'example_python_operator' retrieved from /home/airflow/.local/lib/python3.12/site-packages/airflow/example_dags/example_python_operator.py
[2026-05-21T12:14:58.154+0000] {logging_mixin.py:188} INFO - [2026-05-21T12:14:58.153+0000] {dag.py:3089} INFO - Sync 1 DAGs
[2026-05-21T12:14:58.174+0000] {logging_mixin.py:188} INFO - [2026-05-21T12:14:58.174+0000] {dag.py:3947} INFO - Setting next_dagrun for example_python_operator to None, run_after=None
[2026-05-21T12:14:58.207+0000] {processor.py:183} INFO - Processing /home/airflow/.local/lib/python3.12/site-packages/airflow/example_dags/example_python_operator.py took 0.130 seconds
[2026-05-21T12:15:28.299+0000] {processor.py:161} INFO - Started process (PID=16338) to work on /home/airflow/.local/lib/python3.12/site-packages/airflow/example_dags/example_python_operator.py
[2026-05-21T12:15:28.301+0000] {processor.py:830} INFO - Processing file /home/airflow/.local/lib/python3.12/site-packages/airflow/example_dags/example_python_operator.py for tasks to queue
[2026-05-21T12:15:28.304+0000] {logging_mixin.py:188} INFO - [2026-05-21T12:15:28.304+0000] {dagbag.py:545} INFO - Filling up the DagBag from /home/airflow/.local/lib/python3.12/site-packages/airflow/example_dags/example_python_operator.py
[2026-05-21T12:15:28.321+0000] {processor.py:840} INFO - DAG(s) 'example_python_operator' retrieved from /home/airflow/.local/lib/python3.12/site-packages/airflow/example_dags/example_python_operator.py
[2026-05-21T12:15:28.357+0000] {logging_mixin.py:188} INFO - [2026-05-21T12:15:28.357+0000] {dag.py:3089} INFO - Sync 1 DAGs
[2026-05-21T12:15:28.377+0000] {logging_mixin.py:188} INFO - [2026-05-21T12:15:28.376+0000] {dag.py:3947} INFO - Setting next_dagrun for example_python_operator to None, run_after=None
[2026-05-21T12:15:28.408+0000] {processor.py:183} INFO - Processing /home/airflow/.local/lib/python3.12/site-packages/airflow/example_dags/example_python_operator.py took 0.119 seconds
[2026-05-21T12:15:59.466+0000] {processor.py:161} INFO - Started process (PID=16398) to work on /home/airflow/.local/lib/python3.12/site-packages/airflow/example_dags/example_python_operator.py
[2026-05-21T12:15:59.468+0000] {processor.py:830} INFO - Processing file /home/airflow/.local/lib/python3.12/site-packages/airflow/example_dags/example_python_operator.py for tasks to queue
[2026-05-21T12:15:59.471+0000] {logging_mixin.py:188} INFO - [2026-05-21T12:15:59.470+0000] {dagbag.py:545} INFO - Filling up the DagBag from /home/airflow/.local/lib/python3.12/site-packages/airflow/example_dags/example_python_operator.py
[2026-05-21T12:15:59.488+0000] {processor.py:840} INFO - DAG(s) 'example_python_operator' retrieved from /home/airflow/.local/lib/python3.12/site-packages/airflow/example_dags/example_python_operator.py
[2026-05-21T12:15:59.526+0000] {logging_mixin.py:188} INFO - [2026-05-21T12:15:59.525+0000] {dag.py:3089} INFO - Sync 1 DAGs
[2026-05-21T12:15:59.546+0000] {logging_mixin.py:188} INFO - [2026-05-21T12:15:59.546+0000] {dag.py:3947} INFO - Setting next_dagrun for example_python_operator to None, run_after=None
[2026-05-21T12:15:59.580+0000] {processor.py:183} INFO - Processing /home/airflow/.local/lib/python3.12/site-packages/airflow/example_dags/example_python_operator.py took 0.125 seconds
[2026-05-21T12:16:29.714+0000] {processor.py:161} INFO - Started process (PID=16458) to work on /home/airflow/.local/lib/python3.12/site-packages/airflow/example_dags/example_python_operator.py
[2026-05-21T12:16:29.716+0000] {processor.py:830} INFO - Processing file /home/airflow/.local/lib/python3.12/site-packages/airflow/example_dags/example_python_operator.py for tasks to queue
[2026-05-21T12:16:29.721+0000] {logging_mixin.py:188} INFO - [2026-05-21T12:16:29.720+0000] {dagbag.py:545} INFO - Filling up the DagBag from /home/airflow/.local/lib/python3.12/site-packages/airflow/example_dags/example_python_operator.py
[2026-05-21T12:16:29.740+0000] {processor.py:840} INFO - DAG(s) 'example_python_operator' retrieved from /home/airflow/.local/lib/python3.12/site-packages/airflow/example_dags/example_python_operator.py
[2026-05-21T12:16:29.778+0000] {logging_mixin.py:188} INFO - [2026-05-21T12:16:29.778+0000] {dag.py:3089} INFO - Sync 1 DAGs
[2026-05-21T12:16:29.797+0000] {logging_mixin.py:188} INFO - [2026-05-21T12:16:29.797+0000] {dag.py:3947} INFO - Setting next_dagrun for example_python_operator to None, run_after=None
[2026-05-21T12:16:29.827+0000] {processor.py:183} INFO - Processing /home/airflow/.local/lib/python3.12/site-packages/airflow/example_dags/example_python_operator.py took 0.124 seconds
[2026-05-21T12:17:00.564+0000] {processor.py:161} INFO - Started process (PID=16518) to work on /home/airflow/.local/lib/python3.12/site-packages/airflow/example_dags/example_python_operator.py
[2026-05-21T12:17:00.566+0000] {processor.py:830} INFO - Processing file /home/airflow/.local/lib/python3.12/site-packages/airflow/example_dags/example_python_operator.py for tasks to queue
[2026-05-21T12:17:00.571+0000] {logging_mixin.py:188} INFO - [2026-05-21T12:17:00.570+0000] {dagbag.py:545} INFO - Filling up the DagBag from /home/airflow/.local/lib/python3.12/site-packages/airflow/example_dags/example_python_operator.py
[2026-05-21T12:17:00.593+0000] {processor.py:840} INFO - DAG(s) 'example_python_operator' retrieved from /home/airflow/.local/lib/python3.12/site-packages/airflow/example_dags/example_python_operator.py
[2026-05-21T12:17:00.631+0000] {logging_mixin.py:188} INFO - [2026-05-21T12:17:00.631+0000] {dag.py:3089} INFO - Sync 1 DAGs
[2026-05-21T12:17:00.654+0000] {logging_mixin.py:188} INFO - [2026-05-21T12:17:00.654+0000] {dag.py:3947} INFO - Setting next_dagrun for example_python_operator to None, run_after=None
[2026-05-21T12:17:00.692+0000] {processor.py:183} INFO - Processing /home/airflow/.local/lib/python3.12/site-packages/airflow/example_dags/example_python_operator.py took 0.137 seconds
[2026-05-21T12:17:30.823+0000] {processor.py:161} INFO - Started process (PID=16578) to work on /home/airflow/.local/lib/python3.12/site-packages/airflow/example_dags/example_python_operator.py
[2026-05-21T12:17:30.825+0000] {processor.py:830} INFO - Processing file /home/airflow/.local/lib/python3.12/site-packages/airflow/example_dags/example_python_operator.py for tasks to queue
[2026-05-21T12:17:30.828+0000] {logging_mixin.py:188} INFO - [2026-05-21T12:17:30.827+0000] {dagbag.py:545} INFO - Filling up the DagBag from /home/airflow/.local/lib/python3.12/site-packages/airflow/example_dags/example_python_operator.py
[2026-05-21T12:17:30.845+0000] {processor.py:840} INFO - DAG(s) 'example_python_operator' retrieved from /home/airflow/.local/lib/python3.12/site-packages/airflow/example_dags/example_python_operator.py
[2026-05-21T12:17:30.879+0000] {logging_mixin.py:188} INFO - [2026-05-21T12:17:30.879+0000] {dag.py:3089} INFO - Sync 1 DAGs
[2026-05-21T12:17:30.903+0000] {logging_mixin.py:188} INFO - [2026-05-21T12:17:30.902+0000] {dag.py:3947} INFO - Setting next_dagrun for example_python_operator to None, run_after=None
[2026-05-21T12:17:30.939+0000] {processor.py:183} INFO - Processing /home/airflow/.local/lib/python3.12/site-packages/airflow/example_dags/example_python_operator.py took 0.125 seconds
[2026-05-21T12:18:01.198+0000] {processor.py:161} INFO - Started process (PID=16638) to work on /home/airflow/.local/lib/python3.12/site-packages/airflow/example_dags/example_python_operator.py
[2026-05-21T12:18:01.200+0000] {processor.py:830} INFO - Processing file /home/airflow/.local/lib/python3.12/site-packages/airflow/example_dags/example_python_operator.py for tasks to queue
[2026-05-21T12:18:01.203+0000] {logging_mixin.py:188} INFO - [2026-05-21T12:18:01.203+0000] {dagbag.py:545} INFO - Filling up the DagBag from /home/airflow/.local/lib/python3.12/site-packages/airflow/example_dags/example_python_operator.py
[2026-05-21T12:18:01.222+0000] {processor.py:840} INFO - DAG(s) 'example_python_operator' retrieved from /home/airflow/.local/lib/python3.12/site-packages/airflow/example_dags/example_python_operator.py
[2026-05-21T12:18:01.258+0000] {logging_mixin.py:188} INFO - [2026-05-21T12:18:01.257+0000] {dag.py:3089} INFO - Sync 1 DAGs
[2026-05-21T12:18:01.277+0000] {logging_mixin.py:188} INFO - [2026-05-21T12:18:01.277+0000] {dag.py:3947} INFO - Setting next_dagrun for example_python_operator to None, run_after=None
[2026-05-21T12:18:01.307+0000] {processor.py:183} INFO - Processing /home/airflow/.local/lib/python3.12/site-packages/airflow/example_dags/example_python_operator.py took 0.117 seconds
[2026-05-21T12:18:31.582+0000] {processor.py:161} INFO - Started process (PID=16698) to work on /home/airflow/.local/lib/python3.12/site-packages/airflow/example_dags/example_python_operator.py
[2026-05-21T12:18:31.585+0000] {processor.py:830} INFO - Processing file /home/airflow/.local/lib/python3.12/site-packages/airflow/example_dags/example_python_operator.py for tasks to queue
[2026-05-21T12:18:31.590+0000] {logging_mixin.py:188} INFO - [2026-05-21T12:18:31.589+0000] {dagbag.py:545} INFO - Filling up the DagBag from /home/airflow/.local/lib/python3.12/site-packages/airflow/example_dags/example_python_operator.py
[2026-05-21T12:18:31.618+0000] {processor.py:840} INFO - DAG(s) 'example_python_operator' retrieved from /home/airflow/.local/lib/python3.12/site-packages/airflow/example_dags/example_python_operator.py
[2026-05-21T12:18:31.684+0000] {logging_mixin.py:188} INFO - [2026-05-21T12:18:31.684+0000] {dag.py:3089} INFO - Sync 1 DAGs
[2026-05-21T12:18:31.714+0000] {logging_mixin.py:188} INFO - [2026-05-21T12:18:31.713+0000] {dag.py:3947} INFO - Setting next_dagrun for example_python_operator to None, run_after=None
[2026-05-21T12:18:31.762+0000] {processor.py:183} INFO - Processing /home/airflow/.local/lib/python3.12/site-packages/airflow/example_dags/example_python_operator.py took 0.192 seconds
[2026-05-21T12:19:02.147+0000] {processor.py:161} INFO - Started process (PID=16758) to work on /home/airflow/.local/lib/python3.12/site-packages/airflow/example_dags/example_python_operator.py
[2026-05-21T12:19:02.150+0000] {processor.py:830} INFO - Processing file /home/airflow/.local/lib/python3.12/site-packages/airflow/example_dags/example_python_operator.py for tasks to queue
[2026-05-21T12:19:02.154+0000] {logging_mixin.py:188} INFO - [2026-05-21T12:19:02.153+0000] {dagbag.py:545} INFO - Filling up the DagBag from /home/airflow/.local/lib/python3.12/site-packages/airflow/example_dags/example_python_operator.py
[2026-05-21T12:19:02.175+0000] {processor.py:840} INFO - DAG(s) 'example_python_operator' retrieved from /home/airflow/.local/lib/python3.12/site-packages/airflow/example_dags/example_python_operator.py
[2026-05-21T12:19:02.227+0000] {logging_mixin.py:188} INFO - [2026-05-21T12:19:02.226+0000] {dag.py:3089} INFO - Sync 1 DAGs
[2026-05-21T12:19:02.270+0000] {logging_mixin.py:188} INFO - [2026-05-21T12:19:02.270+0000] {dag.py:3947} INFO - Setting next_dagrun for example_python_operator to None, run_after=None
[2026-05-21T12:19:02.318+0000] {processor.py:183} INFO - Processing /home/airflow/.local/lib/python3.12/site-packages/airflow/example_dags/example_python_operator.py took 0.182 seconds
[2026-05-21T12:19:32.999+0000] {processor.py:161} INFO - Started process (PID=16818) to work on /home/airflow/.local/lib/python3.12/site-packages/airflow/example_dags/example_python_operator.py
[2026-05-21T12:19:33.001+0000] {processor.py:830} INFO - Processing file /home/airflow/.local/lib/python3.12/site-packages/airflow/example_dags/example_python_operator.py for tasks to queue
[2026-05-21T12:19:33.004+0000] {logging_mixin.py:188} INFO - [2026-05-21T12:19:33.004+0000] {dagbag.py:545} INFO - Filling up the DagBag from /home/airflow/.local/lib/python3.12/site-packages/airflow/example_dags/example_python_operator.py
[2026-05-21T12:19:33.020+0000] {processor.py:840} INFO - DAG(s) 'example_python_operator' retrieved from /home/airflow/.local/lib/python3.12/site-packages/airflow/example_dags/example_python_operator.py
[2026-05-21T12:19:33.069+0000] {logging_mixin.py:188} INFO - [2026-05-21T12:19:33.069+0000] {dag.py:3089} INFO - Sync 1 DAGs
[2026-05-21T12:19:33.092+0000] {logging_mixin.py:188} INFO - [2026-05-21T12:19:33.091+0000] {dag.py:3947} INFO - Setting next_dagrun for example_python_operator to None, run_after=None
[2026-05-21T12:19:33.132+0000] {processor.py:183} INFO - Processing /home/airflow/.local/lib/python3.12/site-packages/airflow/example_dags/example_python_operator.py took 0.143 seconds
[2026-05-21T12:20:03.317+0000] {processor.py:161} INFO - Started process (PID=16878) to work on /home/airflow/.local/lib/python3.12/site-packages/airflow/example_dags/example_python_operator.py
[2026-05-21T12:20:03.319+0000] {processor.py:830} INFO - Processing file /home/airflow/.local/lib/python3.12/site-packages/airflow/example_dags/example_python_operator.py for tasks to queue
[2026-05-21T12:20:03.323+0000] {logging_mixin.py:188} INFO - [2026-05-21T12:20:03.322+0000] {dagbag.py:545} INFO - Filling up the DagBag from /home/airflow/.local/lib/python3.12/site-packages/airflow/example_dags/example_python_operator.py
[2026-05-21T12:20:03.347+0000] {processor.py:840} INFO - DAG(s) 'example_python_operator' retrieved from /home/airflow/.local/lib/python3.12/site-packages/airflow/example_dags/example_python_operator.py
[2026-05-21T12:20:03.397+0000] {logging_mixin.py:188} INFO - [2026-05-21T12:20:03.396+0000] {dag.py:3089} INFO - Sync 1 DAGs
[2026-05-21T12:20:03.425+0000] {logging_mixin.py:188} INFO - [2026-05-21T12:20:03.424+0000] {dag.py:3947} INFO - Setting next_dagrun for example_python_operator to None, run_after=None
[2026-05-21T12:20:03.474+0000] {processor.py:183} INFO - Processing /home/airflow/.local/lib/python3.12/site-packages/airflow/example_dags/example_python_operator.py took 0.169 seconds
[2026-05-21T12:20:34.339+0000] {processor.py:161} INFO - Started process (PID=16939) to work on /home/airflow/.local/lib/python3.12/site-packages/airflow/example_dags/example_python_operator.py
[2026-05-21T12:20:34.341+0000] {processor.py:830} INFO - Processing file /home/airflow/.local/lib/python3.12/site-packages/airflow/example_dags/example_python_operator.py for tasks to queue
[2026-05-21T12:20:34.344+0000] {logging_mixin.py:188} INFO - [2026-05-21T12:20:34.344+0000] {dagbag.py:545} INFO - Filling up the DagBag from /home/airflow/.local/lib/python3.12/site-packages/airflow/example_dags/example_python_operator.py
[2026-05-21T12:20:34.360+0000] {processor.py:840} INFO - DAG(s) 'example_python_operator' retrieved from /home/airflow/.local/lib/python3.12/site-packages/airflow/example_dags/example_python_operator.py
[2026-05-21T12:20:34.393+0000] {logging_mixin.py:188} INFO - [2026-05-21T12:20:34.393+0000] {dag.py:3089} INFO - Sync 1 DAGs
[2026-05-21T12:20:34.412+0000] {logging_mixin.py:188} INFO - [2026-05-21T12:20:34.412+0000] {dag.py:3947} INFO - Setting next_dagrun for example_python_operator to None, run_after=None
[2026-05-21T12:20:34.441+0000] {processor.py:183} INFO - Processing /home/airflow/.local/lib/python3.12/site-packages/airflow/example_dags/example_python_operator.py took 0.114 seconds
[2026-05-21T12:21:05.069+0000] {processor.py:161} INFO - Started process (PID=16999) to work on /home/airflow/.local/lib/python3.12/site-packages/airflow/example_dags/example_python_operator.py
[2026-05-21T12:21:05.071+0000] {processor.py:830} INFO - Processing file /home/airflow/.local/lib/python3.12/site-packages/airflow/example_dags/example_python_operator.py for tasks to queue
[2026-05-21T12:21:05.077+0000] {logging_mixin.py:188} INFO - [2026-05-21T12:21:05.076+0000] {dagbag.py:545} INFO - Filling up the DagBag from /home/airflow/.local/lib/python3.12/site-packages/airflow/example_dags/example_python_operator.py
[2026-05-21T12:21:05.108+0000] {processor.py:840} INFO - DAG(s) 'example_python_operator' retrieved from /home/airflow/.local/lib/python3.12/site-packages/airflow/example_dags/example_python_operator.py
[2026-05-21T12:21:05.154+0000] {logging_mixin.py:188} INFO - [2026-05-21T12:21:05.153+0000] {dag.py:3089} INFO - Sync 1 DAGs
[2026-05-21T12:21:05.193+0000] {logging_mixin.py:188} INFO - [2026-05-21T12:21:05.192+0000] {dag.py:3947} INFO - Setting next_dagrun for example_python_operator to None, run_after=None
[2026-05-21T12:21:05.247+0000] {processor.py:183} INFO - Processing /home/airflow/.local/lib/python3.12/site-packages/airflow/example_dags/example_python_operator.py took 0.197 seconds
[2026-05-21T12:21:35.356+0000] {processor.py:161} INFO - Started process (PID=17059) to work on /home/airflow/.local/lib/python3.12/site-packages/airflow/example_dags/example_python_operator.py
[2026-05-21T12:21:35.358+0000] {processor.py:830} INFO - Processing file /home/airflow/.local/lib/python3.12/site-packages/airflow/example_dags/example_python_operator.py for tasks to queue
[2026-05-21T12:21:35.363+0000] {logging_mixin.py:188} INFO - [2026-05-21T12:21:35.362+0000] {dagbag.py:545} INFO - Filling up the DagBag from /home/airflow/.local/lib/python3.12/site-packages/airflow/example_dags/example_python_operator.py
[2026-05-21T12:21:35.382+0000] {processor.py:840} INFO - DAG(s) 'example_python_operator' retrieved from /home/airflow/.local/lib/python3.12/site-packages/airflow/example_dags/example_python_operator.py
[2026-05-21T12:21:35.440+0000] {logging_mixin.py:188} INFO - [2026-05-21T12:21:35.439+0000] {dag.py:3089} INFO - Sync 1 DAGs
[2026-05-21T12:21:35.477+0000] {logging_mixin.py:188} INFO - [2026-05-21T12:21:35.476+0000] {dag.py:3947} INFO - Setting next_dagrun for example_python_operator to None, run_after=None
[2026-05-21T12:21:35.800+0000] {processor.py:183} INFO - Processing /home/airflow/.local/lib/python3.12/site-packages/airflow/example_dags/example_python_operator.py took 0.454 seconds
[2026-05-21T12:22:06.299+0000] {processor.py:161} INFO - Started process (PID=17119) to work on /home/airflow/.local/lib/python3.12/site-packages/airflow/example_dags/example_python_operator.py
[2026-05-21T12:22:06.302+0000] {processor.py:830} INFO - Processing file /home/airflow/.local/lib/python3.12/site-packages/airflow/example_dags/example_python_operator.py for tasks to queue
[2026-05-21T12:22:06.308+0000] {logging_mixin.py:188} INFO - [2026-05-21T12:22:06.307+0000] {dagbag.py:545} INFO - Filling up the DagBag from /home/airflow/.local/lib/python3.12/site-packages/airflow/example_dags/example_python_operator.py
[2026-05-21T12:22:06.342+0000] {processor.py:840} INFO - DAG(s) 'example_python_operator' retrieved from /home/airflow/.local/lib/python3.12/site-packages/airflow/example_dags/example_python_operator.py
[2026-05-21T12:22:06.384+0000] {logging_mixin.py:188} INFO - [2026-05-21T12:22:06.384+0000] {dag.py:3089} INFO - Sync 1 DAGs
[2026-05-21T12:22:06.405+0000] {logging_mixin.py:188} INFO - [2026-05-21T12:22:06.405+0000] {dag.py:3947} INFO - Setting next_dagrun for example_python_operator to None, run_after=None
[2026-05-21T12:22:06.448+0000] {processor.py:183} INFO - Processing /home/airflow/.local/lib/python3.12/site-packages/airflow/example_dags/example_python_operator.py took 0.165 seconds
[2026-05-21T12:22:36.532+0000] {processor.py:161} INFO - Started process (PID=17178) to work on /home/airflow/.local/lib/python3.12/site-packages/airflow/example_dags/example_python_operator.py
[2026-05-21T12:22:36.534+0000] {processor.py:830} INFO - Processing file /home/airflow/.local/lib/python3.12/site-packages/airflow/example_dags/example_python_operator.py for tasks to queue
[2026-05-21T12:22:36.538+0000] {logging_mixin.py:188} INFO - [2026-05-21T12:22:36.537+0000] {dagbag.py:545} INFO - Filling up the DagBag from /home/airflow/.local/lib/python3.12/site-packages/airflow/example_dags/example_python_operator.py
[2026-05-21T12:22:36.561+0000] {processor.py:840} INFO - DAG(s) 'example_python_operator' retrieved from /home/airflow/.local/lib/python3.12/site-packages/airflow/example_dags/example_python_operator.py
[2026-05-21T12:22:36.601+0000] {logging_mixin.py:188} INFO - [2026-05-21T12:22:36.600+0000] {dag.py:3089} INFO - Sync 1 DAGs
[2026-05-21T12:22:36.623+0000] {logging_mixin.py:188} INFO - [2026-05-21T12:22:36.623+0000] {dag.py:3947} INFO - Setting next_dagrun for example_python_operator to None, run_after=None
[2026-05-21T12:22:36.658+0000] {processor.py:183} INFO - Processing /home/airflow/.local/lib/python3.12/site-packages/airflow/example_dags/example_python_operator.py took 0.136 seconds
[2026-05-21T12:23:07.417+0000] {processor.py:161} INFO - Started process (PID=17239) to work on /home/airflow/.local/lib/python3.12/site-packages/airflow/example_dags/example_python_operator.py
[2026-05-21T12:23:07.419+0000] {processor.py:830} INFO - Processing file /home/airflow/.local/lib/python3.12/site-packages/airflow/example_dags/example_python_operator.py for tasks to queue
[2026-05-21T12:23:07.422+0000] {logging_mixin.py:188} INFO - [2026-05-21T12:23:07.422+0000] {dagbag.py:545} INFO - Filling up the DagBag from /home/airflow/.local/lib/python3.12/site-packages/airflow/example_dags/example_python_operator.py
[2026-05-21T12:23:07.438+0000] {processor.py:840} INFO - DAG(s) 'example_python_operator' retrieved from /home/airflow/.local/lib/python3.12/site-packages/airflow/example_dags/example_python_operator.py
[2026-05-21T12:23:07.474+0000] {logging_mixin.py:188} INFO - [2026-05-21T12:23:07.474+0000] {dag.py:3089} INFO - Sync 1 DAGs
[2026-05-21T12:23:07.494+0000] {logging_mixin.py:188} INFO - [2026-05-21T12:23:07.493+0000] {dag.py:3947} INFO - Setting next_dagrun for example_python_operator to None, run_after=None
[2026-05-21T12:23:07.525+0000] {processor.py:183} INFO - Processing /home/airflow/.local/lib/python3.12/site-packages/airflow/example_dags/example_python_operator.py took 0.117 seconds
[2026-05-21T12:23:38.033+0000] {processor.py:161} INFO - Started process (PID=17299) to work on /home/airflow/.local/lib/python3.12/site-packages/airflow/example_dags/example_python_operator.py
[2026-05-21T12:23:38.035+0000] {processor.py:830} INFO - Processing file /home/airflow/.local/lib/python3.12/site-packages/airflow/example_dags/example_python_operator.py for tasks to queue
[2026-05-21T12:23:38.038+0000] {logging_mixin.py:188} INFO - [2026-05-21T12:23:38.038+0000] {dagbag.py:545} INFO - Filling up the DagBag from /home/airflow/.local/lib/python3.12/site-packages/airflow/example_dags/example_python_operator.py
[2026-05-21T12:23:38.364+0000] {processor.py:840} INFO - DAG(s) 'example_python_operator' retrieved from /home/airflow/.local/lib/python3.12/site-packages/airflow/example_dags/example_python_operator.py
[2026-05-21T12:23:38.401+0000] {logging_mixin.py:188} INFO - [2026-05-21T12:23:38.400+0000] {dag.py:3089} INFO - Sync 1 DAGs
[2026-05-21T12:23:38.424+0000] {logging_mixin.py:188} INFO - [2026-05-21T12:23:38.424+0000] {dag.py:3947} INFO - Setting next_dagrun for example_python_operator to None, run_after=None
[2026-05-21T12:23:38.460+0000] {processor.py:183} INFO - Processing /home/airflow/.local/lib/python3.12/site-packages/airflow/example_dags/example_python_operator.py took 0.440 seconds
[2026-05-21T12:24:08.789+0000] {processor.py:161} INFO - Started process (PID=17359) to work on /home/airflow/.local/lib/python3.12/site-packages/airflow/example_dags/example_python_operator.py
[2026-05-21T12:24:08.792+0000] {processor.py:830} INFO - Processing file /home/airflow/.local/lib/python3.12/site-packages/airflow/example_dags/example_python_operator.py for tasks to queue
[2026-05-21T12:24:08.796+0000] {logging_mixin.py:188} INFO - [2026-05-21T12:24:08.795+0000] {dagbag.py:545} INFO - Filling up the DagBag from /home/airflow/.local/lib/python3.12/site-packages/airflow/example_dags/example_python_operator.py
[2026-05-21T12:24:08.813+0000] {processor.py:840} INFO - DAG(s) 'example_python_operator' retrieved from /home/airflow/.local/lib/python3.12/site-packages/airflow/example_dags/example_python_operator.py
[2026-05-21T12:24:08.846+0000] {logging_mixin.py:188} INFO - [2026-05-21T12:24:08.845+0000] {dag.py:3089} INFO - Sync 1 DAGs
[2026-05-21T12:24:08.864+0000] {logging_mixin.py:188} INFO - [2026-05-21T12:24:08.864+0000] {dag.py:3947} INFO - Setting next_dagrun for example_python_operator to None, run_after=None
[2026-05-21T12:24:08.892+0000] {processor.py:183} INFO - Processing /home/airflow/.local/lib/python3.12/site-packages/airflow/example_dags/example_python_operator.py took 0.112 seconds
[2026-05-21T12:24:39.766+0000] {processor.py:161} INFO - Started process (PID=17425) to work on /home/airflow/.local/lib/python3.12/site-packages/airflow/example_dags/example_python_operator.py
[2026-05-21T12:24:39.768+0000] {processor.py:830} INFO - Processing file /home/airflow/.local/lib/python3.12/site-packages/airflow/example_dags/example_python_operator.py for tasks to queue
[2026-05-21T12:24:39.771+0000] {logging_mixin.py:188} INFO - [2026-05-21T12:24:39.771+0000] {dagbag.py:545} INFO - Filling up the DagBag from /home/airflow/.local/lib/python3.12/site-packages/airflow/example_dags/example_python_operator.py
[2026-05-21T12:24:39.789+0000] {processor.py:840} INFO - DAG(s) 'example_python_operator' retrieved from /home/airflow/.local/lib/python3.12/site-packages/airflow/example_dags/example_python_operator.py
[2026-05-21T12:24:39.826+0000] {logging_mixin.py:188} INFO - [2026-05-21T12:24:39.826+0000] {dag.py:3089} INFO - Sync 1 DAGs
[2026-05-21T12:24:39.846+0000] {logging_mixin.py:188} INFO - [2026-05-21T12:24:39.846+0000] {dag.py:3947} INFO - Setting next_dagrun for example_python_operator to None, run_after=None
[2026-05-21T12:24:39.885+0000] {processor.py:183} INFO - Processing /home/airflow/.local/lib/python3.12/site-packages/airflow/example_dags/example_python_operator.py took 0.128 seconds
[2026-05-21T12:25:10.288+0000] {processor.py:161} INFO - Started process (PID=17485) to work on /home/airflow/.local/lib/python3.12/site-packages/airflow/example_dags/example_python_operator.py
[2026-05-21T12:25:10.290+0000] {processor.py:830} INFO - Processing file /home/airflow/.local/lib/python3.12/site-packages/airflow/example_dags/example_python_operator.py for tasks to queue
[2026-05-21T12:25:10.294+0000] {logging_mixin.py:188} INFO - [2026-05-21T12:25:10.293+0000] {dagbag.py:545} INFO - Filling up the DagBag from /home/airflow/.local/lib/python3.12/site-packages/airflow/example_dags/example_python_operator.py
[2026-05-21T12:25:10.314+0000] {processor.py:840} INFO - DAG(s) 'example_python_operator' retrieved from /home/airflow/.local/lib/python3.12/site-packages/airflow/example_dags/example_python_operator.py
[2026-05-21T12:25:10.352+0000] {logging_mixin.py:188} INFO - [2026-05-21T12:25:10.352+0000] {dag.py:3089} INFO - Sync 1 DAGs
[2026-05-21T12:25:10.373+0000] {logging_mixin.py:188} INFO - [2026-05-21T12:25:10.372+0000] {dag.py:3947} INFO - Setting next_dagrun for example_python_operator to None, run_after=None
[2026-05-21T12:25:10.406+0000] {processor.py:183} INFO - Processing /home/airflow/.local/lib/python3.12/site-packages/airflow/example_dags/example_python_operator.py took 0.128 seconds
[2026-05-21T12:25:41.078+0000] {processor.py:161} INFO - Started process (PID=17545) to work on /home/airflow/.local/lib/python3.12/site-packages/airflow/example_dags/example_python_operator.py
[2026-05-21T12:25:41.079+0000] {processor.py:830} INFO - Processing file /home/airflow/.local/lib/python3.12/site-packages/airflow/example_dags/example_python_operator.py for tasks to queue
[2026-05-21T12:25:41.082+0000] {logging_mixin.py:188} INFO - [2026-05-21T12:25:41.082+0000] {dagbag.py:545} INFO - Filling up the DagBag from /home/airflow/.local/lib/python3.12/site-packages/airflow/example_dags/example_python_operator.py
[2026-05-21T12:25:41.097+0000] {processor.py:840} INFO - DAG(s) 'example_python_operator' retrieved from /home/airflow/.local/lib/python3.12/site-packages/airflow/example_dags/example_python_operator.py
[2026-05-21T12:25:41.129+0000] {logging_mixin.py:188} INFO - [2026-05-21T12:25:41.128+0000] {dag.py:3089} INFO - Sync 1 DAGs
[2026-05-21T12:25:41.145+0000] {logging_mixin.py:188} INFO - [2026-05-21T12:25:41.145+0000] {dag.py:3947} INFO - Setting next_dagrun for example_python_operator to None, run_after=None
[2026-05-21T12:25:41.174+0000] {processor.py:183} INFO - Processing /home/airflow/.local/lib/python3.12/site-packages/airflow/example_dags/example_python_operator.py took 0.104 seconds
[2026-05-21T12:26:11.966+0000] {processor.py:161} INFO - Started process (PID=17606) to work on /home/airflow/.local/lib/python3.12/site-packages/airflow/example_dags/example_python_operator.py
[2026-05-21T12:26:11.967+0000] {processor.py:830} INFO - Processing file /home/airflow/.local/lib/python3.12/site-packages/airflow/example_dags/example_python_operator.py for tasks to queue
[2026-05-21T12:26:11.970+0000] {logging_mixin.py:188} INFO - [2026-05-21T12:26:11.970+0000] {dagbag.py:545} INFO - Filling up the DagBag from /home/airflow/.local/lib/python3.12/site-packages/airflow/example_dags/example_python_operator.py
[2026-05-21T12:26:11.985+0000] {processor.py:840} INFO - DAG(s) 'example_python_operator' retrieved from /home/airflow/.local/lib/python3.12/site-packages/airflow/example_dags/example_python_operator.py
[2026-05-21T12:26:12.020+0000] {logging_mixin.py:188} INFO - [2026-05-21T12:26:12.019+0000] {dag.py:3089} INFO - Sync 1 DAGs
[2026-05-21T12:26:12.038+0000] {logging_mixin.py:188} INFO - [2026-05-21T12:26:12.038+0000] {dag.py:3947} INFO - Setting next_dagrun for example_python_operator to None, run_after=None
[2026-05-21T12:26:12.069+0000] {processor.py:183} INFO - Processing /home/airflow/.local/lib/python3.12/site-packages/airflow/example_dags/example_python_operator.py took 0.111 seconds
[2026-05-21T12:26:42.736+0000] {processor.py:161} INFO - Started process (PID=17666) to work on /home/airflow/.local/lib/python3.12/site-packages/airflow/example_dags/example_python_operator.py
[2026-05-21T12:26:42.738+0000] {processor.py:830} INFO - Processing file /home/airflow/.local/lib/python3.12/site-packages/airflow/example_dags/example_python_operator.py for tasks to queue
[2026-05-21T12:26:42.742+0000] {logging_mixin.py:188} INFO - [2026-05-21T12:26:42.741+0000] {dagbag.py:545} INFO - Filling up the DagBag from /home/airflow/.local/lib/python3.12/site-packages/airflow/example_dags/example_python_operator.py
[2026-05-21T12:26:42.760+0000] {processor.py:840} INFO - DAG(s) 'example_python_operator' retrieved from /home/airflow/.local/lib/python3.12/site-packages/airflow/example_dags/example_python_operator.py
[2026-05-21T12:26:42.805+0000] {logging_mixin.py:188} INFO - [2026-05-21T12:26:42.804+0000] {dag.py:3089} INFO - Sync 1 DAGs
[2026-05-21T12:26:42.823+0000] {logging_mixin.py:188} INFO - [2026-05-21T12:26:42.823+0000] {dag.py:3947} INFO - Setting next_dagrun for example_python_operator to None, run_after=None
[2026-05-21T12:26:42.854+0000] {processor.py:183} INFO - Processing /home/airflow/.local/lib/python3.12/site-packages/airflow/example_dags/example_python_operator.py took 0.128 seconds
[2026-05-21T12:27:13.032+0000] {processor.py:161} INFO - Started process (PID=17726) to work on /home/airflow/.local/lib/python3.12/site-packages/airflow/example_dags/example_python_operator.py
[2026-05-21T12:27:13.034+0000] {processor.py:830} INFO - Processing file /home/airflow/.local/lib/python3.12/site-packages/airflow/example_dags/example_python_operator.py for tasks to queue
[2026-05-21T12:27:13.038+0000] {logging_mixin.py:188} INFO - [2026-05-21T12:27:13.038+0000] {dagbag.py:545} INFO - Filling up the DagBag from /home/airflow/.local/lib/python3.12/site-packages/airflow/example_dags/example_python_operator.py
[2026-05-21T12:27:13.062+0000] {processor.py:840} INFO - DAG(s) 'example_python_operator' retrieved from /home/airflow/.local/lib/python3.12/site-packages/airflow/example_dags/example_python_operator.py
[2026-05-21T12:27:13.101+0000] {logging_mixin.py:188} INFO - [2026-05-21T12:27:13.100+0000] {dag.py:3089} INFO - Sync 1 DAGs
[2026-05-21T12:27:13.122+0000] {logging_mixin.py:188} INFO - [2026-05-21T12:27:13.121+0000] {dag.py:3947} INFO - Setting next_dagrun for example_python_operator to None, run_after=None
[2026-05-21T12:27:13.225+0000] {processor.py:183} INFO - Processing /home/airflow/.local/lib/python3.12/site-packages/airflow/example_dags/example_python_operator.py took 0.202 seconds
[2026-05-21T12:27:43.583+0000] {processor.py:161} INFO - Started process (PID=17786) to work on /home/airflow/.local/lib/python3.12/site-packages/airflow/example_dags/example_python_operator.py
[2026-05-21T12:27:43.586+0000] {processor.py:830} INFO - Processing file /home/airflow/.local/lib/python3.12/site-packages/airflow/example_dags/example_python_operator.py for tasks to queue
[2026-05-21T12:27:43.591+0000] {logging_mixin.py:188} INFO - [2026-05-21T12:27:43.590+0000] {dagbag.py:545} INFO - Filling up the DagBag from /home/airflow/.local/lib/python3.12/site-packages/airflow/example_dags/example_python_operator.py
[2026-05-21T12:27:43.609+0000] {processor.py:840} INFO - DAG(s) 'example_python_operator' retrieved from /home/airflow/.local/lib/python3.12/site-packages/airflow/example_dags/example_python_operator.py
[2026-05-21T12:27:43.643+0000] {logging_mixin.py:188} INFO - [2026-05-21T12:27:43.643+0000] {dag.py:3089} INFO - Sync 1 DAGs
[2026-05-21T12:27:43.662+0000] {logging_mixin.py:188} INFO - [2026-05-21T12:27:43.662+0000] {dag.py:3947} INFO - Setting next_dagrun for example_python_operator to None, run_after=None
[2026-05-21T12:27:43.698+0000] {processor.py:183} INFO - Processing /home/airflow/.local/lib/python3.12/site-packages/airflow/example_dags/example_python_operator.py took 0.126 seconds
[2026-05-21T12:28:14.592+0000] {processor.py:161} INFO - Started process (PID=17846) to work on /home/airflow/.local/lib/python3.12/site-packages/airflow/example_dags/example_python_operator.py
[2026-05-21T12:28:14.594+0000] {processor.py:830} INFO - Processing file /home/airflow/.local/lib/python3.12/site-packages/airflow/example_dags/example_python_operator.py for tasks to queue
[2026-05-21T12:28:14.597+0000] {logging_mixin.py:188} INFO - [2026-05-21T12:28:14.596+0000] {dagbag.py:545} INFO - Filling up the DagBag from /home/airflow/.local/lib/python3.12/site-packages/airflow/example_dags/example_python_operator.py
[2026-05-21T12:28:14.611+0000] {processor.py:840} INFO - DAG(s) 'example_python_operator' retrieved from /home/airflow/.local/lib/python3.12/site-packages/airflow/example_dags/example_python_operator.py
[2026-05-21T12:28:14.652+0000] {logging_mixin.py:188} INFO - [2026-05-21T12:28:14.652+0000] {dag.py:3089} INFO - Sync 1 DAGs
[2026-05-21T12:28:14.675+0000] {logging_mixin.py:188} INFO - [2026-05-21T12:28:14.675+0000] {dag.py:3947} INFO - Setting next_dagrun for example_python_operator to None, run_after=None
[2026-05-21T12:28:14.712+0000] {processor.py:183} INFO - Processing /home/airflow/.local/lib/python3.12/site-packages/airflow/example_dags/example_python_operator.py took 0.128 seconds
[2026-05-21T12:28:45.052+0000] {processor.py:161} INFO - Started process (PID=17906) to work on /home/airflow/.local/lib/python3.12/site-packages/airflow/example_dags/example_python_operator.py
[2026-05-21T12:28:45.054+0000] {processor.py:830} INFO - Processing file /home/airflow/.local/lib/python3.12/site-packages/airflow/example_dags/example_python_operator.py for tasks to queue
[2026-05-21T12:28:45.059+0000] {logging_mixin.py:188} INFO - [2026-05-21T12:28:45.058+0000] {dagbag.py:545} INFO - Filling up the DagBag from /home/airflow/.local/lib/python3.12/site-packages/airflow/example_dags/example_python_operator.py
[2026-05-21T12:28:45.086+0000] {processor.py:840} INFO - DAG(s) 'example_python_operator' retrieved from /home/airflow/.local/lib/python3.12/site-packages/airflow/example_dags/example_python_operator.py
[2026-05-21T12:28:45.163+0000] {logging_mixin.py:188} INFO - [2026-05-21T12:28:45.163+0000] {dag.py:3089} INFO - Sync 1 DAGs
[2026-05-21T12:28:45.193+0000] {logging_mixin.py:188} INFO - [2026-05-21T12:28:45.193+0000] {dag.py:3947} INFO - Setting next_dagrun for example_python_operator to None, run_after=None
[2026-05-21T12:28:45.242+0000] {processor.py:183} INFO - Processing /home/airflow/.local/lib/python3.12/site-packages/airflow/example_dags/example_python_operator.py took 0.205 seconds
[2026-05-21T12:29:15.340+0000] {processor.py:161} INFO - Started process (PID=17966) to work on /home/airflow/.local/lib/python3.12/site-packages/airflow/example_dags/example_python_operator.py
[2026-05-21T12:29:15.341+0000] {processor.py:830} INFO - Processing file /home/airflow/.local/lib/python3.12/site-packages/airflow/example_dags/example_python_operator.py for tasks to queue
[2026-05-21T12:29:15.344+0000] {logging_mixin.py:188} INFO - [2026-05-21T12:29:15.344+0000] {dagbag.py:545} INFO - Filling up the DagBag from /home/airflow/.local/lib/python3.12/site-packages/airflow/example_dags/example_python_operator.py
[2026-05-21T12:29:15.359+0000] {processor.py:840} INFO - DAG(s) 'example_python_operator' retrieved from /home/airflow/.local/lib/python3.12/site-packages/airflow/example_dags/example_python_operator.py
[2026-05-21T12:29:15.392+0000] {logging_mixin.py:188} INFO - [2026-05-21T12:29:15.392+0000] {dag.py:3089} INFO - Sync 1 DAGs
[2026-05-21T12:29:15.411+0000] {logging_mixin.py:188} INFO - [2026-05-21T12:29:15.410+0000] {dag.py:3947} INFO - Setting next_dagrun for example_python_operator to None, run_after=None
[2026-05-21T12:29:15.438+0000] {processor.py:183} INFO - Processing /home/airflow/.local/lib/python3.12/site-packages/airflow/example_dags/example_python_operator.py took 0.108 seconds
[2026-05-21T12:29:45.704+0000] {processor.py:161} INFO - Started process (PID=18026) to work on /home/airflow/.local/lib/python3.12/site-packages/airflow/example_dags/example_python_operator.py
[2026-05-21T12:29:45.707+0000] {processor.py:830} INFO - Processing file /home/airflow/.local/lib/python3.12/site-packages/airflow/example_dags/example_python_operator.py for tasks to queue
[2026-05-21T12:29:45.710+0000] {logging_mixin.py:188} INFO - [2026-05-21T12:29:45.709+0000] {dagbag.py:545} INFO - Filling up the DagBag from /home/airflow/.local/lib/python3.12/site-packages/airflow/example_dags/example_python_operator.py
[2026-05-21T12:29:45.736+0000] {processor.py:840} INFO - DAG(s) 'example_python_operator' retrieved from /home/airflow/.local/lib/python3.12/site-packages/airflow/example_dags/example_python_operator.py
[2026-05-21T12:29:45.780+0000] {logging_mixin.py:188} INFO - [2026-05-21T12:29:45.780+0000] {dag.py:3089} INFO - Sync 1 DAGs
[2026-05-21T12:29:45.806+0000] {logging_mixin.py:188} INFO - [2026-05-21T12:29:45.805+0000] {dag.py:3947} INFO - Setting next_dagrun for example_python_operator to None, run_after=None
[2026-05-21T12:29:45.835+0000] {processor.py:183} INFO - Processing /home/airflow/.local/lib/python3.12/site-packages/airflow/example_dags/example_python_operator.py took 0.141 seconds
[2026-05-21T12:30:15.944+0000] {processor.py:161} INFO - Started process (PID=18086) to work on /home/airflow/.local/lib/python3.12/site-packages/airflow/example_dags/example_python_operator.py
[2026-05-21T12:30:15.945+0000] {processor.py:830} INFO - Processing file /home/airflow/.local/lib/python3.12/site-packages/airflow/example_dags/example_python_operator.py for tasks to queue
[2026-05-21T12:30:15.949+0000] {logging_mixin.py:188} INFO - [2026-05-21T12:30:15.948+0000] {dagbag.py:545} INFO - Filling up the DagBag from /home/airflow/.local/lib/python3.12/site-packages/airflow/example_dags/example_python_operator.py
[2026-05-21T12:30:15.970+0000] {processor.py:840} INFO - DAG(s) 'example_python_operator' retrieved from /home/airflow/.local/lib/python3.12/site-packages/airflow/example_dags/example_python_operator.py
[2026-05-21T12:30:16.006+0000] {logging_mixin.py:188} INFO - [2026-05-21T12:30:16.006+0000] {dag.py:3089} INFO - Sync 1 DAGs
[2026-05-21T12:30:16.026+0000] {logging_mixin.py:188} INFO - [2026-05-21T12:30:16.025+0000] {dag.py:3947} INFO - Setting next_dagrun for example_python_operator to None, run_after=None
[2026-05-21T12:30:16.058+0000] {processor.py:183} INFO - Processing /home/airflow/.local/lib/python3.12/site-packages/airflow/example_dags/example_python_operator.py took 0.126 seconds
[2026-05-21T12:30:46.531+0000] {processor.py:161} INFO - Started process (PID=18146) to work on /home/airflow/.local/lib/python3.12/site-packages/airflow/example_dags/example_python_operator.py
[2026-05-21T12:30:46.532+0000] {processor.py:830} INFO - Processing file /home/airflow/.local/lib/python3.12/site-packages/airflow/example_dags/example_python_operator.py for tasks to queue
[2026-05-21T12:30:46.536+0000] {logging_mixin.py:188} INFO - [2026-05-21T12:30:46.536+0000] {dagbag.py:545} INFO - Filling up the DagBag from /home/airflow/.local/lib/python3.12/site-packages/airflow/example_dags/example_python_operator.py
[2026-05-21T12:30:46.553+0000] {processor.py:840} INFO - DAG(s) 'example_python_operator' retrieved from /home/airflow/.local/lib/python3.12/site-packages/airflow/example_dags/example_python_operator.py
[2026-05-21T12:30:46.592+0000] {logging_mixin.py:188} INFO - [2026-05-21T12:30:46.592+0000] {dag.py:3089} INFO - Sync 1 DAGs
[2026-05-21T12:30:46.612+0000] {logging_mixin.py:188} INFO - [2026-05-21T12:30:46.612+0000] {dag.py:3947} INFO - Setting next_dagrun for example_python_operator to None, run_after=None
[2026-05-21T12:30:46.645+0000] {processor.py:183} INFO - Processing /home/airflow/.local/lib/python3.12/site-packages/airflow/example_dags/example_python_operator.py took 0.122 seconds
[2026-05-21T12:31:16.828+0000] {processor.py:161} INFO - Started process (PID=18205) to work on /home/airflow/.local/lib/python3.12/site-packages/airflow/example_dags/example_python_operator.py
[2026-05-21T12:31:16.829+0000] {processor.py:830} INFO - Processing file /home/airflow/.local/lib/python3.12/site-packages/airflow/example_dags/example_python_operator.py for tasks to queue
[2026-05-21T12:31:16.832+0000] {logging_mixin.py:188} INFO - [2026-05-21T12:31:16.832+0000] {dagbag.py:545} INFO - Filling up the DagBag from /home/airflow/.local/lib/python3.12/site-packages/airflow/example_dags/example_python_operator.py
[2026-05-21T12:31:16.850+0000] {processor.py:840} INFO - DAG(s) 'example_python_operator' retrieved from /home/airflow/.local/lib/python3.12/site-packages/airflow/example_dags/example_python_operator.py
[2026-05-21T12:31:16.882+0000] {logging_mixin.py:188} INFO - [2026-05-21T12:31:16.881+0000] {dag.py:3089} INFO - Sync 1 DAGs
[2026-05-21T12:31:16.900+0000] {logging_mixin.py:188} INFO - [2026-05-21T12:31:16.900+0000] {dag.py:3947} INFO - Setting next_dagrun for example_python_operator to None, run_after=None
[2026-05-21T12:31:16.928+0000] {processor.py:183} INFO - Processing /home/airflow/.local/lib/python3.12/site-packages/airflow/example_dags/example_python_operator.py took 0.109 seconds
[2026-05-21T12:31:47.009+0000] {processor.py:161} INFO - Started process (PID=18263) to work on /home/airflow/.local/lib/python3.12/site-packages/airflow/example_dags/example_python_operator.py
[2026-05-21T12:31:47.010+0000] {processor.py:830} INFO - Processing file /home/airflow/.local/lib/python3.12/site-packages/airflow/example_dags/example_python_operator.py for tasks to queue
[2026-05-21T12:31:47.014+0000] {logging_mixin.py:188} INFO - [2026-05-21T12:31:47.013+0000] {dagbag.py:545} INFO - Filling up the DagBag from /home/airflow/.local/lib/python3.12/site-packages/airflow/example_dags/example_python_operator.py
[2026-05-21T12:31:47.030+0000] {processor.py:840} INFO - DAG(s) 'example_python_operator' retrieved from /home/airflow/.local/lib/python3.12/site-packages/airflow/example_dags/example_python_operator.py
[2026-05-21T12:31:47.063+0000] {logging_mixin.py:188} INFO - [2026-05-21T12:31:47.063+0000] {dag.py:3089} INFO - Sync 1 DAGs
[2026-05-21T12:31:47.081+0000] {logging_mixin.py:188} INFO - [2026-05-21T12:31:47.081+0000] {dag.py:3947} INFO - Setting next_dagrun for example_python_operator to None, run_after=None
[2026-05-21T12:31:47.110+0000] {processor.py:183} INFO - Processing /home/airflow/.local/lib/python3.12/site-packages/airflow/example_dags/example_python_operator.py took 0.111 seconds
[2026-05-21T12:32:17.705+0000] {processor.py:161} INFO - Started process (PID=18322) to work on /home/airflow/.local/lib/python3.12/site-packages/airflow/example_dags/example_python_operator.py
[2026-05-21T12:32:17.707+0000] {processor.py:830} INFO - Processing file /home/airflow/.local/lib/python3.12/site-packages/airflow/example_dags/example_python_operator.py for tasks to queue
[2026-05-21T12:32:17.711+0000] {logging_mixin.py:188} INFO - [2026-05-21T12:32:17.711+0000] {dagbag.py:545} INFO - Filling up the DagBag from /home/airflow/.local/lib/python3.12/site-packages/airflow/example_dags/example_python_operator.py
[2026-05-21T12:32:17.731+0000] {processor.py:840} INFO - DAG(s) 'example_python_operator' retrieved from /home/airflow/.local/lib/python3.12/site-packages/airflow/example_dags/example_python_operator.py
[2026-05-21T12:32:17.765+0000] {logging_mixin.py:188} INFO - [2026-05-21T12:32:17.765+0000] {dag.py:3089} INFO - Sync 1 DAGs
[2026-05-21T12:32:17.785+0000] {logging_mixin.py:188} INFO - [2026-05-21T12:32:17.784+0000] {dag.py:3947} INFO - Setting next_dagrun for example_python_operator to None, run_after=None
[2026-05-21T12:32:17.814+0000] {processor.py:183} INFO - Processing /home/airflow/.local/lib/python3.12/site-packages/airflow/example_dags/example_python_operator.py took 0.118 seconds
[2026-05-21T12:32:48.176+0000] {processor.py:161} INFO - Started process (PID=18382) to work on /home/airflow/.local/lib/python3.12/site-packages/airflow/example_dags/example_python_operator.py
[2026-05-21T12:32:48.178+0000] {processor.py:830} INFO - Processing file /home/airflow/.local/lib/python3.12/site-packages/airflow/example_dags/example_python_operator.py for tasks to queue
[2026-05-21T12:32:48.181+0000] {logging_mixin.py:188} INFO - [2026-05-21T12:32:48.181+0000] {dagbag.py:545} INFO - Filling up the DagBag from /home/airflow/.local/lib/python3.12/site-packages/airflow/example_dags/example_python_operator.py
[2026-05-21T12:32:48.196+0000] {processor.py:840} INFO - DAG(s) 'example_python_operator' retrieved from /home/airflow/.local/lib/python3.12/site-packages/airflow/example_dags/example_python_operator.py
[2026-05-21T12:32:48.229+0000] {logging_mixin.py:188} INFO - [2026-05-21T12:32:48.228+0000] {dag.py:3089} INFO - Sync 1 DAGs
[2026-05-21T12:32:48.251+0000] {logging_mixin.py:188} INFO - [2026-05-21T12:32:48.251+0000] {dag.py:3947} INFO - Setting next_dagrun for example_python_operator to None, run_after=None
[2026-05-21T12:32:48.285+0000] {processor.py:183} INFO - Processing /home/airflow/.local/lib/python3.12/site-packages/airflow/example_dags/example_python_operator.py took 0.117 seconds
[2026-05-21T12:33:19.099+0000] {processor.py:161} INFO - Started process (PID=18442) to work on /home/airflow/.local/lib/python3.12/site-packages/airflow/example_dags/example_python_operator.py
[2026-05-21T12:33:19.100+0000] {processor.py:830} INFO - Processing file /home/airflow/.local/lib/python3.12/site-packages/airflow/example_dags/example_python_operator.py for tasks to queue
[2026-05-21T12:33:19.103+0000] {logging_mixin.py:188} INFO - [2026-05-21T12:33:19.103+0000] {dagbag.py:545} INFO - Filling up the DagBag from /home/airflow/.local/lib/python3.12/site-packages/airflow/example_dags/example_python_operator.py
[2026-05-21T12:33:19.120+0000] {processor.py:840} INFO - DAG(s) 'example_python_operator' retrieved from /home/airflow/.local/lib/python3.12/site-packages/airflow/example_dags/example_python_operator.py
[2026-05-21T12:33:19.152+0000] {logging_mixin.py:188} INFO - [2026-05-21T12:33:19.152+0000] {dag.py:3089} INFO - Sync 1 DAGs
[2026-05-21T12:33:19.176+0000] {logging_mixin.py:188} INFO - [2026-05-21T12:33:19.175+0000] {dag.py:3947} INFO - Setting next_dagrun for example_python_operator to None, run_after=None
[2026-05-21T12:33:19.207+0000] {processor.py:183} INFO - Processing /home/airflow/.local/lib/python3.12/site-packages/airflow/example_dags/example_python_operator.py took 0.118 seconds
[2026-05-21T12:33:50.006+0000] {processor.py:161} INFO - Started process (PID=18502) to work on /home/airflow/.local/lib/python3.12/site-packages/airflow/example_dags/example_python_operator.py
[2026-05-21T12:33:50.008+0000] {processor.py:830} INFO - Processing file /home/airflow/.local/lib/python3.12/site-packages/airflow/example_dags/example_python_operator.py for tasks to queue
[2026-05-21T12:33:50.011+0000] {logging_mixin.py:188} INFO - [2026-05-21T12:33:50.010+0000] {dagbag.py:545} INFO - Filling up the DagBag from /home/airflow/.local/lib/python3.12/site-packages/airflow/example_dags/example_python_operator.py
[2026-05-21T12:33:50.025+0000] {processor.py:840} INFO - DAG(s) 'example_python_operator' retrieved from /home/airflow/.local/lib/python3.12/site-packages/airflow/example_dags/example_python_operator.py
[2026-05-21T12:33:50.057+0000] {logging_mixin.py:188} INFO - [2026-05-21T12:33:50.056+0000] {dag.py:3089} INFO - Sync 1 DAGs
[2026-05-21T12:33:50.074+0000] {logging_mixin.py:188} INFO - [2026-05-21T12:33:50.074+0000] {dag.py:3947} INFO - Setting next_dagrun for example_python_operator to None, run_after=None
[2026-05-21T12:33:50.103+0000] {processor.py:183} INFO - Processing /home/airflow/.local/lib/python3.12/site-packages/airflow/example_dags/example_python_operator.py took 0.105 seconds
[2026-05-21T12:34:20.728+0000] {processor.py:161} INFO - Started process (PID=18563) to work on /home/airflow/.local/lib/python3.12/site-packages/airflow/example_dags/example_python_operator.py
[2026-05-21T12:34:20.730+0000] {processor.py:830} INFO - Processing file /home/airflow/.local/lib/python3.12/site-packages/airflow/example_dags/example_python_operator.py for tasks to queue
[2026-05-21T12:34:20.733+0000] {logging_mixin.py:188} INFO - [2026-05-21T12:34:20.732+0000] {dagbag.py:545} INFO - Filling up the DagBag from /home/airflow/.local/lib/python3.12/site-packages/airflow/example_dags/example_python_operator.py
[2026-05-21T12:34:20.748+0000] {processor.py:840} INFO - DAG(s) 'example_python_operator' retrieved from /home/airflow/.local/lib/python3.12/site-packages/airflow/example_dags/example_python_operator.py
[2026-05-21T12:34:20.780+0000] {logging_mixin.py:188} INFO - [2026-05-21T12:34:20.779+0000] {dag.py:3089} INFO - Sync 1 DAGs
[2026-05-21T12:34:20.797+0000] {logging_mixin.py:188} INFO - [2026-05-21T12:34:20.797+0000] {dag.py:3947} INFO - Setting next_dagrun for example_python_operator to None, run_after=None
[2026-05-21T12:34:20.824+0000] {processor.py:183} INFO - Processing /home/airflow/.local/lib/python3.12/site-packages/airflow/example_dags/example_python_operator.py took 0.105 seconds
[2026-05-21T12:34:50.943+0000] {processor.py:161} INFO - Started process (PID=18623) to work on /home/airflow/.local/lib/python3.12/site-packages/airflow/example_dags/example_python_operator.py
[2026-05-21T12:34:50.945+0000] {processor.py:830} INFO - Processing file /home/airflow/.local/lib/python3.12/site-packages/airflow/example_dags/example_python_operator.py for tasks to queue
[2026-05-21T12:34:50.948+0000] {logging_mixin.py:188} INFO - [2026-05-21T12:34:50.947+0000] {dagbag.py:545} INFO - Filling up the DagBag from /home/airflow/.local/lib/python3.12/site-packages/airflow/example_dags/example_python_operator.py
[2026-05-21T12:34:50.964+0000] {processor.py:840} INFO - DAG(s) 'example_python_operator' retrieved from /home/airflow/.local/lib/python3.12/site-packages/airflow/example_dags/example_python_operator.py
[2026-05-21T12:34:50.997+0000] {logging_mixin.py:188} INFO - [2026-05-21T12:34:50.996+0000] {dag.py:3089} INFO - Sync 1 DAGs
[2026-05-21T12:34:51.014+0000] {logging_mixin.py:188} INFO - [2026-05-21T12:34:51.014+0000] {dag.py:3947} INFO - Setting next_dagrun for example_python_operator to None, run_after=None
[2026-05-21T12:34:51.043+0000] {processor.py:183} INFO - Processing /home/airflow/.local/lib/python3.12/site-packages/airflow/example_dags/example_python_operator.py took 0.109 seconds
[2026-05-21T12:35:21.472+0000] {processor.py:161} INFO - Started process (PID=18683) to work on /home/airflow/.local/lib/python3.12/site-packages/airflow/example_dags/example_python_operator.py
[2026-05-21T12:35:21.474+0000] {processor.py:830} INFO - Processing file /home/airflow/.local/lib/python3.12/site-packages/airflow/example_dags/example_python_operator.py for tasks to queue
[2026-05-21T12:35:21.479+0000] {logging_mixin.py:188} INFO - [2026-05-21T12:35:21.478+0000] {dagbag.py:545} INFO - Filling up the DagBag from /home/airflow/.local/lib/python3.12/site-packages/airflow/example_dags/example_python_operator.py
[2026-05-21T12:35:21.495+0000] {processor.py:840} INFO - DAG(s) 'example_python_operator' retrieved from /home/airflow/.local/lib/python3.12/site-packages/airflow/example_dags/example_python_operator.py
[2026-05-21T12:35:21.527+0000] {logging_mixin.py:188} INFO - [2026-05-21T12:35:21.527+0000] {dag.py:3089} INFO - Sync 1 DAGs
[2026-05-21T12:35:21.546+0000] {logging_mixin.py:188} INFO - [2026-05-21T12:35:21.546+0000] {dag.py:3947} INFO - Setting next_dagrun for example_python_operator to None, run_after=None
[2026-05-21T12:35:21.573+0000] {processor.py:183} INFO - Processing /home/airflow/.local/lib/python3.12/site-packages/airflow/example_dags/example_python_operator.py took 0.111 seconds
[2026-05-21T12:35:51.966+0000] {processor.py:161} INFO - Started process (PID=18742) to work on /home/airflow/.local/lib/python3.12/site-packages/airflow/example_dags/example_python_operator.py
[2026-05-21T12:35:51.967+0000] {processor.py:830} INFO - Processing file /home/airflow/.local/lib/python3.12/site-packages/airflow/example_dags/example_python_operator.py for tasks to queue
[2026-05-21T12:35:51.970+0000] {logging_mixin.py:188} INFO - [2026-05-21T12:35:51.970+0000] {dagbag.py:545} INFO - Filling up the DagBag from /home/airflow/.local/lib/python3.12/site-packages/airflow/example_dags/example_python_operator.py
[2026-05-21T12:35:51.986+0000] {processor.py:840} INFO - DAG(s) 'example_python_operator' retrieved from /home/airflow/.local/lib/python3.12/site-packages/airflow/example_dags/example_python_operator.py
[2026-05-21T12:35:52.019+0000] {logging_mixin.py:188} INFO - [2026-05-21T12:35:52.018+0000] {dag.py:3089} INFO - Sync 1 DAGs
[2026-05-21T12:35:52.038+0000] {logging_mixin.py:188} INFO - [2026-05-21T12:35:52.038+0000] {dag.py:3947} INFO - Setting next_dagrun for example_python_operator to None, run_after=None
[2026-05-21T12:35:52.067+0000] {processor.py:183} INFO - Processing /home/airflow/.local/lib/python3.12/site-packages/airflow/example_dags/example_python_operator.py took 0.110 seconds
[2026-05-21T12:36:22.394+0000] {processor.py:161} INFO - Started process (PID=18802) to work on /home/airflow/.local/lib/python3.12/site-packages/airflow/example_dags/example_python_operator.py
[2026-05-21T12:36:22.396+0000] {processor.py:830} INFO - Processing file /home/airflow/.local/lib/python3.12/site-packages/airflow/example_dags/example_python_operator.py for tasks to queue
[2026-05-21T12:36:22.399+0000] {logging_mixin.py:188} INFO - [2026-05-21T12:36:22.399+0000] {dagbag.py:545} INFO - Filling up the DagBag from /home/airflow/.local/lib/python3.12/site-packages/airflow/example_dags/example_python_operator.py
[2026-05-21T12:36:22.414+0000] {processor.py:840} INFO - DAG(s) 'example_python_operator' retrieved from /home/airflow/.local/lib/python3.12/site-packages/airflow/example_dags/example_python_operator.py
[2026-05-21T12:36:22.449+0000] {logging_mixin.py:188} INFO - [2026-05-21T12:36:22.448+0000] {dag.py:3089} INFO - Sync 1 DAGs
[2026-05-21T12:36:22.470+0000] {logging_mixin.py:188} INFO - [2026-05-21T12:36:22.469+0000] {dag.py:3947} INFO - Setting next_dagrun for example_python_operator to None, run_after=None
[2026-05-21T12:36:22.499+0000] {processor.py:183} INFO - Processing /home/airflow/.local/lib/python3.12/site-packages/airflow/example_dags/example_python_operator.py took 0.113 seconds
[2026-05-21T12:36:52.912+0000] {processor.py:161} INFO - Started process (PID=18862) to work on /home/airflow/.local/lib/python3.12/site-packages/airflow/example_dags/example_python_operator.py
[2026-05-21T12:36:52.914+0000] {processor.py:830} INFO - Processing file /home/airflow/.local/lib/python3.12/site-packages/airflow/example_dags/example_python_operator.py for tasks to queue
[2026-05-21T12:36:52.917+0000] {logging_mixin.py:188} INFO - [2026-05-21T12:36:52.917+0000] {dagbag.py:545} INFO - Filling up the DagBag from /home/airflow/.local/lib/python3.12/site-packages/airflow/example_dags/example_python_operator.py
[2026-05-21T12:36:52.937+0000] {processor.py:840} INFO - DAG(s) 'example_python_operator' retrieved from /home/airflow/.local/lib/python3.12/site-packages/airflow/example_dags/example_python_operator.py
[2026-05-21T12:36:52.977+0000] {logging_mixin.py:188} INFO - [2026-05-21T12:36:52.977+0000] {dag.py:3089} INFO - Sync 1 DAGs
[2026-05-21T12:36:53.001+0000] {logging_mixin.py:188} INFO - [2026-05-21T12:36:53.000+0000] {dag.py:3947} INFO - Setting next_dagrun for example_python_operator to None, run_after=None
[2026-05-21T12:36:53.028+0000] {processor.py:183} INFO - Processing /home/airflow/.local/lib/python3.12/site-packages/airflow/example_dags/example_python_operator.py took 0.126 seconds
[2026-05-21T12:37:23.288+0000] {processor.py:161} INFO - Started process (PID=18922) to work on /home/airflow/.local/lib/python3.12/site-packages/airflow/example_dags/example_python_operator.py
[2026-05-21T12:37:23.290+0000] {processor.py:830} INFO - Processing file /home/airflow/.local/lib/python3.12/site-packages/airflow/example_dags/example_python_operator.py for tasks to queue
[2026-05-21T12:37:23.295+0000] {logging_mixin.py:188} INFO - [2026-05-21T12:37:23.294+0000] {dagbag.py:545} INFO - Filling up the DagBag from /home/airflow/.local/lib/python3.12/site-packages/airflow/example_dags/example_python_operator.py
[2026-05-21T12:37:23.314+0000] {processor.py:840} INFO - DAG(s) 'example_python_operator' retrieved from /home/airflow/.local/lib/python3.12/site-packages/airflow/example_dags/example_python_operator.py
[2026-05-21T12:37:23.348+0000] {logging_mixin.py:188} INFO - [2026-05-21T12:37:23.347+0000] {dag.py:3089} INFO - Sync 1 DAGs
[2026-05-21T12:37:23.366+0000] {logging_mixin.py:188} INFO - [2026-05-21T12:37:23.366+0000] {dag.py:3947} INFO - Setting next_dagrun for example_python_operator to None, run_after=None
[2026-05-21T12:37:23.395+0000] {processor.py:183} INFO - Processing /home/airflow/.local/lib/python3.12/site-packages/airflow/example_dags/example_python_operator.py took 0.122 seconds
[2026-05-21T12:37:53.483+0000] {processor.py:161} INFO - Started process (PID=18982) to work on /home/airflow/.local/lib/python3.12/site-packages/airflow/example_dags/example_python_operator.py
[2026-05-21T12:37:53.484+0000] {processor.py:830} INFO - Processing file /home/airflow/.local/lib/python3.12/site-packages/airflow/example_dags/example_python_operator.py for tasks to queue
[2026-05-21T12:37:53.487+0000] {logging_mixin.py:188} INFO - [2026-05-21T12:37:53.487+0000] {dagbag.py:545} INFO - Filling up the DagBag from /home/airflow/.local/lib/python3.12/site-packages/airflow/example_dags/example_python_operator.py
[2026-05-21T12:37:53.505+0000] {processor.py:840} INFO - DAG(s) 'example_python_operator' retrieved from /home/airflow/.local/lib/python3.12/site-packages/airflow/example_dags/example_python_operator.py
[2026-05-21T12:37:53.537+0000] {logging_mixin.py:188} INFO - [2026-05-21T12:37:53.537+0000] {dag.py:3089} INFO - Sync 1 DAGs
[2026-05-21T12:37:53.554+0000] {logging_mixin.py:188} INFO - [2026-05-21T12:37:53.554+0000] {dag.py:3947} INFO - Setting next_dagrun for example_python_operator to None, run_after=None
[2026-05-21T12:37:53.584+0000] {processor.py:183} INFO - Processing /home/airflow/.local/lib/python3.12/site-packages/airflow/example_dags/example_python_operator.py took 0.111 seconds
[2026-05-21T12:38:23.747+0000] {processor.py:161} INFO - Started process (PID=19042) to work on /home/airflow/.local/lib/python3.12/site-packages/airflow/example_dags/example_python_operator.py
[2026-05-21T12:38:23.749+0000] {processor.py:830} INFO - Processing file /home/airflow/.local/lib/python3.12/site-packages/airflow/example_dags/example_python_operator.py for tasks to queue
[2026-05-21T12:38:23.752+0000] {logging_mixin.py:188} INFO - [2026-05-21T12:38:23.751+0000] {dagbag.py:545} INFO - Filling up the DagBag from /home/airflow/.local/lib/python3.12/site-packages/airflow/example_dags/example_python_operator.py
[2026-05-21T12:38:23.767+0000] {processor.py:840} INFO - DAG(s) 'example_python_operator' retrieved from /home/airflow/.local/lib/python3.12/site-packages/airflow/example_dags/example_python_operator.py
[2026-05-21T12:38:23.804+0000] {logging_mixin.py:188} INFO - [2026-05-21T12:38:23.803+0000] {dag.py:3089} INFO - Sync 1 DAGs
[2026-05-21T12:38:23.824+0000] {logging_mixin.py:188} INFO - [2026-05-21T12:38:23.823+0000] {dag.py:3947} INFO - Setting next_dagrun for example_python_operator to None, run_after=None
[2026-05-21T12:38:23.856+0000] {processor.py:183} INFO - Processing /home/airflow/.local/lib/python3.12/site-packages/airflow/example_dags/example_python_operator.py took 0.119 seconds
[2026-05-21T12:38:54.167+0000] {processor.py:161} INFO - Started process (PID=19102) to work on /home/airflow/.local/lib/python3.12/site-packages/airflow/example_dags/example_python_operator.py
[2026-05-21T12:38:54.169+0000] {processor.py:830} INFO - Processing file /home/airflow/.local/lib/python3.12/site-packages/airflow/example_dags/example_python_operator.py for tasks to queue
[2026-05-21T12:38:54.173+0000] {logging_mixin.py:188} INFO - [2026-05-21T12:38:54.172+0000] {dagbag.py:545} INFO - Filling up the DagBag from /home/airflow/.local/lib/python3.12/site-packages/airflow/example_dags/example_python_operator.py
[2026-05-21T12:38:54.188+0000] {processor.py:840} INFO - DAG(s) 'example_python_operator' retrieved from /home/airflow/.local/lib/python3.12/site-packages/airflow/example_dags/example_python_operator.py
[2026-05-21T12:38:54.219+0000] {logging_mixin.py:188} INFO - [2026-05-21T12:38:54.218+0000] {dag.py:3089} INFO - Sync 1 DAGs
[2026-05-21T12:38:54.237+0000] {logging_mixin.py:188} INFO - [2026-05-21T12:38:54.237+0000] {dag.py:3947} INFO - Setting next_dagrun for example_python_operator to None, run_after=None
[2026-05-21T12:38:54.267+0000] {processor.py:183} INFO - Processing /home/airflow/.local/lib/python3.12/site-packages/airflow/example_dags/example_python_operator.py took 0.110 seconds
[2026-05-21T12:39:25.236+0000] {processor.py:161} INFO - Started process (PID=19162) to work on /home/airflow/.local/lib/python3.12/site-packages/airflow/example_dags/example_python_operator.py
[2026-05-21T12:39:25.237+0000] {processor.py:830} INFO - Processing file /home/airflow/.local/lib/python3.12/site-packages/airflow/example_dags/example_python_operator.py for tasks to queue
[2026-05-21T12:39:25.240+0000] {logging_mixin.py:188} INFO - [2026-05-21T12:39:25.240+0000] {dagbag.py:545} INFO - Filling up the DagBag from /home/airflow/.local/lib/python3.12/site-packages/airflow/example_dags/example_python_operator.py
[2026-05-21T12:39:25.255+0000] {processor.py:840} INFO - DAG(s) 'example_python_operator' retrieved from /home/airflow/.local/lib/python3.12/site-packages/airflow/example_dags/example_python_operator.py
[2026-05-21T12:39:25.286+0000] {logging_mixin.py:188} INFO - [2026-05-21T12:39:25.286+0000] {dag.py:3089} INFO - Sync 1 DAGs
[2026-05-21T12:39:25.304+0000] {logging_mixin.py:188} INFO - [2026-05-21T12:39:25.304+0000] {dag.py:3947} INFO - Setting next_dagrun for example_python_operator to None, run_after=None
[2026-05-21T12:39:25.333+0000] {processor.py:183} INFO - Processing /home/airflow/.local/lib/python3.12/site-packages/airflow/example_dags/example_python_operator.py took 0.106 seconds
[2026-05-21T12:39:55.825+0000] {processor.py:161} INFO - Started process (PID=19222) to work on /home/airflow/.local/lib/python3.12/site-packages/airflow/example_dags/example_python_operator.py
[2026-05-21T12:39:55.827+0000] {processor.py:830} INFO - Processing file /home/airflow/.local/lib/python3.12/site-packages/airflow/example_dags/example_python_operator.py for tasks to queue
[2026-05-21T12:39:55.831+0000] {logging_mixin.py:188} INFO - [2026-05-21T12:39:55.830+0000] {dagbag.py:545} INFO - Filling up the DagBag from /home/airflow/.local/lib/python3.12/site-packages/airflow/example_dags/example_python_operator.py
[2026-05-21T12:39:55.851+0000] {processor.py:840} INFO - DAG(s) 'example_python_operator' retrieved from /home/airflow/.local/lib/python3.12/site-packages/airflow/example_dags/example_python_operator.py
[2026-05-21T12:39:55.895+0000] {logging_mixin.py:188} INFO - [2026-05-21T12:39:55.894+0000] {dag.py:3089} INFO - Sync 1 DAGs
[2026-05-21T12:39:55.918+0000] {logging_mixin.py:188} INFO - [2026-05-21T12:39:55.918+0000] {dag.py:3947} INFO - Setting next_dagrun for example_python_operator to None, run_after=None
[2026-05-21T12:39:55.953+0000] {processor.py:183} INFO - Processing /home/airflow/.local/lib/python3.12/site-packages/airflow/example_dags/example_python_operator.py took 0.137 seconds
[2026-05-21T12:40:26.285+0000] {processor.py:161} INFO - Started process (PID=19283) to work on /home/airflow/.local/lib/python3.12/site-packages/airflow/example_dags/example_python_operator.py
[2026-05-21T12:40:26.287+0000] {processor.py:830} INFO - Processing file /home/airflow/.local/lib/python3.12/site-packages/airflow/example_dags/example_python_operator.py for tasks to queue
[2026-05-21T12:40:26.290+0000] {logging_mixin.py:188} INFO - [2026-05-21T12:40:26.290+0000] {dagbag.py:545} INFO - Filling up the DagBag from /home/airflow/.local/lib/python3.12/site-packages/airflow/example_dags/example_python_operator.py
[2026-05-21T12:40:26.309+0000] {processor.py:840} INFO - DAG(s) 'example_python_operator' retrieved from /home/airflow/.local/lib/python3.12/site-packages/airflow/example_dags/example_python_operator.py
[2026-05-21T12:40:26.345+0000] {logging_mixin.py:188} INFO - [2026-05-21T12:40:26.344+0000] {dag.py:3089} INFO - Sync 1 DAGs
[2026-05-21T12:40:26.364+0000] {logging_mixin.py:188} INFO - [2026-05-21T12:40:26.363+0000] {dag.py:3947} INFO - Setting next_dagrun for example_python_operator to None, run_after=None
[2026-05-21T12:40:26.395+0000] {processor.py:183} INFO - Processing /home/airflow/.local/lib/python3.12/site-packages/airflow/example_dags/example_python_operator.py took 0.120 seconds
[2026-05-21T12:40:56.712+0000] {processor.py:161} INFO - Started process (PID=19343) to work on /home/airflow/.local/lib/python3.12/site-packages/airflow/example_dags/example_python_operator.py
[2026-05-21T12:40:56.714+0000] {processor.py:830} INFO - Processing file /home/airflow/.local/lib/python3.12/site-packages/airflow/example_dags/example_python_operator.py for tasks to queue
[2026-05-21T12:40:56.717+0000] {logging_mixin.py:188} INFO - [2026-05-21T12:40:56.717+0000] {dagbag.py:545} INFO - Filling up the DagBag from /home/airflow/.local/lib/python3.12/site-packages/airflow/example_dags/example_python_operator.py
[2026-05-21T12:40:56.737+0000] {processor.py:840} INFO - DAG(s) 'example_python_operator' retrieved from /home/airflow/.local/lib/python3.12/site-packages/airflow/example_dags/example_python_operator.py
[2026-05-21T12:40:56.778+0000] {logging_mixin.py:188} INFO - [2026-05-21T12:40:56.777+0000] {dag.py:3089} INFO - Sync 1 DAGs
[2026-05-21T12:40:56.798+0000] {logging_mixin.py:188} INFO - [2026-05-21T12:40:56.797+0000] {dag.py:3947} INFO - Setting next_dagrun for example_python_operator to None, run_after=None
[2026-05-21T12:40:56.829+0000] {processor.py:183} INFO - Processing /home/airflow/.local/lib/python3.12/site-packages/airflow/example_dags/example_python_operator.py took 0.127 seconds
[2026-05-21T12:41:27.003+0000] {processor.py:161} INFO - Started process (PID=19402) to work on /home/airflow/.local/lib/python3.12/site-packages/airflow/example_dags/example_python_operator.py
[2026-05-21T12:41:27.005+0000] {processor.py:830} INFO - Processing file /home/airflow/.local/lib/python3.12/site-packages/airflow/example_dags/example_python_operator.py for tasks to queue
[2026-05-21T12:41:27.008+0000] {logging_mixin.py:188} INFO - [2026-05-21T12:41:27.007+0000] {dagbag.py:545} INFO - Filling up the DagBag from /home/airflow/.local/lib/python3.12/site-packages/airflow/example_dags/example_python_operator.py
[2026-05-21T12:41:27.023+0000] {processor.py:840} INFO - DAG(s) 'example_python_operator' retrieved from /home/airflow/.local/lib/python3.12/site-packages/airflow/example_dags/example_python_operator.py
[2026-05-21T12:41:27.056+0000] {logging_mixin.py:188} INFO - [2026-05-21T12:41:27.055+0000] {dag.py:3089} INFO - Sync 1 DAGs
[2026-05-21T12:41:27.078+0000] {logging_mixin.py:188} INFO - [2026-05-21T12:41:27.077+0000] {dag.py:3947} INFO - Setting next_dagrun for example_python_operator to None, run_after=None
[2026-05-21T12:41:27.108+0000] {processor.py:183} INFO - Processing /home/airflow/.local/lib/python3.12/site-packages/airflow/example_dags/example_python_operator.py took 0.114 seconds
[2026-05-21T12:41:57.244+0000] {processor.py:161} INFO - Started process (PID=19461) to work on /home/airflow/.local/lib/python3.12/site-packages/airflow/example_dags/example_python_operator.py
[2026-05-21T12:41:57.246+0000] {processor.py:830} INFO - Processing file /home/airflow/.local/lib/python3.12/site-packages/airflow/example_dags/example_python_operator.py for tasks to queue
[2026-05-21T12:41:57.250+0000] {logging_mixin.py:188} INFO - [2026-05-21T12:41:57.249+0000] {dagbag.py:545} INFO - Filling up the DagBag from /home/airflow/.local/lib/python3.12/site-packages/airflow/example_dags/example_python_operator.py
[2026-05-21T12:41:57.267+0000] {processor.py:840} INFO - DAG(s) 'example_python_operator' retrieved from /home/airflow/.local/lib/python3.12/site-packages/airflow/example_dags/example_python_operator.py
[2026-05-21T12:41:57.301+0000] {logging_mixin.py:188} INFO - [2026-05-21T12:41:57.301+0000] {dag.py:3089} INFO - Sync 1 DAGs
[2026-05-21T12:41:57.320+0000] {logging_mixin.py:188} INFO - [2026-05-21T12:41:57.320+0000] {dag.py:3947} INFO - Setting next_dagrun for example_python_operator to None, run_after=None
[2026-05-21T12:41:57.363+0000] {processor.py:183} INFO - Processing /home/airflow/.local/lib/python3.12/site-packages/airflow/example_dags/example_python_operator.py took 0.136 seconds
[2026-05-21T12:42:27.518+0000] {processor.py:161} INFO - Started process (PID=19521) to work on /home/airflow/.local/lib/python3.12/site-packages/airflow/example_dags/example_python_operator.py
[2026-05-21T12:42:27.520+0000] {processor.py:830} INFO - Processing file /home/airflow/.local/lib/python3.12/site-packages/airflow/example_dags/example_python_operator.py for tasks to queue
[2026-05-21T12:42:27.524+0000] {logging_mixin.py:188} INFO - [2026-05-21T12:42:27.523+0000] {dagbag.py:545} INFO - Filling up the DagBag from /home/airflow/.local/lib/python3.12/site-packages/airflow/example_dags/example_python_operator.py
[2026-05-21T12:42:27.541+0000] {processor.py:840} INFO - DAG(s) 'example_python_operator' retrieved from /home/airflow/.local/lib/python3.12/site-packages/airflow/example_dags/example_python_operator.py
[2026-05-21T12:42:27.576+0000] {logging_mixin.py:188} INFO - [2026-05-21T12:42:27.575+0000] {dag.py:3089} INFO - Sync 1 DAGs
[2026-05-21T12:42:27.597+0000] {logging_mixin.py:188} INFO - [2026-05-21T12:42:27.596+0000] {dag.py:3947} INFO - Setting next_dagrun for example_python_operator to None, run_after=None
[2026-05-21T12:42:27.628+0000] {processor.py:183} INFO - Processing /home/airflow/.local/lib/python3.12/site-packages/airflow/example_dags/example_python_operator.py took 0.118 seconds
[2026-05-21T12:42:58.491+0000] {processor.py:161} INFO - Started process (PID=19581) to work on /home/airflow/.local/lib/python3.12/site-packages/airflow/example_dags/example_python_operator.py
[2026-05-21T12:42:58.493+0000] {processor.py:830} INFO - Processing file /home/airflow/.local/lib/python3.12/site-packages/airflow/example_dags/example_python_operator.py for tasks to queue
[2026-05-21T12:42:58.496+0000] {logging_mixin.py:188} INFO - [2026-05-21T12:42:58.496+0000] {dagbag.py:545} INFO - Filling up the DagBag from /home/airflow/.local/lib/python3.12/site-packages/airflow/example_dags/example_python_operator.py
[2026-05-21T12:42:58.515+0000] {processor.py:840} INFO - DAG(s) 'example_python_operator' retrieved from /home/airflow/.local/lib/python3.12/site-packages/airflow/example_dags/example_python_operator.py
[2026-05-21T12:42:58.558+0000] {logging_mixin.py:188} INFO - [2026-05-21T12:42:58.558+0000] {dag.py:3089} INFO - Sync 1 DAGs
[2026-05-21T12:42:58.585+0000] {logging_mixin.py:188} INFO - [2026-05-21T12:42:58.585+0000] {dag.py:3947} INFO - Setting next_dagrun for example_python_operator to None, run_after=None
[2026-05-21T12:42:58.617+0000] {processor.py:183} INFO - Processing /home/airflow/.local/lib/python3.12/site-packages/airflow/example_dags/example_python_operator.py took 0.136 seconds
[2026-05-21T12:43:29.251+0000] {processor.py:161} INFO - Started process (PID=19641) to work on /home/airflow/.local/lib/python3.12/site-packages/airflow/example_dags/example_python_operator.py
[2026-05-21T12:43:29.253+0000] {processor.py:830} INFO - Processing file /home/airflow/.local/lib/python3.12/site-packages/airflow/example_dags/example_python_operator.py for tasks to queue
[2026-05-21T12:43:29.256+0000] {logging_mixin.py:188} INFO - [2026-05-21T12:43:29.256+0000] {dagbag.py:545} INFO - Filling up the DagBag from /home/airflow/.local/lib/python3.12/site-packages/airflow/example_dags/example_python_operator.py
[2026-05-21T12:43:29.273+0000] {processor.py:840} INFO - DAG(s) 'example_python_operator' retrieved from /home/airflow/.local/lib/python3.12/site-packages/airflow/example_dags/example_python_operator.py
[2026-05-21T12:43:29.313+0000] {logging_mixin.py:188} INFO - [2026-05-21T12:43:29.313+0000] {dag.py:3089} INFO - Sync 1 DAGs
[2026-05-21T12:43:29.340+0000] {logging_mixin.py:188} INFO - [2026-05-21T12:43:29.340+0000] {dag.py:3947} INFO - Setting next_dagrun for example_python_operator to None, run_after=None
[2026-05-21T12:43:29.369+0000] {processor.py:183} INFO - Processing /home/airflow/.local/lib/python3.12/site-packages/airflow/example_dags/example_python_operator.py took 0.130 seconds
[2026-05-21T12:43:59.643+0000] {processor.py:161} INFO - Started process (PID=19702) to work on /home/airflow/.local/lib/python3.12/site-packages/airflow/example_dags/example_python_operator.py
[2026-05-21T12:43:59.645+0000] {processor.py:830} INFO - Processing file /home/airflow/.local/lib/python3.12/site-packages/airflow/example_dags/example_python_operator.py for tasks to queue
[2026-05-21T12:43:59.648+0000] {logging_mixin.py:188} INFO - [2026-05-21T12:43:59.648+0000] {dagbag.py:545} INFO - Filling up the DagBag from /home/airflow/.local/lib/python3.12/site-packages/airflow/example_dags/example_python_operator.py
[2026-05-21T12:43:59.663+0000] {processor.py:840} INFO - DAG(s) 'example_python_operator' retrieved from /home/airflow/.local/lib/python3.12/site-packages/airflow/example_dags/example_python_operator.py
[2026-05-21T12:43:59.697+0000] {logging_mixin.py:188} INFO - [2026-05-21T12:43:59.696+0000] {dag.py:3089} INFO - Sync 1 DAGs
[2026-05-21T12:43:59.715+0000] {logging_mixin.py:188} INFO - [2026-05-21T12:43:59.715+0000] {dag.py:3947} INFO - Setting next_dagrun for example_python_operator to None, run_after=None
[2026-05-21T12:43:59.743+0000] {processor.py:183} INFO - Processing /home/airflow/.local/lib/python3.12/site-packages/airflow/example_dags/example_python_operator.py took 0.108 seconds
[2026-05-21T12:44:29.889+0000] {processor.py:161} INFO - Started process (PID=19762) to work on /home/airflow/.local/lib/python3.12/site-packages/airflow/example_dags/example_python_operator.py
[2026-05-21T12:44:29.891+0000] {processor.py:830} INFO - Processing file /home/airflow/.local/lib/python3.12/site-packages/airflow/example_dags/example_python_operator.py for tasks to queue
[2026-05-21T12:44:29.894+0000] {logging_mixin.py:188} INFO - [2026-05-21T12:44:29.893+0000] {dagbag.py:545} INFO - Filling up the DagBag from /home/airflow/.local/lib/python3.12/site-packages/airflow/example_dags/example_python_operator.py
[2026-05-21T12:44:29.909+0000] {processor.py:840} INFO - DAG(s) 'example_python_operator' retrieved from /home/airflow/.local/lib/python3.12/site-packages/airflow/example_dags/example_python_operator.py
[2026-05-21T12:44:29.942+0000] {logging_mixin.py:188} INFO - [2026-05-21T12:44:29.942+0000] {dag.py:3089} INFO - Sync 1 DAGs
[2026-05-21T12:44:29.960+0000] {logging_mixin.py:188} INFO - [2026-05-21T12:44:29.959+0000] {dag.py:3947} INFO - Setting next_dagrun for example_python_operator to None, run_after=None
[2026-05-21T12:44:29.990+0000] {processor.py:183} INFO - Processing /home/airflow/.local/lib/python3.12/site-packages/airflow/example_dags/example_python_operator.py took 0.110 seconds
[2026-05-21T12:45:00.352+0000] {processor.py:161} INFO - Started process (PID=19822) to work on /home/airflow/.local/lib/python3.12/site-packages/airflow/example_dags/example_python_operator.py
[2026-05-21T12:45:00.353+0000] {processor.py:830} INFO - Processing file /home/airflow/.local/lib/python3.12/site-packages/airflow/example_dags/example_python_operator.py for tasks to queue
[2026-05-21T12:45:00.357+0000] {logging_mixin.py:188} INFO - [2026-05-21T12:45:00.356+0000] {dagbag.py:545} INFO - Filling up the DagBag from /home/airflow/.local/lib/python3.12/site-packages/airflow/example_dags/example_python_operator.py
[2026-05-21T12:45:00.372+0000] {processor.py:840} INFO - DAG(s) 'example_python_operator' retrieved from /home/airflow/.local/lib/python3.12/site-packages/airflow/example_dags/example_python_operator.py
[2026-05-21T12:45:00.407+0000] {logging_mixin.py:188} INFO - [2026-05-21T12:45:00.407+0000] {dag.py:3089} INFO - Sync 1 DAGs
[2026-05-21T12:45:00.426+0000] {logging_mixin.py:188} INFO - [2026-05-21T12:45:00.426+0000] {dag.py:3947} INFO - Setting next_dagrun for example_python_operator to None, run_after=None
[2026-05-21T12:45:00.455+0000] {processor.py:183} INFO - Processing /home/airflow/.local/lib/python3.12/site-packages/airflow/example_dags/example_python_operator.py took 0.115 seconds
[2026-05-21T12:45:30.670+0000] {processor.py:161} INFO - Started process (PID=19882) to work on /home/airflow/.local/lib/python3.12/site-packages/airflow/example_dags/example_python_operator.py
[2026-05-21T12:45:30.672+0000] {processor.py:830} INFO - Processing file /home/airflow/.local/lib/python3.12/site-packages/airflow/example_dags/example_python_operator.py for tasks to queue
[2026-05-21T12:45:30.675+0000] {logging_mixin.py:188} INFO - [2026-05-21T12:45:30.674+0000] {dagbag.py:545} INFO - Filling up the DagBag from /home/airflow/.local/lib/python3.12/site-packages/airflow/example_dags/example_python_operator.py
[2026-05-21T12:45:30.690+0000] {processor.py:840} INFO - DAG(s) 'example_python_operator' retrieved from /home/airflow/.local/lib/python3.12/site-packages/airflow/example_dags/example_python_operator.py
[2026-05-21T12:45:30.724+0000] {logging_mixin.py:188} INFO - [2026-05-21T12:45:30.724+0000] {dag.py:3089} INFO - Sync 1 DAGs
[2026-05-21T12:45:30.751+0000] {logging_mixin.py:188} INFO - [2026-05-21T12:45:30.750+0000] {dag.py:3947} INFO - Setting next_dagrun for example_python_operator to None, run_after=None
[2026-05-21T12:45:30.781+0000] {processor.py:183} INFO - Processing /home/airflow/.local/lib/python3.12/site-packages/airflow/example_dags/example_python_operator.py took 0.120 seconds
[2026-05-21T12:46:01.051+0000] {processor.py:161} INFO - Started process (PID=19942) to work on /home/airflow/.local/lib/python3.12/site-packages/airflow/example_dags/example_python_operator.py
[2026-05-21T12:46:01.053+0000] {processor.py:830} INFO - Processing file /home/airflow/.local/lib/python3.12/site-packages/airflow/example_dags/example_python_operator.py for tasks to queue
[2026-05-21T12:46:01.056+0000] {logging_mixin.py:188} INFO - [2026-05-21T12:46:01.055+0000] {dagbag.py:545} INFO - Filling up the DagBag from /home/airflow/.local/lib/python3.12/site-packages/airflow/example_dags/example_python_operator.py
[2026-05-21T12:46:01.072+0000] {processor.py:840} INFO - DAG(s) 'example_python_operator' retrieved from /home/airflow/.local/lib/python3.12/site-packages/airflow/example_dags/example_python_operator.py
[2026-05-21T12:46:01.105+0000] {logging_mixin.py:188} INFO - [2026-05-21T12:46:01.105+0000] {dag.py:3089} INFO - Sync 1 DAGs
[2026-05-21T12:46:01.123+0000] {logging_mixin.py:188} INFO - [2026-05-21T12:46:01.122+0000] {dag.py:3947} INFO - Setting next_dagrun for example_python_operator to None, run_after=None
[2026-05-21T12:46:01.151+0000] {processor.py:183} INFO - Processing /home/airflow/.local/lib/python3.12/site-packages/airflow/example_dags/example_python_operator.py took 0.110 seconds
[2026-05-21T12:46:31.896+0000] {processor.py:161} INFO - Started process (PID=20002) to work on /home/airflow/.local/lib/python3.12/site-packages/airflow/example_dags/example_python_operator.py
[2026-05-21T12:46:31.898+0000] {processor.py:830} INFO - Processing file /home/airflow/.local/lib/python3.12/site-packages/airflow/example_dags/example_python_operator.py for tasks to queue
[2026-05-21T12:46:31.901+0000] {logging_mixin.py:188} INFO - [2026-05-21T12:46:31.900+0000] {dagbag.py:545} INFO - Filling up the DagBag from /home/airflow/.local/lib/python3.12/site-packages/airflow/example_dags/example_python_operator.py
[2026-05-21T12:46:31.915+0000] {processor.py:840} INFO - DAG(s) 'example_python_operator' retrieved from /home/airflow/.local/lib/python3.12/site-packages/airflow/example_dags/example_python_operator.py
[2026-05-21T12:46:31.947+0000] {logging_mixin.py:188} INFO - [2026-05-21T12:46:31.947+0000] {dag.py:3089} INFO - Sync 1 DAGs
[2026-05-21T12:46:31.967+0000] {logging_mixin.py:188} INFO - [2026-05-21T12:46:31.967+0000] {dag.py:3947} INFO - Setting next_dagrun for example_python_operator to None, run_after=None
[2026-05-21T12:46:32.009+0000] {processor.py:183} INFO - Processing /home/airflow/.local/lib/python3.12/site-packages/airflow/example_dags/example_python_operator.py took 0.122 seconds
[2026-05-21T12:47:02.158+0000] {processor.py:161} INFO - Started process (PID=20062) to work on /home/airflow/.local/lib/python3.12/site-packages/airflow/example_dags/example_python_operator.py
[2026-05-21T12:47:02.160+0000] {processor.py:830} INFO - Processing file /home/airflow/.local/lib/python3.12/site-packages/airflow/example_dags/example_python_operator.py for tasks to queue
[2026-05-21T12:47:02.163+0000] {logging_mixin.py:188} INFO - [2026-05-21T12:47:02.163+0000] {dagbag.py:545} INFO - Filling up the DagBag from /home/airflow/.local/lib/python3.12/site-packages/airflow/example_dags/example_python_operator.py
[2026-05-21T12:47:02.178+0000] {processor.py:840} INFO - DAG(s) 'example_python_operator' retrieved from /home/airflow/.local/lib/python3.12/site-packages/airflow/example_dags/example_python_operator.py
[2026-05-21T12:47:02.211+0000] {logging_mixin.py:188} INFO - [2026-05-21T12:47:02.211+0000] {dag.py:3089} INFO - Sync 1 DAGs
[2026-05-21T12:47:02.239+0000] {logging_mixin.py:188} INFO - [2026-05-21T12:47:02.238+0000] {dag.py:3947} INFO - Setting next_dagrun for example_python_operator to None, run_after=None
[2026-05-21T12:47:02.275+0000] {processor.py:183} INFO - Processing /home/airflow/.local/lib/python3.12/site-packages/airflow/example_dags/example_python_operator.py took 0.126 seconds
[2026-05-21T12:47:33.113+0000] {processor.py:161} INFO - Started process (PID=20122) to work on /home/airflow/.local/lib/python3.12/site-packages/airflow/example_dags/example_python_operator.py
[2026-05-21T12:47:33.114+0000] {processor.py:830} INFO - Processing file /home/airflow/.local/lib/python3.12/site-packages/airflow/example_dags/example_python_operator.py for tasks to queue
[2026-05-21T12:47:33.117+0000] {logging_mixin.py:188} INFO - [2026-05-21T12:47:33.117+0000] {dagbag.py:545} INFO - Filling up the DagBag from /home/airflow/.local/lib/python3.12/site-packages/airflow/example_dags/example_python_operator.py
[2026-05-21T12:47:33.134+0000] {processor.py:840} INFO - DAG(s) 'example_python_operator' retrieved from /home/airflow/.local/lib/python3.12/site-packages/airflow/example_dags/example_python_operator.py
[2026-05-21T12:47:33.167+0000] {logging_mixin.py:188} INFO - [2026-05-21T12:47:33.167+0000] {dag.py:3089} INFO - Sync 1 DAGs
[2026-05-21T12:47:33.184+0000] {logging_mixin.py:188} INFO - [2026-05-21T12:47:33.184+0000] {dag.py:3947} INFO - Setting next_dagrun for example_python_operator to None, run_after=None
[2026-05-21T12:47:33.215+0000] {processor.py:183} INFO - Processing /home/airflow/.local/lib/python3.12/site-packages/airflow/example_dags/example_python_operator.py took 0.111 seconds
[2026-05-21T12:48:03.396+0000] {processor.py:161} INFO - Started process (PID=20182) to work on /home/airflow/.local/lib/python3.12/site-packages/airflow/example_dags/example_python_operator.py
[2026-05-21T12:48:03.398+0000] {processor.py:830} INFO - Processing file /home/airflow/.local/lib/python3.12/site-packages/airflow/example_dags/example_python_operator.py for tasks to queue
[2026-05-21T12:48:03.401+0000] {logging_mixin.py:188} INFO - [2026-05-21T12:48:03.400+0000] {dagbag.py:545} INFO - Filling up the DagBag from /home/airflow/.local/lib/python3.12/site-packages/airflow/example_dags/example_python_operator.py
[2026-05-21T12:48:03.415+0000] {processor.py:840} INFO - DAG(s) 'example_python_operator' retrieved from /home/airflow/.local/lib/python3.12/site-packages/airflow/example_dags/example_python_operator.py
[2026-05-21T12:48:03.448+0000] {logging_mixin.py:188} INFO - [2026-05-21T12:48:03.448+0000] {dag.py:3089} INFO - Sync 1 DAGs
[2026-05-21T12:48:03.466+0000] {logging_mixin.py:188} INFO - [2026-05-21T12:48:03.465+0000] {dag.py:3947} INFO - Setting next_dagrun for example_python_operator to None, run_after=None
[2026-05-21T12:48:03.493+0000] {processor.py:183} INFO - Processing /home/airflow/.local/lib/python3.12/site-packages/airflow/example_dags/example_python_operator.py took 0.106 seconds
[2026-05-21T12:48:33.895+0000] {processor.py:161} INFO - Started process (PID=20242) to work on /home/airflow/.local/lib/python3.12/site-packages/airflow/example_dags/example_python_operator.py
[2026-05-21T12:48:33.896+0000] {processor.py:830} INFO - Processing file /home/airflow/.local/lib/python3.12/site-packages/airflow/example_dags/example_python_operator.py for tasks to queue
[2026-05-21T12:48:33.899+0000] {logging_mixin.py:188} INFO - [2026-05-21T12:48:33.899+0000] {dagbag.py:545} INFO - Filling up the DagBag from /home/airflow/.local/lib/python3.12/site-packages/airflow/example_dags/example_python_operator.py
[2026-05-21T12:48:33.916+0000] {processor.py:840} INFO - DAG(s) 'example_python_operator' retrieved from /home/airflow/.local/lib/python3.12/site-packages/airflow/example_dags/example_python_operator.py
[2026-05-21T12:48:33.952+0000] {logging_mixin.py:188} INFO - [2026-05-21T12:48:33.952+0000] {dag.py:3089} INFO - Sync 1 DAGs
[2026-05-21T12:48:33.973+0000] {logging_mixin.py:188} INFO - [2026-05-21T12:48:33.972+0000] {dag.py:3947} INFO - Setting next_dagrun for example_python_operator to None, run_after=None
[2026-05-21T12:48:34.007+0000] {processor.py:183} INFO - Processing /home/airflow/.local/lib/python3.12/site-packages/airflow/example_dags/example_python_operator.py took 0.120 seconds
[2026-05-21T12:49:04.309+0000] {processor.py:161} INFO - Started process (PID=20302) to work on /home/airflow/.local/lib/python3.12/site-packages/airflow/example_dags/example_python_operator.py
[2026-05-21T12:49:04.311+0000] {processor.py:830} INFO - Processing file /home/airflow/.local/lib/python3.12/site-packages/airflow/example_dags/example_python_operator.py for tasks to queue
[2026-05-21T12:49:04.314+0000] {logging_mixin.py:188} INFO - [2026-05-21T12:49:04.313+0000] {dagbag.py:545} INFO - Filling up the DagBag from /home/airflow/.local/lib/python3.12/site-packages/airflow/example_dags/example_python_operator.py
[2026-05-21T12:49:04.328+0000] {processor.py:840} INFO - DAG(s) 'example_python_operator' retrieved from /home/airflow/.local/lib/python3.12/site-packages/airflow/example_dags/example_python_operator.py
[2026-05-21T12:49:04.359+0000] {logging_mixin.py:188} INFO - [2026-05-21T12:49:04.359+0000] {dag.py:3089} INFO - Sync 1 DAGs
[2026-05-21T12:49:04.378+0000] {logging_mixin.py:188} INFO - [2026-05-21T12:49:04.378+0000] {dag.py:3947} INFO - Setting next_dagrun for example_python_operator to None, run_after=None
[2026-05-21T12:49:04.407+0000] {processor.py:183} INFO - Processing /home/airflow/.local/lib/python3.12/site-packages/airflow/example_dags/example_python_operator.py took 0.107 seconds
[2026-05-21T12:49:35.133+0000] {processor.py:161} INFO - Started process (PID=20361) to work on /home/airflow/.local/lib/python3.12/site-packages/airflow/example_dags/example_python_operator.py
[2026-05-21T12:49:35.134+0000] {processor.py:830} INFO - Processing file /home/airflow/.local/lib/python3.12/site-packages/airflow/example_dags/example_python_operator.py for tasks to queue
[2026-05-21T12:49:35.137+0000] {logging_mixin.py:188} INFO - [2026-05-21T12:49:35.137+0000] {dagbag.py:545} INFO - Filling up the DagBag from /home/airflow/.local/lib/python3.12/site-packages/airflow/example_dags/example_python_operator.py
[2026-05-21T12:49:35.155+0000] {processor.py:840} INFO - DAG(s) 'example_python_operator' retrieved from /home/airflow/.local/lib/python3.12/site-packages/airflow/example_dags/example_python_operator.py
[2026-05-21T12:49:35.188+0000] {logging_mixin.py:188} INFO - [2026-05-21T12:49:35.188+0000] {dag.py:3089} INFO - Sync 1 DAGs
[2026-05-21T12:49:35.207+0000] {logging_mixin.py:188} INFO - [2026-05-21T12:49:35.206+0000] {dag.py:3947} INFO - Setting next_dagrun for example_python_operator to None, run_after=None
[2026-05-21T12:49:35.234+0000] {processor.py:183} INFO - Processing /home/airflow/.local/lib/python3.12/site-packages/airflow/example_dags/example_python_operator.py took 0.110 seconds
[2026-05-21T12:50:05.512+0000] {processor.py:161} INFO - Started process (PID=20420) to work on /home/airflow/.local/lib/python3.12/site-packages/airflow/example_dags/example_python_operator.py
[2026-05-21T12:50:05.514+0000] {processor.py:830} INFO - Processing file /home/airflow/.local/lib/python3.12/site-packages/airflow/example_dags/example_python_operator.py for tasks to queue
[2026-05-21T12:50:05.517+0000] {logging_mixin.py:188} INFO - [2026-05-21T12:50:05.516+0000] {dagbag.py:545} INFO - Filling up the DagBag from /home/airflow/.local/lib/python3.12/site-packages/airflow/example_dags/example_python_operator.py
[2026-05-21T12:50:05.532+0000] {processor.py:840} INFO - DAG(s) 'example_python_operator' retrieved from /home/airflow/.local/lib/python3.12/site-packages/airflow/example_dags/example_python_operator.py
[2026-05-21T12:50:05.566+0000] {logging_mixin.py:188} INFO - [2026-05-21T12:50:05.566+0000] {dag.py:3089} INFO - Sync 1 DAGs
[2026-05-21T12:50:05.584+0000] {logging_mixin.py:188} INFO - [2026-05-21T12:50:05.583+0000] {dag.py:3947} INFO - Setting next_dagrun for example_python_operator to None, run_after=None
[2026-05-21T12:50:05.611+0000] {processor.py:183} INFO - Processing /home/airflow/.local/lib/python3.12/site-packages/airflow/example_dags/example_python_operator.py took 0.108 seconds
[2026-05-21T12:50:35.869+0000] {processor.py:161} INFO - Started process (PID=20480) to work on /home/airflow/.local/lib/python3.12/site-packages/airflow/example_dags/example_python_operator.py
[2026-05-21T12:50:35.870+0000] {processor.py:830} INFO - Processing file /home/airflow/.local/lib/python3.12/site-packages/airflow/example_dags/example_python_operator.py for tasks to queue
[2026-05-21T12:50:35.874+0000] {logging_mixin.py:188} INFO - [2026-05-21T12:50:35.873+0000] {dagbag.py:545} INFO - Filling up the DagBag from /home/airflow/.local/lib/python3.12/site-packages/airflow/example_dags/example_python_operator.py
[2026-05-21T12:50:35.889+0000] {processor.py:840} INFO - DAG(s) 'example_python_operator' retrieved from /home/airflow/.local/lib/python3.12/site-packages/airflow/example_dags/example_python_operator.py
[2026-05-21T12:50:35.922+0000] {logging_mixin.py:188} INFO - [2026-05-21T12:50:35.922+0000] {dag.py:3089} INFO - Sync 1 DAGs
[2026-05-21T12:50:35.944+0000] {logging_mixin.py:188} INFO - [2026-05-21T12:50:35.943+0000] {dag.py:3947} INFO - Setting next_dagrun for example_python_operator to None, run_after=None
[2026-05-21T12:50:35.997+0000] {processor.py:183} INFO - Processing /home/airflow/.local/lib/python3.12/site-packages/airflow/example_dags/example_python_operator.py took 0.138 seconds
[2026-05-21T12:51:06.174+0000] {processor.py:161} INFO - Started process (PID=20541) to work on /home/airflow/.local/lib/python3.12/site-packages/airflow/example_dags/example_python_operator.py
[2026-05-21T12:51:06.175+0000] {processor.py:830} INFO - Processing file /home/airflow/.local/lib/python3.12/site-packages/airflow/example_dags/example_python_operator.py for tasks to queue
[2026-05-21T12:51:06.179+0000] {logging_mixin.py:188} INFO - [2026-05-21T12:51:06.178+0000] {dagbag.py:545} INFO - Filling up the DagBag from /home/airflow/.local/lib/python3.12/site-packages/airflow/example_dags/example_python_operator.py
[2026-05-21T12:51:06.196+0000] {processor.py:840} INFO - DAG(s) 'example_python_operator' retrieved from /home/airflow/.local/lib/python3.12/site-packages/airflow/example_dags/example_python_operator.py
[2026-05-21T12:51:06.253+0000] {logging_mixin.py:188} INFO - [2026-05-21T12:51:06.253+0000] {dag.py:3089} INFO - Sync 1 DAGs
[2026-05-21T12:51:06.287+0000] {logging_mixin.py:188} INFO - [2026-05-21T12:51:06.287+0000] {dag.py:3947} INFO - Setting next_dagrun for example_python_operator to None, run_after=None
[2026-05-21T12:51:06.341+0000] {processor.py:183} INFO - Processing /home/airflow/.local/lib/python3.12/site-packages/airflow/example_dags/example_python_operator.py took 0.183 seconds
[2026-05-21T12:51:36.524+0000] {processor.py:161} INFO - Started process (PID=20600) to work on /home/airflow/.local/lib/python3.12/site-packages/airflow/example_dags/example_python_operator.py
[2026-05-21T12:51:36.526+0000] {processor.py:830} INFO - Processing file /home/airflow/.local/lib/python3.12/site-packages/airflow/example_dags/example_python_operator.py for tasks to queue
[2026-05-21T12:51:36.529+0000] {logging_mixin.py:188} INFO - [2026-05-21T12:51:36.529+0000] {dagbag.py:545} INFO - Filling up the DagBag from /home/airflow/.local/lib/python3.12/site-packages/airflow/example_dags/example_python_operator.py
[2026-05-21T12:51:36.544+0000] {processor.py:840} INFO - DAG(s) 'example_python_operator' retrieved from /home/airflow/.local/lib/python3.12/site-packages/airflow/example_dags/example_python_operator.py
[2026-05-21T12:51:36.579+0000] {logging_mixin.py:188} INFO - [2026-05-21T12:51:36.579+0000] {dag.py:3089} INFO - Sync 1 DAGs
[2026-05-21T12:51:36.598+0000] {logging_mixin.py:188} INFO - [2026-05-21T12:51:36.598+0000] {dag.py:3947} INFO - Setting next_dagrun for example_python_operator to None, run_after=None
[2026-05-21T12:51:36.629+0000] {processor.py:183} INFO - Processing /home/airflow/.local/lib/python3.12/site-packages/airflow/example_dags/example_python_operator.py took 0.114 seconds
[2026-05-21T12:52:07.294+0000] {processor.py:161} INFO - Started process (PID=20660) to work on /home/airflow/.local/lib/python3.12/site-packages/airflow/example_dags/example_python_operator.py
[2026-05-21T12:52:07.296+0000] {processor.py:830} INFO - Processing file /home/airflow/.local/lib/python3.12/site-packages/airflow/example_dags/example_python_operator.py for tasks to queue
[2026-05-21T12:52:07.299+0000] {logging_mixin.py:188} INFO - [2026-05-21T12:52:07.298+0000] {dagbag.py:545} INFO - Filling up the DagBag from /home/airflow/.local/lib/python3.12/site-packages/airflow/example_dags/example_python_operator.py
[2026-05-21T12:52:07.316+0000] {processor.py:840} INFO - DAG(s) 'example_python_operator' retrieved from /home/airflow/.local/lib/python3.12/site-packages/airflow/example_dags/example_python_operator.py
[2026-05-21T12:52:07.355+0000] {logging_mixin.py:188} INFO - [2026-05-21T12:52:07.354+0000] {dag.py:3089} INFO - Sync 1 DAGs
[2026-05-21T12:52:07.374+0000] {logging_mixin.py:188} INFO - [2026-05-21T12:52:07.373+0000] {dag.py:3947} INFO - Setting next_dagrun for example_python_operator to None, run_after=None
[2026-05-21T12:52:07.405+0000] {processor.py:183} INFO - Processing /home/airflow/.local/lib/python3.12/site-packages/airflow/example_dags/example_python_operator.py took 0.119 seconds
[2026-05-21T12:52:37.864+0000] {processor.py:161} INFO - Started process (PID=20719) to work on /home/airflow/.local/lib/python3.12/site-packages/airflow/example_dags/example_python_operator.py
[2026-05-21T12:52:37.865+0000] {processor.py:830} INFO - Processing file /home/airflow/.local/lib/python3.12/site-packages/airflow/example_dags/example_python_operator.py for tasks to queue
[2026-05-21T12:52:37.869+0000] {logging_mixin.py:188} INFO - [2026-05-21T12:52:37.868+0000] {dagbag.py:545} INFO - Filling up the DagBag from /home/airflow/.local/lib/python3.12/site-packages/airflow/example_dags/example_python_operator.py
[2026-05-21T12:52:37.884+0000] {processor.py:840} INFO - DAG(s) 'example_python_operator' retrieved from /home/airflow/.local/lib/python3.12/site-packages/airflow/example_dags/example_python_operator.py
[2026-05-21T12:52:37.916+0000] {logging_mixin.py:188} INFO - [2026-05-21T12:52:37.916+0000] {dag.py:3089} INFO - Sync 1 DAGs
[2026-05-21T12:52:37.934+0000] {logging_mixin.py:188} INFO - [2026-05-21T12:52:37.934+0000] {dag.py:3947} INFO - Setting next_dagrun for example_python_operator to None, run_after=None
[2026-05-21T12:52:37.965+0000] {processor.py:183} INFO - Processing /home/airflow/.local/lib/python3.12/site-packages/airflow/example_dags/example_python_operator.py took 0.111 seconds
[2026-05-21T12:53:08.165+0000] {processor.py:161} INFO - Started process (PID=20779) to work on /home/airflow/.local/lib/python3.12/site-packages/airflow/example_dags/example_python_operator.py
[2026-05-21T12:53:08.167+0000] {processor.py:830} INFO - Processing file /home/airflow/.local/lib/python3.12/site-packages/airflow/example_dags/example_python_operator.py for tasks to queue
[2026-05-21T12:53:08.170+0000] {logging_mixin.py:188} INFO - [2026-05-21T12:53:08.170+0000] {dagbag.py:545} INFO - Filling up the DagBag from /home/airflow/.local/lib/python3.12/site-packages/airflow/example_dags/example_python_operator.py
[2026-05-21T12:53:08.185+0000] {processor.py:840} INFO - DAG(s) 'example_python_operator' retrieved from /home/airflow/.local/lib/python3.12/site-packages/airflow/example_dags/example_python_operator.py
[2026-05-21T12:53:08.221+0000] {logging_mixin.py:188} INFO - [2026-05-21T12:53:08.220+0000] {dag.py:3089} INFO - Sync 1 DAGs
[2026-05-21T12:53:08.242+0000] {logging_mixin.py:188} INFO - [2026-05-21T12:53:08.241+0000] {dag.py:3947} INFO - Setting next_dagrun for example_python_operator to None, run_after=None
[2026-05-21T12:53:08.276+0000] {processor.py:183} INFO - Processing /home/airflow/.local/lib/python3.12/site-packages/airflow/example_dags/example_python_operator.py took 0.119 seconds
[2026-05-21T12:53:38.723+0000] {processor.py:161} INFO - Started process (PID=20839) to work on /home/airflow/.local/lib/python3.12/site-packages/airflow/example_dags/example_python_operator.py
[2026-05-21T12:53:38.725+0000] {processor.py:830} INFO - Processing file /home/airflow/.local/lib/python3.12/site-packages/airflow/example_dags/example_python_operator.py for tasks to queue
[2026-05-21T12:53:38.728+0000] {logging_mixin.py:188} INFO - [2026-05-21T12:53:38.728+0000] {dagbag.py:545} INFO - Filling up the DagBag from /home/airflow/.local/lib/python3.12/site-packages/airflow/example_dags/example_python_operator.py
[2026-05-21T12:53:38.743+0000] {processor.py:840} INFO - DAG(s) 'example_python_operator' retrieved from /home/airflow/.local/lib/python3.12/site-packages/airflow/example_dags/example_python_operator.py
[2026-05-21T12:53:38.778+0000] {logging_mixin.py:188} INFO - [2026-05-21T12:53:38.778+0000] {dag.py:3089} INFO - Sync 1 DAGs
[2026-05-21T12:53:38.796+0000] {logging_mixin.py:188} INFO - [2026-05-21T12:53:38.796+0000] {dag.py:3947} INFO - Setting next_dagrun for example_python_operator to None, run_after=None
[2026-05-21T12:53:38.824+0000] {processor.py:183} INFO - Processing /home/airflow/.local/lib/python3.12/site-packages/airflow/example_dags/example_python_operator.py took 0.109 seconds
[2026-05-21T12:54:09.256+0000] {processor.py:161} INFO - Started process (PID=20899) to work on /home/airflow/.local/lib/python3.12/site-packages/airflow/example_dags/example_python_operator.py
[2026-05-21T12:54:09.258+0000] {processor.py:830} INFO - Processing file /home/airflow/.local/lib/python3.12/site-packages/airflow/example_dags/example_python_operator.py for tasks to queue
[2026-05-21T12:54:09.261+0000] {logging_mixin.py:188} INFO - [2026-05-21T12:54:09.260+0000] {dagbag.py:545} INFO - Filling up the DagBag from /home/airflow/.local/lib/python3.12/site-packages/airflow/example_dags/example_python_operator.py
[2026-05-21T12:54:09.275+0000] {processor.py:840} INFO - DAG(s) 'example_python_operator' retrieved from /home/airflow/.local/lib/python3.12/site-packages/airflow/example_dags/example_python_operator.py
[2026-05-21T12:54:09.307+0000] {logging_mixin.py:188} INFO - [2026-05-21T12:54:09.307+0000] {dag.py:3089} INFO - Sync 1 DAGs
[2026-05-21T12:54:09.327+0000] {logging_mixin.py:188} INFO - [2026-05-21T12:54:09.327+0000] {dag.py:3947} INFO - Setting next_dagrun for example_python_operator to None, run_after=None
[2026-05-21T12:54:09.358+0000] {processor.py:183} INFO - Processing /home/airflow/.local/lib/python3.12/site-packages/airflow/example_dags/example_python_operator.py took 0.111 seconds
[2026-05-21T12:54:39.800+0000] {processor.py:161} INFO - Started process (PID=20958) to work on /home/airflow/.local/lib/python3.12/site-packages/airflow/example_dags/example_python_operator.py
[2026-05-21T12:54:39.801+0000] {processor.py:830} INFO - Processing file /home/airflow/.local/lib/python3.12/site-packages/airflow/example_dags/example_python_operator.py for tasks to queue
[2026-05-21T12:54:39.804+0000] {logging_mixin.py:188} INFO - [2026-05-21T12:54:39.803+0000] {dagbag.py:545} INFO - Filling up the DagBag from /home/airflow/.local/lib/python3.12/site-packages/airflow/example_dags/example_python_operator.py
[2026-05-21T12:54:39.818+0000] {processor.py:840} INFO - DAG(s) 'example_python_operator' retrieved from /home/airflow/.local/lib/python3.12/site-packages/airflow/example_dags/example_python_operator.py
[2026-05-21T12:54:39.852+0000] {logging_mixin.py:188} INFO - [2026-05-21T12:54:39.851+0000] {dag.py:3089} INFO - Sync 1 DAGs
[2026-05-21T12:54:39.870+0000] {logging_mixin.py:188} INFO - [2026-05-21T12:54:39.870+0000] {dag.py:3947} INFO - Setting next_dagrun for example_python_operator to None, run_after=None
[2026-05-21T12:54:39.898+0000] {processor.py:183} INFO - Processing /home/airflow/.local/lib/python3.12/site-packages/airflow/example_dags/example_python_operator.py took 0.107 seconds
[2026-05-21T12:55:11.041+0000] {processor.py:161} INFO - Started process (PID=21018) to work on /home/airflow/.local/lib/python3.12/site-packages/airflow/example_dags/example_python_operator.py
[2026-05-21T12:55:11.046+0000] {processor.py:830} INFO - Processing file /home/airflow/.local/lib/python3.12/site-packages/airflow/example_dags/example_python_operator.py for tasks to queue
[2026-05-21T12:55:11.053+0000] {logging_mixin.py:188} INFO - [2026-05-21T12:55:11.052+0000] {dagbag.py:545} INFO - Filling up the DagBag from /home/airflow/.local/lib/python3.12/site-packages/airflow/example_dags/example_python_operator.py
[2026-05-21T12:55:11.097+0000] {processor.py:840} INFO - DAG(s) 'example_python_operator' retrieved from /home/airflow/.local/lib/python3.12/site-packages/airflow/example_dags/example_python_operator.py
[2026-05-21T12:55:11.226+0000] {logging_mixin.py:188} INFO - [2026-05-21T12:55:11.225+0000] {dag.py:3089} INFO - Sync 1 DAGs
[2026-05-21T12:55:11.269+0000] {logging_mixin.py:188} INFO - [2026-05-21T12:55:11.268+0000] {dag.py:3947} INFO - Setting next_dagrun for example_python_operator to None, run_after=None
[2026-05-21T12:55:11.326+0000] {processor.py:183} INFO - Processing /home/airflow/.local/lib/python3.12/site-packages/airflow/example_dags/example_python_operator.py took 0.305 seconds
[2026-05-21T12:55:41.895+0000] {processor.py:161} INFO - Started process (PID=21076) to work on /home/airflow/.local/lib/python3.12/site-packages/airflow/example_dags/example_python_operator.py
[2026-05-21T12:55:41.899+0000] {processor.py:830} INFO - Processing file /home/airflow/.local/lib/python3.12/site-packages/airflow/example_dags/example_python_operator.py for tasks to queue
[2026-05-21T12:55:41.907+0000] {logging_mixin.py:188} INFO - [2026-05-21T12:55:41.906+0000] {dagbag.py:545} INFO - Filling up the DagBag from /home/airflow/.local/lib/python3.12/site-packages/airflow/example_dags/example_python_operator.py
[2026-05-21T12:55:41.927+0000] {processor.py:840} INFO - DAG(s) 'example_python_operator' retrieved from /home/airflow/.local/lib/python3.12/site-packages/airflow/example_dags/example_python_operator.py
[2026-05-21T12:55:41.966+0000] {logging_mixin.py:188} INFO - [2026-05-21T12:55:41.966+0000] {dag.py:3089} INFO - Sync 1 DAGs
[2026-05-21T12:55:42.000+0000] {logging_mixin.py:188} INFO - [2026-05-21T12:55:41.999+0000] {dag.py:3947} INFO - Setting next_dagrun for example_python_operator to None, run_after=None
[2026-05-21T12:55:42.053+0000] {processor.py:183} INFO - Processing /home/airflow/.local/lib/python3.12/site-packages/airflow/example_dags/example_python_operator.py took 0.169 seconds
[2026-05-21T12:56:12.380+0000] {processor.py:161} INFO - Started process (PID=21135) to work on /home/airflow/.local/lib/python3.12/site-packages/airflow/example_dags/example_python_operator.py
[2026-05-21T12:56:12.382+0000] {processor.py:830} INFO - Processing file /home/airflow/.local/lib/python3.12/site-packages/airflow/example_dags/example_python_operator.py for tasks to queue
[2026-05-21T12:56:12.385+0000] {logging_mixin.py:188} INFO - [2026-05-21T12:56:12.385+0000] {dagbag.py:545} INFO - Filling up the DagBag from /home/airflow/.local/lib/python3.12/site-packages/airflow/example_dags/example_python_operator.py
[2026-05-21T12:56:12.402+0000] {processor.py:840} INFO - DAG(s) 'example_python_operator' retrieved from /home/airflow/.local/lib/python3.12/site-packages/airflow/example_dags/example_python_operator.py
[2026-05-21T12:56:12.438+0000] {logging_mixin.py:188} INFO - [2026-05-21T12:56:12.438+0000] {dag.py:3089} INFO - Sync 1 DAGs
[2026-05-21T12:56:12.457+0000] {logging_mixin.py:188} INFO - [2026-05-21T12:56:12.457+0000] {dag.py:3947} INFO - Setting next_dagrun for example_python_operator to None, run_after=None
[2026-05-21T12:56:12.487+0000] {processor.py:183} INFO - Processing /home/airflow/.local/lib/python3.12/site-packages/airflow/example_dags/example_python_operator.py took 0.115 seconds
[2026-05-21T12:56:42.746+0000] {processor.py:161} INFO - Started process (PID=21195) to work on /home/airflow/.local/lib/python3.12/site-packages/airflow/example_dags/example_python_operator.py
[2026-05-21T12:56:42.748+0000] {processor.py:830} INFO - Processing file /home/airflow/.local/lib/python3.12/site-packages/airflow/example_dags/example_python_operator.py for tasks to queue
[2026-05-21T12:56:42.752+0000] {logging_mixin.py:188} INFO - [2026-05-21T12:56:42.751+0000] {dagbag.py:545} INFO - Filling up the DagBag from /home/airflow/.local/lib/python3.12/site-packages/airflow/example_dags/example_python_operator.py
[2026-05-21T12:56:42.769+0000] {processor.py:840} INFO - DAG(s) 'example_python_operator' retrieved from /home/airflow/.local/lib/python3.12/site-packages/airflow/example_dags/example_python_operator.py
[2026-05-21T12:56:42.815+0000] {logging_mixin.py:188} INFO - [2026-05-21T12:56:42.814+0000] {dag.py:3089} INFO - Sync 1 DAGs
[2026-05-21T12:56:42.836+0000] {logging_mixin.py:188} INFO - [2026-05-21T12:56:42.835+0000] {dag.py:3947} INFO - Setting next_dagrun for example_python_operator to None, run_after=None
[2026-05-21T12:56:42.868+0000] {processor.py:183} INFO - Processing /home/airflow/.local/lib/python3.12/site-packages/airflow/example_dags/example_python_operator.py took 0.132 seconds
[2026-05-21T12:57:14.792+0000] {processor.py:161} INFO - Started process (PID=21257) to work on /home/airflow/.local/lib/python3.12/site-packages/airflow/example_dags/example_python_operator.py
[2026-05-21T12:57:14.815+0000] {processor.py:830} INFO - Processing file /home/airflow/.local/lib/python3.12/site-packages/airflow/example_dags/example_python_operator.py for tasks to queue
[2026-05-21T12:57:14.824+0000] {logging_mixin.py:188} INFO - [2026-05-21T12:57:14.823+0000] {dagbag.py:545} INFO - Filling up the DagBag from /home/airflow/.local/lib/python3.12/site-packages/airflow/example_dags/example_python_operator.py
[2026-05-21T12:57:14.929+0000] {processor.py:840} INFO - DAG(s) 'example_python_operator' retrieved from /home/airflow/.local/lib/python3.12/site-packages/airflow/example_dags/example_python_operator.py
[2026-05-21T12:57:15.079+0000] {logging_mixin.py:188} INFO - [2026-05-21T12:57:15.070+0000] {dag.py:3089} INFO - Sync 1 DAGs
[2026-05-21T12:57:15.150+0000] {logging_mixin.py:188} INFO - [2026-05-21T12:57:15.150+0000] {dag.py:3947} INFO - Setting next_dagrun for example_python_operator to None, run_after=None
[2026-05-21T12:57:15.265+0000] {processor.py:183} INFO - Processing /home/airflow/.local/lib/python3.12/site-packages/airflow/example_dags/example_python_operator.py took 0.507 seconds
[2026-05-21T12:57:46.252+0000] {processor.py:161} INFO - Started process (PID=21322) to work on /home/airflow/.local/lib/python3.12/site-packages/airflow/example_dags/example_python_operator.py
[2026-05-21T12:57:46.256+0000] {processor.py:830} INFO - Processing file /home/airflow/.local/lib/python3.12/site-packages/airflow/example_dags/example_python_operator.py for tasks to queue
[2026-05-21T12:57:46.262+0000] {logging_mixin.py:188} INFO - [2026-05-21T12:57:46.261+0000] {dagbag.py:545} INFO - Filling up the DagBag from /home/airflow/.local/lib/python3.12/site-packages/airflow/example_dags/example_python_operator.py
[2026-05-21T12:57:46.280+0000] {processor.py:840} INFO - DAG(s) 'example_python_operator' retrieved from /home/airflow/.local/lib/python3.12/site-packages/airflow/example_dags/example_python_operator.py
[2026-05-21T12:57:46.335+0000] {logging_mixin.py:188} INFO - [2026-05-21T12:57:46.334+0000] {dag.py:3089} INFO - Sync 1 DAGs
[2026-05-21T12:57:46.370+0000] {logging_mixin.py:188} INFO - [2026-05-21T12:57:46.370+0000] {dag.py:3947} INFO - Setting next_dagrun for example_python_operator to None, run_after=None
[2026-05-21T12:57:46.427+0000] {processor.py:183} INFO - Processing /home/airflow/.local/lib/python3.12/site-packages/airflow/example_dags/example_python_operator.py took 0.192 seconds
[2026-05-21T12:58:16.727+0000] {processor.py:161} INFO - Started process (PID=21382) to work on /home/airflow/.local/lib/python3.12/site-packages/airflow/example_dags/example_python_operator.py
[2026-05-21T12:58:16.729+0000] {processor.py:830} INFO - Processing file /home/airflow/.local/lib/python3.12/site-packages/airflow/example_dags/example_python_operator.py for tasks to queue
[2026-05-21T12:58:16.732+0000] {logging_mixin.py:188} INFO - [2026-05-21T12:58:16.732+0000] {dagbag.py:545} INFO - Filling up the DagBag from /home/airflow/.local/lib/python3.12/site-packages/airflow/example_dags/example_python_operator.py
[2026-05-21T12:58:16.750+0000] {processor.py:840} INFO - DAG(s) 'example_python_operator' retrieved from /home/airflow/.local/lib/python3.12/site-packages/airflow/example_dags/example_python_operator.py
[2026-05-21T12:58:16.791+0000] {logging_mixin.py:188} INFO - [2026-05-21T12:58:16.790+0000] {dag.py:3089} INFO - Sync 1 DAGs
[2026-05-21T12:58:16.811+0000] {logging_mixin.py:188} INFO - [2026-05-21T12:58:16.811+0000] {dag.py:3947} INFO - Setting next_dagrun for example_python_operator to None, run_after=None
[2026-05-21T12:58:16.848+0000] {processor.py:183} INFO - Processing /home/airflow/.local/lib/python3.12/site-packages/airflow/example_dags/example_python_operator.py took 0.135 seconds
[2026-05-21T12:58:47.160+0000] {processor.py:161} INFO - Started process (PID=21442) to work on /home/airflow/.local/lib/python3.12/site-packages/airflow/example_dags/example_python_operator.py
[2026-05-21T12:58:47.162+0000] {processor.py:830} INFO - Processing file /home/airflow/.local/lib/python3.12/site-packages/airflow/example_dags/example_python_operator.py for tasks to queue
[2026-05-21T12:58:47.165+0000] {logging_mixin.py:188} INFO - [2026-05-21T12:58:47.165+0000] {dagbag.py:545} INFO - Filling up the DagBag from /home/airflow/.local/lib/python3.12/site-packages/airflow/example_dags/example_python_operator.py
[2026-05-21T12:58:47.183+0000] {processor.py:840} INFO - DAG(s) 'example_python_operator' retrieved from /home/airflow/.local/lib/python3.12/site-packages/airflow/example_dags/example_python_operator.py
[2026-05-21T12:58:47.231+0000] {logging_mixin.py:188} INFO - [2026-05-21T12:58:47.231+0000] {dag.py:3089} INFO - Sync 1 DAGs
[2026-05-21T12:58:47.252+0000] {logging_mixin.py:188} INFO - [2026-05-21T12:58:47.252+0000] {dag.py:3947} INFO - Setting next_dagrun for example_python_operator to None, run_after=None
[2026-05-21T12:58:47.286+0000] {processor.py:183} INFO - Processing /home/airflow/.local/lib/python3.12/site-packages/airflow/example_dags/example_python_operator.py took 0.136 seconds
[2026-05-21T12:59:17.852+0000] {processor.py:161} INFO - Started process (PID=21502) to work on /home/airflow/.local/lib/python3.12/site-packages/airflow/example_dags/example_python_operator.py
[2026-05-21T12:59:17.853+0000] {processor.py:830} INFO - Processing file /home/airflow/.local/lib/python3.12/site-packages/airflow/example_dags/example_python_operator.py for tasks to queue
[2026-05-21T12:59:17.856+0000] {logging_mixin.py:188} INFO - [2026-05-21T12:59:17.856+0000] {dagbag.py:545} INFO - Filling up the DagBag from /home/airflow/.local/lib/python3.12/site-packages/airflow/example_dags/example_python_operator.py
[2026-05-21T12:59:17.872+0000] {processor.py:840} INFO - DAG(s) 'example_python_operator' retrieved from /home/airflow/.local/lib/python3.12/site-packages/airflow/example_dags/example_python_operator.py
[2026-05-21T12:59:17.907+0000] {logging_mixin.py:188} INFO - [2026-05-21T12:59:17.907+0000] {dag.py:3089} INFO - Sync 1 DAGs
[2026-05-21T12:59:17.927+0000] {logging_mixin.py:188} INFO - [2026-05-21T12:59:17.926+0000] {dag.py:3947} INFO - Setting next_dagrun for example_python_operator to None, run_after=None
[2026-05-21T12:59:17.957+0000] {processor.py:183} INFO - Processing /home/airflow/.local/lib/python3.12/site-packages/airflow/example_dags/example_python_operator.py took 0.114 seconds
[2026-05-21T12:59:48.189+0000] {processor.py:161} INFO - Started process (PID=21563) to work on /home/airflow/.local/lib/python3.12/site-packages/airflow/example_dags/example_python_operator.py
[2026-05-21T12:59:48.191+0000] {processor.py:830} INFO - Processing file /home/airflow/.local/lib/python3.12/site-packages/airflow/example_dags/example_python_operator.py for tasks to queue
[2026-05-21T12:59:48.195+0000] {logging_mixin.py:188} INFO - [2026-05-21T12:59:48.194+0000] {dagbag.py:545} INFO - Filling up the DagBag from /home/airflow/.local/lib/python3.12/site-packages/airflow/example_dags/example_python_operator.py
[2026-05-21T12:59:48.217+0000] {processor.py:840} INFO - DAG(s) 'example_python_operator' retrieved from /home/airflow/.local/lib/python3.12/site-packages/airflow/example_dags/example_python_operator.py
[2026-05-21T12:59:48.264+0000] {logging_mixin.py:188} INFO - [2026-05-21T12:59:48.264+0000] {dag.py:3089} INFO - Sync 1 DAGs
[2026-05-21T12:59:48.293+0000] {logging_mixin.py:188} INFO - [2026-05-21T12:59:48.292+0000] {dag.py:3947} INFO - Setting next_dagrun for example_python_operator to None, run_after=None
[2026-05-21T12:59:48.359+0000] {processor.py:183} INFO - Processing /home/airflow/.local/lib/python3.12/site-packages/airflow/example_dags/example_python_operator.py took 0.182 seconds
[2026-05-21T13:00:18.641+0000] {processor.py:161} INFO - Started process (PID=21623) to work on /home/airflow/.local/lib/python3.12/site-packages/airflow/example_dags/example_python_operator.py
[2026-05-21T13:00:18.643+0000] {processor.py:830} INFO - Processing file /home/airflow/.local/lib/python3.12/site-packages/airflow/example_dags/example_python_operator.py for tasks to queue
[2026-05-21T13:00:18.646+0000] {logging_mixin.py:188} INFO - [2026-05-21T13:00:18.645+0000] {dagbag.py:545} INFO - Filling up the DagBag from /home/airflow/.local/lib/python3.12/site-packages/airflow/example_dags/example_python_operator.py
[2026-05-21T13:00:18.664+0000] {processor.py:840} INFO - DAG(s) 'example_python_operator' retrieved from /home/airflow/.local/lib/python3.12/site-packages/airflow/example_dags/example_python_operator.py
[2026-05-21T13:00:18.704+0000] {logging_mixin.py:188} INFO - [2026-05-21T13:00:18.704+0000] {dag.py:3089} INFO - Sync 1 DAGs
[2026-05-21T13:00:18.748+0000] {logging_mixin.py:188} INFO - [2026-05-21T13:00:18.748+0000] {dag.py:3947} INFO - Setting next_dagrun for example_python_operator to None, run_after=None
[2026-05-21T13:00:18.782+0000] {processor.py:183} INFO - Processing /home/airflow/.local/lib/python3.12/site-packages/airflow/example_dags/example_python_operator.py took 0.150 seconds
[2026-05-21T13:00:49.160+0000] {processor.py:161} INFO - Started process (PID=21683) to work on /home/airflow/.local/lib/python3.12/site-packages/airflow/example_dags/example_python_operator.py
[2026-05-21T13:00:49.162+0000] {processor.py:830} INFO - Processing file /home/airflow/.local/lib/python3.12/site-packages/airflow/example_dags/example_python_operator.py for tasks to queue
[2026-05-21T13:00:49.165+0000] {logging_mixin.py:188} INFO - [2026-05-21T13:00:49.164+0000] {dagbag.py:545} INFO - Filling up the DagBag from /home/airflow/.local/lib/python3.12/site-packages/airflow/example_dags/example_python_operator.py
[2026-05-21T13:00:49.184+0000] {processor.py:840} INFO - DAG(s) 'example_python_operator' retrieved from /home/airflow/.local/lib/python3.12/site-packages/airflow/example_dags/example_python_operator.py
[2026-05-21T13:00:49.222+0000] {logging_mixin.py:188} INFO - [2026-05-21T13:00:49.221+0000] {dag.py:3089} INFO - Sync 1 DAGs
[2026-05-21T13:00:49.248+0000] {logging_mixin.py:188} INFO - [2026-05-21T13:00:49.248+0000] {dag.py:3947} INFO - Setting next_dagrun for example_python_operator to None, run_after=None
[2026-05-21T13:00:49.278+0000] {processor.py:183} INFO - Processing /home/airflow/.local/lib/python3.12/site-packages/airflow/example_dags/example_python_operator.py took 0.128 seconds
[2026-05-21T13:01:20.206+0000] {processor.py:161} INFO - Started process (PID=21742) to work on /home/airflow/.local/lib/python3.12/site-packages/airflow/example_dags/example_python_operator.py
[2026-05-21T13:01:20.208+0000] {processor.py:830} INFO - Processing file /home/airflow/.local/lib/python3.12/site-packages/airflow/example_dags/example_python_operator.py for tasks to queue
[2026-05-21T13:01:20.211+0000] {logging_mixin.py:188} INFO - [2026-05-21T13:01:20.210+0000] {dagbag.py:545} INFO - Filling up the DagBag from /home/airflow/.local/lib/python3.12/site-packages/airflow/example_dags/example_python_operator.py
[2026-05-21T13:01:20.226+0000] {processor.py:840} INFO - DAG(s) 'example_python_operator' retrieved from /home/airflow/.local/lib/python3.12/site-packages/airflow/example_dags/example_python_operator.py
[2026-05-21T13:01:20.261+0000] {logging_mixin.py:188} INFO - [2026-05-21T13:01:20.260+0000] {dag.py:3089} INFO - Sync 1 DAGs
[2026-05-21T13:01:20.281+0000] {logging_mixin.py:188} INFO - [2026-05-21T13:01:20.281+0000] {dag.py:3947} INFO - Setting next_dagrun for example_python_operator to None, run_after=None
[2026-05-21T13:01:20.313+0000] {processor.py:183} INFO - Processing /home/airflow/.local/lib/python3.12/site-packages/airflow/example_dags/example_python_operator.py took 0.116 seconds
[2026-05-21T13:01:50.698+0000] {processor.py:161} INFO - Started process (PID=21801) to work on /home/airflow/.local/lib/python3.12/site-packages/airflow/example_dags/example_python_operator.py
[2026-05-21T13:01:50.702+0000] {processor.py:830} INFO - Processing file /home/airflow/.local/lib/python3.12/site-packages/airflow/example_dags/example_python_operator.py for tasks to queue
[2026-05-21T13:01:50.706+0000] {logging_mixin.py:188} INFO - [2026-05-21T13:01:50.705+0000] {dagbag.py:545} INFO - Filling up the DagBag from /home/airflow/.local/lib/python3.12/site-packages/airflow/example_dags/example_python_operator.py
[2026-05-21T13:01:50.721+0000] {processor.py:840} INFO - DAG(s) 'example_python_operator' retrieved from /home/airflow/.local/lib/python3.12/site-packages/airflow/example_dags/example_python_operator.py
[2026-05-21T13:01:50.756+0000] {logging_mixin.py:188} INFO - [2026-05-21T13:01:50.756+0000] {dag.py:3089} INFO - Sync 1 DAGs
[2026-05-21T13:01:50.784+0000] {logging_mixin.py:188} INFO - [2026-05-21T13:01:50.783+0000] {dag.py:3947} INFO - Setting next_dagrun for example_python_operator to None, run_after=None
[2026-05-21T13:01:50.828+0000] {processor.py:183} INFO - Processing /home/airflow/.local/lib/python3.12/site-packages/airflow/example_dags/example_python_operator.py took 0.143 seconds
[2026-05-21T13:02:22.022+0000] {processor.py:161} INFO - Started process (PID=21864) to work on /home/airflow/.local/lib/python3.12/site-packages/airflow/example_dags/example_python_operator.py
[2026-05-21T13:02:22.024+0000] {processor.py:830} INFO - Processing file /home/airflow/.local/lib/python3.12/site-packages/airflow/example_dags/example_python_operator.py for tasks to queue
[2026-05-21T13:02:22.028+0000] {logging_mixin.py:188} INFO - [2026-05-21T13:02:22.027+0000] {dagbag.py:545} INFO - Filling up the DagBag from /home/airflow/.local/lib/python3.12/site-packages/airflow/example_dags/example_python_operator.py
[2026-05-21T13:02:22.047+0000] {processor.py:840} INFO - DAG(s) 'example_python_operator' retrieved from /home/airflow/.local/lib/python3.12/site-packages/airflow/example_dags/example_python_operator.py
[2026-05-21T13:02:22.086+0000] {logging_mixin.py:188} INFO - [2026-05-21T13:02:22.086+0000] {dag.py:3089} INFO - Sync 1 DAGs
[2026-05-21T13:02:22.105+0000] {logging_mixin.py:188} INFO - [2026-05-21T13:02:22.104+0000] {dag.py:3947} INFO - Setting next_dagrun for example_python_operator to None, run_after=None
[2026-05-21T13:02:22.137+0000] {processor.py:183} INFO - Processing /home/airflow/.local/lib/python3.12/site-packages/airflow/example_dags/example_python_operator.py took 0.127 seconds
[2026-05-21T13:02:52.417+0000] {processor.py:161} INFO - Started process (PID=21923) to work on /home/airflow/.local/lib/python3.12/site-packages/airflow/example_dags/example_python_operator.py
[2026-05-21T13:02:52.421+0000] {processor.py:830} INFO - Processing file /home/airflow/.local/lib/python3.12/site-packages/airflow/example_dags/example_python_operator.py for tasks to queue
[2026-05-21T13:02:52.425+0000] {logging_mixin.py:188} INFO - [2026-05-21T13:02:52.424+0000] {dagbag.py:545} INFO - Filling up the DagBag from /home/airflow/.local/lib/python3.12/site-packages/airflow/example_dags/example_python_operator.py
[2026-05-21T13:02:52.441+0000] {processor.py:840} INFO - DAG(s) 'example_python_operator' retrieved from /home/airflow/.local/lib/python3.12/site-packages/airflow/example_dags/example_python_operator.py
[2026-05-21T13:02:52.474+0000] {logging_mixin.py:188} INFO - [2026-05-21T13:02:52.474+0000] {dag.py:3089} INFO - Sync 1 DAGs
[2026-05-21T13:02:52.492+0000] {logging_mixin.py:188} INFO - [2026-05-21T13:02:52.491+0000] {dag.py:3947} INFO - Setting next_dagrun for example_python_operator to None, run_after=None
[2026-05-21T13:02:52.526+0000] {processor.py:183} INFO - Processing /home/airflow/.local/lib/python3.12/site-packages/airflow/example_dags/example_python_operator.py took 0.118 seconds
[2026-05-21T13:03:22.978+0000] {processor.py:161} INFO - Started process (PID=21983) to work on /home/airflow/.local/lib/python3.12/site-packages/airflow/example_dags/example_python_operator.py
[2026-05-21T13:03:22.980+0000] {processor.py:830} INFO - Processing file /home/airflow/.local/lib/python3.12/site-packages/airflow/example_dags/example_python_operator.py for tasks to queue
[2026-05-21T13:03:22.987+0000] {logging_mixin.py:188} INFO - [2026-05-21T13:03:22.986+0000] {dagbag.py:545} INFO - Filling up the DagBag from /home/airflow/.local/lib/python3.12/site-packages/airflow/example_dags/example_python_operator.py
[2026-05-21T13:03:23.012+0000] {processor.py:840} INFO - DAG(s) 'example_python_operator' retrieved from /home/airflow/.local/lib/python3.12/site-packages/airflow/example_dags/example_python_operator.py
[2026-05-21T13:03:23.060+0000] {logging_mixin.py:188} INFO - [2026-05-21T13:03:23.060+0000] {dag.py:3089} INFO - Sync 1 DAGs
[2026-05-21T13:03:23.082+0000] {logging_mixin.py:188} INFO - [2026-05-21T13:03:23.082+0000] {dag.py:3947} INFO - Setting next_dagrun for example_python_operator to None, run_after=None
[2026-05-21T13:03:23.115+0000] {processor.py:183} INFO - Processing /home/airflow/.local/lib/python3.12/site-packages/airflow/example_dags/example_python_operator.py took 0.150 seconds
[2026-05-21T13:03:53.892+0000] {processor.py:161} INFO - Started process (PID=22044) to work on /home/airflow/.local/lib/python3.12/site-packages/airflow/example_dags/example_python_operator.py
[2026-05-21T13:03:53.894+0000] {processor.py:830} INFO - Processing file /home/airflow/.local/lib/python3.12/site-packages/airflow/example_dags/example_python_operator.py for tasks to queue
[2026-05-21T13:03:53.897+0000] {logging_mixin.py:188} INFO - [2026-05-21T13:03:53.896+0000] {dagbag.py:545} INFO - Filling up the DagBag from /home/airflow/.local/lib/python3.12/site-packages/airflow/example_dags/example_python_operator.py
[2026-05-21T13:03:53.913+0000] {processor.py:840} INFO - DAG(s) 'example_python_operator' retrieved from /home/airflow/.local/lib/python3.12/site-packages/airflow/example_dags/example_python_operator.py
[2026-05-21T13:03:53.947+0000] {logging_mixin.py:188} INFO - [2026-05-21T13:03:53.947+0000] {dag.py:3089} INFO - Sync 1 DAGs
[2026-05-21T13:03:53.973+0000] {logging_mixin.py:188} INFO - [2026-05-21T13:03:53.973+0000] {dag.py:3947} INFO - Setting next_dagrun for example_python_operator to None, run_after=None
[2026-05-21T13:03:54.213+0000] {processor.py:183} INFO - Processing /home/airflow/.local/lib/python3.12/site-packages/airflow/example_dags/example_python_operator.py took 0.333 seconds
[2026-05-21T13:04:24.481+0000] {processor.py:161} INFO - Started process (PID=22104) to work on /home/airflow/.local/lib/python3.12/site-packages/airflow/example_dags/example_python_operator.py
[2026-05-21T13:04:24.483+0000] {processor.py:830} INFO - Processing file /home/airflow/.local/lib/python3.12/site-packages/airflow/example_dags/example_python_operator.py for tasks to queue
[2026-05-21T13:04:24.487+0000] {logging_mixin.py:188} INFO - [2026-05-21T13:04:24.486+0000] {dagbag.py:545} INFO - Filling up the DagBag from /home/airflow/.local/lib/python3.12/site-packages/airflow/example_dags/example_python_operator.py
[2026-05-21T13:04:24.506+0000] {processor.py:840} INFO - DAG(s) 'example_python_operator' retrieved from /home/airflow/.local/lib/python3.12/site-packages/airflow/example_dags/example_python_operator.py
[2026-05-21T13:04:24.550+0000] {logging_mixin.py:188} INFO - [2026-05-21T13:04:24.550+0000] {dag.py:3089} INFO - Sync 1 DAGs
[2026-05-21T13:04:24.576+0000] {logging_mixin.py:188} INFO - [2026-05-21T13:04:24.576+0000] {dag.py:3947} INFO - Setting next_dagrun for example_python_operator to None, run_after=None
[2026-05-21T13:04:24.619+0000] {processor.py:183} INFO - Processing /home/airflow/.local/lib/python3.12/site-packages/airflow/example_dags/example_python_operator.py took 0.148 seconds
[2026-05-21T13:04:54.795+0000] {processor.py:161} INFO - Started process (PID=22164) to work on /home/airflow/.local/lib/python3.12/site-packages/airflow/example_dags/example_python_operator.py
[2026-05-21T13:04:54.796+0000] {processor.py:830} INFO - Processing file /home/airflow/.local/lib/python3.12/site-packages/airflow/example_dags/example_python_operator.py for tasks to queue
[2026-05-21T13:04:54.800+0000] {logging_mixin.py:188} INFO - [2026-05-21T13:04:54.800+0000] {dagbag.py:545} INFO - Filling up the DagBag from /home/airflow/.local/lib/python3.12/site-packages/airflow/example_dags/example_python_operator.py
[2026-05-21T13:04:54.819+0000] {processor.py:840} INFO - DAG(s) 'example_python_operator' retrieved from /home/airflow/.local/lib/python3.12/site-packages/airflow/example_dags/example_python_operator.py
[2026-05-21T13:04:54.857+0000] {logging_mixin.py:188} INFO - [2026-05-21T13:04:54.857+0000] {dag.py:3089} INFO - Sync 1 DAGs
[2026-05-21T13:04:54.878+0000] {logging_mixin.py:188} INFO - [2026-05-21T13:04:54.878+0000] {dag.py:3947} INFO - Setting next_dagrun for example_python_operator to None, run_after=None
[2026-05-21T13:04:54.911+0000] {processor.py:183} INFO - Processing /home/airflow/.local/lib/python3.12/site-packages/airflow/example_dags/example_python_operator.py took 0.127 seconds
[2026-05-21T13:05:25.508+0000] {processor.py:161} INFO - Started process (PID=22224) to work on /home/airflow/.local/lib/python3.12/site-packages/airflow/example_dags/example_python_operator.py
[2026-05-21T13:05:25.510+0000] {processor.py:830} INFO - Processing file /home/airflow/.local/lib/python3.12/site-packages/airflow/example_dags/example_python_operator.py for tasks to queue
[2026-05-21T13:05:25.514+0000] {logging_mixin.py:188} INFO - [2026-05-21T13:05:25.513+0000] {dagbag.py:545} INFO - Filling up the DagBag from /home/airflow/.local/lib/python3.12/site-packages/airflow/example_dags/example_python_operator.py
[2026-05-21T13:05:25.533+0000] {processor.py:840} INFO - DAG(s) 'example_python_operator' retrieved from /home/airflow/.local/lib/python3.12/site-packages/airflow/example_dags/example_python_operator.py
[2026-05-21T13:05:25.583+0000] {logging_mixin.py:188} INFO - [2026-05-21T13:05:25.582+0000] {dag.py:3089} INFO - Sync 1 DAGs
[2026-05-21T13:05:25.609+0000] {logging_mixin.py:188} INFO - [2026-05-21T13:05:25.609+0000] {dag.py:3947} INFO - Setting next_dagrun for example_python_operator to None, run_after=None
[2026-05-21T13:05:25.691+0000] {processor.py:183} INFO - Processing /home/airflow/.local/lib/python3.12/site-packages/airflow/example_dags/example_python_operator.py took 0.194 seconds
[2026-05-21T13:05:56.144+0000] {processor.py:161} INFO - Started process (PID=22284) to work on /home/airflow/.local/lib/python3.12/site-packages/airflow/example_dags/example_python_operator.py
[2026-05-21T13:05:56.146+0000] {processor.py:830} INFO - Processing file /home/airflow/.local/lib/python3.12/site-packages/airflow/example_dags/example_python_operator.py for tasks to queue
[2026-05-21T13:05:56.149+0000] {logging_mixin.py:188} INFO - [2026-05-21T13:05:56.149+0000] {dagbag.py:545} INFO - Filling up the DagBag from /home/airflow/.local/lib/python3.12/site-packages/airflow/example_dags/example_python_operator.py
[2026-05-21T13:05:56.164+0000] {processor.py:840} INFO - DAG(s) 'example_python_operator' retrieved from /home/airflow/.local/lib/python3.12/site-packages/airflow/example_dags/example_python_operator.py
[2026-05-21T13:05:56.196+0000] {logging_mixin.py:188} INFO - [2026-05-21T13:05:56.195+0000] {dag.py:3089} INFO - Sync 1 DAGs
[2026-05-21T13:05:56.217+0000] {logging_mixin.py:188} INFO - [2026-05-21T13:05:56.216+0000] {dag.py:3947} INFO - Setting next_dagrun for example_python_operator to None, run_after=None
[2026-05-21T13:05:56.412+0000] {processor.py:183} INFO - Processing /home/airflow/.local/lib/python3.12/site-packages/airflow/example_dags/example_python_operator.py took 0.275 seconds
[2026-05-21T13:06:26.585+0000] {processor.py:161} INFO - Started process (PID=22344) to work on /home/airflow/.local/lib/python3.12/site-packages/airflow/example_dags/example_python_operator.py
[2026-05-21T13:06:26.586+0000] {processor.py:830} INFO - Processing file /home/airflow/.local/lib/python3.12/site-packages/airflow/example_dags/example_python_operator.py for tasks to queue
[2026-05-21T13:06:26.590+0000] {logging_mixin.py:188} INFO - [2026-05-21T13:06:26.589+0000] {dagbag.py:545} INFO - Filling up the DagBag from /home/airflow/.local/lib/python3.12/site-packages/airflow/example_dags/example_python_operator.py
[2026-05-21T13:06:26.608+0000] {processor.py:840} INFO - DAG(s) 'example_python_operator' retrieved from /home/airflow/.local/lib/python3.12/site-packages/airflow/example_dags/example_python_operator.py
[2026-05-21T13:06:26.647+0000] {logging_mixin.py:188} INFO - [2026-05-21T13:06:26.646+0000] {dag.py:3089} INFO - Sync 1 DAGs
[2026-05-21T13:06:26.667+0000] {logging_mixin.py:188} INFO - [2026-05-21T13:06:26.666+0000] {dag.py:3947} INFO - Setting next_dagrun for example_python_operator to None, run_after=None
[2026-05-21T13:06:26.700+0000] {processor.py:183} INFO - Processing /home/airflow/.local/lib/python3.12/site-packages/airflow/example_dags/example_python_operator.py took 0.126 seconds
[2026-05-21T13:06:57.009+0000] {processor.py:161} INFO - Started process (PID=22404) to work on /home/airflow/.local/lib/python3.12/site-packages/airflow/example_dags/example_python_operator.py
[2026-05-21T13:06:57.011+0000] {processor.py:830} INFO - Processing file /home/airflow/.local/lib/python3.12/site-packages/airflow/example_dags/example_python_operator.py for tasks to queue
[2026-05-21T13:06:57.015+0000] {logging_mixin.py:188} INFO - [2026-05-21T13:06:57.014+0000] {dagbag.py:545} INFO - Filling up the DagBag from /home/airflow/.local/lib/python3.12/site-packages/airflow/example_dags/example_python_operator.py
[2026-05-21T13:06:57.036+0000] {processor.py:840} INFO - DAG(s) 'example_python_operator' retrieved from /home/airflow/.local/lib/python3.12/site-packages/airflow/example_dags/example_python_operator.py
[2026-05-21T13:06:57.088+0000] {logging_mixin.py:188} INFO - [2026-05-21T13:06:57.087+0000] {dag.py:3089} INFO - Sync 1 DAGs
[2026-05-21T13:06:57.114+0000] {logging_mixin.py:188} INFO - [2026-05-21T13:06:57.113+0000] {dag.py:3947} INFO - Setting next_dagrun for example_python_operator to None, run_after=None
[2026-05-21T13:06:57.161+0000] {processor.py:183} INFO - Processing /home/airflow/.local/lib/python3.12/site-packages/airflow/example_dags/example_python_operator.py took 0.163 seconds
[2026-05-21T13:07:27.906+0000] {processor.py:161} INFO - Started process (PID=22463) to work on /home/airflow/.local/lib/python3.12/site-packages/airflow/example_dags/example_python_operator.py
[2026-05-21T13:07:27.908+0000] {processor.py:830} INFO - Processing file /home/airflow/.local/lib/python3.12/site-packages/airflow/example_dags/example_python_operator.py for tasks to queue
[2026-05-21T13:07:27.911+0000] {logging_mixin.py:188} INFO - [2026-05-21T13:07:27.911+0000] {dagbag.py:545} INFO - Filling up the DagBag from /home/airflow/.local/lib/python3.12/site-packages/airflow/example_dags/example_python_operator.py
[2026-05-21T13:07:27.930+0000] {processor.py:840} INFO - DAG(s) 'example_python_operator' retrieved from /home/airflow/.local/lib/python3.12/site-packages/airflow/example_dags/example_python_operator.py
[2026-05-21T13:07:27.966+0000] {logging_mixin.py:188} INFO - [2026-05-21T13:07:27.966+0000] {dag.py:3089} INFO - Sync 1 DAGs
[2026-05-21T13:07:27.992+0000] {logging_mixin.py:188} INFO - [2026-05-21T13:07:27.992+0000] {dag.py:3947} INFO - Setting next_dagrun for example_python_operator to None, run_after=None
[2026-05-21T13:07:28.041+0000] {processor.py:183} INFO - Processing /home/airflow/.local/lib/python3.12/site-packages/airflow/example_dags/example_python_operator.py took 0.145 seconds
[2026-05-21T13:07:58.794+0000] {processor.py:161} INFO - Started process (PID=22523) to work on /home/airflow/.local/lib/python3.12/site-packages/airflow/example_dags/example_python_operator.py
[2026-05-21T13:07:58.797+0000] {processor.py:830} INFO - Processing file /home/airflow/.local/lib/python3.12/site-packages/airflow/example_dags/example_python_operator.py for tasks to queue
[2026-05-21T13:07:58.801+0000] {logging_mixin.py:188} INFO - [2026-05-21T13:07:58.800+0000] {dagbag.py:545} INFO - Filling up the DagBag from /home/airflow/.local/lib/python3.12/site-packages/airflow/example_dags/example_python_operator.py
[2026-05-21T13:07:58.828+0000] {processor.py:840} INFO - DAG(s) 'example_python_operator' retrieved from /home/airflow/.local/lib/python3.12/site-packages/airflow/example_dags/example_python_operator.py
[2026-05-21T13:07:58.891+0000] {logging_mixin.py:188} INFO - [2026-05-21T13:07:58.890+0000] {dag.py:3089} INFO - Sync 1 DAGs
[2026-05-21T13:07:58.936+0000] {logging_mixin.py:188} INFO - [2026-05-21T13:07:58.935+0000] {dag.py:3947} INFO - Setting next_dagrun for example_python_operator to None, run_after=None
[2026-05-21T13:07:59.034+0000] {processor.py:183} INFO - Processing /home/airflow/.local/lib/python3.12/site-packages/airflow/example_dags/example_python_operator.py took 0.255 seconds
[2026-05-21T13:08:38.575+0000] {processor.py:161} INFO - Started process (PID=22585) to work on /home/airflow/.local/lib/python3.12/site-packages/airflow/example_dags/example_python_operator.py
[2026-05-21T13:08:38.602+0000] {processor.py:830} INFO - Processing file /home/airflow/.local/lib/python3.12/site-packages/airflow/example_dags/example_python_operator.py for tasks to queue
[2026-05-21T13:08:38.619+0000] {logging_mixin.py:188} INFO - [2026-05-21T13:08:38.618+0000] {dagbag.py:545} INFO - Filling up the DagBag from /home/airflow/.local/lib/python3.12/site-packages/airflow/example_dags/example_python_operator.py
[2026-05-21T13:08:38.674+0000] {processor.py:840} INFO - DAG(s) 'example_python_operator' retrieved from /home/airflow/.local/lib/python3.12/site-packages/airflow/example_dags/example_python_operator.py
[2026-05-21T13:08:38.822+0000] {logging_mixin.py:188} INFO - [2026-05-21T13:08:38.821+0000] {dag.py:3089} INFO - Sync 1 DAGs
[2026-05-21T13:08:38.952+0000] {logging_mixin.py:188} INFO - [2026-05-21T13:08:38.951+0000] {dag.py:3947} INFO - Setting next_dagrun for example_python_operator to None, run_after=None
[2026-05-21T13:08:39.168+0000] {processor.py:183} INFO - Processing /home/airflow/.local/lib/python3.12/site-packages/airflow/example_dags/example_python_operator.py took 0.630 seconds
[2026-05-21T13:09:09.688+0000] {processor.py:161} INFO - Started process (PID=22645) to work on /home/airflow/.local/lib/python3.12/site-packages/airflow/example_dags/example_python_operator.py
[2026-05-21T13:09:09.693+0000] {processor.py:830} INFO - Processing file /home/airflow/.local/lib/python3.12/site-packages/airflow/example_dags/example_python_operator.py for tasks to queue
[2026-05-21T13:09:09.708+0000] {logging_mixin.py:188} INFO - [2026-05-21T13:09:09.707+0000] {dagbag.py:545} INFO - Filling up the DagBag from /home/airflow/.local/lib/python3.12/site-packages/airflow/example_dags/example_python_operator.py
[2026-05-21T13:09:09.780+0000] {processor.py:840} INFO - DAG(s) 'example_python_operator' retrieved from /home/airflow/.local/lib/python3.12/site-packages/airflow/example_dags/example_python_operator.py
[2026-05-21T13:09:09.907+0000] {logging_mixin.py:188} INFO - [2026-05-21T13:09:09.905+0000] {dag.py:3089} INFO - Sync 1 DAGs
[2026-05-21T13:09:09.953+0000] {logging_mixin.py:188} INFO - [2026-05-21T13:09:09.953+0000] {dag.py:3947} INFO - Setting next_dagrun for example_python_operator to None, run_after=None
[2026-05-21T13:09:10.059+0000] {processor.py:183} INFO - Processing /home/airflow/.local/lib/python3.12/site-packages/airflow/example_dags/example_python_operator.py took 0.408 seconds
[2026-05-21T13:09:41.083+0000] {processor.py:161} INFO - Started process (PID=22704) to work on /home/airflow/.local/lib/python3.12/site-packages/airflow/example_dags/example_python_operator.py
[2026-05-21T13:09:41.086+0000] {processor.py:830} INFO - Processing file /home/airflow/.local/lib/python3.12/site-packages/airflow/example_dags/example_python_operator.py for tasks to queue
[2026-05-21T13:09:41.091+0000] {logging_mixin.py:188} INFO - [2026-05-21T13:09:41.090+0000] {dagbag.py:545} INFO - Filling up the DagBag from /home/airflow/.local/lib/python3.12/site-packages/airflow/example_dags/example_python_operator.py
[2026-05-21T13:09:41.124+0000] {processor.py:840} INFO - DAG(s) 'example_python_operator' retrieved from /home/airflow/.local/lib/python3.12/site-packages/airflow/example_dags/example_python_operator.py
[2026-05-21T13:09:41.183+0000] {logging_mixin.py:188} INFO - [2026-05-21T13:09:41.182+0000] {dag.py:3089} INFO - Sync 1 DAGs
[2026-05-21T13:09:41.215+0000] {logging_mixin.py:188} INFO - [2026-05-21T13:09:41.214+0000] {dag.py:3947} INFO - Setting next_dagrun for example_python_operator to None, run_after=None
[2026-05-21T13:09:41.313+0000] {processor.py:183} INFO - Processing /home/airflow/.local/lib/python3.12/site-packages/airflow/example_dags/example_python_operator.py took 0.248 seconds
[2026-05-21T13:10:12.067+0000] {processor.py:161} INFO - Started process (PID=22763) to work on /home/airflow/.local/lib/python3.12/site-packages/airflow/example_dags/example_python_operator.py
[2026-05-21T13:10:12.070+0000] {processor.py:830} INFO - Processing file /home/airflow/.local/lib/python3.12/site-packages/airflow/example_dags/example_python_operator.py for tasks to queue
[2026-05-21T13:10:12.074+0000] {logging_mixin.py:188} INFO - [2026-05-21T13:10:12.074+0000] {dagbag.py:545} INFO - Filling up the DagBag from /home/airflow/.local/lib/python3.12/site-packages/airflow/example_dags/example_python_operator.py
[2026-05-21T13:10:12.097+0000] {processor.py:840} INFO - DAG(s) 'example_python_operator' retrieved from /home/airflow/.local/lib/python3.12/site-packages/airflow/example_dags/example_python_operator.py
[2026-05-21T13:10:12.149+0000] {logging_mixin.py:188} INFO - [2026-05-21T13:10:12.148+0000] {dag.py:3089} INFO - Sync 1 DAGs
[2026-05-21T13:10:12.186+0000] {logging_mixin.py:188} INFO - [2026-05-21T13:10:12.186+0000] {dag.py:3947} INFO - Setting next_dagrun for example_python_operator to None, run_after=None
[2026-05-21T13:10:12.230+0000] {processor.py:183} INFO - Processing /home/airflow/.local/lib/python3.12/site-packages/airflow/example_dags/example_python_operator.py took 0.175 seconds
[2026-05-21T13:10:42.490+0000] {processor.py:161} INFO - Started process (PID=22823) to work on /home/airflow/.local/lib/python3.12/site-packages/airflow/example_dags/example_python_operator.py
[2026-05-21T13:10:42.492+0000] {processor.py:830} INFO - Processing file /home/airflow/.local/lib/python3.12/site-packages/airflow/example_dags/example_python_operator.py for tasks to queue
[2026-05-21T13:10:42.497+0000] {logging_mixin.py:188} INFO - [2026-05-21T13:10:42.496+0000] {dagbag.py:545} INFO - Filling up the DagBag from /home/airflow/.local/lib/python3.12/site-packages/airflow/example_dags/example_python_operator.py
[2026-05-21T13:10:42.524+0000] {processor.py:840} INFO - DAG(s) 'example_python_operator' retrieved from /home/airflow/.local/lib/python3.12/site-packages/airflow/example_dags/example_python_operator.py
[2026-05-21T13:10:42.584+0000] {logging_mixin.py:188} INFO - [2026-05-21T13:10:42.583+0000] {dag.py:3089} INFO - Sync 1 DAGs
[2026-05-21T13:10:42.636+0000] {logging_mixin.py:188} INFO - [2026-05-21T13:10:42.635+0000] {dag.py:3947} INFO - Setting next_dagrun for example_python_operator to None, run_after=None
[2026-05-21T13:10:42.716+0000] {processor.py:183} INFO - Processing /home/airflow/.local/lib/python3.12/site-packages/airflow/example_dags/example_python_operator.py took 0.242 seconds
[2026-05-21T13:11:13.288+0000] {processor.py:161} INFO - Started process (PID=22883) to work on /home/airflow/.local/lib/python3.12/site-packages/airflow/example_dags/example_python_operator.py
[2026-05-21T13:11:13.290+0000] {processor.py:830} INFO - Processing file /home/airflow/.local/lib/python3.12/site-packages/airflow/example_dags/example_python_operator.py for tasks to queue
[2026-05-21T13:11:13.293+0000] {logging_mixin.py:188} INFO - [2026-05-21T13:11:13.293+0000] {dagbag.py:545} INFO - Filling up the DagBag from /home/airflow/.local/lib/python3.12/site-packages/airflow/example_dags/example_python_operator.py
[2026-05-21T13:11:13.308+0000] {processor.py:840} INFO - DAG(s) 'example_python_operator' retrieved from /home/airflow/.local/lib/python3.12/site-packages/airflow/example_dags/example_python_operator.py
[2026-05-21T13:11:13.340+0000] {logging_mixin.py:188} INFO - [2026-05-21T13:11:13.340+0000] {dag.py:3089} INFO - Sync 1 DAGs
[2026-05-21T13:11:13.358+0000] {logging_mixin.py:188} INFO - [2026-05-21T13:11:13.358+0000] {dag.py:3947} INFO - Setting next_dagrun for example_python_operator to None, run_after=None
[2026-05-21T13:11:13.387+0000] {processor.py:183} INFO - Processing /home/airflow/.local/lib/python3.12/site-packages/airflow/example_dags/example_python_operator.py took 0.108 seconds
[2026-05-21T13:11:45.285+0000] {processor.py:161} INFO - Started process (PID=22943) to work on /home/airflow/.local/lib/python3.12/site-packages/airflow/example_dags/example_python_operator.py
[2026-05-21T13:11:45.287+0000] {processor.py:830} INFO - Processing file /home/airflow/.local/lib/python3.12/site-packages/airflow/example_dags/example_python_operator.py for tasks to queue
[2026-05-21T13:11:45.290+0000] {logging_mixin.py:188} INFO - [2026-05-21T13:11:45.290+0000] {dagbag.py:545} INFO - Filling up the DagBag from /home/airflow/.local/lib/python3.12/site-packages/airflow/example_dags/example_python_operator.py
[2026-05-21T13:11:45.311+0000] {processor.py:840} INFO - DAG(s) 'example_python_operator' retrieved from /home/airflow/.local/lib/python3.12/site-packages/airflow/example_dags/example_python_operator.py
[2026-05-21T13:11:45.356+0000] {logging_mixin.py:188} INFO - [2026-05-21T13:11:45.356+0000] {dag.py:3089} INFO - Sync 1 DAGs
[2026-05-21T13:11:45.378+0000] {logging_mixin.py:188} INFO - [2026-05-21T13:11:45.378+0000] {dag.py:3947} INFO - Setting next_dagrun for example_python_operator to None, run_after=None
[2026-05-21T13:11:45.413+0000] {processor.py:183} INFO - Processing /home/airflow/.local/lib/python3.12/site-packages/airflow/example_dags/example_python_operator.py took 0.137 seconds
[2026-05-21T13:12:15.595+0000] {processor.py:161} INFO - Started process (PID=23004) to work on /home/airflow/.local/lib/python3.12/site-packages/airflow/example_dags/example_python_operator.py
[2026-05-21T13:12:15.596+0000] {processor.py:830} INFO - Processing file /home/airflow/.local/lib/python3.12/site-packages/airflow/example_dags/example_python_operator.py for tasks to queue
[2026-05-21T13:12:15.600+0000] {logging_mixin.py:188} INFO - [2026-05-21T13:12:15.599+0000] {dagbag.py:545} INFO - Filling up the DagBag from /home/airflow/.local/lib/python3.12/site-packages/airflow/example_dags/example_python_operator.py
[2026-05-21T13:12:15.622+0000] {processor.py:840} INFO - DAG(s) 'example_python_operator' retrieved from /home/airflow/.local/lib/python3.12/site-packages/airflow/example_dags/example_python_operator.py
[2026-05-21T13:12:15.662+0000] {logging_mixin.py:188} INFO - [2026-05-21T13:12:15.662+0000] {dag.py:3089} INFO - Sync 1 DAGs
[2026-05-21T13:12:15.688+0000] {logging_mixin.py:188} INFO - [2026-05-21T13:12:15.687+0000] {dag.py:3947} INFO - Setting next_dagrun for example_python_operator to None, run_after=None
[2026-05-21T13:12:15.721+0000] {processor.py:183} INFO - Processing /home/airflow/.local/lib/python3.12/site-packages/airflow/example_dags/example_python_operator.py took 0.136 seconds
[2026-05-21T13:12:46.832+0000] {processor.py:161} INFO - Started process (PID=23064) to work on /home/airflow/.local/lib/python3.12/site-packages/airflow/example_dags/example_python_operator.py
[2026-05-21T13:12:46.835+0000] {processor.py:830} INFO - Processing file /home/airflow/.local/lib/python3.12/site-packages/airflow/example_dags/example_python_operator.py for tasks to queue
[2026-05-21T13:12:46.844+0000] {logging_mixin.py:188} INFO - [2026-05-21T13:12:46.842+0000] {dagbag.py:545} INFO - Filling up the DagBag from /home/airflow/.local/lib/python3.12/site-packages/airflow/example_dags/example_python_operator.py
[2026-05-21T13:12:46.884+0000] {processor.py:840} INFO - DAG(s) 'example_python_operator' retrieved from /home/airflow/.local/lib/python3.12/site-packages/airflow/example_dags/example_python_operator.py
[2026-05-21T13:12:46.939+0000] {logging_mixin.py:188} INFO - [2026-05-21T13:12:46.938+0000] {dag.py:3089} INFO - Sync 1 DAGs
[2026-05-21T13:12:46.966+0000] {logging_mixin.py:188} INFO - [2026-05-21T13:12:46.965+0000] {dag.py:3947} INFO - Setting next_dagrun for example_python_operator to None, run_after=None
[2026-05-21T13:12:47.008+0000] {processor.py:183} INFO - Processing /home/airflow/.local/lib/python3.12/site-packages/airflow/example_dags/example_python_operator.py took 0.193 seconds
[2026-05-21T13:13:20.349+0000] {processor.py:161} INFO - Started process (PID=23122) to work on /home/airflow/.local/lib/python3.12/site-packages/airflow/example_dags/example_python_operator.py
[2026-05-21T13:13:20.352+0000] {processor.py:830} INFO - Processing file /home/airflow/.local/lib/python3.12/site-packages/airflow/example_dags/example_python_operator.py for tasks to queue
[2026-05-21T13:13:20.361+0000] {logging_mixin.py:188} INFO - [2026-05-21T13:13:20.360+0000] {dagbag.py:545} INFO - Filling up the DagBag from /home/airflow/.local/lib/python3.12/site-packages/airflow/example_dags/example_python_operator.py
[2026-05-21T13:13:20.401+0000] {processor.py:840} INFO - DAG(s) 'example_python_operator' retrieved from /home/airflow/.local/lib/python3.12/site-packages/airflow/example_dags/example_python_operator.py
[2026-05-21T13:13:20.457+0000] {logging_mixin.py:188} INFO - [2026-05-21T13:13:20.456+0000] {dag.py:3089} INFO - Sync 1 DAGs
[2026-05-21T13:13:20.484+0000] {logging_mixin.py:188} INFO - [2026-05-21T13:13:20.483+0000] {dag.py:3947} INFO - Setting next_dagrun for example_python_operator to None, run_after=None
[2026-05-21T13:13:20.518+0000] {processor.py:183} INFO - Processing /home/airflow/.local/lib/python3.12/site-packages/airflow/example_dags/example_python_operator.py took 0.204 seconds
[2026-05-21T13:13:51.092+0000] {processor.py:161} INFO - Started process (PID=23182) to work on /home/airflow/.local/lib/python3.12/site-packages/airflow/example_dags/example_python_operator.py
[2026-05-21T13:13:51.095+0000] {processor.py:830} INFO - Processing file /home/airflow/.local/lib/python3.12/site-packages/airflow/example_dags/example_python_operator.py for tasks to queue
[2026-05-21T13:13:51.099+0000] {logging_mixin.py:188} INFO - [2026-05-21T13:13:51.098+0000] {dagbag.py:545} INFO - Filling up the DagBag from /home/airflow/.local/lib/python3.12/site-packages/airflow/example_dags/example_python_operator.py
[2026-05-21T13:13:51.125+0000] {processor.py:840} INFO - DAG(s) 'example_python_operator' retrieved from /home/airflow/.local/lib/python3.12/site-packages/airflow/example_dags/example_python_operator.py
[2026-05-21T13:13:51.252+0000] {logging_mixin.py:188} INFO - [2026-05-21T13:13:51.251+0000] {dag.py:3089} INFO - Sync 1 DAGs
[2026-05-21T13:13:51.286+0000] {logging_mixin.py:188} INFO - [2026-05-21T13:13:51.286+0000] {dag.py:3947} INFO - Setting next_dagrun for example_python_operator to None, run_after=None
[2026-05-21T13:13:51.322+0000] {processor.py:183} INFO - Processing /home/airflow/.local/lib/python3.12/site-packages/airflow/example_dags/example_python_operator.py took 0.239 seconds
[2026-05-21T13:14:21.824+0000] {processor.py:161} INFO - Started process (PID=23242) to work on /home/airflow/.local/lib/python3.12/site-packages/airflow/example_dags/example_python_operator.py
[2026-05-21T13:14:21.826+0000] {processor.py:830} INFO - Processing file /home/airflow/.local/lib/python3.12/site-packages/airflow/example_dags/example_python_operator.py for tasks to queue
[2026-05-21T13:14:21.830+0000] {logging_mixin.py:188} INFO - [2026-05-21T13:14:21.829+0000] {dagbag.py:545} INFO - Filling up the DagBag from /home/airflow/.local/lib/python3.12/site-packages/airflow/example_dags/example_python_operator.py
[2026-05-21T13:14:21.855+0000] {processor.py:840} INFO - DAG(s) 'example_python_operator' retrieved from /home/airflow/.local/lib/python3.12/site-packages/airflow/example_dags/example_python_operator.py
[2026-05-21T13:14:21.902+0000] {logging_mixin.py:188} INFO - [2026-05-21T13:14:21.902+0000] {dag.py:3089} INFO - Sync 1 DAGs
[2026-05-21T13:14:21.924+0000] {logging_mixin.py:188} INFO - [2026-05-21T13:14:21.923+0000] {dag.py:3947} INFO - Setting next_dagrun for example_python_operator to None, run_after=None
[2026-05-21T13:14:21.955+0000] {processor.py:183} INFO - Processing /home/airflow/.local/lib/python3.12/site-packages/airflow/example_dags/example_python_operator.py took 0.143 seconds
[2026-05-21T13:14:52.306+0000] {processor.py:161} INFO - Started process (PID=23302) to work on /home/airflow/.local/lib/python3.12/site-packages/airflow/example_dags/example_python_operator.py
[2026-05-21T13:14:52.308+0000] {processor.py:830} INFO - Processing file /home/airflow/.local/lib/python3.12/site-packages/airflow/example_dags/example_python_operator.py for tasks to queue
[2026-05-21T13:14:52.311+0000] {logging_mixin.py:188} INFO - [2026-05-21T13:14:52.310+0000] {dagbag.py:545} INFO - Filling up the DagBag from /home/airflow/.local/lib/python3.12/site-packages/airflow/example_dags/example_python_operator.py
[2026-05-21T13:14:52.326+0000] {processor.py:840} INFO - DAG(s) 'example_python_operator' retrieved from /home/airflow/.local/lib/python3.12/site-packages/airflow/example_dags/example_python_operator.py
[2026-05-21T13:14:52.362+0000] {logging_mixin.py:188} INFO - [2026-05-21T13:14:52.362+0000] {dag.py:3089} INFO - Sync 1 DAGs
[2026-05-21T13:14:52.382+0000] {logging_mixin.py:188} INFO - [2026-05-21T13:14:52.381+0000] {dag.py:3947} INFO - Setting next_dagrun for example_python_operator to None, run_after=None
[2026-05-21T13:14:52.418+0000] {processor.py:183} INFO - Processing /home/airflow/.local/lib/python3.12/site-packages/airflow/example_dags/example_python_operator.py took 0.121 seconds
[2026-05-21T13:15:24.404+0000] {processor.py:161} INFO - Started process (PID=23367) to work on /home/airflow/.local/lib/python3.12/site-packages/airflow/example_dags/example_python_operator.py
[2026-05-21T13:15:24.421+0000] {processor.py:830} INFO - Processing file /home/airflow/.local/lib/python3.12/site-packages/airflow/example_dags/example_python_operator.py for tasks to queue
[2026-05-21T13:15:24.432+0000] {logging_mixin.py:188} INFO - [2026-05-21T13:15:24.431+0000] {dagbag.py:545} INFO - Filling up the DagBag from /home/airflow/.local/lib/python3.12/site-packages/airflow/example_dags/example_python_operator.py
[2026-05-21T13:15:24.520+0000] {processor.py:840} INFO - DAG(s) 'example_python_operator' retrieved from /home/airflow/.local/lib/python3.12/site-packages/airflow/example_dags/example_python_operator.py
[2026-05-21T13:15:24.674+0000] {logging_mixin.py:188} INFO - [2026-05-21T13:15:24.674+0000] {dag.py:3089} INFO - Sync 1 DAGs
[2026-05-21T13:15:24.791+0000] {logging_mixin.py:188} INFO - [2026-05-21T13:15:24.789+0000] {dag.py:3947} INFO - Setting next_dagrun for example_python_operator to None, run_after=None
[2026-05-21T13:15:25.080+0000] {processor.py:183} INFO - Processing /home/airflow/.local/lib/python3.12/site-packages/airflow/example_dags/example_python_operator.py took 0.701 seconds
[2026-05-21T13:15:55.699+0000] {processor.py:161} INFO - Started process (PID=23427) to work on /home/airflow/.local/lib/python3.12/site-packages/airflow/example_dags/example_python_operator.py
[2026-05-21T13:15:55.703+0000] {processor.py:830} INFO - Processing file /home/airflow/.local/lib/python3.12/site-packages/airflow/example_dags/example_python_operator.py for tasks to queue
[2026-05-21T13:15:55.716+0000] {logging_mixin.py:188} INFO - [2026-05-21T13:15:55.714+0000] {dagbag.py:545} INFO - Filling up the DagBag from /home/airflow/.local/lib/python3.12/site-packages/airflow/example_dags/example_python_operator.py
[2026-05-21T13:15:55.756+0000] {processor.py:840} INFO - DAG(s) 'example_python_operator' retrieved from /home/airflow/.local/lib/python3.12/site-packages/airflow/example_dags/example_python_operator.py
[2026-05-21T13:15:55.871+0000] {logging_mixin.py:188} INFO - [2026-05-21T13:15:55.871+0000] {dag.py:3089} INFO - Sync 1 DAGs
[2026-05-21T13:15:55.926+0000] {logging_mixin.py:188} INFO - [2026-05-21T13:15:55.925+0000] {dag.py:3947} INFO - Setting next_dagrun for example_python_operator to None, run_after=None
[2026-05-21T13:15:55.978+0000] {processor.py:183} INFO - Processing /home/airflow/.local/lib/python3.12/site-packages/airflow/example_dags/example_python_operator.py took 0.303 seconds
[2026-05-21T13:16:26.581+0000] {processor.py:161} INFO - Started process (PID=23486) to work on /home/airflow/.local/lib/python3.12/site-packages/airflow/example_dags/example_python_operator.py
[2026-05-21T13:16:26.584+0000] {processor.py:830} INFO - Processing file /home/airflow/.local/lib/python3.12/site-packages/airflow/example_dags/example_python_operator.py for tasks to queue
[2026-05-21T13:16:26.589+0000] {logging_mixin.py:188} INFO - [2026-05-21T13:16:26.588+0000] {dagbag.py:545} INFO - Filling up the DagBag from /home/airflow/.local/lib/python3.12/site-packages/airflow/example_dags/example_python_operator.py
[2026-05-21T13:16:26.613+0000] {processor.py:840} INFO - DAG(s) 'example_python_operator' retrieved from /home/airflow/.local/lib/python3.12/site-packages/airflow/example_dags/example_python_operator.py
[2026-05-21T13:16:26.684+0000] {logging_mixin.py:188} INFO - [2026-05-21T13:16:26.683+0000] {dag.py:3089} INFO - Sync 1 DAGs
[2026-05-21T13:16:26.771+0000] {logging_mixin.py:188} INFO - [2026-05-21T13:16:26.770+0000] {dag.py:3947} INFO - Setting next_dagrun for example_python_operator to None, run_after=None
[2026-05-21T13:16:26.865+0000] {processor.py:183} INFO - Processing /home/airflow/.local/lib/python3.12/site-packages/airflow/example_dags/example_python_operator.py took 0.301 seconds
[2026-05-21T13:16:57.073+0000] {processor.py:161} INFO - Started process (PID=23546) to work on /home/airflow/.local/lib/python3.12/site-packages/airflow/example_dags/example_python_operator.py
[2026-05-21T13:16:57.075+0000] {processor.py:830} INFO - Processing file /home/airflow/.local/lib/python3.12/site-packages/airflow/example_dags/example_python_operator.py for tasks to queue
[2026-05-21T13:16:57.078+0000] {logging_mixin.py:188} INFO - [2026-05-21T13:16:57.077+0000] {dagbag.py:545} INFO - Filling up the DagBag from /home/airflow/.local/lib/python3.12/site-packages/airflow/example_dags/example_python_operator.py
[2026-05-21T13:16:57.095+0000] {processor.py:840} INFO - DAG(s) 'example_python_operator' retrieved from /home/airflow/.local/lib/python3.12/site-packages/airflow/example_dags/example_python_operator.py
[2026-05-21T13:16:57.137+0000] {logging_mixin.py:188} INFO - [2026-05-21T13:16:57.137+0000] {dag.py:3089} INFO - Sync 1 DAGs
[2026-05-21T13:16:57.161+0000] {logging_mixin.py:188} INFO - [2026-05-21T13:16:57.160+0000] {dag.py:3947} INFO - Setting next_dagrun for example_python_operator to None, run_after=None
[2026-05-21T13:16:57.197+0000] {processor.py:183} INFO - Processing /home/airflow/.local/lib/python3.12/site-packages/airflow/example_dags/example_python_operator.py took 0.134 seconds
[2026-05-21T13:17:27.653+0000] {processor.py:161} INFO - Started process (PID=23606) to work on /home/airflow/.local/lib/python3.12/site-packages/airflow/example_dags/example_python_operator.py
[2026-05-21T13:17:27.654+0000] {processor.py:830} INFO - Processing file /home/airflow/.local/lib/python3.12/site-packages/airflow/example_dags/example_python_operator.py for tasks to queue
[2026-05-21T13:17:27.657+0000] {logging_mixin.py:188} INFO - [2026-05-21T13:17:27.657+0000] {dagbag.py:545} INFO - Filling up the DagBag from /home/airflow/.local/lib/python3.12/site-packages/airflow/example_dags/example_python_operator.py
[2026-05-21T13:17:27.673+0000] {processor.py:840} INFO - DAG(s) 'example_python_operator' retrieved from /home/airflow/.local/lib/python3.12/site-packages/airflow/example_dags/example_python_operator.py
[2026-05-21T13:17:27.708+0000] {logging_mixin.py:188} INFO - [2026-05-21T13:17:27.708+0000] {dag.py:3089} INFO - Sync 1 DAGs
[2026-05-21T13:17:27.729+0000] {logging_mixin.py:188} INFO - [2026-05-21T13:17:27.729+0000] {dag.py:3947} INFO - Setting next_dagrun for example_python_operator to None, run_after=None
[2026-05-21T13:17:27.760+0000] {processor.py:183} INFO - Processing /home/airflow/.local/lib/python3.12/site-packages/airflow/example_dags/example_python_operator.py took 0.116 seconds
[2026-05-21T13:17:58.652+0000] {processor.py:161} INFO - Started process (PID=23666) to work on /home/airflow/.local/lib/python3.12/site-packages/airflow/example_dags/example_python_operator.py
[2026-05-21T13:17:58.655+0000] {processor.py:830} INFO - Processing file /home/airflow/.local/lib/python3.12/site-packages/airflow/example_dags/example_python_operator.py for tasks to queue
[2026-05-21T13:17:58.660+0000] {logging_mixin.py:188} INFO - [2026-05-21T13:17:58.659+0000] {dagbag.py:545} INFO - Filling up the DagBag from /home/airflow/.local/lib/python3.12/site-packages/airflow/example_dags/example_python_operator.py
[2026-05-21T13:17:58.676+0000] {processor.py:840} INFO - DAG(s) 'example_python_operator' retrieved from /home/airflow/.local/lib/python3.12/site-packages/airflow/example_dags/example_python_operator.py
[2026-05-21T13:17:58.713+0000] {logging_mixin.py:188} INFO - [2026-05-21T13:17:58.713+0000] {dag.py:3089} INFO - Sync 1 DAGs
[2026-05-21T13:17:58.733+0000] {logging_mixin.py:188} INFO - [2026-05-21T13:17:58.733+0000] {dag.py:3947} INFO - Setting next_dagrun for example_python_operator to None, run_after=None
[2026-05-21T13:17:58.766+0000] {processor.py:183} INFO - Processing /home/airflow/.local/lib/python3.12/site-packages/airflow/example_dags/example_python_operator.py took 0.123 seconds
[2026-05-21T13:18:29.304+0000] {processor.py:161} INFO - Started process (PID=23726) to work on /home/airflow/.local/lib/python3.12/site-packages/airflow/example_dags/example_python_operator.py
[2026-05-21T13:18:29.305+0000] {processor.py:830} INFO - Processing file /home/airflow/.local/lib/python3.12/site-packages/airflow/example_dags/example_python_operator.py for tasks to queue
[2026-05-21T13:18:29.308+0000] {logging_mixin.py:188} INFO - [2026-05-21T13:18:29.308+0000] {dagbag.py:545} INFO - Filling up the DagBag from /home/airflow/.local/lib/python3.12/site-packages/airflow/example_dags/example_python_operator.py
[2026-05-21T13:18:29.333+0000] {processor.py:840} INFO - DAG(s) 'example_python_operator' retrieved from /home/airflow/.local/lib/python3.12/site-packages/airflow/example_dags/example_python_operator.py
[2026-05-21T13:18:29.382+0000] {logging_mixin.py:188} INFO - [2026-05-21T13:18:29.381+0000] {dag.py:3089} INFO - Sync 1 DAGs
[2026-05-21T13:18:29.406+0000] {logging_mixin.py:188} INFO - [2026-05-21T13:18:29.406+0000] {dag.py:3947} INFO - Setting next_dagrun for example_python_operator to None, run_after=None
[2026-05-21T13:18:29.441+0000] {processor.py:183} INFO - Processing /home/airflow/.local/lib/python3.12/site-packages/airflow/example_dags/example_python_operator.py took 0.147 seconds
[2026-05-21T13:18:59.753+0000] {processor.py:161} INFO - Started process (PID=23786) to work on /home/airflow/.local/lib/python3.12/site-packages/airflow/example_dags/example_python_operator.py
[2026-05-21T13:18:59.756+0000] {processor.py:830} INFO - Processing file /home/airflow/.local/lib/python3.12/site-packages/airflow/example_dags/example_python_operator.py for tasks to queue
[2026-05-21T13:18:59.762+0000] {logging_mixin.py:188} INFO - [2026-05-21T13:18:59.761+0000] {dagbag.py:545} INFO - Filling up the DagBag from /home/airflow/.local/lib/python3.12/site-packages/airflow/example_dags/example_python_operator.py
[2026-05-21T13:18:59.784+0000] {processor.py:840} INFO - DAG(s) 'example_python_operator' retrieved from /home/airflow/.local/lib/python3.12/site-packages/airflow/example_dags/example_python_operator.py
[2026-05-21T13:18:59.834+0000] {logging_mixin.py:188} INFO - [2026-05-21T13:18:59.834+0000] {dag.py:3089} INFO - Sync 1 DAGs
[2026-05-21T13:18:59.862+0000] {logging_mixin.py:188} INFO - [2026-05-21T13:18:59.861+0000] {dag.py:3947} INFO - Setting next_dagrun for example_python_operator to None, run_after=None
[2026-05-21T13:18:59.899+0000] {processor.py:183} INFO - Processing /home/airflow/.local/lib/python3.12/site-packages/airflow/example_dags/example_python_operator.py took 0.165 seconds
[2026-05-21T13:19:30.670+0000] {processor.py:161} INFO - Started process (PID=23846) to work on /home/airflow/.local/lib/python3.12/site-packages/airflow/example_dags/example_python_operator.py
[2026-05-21T13:19:30.672+0000] {processor.py:830} INFO - Processing file /home/airflow/.local/lib/python3.12/site-packages/airflow/example_dags/example_python_operator.py for tasks to queue
[2026-05-21T13:19:30.676+0000] {logging_mixin.py:188} INFO - [2026-05-21T13:19:30.675+0000] {dagbag.py:545} INFO - Filling up the DagBag from /home/airflow/.local/lib/python3.12/site-packages/airflow/example_dags/example_python_operator.py
[2026-05-21T13:19:30.694+0000] {processor.py:840} INFO - DAG(s) 'example_python_operator' retrieved from /home/airflow/.local/lib/python3.12/site-packages/airflow/example_dags/example_python_operator.py
[2026-05-21T13:19:30.735+0000] {logging_mixin.py:188} INFO - [2026-05-21T13:19:30.735+0000] {dag.py:3089} INFO - Sync 1 DAGs
[2026-05-21T13:19:30.757+0000] {logging_mixin.py:188} INFO - [2026-05-21T13:19:30.756+0000] {dag.py:3947} INFO - Setting next_dagrun for example_python_operator to None, run_after=None
[2026-05-21T13:19:30.794+0000] {processor.py:183} INFO - Processing /home/airflow/.local/lib/python3.12/site-packages/airflow/example_dags/example_python_operator.py took 0.133 seconds
[2026-05-21T13:20:01.048+0000] {processor.py:161} INFO - Started process (PID=23906) to work on /home/airflow/.local/lib/python3.12/site-packages/airflow/example_dags/example_python_operator.py
[2026-05-21T13:20:01.051+0000] {processor.py:830} INFO - Processing file /home/airflow/.local/lib/python3.12/site-packages/airflow/example_dags/example_python_operator.py for tasks to queue
[2026-05-21T13:20:01.056+0000] {logging_mixin.py:188} INFO - [2026-05-21T13:20:01.056+0000] {dagbag.py:545} INFO - Filling up the DagBag from /home/airflow/.local/lib/python3.12/site-packages/airflow/example_dags/example_python_operator.py
[2026-05-21T13:20:01.080+0000] {processor.py:840} INFO - DAG(s) 'example_python_operator' retrieved from /home/airflow/.local/lib/python3.12/site-packages/airflow/example_dags/example_python_operator.py
[2026-05-21T13:20:01.126+0000] {logging_mixin.py:188} INFO - [2026-05-21T13:20:01.126+0000] {dag.py:3089} INFO - Sync 1 DAGs
[2026-05-21T13:20:01.149+0000] {logging_mixin.py:188} INFO - [2026-05-21T13:20:01.148+0000] {dag.py:3947} INFO - Setting next_dagrun for example_python_operator to None, run_after=None
[2026-05-21T13:20:01.183+0000] {processor.py:183} INFO - Processing /home/airflow/.local/lib/python3.12/site-packages/airflow/example_dags/example_python_operator.py took 0.150 seconds
[2026-05-21T13:20:31.947+0000] {processor.py:161} INFO - Started process (PID=23966) to work on /home/airflow/.local/lib/python3.12/site-packages/airflow/example_dags/example_python_operator.py
[2026-05-21T13:20:31.949+0000] {processor.py:830} INFO - Processing file /home/airflow/.local/lib/python3.12/site-packages/airflow/example_dags/example_python_operator.py for tasks to queue
[2026-05-21T13:20:31.953+0000] {logging_mixin.py:188} INFO - [2026-05-21T13:20:31.953+0000] {dagbag.py:545} INFO - Filling up the DagBag from /home/airflow/.local/lib/python3.12/site-packages/airflow/example_dags/example_python_operator.py
[2026-05-21T13:20:31.972+0000] {processor.py:840} INFO - DAG(s) 'example_python_operator' retrieved from /home/airflow/.local/lib/python3.12/site-packages/airflow/example_dags/example_python_operator.py
[2026-05-21T13:20:32.022+0000] {logging_mixin.py:188} INFO - [2026-05-21T13:20:32.021+0000] {dag.py:3089} INFO - Sync 1 DAGs
[2026-05-21T13:20:32.091+0000] {logging_mixin.py:188} INFO - [2026-05-21T13:20:32.091+0000] {dag.py:3947} INFO - Setting next_dagrun for example_python_operator to None, run_after=None
[2026-05-21T13:20:32.182+0000] {processor.py:183} INFO - Processing /home/airflow/.local/lib/python3.12/site-packages/airflow/example_dags/example_python_operator.py took 0.244 seconds
[2026-05-21T13:21:02.588+0000] {processor.py:161} INFO - Started process (PID=24026) to work on /home/airflow/.local/lib/python3.12/site-packages/airflow/example_dags/example_python_operator.py
[2026-05-21T13:21:02.598+0000] {processor.py:830} INFO - Processing file /home/airflow/.local/lib/python3.12/site-packages/airflow/example_dags/example_python_operator.py for tasks to queue
[2026-05-21T13:21:02.607+0000] {logging_mixin.py:188} INFO - [2026-05-21T13:21:02.605+0000] {dagbag.py:545} INFO - Filling up the DagBag from /home/airflow/.local/lib/python3.12/site-packages/airflow/example_dags/example_python_operator.py
[2026-05-21T13:21:02.671+0000] {processor.py:840} INFO - DAG(s) 'example_python_operator' retrieved from /home/airflow/.local/lib/python3.12/site-packages/airflow/example_dags/example_python_operator.py
[2026-05-21T13:21:02.750+0000] {logging_mixin.py:188} INFO - [2026-05-21T13:21:02.750+0000] {dag.py:3089} INFO - Sync 1 DAGs
[2026-05-21T13:21:02.821+0000] {logging_mixin.py:188} INFO - [2026-05-21T13:21:02.820+0000] {dag.py:3947} INFO - Setting next_dagrun for example_python_operator to None, run_after=None
[2026-05-21T13:21:02.997+0000] {processor.py:183} INFO - Processing /home/airflow/.local/lib/python3.12/site-packages/airflow/example_dags/example_python_operator.py took 0.442 seconds
[2026-05-21T13:21:33.684+0000] {processor.py:161} INFO - Started process (PID=24086) to work on /home/airflow/.local/lib/python3.12/site-packages/airflow/example_dags/example_python_operator.py
[2026-05-21T13:21:33.686+0000] {processor.py:830} INFO - Processing file /home/airflow/.local/lib/python3.12/site-packages/airflow/example_dags/example_python_operator.py for tasks to queue
[2026-05-21T13:21:33.689+0000] {logging_mixin.py:188} INFO - [2026-05-21T13:21:33.688+0000] {dagbag.py:545} INFO - Filling up the DagBag from /home/airflow/.local/lib/python3.12/site-packages/airflow/example_dags/example_python_operator.py
[2026-05-21T13:21:33.705+0000] {processor.py:840} INFO - DAG(s) 'example_python_operator' retrieved from /home/airflow/.local/lib/python3.12/site-packages/airflow/example_dags/example_python_operator.py
[2026-05-21T13:21:33.739+0000] {logging_mixin.py:188} INFO - [2026-05-21T13:21:33.738+0000] {dag.py:3089} INFO - Sync 1 DAGs
[2026-05-21T13:21:33.757+0000] {logging_mixin.py:188} INFO - [2026-05-21T13:21:33.757+0000] {dag.py:3947} INFO - Setting next_dagrun for example_python_operator to None, run_after=None
[2026-05-21T13:21:33.784+0000] {processor.py:183} INFO - Processing /home/airflow/.local/lib/python3.12/site-packages/airflow/example_dags/example_python_operator.py took 0.110 seconds
[2026-05-21T13:22:04.543+0000] {processor.py:161} INFO - Started process (PID=24146) to work on /home/airflow/.local/lib/python3.12/site-packages/airflow/example_dags/example_python_operator.py
[2026-05-21T13:22:04.545+0000] {processor.py:830} INFO - Processing file /home/airflow/.local/lib/python3.12/site-packages/airflow/example_dags/example_python_operator.py for tasks to queue
[2026-05-21T13:22:04.549+0000] {logging_mixin.py:188} INFO - [2026-05-21T13:22:04.548+0000] {dagbag.py:545} INFO - Filling up the DagBag from /home/airflow/.local/lib/python3.12/site-packages/airflow/example_dags/example_python_operator.py
[2026-05-21T13:22:04.569+0000] {processor.py:840} INFO - DAG(s) 'example_python_operator' retrieved from /home/airflow/.local/lib/python3.12/site-packages/airflow/example_dags/example_python_operator.py
[2026-05-21T13:22:04.617+0000] {logging_mixin.py:188} INFO - [2026-05-21T13:22:04.617+0000] {dag.py:3089} INFO - Sync 1 DAGs
[2026-05-21T13:22:04.651+0000] {logging_mixin.py:188} INFO - [2026-05-21T13:22:04.650+0000] {dag.py:3947} INFO - Setting next_dagrun for example_python_operator to None, run_after=None
[2026-05-21T13:22:04.698+0000] {processor.py:183} INFO - Processing /home/airflow/.local/lib/python3.12/site-packages/airflow/example_dags/example_python_operator.py took 0.165 seconds
[2026-05-21T13:22:35.571+0000] {processor.py:161} INFO - Started process (PID=24205) to work on /home/airflow/.local/lib/python3.12/site-packages/airflow/example_dags/example_python_operator.py
[2026-05-21T13:22:35.573+0000] {processor.py:830} INFO - Processing file /home/airflow/.local/lib/python3.12/site-packages/airflow/example_dags/example_python_operator.py for tasks to queue
[2026-05-21T13:22:35.577+0000] {logging_mixin.py:188} INFO - [2026-05-21T13:22:35.576+0000] {dagbag.py:545} INFO - Filling up the DagBag from /home/airflow/.local/lib/python3.12/site-packages/airflow/example_dags/example_python_operator.py
[2026-05-21T13:22:35.597+0000] {processor.py:840} INFO - DAG(s) 'example_python_operator' retrieved from /home/airflow/.local/lib/python3.12/site-packages/airflow/example_dags/example_python_operator.py
[2026-05-21T13:22:35.636+0000] {logging_mixin.py:188} INFO - [2026-05-21T13:22:35.635+0000] {dag.py:3089} INFO - Sync 1 DAGs
[2026-05-21T13:22:35.655+0000] {logging_mixin.py:188} INFO - [2026-05-21T13:22:35.655+0000] {dag.py:3947} INFO - Setting next_dagrun for example_python_operator to None, run_after=None
[2026-05-21T13:22:35.684+0000] {processor.py:183} INFO - Processing /home/airflow/.local/lib/python3.12/site-packages/airflow/example_dags/example_python_operator.py took 0.121 seconds
[2026-05-21T13:23:05.844+0000] {processor.py:161} INFO - Started process (PID=24265) to work on /home/airflow/.local/lib/python3.12/site-packages/airflow/example_dags/example_python_operator.py
[2026-05-21T13:23:05.846+0000] {processor.py:830} INFO - Processing file /home/airflow/.local/lib/python3.12/site-packages/airflow/example_dags/example_python_operator.py for tasks to queue
[2026-05-21T13:23:05.850+0000] {logging_mixin.py:188} INFO - [2026-05-21T13:23:05.849+0000] {dagbag.py:545} INFO - Filling up the DagBag from /home/airflow/.local/lib/python3.12/site-packages/airflow/example_dags/example_python_operator.py
[2026-05-21T13:23:05.867+0000] {processor.py:840} INFO - DAG(s) 'example_python_operator' retrieved from /home/airflow/.local/lib/python3.12/site-packages/airflow/example_dags/example_python_operator.py
[2026-05-21T13:23:05.903+0000] {logging_mixin.py:188} INFO - [2026-05-21T13:23:05.903+0000] {dag.py:3089} INFO - Sync 1 DAGs
[2026-05-21T13:23:05.926+0000] {logging_mixin.py:188} INFO - [2026-05-21T13:23:05.925+0000] {dag.py:3947} INFO - Setting next_dagrun for example_python_operator to None, run_after=None
[2026-05-21T13:23:05.960+0000] {processor.py:183} INFO - Processing /home/airflow/.local/lib/python3.12/site-packages/airflow/example_dags/example_python_operator.py took 0.124 seconds
[2026-05-21T13:23:36.406+0000] {processor.py:161} INFO - Started process (PID=24325) to work on /home/airflow/.local/lib/python3.12/site-packages/airflow/example_dags/example_python_operator.py
[2026-05-21T13:23:36.409+0000] {processor.py:830} INFO - Processing file /home/airflow/.local/lib/python3.12/site-packages/airflow/example_dags/example_python_operator.py for tasks to queue
[2026-05-21T13:23:36.415+0000] {logging_mixin.py:188} INFO - [2026-05-21T13:23:36.413+0000] {dagbag.py:545} INFO - Filling up the DagBag from /home/airflow/.local/lib/python3.12/site-packages/airflow/example_dags/example_python_operator.py
[2026-05-21T13:23:36.443+0000] {processor.py:840} INFO - DAG(s) 'example_python_operator' retrieved from /home/airflow/.local/lib/python3.12/site-packages/airflow/example_dags/example_python_operator.py
[2026-05-21T13:23:36.489+0000] {logging_mixin.py:188} INFO - [2026-05-21T13:23:36.489+0000] {dag.py:3089} INFO - Sync 1 DAGs
[2026-05-21T13:23:36.517+0000] {logging_mixin.py:188} INFO - [2026-05-21T13:23:36.517+0000] {dag.py:3947} INFO - Setting next_dagrun for example_python_operator to None, run_after=None
[2026-05-21T13:23:36.572+0000] {processor.py:183} INFO - Processing /home/airflow/.local/lib/python3.12/site-packages/airflow/example_dags/example_python_operator.py took 0.178 seconds
[2026-05-21T13:24:06.957+0000] {processor.py:161} INFO - Started process (PID=24385) to work on /home/airflow/.local/lib/python3.12/site-packages/airflow/example_dags/example_python_operator.py
[2026-05-21T13:24:06.968+0000] {processor.py:830} INFO - Processing file /home/airflow/.local/lib/python3.12/site-packages/airflow/example_dags/example_python_operator.py for tasks to queue
[2026-05-21T13:24:06.974+0000] {logging_mixin.py:188} INFO - [2026-05-21T13:24:06.973+0000] {dagbag.py:545} INFO - Filling up the DagBag from /home/airflow/.local/lib/python3.12/site-packages/airflow/example_dags/example_python_operator.py
[2026-05-21T13:24:07.019+0000] {processor.py:840} INFO - DAG(s) 'example_python_operator' retrieved from /home/airflow/.local/lib/python3.12/site-packages/airflow/example_dags/example_python_operator.py
[2026-05-21T13:24:07.083+0000] {logging_mixin.py:188} INFO - [2026-05-21T13:24:07.083+0000] {dag.py:3089} INFO - Sync 1 DAGs
[2026-05-21T13:24:07.112+0000] {logging_mixin.py:188} INFO - [2026-05-21T13:24:07.112+0000] {dag.py:3947} INFO - Setting next_dagrun for example_python_operator to None, run_after=None
[2026-05-21T13:24:07.147+0000] {processor.py:183} INFO - Processing /home/airflow/.local/lib/python3.12/site-packages/airflow/example_dags/example_python_operator.py took 0.213 seconds
[2026-05-21T13:24:37.406+0000] {processor.py:161} INFO - Started process (PID=24445) to work on /home/airflow/.local/lib/python3.12/site-packages/airflow/example_dags/example_python_operator.py
[2026-05-21T13:24:37.408+0000] {processor.py:830} INFO - Processing file /home/airflow/.local/lib/python3.12/site-packages/airflow/example_dags/example_python_operator.py for tasks to queue
[2026-05-21T13:24:37.411+0000] {logging_mixin.py:188} INFO - [2026-05-21T13:24:37.411+0000] {dagbag.py:545} INFO - Filling up the DagBag from /home/airflow/.local/lib/python3.12/site-packages/airflow/example_dags/example_python_operator.py
[2026-05-21T13:24:37.427+0000] {processor.py:840} INFO - DAG(s) 'example_python_operator' retrieved from /home/airflow/.local/lib/python3.12/site-packages/airflow/example_dags/example_python_operator.py
[2026-05-21T13:24:37.463+0000] {logging_mixin.py:188} INFO - [2026-05-21T13:24:37.463+0000] {dag.py:3089} INFO - Sync 1 DAGs
[2026-05-21T13:24:37.486+0000] {logging_mixin.py:188} INFO - [2026-05-21T13:24:37.486+0000] {dag.py:3947} INFO - Setting next_dagrun for example_python_operator to None, run_after=None
[2026-05-21T13:24:37.520+0000] {processor.py:183} INFO - Processing /home/airflow/.local/lib/python3.12/site-packages/airflow/example_dags/example_python_operator.py took 0.123 seconds
[2026-05-21T13:25:08.298+0000] {processor.py:161} INFO - Started process (PID=24505) to work on /home/airflow/.local/lib/python3.12/site-packages/airflow/example_dags/example_python_operator.py
[2026-05-21T13:25:08.320+0000] {processor.py:830} INFO - Processing file /home/airflow/.local/lib/python3.12/site-packages/airflow/example_dags/example_python_operator.py for tasks to queue
[2026-05-21T13:25:08.328+0000] {logging_mixin.py:188} INFO - [2026-05-21T13:25:08.326+0000] {dagbag.py:545} INFO - Filling up the DagBag from /home/airflow/.local/lib/python3.12/site-packages/airflow/example_dags/example_python_operator.py
[2026-05-21T13:25:08.384+0000] {processor.py:840} INFO - DAG(s) 'example_python_operator' retrieved from /home/airflow/.local/lib/python3.12/site-packages/airflow/example_dags/example_python_operator.py
[2026-05-21T13:25:08.526+0000] {logging_mixin.py:188} INFO - [2026-05-21T13:25:08.525+0000] {dag.py:3089} INFO - Sync 1 DAGs
[2026-05-21T13:25:08.595+0000] {logging_mixin.py:188} INFO - [2026-05-21T13:25:08.595+0000] {dag.py:3947} INFO - Setting next_dagrun for example_python_operator to None, run_after=None
[2026-05-21T13:25:08.690+0000] {processor.py:183} INFO - Processing /home/airflow/.local/lib/python3.12/site-packages/airflow/example_dags/example_python_operator.py took 0.412 seconds
[2026-05-21T13:25:39.104+0000] {processor.py:161} INFO - Started process (PID=24565) to work on /home/airflow/.local/lib/python3.12/site-packages/airflow/example_dags/example_python_operator.py
[2026-05-21T13:25:39.107+0000] {processor.py:830} INFO - Processing file /home/airflow/.local/lib/python3.12/site-packages/airflow/example_dags/example_python_operator.py for tasks to queue
[2026-05-21T13:25:39.111+0000] {logging_mixin.py:188} INFO - [2026-05-21T13:25:39.110+0000] {dagbag.py:545} INFO - Filling up the DagBag from /home/airflow/.local/lib/python3.12/site-packages/airflow/example_dags/example_python_operator.py
[2026-05-21T13:25:39.132+0000] {processor.py:840} INFO - DAG(s) 'example_python_operator' retrieved from /home/airflow/.local/lib/python3.12/site-packages/airflow/example_dags/example_python_operator.py
[2026-05-21T13:25:39.181+0000] {logging_mixin.py:188} INFO - [2026-05-21T13:25:39.180+0000] {dag.py:3089} INFO - Sync 1 DAGs
[2026-05-21T13:25:39.204+0000] {logging_mixin.py:188} INFO - [2026-05-21T13:25:39.204+0000] {dag.py:3947} INFO - Setting next_dagrun for example_python_operator to None, run_after=None
[2026-05-21T13:25:39.237+0000] {processor.py:183} INFO - Processing /home/airflow/.local/lib/python3.12/site-packages/airflow/example_dags/example_python_operator.py took 0.143 seconds
[2026-05-21T13:26:10.033+0000] {processor.py:161} INFO - Started process (PID=24624) to work on /home/airflow/.local/lib/python3.12/site-packages/airflow/example_dags/example_python_operator.py
[2026-05-21T13:26:10.050+0000] {processor.py:830} INFO - Processing file /home/airflow/.local/lib/python3.12/site-packages/airflow/example_dags/example_python_operator.py for tasks to queue
[2026-05-21T13:26:10.059+0000] {logging_mixin.py:188} INFO - [2026-05-21T13:26:10.058+0000] {dagbag.py:545} INFO - Filling up the DagBag from /home/airflow/.local/lib/python3.12/site-packages/airflow/example_dags/example_python_operator.py
[2026-05-21T13:26:10.090+0000] {processor.py:840} INFO - DAG(s) 'example_python_operator' retrieved from /home/airflow/.local/lib/python3.12/site-packages/airflow/example_dags/example_python_operator.py
[2026-05-21T13:26:10.157+0000] {logging_mixin.py:188} INFO - [2026-05-21T13:26:10.156+0000] {dag.py:3089} INFO - Sync 1 DAGs
[2026-05-21T13:26:10.204+0000] {logging_mixin.py:188} INFO - [2026-05-21T13:26:10.203+0000] {dag.py:3947} INFO - Setting next_dagrun for example_python_operator to None, run_after=None
[2026-05-21T13:26:10.273+0000] {processor.py:183} INFO - Processing /home/airflow/.local/lib/python3.12/site-packages/airflow/example_dags/example_python_operator.py took 0.261 seconds
[2026-05-21T13:26:40.863+0000] {processor.py:161} INFO - Started process (PID=24685) to work on /home/airflow/.local/lib/python3.12/site-packages/airflow/example_dags/example_python_operator.py
[2026-05-21T13:26:40.865+0000] {processor.py:830} INFO - Processing file /home/airflow/.local/lib/python3.12/site-packages/airflow/example_dags/example_python_operator.py for tasks to queue
[2026-05-21T13:26:40.869+0000] {logging_mixin.py:188} INFO - [2026-05-21T13:26:40.868+0000] {dagbag.py:545} INFO - Filling up the DagBag from /home/airflow/.local/lib/python3.12/site-packages/airflow/example_dags/example_python_operator.py
[2026-05-21T13:26:40.925+0000] {processor.py:840} INFO - DAG(s) 'example_python_operator' retrieved from /home/airflow/.local/lib/python3.12/site-packages/airflow/example_dags/example_python_operator.py
[2026-05-21T13:26:41.487+0000] {logging_mixin.py:188} INFO - [2026-05-21T13:26:41.487+0000] {dag.py:3089} INFO - Sync 1 DAGs
[2026-05-21T13:26:41.603+0000] {logging_mixin.py:188} INFO - [2026-05-21T13:26:41.602+0000] {dag.py:3947} INFO - Setting next_dagrun for example_python_operator to None, run_after=None
[2026-05-21T13:26:41.670+0000] {processor.py:183} INFO - Processing /home/airflow/.local/lib/python3.12/site-packages/airflow/example_dags/example_python_operator.py took 0.820 seconds
[2026-05-21T13:27:11.922+0000] {processor.py:161} INFO - Started process (PID=24745) to work on /home/airflow/.local/lib/python3.12/site-packages/airflow/example_dags/example_python_operator.py
[2026-05-21T13:27:11.932+0000] {processor.py:830} INFO - Processing file /home/airflow/.local/lib/python3.12/site-packages/airflow/example_dags/example_python_operator.py for tasks to queue
[2026-05-21T13:27:11.936+0000] {logging_mixin.py:188} INFO - [2026-05-21T13:27:11.935+0000] {dagbag.py:545} INFO - Filling up the DagBag from /home/airflow/.local/lib/python3.12/site-packages/airflow/example_dags/example_python_operator.py
[2026-05-21T13:27:11.955+0000] {processor.py:840} INFO - DAG(s) 'example_python_operator' retrieved from /home/airflow/.local/lib/python3.12/site-packages/airflow/example_dags/example_python_operator.py
[2026-05-21T13:27:12.002+0000] {logging_mixin.py:188} INFO - [2026-05-21T13:27:12.001+0000] {dag.py:3089} INFO - Sync 1 DAGs
[2026-05-21T13:27:12.024+0000] {logging_mixin.py:188} INFO - [2026-05-21T13:27:12.024+0000] {dag.py:3947} INFO - Setting next_dagrun for example_python_operator to None, run_after=None
[2026-05-21T13:27:12.095+0000] {processor.py:183} INFO - Processing /home/airflow/.local/lib/python3.12/site-packages/airflow/example_dags/example_python_operator.py took 0.182 seconds
[2026-05-21T13:27:42.967+0000] {processor.py:161} INFO - Started process (PID=24805) to work on /home/airflow/.local/lib/python3.12/site-packages/airflow/example_dags/example_python_operator.py
[2026-05-21T13:27:42.969+0000] {processor.py:830} INFO - Processing file /home/airflow/.local/lib/python3.12/site-packages/airflow/example_dags/example_python_operator.py for tasks to queue
[2026-05-21T13:27:42.972+0000] {logging_mixin.py:188} INFO - [2026-05-21T13:27:42.971+0000] {dagbag.py:545} INFO - Filling up the DagBag from /home/airflow/.local/lib/python3.12/site-packages/airflow/example_dags/example_python_operator.py
[2026-05-21T13:27:42.998+0000] {processor.py:840} INFO - DAG(s) 'example_python_operator' retrieved from /home/airflow/.local/lib/python3.12/site-packages/airflow/example_dags/example_python_operator.py
[2026-05-21T13:27:43.047+0000] {logging_mixin.py:188} INFO - [2026-05-21T13:27:43.044+0000] {dag.py:3089} INFO - Sync 1 DAGs
[2026-05-21T13:27:43.084+0000] {logging_mixin.py:188} INFO - [2026-05-21T13:27:43.083+0000] {dag.py:3947} INFO - Setting next_dagrun for example_python_operator to None, run_after=None
[2026-05-21T13:27:43.151+0000] {processor.py:183} INFO - Processing /home/airflow/.local/lib/python3.12/site-packages/airflow/example_dags/example_python_operator.py took 0.197 seconds
[2026-05-21T13:28:13.382+0000] {processor.py:161} INFO - Started process (PID=24864) to work on /home/airflow/.local/lib/python3.12/site-packages/airflow/example_dags/example_python_operator.py
[2026-05-21T13:28:13.390+0000] {processor.py:830} INFO - Processing file /home/airflow/.local/lib/python3.12/site-packages/airflow/example_dags/example_python_operator.py for tasks to queue
[2026-05-21T13:28:13.399+0000] {logging_mixin.py:188} INFO - [2026-05-21T13:28:13.396+0000] {dagbag.py:545} INFO - Filling up the DagBag from /home/airflow/.local/lib/python3.12/site-packages/airflow/example_dags/example_python_operator.py
[2026-05-21T13:28:13.447+0000] {processor.py:840} INFO - DAG(s) 'example_python_operator' retrieved from /home/airflow/.local/lib/python3.12/site-packages/airflow/example_dags/example_python_operator.py
[2026-05-21T13:28:13.513+0000] {logging_mixin.py:188} INFO - [2026-05-21T13:28:13.512+0000] {dag.py:3089} INFO - Sync 1 DAGs
[2026-05-21T13:28:13.588+0000] {logging_mixin.py:188} INFO - [2026-05-21T13:28:13.587+0000] {dag.py:3947} INFO - Setting next_dagrun for example_python_operator to None, run_after=None
[2026-05-21T13:28:13.751+0000] {processor.py:183} INFO - Processing /home/airflow/.local/lib/python3.12/site-packages/airflow/example_dags/example_python_operator.py took 0.407 seconds
[2026-05-21T13:28:44.630+0000] {processor.py:161} INFO - Started process (PID=24925) to work on /home/airflow/.local/lib/python3.12/site-packages/airflow/example_dags/example_python_operator.py
[2026-05-21T13:28:44.632+0000] {processor.py:830} INFO - Processing file /home/airflow/.local/lib/python3.12/site-packages/airflow/example_dags/example_python_operator.py for tasks to queue
[2026-05-21T13:28:44.634+0000] {logging_mixin.py:188} INFO - [2026-05-21T13:28:44.633+0000] {dagbag.py:545} INFO - Filling up the DagBag from /home/airflow/.local/lib/python3.12/site-packages/airflow/example_dags/example_python_operator.py
[2026-05-21T13:28:44.652+0000] {processor.py:840} INFO - DAG(s) 'example_python_operator' retrieved from /home/airflow/.local/lib/python3.12/site-packages/airflow/example_dags/example_python_operator.py
[2026-05-21T13:28:44.687+0000] {logging_mixin.py:188} INFO - [2026-05-21T13:28:44.686+0000] {dag.py:3089} INFO - Sync 1 DAGs
[2026-05-21T13:28:44.706+0000] {logging_mixin.py:188} INFO - [2026-05-21T13:28:44.706+0000] {dag.py:3947} INFO - Setting next_dagrun for example_python_operator to None, run_after=None
[2026-05-21T13:28:44.737+0000] {processor.py:183} INFO - Processing /home/airflow/.local/lib/python3.12/site-packages/airflow/example_dags/example_python_operator.py took 0.116 seconds
[2026-05-21T13:29:15.119+0000] {processor.py:161} INFO - Started process (PID=24985) to work on /home/airflow/.local/lib/python3.12/site-packages/airflow/example_dags/example_python_operator.py
[2026-05-21T13:29:15.120+0000] {processor.py:830} INFO - Processing file /home/airflow/.local/lib/python3.12/site-packages/airflow/example_dags/example_python_operator.py for tasks to queue
[2026-05-21T13:29:15.123+0000] {logging_mixin.py:188} INFO - [2026-05-21T13:29:15.123+0000] {dagbag.py:545} INFO - Filling up the DagBag from /home/airflow/.local/lib/python3.12/site-packages/airflow/example_dags/example_python_operator.py
[2026-05-21T13:29:15.141+0000] {processor.py:840} INFO - DAG(s) 'example_python_operator' retrieved from /home/airflow/.local/lib/python3.12/site-packages/airflow/example_dags/example_python_operator.py
[2026-05-21T13:29:15.175+0000] {logging_mixin.py:188} INFO - [2026-05-21T13:29:15.175+0000] {dag.py:3089} INFO - Sync 1 DAGs
[2026-05-21T13:29:15.194+0000] {logging_mixin.py:188} INFO - [2026-05-21T13:29:15.193+0000] {dag.py:3947} INFO - Setting next_dagrun for example_python_operator to None, run_after=None
[2026-05-21T13:29:15.225+0000] {processor.py:183} INFO - Processing /home/airflow/.local/lib/python3.12/site-packages/airflow/example_dags/example_python_operator.py took 0.116 seconds
[2026-05-21T13:29:45.664+0000] {processor.py:161} INFO - Started process (PID=25046) to work on /home/airflow/.local/lib/python3.12/site-packages/airflow/example_dags/example_python_operator.py
[2026-05-21T13:29:45.671+0000] {processor.py:830} INFO - Processing file /home/airflow/.local/lib/python3.12/site-packages/airflow/example_dags/example_python_operator.py for tasks to queue
[2026-05-21T13:29:45.673+0000] {logging_mixin.py:188} INFO - [2026-05-21T13:29:45.672+0000] {dagbag.py:545} INFO - Filling up the DagBag from /home/airflow/.local/lib/python3.12/site-packages/airflow/example_dags/example_python_operator.py
[2026-05-21T13:29:45.703+0000] {processor.py:840} INFO - DAG(s) 'example_python_operator' retrieved from /home/airflow/.local/lib/python3.12/site-packages/airflow/example_dags/example_python_operator.py
[2026-05-21T13:29:45.761+0000] {logging_mixin.py:188} INFO - [2026-05-21T13:29:45.760+0000] {dag.py:3089} INFO - Sync 1 DAGs
[2026-05-21T13:29:45.795+0000] {logging_mixin.py:188} INFO - [2026-05-21T13:29:45.794+0000] {dag.py:3947} INFO - Setting next_dagrun for example_python_operator to None, run_after=None
[2026-05-21T13:29:45.851+0000] {processor.py:183} INFO - Processing /home/airflow/.local/lib/python3.12/site-packages/airflow/example_dags/example_python_operator.py took 0.209 seconds
[2026-05-21T13:30:16.394+0000] {processor.py:161} INFO - Started process (PID=25106) to work on /home/airflow/.local/lib/python3.12/site-packages/airflow/example_dags/example_python_operator.py
[2026-05-21T13:30:16.397+0000] {processor.py:830} INFO - Processing file /home/airflow/.local/lib/python3.12/site-packages/airflow/example_dags/example_python_operator.py for tasks to queue
[2026-05-21T13:30:16.399+0000] {logging_mixin.py:188} INFO - [2026-05-21T13:30:16.398+0000] {dagbag.py:545} INFO - Filling up the DagBag from /home/airflow/.local/lib/python3.12/site-packages/airflow/example_dags/example_python_operator.py
[2026-05-21T13:30:16.426+0000] {processor.py:840} INFO - DAG(s) 'example_python_operator' retrieved from /home/airflow/.local/lib/python3.12/site-packages/airflow/example_dags/example_python_operator.py
[2026-05-21T13:30:16.476+0000] {logging_mixin.py:188} INFO - [2026-05-21T13:30:16.475+0000] {dag.py:3089} INFO - Sync 1 DAGs
[2026-05-21T13:30:16.500+0000] {logging_mixin.py:188} INFO - [2026-05-21T13:30:16.499+0000] {dag.py:3947} INFO - Setting next_dagrun for example_python_operator to None, run_after=None
[2026-05-21T13:30:16.538+0000] {processor.py:183} INFO - Processing /home/airflow/.local/lib/python3.12/site-packages/airflow/example_dags/example_python_operator.py took 0.156 seconds
[2026-05-21T13:30:47.017+0000] {processor.py:161} INFO - Started process (PID=25167) to work on /home/airflow/.local/lib/python3.12/site-packages/airflow/example_dags/example_python_operator.py
[2026-05-21T13:30:47.019+0000] {processor.py:830} INFO - Processing file /home/airflow/.local/lib/python3.12/site-packages/airflow/example_dags/example_python_operator.py for tasks to queue
[2026-05-21T13:30:47.020+0000] {logging_mixin.py:188} INFO - [2026-05-21T13:30:47.020+0000] {dagbag.py:545} INFO - Filling up the DagBag from /home/airflow/.local/lib/python3.12/site-packages/airflow/example_dags/example_python_operator.py
[2026-05-21T13:30:47.036+0000] {processor.py:840} INFO - DAG(s) 'example_python_operator' retrieved from /home/airflow/.local/lib/python3.12/site-packages/airflow/example_dags/example_python_operator.py
[2026-05-21T13:30:47.074+0000] {logging_mixin.py:188} INFO - [2026-05-21T13:30:47.074+0000] {dag.py:3089} INFO - Sync 1 DAGs
[2026-05-21T13:30:47.096+0000] {logging_mixin.py:188} INFO - [2026-05-21T13:30:47.095+0000] {dag.py:3947} INFO - Setting next_dagrun for example_python_operator to None, run_after=None
[2026-05-21T13:30:47.129+0000] {processor.py:183} INFO - Processing /home/airflow/.local/lib/python3.12/site-packages/airflow/example_dags/example_python_operator.py took 0.122 seconds
[2026-05-21T13:31:17.855+0000] {processor.py:161} INFO - Started process (PID=25227) to work on /home/airflow/.local/lib/python3.12/site-packages/airflow/example_dags/example_python_operator.py
[2026-05-21T13:31:17.857+0000] {processor.py:830} INFO - Processing file /home/airflow/.local/lib/python3.12/site-packages/airflow/example_dags/example_python_operator.py for tasks to queue
[2026-05-21T13:31:17.859+0000] {logging_mixin.py:188} INFO - [2026-05-21T13:31:17.858+0000] {dagbag.py:545} INFO - Filling up the DagBag from /home/airflow/.local/lib/python3.12/site-packages/airflow/example_dags/example_python_operator.py
[2026-05-21T13:31:17.875+0000] {processor.py:840} INFO - DAG(s) 'example_python_operator' retrieved from /home/airflow/.local/lib/python3.12/site-packages/airflow/example_dags/example_python_operator.py
[2026-05-21T13:31:17.909+0000] {logging_mixin.py:188} INFO - [2026-05-21T13:31:17.909+0000] {dag.py:3089} INFO - Sync 1 DAGs
[2026-05-21T13:31:17.928+0000] {logging_mixin.py:188} INFO - [2026-05-21T13:31:17.927+0000] {dag.py:3947} INFO - Setting next_dagrun for example_python_operator to None, run_after=None
[2026-05-21T13:31:17.958+0000] {processor.py:183} INFO - Processing /home/airflow/.local/lib/python3.12/site-packages/airflow/example_dags/example_python_operator.py took 0.111 seconds
[2026-05-21T13:31:48.521+0000] {processor.py:161} INFO - Started process (PID=25287) to work on /home/airflow/.local/lib/python3.12/site-packages/airflow/example_dags/example_python_operator.py
[2026-05-21T13:31:48.522+0000] {processor.py:830} INFO - Processing file /home/airflow/.local/lib/python3.12/site-packages/airflow/example_dags/example_python_operator.py for tasks to queue
[2026-05-21T13:31:48.524+0000] {logging_mixin.py:188} INFO - [2026-05-21T13:31:48.524+0000] {dagbag.py:545} INFO - Filling up the DagBag from /home/airflow/.local/lib/python3.12/site-packages/airflow/example_dags/example_python_operator.py
[2026-05-21T13:31:48.540+0000] {processor.py:840} INFO - DAG(s) 'example_python_operator' retrieved from /home/airflow/.local/lib/python3.12/site-packages/airflow/example_dags/example_python_operator.py
[2026-05-21T13:31:48.577+0000] {logging_mixin.py:188} INFO - [2026-05-21T13:31:48.576+0000] {dag.py:3089} INFO - Sync 1 DAGs
[2026-05-21T13:31:48.595+0000] {logging_mixin.py:188} INFO - [2026-05-21T13:31:48.595+0000] {dag.py:3947} INFO - Setting next_dagrun for example_python_operator to None, run_after=None
[2026-05-21T13:31:48.624+0000] {processor.py:183} INFO - Processing /home/airflow/.local/lib/python3.12/site-packages/airflow/example_dags/example_python_operator.py took 0.113 seconds
[2026-05-21T13:32:19.351+0000] {processor.py:161} INFO - Started process (PID=25347) to work on /home/airflow/.local/lib/python3.12/site-packages/airflow/example_dags/example_python_operator.py
[2026-05-21T13:32:19.353+0000] {processor.py:830} INFO - Processing file /home/airflow/.local/lib/python3.12/site-packages/airflow/example_dags/example_python_operator.py for tasks to queue
[2026-05-21T13:32:19.354+0000] {logging_mixin.py:188} INFO - [2026-05-21T13:32:19.354+0000] {dagbag.py:545} INFO - Filling up the DagBag from /home/airflow/.local/lib/python3.12/site-packages/airflow/example_dags/example_python_operator.py
[2026-05-21T13:32:19.371+0000] {processor.py:840} INFO - DAG(s) 'example_python_operator' retrieved from /home/airflow/.local/lib/python3.12/site-packages/airflow/example_dags/example_python_operator.py
[2026-05-21T13:32:19.410+0000] {logging_mixin.py:188} INFO - [2026-05-21T13:32:19.410+0000] {dag.py:3089} INFO - Sync 1 DAGs
[2026-05-21T13:32:19.438+0000] {logging_mixin.py:188} INFO - [2026-05-21T13:32:19.438+0000] {dag.py:3947} INFO - Setting next_dagrun for example_python_operator to None, run_after=None
[2026-05-21T13:32:19.542+0000] {processor.py:183} INFO - Processing /home/airflow/.local/lib/python3.12/site-packages/airflow/example_dags/example_python_operator.py took 0.200 seconds
[2026-05-21T13:32:50.139+0000] {processor.py:161} INFO - Started process (PID=25405) to work on /home/airflow/.local/lib/python3.12/site-packages/airflow/example_dags/example_python_operator.py
[2026-05-21T13:32:50.141+0000] {processor.py:830} INFO - Processing file /home/airflow/.local/lib/python3.12/site-packages/airflow/example_dags/example_python_operator.py for tasks to queue
[2026-05-21T13:32:50.142+0000] {logging_mixin.py:188} INFO - [2026-05-21T13:32:50.142+0000] {dagbag.py:545} INFO - Filling up the DagBag from /home/airflow/.local/lib/python3.12/site-packages/airflow/example_dags/example_python_operator.py
[2026-05-21T13:32:50.160+0000] {processor.py:840} INFO - DAG(s) 'example_python_operator' retrieved from /home/airflow/.local/lib/python3.12/site-packages/airflow/example_dags/example_python_operator.py
[2026-05-21T13:32:50.206+0000] {logging_mixin.py:188} INFO - [2026-05-21T13:32:50.205+0000] {dag.py:3089} INFO - Sync 1 DAGs
[2026-05-21T13:32:50.232+0000] {logging_mixin.py:188} INFO - [2026-05-21T13:32:50.232+0000] {dag.py:3947} INFO - Setting next_dagrun for example_python_operator to None, run_after=None
[2026-05-21T13:32:50.271+0000] {processor.py:183} INFO - Processing /home/airflow/.local/lib/python3.12/site-packages/airflow/example_dags/example_python_operator.py took 0.144 seconds
[2026-05-21T13:33:20.550+0000] {processor.py:161} INFO - Started process (PID=25464) to work on /home/airflow/.local/lib/python3.12/site-packages/airflow/example_dags/example_python_operator.py
[2026-05-21T13:33:20.556+0000] {processor.py:830} INFO - Processing file /home/airflow/.local/lib/python3.12/site-packages/airflow/example_dags/example_python_operator.py for tasks to queue
[2026-05-21T13:33:20.559+0000] {logging_mixin.py:188} INFO - [2026-05-21T13:33:20.558+0000] {dagbag.py:545} INFO - Filling up the DagBag from /home/airflow/.local/lib/python3.12/site-packages/airflow/example_dags/example_python_operator.py
[2026-05-21T13:33:20.597+0000] {processor.py:840} INFO - DAG(s) 'example_python_operator' retrieved from /home/airflow/.local/lib/python3.12/site-packages/airflow/example_dags/example_python_operator.py
[2026-05-21T13:33:20.722+0000] {logging_mixin.py:188} INFO - [2026-05-21T13:33:20.721+0000] {dag.py:3089} INFO - Sync 1 DAGs
[2026-05-21T13:33:20.848+0000] {logging_mixin.py:188} INFO - [2026-05-21T13:33:20.847+0000] {dag.py:3947} INFO - Setting next_dagrun for example_python_operator to None, run_after=None
[2026-05-21T13:33:21.074+0000] {processor.py:183} INFO - Processing /home/airflow/.local/lib/python3.12/site-packages/airflow/example_dags/example_python_operator.py took 0.555 seconds
[2026-05-21T13:33:51.273+0000] {processor.py:161} INFO - Started process (PID=25524) to work on /home/airflow/.local/lib/python3.12/site-packages/airflow/example_dags/example_python_operator.py
[2026-05-21T13:33:51.276+0000] {processor.py:830} INFO - Processing file /home/airflow/.local/lib/python3.12/site-packages/airflow/example_dags/example_python_operator.py for tasks to queue
[2026-05-21T13:33:51.278+0000] {logging_mixin.py:188} INFO - [2026-05-21T13:33:51.277+0000] {dagbag.py:545} INFO - Filling up the DagBag from /home/airflow/.local/lib/python3.12/site-packages/airflow/example_dags/example_python_operator.py
[2026-05-21T13:33:51.294+0000] {processor.py:840} INFO - DAG(s) 'example_python_operator' retrieved from /home/airflow/.local/lib/python3.12/site-packages/airflow/example_dags/example_python_operator.py
[2026-05-21T13:33:51.333+0000] {logging_mixin.py:188} INFO - [2026-05-21T13:33:51.332+0000] {dag.py:3089} INFO - Sync 1 DAGs
[2026-05-21T13:33:51.357+0000] {logging_mixin.py:188} INFO - [2026-05-21T13:33:51.357+0000] {dag.py:3947} INFO - Setting next_dagrun for example_python_operator to None, run_after=None
[2026-05-21T13:33:51.391+0000] {processor.py:183} INFO - Processing /home/airflow/.local/lib/python3.12/site-packages/airflow/example_dags/example_python_operator.py took 0.129 seconds
[2026-05-21T13:37:17.067+0000] {processor.py:161} INFO - Started process (PID=123) to work on /home/airflow/.local/lib/python3.12/site-packages/airflow/example_dags/example_python_operator.py
[2026-05-21T13:37:17.069+0000] {processor.py:830} INFO - Processing file /home/airflow/.local/lib/python3.12/site-packages/airflow/example_dags/example_python_operator.py for tasks to queue
[2026-05-21T13:37:17.073+0000] {logging_mixin.py:188} INFO - [2026-05-21T13:37:17.072+0000] {dagbag.py:545} INFO - Filling up the DagBag from /home/airflow/.local/lib/python3.12/site-packages/airflow/example_dags/example_python_operator.py
[2026-05-21T13:37:17.096+0000] {processor.py:840} INFO - DAG(s) 'example_python_operator' retrieved from /home/airflow/.local/lib/python3.12/site-packages/airflow/example_dags/example_python_operator.py
[2026-05-21T13:37:17.592+0000] {logging_mixin.py:188} INFO - [2026-05-21T13:37:17.590+0000] {dag.py:3089} INFO - Sync 1 DAGs
[2026-05-21T13:37:17.643+0000] {logging_mixin.py:188} INFO - [2026-05-21T13:37:17.643+0000] {dag.py:3947} INFO - Setting next_dagrun for example_python_operator to None, run_after=None
[2026-05-21T13:37:17.796+0000] {processor.py:183} INFO - Processing /home/airflow/.local/lib/python3.12/site-packages/airflow/example_dags/example_python_operator.py took 0.741 seconds
[2026-05-21T13:37:48.002+0000] {processor.py:161} INFO - Started process (PID=182) to work on /home/airflow/.local/lib/python3.12/site-packages/airflow/example_dags/example_python_operator.py
[2026-05-21T13:37:48.004+0000] {processor.py:830} INFO - Processing file /home/airflow/.local/lib/python3.12/site-packages/airflow/example_dags/example_python_operator.py for tasks to queue
[2026-05-21T13:37:48.008+0000] {logging_mixin.py:188} INFO - [2026-05-21T13:37:48.007+0000] {dagbag.py:545} INFO - Filling up the DagBag from /home/airflow/.local/lib/python3.12/site-packages/airflow/example_dags/example_python_operator.py
[2026-05-21T13:37:48.024+0000] {processor.py:840} INFO - DAG(s) 'example_python_operator' retrieved from /home/airflow/.local/lib/python3.12/site-packages/airflow/example_dags/example_python_operator.py
[2026-05-21T13:37:48.061+0000] {logging_mixin.py:188} INFO - [2026-05-21T13:37:48.060+0000] {dag.py:3089} INFO - Sync 1 DAGs
[2026-05-21T13:37:48.080+0000] {logging_mixin.py:188} INFO - [2026-05-21T13:37:48.080+0000] {dag.py:3947} INFO - Setting next_dagrun for example_python_operator to None, run_after=None
[2026-05-21T13:37:48.117+0000] {processor.py:183} INFO - Processing /home/airflow/.local/lib/python3.12/site-packages/airflow/example_dags/example_python_operator.py took 0.125 seconds
[2026-05-21T13:38:19.045+0000] {processor.py:161} INFO - Started process (PID=242) to work on /home/airflow/.local/lib/python3.12/site-packages/airflow/example_dags/example_python_operator.py
[2026-05-21T13:38:19.047+0000] {processor.py:830} INFO - Processing file /home/airflow/.local/lib/python3.12/site-packages/airflow/example_dags/example_python_operator.py for tasks to queue
[2026-05-21T13:38:19.051+0000] {logging_mixin.py:188} INFO - [2026-05-21T13:38:19.051+0000] {dagbag.py:545} INFO - Filling up the DagBag from /home/airflow/.local/lib/python3.12/site-packages/airflow/example_dags/example_python_operator.py
[2026-05-21T13:38:19.069+0000] {processor.py:840} INFO - DAG(s) 'example_python_operator' retrieved from /home/airflow/.local/lib/python3.12/site-packages/airflow/example_dags/example_python_operator.py
[2026-05-21T13:38:19.109+0000] {logging_mixin.py:188} INFO - [2026-05-21T13:38:19.108+0000] {dag.py:3089} INFO - Sync 1 DAGs
[2026-05-21T13:38:19.132+0000] {logging_mixin.py:188} INFO - [2026-05-21T13:38:19.131+0000] {dag.py:3947} INFO - Setting next_dagrun for example_python_operator to None, run_after=None
[2026-05-21T13:38:19.168+0000] {processor.py:183} INFO - Processing /home/airflow/.local/lib/python3.12/site-packages/airflow/example_dags/example_python_operator.py took 0.134 seconds
[2026-05-21T13:38:49.446+0000] {processor.py:161} INFO - Started process (PID=302) to work on /home/airflow/.local/lib/python3.12/site-packages/airflow/example_dags/example_python_operator.py
[2026-05-21T13:38:49.448+0000] {processor.py:830} INFO - Processing file /home/airflow/.local/lib/python3.12/site-packages/airflow/example_dags/example_python_operator.py for tasks to queue
[2026-05-21T13:38:49.451+0000] {logging_mixin.py:188} INFO - [2026-05-21T13:38:49.451+0000] {dagbag.py:545} INFO - Filling up the DagBag from /home/airflow/.local/lib/python3.12/site-packages/airflow/example_dags/example_python_operator.py
[2026-05-21T13:38:49.466+0000] {processor.py:840} INFO - DAG(s) 'example_python_operator' retrieved from /home/airflow/.local/lib/python3.12/site-packages/airflow/example_dags/example_python_operator.py
[2026-05-21T13:38:49.499+0000] {logging_mixin.py:188} INFO - [2026-05-21T13:38:49.498+0000] {dag.py:3089} INFO - Sync 1 DAGs
[2026-05-21T13:38:49.518+0000] {logging_mixin.py:188} INFO - [2026-05-21T13:38:49.517+0000] {dag.py:3947} INFO - Setting next_dagrun for example_python_operator to None, run_after=None
[2026-05-21T13:38:49.544+0000] {processor.py:183} INFO - Processing /home/airflow/.local/lib/python3.12/site-packages/airflow/example_dags/example_python_operator.py took 0.106 seconds
[2026-05-21T13:39:19.781+0000] {processor.py:161} INFO - Started process (PID=362) to work on /home/airflow/.local/lib/python3.12/site-packages/airflow/example_dags/example_python_operator.py
[2026-05-21T13:39:19.783+0000] {processor.py:830} INFO - Processing file /home/airflow/.local/lib/python3.12/site-packages/airflow/example_dags/example_python_operator.py for tasks to queue
[2026-05-21T13:39:19.786+0000] {logging_mixin.py:188} INFO - [2026-05-21T13:39:19.786+0000] {dagbag.py:545} INFO - Filling up the DagBag from /home/airflow/.local/lib/python3.12/site-packages/airflow/example_dags/example_python_operator.py
[2026-05-21T13:39:19.801+0000] {processor.py:840} INFO - DAG(s) 'example_python_operator' retrieved from /home/airflow/.local/lib/python3.12/site-packages/airflow/example_dags/example_python_operator.py
[2026-05-21T13:39:19.835+0000] {logging_mixin.py:188} INFO - [2026-05-21T13:39:19.835+0000] {dag.py:3089} INFO - Sync 1 DAGs
[2026-05-21T13:39:19.856+0000] {logging_mixin.py:188} INFO - [2026-05-21T13:39:19.855+0000] {dag.py:3947} INFO - Setting next_dagrun for example_python_operator to None, run_after=None
[2026-05-21T13:39:19.887+0000] {processor.py:183} INFO - Processing /home/airflow/.local/lib/python3.12/site-packages/airflow/example_dags/example_python_operator.py took 0.115 seconds
[2026-05-21T13:39:51.243+0000] {processor.py:161} INFO - Started process (PID=422) to work on /home/airflow/.local/lib/python3.12/site-packages/airflow/example_dags/example_python_operator.py
[2026-05-21T13:39:51.245+0000] {processor.py:830} INFO - Processing file /home/airflow/.local/lib/python3.12/site-packages/airflow/example_dags/example_python_operator.py for tasks to queue
[2026-05-21T13:39:51.249+0000] {logging_mixin.py:188} INFO - [2026-05-21T13:39:51.248+0000] {dagbag.py:545} INFO - Filling up the DagBag from /home/airflow/.local/lib/python3.12/site-packages/airflow/example_dags/example_python_operator.py
[2026-05-21T13:39:51.275+0000] {processor.py:840} INFO - DAG(s) 'example_python_operator' retrieved from /home/airflow/.local/lib/python3.12/site-packages/airflow/example_dags/example_python_operator.py
[2026-05-21T13:39:51.327+0000] {logging_mixin.py:188} INFO - [2026-05-21T13:39:51.326+0000] {dag.py:3089} INFO - Sync 1 DAGs
[2026-05-21T13:39:51.367+0000] {logging_mixin.py:188} INFO - [2026-05-21T13:39:51.366+0000] {dag.py:3947} INFO - Setting next_dagrun for example_python_operator to None, run_after=None
[2026-05-21T13:39:51.442+0000] {processor.py:183} INFO - Processing /home/airflow/.local/lib/python3.12/site-packages/airflow/example_dags/example_python_operator.py took 0.210 seconds
[2026-05-21T13:40:25.883+0000] {processor.py:161} INFO - Started process (PID=482) to work on /home/airflow/.local/lib/python3.12/site-packages/airflow/example_dags/example_python_operator.py
[2026-05-21T13:40:25.887+0000] {processor.py:830} INFO - Processing file /home/airflow/.local/lib/python3.12/site-packages/airflow/example_dags/example_python_operator.py for tasks to queue
[2026-05-21T13:40:25.898+0000] {logging_mixin.py:188} INFO - [2026-05-21T13:40:25.897+0000] {dagbag.py:545} INFO - Filling up the DagBag from /home/airflow/.local/lib/python3.12/site-packages/airflow/example_dags/example_python_operator.py
[2026-05-21T13:40:25.939+0000] {processor.py:840} INFO - DAG(s) 'example_python_operator' retrieved from /home/airflow/.local/lib/python3.12/site-packages/airflow/example_dags/example_python_operator.py
[2026-05-21T13:40:26.018+0000] {logging_mixin.py:188} INFO - [2026-05-21T13:40:26.017+0000] {dag.py:3089} INFO - Sync 1 DAGs
[2026-05-21T13:40:26.069+0000] {logging_mixin.py:188} INFO - [2026-05-21T13:40:26.068+0000] {dag.py:3947} INFO - Setting next_dagrun for example_python_operator to None, run_after=None
[2026-05-21T13:40:26.132+0000] {processor.py:183} INFO - Processing /home/airflow/.local/lib/python3.12/site-packages/airflow/example_dags/example_python_operator.py took 0.276 seconds
