[2026-05-21T07:54:20.725+0000] {processor.py:161} INFO - Started process (PID=149) to work on /home/airflow/.local/lib/python3.12/site-packages/airflow/example_dags/plugins/workday.py
[2026-05-21T07:54:20.745+0000] {processor.py:830} INFO - Processing file /home/airflow/.local/lib/python3.12/site-packages/airflow/example_dags/plugins/workday.py for tasks to queue
[2026-05-21T07:54:20.763+0000] {logging_mixin.py:188} INFO - [2026-05-21T07:54:20.762+0000] {dagbag.py:545} INFO - Filling up the DagBag from /home/airflow/.local/lib/python3.12/site-packages/airflow/example_dags/plugins/workday.py
[2026-05-21T07:54:42.034+0000] {processor.py:842} WARNING - No viable dags retrieved from /home/airflow/.local/lib/python3.12/site-packages/airflow/example_dags/plugins/workday.py
[2026-05-21T07:54:42.678+0000] {processor.py:183} INFO - Processing /home/airflow/.local/lib/python3.12/site-packages/airflow/example_dags/plugins/workday.py took 22.050 seconds
[2026-05-21T07:55:13.519+0000] {processor.py:161} INFO - Started process (PID=218) to work on /home/airflow/.local/lib/python3.12/site-packages/airflow/example_dags/plugins/workday.py
[2026-05-21T07:55:13.523+0000] {processor.py:830} INFO - Processing file /home/airflow/.local/lib/python3.12/site-packages/airflow/example_dags/plugins/workday.py for tasks to queue
[2026-05-21T07:55:13.534+0000] {logging_mixin.py:188} INFO - [2026-05-21T07:55:13.532+0000] {dagbag.py:545} INFO - Filling up the DagBag from /home/airflow/.local/lib/python3.12/site-packages/airflow/example_dags/plugins/workday.py
[2026-05-21T07:55:16.226+0000] {processor.py:842} WARNING - No viable dags retrieved from /home/airflow/.local/lib/python3.12/site-packages/airflow/example_dags/plugins/workday.py
[2026-05-21T07:55:16.264+0000] {processor.py:183} INFO - Processing /home/airflow/.local/lib/python3.12/site-packages/airflow/example_dags/plugins/workday.py took 2.773 seconds
[2026-05-21T07:55:47.853+0000] {processor.py:161} INFO - Started process (PID=281) to work on /home/airflow/.local/lib/python3.12/site-packages/airflow/example_dags/plugins/workday.py
[2026-05-21T07:55:47.857+0000] {processor.py:830} INFO - Processing file /home/airflow/.local/lib/python3.12/site-packages/airflow/example_dags/plugins/workday.py for tasks to queue
[2026-05-21T07:55:47.863+0000] {logging_mixin.py:188} INFO - [2026-05-21T07:55:47.862+0000] {dagbag.py:545} INFO - Filling up the DagBag from /home/airflow/.local/lib/python3.12/site-packages/airflow/example_dags/plugins/workday.py
[2026-05-21T07:55:49.358+0000] {processor.py:842} WARNING - No viable dags retrieved from /home/airflow/.local/lib/python3.12/site-packages/airflow/example_dags/plugins/workday.py
[2026-05-21T07:55:49.393+0000] {processor.py:183} INFO - Processing /home/airflow/.local/lib/python3.12/site-packages/airflow/example_dags/plugins/workday.py took 1.563 seconds
[2026-05-21T07:56:20.686+0000] {processor.py:161} INFO - Started process (PID=342) to work on /home/airflow/.local/lib/python3.12/site-packages/airflow/example_dags/plugins/workday.py
[2026-05-21T07:56:20.690+0000] {processor.py:830} INFO - Processing file /home/airflow/.local/lib/python3.12/site-packages/airflow/example_dags/plugins/workday.py for tasks to queue
[2026-05-21T07:56:20.698+0000] {logging_mixin.py:188} INFO - [2026-05-21T07:56:20.696+0000] {dagbag.py:545} INFO - Filling up the DagBag from /home/airflow/.local/lib/python3.12/site-packages/airflow/example_dags/plugins/workday.py
[2026-05-21T07:56:26.394+0000] {processor.py:842} WARNING - No viable dags retrieved from /home/airflow/.local/lib/python3.12/site-packages/airflow/example_dags/plugins/workday.py
[2026-05-21T07:56:26.451+0000] {processor.py:183} INFO - Processing /home/airflow/.local/lib/python3.12/site-packages/airflow/example_dags/plugins/workday.py took 5.787 seconds
[2026-05-21T07:57:00.581+0000] {processor.py:161} INFO - Started process (PID=405) to work on /home/airflow/.local/lib/python3.12/site-packages/airflow/example_dags/plugins/workday.py
[2026-05-21T07:57:00.593+0000] {processor.py:830} INFO - Processing file /home/airflow/.local/lib/python3.12/site-packages/airflow/example_dags/plugins/workday.py for tasks to queue
[2026-05-21T07:57:00.609+0000] {logging_mixin.py:188} INFO - [2026-05-21T07:57:00.607+0000] {dagbag.py:545} INFO - Filling up the DagBag from /home/airflow/.local/lib/python3.12/site-packages/airflow/example_dags/plugins/workday.py
[2026-05-21T07:57:08.211+0000] {processor.py:842} WARNING - No viable dags retrieved from /home/airflow/.local/lib/python3.12/site-packages/airflow/example_dags/plugins/workday.py
[2026-05-21T07:57:08.405+0000] {processor.py:183} INFO - Processing /home/airflow/.local/lib/python3.12/site-packages/airflow/example_dags/plugins/workday.py took 7.918 seconds
[2026-05-21T07:57:41.020+0000] {processor.py:161} INFO - Started process (PID=477) to work on /home/airflow/.local/lib/python3.12/site-packages/airflow/example_dags/plugins/workday.py
[2026-05-21T07:57:41.025+0000] {processor.py:830} INFO - Processing file /home/airflow/.local/lib/python3.12/site-packages/airflow/example_dags/plugins/workday.py for tasks to queue
[2026-05-21T07:57:41.033+0000] {logging_mixin.py:188} INFO - [2026-05-21T07:57:41.032+0000] {dagbag.py:545} INFO - Filling up the DagBag from /home/airflow/.local/lib/python3.12/site-packages/airflow/example_dags/plugins/workday.py
[2026-05-21T07:57:42.871+0000] {processor.py:842} WARNING - No viable dags retrieved from /home/airflow/.local/lib/python3.12/site-packages/airflow/example_dags/plugins/workday.py
[2026-05-21T07:57:42.925+0000] {processor.py:183} INFO - Processing /home/airflow/.local/lib/python3.12/site-packages/airflow/example_dags/plugins/workday.py took 1.930 seconds
[2026-05-21T07:58:13.366+0000] {processor.py:161} INFO - Started process (PID=540) to work on /home/airflow/.local/lib/python3.12/site-packages/airflow/example_dags/plugins/workday.py
[2026-05-21T07:58:13.372+0000] {processor.py:830} INFO - Processing file /home/airflow/.local/lib/python3.12/site-packages/airflow/example_dags/plugins/workday.py for tasks to queue
[2026-05-21T07:58:13.381+0000] {logging_mixin.py:188} INFO - [2026-05-21T07:58:13.380+0000] {dagbag.py:545} INFO - Filling up the DagBag from /home/airflow/.local/lib/python3.12/site-packages/airflow/example_dags/plugins/workday.py
[2026-05-21T07:58:15.302+0000] {processor.py:842} WARNING - No viable dags retrieved from /home/airflow/.local/lib/python3.12/site-packages/airflow/example_dags/plugins/workday.py
[2026-05-21T07:58:15.400+0000] {processor.py:183} INFO - Processing /home/airflow/.local/lib/python3.12/site-packages/airflow/example_dags/plugins/workday.py took 2.060 seconds
[2026-05-21T07:58:45.817+0000] {processor.py:161} INFO - Started process (PID=600) to work on /home/airflow/.local/lib/python3.12/site-packages/airflow/example_dags/plugins/workday.py
[2026-05-21T07:58:45.822+0000] {processor.py:830} INFO - Processing file /home/airflow/.local/lib/python3.12/site-packages/airflow/example_dags/plugins/workday.py for tasks to queue
[2026-05-21T07:58:45.839+0000] {logging_mixin.py:188} INFO - [2026-05-21T07:58:45.837+0000] {dagbag.py:545} INFO - Filling up the DagBag from /home/airflow/.local/lib/python3.12/site-packages/airflow/example_dags/plugins/workday.py
[2026-05-21T07:58:47.549+0000] {processor.py:842} WARNING - No viable dags retrieved from /home/airflow/.local/lib/python3.12/site-packages/airflow/example_dags/plugins/workday.py
[2026-05-21T07:58:47.609+0000] {processor.py:183} INFO - Processing /home/airflow/.local/lib/python3.12/site-packages/airflow/example_dags/plugins/workday.py took 1.851 seconds
[2026-05-21T07:59:22.392+0000] {processor.py:161} INFO - Started process (PID=663) to work on /home/airflow/.local/lib/python3.12/site-packages/airflow/example_dags/plugins/workday.py
[2026-05-21T07:59:22.395+0000] {processor.py:830} INFO - Processing file /home/airflow/.local/lib/python3.12/site-packages/airflow/example_dags/plugins/workday.py for tasks to queue
[2026-05-21T07:59:22.399+0000] {logging_mixin.py:188} INFO - [2026-05-21T07:59:22.398+0000] {dagbag.py:545} INFO - Filling up the DagBag from /home/airflow/.local/lib/python3.12/site-packages/airflow/example_dags/plugins/workday.py
[2026-05-21T07:59:23.994+0000] {processor.py:842} WARNING - No viable dags retrieved from /home/airflow/.local/lib/python3.12/site-packages/airflow/example_dags/plugins/workday.py
[2026-05-21T07:59:24.044+0000] {processor.py:183} INFO - Processing /home/airflow/.local/lib/python3.12/site-packages/airflow/example_dags/plugins/workday.py took 1.667 seconds
[2026-05-21T08:00:04.684+0000] {processor.py:161} INFO - Started process (PID=734) to work on /home/airflow/.local/lib/python3.12/site-packages/airflow/example_dags/plugins/workday.py
[2026-05-21T08:00:04.688+0000] {processor.py:830} INFO - Processing file /home/airflow/.local/lib/python3.12/site-packages/airflow/example_dags/plugins/workday.py for tasks to queue
[2026-05-21T08:00:04.693+0000] {logging_mixin.py:188} INFO - [2026-05-21T08:00:04.692+0000] {dagbag.py:545} INFO - Filling up the DagBag from /home/airflow/.local/lib/python3.12/site-packages/airflow/example_dags/plugins/workday.py
[2026-05-21T08:00:07.851+0000] {processor.py:842} WARNING - No viable dags retrieved from /home/airflow/.local/lib/python3.12/site-packages/airflow/example_dags/plugins/workday.py
[2026-05-21T08:00:07.892+0000] {processor.py:183} INFO - Processing /home/airflow/.local/lib/python3.12/site-packages/airflow/example_dags/plugins/workday.py took 3.227 seconds
[2026-05-21T08:00:38.821+0000] {processor.py:161} INFO - Started process (PID=804) to work on /home/airflow/.local/lib/python3.12/site-packages/airflow/example_dags/plugins/workday.py
[2026-05-21T08:00:38.824+0000] {processor.py:830} INFO - Processing file /home/airflow/.local/lib/python3.12/site-packages/airflow/example_dags/plugins/workday.py for tasks to queue
[2026-05-21T08:00:38.832+0000] {logging_mixin.py:188} INFO - [2026-05-21T08:00:38.830+0000] {dagbag.py:545} INFO - Filling up the DagBag from /home/airflow/.local/lib/python3.12/site-packages/airflow/example_dags/plugins/workday.py
[2026-05-21T08:00:40.630+0000] {processor.py:842} WARNING - No viable dags retrieved from /home/airflow/.local/lib/python3.12/site-packages/airflow/example_dags/plugins/workday.py
[2026-05-21T08:00:40.690+0000] {processor.py:183} INFO - Processing /home/airflow/.local/lib/python3.12/site-packages/airflow/example_dags/plugins/workday.py took 1.885 seconds
[2026-05-21T08:01:13.210+0000] {processor.py:161} INFO - Started process (PID=869) to work on /home/airflow/.local/lib/python3.12/site-packages/airflow/example_dags/plugins/workday.py
[2026-05-21T08:01:13.221+0000] {processor.py:830} INFO - Processing file /home/airflow/.local/lib/python3.12/site-packages/airflow/example_dags/plugins/workday.py for tasks to queue
[2026-05-21T08:01:13.233+0000] {logging_mixin.py:188} INFO - [2026-05-21T08:01:13.230+0000] {dagbag.py:545} INFO - Filling up the DagBag from /home/airflow/.local/lib/python3.12/site-packages/airflow/example_dags/plugins/workday.py
[2026-05-21T08:01:16.388+0000] {processor.py:842} WARNING - No viable dags retrieved from /home/airflow/.local/lib/python3.12/site-packages/airflow/example_dags/plugins/workday.py
[2026-05-21T08:01:16.445+0000] {processor.py:183} INFO - Processing /home/airflow/.local/lib/python3.12/site-packages/airflow/example_dags/plugins/workday.py took 3.275 seconds
[2026-05-21T08:01:48.304+0000] {processor.py:161} INFO - Started process (PID=932) to work on /home/airflow/.local/lib/python3.12/site-packages/airflow/example_dags/plugins/workday.py
[2026-05-21T08:01:48.339+0000] {processor.py:830} INFO - Processing file /home/airflow/.local/lib/python3.12/site-packages/airflow/example_dags/plugins/workday.py for tasks to queue
[2026-05-21T08:01:48.372+0000] {logging_mixin.py:188} INFO - [2026-05-21T08:01:48.370+0000] {dagbag.py:545} INFO - Filling up the DagBag from /home/airflow/.local/lib/python3.12/site-packages/airflow/example_dags/plugins/workday.py
[2026-05-21T08:01:50.295+0000] {processor.py:842} WARNING - No viable dags retrieved from /home/airflow/.local/lib/python3.12/site-packages/airflow/example_dags/plugins/workday.py
[2026-05-21T08:01:50.372+0000] {processor.py:183} INFO - Processing /home/airflow/.local/lib/python3.12/site-packages/airflow/example_dags/plugins/workday.py took 2.140 seconds
[2026-05-21T08:02:21.250+0000] {processor.py:161} INFO - Started process (PID=994) to work on /home/airflow/.local/lib/python3.12/site-packages/airflow/example_dags/plugins/workday.py
[2026-05-21T08:02:21.255+0000] {processor.py:830} INFO - Processing file /home/airflow/.local/lib/python3.12/site-packages/airflow/example_dags/plugins/workday.py for tasks to queue
[2026-05-21T08:02:21.291+0000] {logging_mixin.py:188} INFO - [2026-05-21T08:02:21.286+0000] {dagbag.py:545} INFO - Filling up the DagBag from /home/airflow/.local/lib/python3.12/site-packages/airflow/example_dags/plugins/workday.py
[2026-05-21T08:02:24.059+0000] {processor.py:842} WARNING - No viable dags retrieved from /home/airflow/.local/lib/python3.12/site-packages/airflow/example_dags/plugins/workday.py
[2026-05-21T08:02:24.097+0000] {processor.py:183} INFO - Processing /home/airflow/.local/lib/python3.12/site-packages/airflow/example_dags/plugins/workday.py took 2.910 seconds
[2026-05-21T08:02:54.609+0000] {processor.py:161} INFO - Started process (PID=1057) to work on /home/airflow/.local/lib/python3.12/site-packages/airflow/example_dags/plugins/workday.py
[2026-05-21T08:02:54.615+0000] {processor.py:830} INFO - Processing file /home/airflow/.local/lib/python3.12/site-packages/airflow/example_dags/plugins/workday.py for tasks to queue
[2026-05-21T08:02:54.624+0000] {logging_mixin.py:188} INFO - [2026-05-21T08:02:54.622+0000] {dagbag.py:545} INFO - Filling up the DagBag from /home/airflow/.local/lib/python3.12/site-packages/airflow/example_dags/plugins/workday.py
[2026-05-21T08:02:56.868+0000] {processor.py:842} WARNING - No viable dags retrieved from /home/airflow/.local/lib/python3.12/site-packages/airflow/example_dags/plugins/workday.py
[2026-05-21T08:02:56.899+0000] {processor.py:183} INFO - Processing /home/airflow/.local/lib/python3.12/site-packages/airflow/example_dags/plugins/workday.py took 2.328 seconds
[2026-05-21T08:03:29.781+0000] {processor.py:161} INFO - Started process (PID=1121) to work on /home/airflow/.local/lib/python3.12/site-packages/airflow/example_dags/plugins/workday.py
[2026-05-21T08:03:29.789+0000] {processor.py:830} INFO - Processing file /home/airflow/.local/lib/python3.12/site-packages/airflow/example_dags/plugins/workday.py for tasks to queue
[2026-05-21T08:03:29.796+0000] {logging_mixin.py:188} INFO - [2026-05-21T08:03:29.795+0000] {dagbag.py:545} INFO - Filling up the DagBag from /home/airflow/.local/lib/python3.12/site-packages/airflow/example_dags/plugins/workday.py
[2026-05-21T08:03:31.649+0000] {processor.py:842} WARNING - No viable dags retrieved from /home/airflow/.local/lib/python3.12/site-packages/airflow/example_dags/plugins/workday.py
[2026-05-21T08:03:31.683+0000] {processor.py:183} INFO - Processing /home/airflow/.local/lib/python3.12/site-packages/airflow/example_dags/plugins/workday.py took 1.926 seconds
[2026-05-21T08:04:02.792+0000] {processor.py:161} INFO - Started process (PID=1185) to work on /home/airflow/.local/lib/python3.12/site-packages/airflow/example_dags/plugins/workday.py
[2026-05-21T08:04:02.799+0000] {processor.py:830} INFO - Processing file /home/airflow/.local/lib/python3.12/site-packages/airflow/example_dags/plugins/workday.py for tasks to queue
[2026-05-21T08:04:02.815+0000] {logging_mixin.py:188} INFO - [2026-05-21T08:04:02.813+0000] {dagbag.py:545} INFO - Filling up the DagBag from /home/airflow/.local/lib/python3.12/site-packages/airflow/example_dags/plugins/workday.py
[2026-05-21T08:04:04.899+0000] {processor.py:842} WARNING - No viable dags retrieved from /home/airflow/.local/lib/python3.12/site-packages/airflow/example_dags/plugins/workday.py
[2026-05-21T08:04:04.947+0000] {processor.py:183} INFO - Processing /home/airflow/.local/lib/python3.12/site-packages/airflow/example_dags/plugins/workday.py took 2.201 seconds
[2026-05-21T08:04:35.222+0000] {processor.py:161} INFO - Started process (PID=1247) to work on /home/airflow/.local/lib/python3.12/site-packages/airflow/example_dags/plugins/workday.py
[2026-05-21T08:04:35.227+0000] {processor.py:830} INFO - Processing file /home/airflow/.local/lib/python3.12/site-packages/airflow/example_dags/plugins/workday.py for tasks to queue
[2026-05-21T08:04:35.247+0000] {logging_mixin.py:188} INFO - [2026-05-21T08:04:35.245+0000] {dagbag.py:545} INFO - Filling up the DagBag from /home/airflow/.local/lib/python3.12/site-packages/airflow/example_dags/plugins/workday.py
[2026-05-21T08:04:37.015+0000] {processor.py:842} WARNING - No viable dags retrieved from /home/airflow/.local/lib/python3.12/site-packages/airflow/example_dags/plugins/workday.py
[2026-05-21T08:04:37.046+0000] {processor.py:183} INFO - Processing /home/airflow/.local/lib/python3.12/site-packages/airflow/example_dags/plugins/workday.py took 1.848 seconds
[2026-05-21T08:05:08.702+0000] {processor.py:161} INFO - Started process (PID=1308) to work on /home/airflow/.local/lib/python3.12/site-packages/airflow/example_dags/plugins/workday.py
[2026-05-21T08:05:08.710+0000] {processor.py:830} INFO - Processing file /home/airflow/.local/lib/python3.12/site-packages/airflow/example_dags/plugins/workday.py for tasks to queue
[2026-05-21T08:05:08.720+0000] {logging_mixin.py:188} INFO - [2026-05-21T08:05:08.719+0000] {dagbag.py:545} INFO - Filling up the DagBag from /home/airflow/.local/lib/python3.12/site-packages/airflow/example_dags/plugins/workday.py
[2026-05-21T08:05:11.116+0000] {processor.py:842} WARNING - No viable dags retrieved from /home/airflow/.local/lib/python3.12/site-packages/airflow/example_dags/plugins/workday.py
[2026-05-21T08:05:11.182+0000] {processor.py:183} INFO - Processing /home/airflow/.local/lib/python3.12/site-packages/airflow/example_dags/plugins/workday.py took 2.514 seconds
[2026-05-21T08:05:41.583+0000] {processor.py:161} INFO - Started process (PID=1377) to work on /home/airflow/.local/lib/python3.12/site-packages/airflow/example_dags/plugins/workday.py
[2026-05-21T08:05:41.587+0000] {processor.py:830} INFO - Processing file /home/airflow/.local/lib/python3.12/site-packages/airflow/example_dags/plugins/workday.py for tasks to queue
[2026-05-21T08:05:41.592+0000] {logging_mixin.py:188} INFO - [2026-05-21T08:05:41.591+0000] {dagbag.py:545} INFO - Filling up the DagBag from /home/airflow/.local/lib/python3.12/site-packages/airflow/example_dags/plugins/workday.py
[2026-05-21T08:05:42.835+0000] {processor.py:842} WARNING - No viable dags retrieved from /home/airflow/.local/lib/python3.12/site-packages/airflow/example_dags/plugins/workday.py
[2026-05-21T08:05:42.872+0000] {processor.py:183} INFO - Processing /home/airflow/.local/lib/python3.12/site-packages/airflow/example_dags/plugins/workday.py took 1.304 seconds
[2026-05-21T08:06:13.155+0000] {processor.py:161} INFO - Started process (PID=1438) to work on /home/airflow/.local/lib/python3.12/site-packages/airflow/example_dags/plugins/workday.py
[2026-05-21T08:06:13.159+0000] {processor.py:830} INFO - Processing file /home/airflow/.local/lib/python3.12/site-packages/airflow/example_dags/plugins/workday.py for tasks to queue
[2026-05-21T08:06:13.165+0000] {logging_mixin.py:188} INFO - [2026-05-21T08:06:13.164+0000] {dagbag.py:545} INFO - Filling up the DagBag from /home/airflow/.local/lib/python3.12/site-packages/airflow/example_dags/plugins/workday.py
[2026-05-21T08:06:14.874+0000] {processor.py:842} WARNING - No viable dags retrieved from /home/airflow/.local/lib/python3.12/site-packages/airflow/example_dags/plugins/workday.py
[2026-05-21T08:06:14.908+0000] {processor.py:183} INFO - Processing /home/airflow/.local/lib/python3.12/site-packages/airflow/example_dags/plugins/workday.py took 1.789 seconds
[2026-05-21T08:06:46.003+0000] {processor.py:161} INFO - Started process (PID=1502) to work on /home/airflow/.local/lib/python3.12/site-packages/airflow/example_dags/plugins/workday.py
[2026-05-21T08:06:46.007+0000] {processor.py:830} INFO - Processing file /home/airflow/.local/lib/python3.12/site-packages/airflow/example_dags/plugins/workday.py for tasks to queue
[2026-05-21T08:06:46.013+0000] {logging_mixin.py:188} INFO - [2026-05-21T08:06:46.012+0000] {dagbag.py:545} INFO - Filling up the DagBag from /home/airflow/.local/lib/python3.12/site-packages/airflow/example_dags/plugins/workday.py
[2026-05-21T08:06:47.192+0000] {processor.py:842} WARNING - No viable dags retrieved from /home/airflow/.local/lib/python3.12/site-packages/airflow/example_dags/plugins/workday.py
[2026-05-21T08:06:47.228+0000] {processor.py:183} INFO - Processing /home/airflow/.local/lib/python3.12/site-packages/airflow/example_dags/plugins/workday.py took 1.261 seconds
[2026-05-21T08:07:17.683+0000] {processor.py:161} INFO - Started process (PID=1562) to work on /home/airflow/.local/lib/python3.12/site-packages/airflow/example_dags/plugins/workday.py
[2026-05-21T08:07:17.686+0000] {processor.py:830} INFO - Processing file /home/airflow/.local/lib/python3.12/site-packages/airflow/example_dags/plugins/workday.py for tasks to queue
[2026-05-21T08:07:17.694+0000] {logging_mixin.py:188} INFO - [2026-05-21T08:07:17.691+0000] {dagbag.py:545} INFO - Filling up the DagBag from /home/airflow/.local/lib/python3.12/site-packages/airflow/example_dags/plugins/workday.py
[2026-05-21T08:07:19.160+0000] {processor.py:842} WARNING - No viable dags retrieved from /home/airflow/.local/lib/python3.12/site-packages/airflow/example_dags/plugins/workday.py
[2026-05-21T08:07:19.203+0000] {processor.py:183} INFO - Processing /home/airflow/.local/lib/python3.12/site-packages/airflow/example_dags/plugins/workday.py took 1.543 seconds
[2026-05-21T08:07:49.721+0000] {processor.py:161} INFO - Started process (PID=1622) to work on /home/airflow/.local/lib/python3.12/site-packages/airflow/example_dags/plugins/workday.py
[2026-05-21T08:07:49.734+0000] {processor.py:830} INFO - Processing file /home/airflow/.local/lib/python3.12/site-packages/airflow/example_dags/plugins/workday.py for tasks to queue
[2026-05-21T08:07:49.754+0000] {logging_mixin.py:188} INFO - [2026-05-21T08:07:49.752+0000] {dagbag.py:545} INFO - Filling up the DagBag from /home/airflow/.local/lib/python3.12/site-packages/airflow/example_dags/plugins/workday.py
[2026-05-21T08:07:51.472+0000] {processor.py:842} WARNING - No viable dags retrieved from /home/airflow/.local/lib/python3.12/site-packages/airflow/example_dags/plugins/workday.py
[2026-05-21T08:07:51.519+0000] {processor.py:183} INFO - Processing /home/airflow/.local/lib/python3.12/site-packages/airflow/example_dags/plugins/workday.py took 1.834 seconds
[2026-05-21T08:08:22.116+0000] {processor.py:161} INFO - Started process (PID=1684) to work on /home/airflow/.local/lib/python3.12/site-packages/airflow/example_dags/plugins/workday.py
[2026-05-21T08:08:22.120+0000] {processor.py:830} INFO - Processing file /home/airflow/.local/lib/python3.12/site-packages/airflow/example_dags/plugins/workday.py for tasks to queue
[2026-05-21T08:08:22.129+0000] {logging_mixin.py:188} INFO - [2026-05-21T08:08:22.127+0000] {dagbag.py:545} INFO - Filling up the DagBag from /home/airflow/.local/lib/python3.12/site-packages/airflow/example_dags/plugins/workday.py
[2026-05-21T08:08:24.072+0000] {processor.py:842} WARNING - No viable dags retrieved from /home/airflow/.local/lib/python3.12/site-packages/airflow/example_dags/plugins/workday.py
[2026-05-21T08:08:24.139+0000] {processor.py:183} INFO - Processing /home/airflow/.local/lib/python3.12/site-packages/airflow/example_dags/plugins/workday.py took 2.045 seconds
[2026-05-21T08:08:54.682+0000] {processor.py:161} INFO - Started process (PID=1746) to work on /home/airflow/.local/lib/python3.12/site-packages/airflow/example_dags/plugins/workday.py
[2026-05-21T08:08:54.685+0000] {processor.py:830} INFO - Processing file /home/airflow/.local/lib/python3.12/site-packages/airflow/example_dags/plugins/workday.py for tasks to queue
[2026-05-21T08:08:54.694+0000] {logging_mixin.py:188} INFO - [2026-05-21T08:08:54.692+0000] {dagbag.py:545} INFO - Filling up the DagBag from /home/airflow/.local/lib/python3.12/site-packages/airflow/example_dags/plugins/workday.py
[2026-05-21T08:08:56.430+0000] {processor.py:842} WARNING - No viable dags retrieved from /home/airflow/.local/lib/python3.12/site-packages/airflow/example_dags/plugins/workday.py
[2026-05-21T08:08:56.468+0000] {processor.py:183} INFO - Processing /home/airflow/.local/lib/python3.12/site-packages/airflow/example_dags/plugins/workday.py took 1.802 seconds
[2026-05-21T08:09:27.656+0000] {processor.py:161} INFO - Started process (PID=1810) to work on /home/airflow/.local/lib/python3.12/site-packages/airflow/example_dags/plugins/workday.py
[2026-05-21T08:09:27.659+0000] {processor.py:830} INFO - Processing file /home/airflow/.local/lib/python3.12/site-packages/airflow/example_dags/plugins/workday.py for tasks to queue
[2026-05-21T08:09:27.665+0000] {logging_mixin.py:188} INFO - [2026-05-21T08:09:27.664+0000] {dagbag.py:545} INFO - Filling up the DagBag from /home/airflow/.local/lib/python3.12/site-packages/airflow/example_dags/plugins/workday.py
[2026-05-21T08:09:29.947+0000] {processor.py:842} WARNING - No viable dags retrieved from /home/airflow/.local/lib/python3.12/site-packages/airflow/example_dags/plugins/workday.py
[2026-05-21T08:09:30.009+0000] {processor.py:183} INFO - Processing /home/airflow/.local/lib/python3.12/site-packages/airflow/example_dags/plugins/workday.py took 2.375 seconds
[2026-05-21T08:10:00.966+0000] {processor.py:161} INFO - Started process (PID=1873) to work on /home/airflow/.local/lib/python3.12/site-packages/airflow/example_dags/plugins/workday.py
[2026-05-21T08:10:00.969+0000] {processor.py:830} INFO - Processing file /home/airflow/.local/lib/python3.12/site-packages/airflow/example_dags/plugins/workday.py for tasks to queue
[2026-05-21T08:10:00.975+0000] {logging_mixin.py:188} INFO - [2026-05-21T08:10:00.974+0000] {dagbag.py:545} INFO - Filling up the DagBag from /home/airflow/.local/lib/python3.12/site-packages/airflow/example_dags/plugins/workday.py
[2026-05-21T08:10:02.747+0000] {processor.py:842} WARNING - No viable dags retrieved from /home/airflow/.local/lib/python3.12/site-packages/airflow/example_dags/plugins/workday.py
[2026-05-21T08:10:02.851+0000] {processor.py:183} INFO - Processing /home/airflow/.local/lib/python3.12/site-packages/airflow/example_dags/plugins/workday.py took 1.908 seconds
[2026-05-21T08:10:33.591+0000] {processor.py:161} INFO - Started process (PID=1933) to work on /home/airflow/.local/lib/python3.12/site-packages/airflow/example_dags/plugins/workday.py
[2026-05-21T08:10:33.595+0000] {processor.py:830} INFO - Processing file /home/airflow/.local/lib/python3.12/site-packages/airflow/example_dags/plugins/workday.py for tasks to queue
[2026-05-21T08:10:33.603+0000] {logging_mixin.py:188} INFO - [2026-05-21T08:10:33.601+0000] {dagbag.py:545} INFO - Filling up the DagBag from /home/airflow/.local/lib/python3.12/site-packages/airflow/example_dags/plugins/workday.py
[2026-05-21T08:10:36.589+0000] {processor.py:842} WARNING - No viable dags retrieved from /home/airflow/.local/lib/python3.12/site-packages/airflow/example_dags/plugins/workday.py
[2026-05-21T08:10:36.671+0000] {processor.py:183} INFO - Processing /home/airflow/.local/lib/python3.12/site-packages/airflow/example_dags/plugins/workday.py took 3.098 seconds
[2026-05-21T08:11:07.386+0000] {processor.py:161} INFO - Started process (PID=1996) to work on /home/airflow/.local/lib/python3.12/site-packages/airflow/example_dags/plugins/workday.py
[2026-05-21T08:11:07.392+0000] {processor.py:830} INFO - Processing file /home/airflow/.local/lib/python3.12/site-packages/airflow/example_dags/plugins/workday.py for tasks to queue
[2026-05-21T08:11:07.405+0000] {logging_mixin.py:188} INFO - [2026-05-21T08:11:07.403+0000] {dagbag.py:545} INFO - Filling up the DagBag from /home/airflow/.local/lib/python3.12/site-packages/airflow/example_dags/plugins/workday.py
[2026-05-21T08:11:09.229+0000] {processor.py:842} WARNING - No viable dags retrieved from /home/airflow/.local/lib/python3.12/site-packages/airflow/example_dags/plugins/workday.py
[2026-05-21T08:11:09.379+0000] {processor.py:183} INFO - Processing /home/airflow/.local/lib/python3.12/site-packages/airflow/example_dags/plugins/workday.py took 2.016 seconds
[2026-05-21T08:11:39.840+0000] {processor.py:161} INFO - Started process (PID=2057) to work on /home/airflow/.local/lib/python3.12/site-packages/airflow/example_dags/plugins/workday.py
[2026-05-21T08:11:39.843+0000] {processor.py:830} INFO - Processing file /home/airflow/.local/lib/python3.12/site-packages/airflow/example_dags/plugins/workday.py for tasks to queue
[2026-05-21T08:11:39.851+0000] {logging_mixin.py:188} INFO - [2026-05-21T08:11:39.849+0000] {dagbag.py:545} INFO - Filling up the DagBag from /home/airflow/.local/lib/python3.12/site-packages/airflow/example_dags/plugins/workday.py
[2026-05-21T08:11:42.400+0000] {processor.py:842} WARNING - No viable dags retrieved from /home/airflow/.local/lib/python3.12/site-packages/airflow/example_dags/plugins/workday.py
[2026-05-21T08:11:42.536+0000] {processor.py:183} INFO - Processing /home/airflow/.local/lib/python3.12/site-packages/airflow/example_dags/plugins/workday.py took 2.704 seconds
[2026-05-21T08:12:19.778+0000] {processor.py:161} INFO - Started process (PID=2131) to work on /home/airflow/.local/lib/python3.12/site-packages/airflow/example_dags/plugins/workday.py
[2026-05-21T08:12:19.782+0000] {processor.py:830} INFO - Processing file /home/airflow/.local/lib/python3.12/site-packages/airflow/example_dags/plugins/workday.py for tasks to queue
[2026-05-21T08:12:19.790+0000] {logging_mixin.py:188} INFO - [2026-05-21T08:12:19.788+0000] {dagbag.py:545} INFO - Filling up the DagBag from /home/airflow/.local/lib/python3.12/site-packages/airflow/example_dags/plugins/workday.py
[2026-05-21T08:12:20.650+0000] {processor.py:842} WARNING - No viable dags retrieved from /home/airflow/.local/lib/python3.12/site-packages/airflow/example_dags/plugins/workday.py
[2026-05-21T08:12:20.709+0000] {processor.py:183} INFO - Processing /home/airflow/.local/lib/python3.12/site-packages/airflow/example_dags/plugins/workday.py took 0.955 seconds
[2026-05-21T08:12:51.762+0000] {processor.py:161} INFO - Started process (PID=2191) to work on /home/airflow/.local/lib/python3.12/site-packages/airflow/example_dags/plugins/workday.py
[2026-05-21T08:12:51.766+0000] {processor.py:830} INFO - Processing file /home/airflow/.local/lib/python3.12/site-packages/airflow/example_dags/plugins/workday.py for tasks to queue
[2026-05-21T08:12:51.772+0000] {logging_mixin.py:188} INFO - [2026-05-21T08:12:51.771+0000] {dagbag.py:545} INFO - Filling up the DagBag from /home/airflow/.local/lib/python3.12/site-packages/airflow/example_dags/plugins/workday.py
[2026-05-21T08:12:53.502+0000] {processor.py:842} WARNING - No viable dags retrieved from /home/airflow/.local/lib/python3.12/site-packages/airflow/example_dags/plugins/workday.py
[2026-05-21T08:12:53.787+0000] {processor.py:183} INFO - Processing /home/airflow/.local/lib/python3.12/site-packages/airflow/example_dags/plugins/workday.py took 2.043 seconds
[2026-05-21T08:13:24.265+0000] {processor.py:161} INFO - Started process (PID=2252) to work on /home/airflow/.local/lib/python3.12/site-packages/airflow/example_dags/plugins/workday.py
[2026-05-21T08:13:24.268+0000] {processor.py:830} INFO - Processing file /home/airflow/.local/lib/python3.12/site-packages/airflow/example_dags/plugins/workday.py for tasks to queue
[2026-05-21T08:13:24.276+0000] {logging_mixin.py:188} INFO - [2026-05-21T08:13:24.273+0000] {dagbag.py:545} INFO - Filling up the DagBag from /home/airflow/.local/lib/python3.12/site-packages/airflow/example_dags/plugins/workday.py
[2026-05-21T08:13:26.087+0000] {processor.py:842} WARNING - No viable dags retrieved from /home/airflow/.local/lib/python3.12/site-packages/airflow/example_dags/plugins/workday.py
[2026-05-21T08:13:26.138+0000] {processor.py:183} INFO - Processing /home/airflow/.local/lib/python3.12/site-packages/airflow/example_dags/plugins/workday.py took 1.896 seconds
[2026-05-21T08:13:56.376+0000] {processor.py:161} INFO - Started process (PID=2314) to work on /home/airflow/.local/lib/python3.12/site-packages/airflow/example_dags/plugins/workday.py
[2026-05-21T08:13:56.380+0000] {processor.py:830} INFO - Processing file /home/airflow/.local/lib/python3.12/site-packages/airflow/example_dags/plugins/workday.py for tasks to queue
[2026-05-21T08:13:56.390+0000] {logging_mixin.py:188} INFO - [2026-05-21T08:13:56.388+0000] {dagbag.py:545} INFO - Filling up the DagBag from /home/airflow/.local/lib/python3.12/site-packages/airflow/example_dags/plugins/workday.py
[2026-05-21T08:13:57.425+0000] {processor.py:842} WARNING - No viable dags retrieved from /home/airflow/.local/lib/python3.12/site-packages/airflow/example_dags/plugins/workday.py
[2026-05-21T08:13:57.456+0000] {processor.py:183} INFO - Processing /home/airflow/.local/lib/python3.12/site-packages/airflow/example_dags/plugins/workday.py took 1.107 seconds
[2026-05-21T08:14:28.460+0000] {processor.py:161} INFO - Started process (PID=2373) to work on /home/airflow/.local/lib/python3.12/site-packages/airflow/example_dags/plugins/workday.py
[2026-05-21T08:14:28.464+0000] {processor.py:830} INFO - Processing file /home/airflow/.local/lib/python3.12/site-packages/airflow/example_dags/plugins/workday.py for tasks to queue
[2026-05-21T08:14:28.479+0000] {logging_mixin.py:188} INFO - [2026-05-21T08:14:28.476+0000] {dagbag.py:545} INFO - Filling up the DagBag from /home/airflow/.local/lib/python3.12/site-packages/airflow/example_dags/plugins/workday.py
[2026-05-21T08:14:29.703+0000] {processor.py:842} WARNING - No viable dags retrieved from /home/airflow/.local/lib/python3.12/site-packages/airflow/example_dags/plugins/workday.py
[2026-05-21T08:14:29.739+0000] {processor.py:183} INFO - Processing /home/airflow/.local/lib/python3.12/site-packages/airflow/example_dags/plugins/workday.py took 1.311 seconds
[2026-05-21T08:15:00.601+0000] {processor.py:161} INFO - Started process (PID=2433) to work on /home/airflow/.local/lib/python3.12/site-packages/airflow/example_dags/plugins/workday.py
[2026-05-21T08:15:00.608+0000] {processor.py:830} INFO - Processing file /home/airflow/.local/lib/python3.12/site-packages/airflow/example_dags/plugins/workday.py for tasks to queue
[2026-05-21T08:15:00.619+0000] {logging_mixin.py:188} INFO - [2026-05-21T08:15:00.618+0000] {dagbag.py:545} INFO - Filling up the DagBag from /home/airflow/.local/lib/python3.12/site-packages/airflow/example_dags/plugins/workday.py
[2026-05-21T08:15:02.578+0000] {processor.py:842} WARNING - No viable dags retrieved from /home/airflow/.local/lib/python3.12/site-packages/airflow/example_dags/plugins/workday.py
[2026-05-21T08:15:02.605+0000] {processor.py:183} INFO - Processing /home/airflow/.local/lib/python3.12/site-packages/airflow/example_dags/plugins/workday.py took 2.050 seconds
[2026-05-21T08:15:32.839+0000] {processor.py:161} INFO - Started process (PID=2493) to work on /home/airflow/.local/lib/python3.12/site-packages/airflow/example_dags/plugins/workday.py
[2026-05-21T08:15:32.843+0000] {processor.py:830} INFO - Processing file /home/airflow/.local/lib/python3.12/site-packages/airflow/example_dags/plugins/workday.py for tasks to queue
[2026-05-21T08:15:32.851+0000] {logging_mixin.py:188} INFO - [2026-05-21T08:15:32.850+0000] {dagbag.py:545} INFO - Filling up the DagBag from /home/airflow/.local/lib/python3.12/site-packages/airflow/example_dags/plugins/workday.py
[2026-05-21T08:15:33.856+0000] {processor.py:842} WARNING - No viable dags retrieved from /home/airflow/.local/lib/python3.12/site-packages/airflow/example_dags/plugins/workday.py
[2026-05-21T08:15:33.892+0000] {processor.py:183} INFO - Processing /home/airflow/.local/lib/python3.12/site-packages/airflow/example_dags/plugins/workday.py took 1.072 seconds
[2026-05-21T08:16:04.187+0000] {processor.py:161} INFO - Started process (PID=2554) to work on /home/airflow/.local/lib/python3.12/site-packages/airflow/example_dags/plugins/workday.py
[2026-05-21T08:16:04.192+0000] {processor.py:830} INFO - Processing file /home/airflow/.local/lib/python3.12/site-packages/airflow/example_dags/plugins/workday.py for tasks to queue
[2026-05-21T08:16:04.198+0000] {logging_mixin.py:188} INFO - [2026-05-21T08:16:04.197+0000] {dagbag.py:545} INFO - Filling up the DagBag from /home/airflow/.local/lib/python3.12/site-packages/airflow/example_dags/plugins/workday.py
[2026-05-21T08:16:05.270+0000] {processor.py:842} WARNING - No viable dags retrieved from /home/airflow/.local/lib/python3.12/site-packages/airflow/example_dags/plugins/workday.py
[2026-05-21T08:16:05.333+0000] {processor.py:183} INFO - Processing /home/airflow/.local/lib/python3.12/site-packages/airflow/example_dags/plugins/workday.py took 1.166 seconds
[2026-05-21T08:16:35.844+0000] {processor.py:161} INFO - Started process (PID=2615) to work on /home/airflow/.local/lib/python3.12/site-packages/airflow/example_dags/plugins/workday.py
[2026-05-21T08:16:35.847+0000] {processor.py:830} INFO - Processing file /home/airflow/.local/lib/python3.12/site-packages/airflow/example_dags/plugins/workday.py for tasks to queue
[2026-05-21T08:16:35.854+0000] {logging_mixin.py:188} INFO - [2026-05-21T08:16:35.853+0000] {dagbag.py:545} INFO - Filling up the DagBag from /home/airflow/.local/lib/python3.12/site-packages/airflow/example_dags/plugins/workday.py
[2026-05-21T08:16:36.895+0000] {processor.py:842} WARNING - No viable dags retrieved from /home/airflow/.local/lib/python3.12/site-packages/airflow/example_dags/plugins/workday.py
[2026-05-21T08:16:36.941+0000] {processor.py:183} INFO - Processing /home/airflow/.local/lib/python3.12/site-packages/airflow/example_dags/plugins/workday.py took 1.116 seconds
[2026-05-21T08:17:07.861+0000] {processor.py:161} INFO - Started process (PID=2676) to work on /home/airflow/.local/lib/python3.12/site-packages/airflow/example_dags/plugins/workday.py
[2026-05-21T08:17:07.866+0000] {processor.py:830} INFO - Processing file /home/airflow/.local/lib/python3.12/site-packages/airflow/example_dags/plugins/workday.py for tasks to queue
[2026-05-21T08:17:07.876+0000] {logging_mixin.py:188} INFO - [2026-05-21T08:17:07.875+0000] {dagbag.py:545} INFO - Filling up the DagBag from /home/airflow/.local/lib/python3.12/site-packages/airflow/example_dags/plugins/workday.py
[2026-05-21T08:17:08.946+0000] {processor.py:842} WARNING - No viable dags retrieved from /home/airflow/.local/lib/python3.12/site-packages/airflow/example_dags/plugins/workday.py
[2026-05-21T08:17:08.984+0000] {processor.py:183} INFO - Processing /home/airflow/.local/lib/python3.12/site-packages/airflow/example_dags/plugins/workday.py took 1.145 seconds
[2026-05-21T08:17:39.799+0000] {processor.py:161} INFO - Started process (PID=2736) to work on /home/airflow/.local/lib/python3.12/site-packages/airflow/example_dags/plugins/workday.py
[2026-05-21T08:17:39.809+0000] {processor.py:830} INFO - Processing file /home/airflow/.local/lib/python3.12/site-packages/airflow/example_dags/plugins/workday.py for tasks to queue
[2026-05-21T08:17:39.827+0000] {logging_mixin.py:188} INFO - [2026-05-21T08:17:39.826+0000] {dagbag.py:545} INFO - Filling up the DagBag from /home/airflow/.local/lib/python3.12/site-packages/airflow/example_dags/plugins/workday.py
[2026-05-21T08:17:40.794+0000] {processor.py:842} WARNING - No viable dags retrieved from /home/airflow/.local/lib/python3.12/site-packages/airflow/example_dags/plugins/workday.py
[2026-05-21T08:17:40.847+0000] {processor.py:183} INFO - Processing /home/airflow/.local/lib/python3.12/site-packages/airflow/example_dags/plugins/workday.py took 1.087 seconds
[2026-05-21T08:18:11.136+0000] {processor.py:161} INFO - Started process (PID=2796) to work on /home/airflow/.local/lib/python3.12/site-packages/airflow/example_dags/plugins/workday.py
[2026-05-21T08:18:11.140+0000] {processor.py:830} INFO - Processing file /home/airflow/.local/lib/python3.12/site-packages/airflow/example_dags/plugins/workday.py for tasks to queue
[2026-05-21T08:18:11.150+0000] {logging_mixin.py:188} INFO - [2026-05-21T08:18:11.147+0000] {dagbag.py:545} INFO - Filling up the DagBag from /home/airflow/.local/lib/python3.12/site-packages/airflow/example_dags/plugins/workday.py
[2026-05-21T08:18:13.692+0000] {processor.py:842} WARNING - No viable dags retrieved from /home/airflow/.local/lib/python3.12/site-packages/airflow/example_dags/plugins/workday.py
[2026-05-21T08:18:13.753+0000] {processor.py:183} INFO - Processing /home/airflow/.local/lib/python3.12/site-packages/airflow/example_dags/plugins/workday.py took 2.641 seconds
[2026-05-21T08:18:48.299+0000] {processor.py:161} INFO - Started process (PID=2858) to work on /home/airflow/.local/lib/python3.12/site-packages/airflow/example_dags/plugins/workday.py
[2026-05-21T08:18:48.311+0000] {processor.py:830} INFO - Processing file /home/airflow/.local/lib/python3.12/site-packages/airflow/example_dags/plugins/workday.py for tasks to queue
[2026-05-21T08:18:48.321+0000] {logging_mixin.py:188} INFO - [2026-05-21T08:18:48.318+0000] {dagbag.py:545} INFO - Filling up the DagBag from /home/airflow/.local/lib/python3.12/site-packages/airflow/example_dags/plugins/workday.py
[2026-05-21T08:18:49.729+0000] {processor.py:842} WARNING - No viable dags retrieved from /home/airflow/.local/lib/python3.12/site-packages/airflow/example_dags/plugins/workday.py
[2026-05-21T08:18:49.817+0000] {processor.py:183} INFO - Processing /home/airflow/.local/lib/python3.12/site-packages/airflow/example_dags/plugins/workday.py took 1.553 seconds
[2026-05-21T08:19:21.000+0000] {processor.py:161} INFO - Started process (PID=2926) to work on /home/airflow/.local/lib/python3.12/site-packages/airflow/example_dags/plugins/workday.py
[2026-05-21T08:19:21.005+0000] {processor.py:830} INFO - Processing file /home/airflow/.local/lib/python3.12/site-packages/airflow/example_dags/plugins/workday.py for tasks to queue
[2026-05-21T08:19:21.015+0000] {logging_mixin.py:188} INFO - [2026-05-21T08:19:21.013+0000] {dagbag.py:545} INFO - Filling up the DagBag from /home/airflow/.local/lib/python3.12/site-packages/airflow/example_dags/plugins/workday.py
[2026-05-21T08:19:22.213+0000] {processor.py:842} WARNING - No viable dags retrieved from /home/airflow/.local/lib/python3.12/site-packages/airflow/example_dags/plugins/workday.py
[2026-05-21T08:19:22.277+0000] {processor.py:183} INFO - Processing /home/airflow/.local/lib/python3.12/site-packages/airflow/example_dags/plugins/workday.py took 1.300 seconds
[2026-05-21T08:19:52.466+0000] {processor.py:161} INFO - Started process (PID=2986) to work on /home/airflow/.local/lib/python3.12/site-packages/airflow/example_dags/plugins/workday.py
[2026-05-21T08:19:52.469+0000] {processor.py:830} INFO - Processing file /home/airflow/.local/lib/python3.12/site-packages/airflow/example_dags/plugins/workday.py for tasks to queue
[2026-05-21T08:19:52.475+0000] {logging_mixin.py:188} INFO - [2026-05-21T08:19:52.474+0000] {dagbag.py:545} INFO - Filling up the DagBag from /home/airflow/.local/lib/python3.12/site-packages/airflow/example_dags/plugins/workday.py
[2026-05-21T08:19:53.659+0000] {processor.py:842} WARNING - No viable dags retrieved from /home/airflow/.local/lib/python3.12/site-packages/airflow/example_dags/plugins/workday.py
[2026-05-21T08:19:53.727+0000] {processor.py:183} INFO - Processing /home/airflow/.local/lib/python3.12/site-packages/airflow/example_dags/plugins/workday.py took 1.280 seconds
[2026-05-21T08:20:24.861+0000] {processor.py:161} INFO - Started process (PID=3046) to work on /home/airflow/.local/lib/python3.12/site-packages/airflow/example_dags/plugins/workday.py
[2026-05-21T08:20:24.865+0000] {processor.py:830} INFO - Processing file /home/airflow/.local/lib/python3.12/site-packages/airflow/example_dags/plugins/workday.py for tasks to queue
[2026-05-21T08:20:24.871+0000] {logging_mixin.py:188} INFO - [2026-05-21T08:20:24.870+0000] {dagbag.py:545} INFO - Filling up the DagBag from /home/airflow/.local/lib/python3.12/site-packages/airflow/example_dags/plugins/workday.py
[2026-05-21T08:20:25.706+0000] {processor.py:842} WARNING - No viable dags retrieved from /home/airflow/.local/lib/python3.12/site-packages/airflow/example_dags/plugins/workday.py
[2026-05-21T08:20:25.750+0000] {processor.py:183} INFO - Processing /home/airflow/.local/lib/python3.12/site-packages/airflow/example_dags/plugins/workday.py took 0.904 seconds
[2026-05-21T08:20:57.416+0000] {processor.py:161} INFO - Started process (PID=3108) to work on /home/airflow/.local/lib/python3.12/site-packages/airflow/example_dags/plugins/workday.py
[2026-05-21T08:20:57.483+0000] {processor.py:830} INFO - Processing file /home/airflow/.local/lib/python3.12/site-packages/airflow/example_dags/plugins/workday.py for tasks to queue
[2026-05-21T08:20:57.532+0000] {logging_mixin.py:188} INFO - [2026-05-21T08:20:57.531+0000] {dagbag.py:545} INFO - Filling up the DagBag from /home/airflow/.local/lib/python3.12/site-packages/airflow/example_dags/plugins/workday.py
[2026-05-21T08:20:59.018+0000] {processor.py:842} WARNING - No viable dags retrieved from /home/airflow/.local/lib/python3.12/site-packages/airflow/example_dags/plugins/workday.py
[2026-05-21T08:20:59.062+0000] {processor.py:183} INFO - Processing /home/airflow/.local/lib/python3.12/site-packages/airflow/example_dags/plugins/workday.py took 1.713 seconds
[2026-05-21T08:21:29.533+0000] {processor.py:161} INFO - Started process (PID=3170) to work on /home/airflow/.local/lib/python3.12/site-packages/airflow/example_dags/plugins/workday.py
[2026-05-21T08:21:29.537+0000] {processor.py:830} INFO - Processing file /home/airflow/.local/lib/python3.12/site-packages/airflow/example_dags/plugins/workday.py for tasks to queue
[2026-05-21T08:21:29.543+0000] {logging_mixin.py:188} INFO - [2026-05-21T08:21:29.542+0000] {dagbag.py:545} INFO - Filling up the DagBag from /home/airflow/.local/lib/python3.12/site-packages/airflow/example_dags/plugins/workday.py
[2026-05-21T08:21:30.381+0000] {processor.py:842} WARNING - No viable dags retrieved from /home/airflow/.local/lib/python3.12/site-packages/airflow/example_dags/plugins/workday.py
[2026-05-21T08:21:30.428+0000] {processor.py:183} INFO - Processing /home/airflow/.local/lib/python3.12/site-packages/airflow/example_dags/plugins/workday.py took 0.914 seconds
[2026-05-21T08:22:01.128+0000] {processor.py:161} INFO - Started process (PID=3231) to work on /home/airflow/.local/lib/python3.12/site-packages/airflow/example_dags/plugins/workday.py
[2026-05-21T08:22:01.130+0000] {processor.py:830} INFO - Processing file /home/airflow/.local/lib/python3.12/site-packages/airflow/example_dags/plugins/workday.py for tasks to queue
[2026-05-21T08:22:01.136+0000] {logging_mixin.py:188} INFO - [2026-05-21T08:22:01.136+0000] {dagbag.py:545} INFO - Filling up the DagBag from /home/airflow/.local/lib/python3.12/site-packages/airflow/example_dags/plugins/workday.py
[2026-05-21T08:22:02.496+0000] {processor.py:842} WARNING - No viable dags retrieved from /home/airflow/.local/lib/python3.12/site-packages/airflow/example_dags/plugins/workday.py
[2026-05-21T08:22:02.531+0000] {processor.py:183} INFO - Processing /home/airflow/.local/lib/python3.12/site-packages/airflow/example_dags/plugins/workday.py took 1.424 seconds
[2026-05-21T08:22:32.769+0000] {processor.py:161} INFO - Started process (PID=3291) to work on /home/airflow/.local/lib/python3.12/site-packages/airflow/example_dags/plugins/workday.py
[2026-05-21T08:22:32.772+0000] {processor.py:830} INFO - Processing file /home/airflow/.local/lib/python3.12/site-packages/airflow/example_dags/plugins/workday.py for tasks to queue
[2026-05-21T08:22:32.781+0000] {logging_mixin.py:188} INFO - [2026-05-21T08:22:32.779+0000] {dagbag.py:545} INFO - Filling up the DagBag from /home/airflow/.local/lib/python3.12/site-packages/airflow/example_dags/plugins/workday.py
[2026-05-21T08:22:33.947+0000] {processor.py:842} WARNING - No viable dags retrieved from /home/airflow/.local/lib/python3.12/site-packages/airflow/example_dags/plugins/workday.py
[2026-05-21T08:22:33.989+0000] {processor.py:183} INFO - Processing /home/airflow/.local/lib/python3.12/site-packages/airflow/example_dags/plugins/workday.py took 1.235 seconds
[2026-05-21T08:23:04.320+0000] {processor.py:161} INFO - Started process (PID=3351) to work on /home/airflow/.local/lib/python3.12/site-packages/airflow/example_dags/plugins/workday.py
[2026-05-21T08:23:04.323+0000] {processor.py:830} INFO - Processing file /home/airflow/.local/lib/python3.12/site-packages/airflow/example_dags/plugins/workday.py for tasks to queue
[2026-05-21T08:23:04.329+0000] {logging_mixin.py:188} INFO - [2026-05-21T08:23:04.328+0000] {dagbag.py:545} INFO - Filling up the DagBag from /home/airflow/.local/lib/python3.12/site-packages/airflow/example_dags/plugins/workday.py
[2026-05-21T08:23:05.150+0000] {processor.py:842} WARNING - No viable dags retrieved from /home/airflow/.local/lib/python3.12/site-packages/airflow/example_dags/plugins/workday.py
[2026-05-21T08:23:05.200+0000] {processor.py:183} INFO - Processing /home/airflow/.local/lib/python3.12/site-packages/airflow/example_dags/plugins/workday.py took 0.895 seconds
[2026-05-21T08:23:35.441+0000] {processor.py:161} INFO - Started process (PID=3411) to work on /home/airflow/.local/lib/python3.12/site-packages/airflow/example_dags/plugins/workday.py
[2026-05-21T08:23:35.456+0000] {processor.py:830} INFO - Processing file /home/airflow/.local/lib/python3.12/site-packages/airflow/example_dags/plugins/workday.py for tasks to queue
[2026-05-21T08:23:35.464+0000] {logging_mixin.py:188} INFO - [2026-05-21T08:23:35.462+0000] {dagbag.py:545} INFO - Filling up the DagBag from /home/airflow/.local/lib/python3.12/site-packages/airflow/example_dags/plugins/workday.py
[2026-05-21T08:23:36.908+0000] {processor.py:842} WARNING - No viable dags retrieved from /home/airflow/.local/lib/python3.12/site-packages/airflow/example_dags/plugins/workday.py
[2026-05-21T08:23:36.962+0000] {processor.py:183} INFO - Processing /home/airflow/.local/lib/python3.12/site-packages/airflow/example_dags/plugins/workday.py took 1.538 seconds
[2026-05-21T08:24:07.412+0000] {processor.py:161} INFO - Started process (PID=3473) to work on /home/airflow/.local/lib/python3.12/site-packages/airflow/example_dags/plugins/workday.py
[2026-05-21T08:24:07.416+0000] {processor.py:830} INFO - Processing file /home/airflow/.local/lib/python3.12/site-packages/airflow/example_dags/plugins/workday.py for tasks to queue
[2026-05-21T08:24:07.421+0000] {logging_mixin.py:188} INFO - [2026-05-21T08:24:07.420+0000] {dagbag.py:545} INFO - Filling up the DagBag from /home/airflow/.local/lib/python3.12/site-packages/airflow/example_dags/plugins/workday.py
[2026-05-21T08:24:08.235+0000] {processor.py:842} WARNING - No viable dags retrieved from /home/airflow/.local/lib/python3.12/site-packages/airflow/example_dags/plugins/workday.py
[2026-05-21T08:24:08.285+0000] {processor.py:183} INFO - Processing /home/airflow/.local/lib/python3.12/site-packages/airflow/example_dags/plugins/workday.py took 0.887 seconds
[2026-05-21T08:24:39.473+0000] {processor.py:161} INFO - Started process (PID=3535) to work on /home/airflow/.local/lib/python3.12/site-packages/airflow/example_dags/plugins/workday.py
[2026-05-21T08:24:39.476+0000] {processor.py:830} INFO - Processing file /home/airflow/.local/lib/python3.12/site-packages/airflow/example_dags/plugins/workday.py for tasks to queue
[2026-05-21T08:24:39.483+0000] {logging_mixin.py:188} INFO - [2026-05-21T08:24:39.482+0000] {dagbag.py:545} INFO - Filling up the DagBag from /home/airflow/.local/lib/python3.12/site-packages/airflow/example_dags/plugins/workday.py
[2026-05-21T08:24:40.529+0000] {processor.py:842} WARNING - No viable dags retrieved from /home/airflow/.local/lib/python3.12/site-packages/airflow/example_dags/plugins/workday.py
[2026-05-21T08:24:40.595+0000] {processor.py:183} INFO - Processing /home/airflow/.local/lib/python3.12/site-packages/airflow/example_dags/plugins/workday.py took 1.141 seconds
[2026-05-21T08:25:11.115+0000] {processor.py:161} INFO - Started process (PID=3595) to work on /home/airflow/.local/lib/python3.12/site-packages/airflow/example_dags/plugins/workday.py
[2026-05-21T08:25:11.120+0000] {processor.py:830} INFO - Processing file /home/airflow/.local/lib/python3.12/site-packages/airflow/example_dags/plugins/workday.py for tasks to queue
[2026-05-21T08:25:11.130+0000] {logging_mixin.py:188} INFO - [2026-05-21T08:25:11.129+0000] {dagbag.py:545} INFO - Filling up the DagBag from /home/airflow/.local/lib/python3.12/site-packages/airflow/example_dags/plugins/workday.py
[2026-05-21T08:25:12.965+0000] {processor.py:842} WARNING - No viable dags retrieved from /home/airflow/.local/lib/python3.12/site-packages/airflow/example_dags/plugins/workday.py
[2026-05-21T08:25:13.046+0000] {processor.py:183} INFO - Processing /home/airflow/.local/lib/python3.12/site-packages/airflow/example_dags/plugins/workday.py took 1.955 seconds
[2026-05-21T08:25:43.647+0000] {processor.py:161} INFO - Started process (PID=3655) to work on /home/airflow/.local/lib/python3.12/site-packages/airflow/example_dags/plugins/workday.py
[2026-05-21T08:25:43.651+0000] {processor.py:830} INFO - Processing file /home/airflow/.local/lib/python3.12/site-packages/airflow/example_dags/plugins/workday.py for tasks to queue
[2026-05-21T08:25:43.661+0000] {logging_mixin.py:188} INFO - [2026-05-21T08:25:43.660+0000] {dagbag.py:545} INFO - Filling up the DagBag from /home/airflow/.local/lib/python3.12/site-packages/airflow/example_dags/plugins/workday.py
[2026-05-21T08:25:44.607+0000] {processor.py:842} WARNING - No viable dags retrieved from /home/airflow/.local/lib/python3.12/site-packages/airflow/example_dags/plugins/workday.py
[2026-05-21T08:25:44.647+0000] {processor.py:183} INFO - Processing /home/airflow/.local/lib/python3.12/site-packages/airflow/example_dags/plugins/workday.py took 1.025 seconds
[2026-05-21T08:26:15.139+0000] {processor.py:161} INFO - Started process (PID=3715) to work on /home/airflow/.local/lib/python3.12/site-packages/airflow/example_dags/plugins/workday.py
[2026-05-21T08:26:15.143+0000] {processor.py:830} INFO - Processing file /home/airflow/.local/lib/python3.12/site-packages/airflow/example_dags/plugins/workday.py for tasks to queue
[2026-05-21T08:26:15.151+0000] {logging_mixin.py:188} INFO - [2026-05-21T08:26:15.150+0000] {dagbag.py:545} INFO - Filling up the DagBag from /home/airflow/.local/lib/python3.12/site-packages/airflow/example_dags/plugins/workday.py
[2026-05-21T08:26:16.279+0000] {processor.py:842} WARNING - No viable dags retrieved from /home/airflow/.local/lib/python3.12/site-packages/airflow/example_dags/plugins/workday.py
[2026-05-21T08:26:16.348+0000] {processor.py:183} INFO - Processing /home/airflow/.local/lib/python3.12/site-packages/airflow/example_dags/plugins/workday.py took 1.275 seconds
[2026-05-21T08:26:46.902+0000] {processor.py:161} INFO - Started process (PID=3778) to work on /home/airflow/.local/lib/python3.12/site-packages/airflow/example_dags/plugins/workday.py
[2026-05-21T08:26:46.905+0000] {processor.py:830} INFO - Processing file /home/airflow/.local/lib/python3.12/site-packages/airflow/example_dags/plugins/workday.py for tasks to queue
[2026-05-21T08:26:46.912+0000] {logging_mixin.py:188} INFO - [2026-05-21T08:26:46.910+0000] {dagbag.py:545} INFO - Filling up the DagBag from /home/airflow/.local/lib/python3.12/site-packages/airflow/example_dags/plugins/workday.py
[2026-05-21T08:26:47.784+0000] {processor.py:842} WARNING - No viable dags retrieved from /home/airflow/.local/lib/python3.12/site-packages/airflow/example_dags/plugins/workday.py
[2026-05-21T08:26:47.820+0000] {processor.py:183} INFO - Processing /home/airflow/.local/lib/python3.12/site-packages/airflow/example_dags/plugins/workday.py took 0.937 seconds
[2026-05-21T08:27:18.019+0000] {processor.py:161} INFO - Started process (PID=3839) to work on /home/airflow/.local/lib/python3.12/site-packages/airflow/example_dags/plugins/workday.py
[2026-05-21T08:27:18.023+0000] {processor.py:830} INFO - Processing file /home/airflow/.local/lib/python3.12/site-packages/airflow/example_dags/plugins/workday.py for tasks to queue
[2026-05-21T08:27:18.030+0000] {logging_mixin.py:188} INFO - [2026-05-21T08:27:18.029+0000] {dagbag.py:545} INFO - Filling up the DagBag from /home/airflow/.local/lib/python3.12/site-packages/airflow/example_dags/plugins/workday.py
[2026-05-21T08:27:19.136+0000] {processor.py:842} WARNING - No viable dags retrieved from /home/airflow/.local/lib/python3.12/site-packages/airflow/example_dags/plugins/workday.py
[2026-05-21T08:27:19.188+0000] {processor.py:183} INFO - Processing /home/airflow/.local/lib/python3.12/site-packages/airflow/example_dags/plugins/workday.py took 1.190 seconds
[2026-05-21T08:27:49.489+0000] {processor.py:161} INFO - Started process (PID=3899) to work on /home/airflow/.local/lib/python3.12/site-packages/airflow/example_dags/plugins/workday.py
[2026-05-21T08:27:49.494+0000] {processor.py:830} INFO - Processing file /home/airflow/.local/lib/python3.12/site-packages/airflow/example_dags/plugins/workday.py for tasks to queue
[2026-05-21T08:27:49.503+0000] {logging_mixin.py:188} INFO - [2026-05-21T08:27:49.501+0000] {dagbag.py:545} INFO - Filling up the DagBag from /home/airflow/.local/lib/python3.12/site-packages/airflow/example_dags/plugins/workday.py
[2026-05-21T08:27:50.433+0000] {processor.py:842} WARNING - No viable dags retrieved from /home/airflow/.local/lib/python3.12/site-packages/airflow/example_dags/plugins/workday.py
[2026-05-21T08:27:50.496+0000] {processor.py:183} INFO - Processing /home/airflow/.local/lib/python3.12/site-packages/airflow/example_dags/plugins/workday.py took 1.059 seconds
[2026-05-21T08:28:20.978+0000] {processor.py:161} INFO - Started process (PID=3959) to work on /home/airflow/.local/lib/python3.12/site-packages/airflow/example_dags/plugins/workday.py
[2026-05-21T08:28:20.982+0000] {processor.py:830} INFO - Processing file /home/airflow/.local/lib/python3.12/site-packages/airflow/example_dags/plugins/workday.py for tasks to queue
[2026-05-21T08:28:20.989+0000] {logging_mixin.py:188} INFO - [2026-05-21T08:28:20.988+0000] {dagbag.py:545} INFO - Filling up the DagBag from /home/airflow/.local/lib/python3.12/site-packages/airflow/example_dags/plugins/workday.py
[2026-05-21T08:28:21.913+0000] {processor.py:842} WARNING - No viable dags retrieved from /home/airflow/.local/lib/python3.12/site-packages/airflow/example_dags/plugins/workday.py
[2026-05-21T08:28:21.985+0000] {processor.py:183} INFO - Processing /home/airflow/.local/lib/python3.12/site-packages/airflow/example_dags/plugins/workday.py took 1.021 seconds
[2026-05-21T08:28:52.484+0000] {processor.py:161} INFO - Started process (PID=4019) to work on /home/airflow/.local/lib/python3.12/site-packages/airflow/example_dags/plugins/workday.py
[2026-05-21T08:28:52.487+0000] {processor.py:830} INFO - Processing file /home/airflow/.local/lib/python3.12/site-packages/airflow/example_dags/plugins/workday.py for tasks to queue
[2026-05-21T08:28:52.493+0000] {logging_mixin.py:188} INFO - [2026-05-21T08:28:52.492+0000] {dagbag.py:545} INFO - Filling up the DagBag from /home/airflow/.local/lib/python3.12/site-packages/airflow/example_dags/plugins/workday.py
[2026-05-21T08:28:53.407+0000] {processor.py:842} WARNING - No viable dags retrieved from /home/airflow/.local/lib/python3.12/site-packages/airflow/example_dags/plugins/workday.py
[2026-05-21T08:28:53.486+0000] {processor.py:183} INFO - Processing /home/airflow/.local/lib/python3.12/site-packages/airflow/example_dags/plugins/workday.py took 1.018 seconds
[2026-05-21T08:29:23.752+0000] {processor.py:161} INFO - Started process (PID=4079) to work on /home/airflow/.local/lib/python3.12/site-packages/airflow/example_dags/plugins/workday.py
[2026-05-21T08:29:23.757+0000] {processor.py:830} INFO - Processing file /home/airflow/.local/lib/python3.12/site-packages/airflow/example_dags/plugins/workday.py for tasks to queue
[2026-05-21T08:29:23.764+0000] {logging_mixin.py:188} INFO - [2026-05-21T08:29:23.763+0000] {dagbag.py:545} INFO - Filling up the DagBag from /home/airflow/.local/lib/python3.12/site-packages/airflow/example_dags/plugins/workday.py
[2026-05-21T08:29:24.850+0000] {processor.py:842} WARNING - No viable dags retrieved from /home/airflow/.local/lib/python3.12/site-packages/airflow/example_dags/plugins/workday.py
[2026-05-21T08:29:24.902+0000] {processor.py:183} INFO - Processing /home/airflow/.local/lib/python3.12/site-packages/airflow/example_dags/plugins/workday.py took 1.172 seconds
[2026-05-21T08:29:55.883+0000] {processor.py:161} INFO - Started process (PID=4148) to work on /home/airflow/.local/lib/python3.12/site-packages/airflow/example_dags/plugins/workday.py
[2026-05-21T08:29:55.887+0000] {processor.py:830} INFO - Processing file /home/airflow/.local/lib/python3.12/site-packages/airflow/example_dags/plugins/workday.py for tasks to queue
[2026-05-21T08:29:55.896+0000] {logging_mixin.py:188} INFO - [2026-05-21T08:29:55.894+0000] {dagbag.py:545} INFO - Filling up the DagBag from /home/airflow/.local/lib/python3.12/site-packages/airflow/example_dags/plugins/workday.py
[2026-05-21T08:29:57.252+0000] {processor.py:842} WARNING - No viable dags retrieved from /home/airflow/.local/lib/python3.12/site-packages/airflow/example_dags/plugins/workday.py
[2026-05-21T08:29:57.295+0000] {processor.py:183} INFO - Processing /home/airflow/.local/lib/python3.12/site-packages/airflow/example_dags/plugins/workday.py took 1.430 seconds
[2026-05-21T08:30:27.807+0000] {processor.py:161} INFO - Started process (PID=4210) to work on /home/airflow/.local/lib/python3.12/site-packages/airflow/example_dags/plugins/workday.py
[2026-05-21T08:30:27.810+0000] {processor.py:830} INFO - Processing file /home/airflow/.local/lib/python3.12/site-packages/airflow/example_dags/plugins/workday.py for tasks to queue
[2026-05-21T08:30:27.816+0000] {logging_mixin.py:188} INFO - [2026-05-21T08:30:27.815+0000] {dagbag.py:545} INFO - Filling up the DagBag from /home/airflow/.local/lib/python3.12/site-packages/airflow/example_dags/plugins/workday.py
[2026-05-21T08:30:29.191+0000] {processor.py:842} WARNING - No viable dags retrieved from /home/airflow/.local/lib/python3.12/site-packages/airflow/example_dags/plugins/workday.py
[2026-05-21T08:30:29.240+0000] {processor.py:183} INFO - Processing /home/airflow/.local/lib/python3.12/site-packages/airflow/example_dags/plugins/workday.py took 1.460 seconds
[2026-05-21T08:30:59.968+0000] {processor.py:161} INFO - Started process (PID=4272) to work on /home/airflow/.local/lib/python3.12/site-packages/airflow/example_dags/plugins/workday.py
[2026-05-21T08:30:59.971+0000] {processor.py:830} INFO - Processing file /home/airflow/.local/lib/python3.12/site-packages/airflow/example_dags/plugins/workday.py for tasks to queue
[2026-05-21T08:30:59.978+0000] {logging_mixin.py:188} INFO - [2026-05-21T08:30:59.977+0000] {dagbag.py:545} INFO - Filling up the DagBag from /home/airflow/.local/lib/python3.12/site-packages/airflow/example_dags/plugins/workday.py
[2026-05-21T08:31:00.846+0000] {processor.py:842} WARNING - No viable dags retrieved from /home/airflow/.local/lib/python3.12/site-packages/airflow/example_dags/plugins/workday.py
[2026-05-21T08:31:00.884+0000] {processor.py:183} INFO - Processing /home/airflow/.local/lib/python3.12/site-packages/airflow/example_dags/plugins/workday.py took 0.938 seconds
[2026-05-21T08:31:31.022+0000] {processor.py:161} INFO - Started process (PID=4332) to work on /home/airflow/.local/lib/python3.12/site-packages/airflow/example_dags/plugins/workday.py
[2026-05-21T08:31:31.028+0000] {processor.py:830} INFO - Processing file /home/airflow/.local/lib/python3.12/site-packages/airflow/example_dags/plugins/workday.py for tasks to queue
[2026-05-21T08:31:31.038+0000] {logging_mixin.py:188} INFO - [2026-05-21T08:31:31.036+0000] {dagbag.py:545} INFO - Filling up the DagBag from /home/airflow/.local/lib/python3.12/site-packages/airflow/example_dags/plugins/workday.py
[2026-05-21T08:31:32.198+0000] {processor.py:842} WARNING - No viable dags retrieved from /home/airflow/.local/lib/python3.12/site-packages/airflow/example_dags/plugins/workday.py
[2026-05-21T08:31:32.275+0000] {processor.py:183} INFO - Processing /home/airflow/.local/lib/python3.12/site-packages/airflow/example_dags/plugins/workday.py took 1.271 seconds
[2026-05-21T08:32:02.673+0000] {processor.py:161} INFO - Started process (PID=4392) to work on /home/airflow/.local/lib/python3.12/site-packages/airflow/example_dags/plugins/workday.py
[2026-05-21T08:32:02.678+0000] {processor.py:830} INFO - Processing file /home/airflow/.local/lib/python3.12/site-packages/airflow/example_dags/plugins/workday.py for tasks to queue
[2026-05-21T08:32:02.685+0000] {logging_mixin.py:188} INFO - [2026-05-21T08:32:02.684+0000] {dagbag.py:545} INFO - Filling up the DagBag from /home/airflow/.local/lib/python3.12/site-packages/airflow/example_dags/plugins/workday.py
[2026-05-21T08:32:03.400+0000] {processor.py:842} WARNING - No viable dags retrieved from /home/airflow/.local/lib/python3.12/site-packages/airflow/example_dags/plugins/workday.py
[2026-05-21T08:32:03.433+0000] {processor.py:183} INFO - Processing /home/airflow/.local/lib/python3.12/site-packages/airflow/example_dags/plugins/workday.py took 0.787 seconds
[2026-05-21T08:32:33.962+0000] {processor.py:161} INFO - Started process (PID=4452) to work on /home/airflow/.local/lib/python3.12/site-packages/airflow/example_dags/plugins/workday.py
[2026-05-21T08:32:33.967+0000] {processor.py:830} INFO - Processing file /home/airflow/.local/lib/python3.12/site-packages/airflow/example_dags/plugins/workday.py for tasks to queue
[2026-05-21T08:32:33.979+0000] {logging_mixin.py:188} INFO - [2026-05-21T08:32:33.975+0000] {dagbag.py:545} INFO - Filling up the DagBag from /home/airflow/.local/lib/python3.12/site-packages/airflow/example_dags/plugins/workday.py
[2026-05-21T08:32:36.050+0000] {processor.py:842} WARNING - No viable dags retrieved from /home/airflow/.local/lib/python3.12/site-packages/airflow/example_dags/plugins/workday.py
[2026-05-21T08:32:36.084+0000] {processor.py:183} INFO - Processing /home/airflow/.local/lib/python3.12/site-packages/airflow/example_dags/plugins/workday.py took 2.174 seconds
[2026-05-21T08:33:07.324+0000] {processor.py:161} INFO - Started process (PID=4514) to work on /home/airflow/.local/lib/python3.12/site-packages/airflow/example_dags/plugins/workday.py
[2026-05-21T08:33:07.329+0000] {processor.py:830} INFO - Processing file /home/airflow/.local/lib/python3.12/site-packages/airflow/example_dags/plugins/workday.py for tasks to queue
[2026-05-21T08:33:07.338+0000] {logging_mixin.py:188} INFO - [2026-05-21T08:33:07.336+0000] {dagbag.py:545} INFO - Filling up the DagBag from /home/airflow/.local/lib/python3.12/site-packages/airflow/example_dags/plugins/workday.py
[2026-05-21T08:33:08.146+0000] {processor.py:842} WARNING - No viable dags retrieved from /home/airflow/.local/lib/python3.12/site-packages/airflow/example_dags/plugins/workday.py
[2026-05-21T08:33:08.181+0000] {processor.py:183} INFO - Processing /home/airflow/.local/lib/python3.12/site-packages/airflow/example_dags/plugins/workday.py took 0.900 seconds
[2026-05-21T08:33:39.339+0000] {processor.py:161} INFO - Started process (PID=4576) to work on /home/airflow/.local/lib/python3.12/site-packages/airflow/example_dags/plugins/workday.py
[2026-05-21T08:33:39.343+0000] {processor.py:830} INFO - Processing file /home/airflow/.local/lib/python3.12/site-packages/airflow/example_dags/plugins/workday.py for tasks to queue
[2026-05-21T08:33:39.354+0000] {logging_mixin.py:188} INFO - [2026-05-21T08:33:39.352+0000] {dagbag.py:545} INFO - Filling up the DagBag from /home/airflow/.local/lib/python3.12/site-packages/airflow/example_dags/plugins/workday.py
[2026-05-21T08:33:40.403+0000] {processor.py:842} WARNING - No viable dags retrieved from /home/airflow/.local/lib/python3.12/site-packages/airflow/example_dags/plugins/workday.py
[2026-05-21T08:33:40.461+0000] {processor.py:183} INFO - Processing /home/airflow/.local/lib/python3.12/site-packages/airflow/example_dags/plugins/workday.py took 1.151 seconds
[2026-05-21T08:34:10.733+0000] {processor.py:161} INFO - Started process (PID=4639) to work on /home/airflow/.local/lib/python3.12/site-packages/airflow/example_dags/plugins/workday.py
[2026-05-21T08:34:10.736+0000] {processor.py:830} INFO - Processing file /home/airflow/.local/lib/python3.12/site-packages/airflow/example_dags/plugins/workday.py for tasks to queue
[2026-05-21T08:34:10.743+0000] {logging_mixin.py:188} INFO - [2026-05-21T08:34:10.741+0000] {dagbag.py:545} INFO - Filling up the DagBag from /home/airflow/.local/lib/python3.12/site-packages/airflow/example_dags/plugins/workday.py
[2026-05-21T08:34:12.274+0000] {processor.py:842} WARNING - No viable dags retrieved from /home/airflow/.local/lib/python3.12/site-packages/airflow/example_dags/plugins/workday.py
[2026-05-21T08:34:12.334+0000] {processor.py:183} INFO - Processing /home/airflow/.local/lib/python3.12/site-packages/airflow/example_dags/plugins/workday.py took 1.619 seconds
[2026-05-21T08:34:42.687+0000] {processor.py:161} INFO - Started process (PID=4700) to work on /home/airflow/.local/lib/python3.12/site-packages/airflow/example_dags/plugins/workday.py
[2026-05-21T08:34:42.689+0000] {processor.py:830} INFO - Processing file /home/airflow/.local/lib/python3.12/site-packages/airflow/example_dags/plugins/workday.py for tasks to queue
[2026-05-21T08:34:42.694+0000] {logging_mixin.py:188} INFO - [2026-05-21T08:34:42.693+0000] {dagbag.py:545} INFO - Filling up the DagBag from /home/airflow/.local/lib/python3.12/site-packages/airflow/example_dags/plugins/workday.py
[2026-05-21T08:34:44.571+0000] {processor.py:842} WARNING - No viable dags retrieved from /home/airflow/.local/lib/python3.12/site-packages/airflow/example_dags/plugins/workday.py
[2026-05-21T08:34:44.694+0000] {processor.py:183} INFO - Processing /home/airflow/.local/lib/python3.12/site-packages/airflow/example_dags/plugins/workday.py took 2.023 seconds
[2026-05-21T08:35:25.961+0000] {processor.py:161} INFO - Started process (PID=4770) to work on /home/airflow/.local/lib/python3.12/site-packages/airflow/example_dags/plugins/workday.py
[2026-05-21T08:35:25.971+0000] {processor.py:830} INFO - Processing file /home/airflow/.local/lib/python3.12/site-packages/airflow/example_dags/plugins/workday.py for tasks to queue
[2026-05-21T08:35:25.982+0000] {logging_mixin.py:188} INFO - [2026-05-21T08:35:25.981+0000] {dagbag.py:545} INFO - Filling up the DagBag from /home/airflow/.local/lib/python3.12/site-packages/airflow/example_dags/plugins/workday.py
[2026-05-21T08:35:33.239+0000] {processor.py:842} WARNING - No viable dags retrieved from /home/airflow/.local/lib/python3.12/site-packages/airflow/example_dags/plugins/workday.py
[2026-05-21T08:35:34.059+0000] {processor.py:183} INFO - Processing /home/airflow/.local/lib/python3.12/site-packages/airflow/example_dags/plugins/workday.py took 8.149 seconds
[2026-05-21T08:36:04.846+0000] {processor.py:161} INFO - Started process (PID=4842) to work on /home/airflow/.local/lib/python3.12/site-packages/airflow/example_dags/plugins/workday.py
[2026-05-21T08:36:04.850+0000] {processor.py:830} INFO - Processing file /home/airflow/.local/lib/python3.12/site-packages/airflow/example_dags/plugins/workday.py for tasks to queue
[2026-05-21T08:36:04.867+0000] {logging_mixin.py:188} INFO - [2026-05-21T08:36:04.863+0000] {dagbag.py:545} INFO - Filling up the DagBag from /home/airflow/.local/lib/python3.12/site-packages/airflow/example_dags/plugins/workday.py
[2026-05-21T08:36:07.247+0000] {processor.py:842} WARNING - No viable dags retrieved from /home/airflow/.local/lib/python3.12/site-packages/airflow/example_dags/plugins/workday.py
[2026-05-21T08:36:07.289+0000] {processor.py:183} INFO - Processing /home/airflow/.local/lib/python3.12/site-packages/airflow/example_dags/plugins/workday.py took 2.466 seconds
[2026-05-21T08:36:38.603+0000] {processor.py:161} INFO - Started process (PID=4906) to work on /home/airflow/.local/lib/python3.12/site-packages/airflow/example_dags/plugins/workday.py
[2026-05-21T08:36:38.608+0000] {processor.py:830} INFO - Processing file /home/airflow/.local/lib/python3.12/site-packages/airflow/example_dags/plugins/workday.py for tasks to queue
[2026-05-21T08:36:38.621+0000] {logging_mixin.py:188} INFO - [2026-05-21T08:36:38.619+0000] {dagbag.py:545} INFO - Filling up the DagBag from /home/airflow/.local/lib/python3.12/site-packages/airflow/example_dags/plugins/workday.py
[2026-05-21T08:36:41.590+0000] {processor.py:842} WARNING - No viable dags retrieved from /home/airflow/.local/lib/python3.12/site-packages/airflow/example_dags/plugins/workday.py
[2026-05-21T08:36:41.635+0000] {processor.py:183} INFO - Processing /home/airflow/.local/lib/python3.12/site-packages/airflow/example_dags/plugins/workday.py took 3.109 seconds
[2026-05-21T08:37:13.352+0000] {processor.py:161} INFO - Started process (PID=4970) to work on /home/airflow/.local/lib/python3.12/site-packages/airflow/example_dags/plugins/workday.py
[2026-05-21T08:37:13.377+0000] {processor.py:830} INFO - Processing file /home/airflow/.local/lib/python3.12/site-packages/airflow/example_dags/plugins/workday.py for tasks to queue
[2026-05-21T08:37:13.401+0000] {logging_mixin.py:188} INFO - [2026-05-21T08:37:13.395+0000] {dagbag.py:545} INFO - Filling up the DagBag from /home/airflow/.local/lib/python3.12/site-packages/airflow/example_dags/plugins/workday.py
[2026-05-21T08:37:15.384+0000] {processor.py:842} WARNING - No viable dags retrieved from /home/airflow/.local/lib/python3.12/site-packages/airflow/example_dags/plugins/workday.py
[2026-05-21T08:37:15.474+0000] {processor.py:183} INFO - Processing /home/airflow/.local/lib/python3.12/site-packages/airflow/example_dags/plugins/workday.py took 2.172 seconds
[2026-05-21T08:37:46.632+0000] {processor.py:161} INFO - Started process (PID=5034) to work on /home/airflow/.local/lib/python3.12/site-packages/airflow/example_dags/plugins/workday.py
[2026-05-21T08:37:46.635+0000] {processor.py:830} INFO - Processing file /home/airflow/.local/lib/python3.12/site-packages/airflow/example_dags/plugins/workday.py for tasks to queue
[2026-05-21T08:37:46.643+0000] {logging_mixin.py:188} INFO - [2026-05-21T08:37:46.642+0000] {dagbag.py:545} INFO - Filling up the DagBag from /home/airflow/.local/lib/python3.12/site-packages/airflow/example_dags/plugins/workday.py
[2026-05-21T08:37:48.892+0000] {processor.py:842} WARNING - No viable dags retrieved from /home/airflow/.local/lib/python3.12/site-packages/airflow/example_dags/plugins/workday.py
[2026-05-21T08:37:48.917+0000] {processor.py:183} INFO - Processing /home/airflow/.local/lib/python3.12/site-packages/airflow/example_dags/plugins/workday.py took 2.302 seconds
[2026-05-21T08:38:19.190+0000] {processor.py:161} INFO - Started process (PID=5097) to work on /home/airflow/.local/lib/python3.12/site-packages/airflow/example_dags/plugins/workday.py
[2026-05-21T08:38:19.196+0000] {processor.py:830} INFO - Processing file /home/airflow/.local/lib/python3.12/site-packages/airflow/example_dags/plugins/workday.py for tasks to queue
[2026-05-21T08:38:19.213+0000] {logging_mixin.py:188} INFO - [2026-05-21T08:38:19.211+0000] {dagbag.py:545} INFO - Filling up the DagBag from /home/airflow/.local/lib/python3.12/site-packages/airflow/example_dags/plugins/workday.py
[2026-05-21T08:38:21.519+0000] {processor.py:842} WARNING - No viable dags retrieved from /home/airflow/.local/lib/python3.12/site-packages/airflow/example_dags/plugins/workday.py
[2026-05-21T08:38:21.555+0000] {processor.py:183} INFO - Processing /home/airflow/.local/lib/python3.12/site-packages/airflow/example_dags/plugins/workday.py took 2.406 seconds
[2026-05-21T08:38:52.597+0000] {processor.py:161} INFO - Started process (PID=5162) to work on /home/airflow/.local/lib/python3.12/site-packages/airflow/example_dags/plugins/workday.py
[2026-05-21T08:38:52.600+0000] {processor.py:830} INFO - Processing file /home/airflow/.local/lib/python3.12/site-packages/airflow/example_dags/plugins/workday.py for tasks to queue
[2026-05-21T08:38:52.607+0000] {logging_mixin.py:188} INFO - [2026-05-21T08:38:52.605+0000] {dagbag.py:545} INFO - Filling up the DagBag from /home/airflow/.local/lib/python3.12/site-packages/airflow/example_dags/plugins/workday.py
[2026-05-21T08:38:54.366+0000] {processor.py:842} WARNING - No viable dags retrieved from /home/airflow/.local/lib/python3.12/site-packages/airflow/example_dags/plugins/workday.py
[2026-05-21T08:38:54.406+0000] {processor.py:183} INFO - Processing /home/airflow/.local/lib/python3.12/site-packages/airflow/example_dags/plugins/workday.py took 1.829 seconds
[2026-05-21T08:39:24.940+0000] {processor.py:161} INFO - Started process (PID=5225) to work on /home/airflow/.local/lib/python3.12/site-packages/airflow/example_dags/plugins/workday.py
[2026-05-21T08:39:24.943+0000] {processor.py:830} INFO - Processing file /home/airflow/.local/lib/python3.12/site-packages/airflow/example_dags/plugins/workday.py for tasks to queue
[2026-05-21T08:39:24.954+0000] {logging_mixin.py:188} INFO - [2026-05-21T08:39:24.953+0000] {dagbag.py:545} INFO - Filling up the DagBag from /home/airflow/.local/lib/python3.12/site-packages/airflow/example_dags/plugins/workday.py
[2026-05-21T08:39:26.681+0000] {processor.py:842} WARNING - No viable dags retrieved from /home/airflow/.local/lib/python3.12/site-packages/airflow/example_dags/plugins/workday.py
[2026-05-21T08:39:26.706+0000] {processor.py:183} INFO - Processing /home/airflow/.local/lib/python3.12/site-packages/airflow/example_dags/plugins/workday.py took 1.784 seconds
[2026-05-21T08:40:00.478+0000] {processor.py:161} INFO - Started process (PID=5293) to work on /home/airflow/.local/lib/python3.12/site-packages/airflow/example_dags/plugins/workday.py
[2026-05-21T08:40:00.487+0000] {processor.py:830} INFO - Processing file /home/airflow/.local/lib/python3.12/site-packages/airflow/example_dags/plugins/workday.py for tasks to queue
[2026-05-21T08:40:00.498+0000] {logging_mixin.py:188} INFO - [2026-05-21T08:40:00.497+0000] {dagbag.py:545} INFO - Filling up the DagBag from /home/airflow/.local/lib/python3.12/site-packages/airflow/example_dags/plugins/workday.py
[2026-05-21T08:40:02.415+0000] {processor.py:842} WARNING - No viable dags retrieved from /home/airflow/.local/lib/python3.12/site-packages/airflow/example_dags/plugins/workday.py
[2026-05-21T08:40:02.465+0000] {processor.py:183} INFO - Processing /home/airflow/.local/lib/python3.12/site-packages/airflow/example_dags/plugins/workday.py took 2.065 seconds
[2026-05-21T08:40:35.197+0000] {processor.py:161} INFO - Started process (PID=5365) to work on /home/airflow/.local/lib/python3.12/site-packages/airflow/example_dags/plugins/workday.py
[2026-05-21T08:40:35.212+0000] {processor.py:830} INFO - Processing file /home/airflow/.local/lib/python3.12/site-packages/airflow/example_dags/plugins/workday.py for tasks to queue
[2026-05-21T08:40:35.237+0000] {logging_mixin.py:188} INFO - [2026-05-21T08:40:35.222+0000] {dagbag.py:545} INFO - Filling up the DagBag from /home/airflow/.local/lib/python3.12/site-packages/airflow/example_dags/plugins/workday.py
[2026-05-21T08:40:37.416+0000] {processor.py:842} WARNING - No viable dags retrieved from /home/airflow/.local/lib/python3.12/site-packages/airflow/example_dags/plugins/workday.py
[2026-05-21T08:40:37.536+0000] {processor.py:183} INFO - Processing /home/airflow/.local/lib/python3.12/site-packages/airflow/example_dags/plugins/workday.py took 2.410 seconds
[2026-05-21T08:41:07.925+0000] {processor.py:161} INFO - Started process (PID=5423) to work on /home/airflow/.local/lib/python3.12/site-packages/airflow/example_dags/plugins/workday.py
[2026-05-21T08:41:07.929+0000] {processor.py:830} INFO - Processing file /home/airflow/.local/lib/python3.12/site-packages/airflow/example_dags/plugins/workday.py for tasks to queue
[2026-05-21T08:41:07.935+0000] {logging_mixin.py:188} INFO - [2026-05-21T08:41:07.933+0000] {dagbag.py:545} INFO - Filling up the DagBag from /home/airflow/.local/lib/python3.12/site-packages/airflow/example_dags/plugins/workday.py
[2026-05-21T08:41:10.649+0000] {processor.py:842} WARNING - No viable dags retrieved from /home/airflow/.local/lib/python3.12/site-packages/airflow/example_dags/plugins/workday.py
[2026-05-21T08:41:10.762+0000] {processor.py:183} INFO - Processing /home/airflow/.local/lib/python3.12/site-packages/airflow/example_dags/plugins/workday.py took 2.852 seconds
[2026-05-21T08:41:41.163+0000] {processor.py:161} INFO - Started process (PID=5483) to work on /home/airflow/.local/lib/python3.12/site-packages/airflow/example_dags/plugins/workday.py
[2026-05-21T08:41:41.167+0000] {processor.py:830} INFO - Processing file /home/airflow/.local/lib/python3.12/site-packages/airflow/example_dags/plugins/workday.py for tasks to queue
[2026-05-21T08:41:41.174+0000] {logging_mixin.py:188} INFO - [2026-05-21T08:41:41.173+0000] {dagbag.py:545} INFO - Filling up the DagBag from /home/airflow/.local/lib/python3.12/site-packages/airflow/example_dags/plugins/workday.py
[2026-05-21T08:41:42.655+0000] {processor.py:842} WARNING - No viable dags retrieved from /home/airflow/.local/lib/python3.12/site-packages/airflow/example_dags/plugins/workday.py
[2026-05-21T08:41:42.701+0000] {processor.py:183} INFO - Processing /home/airflow/.local/lib/python3.12/site-packages/airflow/example_dags/plugins/workday.py took 1.559 seconds
[2026-05-21T08:42:13.661+0000] {processor.py:161} INFO - Started process (PID=5544) to work on /home/airflow/.local/lib/python3.12/site-packages/airflow/example_dags/plugins/workday.py
[2026-05-21T08:42:13.664+0000] {processor.py:830} INFO - Processing file /home/airflow/.local/lib/python3.12/site-packages/airflow/example_dags/plugins/workday.py for tasks to queue
[2026-05-21T08:42:13.669+0000] {logging_mixin.py:188} INFO - [2026-05-21T08:42:13.668+0000] {dagbag.py:545} INFO - Filling up the DagBag from /home/airflow/.local/lib/python3.12/site-packages/airflow/example_dags/plugins/workday.py
[2026-05-21T08:42:15.320+0000] {processor.py:842} WARNING - No viable dags retrieved from /home/airflow/.local/lib/python3.12/site-packages/airflow/example_dags/plugins/workday.py
[2026-05-21T08:42:15.364+0000] {processor.py:183} INFO - Processing /home/airflow/.local/lib/python3.12/site-packages/airflow/example_dags/plugins/workday.py took 1.718 seconds
[2026-05-21T08:42:45.691+0000] {processor.py:161} INFO - Started process (PID=5604) to work on /home/airflow/.local/lib/python3.12/site-packages/airflow/example_dags/plugins/workday.py
[2026-05-21T08:42:45.695+0000] {processor.py:830} INFO - Processing file /home/airflow/.local/lib/python3.12/site-packages/airflow/example_dags/plugins/workday.py for tasks to queue
[2026-05-21T08:42:45.702+0000] {logging_mixin.py:188} INFO - [2026-05-21T08:42:45.701+0000] {dagbag.py:545} INFO - Filling up the DagBag from /home/airflow/.local/lib/python3.12/site-packages/airflow/example_dags/plugins/workday.py
[2026-05-21T08:42:47.293+0000] {processor.py:842} WARNING - No viable dags retrieved from /home/airflow/.local/lib/python3.12/site-packages/airflow/example_dags/plugins/workday.py
[2026-05-21T08:42:47.324+0000] {processor.py:183} INFO - Processing /home/airflow/.local/lib/python3.12/site-packages/airflow/example_dags/plugins/workday.py took 1.649 seconds
[2026-05-21T08:43:17.878+0000] {processor.py:161} INFO - Started process (PID=5664) to work on /home/airflow/.local/lib/python3.12/site-packages/airflow/example_dags/plugins/workday.py
[2026-05-21T08:43:17.884+0000] {processor.py:830} INFO - Processing file /home/airflow/.local/lib/python3.12/site-packages/airflow/example_dags/plugins/workday.py for tasks to queue
[2026-05-21T08:43:17.897+0000] {logging_mixin.py:188} INFO - [2026-05-21T08:43:17.891+0000] {dagbag.py:545} INFO - Filling up the DagBag from /home/airflow/.local/lib/python3.12/site-packages/airflow/example_dags/plugins/workday.py
[2026-05-21T08:43:20.411+0000] {processor.py:842} WARNING - No viable dags retrieved from /home/airflow/.local/lib/python3.12/site-packages/airflow/example_dags/plugins/workday.py
[2026-05-21T08:43:20.451+0000] {processor.py:183} INFO - Processing /home/airflow/.local/lib/python3.12/site-packages/airflow/example_dags/plugins/workday.py took 2.614 seconds
[2026-05-21T08:43:51.047+0000] {processor.py:161} INFO - Started process (PID=5725) to work on /home/airflow/.local/lib/python3.12/site-packages/airflow/example_dags/plugins/workday.py
[2026-05-21T08:43:51.052+0000] {processor.py:830} INFO - Processing file /home/airflow/.local/lib/python3.12/site-packages/airflow/example_dags/plugins/workday.py for tasks to queue
[2026-05-21T08:43:51.061+0000] {logging_mixin.py:188} INFO - [2026-05-21T08:43:51.060+0000] {dagbag.py:545} INFO - Filling up the DagBag from /home/airflow/.local/lib/python3.12/site-packages/airflow/example_dags/plugins/workday.py
[2026-05-21T08:43:52.432+0000] {processor.py:842} WARNING - No viable dags retrieved from /home/airflow/.local/lib/python3.12/site-packages/airflow/example_dags/plugins/workday.py
[2026-05-21T08:43:52.467+0000] {processor.py:183} INFO - Processing /home/airflow/.local/lib/python3.12/site-packages/airflow/example_dags/plugins/workday.py took 1.444 seconds
[2026-05-21T08:44:22.635+0000] {processor.py:161} INFO - Started process (PID=5785) to work on /home/airflow/.local/lib/python3.12/site-packages/airflow/example_dags/plugins/workday.py
[2026-05-21T08:44:22.638+0000] {processor.py:830} INFO - Processing file /home/airflow/.local/lib/python3.12/site-packages/airflow/example_dags/plugins/workday.py for tasks to queue
[2026-05-21T08:44:22.644+0000] {logging_mixin.py:188} INFO - [2026-05-21T08:44:22.643+0000] {dagbag.py:545} INFO - Filling up the DagBag from /home/airflow/.local/lib/python3.12/site-packages/airflow/example_dags/plugins/workday.py
[2026-05-21T08:44:23.884+0000] {processor.py:842} WARNING - No viable dags retrieved from /home/airflow/.local/lib/python3.12/site-packages/airflow/example_dags/plugins/workday.py
[2026-05-21T08:44:23.917+0000] {processor.py:183} INFO - Processing /home/airflow/.local/lib/python3.12/site-packages/airflow/example_dags/plugins/workday.py took 1.297 seconds
[2026-05-21T08:44:54.218+0000] {processor.py:161} INFO - Started process (PID=5846) to work on /home/airflow/.local/lib/python3.12/site-packages/airflow/example_dags/plugins/workday.py
[2026-05-21T08:44:54.222+0000] {processor.py:830} INFO - Processing file /home/airflow/.local/lib/python3.12/site-packages/airflow/example_dags/plugins/workday.py for tasks to queue
[2026-05-21T08:44:54.228+0000] {logging_mixin.py:188} INFO - [2026-05-21T08:44:54.227+0000] {dagbag.py:545} INFO - Filling up the DagBag from /home/airflow/.local/lib/python3.12/site-packages/airflow/example_dags/plugins/workday.py
[2026-05-21T08:44:55.617+0000] {processor.py:842} WARNING - No viable dags retrieved from /home/airflow/.local/lib/python3.12/site-packages/airflow/example_dags/plugins/workday.py
[2026-05-21T08:44:55.647+0000] {processor.py:183} INFO - Processing /home/airflow/.local/lib/python3.12/site-packages/airflow/example_dags/plugins/workday.py took 1.446 seconds
[2026-05-21T08:45:26.072+0000] {processor.py:161} INFO - Started process (PID=5909) to work on /home/airflow/.local/lib/python3.12/site-packages/airflow/example_dags/plugins/workday.py
[2026-05-21T08:45:26.075+0000] {processor.py:830} INFO - Processing file /home/airflow/.local/lib/python3.12/site-packages/airflow/example_dags/plugins/workday.py for tasks to queue
[2026-05-21T08:45:26.080+0000] {logging_mixin.py:188} INFO - [2026-05-21T08:45:26.079+0000] {dagbag.py:545} INFO - Filling up the DagBag from /home/airflow/.local/lib/python3.12/site-packages/airflow/example_dags/plugins/workday.py
[2026-05-21T08:45:27.379+0000] {processor.py:842} WARNING - No viable dags retrieved from /home/airflow/.local/lib/python3.12/site-packages/airflow/example_dags/plugins/workday.py
[2026-05-21T08:45:27.424+0000] {processor.py:183} INFO - Processing /home/airflow/.local/lib/python3.12/site-packages/airflow/example_dags/plugins/workday.py took 1.367 seconds
[2026-05-21T08:45:58.419+0000] {processor.py:161} INFO - Started process (PID=5971) to work on /home/airflow/.local/lib/python3.12/site-packages/airflow/example_dags/plugins/workday.py
[2026-05-21T08:45:58.422+0000] {processor.py:830} INFO - Processing file /home/airflow/.local/lib/python3.12/site-packages/airflow/example_dags/plugins/workday.py for tasks to queue
[2026-05-21T08:45:58.430+0000] {logging_mixin.py:188} INFO - [2026-05-21T08:45:58.429+0000] {dagbag.py:545} INFO - Filling up the DagBag from /home/airflow/.local/lib/python3.12/site-packages/airflow/example_dags/plugins/workday.py
[2026-05-21T08:46:00.450+0000] {processor.py:842} WARNING - No viable dags retrieved from /home/airflow/.local/lib/python3.12/site-packages/airflow/example_dags/plugins/workday.py
[2026-05-21T08:46:00.482+0000] {processor.py:183} INFO - Processing /home/airflow/.local/lib/python3.12/site-packages/airflow/example_dags/plugins/workday.py took 2.082 seconds
[2026-05-21T08:46:30.760+0000] {processor.py:161} INFO - Started process (PID=6034) to work on /home/airflow/.local/lib/python3.12/site-packages/airflow/example_dags/plugins/workday.py
[2026-05-21T08:46:30.764+0000] {processor.py:830} INFO - Processing file /home/airflow/.local/lib/python3.12/site-packages/airflow/example_dags/plugins/workday.py for tasks to queue
[2026-05-21T08:46:30.771+0000] {logging_mixin.py:188} INFO - [2026-05-21T08:46:30.770+0000] {dagbag.py:545} INFO - Filling up the DagBag from /home/airflow/.local/lib/python3.12/site-packages/airflow/example_dags/plugins/workday.py
[2026-05-21T08:46:31.956+0000] {processor.py:842} WARNING - No viable dags retrieved from /home/airflow/.local/lib/python3.12/site-packages/airflow/example_dags/plugins/workday.py
[2026-05-21T08:46:31.989+0000] {processor.py:183} INFO - Processing /home/airflow/.local/lib/python3.12/site-packages/airflow/example_dags/plugins/workday.py took 1.247 seconds
[2026-05-21T08:47:02.438+0000] {processor.py:161} INFO - Started process (PID=6096) to work on /home/airflow/.local/lib/python3.12/site-packages/airflow/example_dags/plugins/workday.py
[2026-05-21T08:47:02.442+0000] {processor.py:830} INFO - Processing file /home/airflow/.local/lib/python3.12/site-packages/airflow/example_dags/plugins/workday.py for tasks to queue
[2026-05-21T08:47:02.454+0000] {logging_mixin.py:188} INFO - [2026-05-21T08:47:02.453+0000] {dagbag.py:545} INFO - Filling up the DagBag from /home/airflow/.local/lib/python3.12/site-packages/airflow/example_dags/plugins/workday.py
[2026-05-21T08:47:04.093+0000] {processor.py:842} WARNING - No viable dags retrieved from /home/airflow/.local/lib/python3.12/site-packages/airflow/example_dags/plugins/workday.py
[2026-05-21T08:47:04.128+0000] {processor.py:183} INFO - Processing /home/airflow/.local/lib/python3.12/site-packages/airflow/example_dags/plugins/workday.py took 1.722 seconds
[2026-05-21T08:47:35.070+0000] {processor.py:161} INFO - Started process (PID=6158) to work on /home/airflow/.local/lib/python3.12/site-packages/airflow/example_dags/plugins/workday.py
[2026-05-21T08:47:35.073+0000] {processor.py:830} INFO - Processing file /home/airflow/.local/lib/python3.12/site-packages/airflow/example_dags/plugins/workday.py for tasks to queue
[2026-05-21T08:47:35.078+0000] {logging_mixin.py:188} INFO - [2026-05-21T08:47:35.077+0000] {dagbag.py:545} INFO - Filling up the DagBag from /home/airflow/.local/lib/python3.12/site-packages/airflow/example_dags/plugins/workday.py
[2026-05-21T08:47:36.399+0000] {processor.py:842} WARNING - No viable dags retrieved from /home/airflow/.local/lib/python3.12/site-packages/airflow/example_dags/plugins/workday.py
[2026-05-21T08:47:36.433+0000] {processor.py:183} INFO - Processing /home/airflow/.local/lib/python3.12/site-packages/airflow/example_dags/plugins/workday.py took 1.381 seconds
[2026-05-21T08:48:07.353+0000] {processor.py:161} INFO - Started process (PID=6225) to work on /home/airflow/.local/lib/python3.12/site-packages/airflow/example_dags/plugins/workday.py
[2026-05-21T08:48:07.356+0000] {processor.py:830} INFO - Processing file /home/airflow/.local/lib/python3.12/site-packages/airflow/example_dags/plugins/workday.py for tasks to queue
[2026-05-21T08:48:07.364+0000] {logging_mixin.py:188} INFO - [2026-05-21T08:48:07.362+0000] {dagbag.py:545} INFO - Filling up the DagBag from /home/airflow/.local/lib/python3.12/site-packages/airflow/example_dags/plugins/workday.py
[2026-05-21T08:48:09.677+0000] {processor.py:842} WARNING - No viable dags retrieved from /home/airflow/.local/lib/python3.12/site-packages/airflow/example_dags/plugins/workday.py
[2026-05-21T08:48:09.702+0000] {processor.py:183} INFO - Processing /home/airflow/.local/lib/python3.12/site-packages/airflow/example_dags/plugins/workday.py took 2.366 seconds
[2026-05-21T08:48:40.742+0000] {processor.py:161} INFO - Started process (PID=6288) to work on /home/airflow/.local/lib/python3.12/site-packages/airflow/example_dags/plugins/workday.py
[2026-05-21T08:48:40.745+0000] {processor.py:830} INFO - Processing file /home/airflow/.local/lib/python3.12/site-packages/airflow/example_dags/plugins/workday.py for tasks to queue
[2026-05-21T08:48:40.761+0000] {logging_mixin.py:188} INFO - [2026-05-21T08:48:40.759+0000] {dagbag.py:545} INFO - Filling up the DagBag from /home/airflow/.local/lib/python3.12/site-packages/airflow/example_dags/plugins/workday.py
[2026-05-21T08:48:43.335+0000] {processor.py:842} WARNING - No viable dags retrieved from /home/airflow/.local/lib/python3.12/site-packages/airflow/example_dags/plugins/workday.py
[2026-05-21T08:48:43.458+0000] {processor.py:183} INFO - Processing /home/airflow/.local/lib/python3.12/site-packages/airflow/example_dags/plugins/workday.py took 2.744 seconds
[2026-05-21T08:49:14.679+0000] {processor.py:161} INFO - Started process (PID=6350) to work on /home/airflow/.local/lib/python3.12/site-packages/airflow/example_dags/plugins/workday.py
[2026-05-21T08:49:14.691+0000] {processor.py:830} INFO - Processing file /home/airflow/.local/lib/python3.12/site-packages/airflow/example_dags/plugins/workday.py for tasks to queue
[2026-05-21T08:49:14.706+0000] {logging_mixin.py:188} INFO - [2026-05-21T08:49:14.705+0000] {dagbag.py:545} INFO - Filling up the DagBag from /home/airflow/.local/lib/python3.12/site-packages/airflow/example_dags/plugins/workday.py
[2026-05-21T08:49:17.651+0000] {processor.py:842} WARNING - No viable dags retrieved from /home/airflow/.local/lib/python3.12/site-packages/airflow/example_dags/plugins/workday.py
[2026-05-21T08:49:17.742+0000] {processor.py:183} INFO - Processing /home/airflow/.local/lib/python3.12/site-packages/airflow/example_dags/plugins/workday.py took 3.149 seconds
[2026-05-21T08:49:48.493+0000] {processor.py:161} INFO - Started process (PID=6410) to work on /home/airflow/.local/lib/python3.12/site-packages/airflow/example_dags/plugins/workday.py
[2026-05-21T08:49:48.496+0000] {processor.py:830} INFO - Processing file /home/airflow/.local/lib/python3.12/site-packages/airflow/example_dags/plugins/workday.py for tasks to queue
[2026-05-21T08:49:48.503+0000] {logging_mixin.py:188} INFO - [2026-05-21T08:49:48.502+0000] {dagbag.py:545} INFO - Filling up the DagBag from /home/airflow/.local/lib/python3.12/site-packages/airflow/example_dags/plugins/workday.py
[2026-05-21T08:49:49.731+0000] {processor.py:842} WARNING - No viable dags retrieved from /home/airflow/.local/lib/python3.12/site-packages/airflow/example_dags/plugins/workday.py
[2026-05-21T08:49:49.779+0000] {processor.py:183} INFO - Processing /home/airflow/.local/lib/python3.12/site-packages/airflow/example_dags/plugins/workday.py took 1.305 seconds
[2026-05-21T08:50:20.510+0000] {processor.py:161} INFO - Started process (PID=6470) to work on /home/airflow/.local/lib/python3.12/site-packages/airflow/example_dags/plugins/workday.py
[2026-05-21T08:50:20.514+0000] {processor.py:830} INFO - Processing file /home/airflow/.local/lib/python3.12/site-packages/airflow/example_dags/plugins/workday.py for tasks to queue
[2026-05-21T08:50:20.521+0000] {logging_mixin.py:188} INFO - [2026-05-21T08:50:20.519+0000] {dagbag.py:545} INFO - Filling up the DagBag from /home/airflow/.local/lib/python3.12/site-packages/airflow/example_dags/plugins/workday.py
[2026-05-21T08:50:22.116+0000] {processor.py:842} WARNING - No viable dags retrieved from /home/airflow/.local/lib/python3.12/site-packages/airflow/example_dags/plugins/workday.py
[2026-05-21T08:50:22.187+0000] {processor.py:183} INFO - Processing /home/airflow/.local/lib/python3.12/site-packages/airflow/example_dags/plugins/workday.py took 1.700 seconds
[2026-05-21T08:50:52.375+0000] {processor.py:161} INFO - Started process (PID=6530) to work on /home/airflow/.local/lib/python3.12/site-packages/airflow/example_dags/plugins/workday.py
[2026-05-21T08:50:52.378+0000] {processor.py:830} INFO - Processing file /home/airflow/.local/lib/python3.12/site-packages/airflow/example_dags/plugins/workday.py for tasks to queue
[2026-05-21T08:50:52.383+0000] {logging_mixin.py:188} INFO - [2026-05-21T08:50:52.383+0000] {dagbag.py:545} INFO - Filling up the DagBag from /home/airflow/.local/lib/python3.12/site-packages/airflow/example_dags/plugins/workday.py
[2026-05-21T08:50:53.542+0000] {processor.py:842} WARNING - No viable dags retrieved from /home/airflow/.local/lib/python3.12/site-packages/airflow/example_dags/plugins/workday.py
[2026-05-21T08:50:53.573+0000] {processor.py:183} INFO - Processing /home/airflow/.local/lib/python3.12/site-packages/airflow/example_dags/plugins/workday.py took 1.214 seconds
[2026-05-21T08:51:24.316+0000] {processor.py:161} INFO - Started process (PID=6592) to work on /home/airflow/.local/lib/python3.12/site-packages/airflow/example_dags/plugins/workday.py
[2026-05-21T08:51:24.320+0000] {processor.py:830} INFO - Processing file /home/airflow/.local/lib/python3.12/site-packages/airflow/example_dags/plugins/workday.py for tasks to queue
[2026-05-21T08:51:24.325+0000] {logging_mixin.py:188} INFO - [2026-05-21T08:51:24.324+0000] {dagbag.py:545} INFO - Filling up the DagBag from /home/airflow/.local/lib/python3.12/site-packages/airflow/example_dags/plugins/workday.py
[2026-05-21T08:51:25.772+0000] {processor.py:842} WARNING - No viable dags retrieved from /home/airflow/.local/lib/python3.12/site-packages/airflow/example_dags/plugins/workday.py
[2026-05-21T08:51:25.810+0000] {processor.py:183} INFO - Processing /home/airflow/.local/lib/python3.12/site-packages/airflow/example_dags/plugins/workday.py took 1.508 seconds
[2026-05-21T08:51:56.163+0000] {processor.py:161} INFO - Started process (PID=6656) to work on /home/airflow/.local/lib/python3.12/site-packages/airflow/example_dags/plugins/workday.py
[2026-05-21T08:51:56.167+0000] {processor.py:830} INFO - Processing file /home/airflow/.local/lib/python3.12/site-packages/airflow/example_dags/plugins/workday.py for tasks to queue
[2026-05-21T08:51:56.172+0000] {logging_mixin.py:188} INFO - [2026-05-21T08:51:56.171+0000] {dagbag.py:545} INFO - Filling up the DagBag from /home/airflow/.local/lib/python3.12/site-packages/airflow/example_dags/plugins/workday.py
[2026-05-21T08:51:57.928+0000] {processor.py:842} WARNING - No viable dags retrieved from /home/airflow/.local/lib/python3.12/site-packages/airflow/example_dags/plugins/workday.py
[2026-05-21T08:51:58.005+0000] {processor.py:183} INFO - Processing /home/airflow/.local/lib/python3.12/site-packages/airflow/example_dags/plugins/workday.py took 1.864 seconds
[2026-05-21T08:52:29.151+0000] {processor.py:161} INFO - Started process (PID=6718) to work on /home/airflow/.local/lib/python3.12/site-packages/airflow/example_dags/plugins/workday.py
[2026-05-21T08:52:29.155+0000] {processor.py:830} INFO - Processing file /home/airflow/.local/lib/python3.12/site-packages/airflow/example_dags/plugins/workday.py for tasks to queue
[2026-05-21T08:52:29.162+0000] {logging_mixin.py:188} INFO - [2026-05-21T08:52:29.161+0000] {dagbag.py:545} INFO - Filling up the DagBag from /home/airflow/.local/lib/python3.12/site-packages/airflow/example_dags/plugins/workday.py
[2026-05-21T08:52:30.818+0000] {processor.py:842} WARNING - No viable dags retrieved from /home/airflow/.local/lib/python3.12/site-packages/airflow/example_dags/plugins/workday.py
[2026-05-21T08:52:30.866+0000] {processor.py:183} INFO - Processing /home/airflow/.local/lib/python3.12/site-packages/airflow/example_dags/plugins/workday.py took 1.735 seconds
[2026-05-21T08:53:01.150+0000] {processor.py:161} INFO - Started process (PID=6781) to work on /home/airflow/.local/lib/python3.12/site-packages/airflow/example_dags/plugins/workday.py
[2026-05-21T08:53:01.154+0000] {processor.py:830} INFO - Processing file /home/airflow/.local/lib/python3.12/site-packages/airflow/example_dags/plugins/workday.py for tasks to queue
[2026-05-21T08:53:01.162+0000] {logging_mixin.py:188} INFO - [2026-05-21T08:53:01.161+0000] {dagbag.py:545} INFO - Filling up the DagBag from /home/airflow/.local/lib/python3.12/site-packages/airflow/example_dags/plugins/workday.py
[2026-05-21T08:53:02.419+0000] {processor.py:842} WARNING - No viable dags retrieved from /home/airflow/.local/lib/python3.12/site-packages/airflow/example_dags/plugins/workday.py
[2026-05-21T08:53:02.448+0000] {processor.py:183} INFO - Processing /home/airflow/.local/lib/python3.12/site-packages/airflow/example_dags/plugins/workday.py took 1.322 seconds
[2026-05-21T08:53:32.964+0000] {processor.py:161} INFO - Started process (PID=6841) to work on /home/airflow/.local/lib/python3.12/site-packages/airflow/example_dags/plugins/workday.py
[2026-05-21T08:53:32.968+0000] {processor.py:830} INFO - Processing file /home/airflow/.local/lib/python3.12/site-packages/airflow/example_dags/plugins/workday.py for tasks to queue
[2026-05-21T08:53:32.975+0000] {logging_mixin.py:188} INFO - [2026-05-21T08:53:32.974+0000] {dagbag.py:545} INFO - Filling up the DagBag from /home/airflow/.local/lib/python3.12/site-packages/airflow/example_dags/plugins/workday.py
[2026-05-21T08:53:34.127+0000] {processor.py:842} WARNING - No viable dags retrieved from /home/airflow/.local/lib/python3.12/site-packages/airflow/example_dags/plugins/workday.py
[2026-05-21T08:53:34.167+0000] {processor.py:183} INFO - Processing /home/airflow/.local/lib/python3.12/site-packages/airflow/example_dags/plugins/workday.py took 1.221 seconds
[2026-05-21T08:54:05.053+0000] {processor.py:161} INFO - Started process (PID=6903) to work on /home/airflow/.local/lib/python3.12/site-packages/airflow/example_dags/plugins/workday.py
[2026-05-21T08:54:05.056+0000] {processor.py:830} INFO - Processing file /home/airflow/.local/lib/python3.12/site-packages/airflow/example_dags/plugins/workday.py for tasks to queue
[2026-05-21T08:54:05.062+0000] {logging_mixin.py:188} INFO - [2026-05-21T08:54:05.061+0000] {dagbag.py:545} INFO - Filling up the DagBag from /home/airflow/.local/lib/python3.12/site-packages/airflow/example_dags/plugins/workday.py
[2026-05-21T08:54:06.250+0000] {processor.py:842} WARNING - No viable dags retrieved from /home/airflow/.local/lib/python3.12/site-packages/airflow/example_dags/plugins/workday.py
[2026-05-21T08:54:06.289+0000] {processor.py:183} INFO - Processing /home/airflow/.local/lib/python3.12/site-packages/airflow/example_dags/plugins/workday.py took 1.254 seconds
[2026-05-21T08:54:38.498+0000] {processor.py:161} INFO - Started process (PID=6966) to work on /home/airflow/.local/lib/python3.12/site-packages/airflow/example_dags/plugins/workday.py
[2026-05-21T08:54:38.503+0000] {processor.py:830} INFO - Processing file /home/airflow/.local/lib/python3.12/site-packages/airflow/example_dags/plugins/workday.py for tasks to queue
[2026-05-21T08:54:38.513+0000] {logging_mixin.py:188} INFO - [2026-05-21T08:54:38.511+0000] {dagbag.py:545} INFO - Filling up the DagBag from /home/airflow/.local/lib/python3.12/site-packages/airflow/example_dags/plugins/workday.py
[2026-05-21T08:54:41.070+0000] {processor.py:842} WARNING - No viable dags retrieved from /home/airflow/.local/lib/python3.12/site-packages/airflow/example_dags/plugins/workday.py
[2026-05-21T08:54:41.094+0000] {processor.py:183} INFO - Processing /home/airflow/.local/lib/python3.12/site-packages/airflow/example_dags/plugins/workday.py took 2.663 seconds
[2026-05-21T08:55:11.431+0000] {processor.py:161} INFO - Started process (PID=7033) to work on /home/airflow/.local/lib/python3.12/site-packages/airflow/example_dags/plugins/workday.py
[2026-05-21T08:55:11.435+0000] {processor.py:830} INFO - Processing file /home/airflow/.local/lib/python3.12/site-packages/airflow/example_dags/plugins/workday.py for tasks to queue
[2026-05-21T08:55:11.443+0000] {logging_mixin.py:188} INFO - [2026-05-21T08:55:11.441+0000] {dagbag.py:545} INFO - Filling up the DagBag from /home/airflow/.local/lib/python3.12/site-packages/airflow/example_dags/plugins/workday.py
[2026-05-21T08:55:12.589+0000] {processor.py:842} WARNING - No viable dags retrieved from /home/airflow/.local/lib/python3.12/site-packages/airflow/example_dags/plugins/workday.py
[2026-05-21T08:55:12.628+0000] {processor.py:183} INFO - Processing /home/airflow/.local/lib/python3.12/site-packages/airflow/example_dags/plugins/workday.py took 1.222 seconds
[2026-05-21T08:55:43.122+0000] {processor.py:161} INFO - Started process (PID=7093) to work on /home/airflow/.local/lib/python3.12/site-packages/airflow/example_dags/plugins/workday.py
[2026-05-21T08:55:43.125+0000] {processor.py:830} INFO - Processing file /home/airflow/.local/lib/python3.12/site-packages/airflow/example_dags/plugins/workday.py for tasks to queue
[2026-05-21T08:55:43.131+0000] {logging_mixin.py:188} INFO - [2026-05-21T08:55:43.130+0000] {dagbag.py:545} INFO - Filling up the DagBag from /home/airflow/.local/lib/python3.12/site-packages/airflow/example_dags/plugins/workday.py
[2026-05-21T08:55:44.330+0000] {processor.py:842} WARNING - No viable dags retrieved from /home/airflow/.local/lib/python3.12/site-packages/airflow/example_dags/plugins/workday.py
[2026-05-21T08:55:44.361+0000] {processor.py:183} INFO - Processing /home/airflow/.local/lib/python3.12/site-packages/airflow/example_dags/plugins/workday.py took 1.257 seconds
[2026-05-21T08:56:14.691+0000] {processor.py:161} INFO - Started process (PID=7156) to work on /home/airflow/.local/lib/python3.12/site-packages/airflow/example_dags/plugins/workday.py
[2026-05-21T08:56:14.695+0000] {processor.py:830} INFO - Processing file /home/airflow/.local/lib/python3.12/site-packages/airflow/example_dags/plugins/workday.py for tasks to queue
[2026-05-21T08:56:14.701+0000] {logging_mixin.py:188} INFO - [2026-05-21T08:56:14.700+0000] {dagbag.py:545} INFO - Filling up the DagBag from /home/airflow/.local/lib/python3.12/site-packages/airflow/example_dags/plugins/workday.py
[2026-05-21T08:56:15.872+0000] {processor.py:842} WARNING - No viable dags retrieved from /home/airflow/.local/lib/python3.12/site-packages/airflow/example_dags/plugins/workday.py
[2026-05-21T08:56:15.914+0000] {processor.py:183} INFO - Processing /home/airflow/.local/lib/python3.12/site-packages/airflow/example_dags/plugins/workday.py took 1.241 seconds
[2026-05-21T08:56:47.128+0000] {processor.py:161} INFO - Started process (PID=7217) to work on /home/airflow/.local/lib/python3.12/site-packages/airflow/example_dags/plugins/workday.py
[2026-05-21T08:56:47.132+0000] {processor.py:830} INFO - Processing file /home/airflow/.local/lib/python3.12/site-packages/airflow/example_dags/plugins/workday.py for tasks to queue
[2026-05-21T08:56:47.138+0000] {logging_mixin.py:188} INFO - [2026-05-21T08:56:47.137+0000] {dagbag.py:545} INFO - Filling up the DagBag from /home/airflow/.local/lib/python3.12/site-packages/airflow/example_dags/plugins/workday.py
[2026-05-21T08:56:49.338+0000] {processor.py:842} WARNING - No viable dags retrieved from /home/airflow/.local/lib/python3.12/site-packages/airflow/example_dags/plugins/workday.py
[2026-05-21T08:56:49.368+0000] {processor.py:183} INFO - Processing /home/airflow/.local/lib/python3.12/site-packages/airflow/example_dags/plugins/workday.py took 2.262 seconds
[2026-05-21T08:57:19.537+0000] {processor.py:161} INFO - Started process (PID=7278) to work on /home/airflow/.local/lib/python3.12/site-packages/airflow/example_dags/plugins/workday.py
[2026-05-21T08:57:19.542+0000] {processor.py:830} INFO - Processing file /home/airflow/.local/lib/python3.12/site-packages/airflow/example_dags/plugins/workday.py for tasks to queue
[2026-05-21T08:57:19.551+0000] {logging_mixin.py:188} INFO - [2026-05-21T08:57:19.550+0000] {dagbag.py:545} INFO - Filling up the DagBag from /home/airflow/.local/lib/python3.12/site-packages/airflow/example_dags/plugins/workday.py
[2026-05-21T08:57:20.912+0000] {processor.py:842} WARNING - No viable dags retrieved from /home/airflow/.local/lib/python3.12/site-packages/airflow/example_dags/plugins/workday.py
[2026-05-21T08:57:20.990+0000] {processor.py:183} INFO - Processing /home/airflow/.local/lib/python3.12/site-packages/airflow/example_dags/plugins/workday.py took 1.476 seconds
[2026-05-21T08:57:51.516+0000] {processor.py:161} INFO - Started process (PID=7340) to work on /home/airflow/.local/lib/python3.12/site-packages/airflow/example_dags/plugins/workday.py
[2026-05-21T08:57:51.520+0000] {processor.py:830} INFO - Processing file /home/airflow/.local/lib/python3.12/site-packages/airflow/example_dags/plugins/workday.py for tasks to queue
[2026-05-21T08:57:51.526+0000] {logging_mixin.py:188} INFO - [2026-05-21T08:57:51.525+0000] {dagbag.py:545} INFO - Filling up the DagBag from /home/airflow/.local/lib/python3.12/site-packages/airflow/example_dags/plugins/workday.py
[2026-05-21T08:57:52.267+0000] {processor.py:842} WARNING - No viable dags retrieved from /home/airflow/.local/lib/python3.12/site-packages/airflow/example_dags/plugins/workday.py
[2026-05-21T08:57:52.309+0000] {processor.py:183} INFO - Processing /home/airflow/.local/lib/python3.12/site-packages/airflow/example_dags/plugins/workday.py took 0.809 seconds
[2026-05-21T08:58:23.439+0000] {processor.py:161} INFO - Started process (PID=7402) to work on /home/airflow/.local/lib/python3.12/site-packages/airflow/example_dags/plugins/workday.py
[2026-05-21T08:58:23.442+0000] {processor.py:830} INFO - Processing file /home/airflow/.local/lib/python3.12/site-packages/airflow/example_dags/plugins/workday.py for tasks to queue
[2026-05-21T08:58:23.448+0000] {logging_mixin.py:188} INFO - [2026-05-21T08:58:23.447+0000] {dagbag.py:545} INFO - Filling up the DagBag from /home/airflow/.local/lib/python3.12/site-packages/airflow/example_dags/plugins/workday.py
[2026-05-21T08:58:24.361+0000] {processor.py:842} WARNING - No viable dags retrieved from /home/airflow/.local/lib/python3.12/site-packages/airflow/example_dags/plugins/workday.py
[2026-05-21T08:58:24.402+0000] {processor.py:183} INFO - Processing /home/airflow/.local/lib/python3.12/site-packages/airflow/example_dags/plugins/workday.py took 0.982 seconds
[2026-05-21T08:58:55.375+0000] {processor.py:161} INFO - Started process (PID=7466) to work on /home/airflow/.local/lib/python3.12/site-packages/airflow/example_dags/plugins/workday.py
[2026-05-21T08:58:55.386+0000] {processor.py:830} INFO - Processing file /home/airflow/.local/lib/python3.12/site-packages/airflow/example_dags/plugins/workday.py for tasks to queue
[2026-05-21T08:58:55.397+0000] {logging_mixin.py:188} INFO - [2026-05-21T08:58:55.394+0000] {dagbag.py:545} INFO - Filling up the DagBag from /home/airflow/.local/lib/python3.12/site-packages/airflow/example_dags/plugins/workday.py
[2026-05-21T08:58:58.909+0000] {processor.py:842} WARNING - No viable dags retrieved from /home/airflow/.local/lib/python3.12/site-packages/airflow/example_dags/plugins/workday.py
[2026-05-21T08:58:58.987+0000] {processor.py:183} INFO - Processing /home/airflow/.local/lib/python3.12/site-packages/airflow/example_dags/plugins/workday.py took 3.659 seconds
[2026-05-21T08:59:29.461+0000] {processor.py:161} INFO - Started process (PID=7529) to work on /home/airflow/.local/lib/python3.12/site-packages/airflow/example_dags/plugins/workday.py
[2026-05-21T08:59:29.463+0000] {processor.py:830} INFO - Processing file /home/airflow/.local/lib/python3.12/site-packages/airflow/example_dags/plugins/workday.py for tasks to queue
[2026-05-21T08:59:29.468+0000] {logging_mixin.py:188} INFO - [2026-05-21T08:59:29.467+0000] {dagbag.py:545} INFO - Filling up the DagBag from /home/airflow/.local/lib/python3.12/site-packages/airflow/example_dags/plugins/workday.py
[2026-05-21T08:59:30.363+0000] {processor.py:842} WARNING - No viable dags retrieved from /home/airflow/.local/lib/python3.12/site-packages/airflow/example_dags/plugins/workday.py
[2026-05-21T08:59:30.397+0000] {processor.py:183} INFO - Processing /home/airflow/.local/lib/python3.12/site-packages/airflow/example_dags/plugins/workday.py took 0.947 seconds
[2026-05-21T09:00:01.240+0000] {processor.py:161} INFO - Started process (PID=7591) to work on /home/airflow/.local/lib/python3.12/site-packages/airflow/example_dags/plugins/workday.py
[2026-05-21T09:00:01.245+0000] {processor.py:830} INFO - Processing file /home/airflow/.local/lib/python3.12/site-packages/airflow/example_dags/plugins/workday.py for tasks to queue
[2026-05-21T09:00:01.254+0000] {logging_mixin.py:188} INFO - [2026-05-21T09:00:01.253+0000] {dagbag.py:545} INFO - Filling up the DagBag from /home/airflow/.local/lib/python3.12/site-packages/airflow/example_dags/plugins/workday.py
[2026-05-21T09:00:02.534+0000] {processor.py:842} WARNING - No viable dags retrieved from /home/airflow/.local/lib/python3.12/site-packages/airflow/example_dags/plugins/workday.py
[2026-05-21T09:00:02.585+0000] {processor.py:183} INFO - Processing /home/airflow/.local/lib/python3.12/site-packages/airflow/example_dags/plugins/workday.py took 1.366 seconds
[2026-05-21T09:00:33.275+0000] {processor.py:161} INFO - Started process (PID=7653) to work on /home/airflow/.local/lib/python3.12/site-packages/airflow/example_dags/plugins/workday.py
[2026-05-21T09:00:33.280+0000] {processor.py:830} INFO - Processing file /home/airflow/.local/lib/python3.12/site-packages/airflow/example_dags/plugins/workday.py for tasks to queue
[2026-05-21T09:00:33.299+0000] {logging_mixin.py:188} INFO - [2026-05-21T09:00:33.297+0000] {dagbag.py:545} INFO - Filling up the DagBag from /home/airflow/.local/lib/python3.12/site-packages/airflow/example_dags/plugins/workday.py
[2026-05-21T09:00:34.549+0000] {processor.py:842} WARNING - No viable dags retrieved from /home/airflow/.local/lib/python3.12/site-packages/airflow/example_dags/plugins/workday.py
[2026-05-21T09:00:34.582+0000] {processor.py:183} INFO - Processing /home/airflow/.local/lib/python3.12/site-packages/airflow/example_dags/plugins/workday.py took 1.364 seconds
[2026-05-21T09:01:04.759+0000] {processor.py:161} INFO - Started process (PID=7715) to work on /home/airflow/.local/lib/python3.12/site-packages/airflow/example_dags/plugins/workday.py
[2026-05-21T09:01:04.761+0000] {processor.py:830} INFO - Processing file /home/airflow/.local/lib/python3.12/site-packages/airflow/example_dags/plugins/workday.py for tasks to queue
[2026-05-21T09:01:04.767+0000] {logging_mixin.py:188} INFO - [2026-05-21T09:01:04.766+0000] {dagbag.py:545} INFO - Filling up the DagBag from /home/airflow/.local/lib/python3.12/site-packages/airflow/example_dags/plugins/workday.py
[2026-05-21T09:01:05.692+0000] {processor.py:842} WARNING - No viable dags retrieved from /home/airflow/.local/lib/python3.12/site-packages/airflow/example_dags/plugins/workday.py
[2026-05-21T09:01:05.730+0000] {processor.py:183} INFO - Processing /home/airflow/.local/lib/python3.12/site-packages/airflow/example_dags/plugins/workday.py took 0.987 seconds
[2026-05-21T09:01:36.104+0000] {processor.py:161} INFO - Started process (PID=7776) to work on /home/airflow/.local/lib/python3.12/site-packages/airflow/example_dags/plugins/workday.py
[2026-05-21T09:01:36.107+0000] {processor.py:830} INFO - Processing file /home/airflow/.local/lib/python3.12/site-packages/airflow/example_dags/plugins/workday.py for tasks to queue
[2026-05-21T09:01:36.112+0000] {logging_mixin.py:188} INFO - [2026-05-21T09:01:36.111+0000] {dagbag.py:545} INFO - Filling up the DagBag from /home/airflow/.local/lib/python3.12/site-packages/airflow/example_dags/plugins/workday.py
[2026-05-21T09:01:37.372+0000] {processor.py:842} WARNING - No viable dags retrieved from /home/airflow/.local/lib/python3.12/site-packages/airflow/example_dags/plugins/workday.py
[2026-05-21T09:01:37.409+0000] {processor.py:183} INFO - Processing /home/airflow/.local/lib/python3.12/site-packages/airflow/example_dags/plugins/workday.py took 1.319 seconds
[2026-05-21T09:02:07.788+0000] {processor.py:161} INFO - Started process (PID=7839) to work on /home/airflow/.local/lib/python3.12/site-packages/airflow/example_dags/plugins/workday.py
[2026-05-21T09:02:07.791+0000] {processor.py:830} INFO - Processing file /home/airflow/.local/lib/python3.12/site-packages/airflow/example_dags/plugins/workday.py for tasks to queue
[2026-05-21T09:02:07.797+0000] {logging_mixin.py:188} INFO - [2026-05-21T09:02:07.796+0000] {dagbag.py:545} INFO - Filling up the DagBag from /home/airflow/.local/lib/python3.12/site-packages/airflow/example_dags/plugins/workday.py
[2026-05-21T09:02:09.142+0000] {processor.py:842} WARNING - No viable dags retrieved from /home/airflow/.local/lib/python3.12/site-packages/airflow/example_dags/plugins/workday.py
[2026-05-21T09:02:09.179+0000] {processor.py:183} INFO - Processing /home/airflow/.local/lib/python3.12/site-packages/airflow/example_dags/plugins/workday.py took 1.407 seconds
[2026-05-21T09:02:42.024+0000] {processor.py:161} INFO - Started process (PID=7906) to work on /home/airflow/.local/lib/python3.12/site-packages/airflow/example_dags/plugins/workday.py
[2026-05-21T09:02:42.028+0000] {processor.py:830} INFO - Processing file /home/airflow/.local/lib/python3.12/site-packages/airflow/example_dags/plugins/workday.py for tasks to queue
[2026-05-21T09:02:42.037+0000] {logging_mixin.py:188} INFO - [2026-05-21T09:02:42.036+0000] {dagbag.py:545} INFO - Filling up the DagBag from /home/airflow/.local/lib/python3.12/site-packages/airflow/example_dags/plugins/workday.py
[2026-05-21T09:02:43.367+0000] {processor.py:842} WARNING - No viable dags retrieved from /home/airflow/.local/lib/python3.12/site-packages/airflow/example_dags/plugins/workday.py
[2026-05-21T09:02:43.406+0000] {processor.py:183} INFO - Processing /home/airflow/.local/lib/python3.12/site-packages/airflow/example_dags/plugins/workday.py took 1.405 seconds
[2026-05-21T09:03:14.267+0000] {processor.py:161} INFO - Started process (PID=7974) to work on /home/airflow/.local/lib/python3.12/site-packages/airflow/example_dags/plugins/workday.py
[2026-05-21T09:03:14.270+0000] {processor.py:830} INFO - Processing file /home/airflow/.local/lib/python3.12/site-packages/airflow/example_dags/plugins/workday.py for tasks to queue
[2026-05-21T09:03:14.277+0000] {logging_mixin.py:188} INFO - [2026-05-21T09:03:14.276+0000] {dagbag.py:545} INFO - Filling up the DagBag from /home/airflow/.local/lib/python3.12/site-packages/airflow/example_dags/plugins/workday.py
[2026-05-21T09:03:15.336+0000] {processor.py:842} WARNING - No viable dags retrieved from /home/airflow/.local/lib/python3.12/site-packages/airflow/example_dags/plugins/workday.py
[2026-05-21T09:03:15.384+0000] {processor.py:183} INFO - Processing /home/airflow/.local/lib/python3.12/site-packages/airflow/example_dags/plugins/workday.py took 1.136 seconds
[2026-05-21T09:03:46.207+0000] {processor.py:161} INFO - Started process (PID=8035) to work on /home/airflow/.local/lib/python3.12/site-packages/airflow/example_dags/plugins/workday.py
[2026-05-21T09:03:46.211+0000] {processor.py:830} INFO - Processing file /home/airflow/.local/lib/python3.12/site-packages/airflow/example_dags/plugins/workday.py for tasks to queue
[2026-05-21T09:03:46.219+0000] {logging_mixin.py:188} INFO - [2026-05-21T09:03:46.216+0000] {dagbag.py:545} INFO - Filling up the DagBag from /home/airflow/.local/lib/python3.12/site-packages/airflow/example_dags/plugins/workday.py
[2026-05-21T09:03:47.572+0000] {processor.py:842} WARNING - No viable dags retrieved from /home/airflow/.local/lib/python3.12/site-packages/airflow/example_dags/plugins/workday.py
[2026-05-21T09:03:47.602+0000] {processor.py:183} INFO - Processing /home/airflow/.local/lib/python3.12/site-packages/airflow/example_dags/plugins/workday.py took 1.432 seconds
[2026-05-21T09:04:17.995+0000] {processor.py:161} INFO - Started process (PID=8097) to work on /home/airflow/.local/lib/python3.12/site-packages/airflow/example_dags/plugins/workday.py
[2026-05-21T09:04:18.000+0000] {processor.py:830} INFO - Processing file /home/airflow/.local/lib/python3.12/site-packages/airflow/example_dags/plugins/workday.py for tasks to queue
[2026-05-21T09:04:18.009+0000] {logging_mixin.py:188} INFO - [2026-05-21T09:04:18.007+0000] {dagbag.py:545} INFO - Filling up the DagBag from /home/airflow/.local/lib/python3.12/site-packages/airflow/example_dags/plugins/workday.py
[2026-05-21T09:04:19.331+0000] {processor.py:842} WARNING - No viable dags retrieved from /home/airflow/.local/lib/python3.12/site-packages/airflow/example_dags/plugins/workday.py
[2026-05-21T09:04:19.374+0000] {processor.py:183} INFO - Processing /home/airflow/.local/lib/python3.12/site-packages/airflow/example_dags/plugins/workday.py took 1.400 seconds
[2026-05-21T09:04:50.478+0000] {processor.py:161} INFO - Started process (PID=8161) to work on /home/airflow/.local/lib/python3.12/site-packages/airflow/example_dags/plugins/workday.py
[2026-05-21T09:04:50.483+0000] {processor.py:830} INFO - Processing file /home/airflow/.local/lib/python3.12/site-packages/airflow/example_dags/plugins/workday.py for tasks to queue
[2026-05-21T09:04:50.498+0000] {logging_mixin.py:188} INFO - [2026-05-21T09:04:50.498+0000] {dagbag.py:545} INFO - Filling up the DagBag from /home/airflow/.local/lib/python3.12/site-packages/airflow/example_dags/plugins/workday.py
[2026-05-21T09:04:52.041+0000] {processor.py:842} WARNING - No viable dags retrieved from /home/airflow/.local/lib/python3.12/site-packages/airflow/example_dags/plugins/workday.py
[2026-05-21T09:04:52.181+0000] {processor.py:183} INFO - Processing /home/airflow/.local/lib/python3.12/site-packages/airflow/example_dags/plugins/workday.py took 1.730 seconds
[2026-05-21T09:05:22.364+0000] {processor.py:161} INFO - Started process (PID=8222) to work on /home/airflow/.local/lib/python3.12/site-packages/airflow/example_dags/plugins/workday.py
[2026-05-21T09:05:22.367+0000] {processor.py:830} INFO - Processing file /home/airflow/.local/lib/python3.12/site-packages/airflow/example_dags/plugins/workday.py for tasks to queue
[2026-05-21T09:05:22.372+0000] {logging_mixin.py:188} INFO - [2026-05-21T09:05:22.371+0000] {dagbag.py:545} INFO - Filling up the DagBag from /home/airflow/.local/lib/python3.12/site-packages/airflow/example_dags/plugins/workday.py
[2026-05-21T09:05:23.356+0000] {processor.py:842} WARNING - No viable dags retrieved from /home/airflow/.local/lib/python3.12/site-packages/airflow/example_dags/plugins/workday.py
[2026-05-21T09:05:23.410+0000] {processor.py:183} INFO - Processing /home/airflow/.local/lib/python3.12/site-packages/airflow/example_dags/plugins/workday.py took 1.064 seconds
[2026-05-21T09:05:53.749+0000] {processor.py:161} INFO - Started process (PID=8283) to work on /home/airflow/.local/lib/python3.12/site-packages/airflow/example_dags/plugins/workday.py
[2026-05-21T09:05:53.753+0000] {processor.py:830} INFO - Processing file /home/airflow/.local/lib/python3.12/site-packages/airflow/example_dags/plugins/workday.py for tasks to queue
[2026-05-21T09:05:53.761+0000] {logging_mixin.py:188} INFO - [2026-05-21T09:05:53.760+0000] {dagbag.py:545} INFO - Filling up the DagBag from /home/airflow/.local/lib/python3.12/site-packages/airflow/example_dags/plugins/workday.py
[2026-05-21T09:05:54.687+0000] {processor.py:842} WARNING - No viable dags retrieved from /home/airflow/.local/lib/python3.12/site-packages/airflow/example_dags/plugins/workday.py
[2026-05-21T09:05:54.734+0000] {processor.py:183} INFO - Processing /home/airflow/.local/lib/python3.12/site-packages/airflow/example_dags/plugins/workday.py took 1.006 seconds
[2026-05-21T09:06:25.665+0000] {processor.py:161} INFO - Started process (PID=8344) to work on /home/airflow/.local/lib/python3.12/site-packages/airflow/example_dags/plugins/workday.py
[2026-05-21T09:06:25.668+0000] {processor.py:830} INFO - Processing file /home/airflow/.local/lib/python3.12/site-packages/airflow/example_dags/plugins/workday.py for tasks to queue
[2026-05-21T09:06:25.673+0000] {logging_mixin.py:188} INFO - [2026-05-21T09:06:25.672+0000] {dagbag.py:545} INFO - Filling up the DagBag from /home/airflow/.local/lib/python3.12/site-packages/airflow/example_dags/plugins/workday.py
[2026-05-21T09:06:26.442+0000] {processor.py:842} WARNING - No viable dags retrieved from /home/airflow/.local/lib/python3.12/site-packages/airflow/example_dags/plugins/workday.py
[2026-05-21T09:06:26.473+0000] {processor.py:183} INFO - Processing /home/airflow/.local/lib/python3.12/site-packages/airflow/example_dags/plugins/workday.py took 0.823 seconds
[2026-05-21T09:06:57.278+0000] {processor.py:161} INFO - Started process (PID=8406) to work on /home/airflow/.local/lib/python3.12/site-packages/airflow/example_dags/plugins/workday.py
[2026-05-21T09:06:57.282+0000] {processor.py:830} INFO - Processing file /home/airflow/.local/lib/python3.12/site-packages/airflow/example_dags/plugins/workday.py for tasks to queue
[2026-05-21T09:06:57.288+0000] {logging_mixin.py:188} INFO - [2026-05-21T09:06:57.287+0000] {dagbag.py:545} INFO - Filling up the DagBag from /home/airflow/.local/lib/python3.12/site-packages/airflow/example_dags/plugins/workday.py
[2026-05-21T09:06:58.320+0000] {processor.py:842} WARNING - No viable dags retrieved from /home/airflow/.local/lib/python3.12/site-packages/airflow/example_dags/plugins/workday.py
[2026-05-21T09:06:58.400+0000] {processor.py:183} INFO - Processing /home/airflow/.local/lib/python3.12/site-packages/airflow/example_dags/plugins/workday.py took 1.145 seconds
[2026-05-21T09:07:28.908+0000] {processor.py:161} INFO - Started process (PID=8467) to work on /home/airflow/.local/lib/python3.12/site-packages/airflow/example_dags/plugins/workday.py
[2026-05-21T09:07:28.911+0000] {processor.py:830} INFO - Processing file /home/airflow/.local/lib/python3.12/site-packages/airflow/example_dags/plugins/workday.py for tasks to queue
[2026-05-21T09:07:28.918+0000] {logging_mixin.py:188} INFO - [2026-05-21T09:07:28.917+0000] {dagbag.py:545} INFO - Filling up the DagBag from /home/airflow/.local/lib/python3.12/site-packages/airflow/example_dags/plugins/workday.py
[2026-05-21T09:07:29.870+0000] {processor.py:842} WARNING - No viable dags retrieved from /home/airflow/.local/lib/python3.12/site-packages/airflow/example_dags/plugins/workday.py
[2026-05-21T09:07:29.930+0000] {processor.py:183} INFO - Processing /home/airflow/.local/lib/python3.12/site-packages/airflow/example_dags/plugins/workday.py took 1.038 seconds
[2026-05-21T11:07:50.277+0000] {processor.py:161} INFO - Started process (PID=8560) to work on /home/airflow/.local/lib/python3.12/site-packages/airflow/example_dags/plugins/workday.py
[2026-05-21T11:07:50.284+0000] {processor.py:830} INFO - Processing file /home/airflow/.local/lib/python3.12/site-packages/airflow/example_dags/plugins/workday.py for tasks to queue
[2026-05-21T11:07:50.296+0000] {logging_mixin.py:188} INFO - [2026-05-21T11:07:50.293+0000] {dagbag.py:545} INFO - Filling up the DagBag from /home/airflow/.local/lib/python3.12/site-packages/airflow/example_dags/plugins/workday.py
[2026-05-21T11:07:51.168+0000] {processor.py:842} WARNING - No viable dags retrieved from /home/airflow/.local/lib/python3.12/site-packages/airflow/example_dags/plugins/workday.py
[2026-05-21T11:07:51.200+0000] {processor.py:183} INFO - Processing /home/airflow/.local/lib/python3.12/site-packages/airflow/example_dags/plugins/workday.py took 0.951 seconds
[2026-05-21T11:08:26.968+0000] {processor.py:161} INFO - Started process (PID=8628) to work on /home/airflow/.local/lib/python3.12/site-packages/airflow/example_dags/plugins/workday.py
[2026-05-21T11:08:26.972+0000] {processor.py:830} INFO - Processing file /home/airflow/.local/lib/python3.12/site-packages/airflow/example_dags/plugins/workday.py for tasks to queue
[2026-05-21T11:08:26.978+0000] {logging_mixin.py:188} INFO - [2026-05-21T11:08:26.977+0000] {dagbag.py:545} INFO - Filling up the DagBag from /home/airflow/.local/lib/python3.12/site-packages/airflow/example_dags/plugins/workday.py
[2026-05-21T11:08:27.710+0000] {processor.py:842} WARNING - No viable dags retrieved from /home/airflow/.local/lib/python3.12/site-packages/airflow/example_dags/plugins/workday.py
[2026-05-21T11:08:27.745+0000] {processor.py:183} INFO - Processing /home/airflow/.local/lib/python3.12/site-packages/airflow/example_dags/plugins/workday.py took 0.795 seconds
[2026-05-21T11:08:58.538+0000] {processor.py:161} INFO - Started process (PID=8689) to work on /home/airflow/.local/lib/python3.12/site-packages/airflow/example_dags/plugins/workday.py
[2026-05-21T11:08:58.542+0000] {processor.py:830} INFO - Processing file /home/airflow/.local/lib/python3.12/site-packages/airflow/example_dags/plugins/workday.py for tasks to queue
[2026-05-21T11:08:58.549+0000] {logging_mixin.py:188} INFO - [2026-05-21T11:08:58.548+0000] {dagbag.py:545} INFO - Filling up the DagBag from /home/airflow/.local/lib/python3.12/site-packages/airflow/example_dags/plugins/workday.py
[2026-05-21T11:08:59.508+0000] {processor.py:842} WARNING - No viable dags retrieved from /home/airflow/.local/lib/python3.12/site-packages/airflow/example_dags/plugins/workday.py
[2026-05-21T11:08:59.554+0000] {processor.py:183} INFO - Processing /home/airflow/.local/lib/python3.12/site-packages/airflow/example_dags/plugins/workday.py took 1.045 seconds
[2026-05-21T11:09:31.484+0000] {processor.py:161} INFO - Started process (PID=8747) to work on /home/airflow/.local/lib/python3.12/site-packages/airflow/example_dags/plugins/workday.py
[2026-05-21T11:09:31.491+0000] {processor.py:830} INFO - Processing file /home/airflow/.local/lib/python3.12/site-packages/airflow/example_dags/plugins/workday.py for tasks to queue
[2026-05-21T11:09:31.516+0000] {logging_mixin.py:188} INFO - [2026-05-21T11:09:31.513+0000] {dagbag.py:545} INFO - Filling up the DagBag from /home/airflow/.local/lib/python3.12/site-packages/airflow/example_dags/plugins/workday.py
[2026-05-21T11:09:32.534+0000] {processor.py:842} WARNING - No viable dags retrieved from /home/airflow/.local/lib/python3.12/site-packages/airflow/example_dags/plugins/workday.py
[2026-05-21T11:09:32.561+0000] {processor.py:183} INFO - Processing /home/airflow/.local/lib/python3.12/site-packages/airflow/example_dags/plugins/workday.py took 1.142 seconds
[2026-05-21T11:10:03.788+0000] {processor.py:161} INFO - Started process (PID=8808) to work on /home/airflow/.local/lib/python3.12/site-packages/airflow/example_dags/plugins/workday.py
[2026-05-21T11:10:03.792+0000] {processor.py:830} INFO - Processing file /home/airflow/.local/lib/python3.12/site-packages/airflow/example_dags/plugins/workday.py for tasks to queue
[2026-05-21T11:10:03.798+0000] {logging_mixin.py:188} INFO - [2026-05-21T11:10:03.797+0000] {dagbag.py:545} INFO - Filling up the DagBag from /home/airflow/.local/lib/python3.12/site-packages/airflow/example_dags/plugins/workday.py
[2026-05-21T11:10:04.913+0000] {processor.py:842} WARNING - No viable dags retrieved from /home/airflow/.local/lib/python3.12/site-packages/airflow/example_dags/plugins/workday.py
[2026-05-21T11:10:04.961+0000] {processor.py:183} INFO - Processing /home/airflow/.local/lib/python3.12/site-packages/airflow/example_dags/plugins/workday.py took 1.190 seconds
[2026-05-21T11:10:35.437+0000] {processor.py:161} INFO - Started process (PID=8868) to work on /home/airflow/.local/lib/python3.12/site-packages/airflow/example_dags/plugins/workday.py
[2026-05-21T11:10:35.440+0000] {processor.py:830} INFO - Processing file /home/airflow/.local/lib/python3.12/site-packages/airflow/example_dags/plugins/workday.py for tasks to queue
[2026-05-21T11:10:35.447+0000] {logging_mixin.py:188} INFO - [2026-05-21T11:10:35.446+0000] {dagbag.py:545} INFO - Filling up the DagBag from /home/airflow/.local/lib/python3.12/site-packages/airflow/example_dags/plugins/workday.py
[2026-05-21T11:10:36.365+0000] {processor.py:842} WARNING - No viable dags retrieved from /home/airflow/.local/lib/python3.12/site-packages/airflow/example_dags/plugins/workday.py
[2026-05-21T11:10:36.416+0000] {processor.py:183} INFO - Processing /home/airflow/.local/lib/python3.12/site-packages/airflow/example_dags/plugins/workday.py took 0.995 seconds
[2026-05-21T11:11:07.198+0000] {processor.py:161} INFO - Started process (PID=8931) to work on /home/airflow/.local/lib/python3.12/site-packages/airflow/example_dags/plugins/workday.py
[2026-05-21T11:11:07.203+0000] {processor.py:830} INFO - Processing file /home/airflow/.local/lib/python3.12/site-packages/airflow/example_dags/plugins/workday.py for tasks to queue
[2026-05-21T11:11:07.211+0000] {logging_mixin.py:188} INFO - [2026-05-21T11:11:07.210+0000] {dagbag.py:545} INFO - Filling up the DagBag from /home/airflow/.local/lib/python3.12/site-packages/airflow/example_dags/plugins/workday.py
[2026-05-21T11:11:07.958+0000] {processor.py:842} WARNING - No viable dags retrieved from /home/airflow/.local/lib/python3.12/site-packages/airflow/example_dags/plugins/workday.py
[2026-05-21T11:11:07.993+0000] {processor.py:183} INFO - Processing /home/airflow/.local/lib/python3.12/site-packages/airflow/example_dags/plugins/workday.py took 0.821 seconds
[2026-05-21T11:11:38.820+0000] {processor.py:161} INFO - Started process (PID=8992) to work on /home/airflow/.local/lib/python3.12/site-packages/airflow/example_dags/plugins/workday.py
[2026-05-21T11:11:38.823+0000] {processor.py:830} INFO - Processing file /home/airflow/.local/lib/python3.12/site-packages/airflow/example_dags/plugins/workday.py for tasks to queue
[2026-05-21T11:11:38.831+0000] {logging_mixin.py:188} INFO - [2026-05-21T11:11:38.829+0000] {dagbag.py:545} INFO - Filling up the DagBag from /home/airflow/.local/lib/python3.12/site-packages/airflow/example_dags/plugins/workday.py
[2026-05-21T11:11:39.657+0000] {processor.py:842} WARNING - No viable dags retrieved from /home/airflow/.local/lib/python3.12/site-packages/airflow/example_dags/plugins/workday.py
[2026-05-21T11:11:39.689+0000] {processor.py:183} INFO - Processing /home/airflow/.local/lib/python3.12/site-packages/airflow/example_dags/plugins/workday.py took 0.888 seconds
[2026-05-21T11:12:15.647+0000] {processor.py:161} INFO - Started process (PID=9061) to work on /home/airflow/.local/lib/python3.12/site-packages/airflow/example_dags/plugins/workday.py
[2026-05-21T11:12:15.650+0000] {processor.py:830} INFO - Processing file /home/airflow/.local/lib/python3.12/site-packages/airflow/example_dags/plugins/workday.py for tasks to queue
[2026-05-21T11:12:15.658+0000] {logging_mixin.py:188} INFO - [2026-05-21T11:12:15.657+0000] {dagbag.py:545} INFO - Filling up the DagBag from /home/airflow/.local/lib/python3.12/site-packages/airflow/example_dags/plugins/workday.py
[2026-05-21T11:12:16.462+0000] {processor.py:842} WARNING - No viable dags retrieved from /home/airflow/.local/lib/python3.12/site-packages/airflow/example_dags/plugins/workday.py
[2026-05-21T11:12:16.488+0000] {processor.py:183} INFO - Processing /home/airflow/.local/lib/python3.12/site-packages/airflow/example_dags/plugins/workday.py took 0.859 seconds
[2026-05-21T11:12:49.218+0000] {processor.py:161} INFO - Started process (PID=9123) to work on /home/airflow/.local/lib/python3.12/site-packages/airflow/example_dags/plugins/workday.py
[2026-05-21T11:12:49.222+0000] {processor.py:830} INFO - Processing file /home/airflow/.local/lib/python3.12/site-packages/airflow/example_dags/plugins/workday.py for tasks to queue
[2026-05-21T11:12:49.228+0000] {logging_mixin.py:188} INFO - [2026-05-21T11:12:49.227+0000] {dagbag.py:545} INFO - Filling up the DagBag from /home/airflow/.local/lib/python3.12/site-packages/airflow/example_dags/plugins/workday.py
[2026-05-21T11:12:50.923+0000] {processor.py:842} WARNING - No viable dags retrieved from /home/airflow/.local/lib/python3.12/site-packages/airflow/example_dags/plugins/workday.py
[2026-05-21T11:12:50.960+0000] {processor.py:183} INFO - Processing /home/airflow/.local/lib/python3.12/site-packages/airflow/example_dags/plugins/workday.py took 1.761 seconds
[2026-05-21T11:13:23.884+0000] {processor.py:161} INFO - Started process (PID=9190) to work on /home/airflow/.local/lib/python3.12/site-packages/airflow/example_dags/plugins/workday.py
[2026-05-21T11:13:23.888+0000] {processor.py:830} INFO - Processing file /home/airflow/.local/lib/python3.12/site-packages/airflow/example_dags/plugins/workday.py for tasks to queue
[2026-05-21T11:13:23.896+0000] {logging_mixin.py:188} INFO - [2026-05-21T11:13:23.895+0000] {dagbag.py:545} INFO - Filling up the DagBag from /home/airflow/.local/lib/python3.12/site-packages/airflow/example_dags/plugins/workday.py
[2026-05-21T11:13:25.032+0000] {processor.py:842} WARNING - No viable dags retrieved from /home/airflow/.local/lib/python3.12/site-packages/airflow/example_dags/plugins/workday.py
[2026-05-21T11:13:25.080+0000] {processor.py:183} INFO - Processing /home/airflow/.local/lib/python3.12/site-packages/airflow/example_dags/plugins/workday.py took 1.226 seconds
[2026-05-21T11:13:56.530+0000] {processor.py:161} INFO - Started process (PID=9256) to work on /home/airflow/.local/lib/python3.12/site-packages/airflow/example_dags/plugins/workday.py
[2026-05-21T11:13:56.533+0000] {processor.py:830} INFO - Processing file /home/airflow/.local/lib/python3.12/site-packages/airflow/example_dags/plugins/workday.py for tasks to queue
[2026-05-21T11:13:56.541+0000] {logging_mixin.py:188} INFO - [2026-05-21T11:13:56.541+0000] {dagbag.py:545} INFO - Filling up the DagBag from /home/airflow/.local/lib/python3.12/site-packages/airflow/example_dags/plugins/workday.py
[2026-05-21T11:13:57.789+0000] {processor.py:842} WARNING - No viable dags retrieved from /home/airflow/.local/lib/python3.12/site-packages/airflow/example_dags/plugins/workday.py
[2026-05-21T11:13:57.841+0000] {processor.py:183} INFO - Processing /home/airflow/.local/lib/python3.12/site-packages/airflow/example_dags/plugins/workday.py took 1.330 seconds
[2026-05-21T11:14:28.576+0000] {processor.py:161} INFO - Started process (PID=9317) to work on /home/airflow/.local/lib/python3.12/site-packages/airflow/example_dags/plugins/workday.py
[2026-05-21T11:14:28.584+0000] {processor.py:830} INFO - Processing file /home/airflow/.local/lib/python3.12/site-packages/airflow/example_dags/plugins/workday.py for tasks to queue
[2026-05-21T11:14:28.593+0000] {logging_mixin.py:188} INFO - [2026-05-21T11:14:28.591+0000] {dagbag.py:545} INFO - Filling up the DagBag from /home/airflow/.local/lib/python3.12/site-packages/airflow/example_dags/plugins/workday.py
[2026-05-21T11:14:29.771+0000] {processor.py:842} WARNING - No viable dags retrieved from /home/airflow/.local/lib/python3.12/site-packages/airflow/example_dags/plugins/workday.py
[2026-05-21T11:14:29.806+0000] {processor.py:183} INFO - Processing /home/airflow/.local/lib/python3.12/site-packages/airflow/example_dags/plugins/workday.py took 1.258 seconds
[2026-05-21T11:15:00.403+0000] {processor.py:161} INFO - Started process (PID=9379) to work on /home/airflow/.local/lib/python3.12/site-packages/airflow/example_dags/plugins/workday.py
[2026-05-21T11:15:00.414+0000] {processor.py:830} INFO - Processing file /home/airflow/.local/lib/python3.12/site-packages/airflow/example_dags/plugins/workday.py for tasks to queue
[2026-05-21T11:15:00.426+0000] {logging_mixin.py:188} INFO - [2026-05-21T11:15:00.424+0000] {dagbag.py:545} INFO - Filling up the DagBag from /home/airflow/.local/lib/python3.12/site-packages/airflow/example_dags/plugins/workday.py
[2026-05-21T11:15:01.403+0000] {processor.py:842} WARNING - No viable dags retrieved from /home/airflow/.local/lib/python3.12/site-packages/airflow/example_dags/plugins/workday.py
[2026-05-21T11:15:01.441+0000] {processor.py:183} INFO - Processing /home/airflow/.local/lib/python3.12/site-packages/airflow/example_dags/plugins/workday.py took 1.075 seconds
[2026-05-21T11:15:37.814+0000] {processor.py:161} INFO - Started process (PID=9444) to work on /home/airflow/.local/lib/python3.12/site-packages/airflow/example_dags/plugins/workday.py
[2026-05-21T11:15:37.817+0000] {processor.py:830} INFO - Processing file /home/airflow/.local/lib/python3.12/site-packages/airflow/example_dags/plugins/workday.py for tasks to queue
[2026-05-21T11:15:37.826+0000] {logging_mixin.py:188} INFO - [2026-05-21T11:15:37.824+0000] {dagbag.py:545} INFO - Filling up the DagBag from /home/airflow/.local/lib/python3.12/site-packages/airflow/example_dags/plugins/workday.py
[2026-05-21T11:15:39.030+0000] {processor.py:842} WARNING - No viable dags retrieved from /home/airflow/.local/lib/python3.12/site-packages/airflow/example_dags/plugins/workday.py
[2026-05-21T11:15:39.064+0000] {processor.py:183} INFO - Processing /home/airflow/.local/lib/python3.12/site-packages/airflow/example_dags/plugins/workday.py took 1.266 seconds
[2026-05-21T11:16:12.727+0000] {processor.py:161} INFO - Started process (PID=9503) to work on /home/airflow/.local/lib/python3.12/site-packages/airflow/example_dags/plugins/workday.py
[2026-05-21T11:16:12.734+0000] {processor.py:830} INFO - Processing file /home/airflow/.local/lib/python3.12/site-packages/airflow/example_dags/plugins/workday.py for tasks to queue
[2026-05-21T11:16:12.742+0000] {logging_mixin.py:188} INFO - [2026-05-21T11:16:12.740+0000] {dagbag.py:545} INFO - Filling up the DagBag from /home/airflow/.local/lib/python3.12/site-packages/airflow/example_dags/plugins/workday.py
[2026-05-21T11:16:14.207+0000] {processor.py:842} WARNING - No viable dags retrieved from /home/airflow/.local/lib/python3.12/site-packages/airflow/example_dags/plugins/workday.py
[2026-05-21T11:16:14.256+0000] {processor.py:183} INFO - Processing /home/airflow/.local/lib/python3.12/site-packages/airflow/example_dags/plugins/workday.py took 1.551 seconds
[2026-05-21T11:16:45.145+0000] {processor.py:161} INFO - Started process (PID=9572) to work on /home/airflow/.local/lib/python3.12/site-packages/airflow/example_dags/plugins/workday.py
[2026-05-21T11:16:45.153+0000] {processor.py:830} INFO - Processing file /home/airflow/.local/lib/python3.12/site-packages/airflow/example_dags/plugins/workday.py for tasks to queue
[2026-05-21T11:16:45.166+0000] {logging_mixin.py:188} INFO - [2026-05-21T11:16:45.165+0000] {dagbag.py:545} INFO - Filling up the DagBag from /home/airflow/.local/lib/python3.12/site-packages/airflow/example_dags/plugins/workday.py
[2026-05-21T11:16:46.016+0000] {processor.py:842} WARNING - No viable dags retrieved from /home/airflow/.local/lib/python3.12/site-packages/airflow/example_dags/plugins/workday.py
[2026-05-21T11:16:46.054+0000] {processor.py:183} INFO - Processing /home/airflow/.local/lib/python3.12/site-packages/airflow/example_dags/plugins/workday.py took 0.933 seconds
[2026-05-21T11:17:16.284+0000] {processor.py:161} INFO - Started process (PID=9631) to work on /home/airflow/.local/lib/python3.12/site-packages/airflow/example_dags/plugins/workday.py
[2026-05-21T11:17:16.295+0000] {processor.py:830} INFO - Processing file /home/airflow/.local/lib/python3.12/site-packages/airflow/example_dags/plugins/workday.py for tasks to queue
[2026-05-21T11:17:16.302+0000] {logging_mixin.py:188} INFO - [2026-05-21T11:17:16.301+0000] {dagbag.py:545} INFO - Filling up the DagBag from /home/airflow/.local/lib/python3.12/site-packages/airflow/example_dags/plugins/workday.py
[2026-05-21T11:17:18.602+0000] {processor.py:842} WARNING - No viable dags retrieved from /home/airflow/.local/lib/python3.12/site-packages/airflow/example_dags/plugins/workday.py
[2026-05-21T11:17:18.663+0000] {processor.py:183} INFO - Processing /home/airflow/.local/lib/python3.12/site-packages/airflow/example_dags/plugins/workday.py took 2.406 seconds
[2026-05-21T11:17:48.831+0000] {processor.py:161} INFO - Started process (PID=9692) to work on /home/airflow/.local/lib/python3.12/site-packages/airflow/example_dags/plugins/workday.py
[2026-05-21T11:17:48.834+0000] {processor.py:830} INFO - Processing file /home/airflow/.local/lib/python3.12/site-packages/airflow/example_dags/plugins/workday.py for tasks to queue
[2026-05-21T11:17:48.840+0000] {logging_mixin.py:188} INFO - [2026-05-21T11:17:48.839+0000] {dagbag.py:545} INFO - Filling up the DagBag from /home/airflow/.local/lib/python3.12/site-packages/airflow/example_dags/plugins/workday.py
[2026-05-21T11:17:49.963+0000] {processor.py:842} WARNING - No viable dags retrieved from /home/airflow/.local/lib/python3.12/site-packages/airflow/example_dags/plugins/workday.py
[2026-05-21T11:17:50.023+0000] {processor.py:183} INFO - Processing /home/airflow/.local/lib/python3.12/site-packages/airflow/example_dags/plugins/workday.py took 1.208 seconds
[2026-05-21T11:18:20.737+0000] {processor.py:161} INFO - Started process (PID=9753) to work on /home/airflow/.local/lib/python3.12/site-packages/airflow/example_dags/plugins/workday.py
[2026-05-21T11:18:20.741+0000] {processor.py:830} INFO - Processing file /home/airflow/.local/lib/python3.12/site-packages/airflow/example_dags/plugins/workday.py for tasks to queue
[2026-05-21T11:18:20.751+0000] {logging_mixin.py:188} INFO - [2026-05-21T11:18:20.748+0000] {dagbag.py:545} INFO - Filling up the DagBag from /home/airflow/.local/lib/python3.12/site-packages/airflow/example_dags/plugins/workday.py
[2026-05-21T11:18:21.695+0000] {processor.py:842} WARNING - No viable dags retrieved from /home/airflow/.local/lib/python3.12/site-packages/airflow/example_dags/plugins/workday.py
[2026-05-21T11:18:21.749+0000] {processor.py:183} INFO - Processing /home/airflow/.local/lib/python3.12/site-packages/airflow/example_dags/plugins/workday.py took 1.041 seconds
[2026-05-21T11:18:52.173+0000] {processor.py:161} INFO - Started process (PID=9813) to work on /home/airflow/.local/lib/python3.12/site-packages/airflow/example_dags/plugins/workday.py
[2026-05-21T11:18:52.177+0000] {processor.py:830} INFO - Processing file /home/airflow/.local/lib/python3.12/site-packages/airflow/example_dags/plugins/workday.py for tasks to queue
[2026-05-21T11:18:52.186+0000] {logging_mixin.py:188} INFO - [2026-05-21T11:18:52.184+0000] {dagbag.py:545} INFO - Filling up the DagBag from /home/airflow/.local/lib/python3.12/site-packages/airflow/example_dags/plugins/workday.py
[2026-05-21T11:18:52.988+0000] {processor.py:842} WARNING - No viable dags retrieved from /home/airflow/.local/lib/python3.12/site-packages/airflow/example_dags/plugins/workday.py
[2026-05-21T11:18:53.030+0000] {processor.py:183} INFO - Processing /home/airflow/.local/lib/python3.12/site-packages/airflow/example_dags/plugins/workday.py took 0.878 seconds
[2026-05-21T11:19:23.369+0000] {processor.py:161} INFO - Started process (PID=9873) to work on /home/airflow/.local/lib/python3.12/site-packages/airflow/example_dags/plugins/workday.py
[2026-05-21T11:19:23.372+0000] {processor.py:830} INFO - Processing file /home/airflow/.local/lib/python3.12/site-packages/airflow/example_dags/plugins/workday.py for tasks to queue
[2026-05-21T11:19:23.378+0000] {logging_mixin.py:188} INFO - [2026-05-21T11:19:23.377+0000] {dagbag.py:545} INFO - Filling up the DagBag from /home/airflow/.local/lib/python3.12/site-packages/airflow/example_dags/plugins/workday.py
[2026-05-21T11:19:24.566+0000] {processor.py:842} WARNING - No viable dags retrieved from /home/airflow/.local/lib/python3.12/site-packages/airflow/example_dags/plugins/workday.py
[2026-05-21T11:19:24.623+0000] {processor.py:183} INFO - Processing /home/airflow/.local/lib/python3.12/site-packages/airflow/example_dags/plugins/workday.py took 1.282 seconds
[2026-05-21T11:19:54.953+0000] {processor.py:161} INFO - Started process (PID=9936) to work on /home/airflow/.local/lib/python3.12/site-packages/airflow/example_dags/plugins/workday.py
[2026-05-21T11:19:54.963+0000] {processor.py:830} INFO - Processing file /home/airflow/.local/lib/python3.12/site-packages/airflow/example_dags/plugins/workday.py for tasks to queue
[2026-05-21T11:19:54.973+0000] {logging_mixin.py:188} INFO - [2026-05-21T11:19:54.971+0000] {dagbag.py:545} INFO - Filling up the DagBag from /home/airflow/.local/lib/python3.12/site-packages/airflow/example_dags/plugins/workday.py
[2026-05-21T11:19:56.598+0000] {processor.py:842} WARNING - No viable dags retrieved from /home/airflow/.local/lib/python3.12/site-packages/airflow/example_dags/plugins/workday.py
[2026-05-21T11:19:56.646+0000] {processor.py:183} INFO - Processing /home/airflow/.local/lib/python3.12/site-packages/airflow/example_dags/plugins/workday.py took 1.718 seconds
[2026-05-21T11:20:27.476+0000] {processor.py:161} INFO - Started process (PID=9997) to work on /home/airflow/.local/lib/python3.12/site-packages/airflow/example_dags/plugins/workday.py
[2026-05-21T11:20:27.489+0000] {processor.py:830} INFO - Processing file /home/airflow/.local/lib/python3.12/site-packages/airflow/example_dags/plugins/workday.py for tasks to queue
[2026-05-21T11:20:27.519+0000] {logging_mixin.py:188} INFO - [2026-05-21T11:20:27.502+0000] {dagbag.py:545} INFO - Filling up the DagBag from /home/airflow/.local/lib/python3.12/site-packages/airflow/example_dags/plugins/workday.py
[2026-05-21T11:20:29.227+0000] {processor.py:842} WARNING - No viable dags retrieved from /home/airflow/.local/lib/python3.12/site-packages/airflow/example_dags/plugins/workday.py
[2026-05-21T11:20:29.258+0000] {processor.py:183} INFO - Processing /home/airflow/.local/lib/python3.12/site-packages/airflow/example_dags/plugins/workday.py took 1.854 seconds
[2026-05-21T11:20:59.940+0000] {processor.py:161} INFO - Started process (PID=10060) to work on /home/airflow/.local/lib/python3.12/site-packages/airflow/example_dags/plugins/workday.py
[2026-05-21T11:20:59.942+0000] {processor.py:830} INFO - Processing file /home/airflow/.local/lib/python3.12/site-packages/airflow/example_dags/plugins/workday.py for tasks to queue
[2026-05-21T11:20:59.946+0000] {logging_mixin.py:188} INFO - [2026-05-21T11:20:59.946+0000] {dagbag.py:545} INFO - Filling up the DagBag from /home/airflow/.local/lib/python3.12/site-packages/airflow/example_dags/plugins/workday.py
[2026-05-21T11:21:01.666+0000] {processor.py:842} WARNING - No viable dags retrieved from /home/airflow/.local/lib/python3.12/site-packages/airflow/example_dags/plugins/workday.py
[2026-05-21T11:21:01.724+0000] {processor.py:183} INFO - Processing /home/airflow/.local/lib/python3.12/site-packages/airflow/example_dags/plugins/workday.py took 1.798 seconds
[2026-05-21T11:21:40.758+0000] {processor.py:161} INFO - Started process (PID=10125) to work on /home/airflow/.local/lib/python3.12/site-packages/airflow/example_dags/plugins/workday.py
[2026-05-21T11:21:40.762+0000] {processor.py:830} INFO - Processing file /home/airflow/.local/lib/python3.12/site-packages/airflow/example_dags/plugins/workday.py for tasks to queue
[2026-05-21T11:21:40.766+0000] {logging_mixin.py:188} INFO - [2026-05-21T11:21:40.765+0000] {dagbag.py:545} INFO - Filling up the DagBag from /home/airflow/.local/lib/python3.12/site-packages/airflow/example_dags/plugins/workday.py
[2026-05-21T11:21:42.212+0000] {processor.py:842} WARNING - No viable dags retrieved from /home/airflow/.local/lib/python3.12/site-packages/airflow/example_dags/plugins/workday.py
[2026-05-21T11:21:42.277+0000] {processor.py:183} INFO - Processing /home/airflow/.local/lib/python3.12/site-packages/airflow/example_dags/plugins/workday.py took 1.537 seconds
[2026-05-21T11:22:12.623+0000] {processor.py:161} INFO - Started process (PID=10186) to work on /home/airflow/.local/lib/python3.12/site-packages/airflow/example_dags/plugins/workday.py
[2026-05-21T11:22:12.627+0000] {processor.py:830} INFO - Processing file /home/airflow/.local/lib/python3.12/site-packages/airflow/example_dags/plugins/workday.py for tasks to queue
[2026-05-21T11:22:12.633+0000] {logging_mixin.py:188} INFO - [2026-05-21T11:22:12.632+0000] {dagbag.py:545} INFO - Filling up the DagBag from /home/airflow/.local/lib/python3.12/site-packages/airflow/example_dags/plugins/workday.py
[2026-05-21T11:22:13.642+0000] {processor.py:842} WARNING - No viable dags retrieved from /home/airflow/.local/lib/python3.12/site-packages/airflow/example_dags/plugins/workday.py
[2026-05-21T11:22:13.683+0000] {processor.py:183} INFO - Processing /home/airflow/.local/lib/python3.12/site-packages/airflow/example_dags/plugins/workday.py took 1.080 seconds
[2026-05-21T11:22:51.678+0000] {processor.py:161} INFO - Started process (PID=10264) to work on /home/airflow/.local/lib/python3.12/site-packages/airflow/example_dags/plugins/workday.py
[2026-05-21T11:22:51.682+0000] {processor.py:830} INFO - Processing file /home/airflow/.local/lib/python3.12/site-packages/airflow/example_dags/plugins/workday.py for tasks to queue
[2026-05-21T11:22:51.690+0000] {logging_mixin.py:188} INFO - [2026-05-21T11:22:51.689+0000] {dagbag.py:545} INFO - Filling up the DagBag from /home/airflow/.local/lib/python3.12/site-packages/airflow/example_dags/plugins/workday.py
[2026-05-21T11:22:53.063+0000] {processor.py:842} WARNING - No viable dags retrieved from /home/airflow/.local/lib/python3.12/site-packages/airflow/example_dags/plugins/workday.py
[2026-05-21T11:22:53.089+0000] {processor.py:183} INFO - Processing /home/airflow/.local/lib/python3.12/site-packages/airflow/example_dags/plugins/workday.py took 1.431 seconds
[2026-05-21T11:23:24.785+0000] {processor.py:161} INFO - Started process (PID=10327) to work on /home/airflow/.local/lib/python3.12/site-packages/airflow/example_dags/plugins/workday.py
[2026-05-21T11:23:24.789+0000] {processor.py:830} INFO - Processing file /home/airflow/.local/lib/python3.12/site-packages/airflow/example_dags/plugins/workday.py for tasks to queue
[2026-05-21T11:23:24.796+0000] {logging_mixin.py:188} INFO - [2026-05-21T11:23:24.795+0000] {dagbag.py:545} INFO - Filling up the DagBag from /home/airflow/.local/lib/python3.12/site-packages/airflow/example_dags/plugins/workday.py
[2026-05-21T11:23:27.449+0000] {processor.py:842} WARNING - No viable dags retrieved from /home/airflow/.local/lib/python3.12/site-packages/airflow/example_dags/plugins/workday.py
[2026-05-21T11:23:27.632+0000] {processor.py:183} INFO - Processing /home/airflow/.local/lib/python3.12/site-packages/airflow/example_dags/plugins/workday.py took 2.866 seconds
[2026-05-21T11:23:59.135+0000] {processor.py:161} INFO - Started process (PID=10390) to work on /home/airflow/.local/lib/python3.12/site-packages/airflow/example_dags/plugins/workday.py
[2026-05-21T11:23:59.139+0000] {processor.py:830} INFO - Processing file /home/airflow/.local/lib/python3.12/site-packages/airflow/example_dags/plugins/workday.py for tasks to queue
[2026-05-21T11:23:59.145+0000] {logging_mixin.py:188} INFO - [2026-05-21T11:23:59.144+0000] {dagbag.py:545} INFO - Filling up the DagBag from /home/airflow/.local/lib/python3.12/site-packages/airflow/example_dags/plugins/workday.py
[2026-05-21T11:24:00.947+0000] {processor.py:842} WARNING - No viable dags retrieved from /home/airflow/.local/lib/python3.12/site-packages/airflow/example_dags/plugins/workday.py
[2026-05-21T11:24:00.993+0000] {processor.py:183} INFO - Processing /home/airflow/.local/lib/python3.12/site-packages/airflow/example_dags/plugins/workday.py took 1.879 seconds
[2026-05-21T11:24:31.486+0000] {processor.py:161} INFO - Started process (PID=10453) to work on /home/airflow/.local/lib/python3.12/site-packages/airflow/example_dags/plugins/workday.py
[2026-05-21T11:24:31.497+0000] {processor.py:830} INFO - Processing file /home/airflow/.local/lib/python3.12/site-packages/airflow/example_dags/plugins/workday.py for tasks to queue
[2026-05-21T11:24:31.512+0000] {logging_mixin.py:188} INFO - [2026-05-21T11:24:31.505+0000] {dagbag.py:545} INFO - Filling up the DagBag from /home/airflow/.local/lib/python3.12/site-packages/airflow/example_dags/plugins/workday.py
[2026-05-21T11:24:33.241+0000] {processor.py:842} WARNING - No viable dags retrieved from /home/airflow/.local/lib/python3.12/site-packages/airflow/example_dags/plugins/workday.py
[2026-05-21T11:24:33.294+0000] {processor.py:183} INFO - Processing /home/airflow/.local/lib/python3.12/site-packages/airflow/example_dags/plugins/workday.py took 1.836 seconds
[2026-05-21T11:25:03.615+0000] {processor.py:161} INFO - Started process (PID=10513) to work on /home/airflow/.local/lib/python3.12/site-packages/airflow/example_dags/plugins/workday.py
[2026-05-21T11:25:03.617+0000] {processor.py:830} INFO - Processing file /home/airflow/.local/lib/python3.12/site-packages/airflow/example_dags/plugins/workday.py for tasks to queue
[2026-05-21T11:25:03.622+0000] {logging_mixin.py:188} INFO - [2026-05-21T11:25:03.621+0000] {dagbag.py:545} INFO - Filling up the DagBag from /home/airflow/.local/lib/python3.12/site-packages/airflow/example_dags/plugins/workday.py
[2026-05-21T11:25:05.216+0000] {processor.py:842} WARNING - No viable dags retrieved from /home/airflow/.local/lib/python3.12/site-packages/airflow/example_dags/plugins/workday.py
[2026-05-21T11:25:05.241+0000] {processor.py:183} INFO - Processing /home/airflow/.local/lib/python3.12/site-packages/airflow/example_dags/plugins/workday.py took 1.652 seconds
[2026-05-21T11:25:35.590+0000] {processor.py:161} INFO - Started process (PID=10574) to work on /home/airflow/.local/lib/python3.12/site-packages/airflow/example_dags/plugins/workday.py
[2026-05-21T11:25:35.594+0000] {processor.py:830} INFO - Processing file /home/airflow/.local/lib/python3.12/site-packages/airflow/example_dags/plugins/workday.py for tasks to queue
[2026-05-21T11:25:35.603+0000] {logging_mixin.py:188} INFO - [2026-05-21T11:25:35.600+0000] {dagbag.py:545} INFO - Filling up the DagBag from /home/airflow/.local/lib/python3.12/site-packages/airflow/example_dags/plugins/workday.py
[2026-05-21T11:25:37.270+0000] {processor.py:842} WARNING - No viable dags retrieved from /home/airflow/.local/lib/python3.12/site-packages/airflow/example_dags/plugins/workday.py
[2026-05-21T11:25:37.306+0000] {processor.py:183} INFO - Processing /home/airflow/.local/lib/python3.12/site-packages/airflow/example_dags/plugins/workday.py took 1.734 seconds
[2026-05-21T11:26:10.865+0000] {processor.py:161} INFO - Started process (PID=10635) to work on /home/airflow/.local/lib/python3.12/site-packages/airflow/example_dags/plugins/workday.py
[2026-05-21T11:26:10.869+0000] {processor.py:830} INFO - Processing file /home/airflow/.local/lib/python3.12/site-packages/airflow/example_dags/plugins/workday.py for tasks to queue
[2026-05-21T11:26:10.874+0000] {logging_mixin.py:188} INFO - [2026-05-21T11:26:10.873+0000] {dagbag.py:545} INFO - Filling up the DagBag from /home/airflow/.local/lib/python3.12/site-packages/airflow/example_dags/plugins/workday.py
[2026-05-21T11:26:12.567+0000] {processor.py:842} WARNING - No viable dags retrieved from /home/airflow/.local/lib/python3.12/site-packages/airflow/example_dags/plugins/workday.py
[2026-05-21T11:26:12.603+0000] {processor.py:183} INFO - Processing /home/airflow/.local/lib/python3.12/site-packages/airflow/example_dags/plugins/workday.py took 1.767 seconds
[2026-05-21T11:26:45.951+0000] {processor.py:161} INFO - Started process (PID=10702) to work on /home/airflow/.local/lib/python3.12/site-packages/airflow/example_dags/plugins/workday.py
[2026-05-21T11:26:45.955+0000] {processor.py:830} INFO - Processing file /home/airflow/.local/lib/python3.12/site-packages/airflow/example_dags/plugins/workday.py for tasks to queue
[2026-05-21T11:26:45.959+0000] {logging_mixin.py:188} INFO - [2026-05-21T11:26:45.958+0000] {dagbag.py:545} INFO - Filling up the DagBag from /home/airflow/.local/lib/python3.12/site-packages/airflow/example_dags/plugins/workday.py
[2026-05-21T11:26:47.829+0000] {processor.py:842} WARNING - No viable dags retrieved from /home/airflow/.local/lib/python3.12/site-packages/airflow/example_dags/plugins/workday.py
[2026-05-21T11:26:47.911+0000] {processor.py:183} INFO - Processing /home/airflow/.local/lib/python3.12/site-packages/airflow/example_dags/plugins/workday.py took 1.978 seconds
[2026-05-21T11:27:20.671+0000] {processor.py:161} INFO - Started process (PID=10772) to work on /home/airflow/.local/lib/python3.12/site-packages/airflow/example_dags/plugins/workday.py
[2026-05-21T11:27:20.674+0000] {processor.py:830} INFO - Processing file /home/airflow/.local/lib/python3.12/site-packages/airflow/example_dags/plugins/workday.py for tasks to queue
[2026-05-21T11:27:20.687+0000] {logging_mixin.py:188} INFO - [2026-05-21T11:27:20.686+0000] {dagbag.py:545} INFO - Filling up the DagBag from /home/airflow/.local/lib/python3.12/site-packages/airflow/example_dags/plugins/workday.py
[2026-05-21T11:27:23.088+0000] {processor.py:842} WARNING - No viable dags retrieved from /home/airflow/.local/lib/python3.12/site-packages/airflow/example_dags/plugins/workday.py
[2026-05-21T11:27:23.156+0000] {processor.py:183} INFO - Processing /home/airflow/.local/lib/python3.12/site-packages/airflow/example_dags/plugins/workday.py took 2.510 seconds
[2026-05-21T11:27:53.551+0000] {processor.py:161} INFO - Started process (PID=10834) to work on /home/airflow/.local/lib/python3.12/site-packages/airflow/example_dags/plugins/workday.py
[2026-05-21T11:27:53.555+0000] {processor.py:830} INFO - Processing file /home/airflow/.local/lib/python3.12/site-packages/airflow/example_dags/plugins/workday.py for tasks to queue
[2026-05-21T11:27:53.561+0000] {logging_mixin.py:188} INFO - [2026-05-21T11:27:53.560+0000] {dagbag.py:545} INFO - Filling up the DagBag from /home/airflow/.local/lib/python3.12/site-packages/airflow/example_dags/plugins/workday.py
[2026-05-21T11:27:54.870+0000] {processor.py:842} WARNING - No viable dags retrieved from /home/airflow/.local/lib/python3.12/site-packages/airflow/example_dags/plugins/workday.py
[2026-05-21T11:27:54.914+0000] {processor.py:183} INFO - Processing /home/airflow/.local/lib/python3.12/site-packages/airflow/example_dags/plugins/workday.py took 1.380 seconds
[2026-05-21T11:28:27.019+0000] {processor.py:161} INFO - Started process (PID=10897) to work on /home/airflow/.local/lib/python3.12/site-packages/airflow/example_dags/plugins/workday.py
[2026-05-21T11:28:27.026+0000] {processor.py:830} INFO - Processing file /home/airflow/.local/lib/python3.12/site-packages/airflow/example_dags/plugins/workday.py for tasks to queue
[2026-05-21T11:28:27.039+0000] {logging_mixin.py:188} INFO - [2026-05-21T11:28:27.034+0000] {dagbag.py:545} INFO - Filling up the DagBag from /home/airflow/.local/lib/python3.12/site-packages/airflow/example_dags/plugins/workday.py
[2026-05-21T11:28:29.362+0000] {processor.py:842} WARNING - No viable dags retrieved from /home/airflow/.local/lib/python3.12/site-packages/airflow/example_dags/plugins/workday.py
[2026-05-21T11:28:29.395+0000] {processor.py:183} INFO - Processing /home/airflow/.local/lib/python3.12/site-packages/airflow/example_dags/plugins/workday.py took 2.410 seconds
[2026-05-21T11:29:00.435+0000] {processor.py:161} INFO - Started process (PID=10960) to work on /home/airflow/.local/lib/python3.12/site-packages/airflow/example_dags/plugins/workday.py
[2026-05-21T11:29:00.448+0000] {processor.py:830} INFO - Processing file /home/airflow/.local/lib/python3.12/site-packages/airflow/example_dags/plugins/workday.py for tasks to queue
[2026-05-21T11:29:00.457+0000] {logging_mixin.py:188} INFO - [2026-05-21T11:29:00.454+0000] {dagbag.py:545} INFO - Filling up the DagBag from /home/airflow/.local/lib/python3.12/site-packages/airflow/example_dags/plugins/workday.py
[2026-05-21T11:29:02.434+0000] {processor.py:842} WARNING - No viable dags retrieved from /home/airflow/.local/lib/python3.12/site-packages/airflow/example_dags/plugins/workday.py
[2026-05-21T11:29:02.465+0000] {processor.py:183} INFO - Processing /home/airflow/.local/lib/python3.12/site-packages/airflow/example_dags/plugins/workday.py took 2.061 seconds
[2026-05-21T11:29:34.447+0000] {processor.py:161} INFO - Started process (PID=11024) to work on /home/airflow/.local/lib/python3.12/site-packages/airflow/example_dags/plugins/workday.py
[2026-05-21T11:29:34.449+0000] {processor.py:830} INFO - Processing file /home/airflow/.local/lib/python3.12/site-packages/airflow/example_dags/plugins/workday.py for tasks to queue
[2026-05-21T11:29:34.453+0000] {logging_mixin.py:188} INFO - [2026-05-21T11:29:34.452+0000] {dagbag.py:545} INFO - Filling up the DagBag from /home/airflow/.local/lib/python3.12/site-packages/airflow/example_dags/plugins/workday.py
[2026-05-21T11:29:35.895+0000] {processor.py:842} WARNING - No viable dags retrieved from /home/airflow/.local/lib/python3.12/site-packages/airflow/example_dags/plugins/workday.py
[2026-05-21T11:29:35.919+0000] {processor.py:183} INFO - Processing /home/airflow/.local/lib/python3.12/site-packages/airflow/example_dags/plugins/workday.py took 1.485 seconds
[2026-05-21T11:30:07.034+0000] {processor.py:161} INFO - Started process (PID=11088) to work on /home/airflow/.local/lib/python3.12/site-packages/airflow/example_dags/plugins/workday.py
[2026-05-21T11:30:07.039+0000] {processor.py:830} INFO - Processing file /home/airflow/.local/lib/python3.12/site-packages/airflow/example_dags/plugins/workday.py for tasks to queue
[2026-05-21T11:30:07.048+0000] {logging_mixin.py:188} INFO - [2026-05-21T11:30:07.047+0000] {dagbag.py:545} INFO - Filling up the DagBag from /home/airflow/.local/lib/python3.12/site-packages/airflow/example_dags/plugins/workday.py
[2026-05-21T11:30:09.249+0000] {processor.py:842} WARNING - No viable dags retrieved from /home/airflow/.local/lib/python3.12/site-packages/airflow/example_dags/plugins/workday.py
[2026-05-21T11:30:09.273+0000] {processor.py:183} INFO - Processing /home/airflow/.local/lib/python3.12/site-packages/airflow/example_dags/plugins/workday.py took 2.277 seconds
[2026-05-21T11:30:39.655+0000] {processor.py:161} INFO - Started process (PID=11153) to work on /home/airflow/.local/lib/python3.12/site-packages/airflow/example_dags/plugins/workday.py
[2026-05-21T11:30:39.658+0000] {processor.py:830} INFO - Processing file /home/airflow/.local/lib/python3.12/site-packages/airflow/example_dags/plugins/workday.py for tasks to queue
[2026-05-21T11:30:39.663+0000] {logging_mixin.py:188} INFO - [2026-05-21T11:30:39.662+0000] {dagbag.py:545} INFO - Filling up the DagBag from /home/airflow/.local/lib/python3.12/site-packages/airflow/example_dags/plugins/workday.py
[2026-05-21T11:30:41.243+0000] {processor.py:842} WARNING - No viable dags retrieved from /home/airflow/.local/lib/python3.12/site-packages/airflow/example_dags/plugins/workday.py
[2026-05-21T11:30:41.278+0000] {processor.py:183} INFO - Processing /home/airflow/.local/lib/python3.12/site-packages/airflow/example_dags/plugins/workday.py took 1.640 seconds
[2026-05-21T11:31:12.449+0000] {processor.py:161} INFO - Started process (PID=11214) to work on /home/airflow/.local/lib/python3.12/site-packages/airflow/example_dags/plugins/workday.py
[2026-05-21T11:31:12.453+0000] {processor.py:830} INFO - Processing file /home/airflow/.local/lib/python3.12/site-packages/airflow/example_dags/plugins/workday.py for tasks to queue
[2026-05-21T11:31:12.468+0000] {logging_mixin.py:188} INFO - [2026-05-21T11:31:12.467+0000] {dagbag.py:545} INFO - Filling up the DagBag from /home/airflow/.local/lib/python3.12/site-packages/airflow/example_dags/plugins/workday.py
[2026-05-21T11:31:14.391+0000] {processor.py:842} WARNING - No viable dags retrieved from /home/airflow/.local/lib/python3.12/site-packages/airflow/example_dags/plugins/workday.py
[2026-05-21T11:31:14.421+0000] {processor.py:183} INFO - Processing /home/airflow/.local/lib/python3.12/site-packages/airflow/example_dags/plugins/workday.py took 1.996 seconds
[2026-05-21T11:31:45.408+0000] {processor.py:161} INFO - Started process (PID=11278) to work on /home/airflow/.local/lib/python3.12/site-packages/airflow/example_dags/plugins/workday.py
[2026-05-21T11:31:45.412+0000] {processor.py:830} INFO - Processing file /home/airflow/.local/lib/python3.12/site-packages/airflow/example_dags/plugins/workday.py for tasks to queue
[2026-05-21T11:31:45.418+0000] {logging_mixin.py:188} INFO - [2026-05-21T11:31:45.416+0000] {dagbag.py:545} INFO - Filling up the DagBag from /home/airflow/.local/lib/python3.12/site-packages/airflow/example_dags/plugins/workday.py
[2026-05-21T11:31:46.732+0000] {processor.py:842} WARNING - No viable dags retrieved from /home/airflow/.local/lib/python3.12/site-packages/airflow/example_dags/plugins/workday.py
[2026-05-21T11:31:46.777+0000] {processor.py:183} INFO - Processing /home/airflow/.local/lib/python3.12/site-packages/airflow/example_dags/plugins/workday.py took 1.390 seconds
[2026-05-21T11:32:19.909+0000] {processor.py:161} INFO - Started process (PID=11342) to work on /home/airflow/.local/lib/python3.12/site-packages/airflow/example_dags/plugins/workday.py
[2026-05-21T11:32:19.912+0000] {processor.py:830} INFO - Processing file /home/airflow/.local/lib/python3.12/site-packages/airflow/example_dags/plugins/workday.py for tasks to queue
[2026-05-21T11:32:19.916+0000] {logging_mixin.py:188} INFO - [2026-05-21T11:32:19.915+0000] {dagbag.py:545} INFO - Filling up the DagBag from /home/airflow/.local/lib/python3.12/site-packages/airflow/example_dags/plugins/workday.py
[2026-05-21T11:32:21.413+0000] {processor.py:842} WARNING - No viable dags retrieved from /home/airflow/.local/lib/python3.12/site-packages/airflow/example_dags/plugins/workday.py
[2026-05-21T11:32:21.443+0000] {processor.py:183} INFO - Processing /home/airflow/.local/lib/python3.12/site-packages/airflow/example_dags/plugins/workday.py took 1.546 seconds
[2026-05-21T11:33:05.172+0000] {processor.py:161} INFO - Started process (PID=11421) to work on /home/airflow/.local/lib/python3.12/site-packages/airflow/example_dags/plugins/workday.py
[2026-05-21T11:33:05.174+0000] {processor.py:830} INFO - Processing file /home/airflow/.local/lib/python3.12/site-packages/airflow/example_dags/plugins/workday.py for tasks to queue
[2026-05-21T11:33:05.180+0000] {logging_mixin.py:188} INFO - [2026-05-21T11:33:05.179+0000] {dagbag.py:545} INFO - Filling up the DagBag from /home/airflow/.local/lib/python3.12/site-packages/airflow/example_dags/plugins/workday.py
[2026-05-21T11:33:07.713+0000] {processor.py:842} WARNING - No viable dags retrieved from /home/airflow/.local/lib/python3.12/site-packages/airflow/example_dags/plugins/workday.py
[2026-05-21T11:33:07.940+0000] {processor.py:183} INFO - Processing /home/airflow/.local/lib/python3.12/site-packages/airflow/example_dags/plugins/workday.py took 2.783 seconds
[2026-05-21T11:33:49.730+0000] {processor.py:161} INFO - Started process (PID=11490) to work on /home/airflow/.local/lib/python3.12/site-packages/airflow/example_dags/plugins/workday.py
[2026-05-21T11:33:49.743+0000] {processor.py:830} INFO - Processing file /home/airflow/.local/lib/python3.12/site-packages/airflow/example_dags/plugins/workday.py for tasks to queue
[2026-05-21T11:33:49.748+0000] {logging_mixin.py:188} INFO - [2026-05-21T11:33:49.747+0000] {dagbag.py:545} INFO - Filling up the DagBag from /home/airflow/.local/lib/python3.12/site-packages/airflow/example_dags/plugins/workday.py
[2026-05-21T11:33:52.163+0000] {processor.py:842} WARNING - No viable dags retrieved from /home/airflow/.local/lib/python3.12/site-packages/airflow/example_dags/plugins/workday.py
[2026-05-21T11:33:52.213+0000] {processor.py:183} INFO - Processing /home/airflow/.local/lib/python3.12/site-packages/airflow/example_dags/plugins/workday.py took 2.501 seconds
[2026-05-21T11:34:22.789+0000] {processor.py:161} INFO - Started process (PID=11550) to work on /home/airflow/.local/lib/python3.12/site-packages/airflow/example_dags/plugins/workday.py
[2026-05-21T11:34:22.795+0000] {processor.py:830} INFO - Processing file /home/airflow/.local/lib/python3.12/site-packages/airflow/example_dags/plugins/workday.py for tasks to queue
[2026-05-21T11:34:22.805+0000] {logging_mixin.py:188} INFO - [2026-05-21T11:34:22.803+0000] {dagbag.py:545} INFO - Filling up the DagBag from /home/airflow/.local/lib/python3.12/site-packages/airflow/example_dags/plugins/workday.py
[2026-05-21T11:34:24.385+0000] {processor.py:842} WARNING - No viable dags retrieved from /home/airflow/.local/lib/python3.12/site-packages/airflow/example_dags/plugins/workday.py
[2026-05-21T11:34:24.418+0000] {processor.py:183} INFO - Processing /home/airflow/.local/lib/python3.12/site-packages/airflow/example_dags/plugins/workday.py took 1.645 seconds
[2026-05-21T11:34:54.938+0000] {processor.py:161} INFO - Started process (PID=11615) to work on /home/airflow/.local/lib/python3.12/site-packages/airflow/example_dags/plugins/workday.py
[2026-05-21T11:34:54.942+0000] {processor.py:830} INFO - Processing file /home/airflow/.local/lib/python3.12/site-packages/airflow/example_dags/plugins/workday.py for tasks to queue
[2026-05-21T11:34:54.948+0000] {logging_mixin.py:188} INFO - [2026-05-21T11:34:54.947+0000] {dagbag.py:545} INFO - Filling up the DagBag from /home/airflow/.local/lib/python3.12/site-packages/airflow/example_dags/plugins/workday.py
[2026-05-21T11:34:56.847+0000] {processor.py:842} WARNING - No viable dags retrieved from /home/airflow/.local/lib/python3.12/site-packages/airflow/example_dags/plugins/workday.py
[2026-05-21T11:34:56.924+0000] {processor.py:183} INFO - Processing /home/airflow/.local/lib/python3.12/site-packages/airflow/example_dags/plugins/workday.py took 2.014 seconds
[2026-05-21T11:35:27.289+0000] {processor.py:161} INFO - Started process (PID=11676) to work on /home/airflow/.local/lib/python3.12/site-packages/airflow/example_dags/plugins/workday.py
[2026-05-21T11:35:27.294+0000] {processor.py:830} INFO - Processing file /home/airflow/.local/lib/python3.12/site-packages/airflow/example_dags/plugins/workday.py for tasks to queue
[2026-05-21T11:35:27.309+0000] {logging_mixin.py:188} INFO - [2026-05-21T11:35:27.305+0000] {dagbag.py:545} INFO - Filling up the DagBag from /home/airflow/.local/lib/python3.12/site-packages/airflow/example_dags/plugins/workday.py
[2026-05-21T11:35:29.196+0000] {processor.py:842} WARNING - No viable dags retrieved from /home/airflow/.local/lib/python3.12/site-packages/airflow/example_dags/plugins/workday.py
[2026-05-21T11:35:29.223+0000] {processor.py:183} INFO - Processing /home/airflow/.local/lib/python3.12/site-packages/airflow/example_dags/plugins/workday.py took 1.987 seconds
[2026-05-21T11:35:59.731+0000] {processor.py:161} INFO - Started process (PID=11739) to work on /home/airflow/.local/lib/python3.12/site-packages/airflow/example_dags/plugins/workday.py
[2026-05-21T11:35:59.735+0000] {processor.py:830} INFO - Processing file /home/airflow/.local/lib/python3.12/site-packages/airflow/example_dags/plugins/workday.py for tasks to queue
[2026-05-21T11:35:59.743+0000] {logging_mixin.py:188} INFO - [2026-05-21T11:35:59.741+0000] {dagbag.py:545} INFO - Filling up the DagBag from /home/airflow/.local/lib/python3.12/site-packages/airflow/example_dags/plugins/workday.py
[2026-05-21T11:36:01.250+0000] {processor.py:842} WARNING - No viable dags retrieved from /home/airflow/.local/lib/python3.12/site-packages/airflow/example_dags/plugins/workday.py
[2026-05-21T11:36:01.305+0000] {processor.py:183} INFO - Processing /home/airflow/.local/lib/python3.12/site-packages/airflow/example_dags/plugins/workday.py took 1.592 seconds
[2026-05-21T11:36:31.596+0000] {processor.py:161} INFO - Started process (PID=11801) to work on /home/airflow/.local/lib/python3.12/site-packages/airflow/example_dags/plugins/workday.py
[2026-05-21T11:36:31.600+0000] {processor.py:830} INFO - Processing file /home/airflow/.local/lib/python3.12/site-packages/airflow/example_dags/plugins/workday.py for tasks to queue
[2026-05-21T11:36:31.607+0000] {logging_mixin.py:188} INFO - [2026-05-21T11:36:31.606+0000] {dagbag.py:545} INFO - Filling up the DagBag from /home/airflow/.local/lib/python3.12/site-packages/airflow/example_dags/plugins/workday.py
[2026-05-21T11:36:33.076+0000] {processor.py:842} WARNING - No viable dags retrieved from /home/airflow/.local/lib/python3.12/site-packages/airflow/example_dags/plugins/workday.py
[2026-05-21T11:36:33.122+0000] {processor.py:183} INFO - Processing /home/airflow/.local/lib/python3.12/site-packages/airflow/example_dags/plugins/workday.py took 1.548 seconds
[2026-05-21T11:37:03.407+0000] {processor.py:161} INFO - Started process (PID=11863) to work on /home/airflow/.local/lib/python3.12/site-packages/airflow/example_dags/plugins/workday.py
[2026-05-21T11:37:03.425+0000] {processor.py:830} INFO - Processing file /home/airflow/.local/lib/python3.12/site-packages/airflow/example_dags/plugins/workday.py for tasks to queue
[2026-05-21T11:37:03.452+0000] {logging_mixin.py:188} INFO - [2026-05-21T11:37:03.450+0000] {dagbag.py:545} INFO - Filling up the DagBag from /home/airflow/.local/lib/python3.12/site-packages/airflow/example_dags/plugins/workday.py
[2026-05-21T11:37:05.070+0000] {processor.py:842} WARNING - No viable dags retrieved from /home/airflow/.local/lib/python3.12/site-packages/airflow/example_dags/plugins/workday.py
[2026-05-21T11:37:05.117+0000] {processor.py:183} INFO - Processing /home/airflow/.local/lib/python3.12/site-packages/airflow/example_dags/plugins/workday.py took 1.770 seconds
[2026-05-21T11:37:36.048+0000] {processor.py:161} INFO - Started process (PID=11924) to work on /home/airflow/.local/lib/python3.12/site-packages/airflow/example_dags/plugins/workday.py
[2026-05-21T11:37:36.058+0000] {processor.py:830} INFO - Processing file /home/airflow/.local/lib/python3.12/site-packages/airflow/example_dags/plugins/workday.py for tasks to queue
[2026-05-21T11:37:36.097+0000] {logging_mixin.py:188} INFO - [2026-05-21T11:37:36.096+0000] {dagbag.py:545} INFO - Filling up the DagBag from /home/airflow/.local/lib/python3.12/site-packages/airflow/example_dags/plugins/workday.py
[2026-05-21T11:37:38.705+0000] {processor.py:842} WARNING - No viable dags retrieved from /home/airflow/.local/lib/python3.12/site-packages/airflow/example_dags/plugins/workday.py
[2026-05-21T11:37:38.799+0000] {processor.py:183} INFO - Processing /home/airflow/.local/lib/python3.12/site-packages/airflow/example_dags/plugins/workday.py took 2.821 seconds
[2026-05-21T11:38:12.275+0000] {processor.py:161} INFO - Started process (PID=11990) to work on /home/airflow/.local/lib/python3.12/site-packages/airflow/example_dags/plugins/workday.py
[2026-05-21T11:38:12.278+0000] {processor.py:830} INFO - Processing file /home/airflow/.local/lib/python3.12/site-packages/airflow/example_dags/plugins/workday.py for tasks to queue
[2026-05-21T11:38:12.286+0000] {logging_mixin.py:188} INFO - [2026-05-21T11:38:12.285+0000] {dagbag.py:545} INFO - Filling up the DagBag from /home/airflow/.local/lib/python3.12/site-packages/airflow/example_dags/plugins/workday.py
[2026-05-21T11:38:16.997+0000] {processor.py:842} WARNING - No viable dags retrieved from /home/airflow/.local/lib/python3.12/site-packages/airflow/example_dags/plugins/workday.py
[2026-05-21T11:38:17.280+0000] {processor.py:183} INFO - Processing /home/airflow/.local/lib/python3.12/site-packages/airflow/example_dags/plugins/workday.py took 5.029 seconds
[2026-05-21T11:38:48.152+0000] {processor.py:161} INFO - Started process (PID=12050) to work on /home/airflow/.local/lib/python3.12/site-packages/airflow/example_dags/plugins/workday.py
[2026-05-21T11:38:48.157+0000] {processor.py:830} INFO - Processing file /home/airflow/.local/lib/python3.12/site-packages/airflow/example_dags/plugins/workday.py for tasks to queue
[2026-05-21T11:38:48.166+0000] {logging_mixin.py:188} INFO - [2026-05-21T11:38:48.164+0000] {dagbag.py:545} INFO - Filling up the DagBag from /home/airflow/.local/lib/python3.12/site-packages/airflow/example_dags/plugins/workday.py
[2026-05-21T11:38:49.825+0000] {processor.py:842} WARNING - No viable dags retrieved from /home/airflow/.local/lib/python3.12/site-packages/airflow/example_dags/plugins/workday.py
[2026-05-21T11:38:49.862+0000] {processor.py:183} INFO - Processing /home/airflow/.local/lib/python3.12/site-packages/airflow/example_dags/plugins/workday.py took 1.736 seconds
[2026-05-21T11:39:20.183+0000] {processor.py:161} INFO - Started process (PID=12109) to work on /home/airflow/.local/lib/python3.12/site-packages/airflow/example_dags/plugins/workday.py
[2026-05-21T11:39:20.187+0000] {processor.py:830} INFO - Processing file /home/airflow/.local/lib/python3.12/site-packages/airflow/example_dags/plugins/workday.py for tasks to queue
[2026-05-21T11:39:20.193+0000] {logging_mixin.py:188} INFO - [2026-05-21T11:39:20.192+0000] {dagbag.py:545} INFO - Filling up the DagBag from /home/airflow/.local/lib/python3.12/site-packages/airflow/example_dags/plugins/workday.py
[2026-05-21T11:39:22.342+0000] {processor.py:842} WARNING - No viable dags retrieved from /home/airflow/.local/lib/python3.12/site-packages/airflow/example_dags/plugins/workday.py
[2026-05-21T11:39:22.390+0000] {processor.py:183} INFO - Processing /home/airflow/.local/lib/python3.12/site-packages/airflow/example_dags/plugins/workday.py took 2.232 seconds
[2026-05-21T11:39:53.427+0000] {processor.py:161} INFO - Started process (PID=12170) to work on /home/airflow/.local/lib/python3.12/site-packages/airflow/example_dags/plugins/workday.py
[2026-05-21T11:39:53.443+0000] {processor.py:830} INFO - Processing file /home/airflow/.local/lib/python3.12/site-packages/airflow/example_dags/plugins/workday.py for tasks to queue
[2026-05-21T11:39:53.475+0000] {logging_mixin.py:188} INFO - [2026-05-21T11:39:53.473+0000] {dagbag.py:545} INFO - Filling up the DagBag from /home/airflow/.local/lib/python3.12/site-packages/airflow/example_dags/plugins/workday.py
[2026-05-21T11:39:57.486+0000] {processor.py:842} WARNING - No viable dags retrieved from /home/airflow/.local/lib/python3.12/site-packages/airflow/example_dags/plugins/workday.py
[2026-05-21T11:39:57.552+0000] {processor.py:183} INFO - Processing /home/airflow/.local/lib/python3.12/site-packages/airflow/example_dags/plugins/workday.py took 4.179 seconds
[2026-05-21T11:40:27.919+0000] {processor.py:161} INFO - Started process (PID=12241) to work on /home/airflow/.local/lib/python3.12/site-packages/airflow/example_dags/plugins/workday.py
[2026-05-21T11:40:27.923+0000] {processor.py:830} INFO - Processing file /home/airflow/.local/lib/python3.12/site-packages/airflow/example_dags/plugins/workday.py for tasks to queue
[2026-05-21T11:40:27.929+0000] {logging_mixin.py:188} INFO - [2026-05-21T11:40:27.928+0000] {dagbag.py:545} INFO - Filling up the DagBag from /home/airflow/.local/lib/python3.12/site-packages/airflow/example_dags/plugins/workday.py
[2026-05-21T11:40:29.223+0000] {processor.py:842} WARNING - No viable dags retrieved from /home/airflow/.local/lib/python3.12/site-packages/airflow/example_dags/plugins/workday.py
[2026-05-21T11:40:29.258+0000] {processor.py:183} INFO - Processing /home/airflow/.local/lib/python3.12/site-packages/airflow/example_dags/plugins/workday.py took 1.358 seconds
[2026-05-21T11:40:59.770+0000] {processor.py:161} INFO - Started process (PID=12302) to work on /home/airflow/.local/lib/python3.12/site-packages/airflow/example_dags/plugins/workday.py
[2026-05-21T11:40:59.777+0000] {processor.py:830} INFO - Processing file /home/airflow/.local/lib/python3.12/site-packages/airflow/example_dags/plugins/workday.py for tasks to queue
[2026-05-21T11:40:59.788+0000] {logging_mixin.py:188} INFO - [2026-05-21T11:40:59.785+0000] {dagbag.py:545} INFO - Filling up the DagBag from /home/airflow/.local/lib/python3.12/site-packages/airflow/example_dags/plugins/workday.py
[2026-05-21T11:41:01.371+0000] {processor.py:842} WARNING - No viable dags retrieved from /home/airflow/.local/lib/python3.12/site-packages/airflow/example_dags/plugins/workday.py
[2026-05-21T11:41:01.412+0000] {processor.py:183} INFO - Processing /home/airflow/.local/lib/python3.12/site-packages/airflow/example_dags/plugins/workday.py took 1.677 seconds
[2026-05-21T11:41:31.756+0000] {processor.py:161} INFO - Started process (PID=12364) to work on /home/airflow/.local/lib/python3.12/site-packages/airflow/example_dags/plugins/workday.py
[2026-05-21T11:41:31.760+0000] {processor.py:830} INFO - Processing file /home/airflow/.local/lib/python3.12/site-packages/airflow/example_dags/plugins/workday.py for tasks to queue
[2026-05-21T11:41:31.768+0000] {logging_mixin.py:188} INFO - [2026-05-21T11:41:31.766+0000] {dagbag.py:545} INFO - Filling up the DagBag from /home/airflow/.local/lib/python3.12/site-packages/airflow/example_dags/plugins/workday.py
[2026-05-21T11:41:34.192+0000] {processor.py:842} WARNING - No viable dags retrieved from /home/airflow/.local/lib/python3.12/site-packages/airflow/example_dags/plugins/workday.py
[2026-05-21T11:41:34.249+0000] {processor.py:183} INFO - Processing /home/airflow/.local/lib/python3.12/site-packages/airflow/example_dags/plugins/workday.py took 2.514 seconds
[2026-05-21T11:42:04.766+0000] {processor.py:161} INFO - Started process (PID=12426) to work on /home/airflow/.local/lib/python3.12/site-packages/airflow/example_dags/plugins/workday.py
[2026-05-21T11:42:04.768+0000] {processor.py:830} INFO - Processing file /home/airflow/.local/lib/python3.12/site-packages/airflow/example_dags/plugins/workday.py for tasks to queue
[2026-05-21T11:42:04.771+0000] {logging_mixin.py:188} INFO - [2026-05-21T11:42:04.771+0000] {dagbag.py:545} INFO - Filling up the DagBag from /home/airflow/.local/lib/python3.12/site-packages/airflow/example_dags/plugins/workday.py
[2026-05-21T11:42:05.616+0000] {processor.py:842} WARNING - No viable dags retrieved from /home/airflow/.local/lib/python3.12/site-packages/airflow/example_dags/plugins/workday.py
[2026-05-21T11:42:05.635+0000] {processor.py:183} INFO - Processing /home/airflow/.local/lib/python3.12/site-packages/airflow/example_dags/plugins/workday.py took 0.877 seconds
[2026-05-21T11:42:35.898+0000] {processor.py:161} INFO - Started process (PID=12487) to work on /home/airflow/.local/lib/python3.12/site-packages/airflow/example_dags/plugins/workday.py
[2026-05-21T11:42:35.900+0000] {processor.py:830} INFO - Processing file /home/airflow/.local/lib/python3.12/site-packages/airflow/example_dags/plugins/workday.py for tasks to queue
[2026-05-21T11:42:35.903+0000] {logging_mixin.py:188} INFO - [2026-05-21T11:42:35.903+0000] {dagbag.py:545} INFO - Filling up the DagBag from /home/airflow/.local/lib/python3.12/site-packages/airflow/example_dags/plugins/workday.py
[2026-05-21T11:42:36.375+0000] {processor.py:842} WARNING - No viable dags retrieved from /home/airflow/.local/lib/python3.12/site-packages/airflow/example_dags/plugins/workday.py
[2026-05-21T11:42:36.397+0000] {processor.py:183} INFO - Processing /home/airflow/.local/lib/python3.12/site-packages/airflow/example_dags/plugins/workday.py took 0.510 seconds
[2026-05-21T11:43:07.223+0000] {processor.py:161} INFO - Started process (PID=12547) to work on /home/airflow/.local/lib/python3.12/site-packages/airflow/example_dags/plugins/workday.py
[2026-05-21T11:43:07.225+0000] {processor.py:830} INFO - Processing file /home/airflow/.local/lib/python3.12/site-packages/airflow/example_dags/plugins/workday.py for tasks to queue
[2026-05-21T11:43:07.228+0000] {logging_mixin.py:188} INFO - [2026-05-21T11:43:07.227+0000] {dagbag.py:545} INFO - Filling up the DagBag from /home/airflow/.local/lib/python3.12/site-packages/airflow/example_dags/plugins/workday.py
[2026-05-21T11:43:07.622+0000] {processor.py:842} WARNING - No viable dags retrieved from /home/airflow/.local/lib/python3.12/site-packages/airflow/example_dags/plugins/workday.py
[2026-05-21T11:43:07.642+0000] {processor.py:183} INFO - Processing /home/airflow/.local/lib/python3.12/site-packages/airflow/example_dags/plugins/workday.py took 0.427 seconds
[2026-05-21T11:43:37.803+0000] {processor.py:161} INFO - Started process (PID=12607) to work on /home/airflow/.local/lib/python3.12/site-packages/airflow/example_dags/plugins/workday.py
[2026-05-21T11:43:37.805+0000] {processor.py:830} INFO - Processing file /home/airflow/.local/lib/python3.12/site-packages/airflow/example_dags/plugins/workday.py for tasks to queue
[2026-05-21T11:43:37.809+0000] {logging_mixin.py:188} INFO - [2026-05-21T11:43:37.809+0000] {dagbag.py:545} INFO - Filling up the DagBag from /home/airflow/.local/lib/python3.12/site-packages/airflow/example_dags/plugins/workday.py
[2026-05-21T11:43:38.233+0000] {processor.py:842} WARNING - No viable dags retrieved from /home/airflow/.local/lib/python3.12/site-packages/airflow/example_dags/plugins/workday.py
[2026-05-21T11:43:38.258+0000] {processor.py:183} INFO - Processing /home/airflow/.local/lib/python3.12/site-packages/airflow/example_dags/plugins/workday.py took 0.465 seconds
[2026-05-21T11:44:08.654+0000] {processor.py:161} INFO - Started process (PID=12667) to work on /home/airflow/.local/lib/python3.12/site-packages/airflow/example_dags/plugins/workday.py
[2026-05-21T11:44:08.656+0000] {processor.py:830} INFO - Processing file /home/airflow/.local/lib/python3.12/site-packages/airflow/example_dags/plugins/workday.py for tasks to queue
[2026-05-21T11:44:08.659+0000] {logging_mixin.py:188} INFO - [2026-05-21T11:44:08.658+0000] {dagbag.py:545} INFO - Filling up the DagBag from /home/airflow/.local/lib/python3.12/site-packages/airflow/example_dags/plugins/workday.py
[2026-05-21T11:44:09.051+0000] {processor.py:842} WARNING - No viable dags retrieved from /home/airflow/.local/lib/python3.12/site-packages/airflow/example_dags/plugins/workday.py
[2026-05-21T11:44:09.070+0000] {processor.py:183} INFO - Processing /home/airflow/.local/lib/python3.12/site-packages/airflow/example_dags/plugins/workday.py took 0.424 seconds
[2026-05-21T11:44:40.062+0000] {processor.py:161} INFO - Started process (PID=12729) to work on /home/airflow/.local/lib/python3.12/site-packages/airflow/example_dags/plugins/workday.py
[2026-05-21T11:44:40.063+0000] {processor.py:830} INFO - Processing file /home/airflow/.local/lib/python3.12/site-packages/airflow/example_dags/plugins/workday.py for tasks to queue
[2026-05-21T11:44:40.066+0000] {logging_mixin.py:188} INFO - [2026-05-21T11:44:40.065+0000] {dagbag.py:545} INFO - Filling up the DagBag from /home/airflow/.local/lib/python3.12/site-packages/airflow/example_dags/plugins/workday.py
[2026-05-21T11:44:40.457+0000] {processor.py:842} WARNING - No viable dags retrieved from /home/airflow/.local/lib/python3.12/site-packages/airflow/example_dags/plugins/workday.py
[2026-05-21T11:44:40.477+0000] {processor.py:183} INFO - Processing /home/airflow/.local/lib/python3.12/site-packages/airflow/example_dags/plugins/workday.py took 0.423 seconds
[2026-05-21T11:45:11.238+0000] {processor.py:161} INFO - Started process (PID=12791) to work on /home/airflow/.local/lib/python3.12/site-packages/airflow/example_dags/plugins/workday.py
[2026-05-21T11:45:11.240+0000] {processor.py:830} INFO - Processing file /home/airflow/.local/lib/python3.12/site-packages/airflow/example_dags/plugins/workday.py for tasks to queue
[2026-05-21T11:45:11.244+0000] {logging_mixin.py:188} INFO - [2026-05-21T11:45:11.243+0000] {dagbag.py:545} INFO - Filling up the DagBag from /home/airflow/.local/lib/python3.12/site-packages/airflow/example_dags/plugins/workday.py
[2026-05-21T11:45:11.701+0000] {processor.py:842} WARNING - No viable dags retrieved from /home/airflow/.local/lib/python3.12/site-packages/airflow/example_dags/plugins/workday.py
[2026-05-21T11:45:11.722+0000] {processor.py:183} INFO - Processing /home/airflow/.local/lib/python3.12/site-packages/airflow/example_dags/plugins/workday.py took 0.494 seconds
[2026-05-21T11:45:41.913+0000] {processor.py:161} INFO - Started process (PID=12850) to work on /home/airflow/.local/lib/python3.12/site-packages/airflow/example_dags/plugins/workday.py
[2026-05-21T11:45:41.916+0000] {processor.py:830} INFO - Processing file /home/airflow/.local/lib/python3.12/site-packages/airflow/example_dags/plugins/workday.py for tasks to queue
[2026-05-21T11:45:41.920+0000] {logging_mixin.py:188} INFO - [2026-05-21T11:45:41.919+0000] {dagbag.py:545} INFO - Filling up the DagBag from /home/airflow/.local/lib/python3.12/site-packages/airflow/example_dags/plugins/workday.py
[2026-05-21T11:45:42.450+0000] {processor.py:842} WARNING - No viable dags retrieved from /home/airflow/.local/lib/python3.12/site-packages/airflow/example_dags/plugins/workday.py
[2026-05-21T11:45:42.490+0000] {processor.py:183} INFO - Processing /home/airflow/.local/lib/python3.12/site-packages/airflow/example_dags/plugins/workday.py took 0.589 seconds
[2026-05-21T11:46:13.095+0000] {processor.py:161} INFO - Started process (PID=12911) to work on /home/airflow/.local/lib/python3.12/site-packages/airflow/example_dags/plugins/workday.py
[2026-05-21T11:46:13.097+0000] {processor.py:830} INFO - Processing file /home/airflow/.local/lib/python3.12/site-packages/airflow/example_dags/plugins/workday.py for tasks to queue
[2026-05-21T11:46:13.104+0000] {logging_mixin.py:188} INFO - [2026-05-21T11:46:13.102+0000] {dagbag.py:545} INFO - Filling up the DagBag from /home/airflow/.local/lib/python3.12/site-packages/airflow/example_dags/plugins/workday.py
[2026-05-21T11:46:13.881+0000] {processor.py:842} WARNING - No viable dags retrieved from /home/airflow/.local/lib/python3.12/site-packages/airflow/example_dags/plugins/workday.py
[2026-05-21T11:46:13.920+0000] {processor.py:183} INFO - Processing /home/airflow/.local/lib/python3.12/site-packages/airflow/example_dags/plugins/workday.py took 0.840 seconds
[2026-05-21T11:46:44.753+0000] {processor.py:161} INFO - Started process (PID=12973) to work on /home/airflow/.local/lib/python3.12/site-packages/airflow/example_dags/plugins/workday.py
[2026-05-21T11:46:44.755+0000] {processor.py:830} INFO - Processing file /home/airflow/.local/lib/python3.12/site-packages/airflow/example_dags/plugins/workday.py for tasks to queue
[2026-05-21T11:46:44.758+0000] {logging_mixin.py:188} INFO - [2026-05-21T11:46:44.758+0000] {dagbag.py:545} INFO - Filling up the DagBag from /home/airflow/.local/lib/python3.12/site-packages/airflow/example_dags/plugins/workday.py
[2026-05-21T11:46:45.286+0000] {processor.py:842} WARNING - No viable dags retrieved from /home/airflow/.local/lib/python3.12/site-packages/airflow/example_dags/plugins/workday.py
[2026-05-21T11:46:45.306+0000] {processor.py:183} INFO - Processing /home/airflow/.local/lib/python3.12/site-packages/airflow/example_dags/plugins/workday.py took 0.563 seconds
[2026-05-21T11:47:15.902+0000] {processor.py:161} INFO - Started process (PID=13033) to work on /home/airflow/.local/lib/python3.12/site-packages/airflow/example_dags/plugins/workday.py
[2026-05-21T11:47:15.909+0000] {processor.py:830} INFO - Processing file /home/airflow/.local/lib/python3.12/site-packages/airflow/example_dags/plugins/workday.py for tasks to queue
[2026-05-21T11:47:15.913+0000] {logging_mixin.py:188} INFO - [2026-05-21T11:47:15.913+0000] {dagbag.py:545} INFO - Filling up the DagBag from /home/airflow/.local/lib/python3.12/site-packages/airflow/example_dags/plugins/workday.py
[2026-05-21T11:47:16.699+0000] {processor.py:842} WARNING - No viable dags retrieved from /home/airflow/.local/lib/python3.12/site-packages/airflow/example_dags/plugins/workday.py
[2026-05-21T11:47:16.731+0000] {processor.py:183} INFO - Processing /home/airflow/.local/lib/python3.12/site-packages/airflow/example_dags/plugins/workday.py took 0.840 seconds
[2026-05-21T11:47:46.952+0000] {processor.py:161} INFO - Started process (PID=13096) to work on /home/airflow/.local/lib/python3.12/site-packages/airflow/example_dags/plugins/workday.py
[2026-05-21T11:47:46.954+0000] {processor.py:830} INFO - Processing file /home/airflow/.local/lib/python3.12/site-packages/airflow/example_dags/plugins/workday.py for tasks to queue
[2026-05-21T11:47:46.959+0000] {logging_mixin.py:188} INFO - [2026-05-21T11:47:46.959+0000] {dagbag.py:545} INFO - Filling up the DagBag from /home/airflow/.local/lib/python3.12/site-packages/airflow/example_dags/plugins/workday.py
[2026-05-21T11:47:47.521+0000] {processor.py:842} WARNING - No viable dags retrieved from /home/airflow/.local/lib/python3.12/site-packages/airflow/example_dags/plugins/workday.py
[2026-05-21T11:47:47.542+0000] {processor.py:183} INFO - Processing /home/airflow/.local/lib/python3.12/site-packages/airflow/example_dags/plugins/workday.py took 0.601 seconds
[2026-05-21T11:48:17.744+0000] {processor.py:161} INFO - Started process (PID=13158) to work on /home/airflow/.local/lib/python3.12/site-packages/airflow/example_dags/plugins/workday.py
[2026-05-21T11:48:17.746+0000] {processor.py:830} INFO - Processing file /home/airflow/.local/lib/python3.12/site-packages/airflow/example_dags/plugins/workday.py for tasks to queue
[2026-05-21T11:48:17.749+0000] {logging_mixin.py:188} INFO - [2026-05-21T11:48:17.749+0000] {dagbag.py:545} INFO - Filling up the DagBag from /home/airflow/.local/lib/python3.12/site-packages/airflow/example_dags/plugins/workday.py
[2026-05-21T11:48:18.149+0000] {processor.py:842} WARNING - No viable dags retrieved from /home/airflow/.local/lib/python3.12/site-packages/airflow/example_dags/plugins/workday.py
[2026-05-21T11:48:18.173+0000] {processor.py:183} INFO - Processing /home/airflow/.local/lib/python3.12/site-packages/airflow/example_dags/plugins/workday.py took 0.437 seconds
[2026-05-21T11:48:48.620+0000] {processor.py:161} INFO - Started process (PID=13218) to work on /home/airflow/.local/lib/python3.12/site-packages/airflow/example_dags/plugins/workday.py
[2026-05-21T11:48:48.622+0000] {processor.py:830} INFO - Processing file /home/airflow/.local/lib/python3.12/site-packages/airflow/example_dags/plugins/workday.py for tasks to queue
[2026-05-21T11:48:48.625+0000] {logging_mixin.py:188} INFO - [2026-05-21T11:48:48.624+0000] {dagbag.py:545} INFO - Filling up the DagBag from /home/airflow/.local/lib/python3.12/site-packages/airflow/example_dags/plugins/workday.py
[2026-05-21T11:48:49.062+0000] {processor.py:842} WARNING - No viable dags retrieved from /home/airflow/.local/lib/python3.12/site-packages/airflow/example_dags/plugins/workday.py
[2026-05-21T11:48:49.082+0000] {processor.py:183} INFO - Processing /home/airflow/.local/lib/python3.12/site-packages/airflow/example_dags/plugins/workday.py took 0.471 seconds
[2026-05-21T11:49:19.244+0000] {processor.py:161} INFO - Started process (PID=13278) to work on /home/airflow/.local/lib/python3.12/site-packages/airflow/example_dags/plugins/workday.py
[2026-05-21T11:49:19.246+0000] {processor.py:830} INFO - Processing file /home/airflow/.local/lib/python3.12/site-packages/airflow/example_dags/plugins/workday.py for tasks to queue
[2026-05-21T11:49:19.249+0000] {logging_mixin.py:188} INFO - [2026-05-21T11:49:19.249+0000] {dagbag.py:545} INFO - Filling up the DagBag from /home/airflow/.local/lib/python3.12/site-packages/airflow/example_dags/plugins/workday.py
[2026-05-21T11:49:19.680+0000] {processor.py:842} WARNING - No viable dags retrieved from /home/airflow/.local/lib/python3.12/site-packages/airflow/example_dags/plugins/workday.py
[2026-05-21T11:49:19.700+0000] {processor.py:183} INFO - Processing /home/airflow/.local/lib/python3.12/site-packages/airflow/example_dags/plugins/workday.py took 0.466 seconds
[2026-05-21T11:49:50.032+0000] {processor.py:161} INFO - Started process (PID=13338) to work on /home/airflow/.local/lib/python3.12/site-packages/airflow/example_dags/plugins/workday.py
[2026-05-21T11:49:50.034+0000] {processor.py:830} INFO - Processing file /home/airflow/.local/lib/python3.12/site-packages/airflow/example_dags/plugins/workday.py for tasks to queue
[2026-05-21T11:49:50.038+0000] {logging_mixin.py:188} INFO - [2026-05-21T11:49:50.037+0000] {dagbag.py:545} INFO - Filling up the DagBag from /home/airflow/.local/lib/python3.12/site-packages/airflow/example_dags/plugins/workday.py
[2026-05-21T11:49:50.514+0000] {processor.py:842} WARNING - No viable dags retrieved from /home/airflow/.local/lib/python3.12/site-packages/airflow/example_dags/plugins/workday.py
[2026-05-21T11:49:50.539+0000] {processor.py:183} INFO - Processing /home/airflow/.local/lib/python3.12/site-packages/airflow/example_dags/plugins/workday.py took 0.521 seconds
[2026-05-21T11:50:21.353+0000] {processor.py:161} INFO - Started process (PID=13398) to work on /home/airflow/.local/lib/python3.12/site-packages/airflow/example_dags/plugins/workday.py
[2026-05-21T11:50:21.355+0000] {processor.py:830} INFO - Processing file /home/airflow/.local/lib/python3.12/site-packages/airflow/example_dags/plugins/workday.py for tasks to queue
[2026-05-21T11:50:21.358+0000] {logging_mixin.py:188} INFO - [2026-05-21T11:50:21.358+0000] {dagbag.py:545} INFO - Filling up the DagBag from /home/airflow/.local/lib/python3.12/site-packages/airflow/example_dags/plugins/workday.py
[2026-05-21T11:50:21.922+0000] {processor.py:842} WARNING - No viable dags retrieved from /home/airflow/.local/lib/python3.12/site-packages/airflow/example_dags/plugins/workday.py
[2026-05-21T11:50:21.943+0000] {processor.py:183} INFO - Processing /home/airflow/.local/lib/python3.12/site-packages/airflow/example_dags/plugins/workday.py took 0.599 seconds
[2026-05-21T11:50:52.315+0000] {processor.py:161} INFO - Started process (PID=13460) to work on /home/airflow/.local/lib/python3.12/site-packages/airflow/example_dags/plugins/workday.py
[2026-05-21T11:50:52.317+0000] {processor.py:830} INFO - Processing file /home/airflow/.local/lib/python3.12/site-packages/airflow/example_dags/plugins/workday.py for tasks to queue
[2026-05-21T11:50:52.321+0000] {logging_mixin.py:188} INFO - [2026-05-21T11:50:52.320+0000] {dagbag.py:545} INFO - Filling up the DagBag from /home/airflow/.local/lib/python3.12/site-packages/airflow/example_dags/plugins/workday.py
[2026-05-21T11:50:52.835+0000] {processor.py:842} WARNING - No viable dags retrieved from /home/airflow/.local/lib/python3.12/site-packages/airflow/example_dags/plugins/workday.py
[2026-05-21T11:50:52.856+0000] {processor.py:183} INFO - Processing /home/airflow/.local/lib/python3.12/site-packages/airflow/example_dags/plugins/workday.py took 0.554 seconds
[2026-05-21T11:51:23.134+0000] {processor.py:161} INFO - Started process (PID=13520) to work on /home/airflow/.local/lib/python3.12/site-packages/airflow/example_dags/plugins/workday.py
[2026-05-21T11:51:23.137+0000] {processor.py:830} INFO - Processing file /home/airflow/.local/lib/python3.12/site-packages/airflow/example_dags/plugins/workday.py for tasks to queue
[2026-05-21T11:51:23.145+0000] {logging_mixin.py:188} INFO - [2026-05-21T11:51:23.143+0000] {dagbag.py:545} INFO - Filling up the DagBag from /home/airflow/.local/lib/python3.12/site-packages/airflow/example_dags/plugins/workday.py
[2026-05-21T11:51:25.077+0000] {processor.py:842} WARNING - No viable dags retrieved from /home/airflow/.local/lib/python3.12/site-packages/airflow/example_dags/plugins/workday.py
[2026-05-21T11:51:25.105+0000] {processor.py:183} INFO - Processing /home/airflow/.local/lib/python3.12/site-packages/airflow/example_dags/plugins/workday.py took 2.001 seconds
[2026-05-21T11:51:55.210+0000] {processor.py:161} INFO - Started process (PID=13581) to work on /home/airflow/.local/lib/python3.12/site-packages/airflow/example_dags/plugins/workday.py
[2026-05-21T11:51:55.212+0000] {processor.py:830} INFO - Processing file /home/airflow/.local/lib/python3.12/site-packages/airflow/example_dags/plugins/workday.py for tasks to queue
[2026-05-21T11:51:55.215+0000] {logging_mixin.py:188} INFO - [2026-05-21T11:51:55.214+0000] {dagbag.py:545} INFO - Filling up the DagBag from /home/airflow/.local/lib/python3.12/site-packages/airflow/example_dags/plugins/workday.py
[2026-05-21T11:51:55.652+0000] {processor.py:842} WARNING - No viable dags retrieved from /home/airflow/.local/lib/python3.12/site-packages/airflow/example_dags/plugins/workday.py
[2026-05-21T11:51:55.674+0000] {processor.py:183} INFO - Processing /home/airflow/.local/lib/python3.12/site-packages/airflow/example_dags/plugins/workday.py took 0.472 seconds
[2026-05-21T11:52:26.367+0000] {processor.py:161} INFO - Started process (PID=13641) to work on /home/airflow/.local/lib/python3.12/site-packages/airflow/example_dags/plugins/workday.py
[2026-05-21T11:52:26.368+0000] {processor.py:830} INFO - Processing file /home/airflow/.local/lib/python3.12/site-packages/airflow/example_dags/plugins/workday.py for tasks to queue
[2026-05-21T11:52:26.372+0000] {logging_mixin.py:188} INFO - [2026-05-21T11:52:26.371+0000] {dagbag.py:545} INFO - Filling up the DagBag from /home/airflow/.local/lib/python3.12/site-packages/airflow/example_dags/plugins/workday.py
[2026-05-21T11:52:26.832+0000] {processor.py:842} WARNING - No viable dags retrieved from /home/airflow/.local/lib/python3.12/site-packages/airflow/example_dags/plugins/workday.py
[2026-05-21T11:52:26.852+0000] {processor.py:183} INFO - Processing /home/airflow/.local/lib/python3.12/site-packages/airflow/example_dags/plugins/workday.py took 0.493 seconds
[2026-05-21T11:52:57.407+0000] {processor.py:161} INFO - Started process (PID=13701) to work on /home/airflow/.local/lib/python3.12/site-packages/airflow/example_dags/plugins/workday.py
[2026-05-21T11:52:57.410+0000] {processor.py:830} INFO - Processing file /home/airflow/.local/lib/python3.12/site-packages/airflow/example_dags/plugins/workday.py for tasks to queue
[2026-05-21T11:52:57.415+0000] {logging_mixin.py:188} INFO - [2026-05-21T11:52:57.414+0000] {dagbag.py:545} INFO - Filling up the DagBag from /home/airflow/.local/lib/python3.12/site-packages/airflow/example_dags/plugins/workday.py
[2026-05-21T11:52:58.100+0000] {processor.py:842} WARNING - No viable dags retrieved from /home/airflow/.local/lib/python3.12/site-packages/airflow/example_dags/plugins/workday.py
[2026-05-21T11:52:58.138+0000] {processor.py:183} INFO - Processing /home/airflow/.local/lib/python3.12/site-packages/airflow/example_dags/plugins/workday.py took 0.742 seconds
[2026-05-21T11:53:28.604+0000] {processor.py:161} INFO - Started process (PID=13761) to work on /home/airflow/.local/lib/python3.12/site-packages/airflow/example_dags/plugins/workday.py
[2026-05-21T11:53:28.606+0000] {processor.py:830} INFO - Processing file /home/airflow/.local/lib/python3.12/site-packages/airflow/example_dags/plugins/workday.py for tasks to queue
[2026-05-21T11:53:28.609+0000] {logging_mixin.py:188} INFO - [2026-05-21T11:53:28.609+0000] {dagbag.py:545} INFO - Filling up the DagBag from /home/airflow/.local/lib/python3.12/site-packages/airflow/example_dags/plugins/workday.py
[2026-05-21T11:53:29.121+0000] {processor.py:842} WARNING - No viable dags retrieved from /home/airflow/.local/lib/python3.12/site-packages/airflow/example_dags/plugins/workday.py
[2026-05-21T11:53:29.140+0000] {processor.py:183} INFO - Processing /home/airflow/.local/lib/python3.12/site-packages/airflow/example_dags/plugins/workday.py took 0.545 seconds
[2026-05-21T11:53:59.306+0000] {processor.py:161} INFO - Started process (PID=13820) to work on /home/airflow/.local/lib/python3.12/site-packages/airflow/example_dags/plugins/workday.py
[2026-05-21T11:53:59.308+0000] {processor.py:830} INFO - Processing file /home/airflow/.local/lib/python3.12/site-packages/airflow/example_dags/plugins/workday.py for tasks to queue
[2026-05-21T11:53:59.311+0000] {logging_mixin.py:188} INFO - [2026-05-21T11:53:59.310+0000] {dagbag.py:545} INFO - Filling up the DagBag from /home/airflow/.local/lib/python3.12/site-packages/airflow/example_dags/plugins/workday.py
[2026-05-21T11:53:59.725+0000] {processor.py:842} WARNING - No viable dags retrieved from /home/airflow/.local/lib/python3.12/site-packages/airflow/example_dags/plugins/workday.py
[2026-05-21T11:53:59.748+0000] {processor.py:183} INFO - Processing /home/airflow/.local/lib/python3.12/site-packages/airflow/example_dags/plugins/workday.py took 0.451 seconds
[2026-05-21T11:54:30.466+0000] {processor.py:161} INFO - Started process (PID=13880) to work on /home/airflow/.local/lib/python3.12/site-packages/airflow/example_dags/plugins/workday.py
[2026-05-21T11:54:30.468+0000] {processor.py:830} INFO - Processing file /home/airflow/.local/lib/python3.12/site-packages/airflow/example_dags/plugins/workday.py for tasks to queue
[2026-05-21T11:54:30.471+0000] {logging_mixin.py:188} INFO - [2026-05-21T11:54:30.471+0000] {dagbag.py:545} INFO - Filling up the DagBag from /home/airflow/.local/lib/python3.12/site-packages/airflow/example_dags/plugins/workday.py
[2026-05-21T11:54:30.940+0000] {processor.py:842} WARNING - No viable dags retrieved from /home/airflow/.local/lib/python3.12/site-packages/airflow/example_dags/plugins/workday.py
[2026-05-21T11:54:30.962+0000] {processor.py:183} INFO - Processing /home/airflow/.local/lib/python3.12/site-packages/airflow/example_dags/plugins/workday.py took 0.507 seconds
[2026-05-21T11:55:01.099+0000] {processor.py:161} INFO - Started process (PID=13942) to work on /home/airflow/.local/lib/python3.12/site-packages/airflow/example_dags/plugins/workday.py
[2026-05-21T11:55:01.100+0000] {processor.py:830} INFO - Processing file /home/airflow/.local/lib/python3.12/site-packages/airflow/example_dags/plugins/workday.py for tasks to queue
[2026-05-21T11:55:01.104+0000] {logging_mixin.py:188} INFO - [2026-05-21T11:55:01.103+0000] {dagbag.py:545} INFO - Filling up the DagBag from /home/airflow/.local/lib/python3.12/site-packages/airflow/example_dags/plugins/workday.py
[2026-05-21T11:55:01.704+0000] {processor.py:842} WARNING - No viable dags retrieved from /home/airflow/.local/lib/python3.12/site-packages/airflow/example_dags/plugins/workday.py
[2026-05-21T11:55:01.732+0000] {processor.py:183} INFO - Processing /home/airflow/.local/lib/python3.12/site-packages/airflow/example_dags/plugins/workday.py took 0.643 seconds
[2026-05-21T11:55:31.936+0000] {processor.py:161} INFO - Started process (PID=14008) to work on /home/airflow/.local/lib/python3.12/site-packages/airflow/example_dags/plugins/workday.py
[2026-05-21T11:55:31.938+0000] {processor.py:830} INFO - Processing file /home/airflow/.local/lib/python3.12/site-packages/airflow/example_dags/plugins/workday.py for tasks to queue
[2026-05-21T11:55:31.941+0000] {logging_mixin.py:188} INFO - [2026-05-21T11:55:31.941+0000] {dagbag.py:545} INFO - Filling up the DagBag from /home/airflow/.local/lib/python3.12/site-packages/airflow/example_dags/plugins/workday.py
[2026-05-21T11:55:32.448+0000] {processor.py:842} WARNING - No viable dags retrieved from /home/airflow/.local/lib/python3.12/site-packages/airflow/example_dags/plugins/workday.py
[2026-05-21T11:55:32.468+0000] {processor.py:183} INFO - Processing /home/airflow/.local/lib/python3.12/site-packages/airflow/example_dags/plugins/workday.py took 0.542 seconds
[2026-05-21T11:56:03.915+0000] {processor.py:161} INFO - Started process (PID=14072) to work on /home/airflow/.local/lib/python3.12/site-packages/airflow/example_dags/plugins/workday.py
[2026-05-21T11:56:03.917+0000] {processor.py:830} INFO - Processing file /home/airflow/.local/lib/python3.12/site-packages/airflow/example_dags/plugins/workday.py for tasks to queue
[2026-05-21T11:56:03.921+0000] {logging_mixin.py:188} INFO - [2026-05-21T11:56:03.920+0000] {dagbag.py:545} INFO - Filling up the DagBag from /home/airflow/.local/lib/python3.12/site-packages/airflow/example_dags/plugins/workday.py
[2026-05-21T11:56:04.380+0000] {processor.py:842} WARNING - No viable dags retrieved from /home/airflow/.local/lib/python3.12/site-packages/airflow/example_dags/plugins/workday.py
[2026-05-21T11:56:04.400+0000] {processor.py:183} INFO - Processing /home/airflow/.local/lib/python3.12/site-packages/airflow/example_dags/plugins/workday.py took 0.493 seconds
[2026-05-21T11:56:35.540+0000] {processor.py:161} INFO - Started process (PID=14135) to work on /home/airflow/.local/lib/python3.12/site-packages/airflow/example_dags/plugins/workday.py
[2026-05-21T11:56:35.542+0000] {processor.py:830} INFO - Processing file /home/airflow/.local/lib/python3.12/site-packages/airflow/example_dags/plugins/workday.py for tasks to queue
[2026-05-21T11:56:35.545+0000] {logging_mixin.py:188} INFO - [2026-05-21T11:56:35.545+0000] {dagbag.py:545} INFO - Filling up the DagBag from /home/airflow/.local/lib/python3.12/site-packages/airflow/example_dags/plugins/workday.py
[2026-05-21T11:56:36.120+0000] {processor.py:842} WARNING - No viable dags retrieved from /home/airflow/.local/lib/python3.12/site-packages/airflow/example_dags/plugins/workday.py
[2026-05-21T11:56:36.142+0000] {processor.py:183} INFO - Processing /home/airflow/.local/lib/python3.12/site-packages/airflow/example_dags/plugins/workday.py took 0.612 seconds
[2026-05-21T11:57:07.067+0000] {processor.py:161} INFO - Started process (PID=14198) to work on /home/airflow/.local/lib/python3.12/site-packages/airflow/example_dags/plugins/workday.py
[2026-05-21T11:57:07.069+0000] {processor.py:830} INFO - Processing file /home/airflow/.local/lib/python3.12/site-packages/airflow/example_dags/plugins/workday.py for tasks to queue
[2026-05-21T11:57:07.071+0000] {logging_mixin.py:188} INFO - [2026-05-21T11:57:07.071+0000] {dagbag.py:545} INFO - Filling up the DagBag from /home/airflow/.local/lib/python3.12/site-packages/airflow/example_dags/plugins/workday.py
[2026-05-21T11:57:07.599+0000] {processor.py:842} WARNING - No viable dags retrieved from /home/airflow/.local/lib/python3.12/site-packages/airflow/example_dags/plugins/workday.py
[2026-05-21T11:57:07.622+0000] {processor.py:183} INFO - Processing /home/airflow/.local/lib/python3.12/site-packages/airflow/example_dags/plugins/workday.py took 0.563 seconds
[2026-05-21T11:57:37.974+0000] {processor.py:161} INFO - Started process (PID=14258) to work on /home/airflow/.local/lib/python3.12/site-packages/airflow/example_dags/plugins/workday.py
[2026-05-21T11:57:37.976+0000] {processor.py:830} INFO - Processing file /home/airflow/.local/lib/python3.12/site-packages/airflow/example_dags/plugins/workday.py for tasks to queue
[2026-05-21T11:57:37.979+0000] {logging_mixin.py:188} INFO - [2026-05-21T11:57:37.979+0000] {dagbag.py:545} INFO - Filling up the DagBag from /home/airflow/.local/lib/python3.12/site-packages/airflow/example_dags/plugins/workday.py
[2026-05-21T11:57:39.719+0000] {processor.py:842} WARNING - No viable dags retrieved from /home/airflow/.local/lib/python3.12/site-packages/airflow/example_dags/plugins/workday.py
[2026-05-21T11:57:39.759+0000] {processor.py:183} INFO - Processing /home/airflow/.local/lib/python3.12/site-packages/airflow/example_dags/plugins/workday.py took 1.795 seconds
[2026-05-21T11:58:10.316+0000] {processor.py:161} INFO - Started process (PID=14320) to work on /home/airflow/.local/lib/python3.12/site-packages/airflow/example_dags/plugins/workday.py
[2026-05-21T11:58:10.321+0000] {processor.py:830} INFO - Processing file /home/airflow/.local/lib/python3.12/site-packages/airflow/example_dags/plugins/workday.py for tasks to queue
[2026-05-21T11:58:10.325+0000] {logging_mixin.py:188} INFO - [2026-05-21T11:58:10.324+0000] {dagbag.py:545} INFO - Filling up the DagBag from /home/airflow/.local/lib/python3.12/site-packages/airflow/example_dags/plugins/workday.py
[2026-05-21T11:58:10.931+0000] {processor.py:842} WARNING - No viable dags retrieved from /home/airflow/.local/lib/python3.12/site-packages/airflow/example_dags/plugins/workday.py
[2026-05-21T11:58:10.958+0000] {processor.py:183} INFO - Processing /home/airflow/.local/lib/python3.12/site-packages/airflow/example_dags/plugins/workday.py took 0.652 seconds
[2026-05-21T11:58:41.388+0000] {processor.py:161} INFO - Started process (PID=14383) to work on /home/airflow/.local/lib/python3.12/site-packages/airflow/example_dags/plugins/workday.py
[2026-05-21T11:58:41.390+0000] {processor.py:830} INFO - Processing file /home/airflow/.local/lib/python3.12/site-packages/airflow/example_dags/plugins/workday.py for tasks to queue
[2026-05-21T11:58:41.394+0000] {logging_mixin.py:188} INFO - [2026-05-21T11:58:41.394+0000] {dagbag.py:545} INFO - Filling up the DagBag from /home/airflow/.local/lib/python3.12/site-packages/airflow/example_dags/plugins/workday.py
[2026-05-21T11:58:41.871+0000] {processor.py:842} WARNING - No viable dags retrieved from /home/airflow/.local/lib/python3.12/site-packages/airflow/example_dags/plugins/workday.py
[2026-05-21T11:58:41.892+0000] {processor.py:183} INFO - Processing /home/airflow/.local/lib/python3.12/site-packages/airflow/example_dags/plugins/workday.py took 0.517 seconds
[2026-05-21T11:59:12.007+0000] {processor.py:161} INFO - Started process (PID=14443) to work on /home/airflow/.local/lib/python3.12/site-packages/airflow/example_dags/plugins/workday.py
[2026-05-21T11:59:12.009+0000] {processor.py:830} INFO - Processing file /home/airflow/.local/lib/python3.12/site-packages/airflow/example_dags/plugins/workday.py for tasks to queue
[2026-05-21T11:59:12.013+0000] {logging_mixin.py:188} INFO - [2026-05-21T11:59:12.012+0000] {dagbag.py:545} INFO - Filling up the DagBag from /home/airflow/.local/lib/python3.12/site-packages/airflow/example_dags/plugins/workday.py
[2026-05-21T11:59:12.493+0000] {processor.py:842} WARNING - No viable dags retrieved from /home/airflow/.local/lib/python3.12/site-packages/airflow/example_dags/plugins/workday.py
[2026-05-21T11:59:12.513+0000] {processor.py:183} INFO - Processing /home/airflow/.local/lib/python3.12/site-packages/airflow/example_dags/plugins/workday.py took 0.518 seconds
[2026-05-21T11:59:43.107+0000] {processor.py:161} INFO - Started process (PID=14503) to work on /home/airflow/.local/lib/python3.12/site-packages/airflow/example_dags/plugins/workday.py
[2026-05-21T11:59:43.109+0000] {processor.py:830} INFO - Processing file /home/airflow/.local/lib/python3.12/site-packages/airflow/example_dags/plugins/workday.py for tasks to queue
[2026-05-21T11:59:43.112+0000] {logging_mixin.py:188} INFO - [2026-05-21T11:59:43.111+0000] {dagbag.py:545} INFO - Filling up the DagBag from /home/airflow/.local/lib/python3.12/site-packages/airflow/example_dags/plugins/workday.py
[2026-05-21T11:59:43.591+0000] {processor.py:842} WARNING - No viable dags retrieved from /home/airflow/.local/lib/python3.12/site-packages/airflow/example_dags/plugins/workday.py
[2026-05-21T11:59:43.632+0000] {processor.py:183} INFO - Processing /home/airflow/.local/lib/python3.12/site-packages/airflow/example_dags/plugins/workday.py took 0.535 seconds
[2026-05-21T12:00:14.574+0000] {processor.py:161} INFO - Started process (PID=14567) to work on /home/airflow/.local/lib/python3.12/site-packages/airflow/example_dags/plugins/workday.py
[2026-05-21T12:00:14.577+0000] {processor.py:830} INFO - Processing file /home/airflow/.local/lib/python3.12/site-packages/airflow/example_dags/plugins/workday.py for tasks to queue
[2026-05-21T12:00:14.582+0000] {logging_mixin.py:188} INFO - [2026-05-21T12:00:14.580+0000] {dagbag.py:545} INFO - Filling up the DagBag from /home/airflow/.local/lib/python3.12/site-packages/airflow/example_dags/plugins/workday.py
[2026-05-21T12:00:15.047+0000] {processor.py:842} WARNING - No viable dags retrieved from /home/airflow/.local/lib/python3.12/site-packages/airflow/example_dags/plugins/workday.py
[2026-05-21T12:00:15.073+0000] {processor.py:183} INFO - Processing /home/airflow/.local/lib/python3.12/site-packages/airflow/example_dags/plugins/workday.py took 0.515 seconds
[2026-05-21T12:00:45.473+0000] {processor.py:161} INFO - Started process (PID=14627) to work on /home/airflow/.local/lib/python3.12/site-packages/airflow/example_dags/plugins/workday.py
[2026-05-21T12:00:45.475+0000] {processor.py:830} INFO - Processing file /home/airflow/.local/lib/python3.12/site-packages/airflow/example_dags/plugins/workday.py for tasks to queue
[2026-05-21T12:00:45.478+0000] {logging_mixin.py:188} INFO - [2026-05-21T12:00:45.478+0000] {dagbag.py:545} INFO - Filling up the DagBag from /home/airflow/.local/lib/python3.12/site-packages/airflow/example_dags/plugins/workday.py
[2026-05-21T12:00:45.936+0000] {processor.py:842} WARNING - No viable dags retrieved from /home/airflow/.local/lib/python3.12/site-packages/airflow/example_dags/plugins/workday.py
[2026-05-21T12:00:45.957+0000] {processor.py:183} INFO - Processing /home/airflow/.local/lib/python3.12/site-packages/airflow/example_dags/plugins/workday.py took 0.497 seconds
[2026-05-21T12:01:16.217+0000] {processor.py:161} INFO - Started process (PID=14688) to work on /home/airflow/.local/lib/python3.12/site-packages/airflow/example_dags/plugins/workday.py
[2026-05-21T12:01:16.219+0000] {processor.py:830} INFO - Processing file /home/airflow/.local/lib/python3.12/site-packages/airflow/example_dags/plugins/workday.py for tasks to queue
[2026-05-21T12:01:16.222+0000] {logging_mixin.py:188} INFO - [2026-05-21T12:01:16.222+0000] {dagbag.py:545} INFO - Filling up the DagBag from /home/airflow/.local/lib/python3.12/site-packages/airflow/example_dags/plugins/workday.py
[2026-05-21T12:01:16.668+0000] {processor.py:842} WARNING - No viable dags retrieved from /home/airflow/.local/lib/python3.12/site-packages/airflow/example_dags/plugins/workday.py
[2026-05-21T12:01:16.688+0000] {processor.py:183} INFO - Processing /home/airflow/.local/lib/python3.12/site-packages/airflow/example_dags/plugins/workday.py took 0.482 seconds
[2026-05-21T12:01:46.952+0000] {processor.py:161} INFO - Started process (PID=14747) to work on /home/airflow/.local/lib/python3.12/site-packages/airflow/example_dags/plugins/workday.py
[2026-05-21T12:01:46.955+0000] {processor.py:830} INFO - Processing file /home/airflow/.local/lib/python3.12/site-packages/airflow/example_dags/plugins/workday.py for tasks to queue
[2026-05-21T12:01:46.958+0000] {logging_mixin.py:188} INFO - [2026-05-21T12:01:46.958+0000] {dagbag.py:545} INFO - Filling up the DagBag from /home/airflow/.local/lib/python3.12/site-packages/airflow/example_dags/plugins/workday.py
[2026-05-21T12:01:50.466+0000] {processor.py:842} WARNING - No viable dags retrieved from /home/airflow/.local/lib/python3.12/site-packages/airflow/example_dags/plugins/workday.py
[2026-05-21T12:01:50.545+0000] {processor.py:183} INFO - Processing /home/airflow/.local/lib/python3.12/site-packages/airflow/example_dags/plugins/workday.py took 3.603 seconds
[2026-05-21T12:02:22.933+0000] {processor.py:161} INFO - Started process (PID=14812) to work on /home/airflow/.local/lib/python3.12/site-packages/airflow/example_dags/plugins/workday.py
[2026-05-21T12:02:22.955+0000] {processor.py:830} INFO - Processing file /home/airflow/.local/lib/python3.12/site-packages/airflow/example_dags/plugins/workday.py for tasks to queue
[2026-05-21T12:02:22.991+0000] {logging_mixin.py:188} INFO - [2026-05-21T12:02:22.964+0000] {dagbag.py:545} INFO - Filling up the DagBag from /home/airflow/.local/lib/python3.12/site-packages/airflow/example_dags/plugins/workday.py
[2026-05-21T12:02:29.510+0000] {processor.py:842} WARNING - No viable dags retrieved from /home/airflow/.local/lib/python3.12/site-packages/airflow/example_dags/plugins/workday.py
[2026-05-21T12:02:29.557+0000] {processor.py:183} INFO - Processing /home/airflow/.local/lib/python3.12/site-packages/airflow/example_dags/plugins/workday.py took 6.656 seconds
[2026-05-21T12:03:00.065+0000] {processor.py:161} INFO - Started process (PID=14871) to work on /home/airflow/.local/lib/python3.12/site-packages/airflow/example_dags/plugins/workday.py
[2026-05-21T12:03:00.067+0000] {processor.py:830} INFO - Processing file /home/airflow/.local/lib/python3.12/site-packages/airflow/example_dags/plugins/workday.py for tasks to queue
[2026-05-21T12:03:00.072+0000] {logging_mixin.py:188} INFO - [2026-05-21T12:03:00.071+0000] {dagbag.py:545} INFO - Filling up the DagBag from /home/airflow/.local/lib/python3.12/site-packages/airflow/example_dags/plugins/workday.py
[2026-05-21T12:03:01.225+0000] {processor.py:842} WARNING - No viable dags retrieved from /home/airflow/.local/lib/python3.12/site-packages/airflow/example_dags/plugins/workday.py
[2026-05-21T12:03:01.307+0000] {processor.py:183} INFO - Processing /home/airflow/.local/lib/python3.12/site-packages/airflow/example_dags/plugins/workday.py took 1.256 seconds
[2026-05-21T12:03:32.905+0000] {processor.py:161} INFO - Started process (PID=14933) to work on /home/airflow/.local/lib/python3.12/site-packages/airflow/example_dags/plugins/workday.py
[2026-05-21T12:03:32.908+0000] {processor.py:830} INFO - Processing file /home/airflow/.local/lib/python3.12/site-packages/airflow/example_dags/plugins/workday.py for tasks to queue
[2026-05-21T12:03:32.913+0000] {logging_mixin.py:188} INFO - [2026-05-21T12:03:32.912+0000] {dagbag.py:545} INFO - Filling up the DagBag from /home/airflow/.local/lib/python3.12/site-packages/airflow/example_dags/plugins/workday.py
[2026-05-21T12:03:34.069+0000] {processor.py:842} WARNING - No viable dags retrieved from /home/airflow/.local/lib/python3.12/site-packages/airflow/example_dags/plugins/workday.py
[2026-05-21T12:03:34.147+0000] {processor.py:183} INFO - Processing /home/airflow/.local/lib/python3.12/site-packages/airflow/example_dags/plugins/workday.py took 1.258 seconds
[2026-05-21T12:04:04.767+0000] {processor.py:161} INFO - Started process (PID=15001) to work on /home/airflow/.local/lib/python3.12/site-packages/airflow/example_dags/plugins/workday.py
[2026-05-21T12:04:04.769+0000] {processor.py:830} INFO - Processing file /home/airflow/.local/lib/python3.12/site-packages/airflow/example_dags/plugins/workday.py for tasks to queue
[2026-05-21T12:04:04.774+0000] {logging_mixin.py:188} INFO - [2026-05-21T12:04:04.773+0000] {dagbag.py:545} INFO - Filling up the DagBag from /home/airflow/.local/lib/python3.12/site-packages/airflow/example_dags/plugins/workday.py
[2026-05-21T12:04:05.811+0000] {processor.py:842} WARNING - No viable dags retrieved from /home/airflow/.local/lib/python3.12/site-packages/airflow/example_dags/plugins/workday.py
[2026-05-21T12:04:05.838+0000] {processor.py:183} INFO - Processing /home/airflow/.local/lib/python3.12/site-packages/airflow/example_dags/plugins/workday.py took 1.085 seconds
[2026-05-21T12:04:36.464+0000] {processor.py:161} INFO - Started process (PID=15063) to work on /home/airflow/.local/lib/python3.12/site-packages/airflow/example_dags/plugins/workday.py
[2026-05-21T12:04:36.467+0000] {processor.py:830} INFO - Processing file /home/airflow/.local/lib/python3.12/site-packages/airflow/example_dags/plugins/workday.py for tasks to queue
[2026-05-21T12:04:36.473+0000] {logging_mixin.py:188} INFO - [2026-05-21T12:04:36.472+0000] {dagbag.py:545} INFO - Filling up the DagBag from /home/airflow/.local/lib/python3.12/site-packages/airflow/example_dags/plugins/workday.py
[2026-05-21T12:04:37.529+0000] {processor.py:842} WARNING - No viable dags retrieved from /home/airflow/.local/lib/python3.12/site-packages/airflow/example_dags/plugins/workday.py
[2026-05-21T12:04:37.552+0000] {processor.py:183} INFO - Processing /home/airflow/.local/lib/python3.12/site-packages/airflow/example_dags/plugins/workday.py took 1.101 seconds
[2026-05-21T12:05:08.803+0000] {processor.py:161} INFO - Started process (PID=15128) to work on /home/airflow/.local/lib/python3.12/site-packages/airflow/example_dags/plugins/workday.py
[2026-05-21T12:05:08.805+0000] {processor.py:830} INFO - Processing file /home/airflow/.local/lib/python3.12/site-packages/airflow/example_dags/plugins/workday.py for tasks to queue
[2026-05-21T12:05:08.808+0000] {logging_mixin.py:188} INFO - [2026-05-21T12:05:08.807+0000] {dagbag.py:545} INFO - Filling up the DagBag from /home/airflow/.local/lib/python3.12/site-packages/airflow/example_dags/plugins/workday.py
[2026-05-21T12:05:09.688+0000] {processor.py:842} WARNING - No viable dags retrieved from /home/airflow/.local/lib/python3.12/site-packages/airflow/example_dags/plugins/workday.py
[2026-05-21T12:05:09.709+0000] {processor.py:183} INFO - Processing /home/airflow/.local/lib/python3.12/site-packages/airflow/example_dags/plugins/workday.py took 0.915 seconds
[2026-05-21T12:05:40.630+0000] {processor.py:161} INFO - Started process (PID=15194) to work on /home/airflow/.local/lib/python3.12/site-packages/airflow/example_dags/plugins/workday.py
[2026-05-21T12:05:40.634+0000] {processor.py:830} INFO - Processing file /home/airflow/.local/lib/python3.12/site-packages/airflow/example_dags/plugins/workday.py for tasks to queue
[2026-05-21T12:05:40.642+0000] {logging_mixin.py:188} INFO - [2026-05-21T12:05:40.640+0000] {dagbag.py:545} INFO - Filling up the DagBag from /home/airflow/.local/lib/python3.12/site-packages/airflow/example_dags/plugins/workday.py
[2026-05-21T12:05:42.222+0000] {processor.py:842} WARNING - No viable dags retrieved from /home/airflow/.local/lib/python3.12/site-packages/airflow/example_dags/plugins/workday.py
[2026-05-21T12:05:42.253+0000] {processor.py:183} INFO - Processing /home/airflow/.local/lib/python3.12/site-packages/airflow/example_dags/plugins/workday.py took 1.648 seconds
[2026-05-21T12:06:13.184+0000] {processor.py:161} INFO - Started process (PID=15257) to work on /home/airflow/.local/lib/python3.12/site-packages/airflow/example_dags/plugins/workday.py
[2026-05-21T12:06:13.187+0000] {processor.py:830} INFO - Processing file /home/airflow/.local/lib/python3.12/site-packages/airflow/example_dags/plugins/workday.py for tasks to queue
[2026-05-21T12:06:13.191+0000] {logging_mixin.py:188} INFO - [2026-05-21T12:06:13.190+0000] {dagbag.py:545} INFO - Filling up the DagBag from /home/airflow/.local/lib/python3.12/site-packages/airflow/example_dags/plugins/workday.py
[2026-05-21T12:06:14.958+0000] {processor.py:842} WARNING - No viable dags retrieved from /home/airflow/.local/lib/python3.12/site-packages/airflow/example_dags/plugins/workday.py
[2026-05-21T12:06:15.005+0000] {processor.py:183} INFO - Processing /home/airflow/.local/lib/python3.12/site-packages/airflow/example_dags/plugins/workday.py took 1.833 seconds
[2026-05-21T12:06:45.143+0000] {processor.py:161} INFO - Started process (PID=15320) to work on /home/airflow/.local/lib/python3.12/site-packages/airflow/example_dags/plugins/workday.py
[2026-05-21T12:06:45.145+0000] {processor.py:830} INFO - Processing file /home/airflow/.local/lib/python3.12/site-packages/airflow/example_dags/plugins/workday.py for tasks to queue
[2026-05-21T12:06:45.149+0000] {logging_mixin.py:188} INFO - [2026-05-21T12:06:45.148+0000] {dagbag.py:545} INFO - Filling up the DagBag from /home/airflow/.local/lib/python3.12/site-packages/airflow/example_dags/plugins/workday.py
[2026-05-21T12:06:45.838+0000] {processor.py:842} WARNING - No viable dags retrieved from /home/airflow/.local/lib/python3.12/site-packages/airflow/example_dags/plugins/workday.py
[2026-05-21T12:06:45.859+0000] {processor.py:183} INFO - Processing /home/airflow/.local/lib/python3.12/site-packages/airflow/example_dags/plugins/workday.py took 0.725 seconds
[2026-05-21T12:07:16.979+0000] {processor.py:161} INFO - Started process (PID=15383) to work on /home/airflow/.local/lib/python3.12/site-packages/airflow/example_dags/plugins/workday.py
[2026-05-21T12:07:16.981+0000] {processor.py:830} INFO - Processing file /home/airflow/.local/lib/python3.12/site-packages/airflow/example_dags/plugins/workday.py for tasks to queue
[2026-05-21T12:07:16.986+0000] {logging_mixin.py:188} INFO - [2026-05-21T12:07:16.985+0000] {dagbag.py:545} INFO - Filling up the DagBag from /home/airflow/.local/lib/python3.12/site-packages/airflow/example_dags/plugins/workday.py
[2026-05-21T12:07:17.725+0000] {processor.py:842} WARNING - No viable dags retrieved from /home/airflow/.local/lib/python3.12/site-packages/airflow/example_dags/plugins/workday.py
[2026-05-21T12:07:17.751+0000] {processor.py:183} INFO - Processing /home/airflow/.local/lib/python3.12/site-packages/airflow/example_dags/plugins/workday.py took 0.786 seconds
[2026-05-21T12:07:47.924+0000] {processor.py:161} INFO - Started process (PID=15443) to work on /home/airflow/.local/lib/python3.12/site-packages/airflow/example_dags/plugins/workday.py
[2026-05-21T12:07:47.926+0000] {processor.py:830} INFO - Processing file /home/airflow/.local/lib/python3.12/site-packages/airflow/example_dags/plugins/workday.py for tasks to queue
[2026-05-21T12:07:47.930+0000] {logging_mixin.py:188} INFO - [2026-05-21T12:07:47.929+0000] {dagbag.py:545} INFO - Filling up the DagBag from /home/airflow/.local/lib/python3.12/site-packages/airflow/example_dags/plugins/workday.py
[2026-05-21T12:07:48.704+0000] {processor.py:842} WARNING - No viable dags retrieved from /home/airflow/.local/lib/python3.12/site-packages/airflow/example_dags/plugins/workday.py
[2026-05-21T12:07:48.730+0000] {processor.py:183} INFO - Processing /home/airflow/.local/lib/python3.12/site-packages/airflow/example_dags/plugins/workday.py took 0.817 seconds
[2026-05-21T12:08:19.773+0000] {processor.py:161} INFO - Started process (PID=15506) to work on /home/airflow/.local/lib/python3.12/site-packages/airflow/example_dags/plugins/workday.py
[2026-05-21T12:08:19.776+0000] {processor.py:830} INFO - Processing file /home/airflow/.local/lib/python3.12/site-packages/airflow/example_dags/plugins/workday.py for tasks to queue
[2026-05-21T12:08:19.779+0000] {logging_mixin.py:188} INFO - [2026-05-21T12:08:19.779+0000] {dagbag.py:545} INFO - Filling up the DagBag from /home/airflow/.local/lib/python3.12/site-packages/airflow/example_dags/plugins/workday.py
[2026-05-21T12:08:20.611+0000] {processor.py:842} WARNING - No viable dags retrieved from /home/airflow/.local/lib/python3.12/site-packages/airflow/example_dags/plugins/workday.py
[2026-05-21T12:08:20.631+0000] {processor.py:183} INFO - Processing /home/airflow/.local/lib/python3.12/site-packages/airflow/example_dags/plugins/workday.py took 0.867 seconds
[2026-05-21T12:08:50.809+0000] {processor.py:161} INFO - Started process (PID=15570) to work on /home/airflow/.local/lib/python3.12/site-packages/airflow/example_dags/plugins/workday.py
[2026-05-21T12:08:50.811+0000] {processor.py:830} INFO - Processing file /home/airflow/.local/lib/python3.12/site-packages/airflow/example_dags/plugins/workday.py for tasks to queue
[2026-05-21T12:08:50.814+0000] {logging_mixin.py:188} INFO - [2026-05-21T12:08:50.813+0000] {dagbag.py:545} INFO - Filling up the DagBag from /home/airflow/.local/lib/python3.12/site-packages/airflow/example_dags/plugins/workday.py
[2026-05-21T12:08:51.527+0000] {processor.py:842} WARNING - No viable dags retrieved from /home/airflow/.local/lib/python3.12/site-packages/airflow/example_dags/plugins/workday.py
[2026-05-21T12:08:51.545+0000] {processor.py:183} INFO - Processing /home/airflow/.local/lib/python3.12/site-packages/airflow/example_dags/plugins/workday.py took 0.745 seconds
[2026-05-21T12:09:21.726+0000] {processor.py:161} INFO - Started process (PID=15634) to work on /home/airflow/.local/lib/python3.12/site-packages/airflow/example_dags/plugins/workday.py
[2026-05-21T12:09:21.728+0000] {processor.py:830} INFO - Processing file /home/airflow/.local/lib/python3.12/site-packages/airflow/example_dags/plugins/workday.py for tasks to queue
[2026-05-21T12:09:21.733+0000] {logging_mixin.py:188} INFO - [2026-05-21T12:09:21.732+0000] {dagbag.py:545} INFO - Filling up the DagBag from /home/airflow/.local/lib/python3.12/site-packages/airflow/example_dags/plugins/workday.py
[2026-05-21T12:09:22.437+0000] {processor.py:842} WARNING - No viable dags retrieved from /home/airflow/.local/lib/python3.12/site-packages/airflow/example_dags/plugins/workday.py
[2026-05-21T12:09:22.455+0000] {processor.py:183} INFO - Processing /home/airflow/.local/lib/python3.12/site-packages/airflow/example_dags/plugins/workday.py took 0.740 seconds
[2026-05-21T12:09:53.076+0000] {processor.py:161} INFO - Started process (PID=15695) to work on /home/airflow/.local/lib/python3.12/site-packages/airflow/example_dags/plugins/workday.py
[2026-05-21T12:09:53.078+0000] {processor.py:830} INFO - Processing file /home/airflow/.local/lib/python3.12/site-packages/airflow/example_dags/plugins/workday.py for tasks to queue
[2026-05-21T12:09:53.082+0000] {logging_mixin.py:188} INFO - [2026-05-21T12:09:53.082+0000] {dagbag.py:545} INFO - Filling up the DagBag from /home/airflow/.local/lib/python3.12/site-packages/airflow/example_dags/plugins/workday.py
[2026-05-21T12:09:53.847+0000] {processor.py:842} WARNING - No viable dags retrieved from /home/airflow/.local/lib/python3.12/site-packages/airflow/example_dags/plugins/workday.py
[2026-05-21T12:09:53.880+0000] {processor.py:183} INFO - Processing /home/airflow/.local/lib/python3.12/site-packages/airflow/example_dags/plugins/workday.py took 0.814 seconds
[2026-05-21T12:10:25.028+0000] {processor.py:161} INFO - Started process (PID=15760) to work on /home/airflow/.local/lib/python3.12/site-packages/airflow/example_dags/plugins/workday.py
[2026-05-21T12:10:25.029+0000] {processor.py:830} INFO - Processing file /home/airflow/.local/lib/python3.12/site-packages/airflow/example_dags/plugins/workday.py for tasks to queue
[2026-05-21T12:10:25.033+0000] {logging_mixin.py:188} INFO - [2026-05-21T12:10:25.032+0000] {dagbag.py:545} INFO - Filling up the DagBag from /home/airflow/.local/lib/python3.12/site-packages/airflow/example_dags/plugins/workday.py
[2026-05-21T12:10:25.803+0000] {processor.py:842} WARNING - No viable dags retrieved from /home/airflow/.local/lib/python3.12/site-packages/airflow/example_dags/plugins/workday.py
[2026-05-21T12:10:25.823+0000] {processor.py:183} INFO - Processing /home/airflow/.local/lib/python3.12/site-packages/airflow/example_dags/plugins/workday.py took 0.806 seconds
[2026-05-21T12:10:56.652+0000] {processor.py:161} INFO - Started process (PID=15821) to work on /home/airflow/.local/lib/python3.12/site-packages/airflow/example_dags/plugins/workday.py
[2026-05-21T12:10:56.655+0000] {processor.py:830} INFO - Processing file /home/airflow/.local/lib/python3.12/site-packages/airflow/example_dags/plugins/workday.py for tasks to queue
[2026-05-21T12:10:56.659+0000] {logging_mixin.py:188} INFO - [2026-05-21T12:10:56.659+0000] {dagbag.py:545} INFO - Filling up the DagBag from /home/airflow/.local/lib/python3.12/site-packages/airflow/example_dags/plugins/workday.py
[2026-05-21T12:10:57.661+0000] {processor.py:842} WARNING - No viable dags retrieved from /home/airflow/.local/lib/python3.12/site-packages/airflow/example_dags/plugins/workday.py
[2026-05-21T12:10:57.688+0000] {processor.py:183} INFO - Processing /home/airflow/.local/lib/python3.12/site-packages/airflow/example_dags/plugins/workday.py took 1.054 seconds
[2026-05-21T12:11:28.621+0000] {processor.py:161} INFO - Started process (PID=15886) to work on /home/airflow/.local/lib/python3.12/site-packages/airflow/example_dags/plugins/workday.py
[2026-05-21T12:11:28.623+0000] {processor.py:830} INFO - Processing file /home/airflow/.local/lib/python3.12/site-packages/airflow/example_dags/plugins/workday.py for tasks to queue
[2026-05-21T12:11:28.627+0000] {logging_mixin.py:188} INFO - [2026-05-21T12:11:28.626+0000] {dagbag.py:545} INFO - Filling up the DagBag from /home/airflow/.local/lib/python3.12/site-packages/airflow/example_dags/plugins/workday.py
[2026-05-21T12:11:29.256+0000] {processor.py:842} WARNING - No viable dags retrieved from /home/airflow/.local/lib/python3.12/site-packages/airflow/example_dags/plugins/workday.py
[2026-05-21T12:11:29.272+0000] {processor.py:183} INFO - Processing /home/airflow/.local/lib/python3.12/site-packages/airflow/example_dags/plugins/workday.py took 0.662 seconds
[2026-05-21T12:11:59.438+0000] {processor.py:161} INFO - Started process (PID=15946) to work on /home/airflow/.local/lib/python3.12/site-packages/airflow/example_dags/plugins/workday.py
[2026-05-21T12:11:59.440+0000] {processor.py:830} INFO - Processing file /home/airflow/.local/lib/python3.12/site-packages/airflow/example_dags/plugins/workday.py for tasks to queue
[2026-05-21T12:11:59.443+0000] {logging_mixin.py:188} INFO - [2026-05-21T12:11:59.443+0000] {dagbag.py:545} INFO - Filling up the DagBag from /home/airflow/.local/lib/python3.12/site-packages/airflow/example_dags/plugins/workday.py
[2026-05-21T12:12:00.081+0000] {processor.py:842} WARNING - No viable dags retrieved from /home/airflow/.local/lib/python3.12/site-packages/airflow/example_dags/plugins/workday.py
[2026-05-21T12:12:00.099+0000] {processor.py:183} INFO - Processing /home/airflow/.local/lib/python3.12/site-packages/airflow/example_dags/plugins/workday.py took 0.671 seconds
[2026-05-21T12:12:30.685+0000] {processor.py:161} INFO - Started process (PID=16005) to work on /home/airflow/.local/lib/python3.12/site-packages/airflow/example_dags/plugins/workday.py
[2026-05-21T12:12:30.687+0000] {processor.py:830} INFO - Processing file /home/airflow/.local/lib/python3.12/site-packages/airflow/example_dags/plugins/workday.py for tasks to queue
[2026-05-21T12:12:30.691+0000] {logging_mixin.py:188} INFO - [2026-05-21T12:12:30.690+0000] {dagbag.py:545} INFO - Filling up the DagBag from /home/airflow/.local/lib/python3.12/site-packages/airflow/example_dags/plugins/workday.py
[2026-05-21T12:12:31.539+0000] {processor.py:842} WARNING - No viable dags retrieved from /home/airflow/.local/lib/python3.12/site-packages/airflow/example_dags/plugins/workday.py
[2026-05-21T12:12:31.557+0000] {processor.py:183} INFO - Processing /home/airflow/.local/lib/python3.12/site-packages/airflow/example_dags/plugins/workday.py took 0.882 seconds
[2026-05-21T12:13:01.684+0000] {processor.py:161} INFO - Started process (PID=16067) to work on /home/airflow/.local/lib/python3.12/site-packages/airflow/example_dags/plugins/workday.py
[2026-05-21T12:13:01.686+0000] {processor.py:830} INFO - Processing file /home/airflow/.local/lib/python3.12/site-packages/airflow/example_dags/plugins/workday.py for tasks to queue
[2026-05-21T12:13:01.689+0000] {logging_mixin.py:188} INFO - [2026-05-21T12:13:01.689+0000] {dagbag.py:545} INFO - Filling up the DagBag from /home/airflow/.local/lib/python3.12/site-packages/airflow/example_dags/plugins/workday.py
[2026-05-21T12:13:02.372+0000] {processor.py:842} WARNING - No viable dags retrieved from /home/airflow/.local/lib/python3.12/site-packages/airflow/example_dags/plugins/workday.py
[2026-05-21T12:13:02.391+0000] {processor.py:183} INFO - Processing /home/airflow/.local/lib/python3.12/site-packages/airflow/example_dags/plugins/workday.py took 0.715 seconds
[2026-05-21T12:13:32.785+0000] {processor.py:161} INFO - Started process (PID=16127) to work on /home/airflow/.local/lib/python3.12/site-packages/airflow/example_dags/plugins/workday.py
[2026-05-21T12:13:32.787+0000] {processor.py:830} INFO - Processing file /home/airflow/.local/lib/python3.12/site-packages/airflow/example_dags/plugins/workday.py for tasks to queue
[2026-05-21T12:13:32.790+0000] {logging_mixin.py:188} INFO - [2026-05-21T12:13:32.790+0000] {dagbag.py:545} INFO - Filling up the DagBag from /home/airflow/.local/lib/python3.12/site-packages/airflow/example_dags/plugins/workday.py
[2026-05-21T12:13:33.496+0000] {processor.py:842} WARNING - No viable dags retrieved from /home/airflow/.local/lib/python3.12/site-packages/airflow/example_dags/plugins/workday.py
[2026-05-21T12:13:33.514+0000] {processor.py:183} INFO - Processing /home/airflow/.local/lib/python3.12/site-packages/airflow/example_dags/plugins/workday.py took 0.738 seconds
[2026-05-21T12:14:04.448+0000] {processor.py:161} INFO - Started process (PID=16187) to work on /home/airflow/.local/lib/python3.12/site-packages/airflow/example_dags/plugins/workday.py
[2026-05-21T12:14:04.450+0000] {processor.py:830} INFO - Processing file /home/airflow/.local/lib/python3.12/site-packages/airflow/example_dags/plugins/workday.py for tasks to queue
[2026-05-21T12:14:04.458+0000] {logging_mixin.py:188} INFO - [2026-05-21T12:14:04.456+0000] {dagbag.py:545} INFO - Filling up the DagBag from /home/airflow/.local/lib/python3.12/site-packages/airflow/example_dags/plugins/workday.py
[2026-05-21T12:14:05.218+0000] {processor.py:842} WARNING - No viable dags retrieved from /home/airflow/.local/lib/python3.12/site-packages/airflow/example_dags/plugins/workday.py
[2026-05-21T12:14:05.238+0000] {processor.py:183} INFO - Processing /home/airflow/.local/lib/python3.12/site-packages/airflow/example_dags/plugins/workday.py took 0.806 seconds
[2026-05-21T12:14:36.252+0000] {processor.py:161} INFO - Started process (PID=16247) to work on /home/airflow/.local/lib/python3.12/site-packages/airflow/example_dags/plugins/workday.py
[2026-05-21T12:14:36.254+0000] {processor.py:830} INFO - Processing file /home/airflow/.local/lib/python3.12/site-packages/airflow/example_dags/plugins/workday.py for tasks to queue
[2026-05-21T12:14:36.257+0000] {logging_mixin.py:188} INFO - [2026-05-21T12:14:36.256+0000] {dagbag.py:545} INFO - Filling up the DagBag from /home/airflow/.local/lib/python3.12/site-packages/airflow/example_dags/plugins/workday.py
[2026-05-21T12:14:37.058+0000] {processor.py:842} WARNING - No viable dags retrieved from /home/airflow/.local/lib/python3.12/site-packages/airflow/example_dags/plugins/workday.py
[2026-05-21T12:14:37.078+0000] {processor.py:183} INFO - Processing /home/airflow/.local/lib/python3.12/site-packages/airflow/example_dags/plugins/workday.py took 0.836 seconds
[2026-05-21T12:15:07.936+0000] {processor.py:161} INFO - Started process (PID=16314) to work on /home/airflow/.local/lib/python3.12/site-packages/airflow/example_dags/plugins/workday.py
[2026-05-21T12:15:07.938+0000] {processor.py:830} INFO - Processing file /home/airflow/.local/lib/python3.12/site-packages/airflow/example_dags/plugins/workday.py for tasks to queue
[2026-05-21T12:15:07.942+0000] {logging_mixin.py:188} INFO - [2026-05-21T12:15:07.942+0000] {dagbag.py:545} INFO - Filling up the DagBag from /home/airflow/.local/lib/python3.12/site-packages/airflow/example_dags/plugins/workday.py
[2026-05-21T12:15:08.587+0000] {processor.py:842} WARNING - No viable dags retrieved from /home/airflow/.local/lib/python3.12/site-packages/airflow/example_dags/plugins/workday.py
[2026-05-21T12:15:08.605+0000] {processor.py:183} INFO - Processing /home/airflow/.local/lib/python3.12/site-packages/airflow/example_dags/plugins/workday.py took 0.678 seconds
[2026-05-21T12:15:38.822+0000] {processor.py:161} INFO - Started process (PID=16374) to work on /home/airflow/.local/lib/python3.12/site-packages/airflow/example_dags/plugins/workday.py
[2026-05-21T12:15:38.826+0000] {processor.py:830} INFO - Processing file /home/airflow/.local/lib/python3.12/site-packages/airflow/example_dags/plugins/workday.py for tasks to queue
[2026-05-21T12:15:38.833+0000] {logging_mixin.py:188} INFO - [2026-05-21T12:15:38.832+0000] {dagbag.py:545} INFO - Filling up the DagBag from /home/airflow/.local/lib/python3.12/site-packages/airflow/example_dags/plugins/workday.py
[2026-05-21T12:15:39.579+0000] {processor.py:842} WARNING - No viable dags retrieved from /home/airflow/.local/lib/python3.12/site-packages/airflow/example_dags/plugins/workday.py
[2026-05-21T12:15:39.602+0000] {processor.py:183} INFO - Processing /home/airflow/.local/lib/python3.12/site-packages/airflow/example_dags/plugins/workday.py took 0.800 seconds
[2026-05-21T12:16:10.187+0000] {processor.py:161} INFO - Started process (PID=16435) to work on /home/airflow/.local/lib/python3.12/site-packages/airflow/example_dags/plugins/workday.py
[2026-05-21T12:16:10.189+0000] {processor.py:830} INFO - Processing file /home/airflow/.local/lib/python3.12/site-packages/airflow/example_dags/plugins/workday.py for tasks to queue
[2026-05-21T12:16:10.192+0000] {logging_mixin.py:188} INFO - [2026-05-21T12:16:10.192+0000] {dagbag.py:545} INFO - Filling up the DagBag from /home/airflow/.local/lib/python3.12/site-packages/airflow/example_dags/plugins/workday.py
[2026-05-21T12:16:10.897+0000] {processor.py:842} WARNING - No viable dags retrieved from /home/airflow/.local/lib/python3.12/site-packages/airflow/example_dags/plugins/workday.py
[2026-05-21T12:16:10.914+0000] {processor.py:183} INFO - Processing /home/airflow/.local/lib/python3.12/site-packages/airflow/example_dags/plugins/workday.py took 0.737 seconds
[2026-05-21T12:16:41.669+0000] {processor.py:161} INFO - Started process (PID=16495) to work on /home/airflow/.local/lib/python3.12/site-packages/airflow/example_dags/plugins/workday.py
[2026-05-21T12:16:41.671+0000] {processor.py:830} INFO - Processing file /home/airflow/.local/lib/python3.12/site-packages/airflow/example_dags/plugins/workday.py for tasks to queue
[2026-05-21T12:16:41.674+0000] {logging_mixin.py:188} INFO - [2026-05-21T12:16:41.674+0000] {dagbag.py:545} INFO - Filling up the DagBag from /home/airflow/.local/lib/python3.12/site-packages/airflow/example_dags/plugins/workday.py
[2026-05-21T12:16:42.284+0000] {processor.py:842} WARNING - No viable dags retrieved from /home/airflow/.local/lib/python3.12/site-packages/airflow/example_dags/plugins/workday.py
[2026-05-21T12:16:42.303+0000] {processor.py:183} INFO - Processing /home/airflow/.local/lib/python3.12/site-packages/airflow/example_dags/plugins/workday.py took 0.643 seconds
[2026-05-21T12:17:13.049+0000] {processor.py:161} INFO - Started process (PID=16555) to work on /home/airflow/.local/lib/python3.12/site-packages/airflow/example_dags/plugins/workday.py
[2026-05-21T12:17:13.051+0000] {processor.py:830} INFO - Processing file /home/airflow/.local/lib/python3.12/site-packages/airflow/example_dags/plugins/workday.py for tasks to queue
[2026-05-21T12:17:13.054+0000] {logging_mixin.py:188} INFO - [2026-05-21T12:17:13.053+0000] {dagbag.py:545} INFO - Filling up the DagBag from /home/airflow/.local/lib/python3.12/site-packages/airflow/example_dags/plugins/workday.py
[2026-05-21T12:17:13.708+0000] {processor.py:842} WARNING - No viable dags retrieved from /home/airflow/.local/lib/python3.12/site-packages/airflow/example_dags/plugins/workday.py
[2026-05-21T12:17:13.726+0000] {processor.py:183} INFO - Processing /home/airflow/.local/lib/python3.12/site-packages/airflow/example_dags/plugins/workday.py took 0.686 seconds
[2026-05-21T12:17:44.192+0000] {processor.py:161} INFO - Started process (PID=16615) to work on /home/airflow/.local/lib/python3.12/site-packages/airflow/example_dags/plugins/workday.py
[2026-05-21T12:17:44.194+0000] {processor.py:830} INFO - Processing file /home/airflow/.local/lib/python3.12/site-packages/airflow/example_dags/plugins/workday.py for tasks to queue
[2026-05-21T12:17:44.197+0000] {logging_mixin.py:188} INFO - [2026-05-21T12:17:44.197+0000] {dagbag.py:545} INFO - Filling up the DagBag from /home/airflow/.local/lib/python3.12/site-packages/airflow/example_dags/plugins/workday.py
[2026-05-21T12:17:45.057+0000] {processor.py:842} WARNING - No viable dags retrieved from /home/airflow/.local/lib/python3.12/site-packages/airflow/example_dags/plugins/workday.py
[2026-05-21T12:17:45.075+0000] {processor.py:183} INFO - Processing /home/airflow/.local/lib/python3.12/site-packages/airflow/example_dags/plugins/workday.py took 0.893 seconds
[2026-05-21T12:18:15.561+0000] {processor.py:161} INFO - Started process (PID=16675) to work on /home/airflow/.local/lib/python3.12/site-packages/airflow/example_dags/plugins/workday.py
[2026-05-21T12:18:15.562+0000] {processor.py:830} INFO - Processing file /home/airflow/.local/lib/python3.12/site-packages/airflow/example_dags/plugins/workday.py for tasks to queue
[2026-05-21T12:18:15.567+0000] {logging_mixin.py:188} INFO - [2026-05-21T12:18:15.566+0000] {dagbag.py:545} INFO - Filling up the DagBag from /home/airflow/.local/lib/python3.12/site-packages/airflow/example_dags/plugins/workday.py
[2026-05-21T12:18:16.202+0000] {processor.py:842} WARNING - No viable dags retrieved from /home/airflow/.local/lib/python3.12/site-packages/airflow/example_dags/plugins/workday.py
[2026-05-21T12:18:16.219+0000] {processor.py:183} INFO - Processing /home/airflow/.local/lib/python3.12/site-packages/airflow/example_dags/plugins/workday.py took 0.668 seconds
[2026-05-21T12:18:46.341+0000] {processor.py:161} INFO - Started process (PID=16735) to work on /home/airflow/.local/lib/python3.12/site-packages/airflow/example_dags/plugins/workday.py
[2026-05-21T12:18:46.343+0000] {processor.py:830} INFO - Processing file /home/airflow/.local/lib/python3.12/site-packages/airflow/example_dags/plugins/workday.py for tasks to queue
[2026-05-21T12:18:46.348+0000] {logging_mixin.py:188} INFO - [2026-05-21T12:18:46.347+0000] {dagbag.py:545} INFO - Filling up the DagBag from /home/airflow/.local/lib/python3.12/site-packages/airflow/example_dags/plugins/workday.py
[2026-05-21T12:18:47.292+0000] {processor.py:842} WARNING - No viable dags retrieved from /home/airflow/.local/lib/python3.12/site-packages/airflow/example_dags/plugins/workday.py
[2026-05-21T12:18:47.324+0000] {processor.py:183} INFO - Processing /home/airflow/.local/lib/python3.12/site-packages/airflow/example_dags/plugins/workday.py took 0.998 seconds
[2026-05-21T12:19:18.142+0000] {processor.py:161} INFO - Started process (PID=16796) to work on /home/airflow/.local/lib/python3.12/site-packages/airflow/example_dags/plugins/workday.py
[2026-05-21T12:19:18.144+0000] {processor.py:830} INFO - Processing file /home/airflow/.local/lib/python3.12/site-packages/airflow/example_dags/plugins/workday.py for tasks to queue
[2026-05-21T12:19:18.148+0000] {logging_mixin.py:188} INFO - [2026-05-21T12:19:18.148+0000] {dagbag.py:545} INFO - Filling up the DagBag from /home/airflow/.local/lib/python3.12/site-packages/airflow/example_dags/plugins/workday.py
[2026-05-21T12:19:18.944+0000] {processor.py:842} WARNING - No viable dags retrieved from /home/airflow/.local/lib/python3.12/site-packages/airflow/example_dags/plugins/workday.py
[2026-05-21T12:19:18.964+0000] {processor.py:183} INFO - Processing /home/airflow/.local/lib/python3.12/site-packages/airflow/example_dags/plugins/workday.py took 0.863 seconds
[2026-05-21T12:19:49.095+0000] {processor.py:161} INFO - Started process (PID=16856) to work on /home/airflow/.local/lib/python3.12/site-packages/airflow/example_dags/plugins/workday.py
[2026-05-21T12:19:49.097+0000] {processor.py:830} INFO - Processing file /home/airflow/.local/lib/python3.12/site-packages/airflow/example_dags/plugins/workday.py for tasks to queue
[2026-05-21T12:19:49.101+0000] {logging_mixin.py:188} INFO - [2026-05-21T12:19:49.100+0000] {dagbag.py:545} INFO - Filling up the DagBag from /home/airflow/.local/lib/python3.12/site-packages/airflow/example_dags/plugins/workday.py
[2026-05-21T12:19:49.911+0000] {processor.py:842} WARNING - No viable dags retrieved from /home/airflow/.local/lib/python3.12/site-packages/airflow/example_dags/plugins/workday.py
[2026-05-21T12:19:49.932+0000] {processor.py:183} INFO - Processing /home/airflow/.local/lib/python3.12/site-packages/airflow/example_dags/plugins/workday.py took 0.846 seconds
[2026-05-21T12:20:20.399+0000] {processor.py:161} INFO - Started process (PID=16918) to work on /home/airflow/.local/lib/python3.12/site-packages/airflow/example_dags/plugins/workday.py
[2026-05-21T12:20:20.402+0000] {processor.py:830} INFO - Processing file /home/airflow/.local/lib/python3.12/site-packages/airflow/example_dags/plugins/workday.py for tasks to queue
[2026-05-21T12:20:20.406+0000] {logging_mixin.py:188} INFO - [2026-05-21T12:20:20.406+0000] {dagbag.py:545} INFO - Filling up the DagBag from /home/airflow/.local/lib/python3.12/site-packages/airflow/example_dags/plugins/workday.py
[2026-05-21T12:20:21.133+0000] {processor.py:842} WARNING - No viable dags retrieved from /home/airflow/.local/lib/python3.12/site-packages/airflow/example_dags/plugins/workday.py
[2026-05-21T12:20:21.153+0000] {processor.py:183} INFO - Processing /home/airflow/.local/lib/python3.12/site-packages/airflow/example_dags/plugins/workday.py took 0.768 seconds
[2026-05-21T12:20:52.223+0000] {processor.py:161} INFO - Started process (PID=16980) to work on /home/airflow/.local/lib/python3.12/site-packages/airflow/example_dags/plugins/workday.py
[2026-05-21T12:20:52.226+0000] {processor.py:830} INFO - Processing file /home/airflow/.local/lib/python3.12/site-packages/airflow/example_dags/plugins/workday.py for tasks to queue
[2026-05-21T12:20:52.231+0000] {logging_mixin.py:188} INFO - [2026-05-21T12:20:52.230+0000] {dagbag.py:545} INFO - Filling up the DagBag from /home/airflow/.local/lib/python3.12/site-packages/airflow/example_dags/plugins/workday.py
[2026-05-21T12:20:53.109+0000] {processor.py:842} WARNING - No viable dags retrieved from /home/airflow/.local/lib/python3.12/site-packages/airflow/example_dags/plugins/workday.py
[2026-05-21T12:20:53.133+0000] {processor.py:183} INFO - Processing /home/airflow/.local/lib/python3.12/site-packages/airflow/example_dags/plugins/workday.py took 0.923 seconds
[2026-05-21T12:21:23.696+0000] {processor.py:161} INFO - Started process (PID=17042) to work on /home/airflow/.local/lib/python3.12/site-packages/airflow/example_dags/plugins/workday.py
[2026-05-21T12:21:23.698+0000] {processor.py:830} INFO - Processing file /home/airflow/.local/lib/python3.12/site-packages/airflow/example_dags/plugins/workday.py for tasks to queue
[2026-05-21T12:21:23.701+0000] {logging_mixin.py:188} INFO - [2026-05-21T12:21:23.700+0000] {dagbag.py:545} INFO - Filling up the DagBag from /home/airflow/.local/lib/python3.12/site-packages/airflow/example_dags/plugins/workday.py
[2026-05-21T12:21:24.468+0000] {processor.py:842} WARNING - No viable dags retrieved from /home/airflow/.local/lib/python3.12/site-packages/airflow/example_dags/plugins/workday.py
[2026-05-21T12:21:24.495+0000] {processor.py:183} INFO - Processing /home/airflow/.local/lib/python3.12/site-packages/airflow/example_dags/plugins/workday.py took 0.812 seconds
[2026-05-21T12:21:55.003+0000] {processor.py:161} INFO - Started process (PID=17103) to work on /home/airflow/.local/lib/python3.12/site-packages/airflow/example_dags/plugins/workday.py
[2026-05-21T12:21:55.005+0000] {processor.py:830} INFO - Processing file /home/airflow/.local/lib/python3.12/site-packages/airflow/example_dags/plugins/workday.py for tasks to queue
[2026-05-21T12:21:55.008+0000] {logging_mixin.py:188} INFO - [2026-05-21T12:21:55.008+0000] {dagbag.py:545} INFO - Filling up the DagBag from /home/airflow/.local/lib/python3.12/site-packages/airflow/example_dags/plugins/workday.py
[2026-05-21T12:21:55.627+0000] {processor.py:842} WARNING - No viable dags retrieved from /home/airflow/.local/lib/python3.12/site-packages/airflow/example_dags/plugins/workday.py
[2026-05-21T12:21:55.645+0000] {processor.py:183} INFO - Processing /home/airflow/.local/lib/python3.12/site-packages/airflow/example_dags/plugins/workday.py took 0.654 seconds
[2026-05-21T12:22:26.523+0000] {processor.py:161} INFO - Started process (PID=17165) to work on /home/airflow/.local/lib/python3.12/site-packages/airflow/example_dags/plugins/workday.py
[2026-05-21T12:22:26.524+0000] {processor.py:830} INFO - Processing file /home/airflow/.local/lib/python3.12/site-packages/airflow/example_dags/plugins/workday.py for tasks to queue
[2026-05-21T12:22:26.528+0000] {logging_mixin.py:188} INFO - [2026-05-21T12:22:26.527+0000] {dagbag.py:545} INFO - Filling up the DagBag from /home/airflow/.local/lib/python3.12/site-packages/airflow/example_dags/plugins/workday.py
[2026-05-21T12:22:27.199+0000] {processor.py:842} WARNING - No viable dags retrieved from /home/airflow/.local/lib/python3.12/site-packages/airflow/example_dags/plugins/workday.py
[2026-05-21T12:22:27.218+0000] {processor.py:183} INFO - Processing /home/airflow/.local/lib/python3.12/site-packages/airflow/example_dags/plugins/workday.py took 0.704 seconds
[2026-05-21T12:22:58.228+0000] {processor.py:161} INFO - Started process (PID=17225) to work on /home/airflow/.local/lib/python3.12/site-packages/airflow/example_dags/plugins/workday.py
[2026-05-21T12:22:58.230+0000] {processor.py:830} INFO - Processing file /home/airflow/.local/lib/python3.12/site-packages/airflow/example_dags/plugins/workday.py for tasks to queue
[2026-05-21T12:22:58.234+0000] {logging_mixin.py:188} INFO - [2026-05-21T12:22:58.233+0000] {dagbag.py:545} INFO - Filling up the DagBag from /home/airflow/.local/lib/python3.12/site-packages/airflow/example_dags/plugins/workday.py
[2026-05-21T12:22:58.869+0000] {processor.py:842} WARNING - No viable dags retrieved from /home/airflow/.local/lib/python3.12/site-packages/airflow/example_dags/plugins/workday.py
[2026-05-21T12:22:58.887+0000] {processor.py:183} INFO - Processing /home/airflow/.local/lib/python3.12/site-packages/airflow/example_dags/plugins/workday.py took 0.668 seconds
[2026-05-21T12:23:29.147+0000] {processor.py:161} INFO - Started process (PID=17285) to work on /home/airflow/.local/lib/python3.12/site-packages/airflow/example_dags/plugins/workday.py
[2026-05-21T12:23:29.150+0000] {processor.py:830} INFO - Processing file /home/airflow/.local/lib/python3.12/site-packages/airflow/example_dags/plugins/workday.py for tasks to queue
[2026-05-21T12:23:29.155+0000] {logging_mixin.py:188} INFO - [2026-05-21T12:23:29.155+0000] {dagbag.py:545} INFO - Filling up the DagBag from /home/airflow/.local/lib/python3.12/site-packages/airflow/example_dags/plugins/workday.py
[2026-05-21T12:23:29.936+0000] {processor.py:842} WARNING - No viable dags retrieved from /home/airflow/.local/lib/python3.12/site-packages/airflow/example_dags/plugins/workday.py
[2026-05-21T12:23:29.955+0000] {processor.py:183} INFO - Processing /home/airflow/.local/lib/python3.12/site-packages/airflow/example_dags/plugins/workday.py took 0.820 seconds
[2026-05-21T12:24:00.773+0000] {processor.py:161} INFO - Started process (PID=17345) to work on /home/airflow/.local/lib/python3.12/site-packages/airflow/example_dags/plugins/workday.py
[2026-05-21T12:24:00.774+0000] {processor.py:830} INFO - Processing file /home/airflow/.local/lib/python3.12/site-packages/airflow/example_dags/plugins/workday.py for tasks to queue
[2026-05-21T12:24:00.777+0000] {logging_mixin.py:188} INFO - [2026-05-21T12:24:00.777+0000] {dagbag.py:545} INFO - Filling up the DagBag from /home/airflow/.local/lib/python3.12/site-packages/airflow/example_dags/plugins/workday.py
[2026-05-21T12:24:01.229+0000] {processor.py:842} WARNING - No viable dags retrieved from /home/airflow/.local/lib/python3.12/site-packages/airflow/example_dags/plugins/workday.py
[2026-05-21T12:24:01.249+0000] {processor.py:183} INFO - Processing /home/airflow/.local/lib/python3.12/site-packages/airflow/example_dags/plugins/workday.py took 0.485 seconds
[2026-05-21T12:24:31.550+0000] {processor.py:161} INFO - Started process (PID=17405) to work on /home/airflow/.local/lib/python3.12/site-packages/airflow/example_dags/plugins/workday.py
[2026-05-21T12:24:31.552+0000] {processor.py:830} INFO - Processing file /home/airflow/.local/lib/python3.12/site-packages/airflow/example_dags/plugins/workday.py for tasks to queue
[2026-05-21T12:24:31.556+0000] {logging_mixin.py:188} INFO - [2026-05-21T12:24:31.555+0000] {dagbag.py:545} INFO - Filling up the DagBag from /home/airflow/.local/lib/python3.12/site-packages/airflow/example_dags/plugins/workday.py
[2026-05-21T12:24:31.969+0000] {processor.py:842} WARNING - No viable dags retrieved from /home/airflow/.local/lib/python3.12/site-packages/airflow/example_dags/plugins/workday.py
[2026-05-21T12:24:31.992+0000] {processor.py:183} INFO - Processing /home/airflow/.local/lib/python3.12/site-packages/airflow/example_dags/plugins/workday.py took 0.453 seconds
[2026-05-21T12:25:03.068+0000] {processor.py:161} INFO - Started process (PID=17467) to work on /home/airflow/.local/lib/python3.12/site-packages/airflow/example_dags/plugins/workday.py
[2026-05-21T12:25:03.070+0000] {processor.py:830} INFO - Processing file /home/airflow/.local/lib/python3.12/site-packages/airflow/example_dags/plugins/workday.py for tasks to queue
[2026-05-21T12:25:03.073+0000] {logging_mixin.py:188} INFO - [2026-05-21T12:25:03.073+0000] {dagbag.py:545} INFO - Filling up the DagBag from /home/airflow/.local/lib/python3.12/site-packages/airflow/example_dags/plugins/workday.py
[2026-05-21T12:25:03.497+0000] {processor.py:842} WARNING - No viable dags retrieved from /home/airflow/.local/lib/python3.12/site-packages/airflow/example_dags/plugins/workday.py
[2026-05-21T12:25:03.519+0000] {processor.py:183} INFO - Processing /home/airflow/.local/lib/python3.12/site-packages/airflow/example_dags/plugins/workday.py took 0.460 seconds
[2026-05-21T12:25:34.576+0000] {processor.py:161} INFO - Started process (PID=17529) to work on /home/airflow/.local/lib/python3.12/site-packages/airflow/example_dags/plugins/workday.py
[2026-05-21T12:25:34.578+0000] {processor.py:830} INFO - Processing file /home/airflow/.local/lib/python3.12/site-packages/airflow/example_dags/plugins/workday.py for tasks to queue
[2026-05-21T12:25:34.581+0000] {logging_mixin.py:188} INFO - [2026-05-21T12:25:34.581+0000] {dagbag.py:545} INFO - Filling up the DagBag from /home/airflow/.local/lib/python3.12/site-packages/airflow/example_dags/plugins/workday.py
[2026-05-21T12:25:35.163+0000] {processor.py:842} WARNING - No viable dags retrieved from /home/airflow/.local/lib/python3.12/site-packages/airflow/example_dags/plugins/workday.py
[2026-05-21T12:25:35.183+0000] {processor.py:183} INFO - Processing /home/airflow/.local/lib/python3.12/site-packages/airflow/example_dags/plugins/workday.py took 0.615 seconds
[2026-05-21T12:26:05.390+0000] {processor.py:161} INFO - Started process (PID=17589) to work on /home/airflow/.local/lib/python3.12/site-packages/airflow/example_dags/plugins/workday.py
[2026-05-21T12:26:05.391+0000] {processor.py:830} INFO - Processing file /home/airflow/.local/lib/python3.12/site-packages/airflow/example_dags/plugins/workday.py for tasks to queue
[2026-05-21T12:26:05.394+0000] {logging_mixin.py:188} INFO - [2026-05-21T12:26:05.394+0000] {dagbag.py:545} INFO - Filling up the DagBag from /home/airflow/.local/lib/python3.12/site-packages/airflow/example_dags/plugins/workday.py
[2026-05-21T12:26:05.763+0000] {processor.py:842} WARNING - No viable dags retrieved from /home/airflow/.local/lib/python3.12/site-packages/airflow/example_dags/plugins/workday.py
[2026-05-21T12:26:05.784+0000] {processor.py:183} INFO - Processing /home/airflow/.local/lib/python3.12/site-packages/airflow/example_dags/plugins/workday.py took 0.402 seconds
[2026-05-21T12:26:36.223+0000] {processor.py:161} INFO - Started process (PID=17650) to work on /home/airflow/.local/lib/python3.12/site-packages/airflow/example_dags/plugins/workday.py
[2026-05-21T12:26:36.224+0000] {processor.py:830} INFO - Processing file /home/airflow/.local/lib/python3.12/site-packages/airflow/example_dags/plugins/workday.py for tasks to queue
[2026-05-21T12:26:36.228+0000] {logging_mixin.py:188} INFO - [2026-05-21T12:26:36.227+0000] {dagbag.py:545} INFO - Filling up the DagBag from /home/airflow/.local/lib/python3.12/site-packages/airflow/example_dags/plugins/workday.py
[2026-05-21T12:26:36.680+0000] {processor.py:842} WARNING - No viable dags retrieved from /home/airflow/.local/lib/python3.12/site-packages/airflow/example_dags/plugins/workday.py
[2026-05-21T12:26:36.705+0000] {processor.py:183} INFO - Processing /home/airflow/.local/lib/python3.12/site-packages/airflow/example_dags/plugins/workday.py took 0.492 seconds
[2026-05-21T12:27:07.540+0000] {processor.py:161} INFO - Started process (PID=17710) to work on /home/airflow/.local/lib/python3.12/site-packages/airflow/example_dags/plugins/workday.py
[2026-05-21T12:27:07.541+0000] {processor.py:830} INFO - Processing file /home/airflow/.local/lib/python3.12/site-packages/airflow/example_dags/plugins/workday.py for tasks to queue
[2026-05-21T12:27:07.545+0000] {logging_mixin.py:188} INFO - [2026-05-21T12:27:07.544+0000] {dagbag.py:545} INFO - Filling up the DagBag from /home/airflow/.local/lib/python3.12/site-packages/airflow/example_dags/plugins/workday.py
[2026-05-21T12:27:07.931+0000] {processor.py:842} WARNING - No viable dags retrieved from /home/airflow/.local/lib/python3.12/site-packages/airflow/example_dags/plugins/workday.py
[2026-05-21T12:27:07.949+0000] {processor.py:183} INFO - Processing /home/airflow/.local/lib/python3.12/site-packages/airflow/example_dags/plugins/workday.py took 0.418 seconds
[2026-05-21T12:27:38.944+0000] {processor.py:161} INFO - Started process (PID=17772) to work on /home/airflow/.local/lib/python3.12/site-packages/airflow/example_dags/plugins/workday.py
[2026-05-21T12:27:38.946+0000] {processor.py:830} INFO - Processing file /home/airflow/.local/lib/python3.12/site-packages/airflow/example_dags/plugins/workday.py for tasks to queue
[2026-05-21T12:27:38.950+0000] {logging_mixin.py:188} INFO - [2026-05-21T12:27:38.949+0000] {dagbag.py:545} INFO - Filling up the DagBag from /home/airflow/.local/lib/python3.12/site-packages/airflow/example_dags/plugins/workday.py
[2026-05-21T12:27:39.354+0000] {processor.py:842} WARNING - No viable dags retrieved from /home/airflow/.local/lib/python3.12/site-packages/airflow/example_dags/plugins/workday.py
[2026-05-21T12:27:39.375+0000] {processor.py:183} INFO - Processing /home/airflow/.local/lib/python3.12/site-packages/airflow/example_dags/plugins/workday.py took 0.440 seconds
[2026-05-21T12:28:10.057+0000] {processor.py:161} INFO - Started process (PID=17838) to work on /home/airflow/.local/lib/python3.12/site-packages/airflow/example_dags/plugins/workday.py
[2026-05-21T12:28:10.058+0000] {processor.py:830} INFO - Processing file /home/airflow/.local/lib/python3.12/site-packages/airflow/example_dags/plugins/workday.py for tasks to queue
[2026-05-21T12:28:10.062+0000] {logging_mixin.py:188} INFO - [2026-05-21T12:28:10.061+0000] {dagbag.py:545} INFO - Filling up the DagBag from /home/airflow/.local/lib/python3.12/site-packages/airflow/example_dags/plugins/workday.py
[2026-05-21T12:28:10.477+0000] {processor.py:842} WARNING - No viable dags retrieved from /home/airflow/.local/lib/python3.12/site-packages/airflow/example_dags/plugins/workday.py
[2026-05-21T12:28:10.496+0000] {processor.py:183} INFO - Processing /home/airflow/.local/lib/python3.12/site-packages/airflow/example_dags/plugins/workday.py took 0.448 seconds
[2026-05-21T12:28:40.616+0000] {processor.py:161} INFO - Started process (PID=17898) to work on /home/airflow/.local/lib/python3.12/site-packages/airflow/example_dags/plugins/workday.py
[2026-05-21T12:28:40.617+0000] {processor.py:830} INFO - Processing file /home/airflow/.local/lib/python3.12/site-packages/airflow/example_dags/plugins/workday.py for tasks to queue
[2026-05-21T12:28:40.621+0000] {logging_mixin.py:188} INFO - [2026-05-21T12:28:40.620+0000] {dagbag.py:545} INFO - Filling up the DagBag from /home/airflow/.local/lib/python3.12/site-packages/airflow/example_dags/plugins/workday.py
[2026-05-21T12:28:41.036+0000] {processor.py:842} WARNING - No viable dags retrieved from /home/airflow/.local/lib/python3.12/site-packages/airflow/example_dags/plugins/workday.py
[2026-05-21T12:28:41.055+0000] {processor.py:183} INFO - Processing /home/airflow/.local/lib/python3.12/site-packages/airflow/example_dags/plugins/workday.py took 0.448 seconds
[2026-05-21T12:29:11.463+0000] {processor.py:161} INFO - Started process (PID=17958) to work on /home/airflow/.local/lib/python3.12/site-packages/airflow/example_dags/plugins/workday.py
[2026-05-21T12:29:11.465+0000] {processor.py:830} INFO - Processing file /home/airflow/.local/lib/python3.12/site-packages/airflow/example_dags/plugins/workday.py for tasks to queue
[2026-05-21T12:29:11.469+0000] {logging_mixin.py:188} INFO - [2026-05-21T12:29:11.469+0000] {dagbag.py:545} INFO - Filling up the DagBag from /home/airflow/.local/lib/python3.12/site-packages/airflow/example_dags/plugins/workday.py
[2026-05-21T12:29:11.878+0000] {processor.py:842} WARNING - No viable dags retrieved from /home/airflow/.local/lib/python3.12/site-packages/airflow/example_dags/plugins/workday.py
[2026-05-21T12:29:11.898+0000] {processor.py:183} INFO - Processing /home/airflow/.local/lib/python3.12/site-packages/airflow/example_dags/plugins/workday.py took 0.445 seconds
[2026-05-21T12:29:42.281+0000] {processor.py:161} INFO - Started process (PID=18018) to work on /home/airflow/.local/lib/python3.12/site-packages/airflow/example_dags/plugins/workday.py
[2026-05-21T12:29:42.283+0000] {processor.py:830} INFO - Processing file /home/airflow/.local/lib/python3.12/site-packages/airflow/example_dags/plugins/workday.py for tasks to queue
[2026-05-21T12:29:42.287+0000] {logging_mixin.py:188} INFO - [2026-05-21T12:29:42.286+0000] {dagbag.py:545} INFO - Filling up the DagBag from /home/airflow/.local/lib/python3.12/site-packages/airflow/example_dags/plugins/workday.py
[2026-05-21T12:29:42.672+0000] {processor.py:842} WARNING - No viable dags retrieved from /home/airflow/.local/lib/python3.12/site-packages/airflow/example_dags/plugins/workday.py
[2026-05-21T12:29:42.691+0000] {processor.py:183} INFO - Processing /home/airflow/.local/lib/python3.12/site-packages/airflow/example_dags/plugins/workday.py took 0.418 seconds
[2026-05-21T12:30:13.022+0000] {processor.py:161} INFO - Started process (PID=18078) to work on /home/airflow/.local/lib/python3.12/site-packages/airflow/example_dags/plugins/workday.py
[2026-05-21T12:30:13.023+0000] {processor.py:830} INFO - Processing file /home/airflow/.local/lib/python3.12/site-packages/airflow/example_dags/plugins/workday.py for tasks to queue
[2026-05-21T12:30:13.026+0000] {logging_mixin.py:188} INFO - [2026-05-21T12:30:13.026+0000] {dagbag.py:545} INFO - Filling up the DagBag from /home/airflow/.local/lib/python3.12/site-packages/airflow/example_dags/plugins/workday.py
[2026-05-21T12:30:13.455+0000] {processor.py:842} WARNING - No viable dags retrieved from /home/airflow/.local/lib/python3.12/site-packages/airflow/example_dags/plugins/workday.py
[2026-05-21T12:30:13.475+0000] {processor.py:183} INFO - Processing /home/airflow/.local/lib/python3.12/site-packages/airflow/example_dags/plugins/workday.py took 0.461 seconds
[2026-05-21T12:30:44.674+0000] {processor.py:161} INFO - Started process (PID=18141) to work on /home/airflow/.local/lib/python3.12/site-packages/airflow/example_dags/plugins/workday.py
[2026-05-21T12:30:44.675+0000] {processor.py:830} INFO - Processing file /home/airflow/.local/lib/python3.12/site-packages/airflow/example_dags/plugins/workday.py for tasks to queue
[2026-05-21T12:30:44.679+0000] {logging_mixin.py:188} INFO - [2026-05-21T12:30:44.678+0000] {dagbag.py:545} INFO - Filling up the DagBag from /home/airflow/.local/lib/python3.12/site-packages/airflow/example_dags/plugins/workday.py
[2026-05-21T12:30:45.101+0000] {processor.py:842} WARNING - No viable dags retrieved from /home/airflow/.local/lib/python3.12/site-packages/airflow/example_dags/plugins/workday.py
[2026-05-21T12:30:45.123+0000] {processor.py:183} INFO - Processing /home/airflow/.local/lib/python3.12/site-packages/airflow/example_dags/plugins/workday.py took 0.459 seconds
[2026-05-21T12:31:15.798+0000] {processor.py:161} INFO - Started process (PID=18202) to work on /home/airflow/.local/lib/python3.12/site-packages/airflow/example_dags/plugins/workday.py
[2026-05-21T12:31:15.799+0000] {processor.py:830} INFO - Processing file /home/airflow/.local/lib/python3.12/site-packages/airflow/example_dags/plugins/workday.py for tasks to queue
[2026-05-21T12:31:15.803+0000] {logging_mixin.py:188} INFO - [2026-05-21T12:31:15.802+0000] {dagbag.py:545} INFO - Filling up the DagBag from /home/airflow/.local/lib/python3.12/site-packages/airflow/example_dags/plugins/workday.py
[2026-05-21T12:31:16.211+0000] {processor.py:842} WARNING - No viable dags retrieved from /home/airflow/.local/lib/python3.12/site-packages/airflow/example_dags/plugins/workday.py
[2026-05-21T12:31:16.231+0000] {processor.py:183} INFO - Processing /home/airflow/.local/lib/python3.12/site-packages/airflow/example_dags/plugins/workday.py took 0.443 seconds
[2026-05-21T12:31:47.169+0000] {processor.py:161} INFO - Started process (PID=18264) to work on /home/airflow/.local/lib/python3.12/site-packages/airflow/example_dags/plugins/workday.py
[2026-05-21T12:31:47.171+0000] {processor.py:830} INFO - Processing file /home/airflow/.local/lib/python3.12/site-packages/airflow/example_dags/plugins/workday.py for tasks to queue
[2026-05-21T12:31:47.174+0000] {logging_mixin.py:188} INFO - [2026-05-21T12:31:47.173+0000] {dagbag.py:545} INFO - Filling up the DagBag from /home/airflow/.local/lib/python3.12/site-packages/airflow/example_dags/plugins/workday.py
[2026-05-21T12:31:47.628+0000] {processor.py:842} WARNING - No viable dags retrieved from /home/airflow/.local/lib/python3.12/site-packages/airflow/example_dags/plugins/workday.py
[2026-05-21T12:31:47.648+0000] {processor.py:183} INFO - Processing /home/airflow/.local/lib/python3.12/site-packages/airflow/example_dags/plugins/workday.py took 0.487 seconds
[2026-05-21T12:32:17.870+0000] {processor.py:161} INFO - Started process (PID=18323) to work on /home/airflow/.local/lib/python3.12/site-packages/airflow/example_dags/plugins/workday.py
[2026-05-21T12:32:17.872+0000] {processor.py:830} INFO - Processing file /home/airflow/.local/lib/python3.12/site-packages/airflow/example_dags/plugins/workday.py for tasks to queue
[2026-05-21T12:32:17.875+0000] {logging_mixin.py:188} INFO - [2026-05-21T12:32:17.875+0000] {dagbag.py:545} INFO - Filling up the DagBag from /home/airflow/.local/lib/python3.12/site-packages/airflow/example_dags/plugins/workday.py
[2026-05-21T12:32:18.278+0000] {processor.py:842} WARNING - No viable dags retrieved from /home/airflow/.local/lib/python3.12/site-packages/airflow/example_dags/plugins/workday.py
[2026-05-21T12:32:18.301+0000] {processor.py:183} INFO - Processing /home/airflow/.local/lib/python3.12/site-packages/airflow/example_dags/plugins/workday.py took 0.439 seconds
[2026-05-21T12:32:49.329+0000] {processor.py:161} INFO - Started process (PID=18384) to work on /home/airflow/.local/lib/python3.12/site-packages/airflow/example_dags/plugins/workday.py
[2026-05-21T12:32:49.330+0000] {processor.py:830} INFO - Processing file /home/airflow/.local/lib/python3.12/site-packages/airflow/example_dags/plugins/workday.py for tasks to queue
[2026-05-21T12:32:49.333+0000] {logging_mixin.py:188} INFO - [2026-05-21T12:32:49.333+0000] {dagbag.py:545} INFO - Filling up the DagBag from /home/airflow/.local/lib/python3.12/site-packages/airflow/example_dags/plugins/workday.py
[2026-05-21T12:32:49.722+0000] {processor.py:842} WARNING - No viable dags retrieved from /home/airflow/.local/lib/python3.12/site-packages/airflow/example_dags/plugins/workday.py
[2026-05-21T12:32:49.742+0000] {processor.py:183} INFO - Processing /home/airflow/.local/lib/python3.12/site-packages/airflow/example_dags/plugins/workday.py took 0.421 seconds
[2026-05-21T12:33:20.638+0000] {processor.py:161} INFO - Started process (PID=18446) to work on /home/airflow/.local/lib/python3.12/site-packages/airflow/example_dags/plugins/workday.py
[2026-05-21T12:33:20.639+0000] {processor.py:830} INFO - Processing file /home/airflow/.local/lib/python3.12/site-packages/airflow/example_dags/plugins/workday.py for tasks to queue
[2026-05-21T12:33:20.643+0000] {logging_mixin.py:188} INFO - [2026-05-21T12:33:20.643+0000] {dagbag.py:545} INFO - Filling up the DagBag from /home/airflow/.local/lib/python3.12/site-packages/airflow/example_dags/plugins/workday.py
[2026-05-21T12:33:21.073+0000] {processor.py:842} WARNING - No viable dags retrieved from /home/airflow/.local/lib/python3.12/site-packages/airflow/example_dags/plugins/workday.py
[2026-05-21T12:33:21.096+0000] {processor.py:183} INFO - Processing /home/airflow/.local/lib/python3.12/site-packages/airflow/example_dags/plugins/workday.py took 0.466 seconds
[2026-05-21T12:33:51.344+0000] {processor.py:161} INFO - Started process (PID=18506) to work on /home/airflow/.local/lib/python3.12/site-packages/airflow/example_dags/plugins/workday.py
[2026-05-21T12:33:51.345+0000] {processor.py:830} INFO - Processing file /home/airflow/.local/lib/python3.12/site-packages/airflow/example_dags/plugins/workday.py for tasks to queue
[2026-05-21T12:33:51.348+0000] {logging_mixin.py:188} INFO - [2026-05-21T12:33:51.348+0000] {dagbag.py:545} INFO - Filling up the DagBag from /home/airflow/.local/lib/python3.12/site-packages/airflow/example_dags/plugins/workday.py
[2026-05-21T12:33:51.775+0000] {processor.py:842} WARNING - No viable dags retrieved from /home/airflow/.local/lib/python3.12/site-packages/airflow/example_dags/plugins/workday.py
[2026-05-21T12:33:51.792+0000] {processor.py:183} INFO - Processing /home/airflow/.local/lib/python3.12/site-packages/airflow/example_dags/plugins/workday.py took 0.457 seconds
[2026-05-21T12:34:22.229+0000] {processor.py:161} INFO - Started process (PID=18568) to work on /home/airflow/.local/lib/python3.12/site-packages/airflow/example_dags/plugins/workday.py
[2026-05-21T12:34:22.231+0000] {processor.py:830} INFO - Processing file /home/airflow/.local/lib/python3.12/site-packages/airflow/example_dags/plugins/workday.py for tasks to queue
[2026-05-21T12:34:22.234+0000] {logging_mixin.py:188} INFO - [2026-05-21T12:34:22.234+0000] {dagbag.py:545} INFO - Filling up the DagBag from /home/airflow/.local/lib/python3.12/site-packages/airflow/example_dags/plugins/workday.py
[2026-05-21T12:34:22.622+0000] {processor.py:842} WARNING - No viable dags retrieved from /home/airflow/.local/lib/python3.12/site-packages/airflow/example_dags/plugins/workday.py
[2026-05-21T12:34:22.642+0000] {processor.py:183} INFO - Processing /home/airflow/.local/lib/python3.12/site-packages/airflow/example_dags/plugins/workday.py took 0.421 seconds
[2026-05-21T12:34:53.432+0000] {processor.py:161} INFO - Started process (PID=18628) to work on /home/airflow/.local/lib/python3.12/site-packages/airflow/example_dags/plugins/workday.py
[2026-05-21T12:34:53.433+0000] {processor.py:830} INFO - Processing file /home/airflow/.local/lib/python3.12/site-packages/airflow/example_dags/plugins/workday.py for tasks to queue
[2026-05-21T12:34:53.436+0000] {logging_mixin.py:188} INFO - [2026-05-21T12:34:53.436+0000] {dagbag.py:545} INFO - Filling up the DagBag from /home/airflow/.local/lib/python3.12/site-packages/airflow/example_dags/plugins/workday.py
[2026-05-21T12:34:53.870+0000] {processor.py:842} WARNING - No viable dags retrieved from /home/airflow/.local/lib/python3.12/site-packages/airflow/example_dags/plugins/workday.py
[2026-05-21T12:34:53.890+0000] {processor.py:183} INFO - Processing /home/airflow/.local/lib/python3.12/site-packages/airflow/example_dags/plugins/workday.py took 0.466 seconds
[2026-05-21T12:35:24.221+0000] {processor.py:161} INFO - Started process (PID=18690) to work on /home/airflow/.local/lib/python3.12/site-packages/airflow/example_dags/plugins/workday.py
[2026-05-21T12:35:24.223+0000] {processor.py:830} INFO - Processing file /home/airflow/.local/lib/python3.12/site-packages/airflow/example_dags/plugins/workday.py for tasks to queue
[2026-05-21T12:35:24.228+0000] {logging_mixin.py:188} INFO - [2026-05-21T12:35:24.227+0000] {dagbag.py:545} INFO - Filling up the DagBag from /home/airflow/.local/lib/python3.12/site-packages/airflow/example_dags/plugins/workday.py
[2026-05-21T12:35:24.761+0000] {processor.py:842} WARNING - No viable dags retrieved from /home/airflow/.local/lib/python3.12/site-packages/airflow/example_dags/plugins/workday.py
[2026-05-21T12:35:24.783+0000] {processor.py:183} INFO - Processing /home/airflow/.local/lib/python3.12/site-packages/airflow/example_dags/plugins/workday.py took 0.571 seconds
[2026-05-21T12:35:54.898+0000] {processor.py:161} INFO - Started process (PID=18752) to work on /home/airflow/.local/lib/python3.12/site-packages/airflow/example_dags/plugins/workday.py
[2026-05-21T12:35:54.899+0000] {processor.py:830} INFO - Processing file /home/airflow/.local/lib/python3.12/site-packages/airflow/example_dags/plugins/workday.py for tasks to queue
[2026-05-21T12:35:54.902+0000] {logging_mixin.py:188} INFO - [2026-05-21T12:35:54.902+0000] {dagbag.py:545} INFO - Filling up the DagBag from /home/airflow/.local/lib/python3.12/site-packages/airflow/example_dags/plugins/workday.py
[2026-05-21T12:35:55.454+0000] {processor.py:842} WARNING - No viable dags retrieved from /home/airflow/.local/lib/python3.12/site-packages/airflow/example_dags/plugins/workday.py
[2026-05-21T12:35:55.485+0000] {processor.py:183} INFO - Processing /home/airflow/.local/lib/python3.12/site-packages/airflow/example_dags/plugins/workday.py took 0.596 seconds
[2026-05-21T12:36:25.742+0000] {processor.py:161} INFO - Started process (PID=18814) to work on /home/airflow/.local/lib/python3.12/site-packages/airflow/example_dags/plugins/workday.py
[2026-05-21T12:36:25.744+0000] {processor.py:830} INFO - Processing file /home/airflow/.local/lib/python3.12/site-packages/airflow/example_dags/plugins/workday.py for tasks to queue
[2026-05-21T12:36:25.748+0000] {logging_mixin.py:188} INFO - [2026-05-21T12:36:25.747+0000] {dagbag.py:545} INFO - Filling up the DagBag from /home/airflow/.local/lib/python3.12/site-packages/airflow/example_dags/plugins/workday.py
[2026-05-21T12:36:26.175+0000] {processor.py:842} WARNING - No viable dags retrieved from /home/airflow/.local/lib/python3.12/site-packages/airflow/example_dags/plugins/workday.py
[2026-05-21T12:36:26.195+0000] {processor.py:183} INFO - Processing /home/airflow/.local/lib/python3.12/site-packages/airflow/example_dags/plugins/workday.py took 0.468 seconds
[2026-05-21T12:36:57.084+0000] {processor.py:161} INFO - Started process (PID=18874) to work on /home/airflow/.local/lib/python3.12/site-packages/airflow/example_dags/plugins/workday.py
[2026-05-21T12:36:57.086+0000] {processor.py:830} INFO - Processing file /home/airflow/.local/lib/python3.12/site-packages/airflow/example_dags/plugins/workday.py for tasks to queue
[2026-05-21T12:36:57.089+0000] {logging_mixin.py:188} INFO - [2026-05-21T12:36:57.089+0000] {dagbag.py:545} INFO - Filling up the DagBag from /home/airflow/.local/lib/python3.12/site-packages/airflow/example_dags/plugins/workday.py
[2026-05-21T12:36:57.553+0000] {processor.py:842} WARNING - No viable dags retrieved from /home/airflow/.local/lib/python3.12/site-packages/airflow/example_dags/plugins/workday.py
[2026-05-21T12:36:57.575+0000] {processor.py:183} INFO - Processing /home/airflow/.local/lib/python3.12/site-packages/airflow/example_dags/plugins/workday.py took 0.499 seconds
[2026-05-21T12:37:27.778+0000] {processor.py:161} INFO - Started process (PID=18936) to work on /home/airflow/.local/lib/python3.12/site-packages/airflow/example_dags/plugins/workday.py
[2026-05-21T12:37:27.780+0000] {processor.py:830} INFO - Processing file /home/airflow/.local/lib/python3.12/site-packages/airflow/example_dags/plugins/workday.py for tasks to queue
[2026-05-21T12:37:27.785+0000] {logging_mixin.py:188} INFO - [2026-05-21T12:37:27.784+0000] {dagbag.py:545} INFO - Filling up the DagBag from /home/airflow/.local/lib/python3.12/site-packages/airflow/example_dags/plugins/workday.py
[2026-05-21T12:37:28.230+0000] {processor.py:842} WARNING - No viable dags retrieved from /home/airflow/.local/lib/python3.12/site-packages/airflow/example_dags/plugins/workday.py
[2026-05-21T12:37:28.254+0000] {processor.py:183} INFO - Processing /home/airflow/.local/lib/python3.12/site-packages/airflow/example_dags/plugins/workday.py took 0.493 seconds
[2026-05-21T12:37:59.039+0000] {processor.py:161} INFO - Started process (PID=18996) to work on /home/airflow/.local/lib/python3.12/site-packages/airflow/example_dags/plugins/workday.py
[2026-05-21T12:37:59.041+0000] {processor.py:830} INFO - Processing file /home/airflow/.local/lib/python3.12/site-packages/airflow/example_dags/plugins/workday.py for tasks to queue
[2026-05-21T12:37:59.045+0000] {logging_mixin.py:188} INFO - [2026-05-21T12:37:59.044+0000] {dagbag.py:545} INFO - Filling up the DagBag from /home/airflow/.local/lib/python3.12/site-packages/airflow/example_dags/plugins/workday.py
[2026-05-21T12:37:59.502+0000] {processor.py:842} WARNING - No viable dags retrieved from /home/airflow/.local/lib/python3.12/site-packages/airflow/example_dags/plugins/workday.py
[2026-05-21T12:37:59.522+0000] {processor.py:183} INFO - Processing /home/airflow/.local/lib/python3.12/site-packages/airflow/example_dags/plugins/workday.py took 0.491 seconds
[2026-05-21T12:38:30.205+0000] {processor.py:161} INFO - Started process (PID=19058) to work on /home/airflow/.local/lib/python3.12/site-packages/airflow/example_dags/plugins/workday.py
[2026-05-21T12:38:30.207+0000] {processor.py:830} INFO - Processing file /home/airflow/.local/lib/python3.12/site-packages/airflow/example_dags/plugins/workday.py for tasks to queue
[2026-05-21T12:38:30.210+0000] {logging_mixin.py:188} INFO - [2026-05-21T12:38:30.210+0000] {dagbag.py:545} INFO - Filling up the DagBag from /home/airflow/.local/lib/python3.12/site-packages/airflow/example_dags/plugins/workday.py
[2026-05-21T12:38:30.635+0000] {processor.py:842} WARNING - No viable dags retrieved from /home/airflow/.local/lib/python3.12/site-packages/airflow/example_dags/plugins/workday.py
[2026-05-21T12:38:30.656+0000] {processor.py:183} INFO - Processing /home/airflow/.local/lib/python3.12/site-packages/airflow/example_dags/plugins/workday.py took 0.459 seconds
[2026-05-21T12:39:01.568+0000] {processor.py:161} INFO - Started process (PID=19118) to work on /home/airflow/.local/lib/python3.12/site-packages/airflow/example_dags/plugins/workday.py
[2026-05-21T12:39:01.570+0000] {processor.py:830} INFO - Processing file /home/airflow/.local/lib/python3.12/site-packages/airflow/example_dags/plugins/workday.py for tasks to queue
[2026-05-21T12:39:01.573+0000] {logging_mixin.py:188} INFO - [2026-05-21T12:39:01.573+0000] {dagbag.py:545} INFO - Filling up the DagBag from /home/airflow/.local/lib/python3.12/site-packages/airflow/example_dags/plugins/workday.py
[2026-05-21T12:39:01.970+0000] {processor.py:842} WARNING - No viable dags retrieved from /home/airflow/.local/lib/python3.12/site-packages/airflow/example_dags/plugins/workday.py
[2026-05-21T12:39:01.989+0000] {processor.py:183} INFO - Processing /home/airflow/.local/lib/python3.12/site-packages/airflow/example_dags/plugins/workday.py took 0.429 seconds
[2026-05-21T12:39:33.011+0000] {processor.py:161} INFO - Started process (PID=19180) to work on /home/airflow/.local/lib/python3.12/site-packages/airflow/example_dags/plugins/workday.py
[2026-05-21T12:39:33.012+0000] {processor.py:830} INFO - Processing file /home/airflow/.local/lib/python3.12/site-packages/airflow/example_dags/plugins/workday.py for tasks to queue
[2026-05-21T12:39:33.015+0000] {logging_mixin.py:188} INFO - [2026-05-21T12:39:33.015+0000] {dagbag.py:545} INFO - Filling up the DagBag from /home/airflow/.local/lib/python3.12/site-packages/airflow/example_dags/plugins/workday.py
[2026-05-21T12:39:33.476+0000] {processor.py:842} WARNING - No viable dags retrieved from /home/airflow/.local/lib/python3.12/site-packages/airflow/example_dags/plugins/workday.py
[2026-05-21T12:39:33.495+0000] {processor.py:183} INFO - Processing /home/airflow/.local/lib/python3.12/site-packages/airflow/example_dags/plugins/workday.py took 0.493 seconds
[2026-05-21T12:40:04.085+0000] {processor.py:161} INFO - Started process (PID=19246) to work on /home/airflow/.local/lib/python3.12/site-packages/airflow/example_dags/plugins/workday.py
[2026-05-21T12:40:04.087+0000] {processor.py:830} INFO - Processing file /home/airflow/.local/lib/python3.12/site-packages/airflow/example_dags/plugins/workday.py for tasks to queue
[2026-05-21T12:40:04.091+0000] {logging_mixin.py:188} INFO - [2026-05-21T12:40:04.090+0000] {dagbag.py:545} INFO - Filling up the DagBag from /home/airflow/.local/lib/python3.12/site-packages/airflow/example_dags/plugins/workday.py
[2026-05-21T12:40:04.515+0000] {processor.py:842} WARNING - No viable dags retrieved from /home/airflow/.local/lib/python3.12/site-packages/airflow/example_dags/plugins/workday.py
[2026-05-21T12:40:04.536+0000] {processor.py:183} INFO - Processing /home/airflow/.local/lib/python3.12/site-packages/airflow/example_dags/plugins/workday.py took 0.459 seconds
[2026-05-21T12:40:34.612+0000] {processor.py:161} INFO - Started process (PID=19309) to work on /home/airflow/.local/lib/python3.12/site-packages/airflow/example_dags/plugins/workday.py
[2026-05-21T12:40:34.614+0000] {processor.py:830} INFO - Processing file /home/airflow/.local/lib/python3.12/site-packages/airflow/example_dags/plugins/workday.py for tasks to queue
[2026-05-21T12:40:34.617+0000] {logging_mixin.py:188} INFO - [2026-05-21T12:40:34.616+0000] {dagbag.py:545} INFO - Filling up the DagBag from /home/airflow/.local/lib/python3.12/site-packages/airflow/example_dags/plugins/workday.py
[2026-05-21T12:40:35.010+0000] {processor.py:842} WARNING - No viable dags retrieved from /home/airflow/.local/lib/python3.12/site-packages/airflow/example_dags/plugins/workday.py
[2026-05-21T12:40:35.030+0000] {processor.py:183} INFO - Processing /home/airflow/.local/lib/python3.12/site-packages/airflow/example_dags/plugins/workday.py took 0.426 seconds
[2026-05-21T12:41:05.134+0000] {processor.py:161} INFO - Started process (PID=19369) to work on /home/airflow/.local/lib/python3.12/site-packages/airflow/example_dags/plugins/workday.py
[2026-05-21T12:41:05.135+0000] {processor.py:830} INFO - Processing file /home/airflow/.local/lib/python3.12/site-packages/airflow/example_dags/plugins/workday.py for tasks to queue
[2026-05-21T12:41:05.139+0000] {logging_mixin.py:188} INFO - [2026-05-21T12:41:05.138+0000] {dagbag.py:545} INFO - Filling up the DagBag from /home/airflow/.local/lib/python3.12/site-packages/airflow/example_dags/plugins/workday.py
[2026-05-21T12:41:05.555+0000] {processor.py:842} WARNING - No viable dags retrieved from /home/airflow/.local/lib/python3.12/site-packages/airflow/example_dags/plugins/workday.py
[2026-05-21T12:41:05.586+0000] {processor.py:183} INFO - Processing /home/airflow/.local/lib/python3.12/site-packages/airflow/example_dags/plugins/workday.py took 0.461 seconds
[2026-05-21T12:41:36.497+0000] {processor.py:161} INFO - Started process (PID=19429) to work on /home/airflow/.local/lib/python3.12/site-packages/airflow/example_dags/plugins/workday.py
[2026-05-21T12:41:36.499+0000] {processor.py:830} INFO - Processing file /home/airflow/.local/lib/python3.12/site-packages/airflow/example_dags/plugins/workday.py for tasks to queue
[2026-05-21T12:41:36.502+0000] {logging_mixin.py:188} INFO - [2026-05-21T12:41:36.502+0000] {dagbag.py:545} INFO - Filling up the DagBag from /home/airflow/.local/lib/python3.12/site-packages/airflow/example_dags/plugins/workday.py
[2026-05-21T12:41:36.888+0000] {processor.py:842} WARNING - No viable dags retrieved from /home/airflow/.local/lib/python3.12/site-packages/airflow/example_dags/plugins/workday.py
[2026-05-21T12:41:36.907+0000] {processor.py:183} INFO - Processing /home/airflow/.local/lib/python3.12/site-packages/airflow/example_dags/plugins/workday.py took 0.419 seconds
[2026-05-21T12:42:07.771+0000] {processor.py:161} INFO - Started process (PID=19489) to work on /home/airflow/.local/lib/python3.12/site-packages/airflow/example_dags/plugins/workday.py
[2026-05-21T12:42:07.773+0000] {processor.py:830} INFO - Processing file /home/airflow/.local/lib/python3.12/site-packages/airflow/example_dags/plugins/workday.py for tasks to queue
[2026-05-21T12:42:07.776+0000] {logging_mixin.py:188} INFO - [2026-05-21T12:42:07.775+0000] {dagbag.py:545} INFO - Filling up the DagBag from /home/airflow/.local/lib/python3.12/site-packages/airflow/example_dags/plugins/workday.py
[2026-05-21T12:42:08.363+0000] {processor.py:842} WARNING - No viable dags retrieved from /home/airflow/.local/lib/python3.12/site-packages/airflow/example_dags/plugins/workday.py
[2026-05-21T12:42:08.385+0000] {processor.py:183} INFO - Processing /home/airflow/.local/lib/python3.12/site-packages/airflow/example_dags/plugins/workday.py took 0.624 seconds
[2026-05-21T12:42:39.481+0000] {processor.py:161} INFO - Started process (PID=19551) to work on /home/airflow/.local/lib/python3.12/site-packages/airflow/example_dags/plugins/workday.py
[2026-05-21T12:42:39.483+0000] {processor.py:830} INFO - Processing file /home/airflow/.local/lib/python3.12/site-packages/airflow/example_dags/plugins/workday.py for tasks to queue
[2026-05-21T12:42:39.486+0000] {logging_mixin.py:188} INFO - [2026-05-21T12:42:39.485+0000] {dagbag.py:545} INFO - Filling up the DagBag from /home/airflow/.local/lib/python3.12/site-packages/airflow/example_dags/plugins/workday.py
[2026-05-21T12:42:39.922+0000] {processor.py:842} WARNING - No viable dags retrieved from /home/airflow/.local/lib/python3.12/site-packages/airflow/example_dags/plugins/workday.py
[2026-05-21T12:42:39.944+0000] {processor.py:183} INFO - Processing /home/airflow/.local/lib/python3.12/site-packages/airflow/example_dags/plugins/workday.py took 0.472 seconds
[2026-05-21T12:43:10.180+0000] {processor.py:161} INFO - Started process (PID=19611) to work on /home/airflow/.local/lib/python3.12/site-packages/airflow/example_dags/plugins/workday.py
[2026-05-21T12:43:10.182+0000] {processor.py:830} INFO - Processing file /home/airflow/.local/lib/python3.12/site-packages/airflow/example_dags/plugins/workday.py for tasks to queue
[2026-05-21T12:43:10.185+0000] {logging_mixin.py:188} INFO - [2026-05-21T12:43:10.185+0000] {dagbag.py:545} INFO - Filling up the DagBag from /home/airflow/.local/lib/python3.12/site-packages/airflow/example_dags/plugins/workday.py
[2026-05-21T12:43:10.605+0000] {processor.py:842} WARNING - No viable dags retrieved from /home/airflow/.local/lib/python3.12/site-packages/airflow/example_dags/plugins/workday.py
[2026-05-21T12:43:10.625+0000] {processor.py:183} INFO - Processing /home/airflow/.local/lib/python3.12/site-packages/airflow/example_dags/plugins/workday.py took 0.455 seconds
[2026-05-21T12:43:41.069+0000] {processor.py:161} INFO - Started process (PID=19671) to work on /home/airflow/.local/lib/python3.12/site-packages/airflow/example_dags/plugins/workday.py
[2026-05-21T12:43:41.071+0000] {processor.py:830} INFO - Processing file /home/airflow/.local/lib/python3.12/site-packages/airflow/example_dags/plugins/workday.py for tasks to queue
[2026-05-21T12:43:41.074+0000] {logging_mixin.py:188} INFO - [2026-05-21T12:43:41.074+0000] {dagbag.py:545} INFO - Filling up the DagBag from /home/airflow/.local/lib/python3.12/site-packages/airflow/example_dags/plugins/workday.py
[2026-05-21T12:43:41.469+0000] {processor.py:842} WARNING - No viable dags retrieved from /home/airflow/.local/lib/python3.12/site-packages/airflow/example_dags/plugins/workday.py
[2026-05-21T12:43:41.488+0000] {processor.py:183} INFO - Processing /home/airflow/.local/lib/python3.12/site-packages/airflow/example_dags/plugins/workday.py took 0.428 seconds
[2026-05-21T12:44:12.393+0000] {processor.py:161} INFO - Started process (PID=19732) to work on /home/airflow/.local/lib/python3.12/site-packages/airflow/example_dags/plugins/workday.py
[2026-05-21T12:44:12.395+0000] {processor.py:830} INFO - Processing file /home/airflow/.local/lib/python3.12/site-packages/airflow/example_dags/plugins/workday.py for tasks to queue
[2026-05-21T12:44:12.400+0000] {logging_mixin.py:188} INFO - [2026-05-21T12:44:12.399+0000] {dagbag.py:545} INFO - Filling up the DagBag from /home/airflow/.local/lib/python3.12/site-packages/airflow/example_dags/plugins/workday.py
[2026-05-21T12:44:12.922+0000] {processor.py:842} WARNING - No viable dags retrieved from /home/airflow/.local/lib/python3.12/site-packages/airflow/example_dags/plugins/workday.py
[2026-05-21T12:44:12.943+0000] {processor.py:183} INFO - Processing /home/airflow/.local/lib/python3.12/site-packages/airflow/example_dags/plugins/workday.py took 0.563 seconds
[2026-05-21T12:44:43.871+0000] {processor.py:161} INFO - Started process (PID=19798) to work on /home/airflow/.local/lib/python3.12/site-packages/airflow/example_dags/plugins/workday.py
[2026-05-21T12:44:43.872+0000] {processor.py:830} INFO - Processing file /home/airflow/.local/lib/python3.12/site-packages/airflow/example_dags/plugins/workday.py for tasks to queue
[2026-05-21T12:44:43.875+0000] {logging_mixin.py:188} INFO - [2026-05-21T12:44:43.875+0000] {dagbag.py:545} INFO - Filling up the DagBag from /home/airflow/.local/lib/python3.12/site-packages/airflow/example_dags/plugins/workday.py
[2026-05-21T12:44:44.249+0000] {processor.py:842} WARNING - No viable dags retrieved from /home/airflow/.local/lib/python3.12/site-packages/airflow/example_dags/plugins/workday.py
[2026-05-21T12:44:44.271+0000] {processor.py:183} INFO - Processing /home/airflow/.local/lib/python3.12/site-packages/airflow/example_dags/plugins/workday.py took 0.409 seconds
[2026-05-21T12:45:14.410+0000] {processor.py:161} INFO - Started process (PID=19858) to work on /home/airflow/.local/lib/python3.12/site-packages/airflow/example_dags/plugins/workday.py
[2026-05-21T12:45:14.411+0000] {processor.py:830} INFO - Processing file /home/airflow/.local/lib/python3.12/site-packages/airflow/example_dags/plugins/workday.py for tasks to queue
[2026-05-21T12:45:14.415+0000] {logging_mixin.py:188} INFO - [2026-05-21T12:45:14.414+0000] {dagbag.py:545} INFO - Filling up the DagBag from /home/airflow/.local/lib/python3.12/site-packages/airflow/example_dags/plugins/workday.py
[2026-05-21T12:45:15.043+0000] {processor.py:842} WARNING - No viable dags retrieved from /home/airflow/.local/lib/python3.12/site-packages/airflow/example_dags/plugins/workday.py
[2026-05-21T12:45:15.061+0000] {processor.py:183} INFO - Processing /home/airflow/.local/lib/python3.12/site-packages/airflow/example_dags/plugins/workday.py took 0.660 seconds
[2026-05-21T12:45:45.159+0000] {processor.py:161} INFO - Started process (PID=19918) to work on /home/airflow/.local/lib/python3.12/site-packages/airflow/example_dags/plugins/workday.py
[2026-05-21T12:45:45.160+0000] {processor.py:830} INFO - Processing file /home/airflow/.local/lib/python3.12/site-packages/airflow/example_dags/plugins/workday.py for tasks to queue
[2026-05-21T12:45:45.163+0000] {logging_mixin.py:188} INFO - [2026-05-21T12:45:45.163+0000] {dagbag.py:545} INFO - Filling up the DagBag from /home/airflow/.local/lib/python3.12/site-packages/airflow/example_dags/plugins/workday.py
[2026-05-21T12:45:45.552+0000] {processor.py:842} WARNING - No viable dags retrieved from /home/airflow/.local/lib/python3.12/site-packages/airflow/example_dags/plugins/workday.py
[2026-05-21T12:45:45.571+0000] {processor.py:183} INFO - Processing /home/airflow/.local/lib/python3.12/site-packages/airflow/example_dags/plugins/workday.py took 0.421 seconds
[2026-05-21T12:46:15.685+0000] {processor.py:161} INFO - Started process (PID=19978) to work on /home/airflow/.local/lib/python3.12/site-packages/airflow/example_dags/plugins/workday.py
[2026-05-21T12:46:15.687+0000] {processor.py:830} INFO - Processing file /home/airflow/.local/lib/python3.12/site-packages/airflow/example_dags/plugins/workday.py for tasks to queue
[2026-05-21T12:46:15.693+0000] {logging_mixin.py:188} INFO - [2026-05-21T12:46:15.692+0000] {dagbag.py:545} INFO - Filling up the DagBag from /home/airflow/.local/lib/python3.12/site-packages/airflow/example_dags/plugins/workday.py
[2026-05-21T12:46:16.317+0000] {processor.py:842} WARNING - No viable dags retrieved from /home/airflow/.local/lib/python3.12/site-packages/airflow/example_dags/plugins/workday.py
[2026-05-21T12:46:16.339+0000] {processor.py:183} INFO - Processing /home/airflow/.local/lib/python3.12/site-packages/airflow/example_dags/plugins/workday.py took 0.668 seconds
[2026-05-21T12:46:47.207+0000] {processor.py:161} INFO - Started process (PID=20038) to work on /home/airflow/.local/lib/python3.12/site-packages/airflow/example_dags/plugins/workday.py
[2026-05-21T12:46:47.209+0000] {processor.py:830} INFO - Processing file /home/airflow/.local/lib/python3.12/site-packages/airflow/example_dags/plugins/workday.py for tasks to queue
[2026-05-21T12:46:47.212+0000] {logging_mixin.py:188} INFO - [2026-05-21T12:46:47.212+0000] {dagbag.py:545} INFO - Filling up the DagBag from /home/airflow/.local/lib/python3.12/site-packages/airflow/example_dags/plugins/workday.py
[2026-05-21T12:46:47.799+0000] {processor.py:842} WARNING - No viable dags retrieved from /home/airflow/.local/lib/python3.12/site-packages/airflow/example_dags/plugins/workday.py
[2026-05-21T12:46:47.816+0000] {processor.py:183} INFO - Processing /home/airflow/.local/lib/python3.12/site-packages/airflow/example_dags/plugins/workday.py took 0.618 seconds
[2026-05-21T12:47:18.918+0000] {processor.py:161} INFO - Started process (PID=20100) to work on /home/airflow/.local/lib/python3.12/site-packages/airflow/example_dags/plugins/workday.py
[2026-05-21T12:47:18.920+0000] {processor.py:830} INFO - Processing file /home/airflow/.local/lib/python3.12/site-packages/airflow/example_dags/plugins/workday.py for tasks to queue
[2026-05-21T12:47:18.923+0000] {logging_mixin.py:188} INFO - [2026-05-21T12:47:18.923+0000] {dagbag.py:545} INFO - Filling up the DagBag from /home/airflow/.local/lib/python3.12/site-packages/airflow/example_dags/plugins/workday.py
[2026-05-21T12:47:19.501+0000] {processor.py:842} WARNING - No viable dags retrieved from /home/airflow/.local/lib/python3.12/site-packages/airflow/example_dags/plugins/workday.py
[2026-05-21T12:47:19.518+0000] {processor.py:183} INFO - Processing /home/airflow/.local/lib/python3.12/site-packages/airflow/example_dags/plugins/workday.py took 0.610 seconds
[2026-05-21T12:47:50.168+0000] {processor.py:161} INFO - Started process (PID=20160) to work on /home/airflow/.local/lib/python3.12/site-packages/airflow/example_dags/plugins/workday.py
[2026-05-21T12:47:50.170+0000] {processor.py:830} INFO - Processing file /home/airflow/.local/lib/python3.12/site-packages/airflow/example_dags/plugins/workday.py for tasks to queue
[2026-05-21T12:47:50.174+0000] {logging_mixin.py:188} INFO - [2026-05-21T12:47:50.173+0000] {dagbag.py:545} INFO - Filling up the DagBag from /home/airflow/.local/lib/python3.12/site-packages/airflow/example_dags/plugins/workday.py
[2026-05-21T12:47:50.746+0000] {processor.py:842} WARNING - No viable dags retrieved from /home/airflow/.local/lib/python3.12/site-packages/airflow/example_dags/plugins/workday.py
[2026-05-21T12:47:50.763+0000] {processor.py:183} INFO - Processing /home/airflow/.local/lib/python3.12/site-packages/airflow/example_dags/plugins/workday.py took 0.603 seconds
[2026-05-21T12:48:20.858+0000] {processor.py:161} INFO - Started process (PID=20220) to work on /home/airflow/.local/lib/python3.12/site-packages/airflow/example_dags/plugins/workday.py
[2026-05-21T12:48:20.859+0000] {processor.py:830} INFO - Processing file /home/airflow/.local/lib/python3.12/site-packages/airflow/example_dags/plugins/workday.py for tasks to queue
[2026-05-21T12:48:20.862+0000] {logging_mixin.py:188} INFO - [2026-05-21T12:48:20.862+0000] {dagbag.py:545} INFO - Filling up the DagBag from /home/airflow/.local/lib/python3.12/site-packages/airflow/example_dags/plugins/workday.py
[2026-05-21T12:48:21.499+0000] {processor.py:842} WARNING - No viable dags retrieved from /home/airflow/.local/lib/python3.12/site-packages/airflow/example_dags/plugins/workday.py
[2026-05-21T12:48:21.517+0000] {processor.py:183} INFO - Processing /home/airflow/.local/lib/python3.12/site-packages/airflow/example_dags/plugins/workday.py took 0.667 seconds
[2026-05-21T12:48:52.493+0000] {processor.py:161} INFO - Started process (PID=20282) to work on /home/airflow/.local/lib/python3.12/site-packages/airflow/example_dags/plugins/workday.py
[2026-05-21T12:48:52.495+0000] {processor.py:830} INFO - Processing file /home/airflow/.local/lib/python3.12/site-packages/airflow/example_dags/plugins/workday.py for tasks to queue
[2026-05-21T12:48:52.498+0000] {logging_mixin.py:188} INFO - [2026-05-21T12:48:52.498+0000] {dagbag.py:545} INFO - Filling up the DagBag from /home/airflow/.local/lib/python3.12/site-packages/airflow/example_dags/plugins/workday.py
[2026-05-21T12:48:53.138+0000] {processor.py:842} WARNING - No viable dags retrieved from /home/airflow/.local/lib/python3.12/site-packages/airflow/example_dags/plugins/workday.py
[2026-05-21T12:48:53.155+0000] {processor.py:183} INFO - Processing /home/airflow/.local/lib/python3.12/site-packages/airflow/example_dags/plugins/workday.py took 0.672 seconds
[2026-05-21T12:49:23.693+0000] {processor.py:161} INFO - Started process (PID=20341) to work on /home/airflow/.local/lib/python3.12/site-packages/airflow/example_dags/plugins/workday.py
[2026-05-21T12:49:23.695+0000] {processor.py:830} INFO - Processing file /home/airflow/.local/lib/python3.12/site-packages/airflow/example_dags/plugins/workday.py for tasks to queue
[2026-05-21T12:49:23.698+0000] {logging_mixin.py:188} INFO - [2026-05-21T12:49:23.697+0000] {dagbag.py:545} INFO - Filling up the DagBag from /home/airflow/.local/lib/python3.12/site-packages/airflow/example_dags/plugins/workday.py
[2026-05-21T12:49:24.265+0000] {processor.py:842} WARNING - No viable dags retrieved from /home/airflow/.local/lib/python3.12/site-packages/airflow/example_dags/plugins/workday.py
[2026-05-21T12:49:24.281+0000] {processor.py:183} INFO - Processing /home/airflow/.local/lib/python3.12/site-packages/airflow/example_dags/plugins/workday.py took 0.603 seconds
[2026-05-21T12:49:55.659+0000] {processor.py:161} INFO - Started process (PID=20405) to work on /home/airflow/.local/lib/python3.12/site-packages/airflow/example_dags/plugins/workday.py
[2026-05-21T12:49:55.660+0000] {processor.py:830} INFO - Processing file /home/airflow/.local/lib/python3.12/site-packages/airflow/example_dags/plugins/workday.py for tasks to queue
[2026-05-21T12:49:55.664+0000] {logging_mixin.py:188} INFO - [2026-05-21T12:49:55.663+0000] {dagbag.py:545} INFO - Filling up the DagBag from /home/airflow/.local/lib/python3.12/site-packages/airflow/example_dags/plugins/workday.py
[2026-05-21T12:49:56.415+0000] {processor.py:842} WARNING - No viable dags retrieved from /home/airflow/.local/lib/python3.12/site-packages/airflow/example_dags/plugins/workday.py
[2026-05-21T12:49:56.431+0000] {processor.py:183} INFO - Processing /home/airflow/.local/lib/python3.12/site-packages/airflow/example_dags/plugins/workday.py took 0.782 seconds
[2026-05-21T12:50:27.267+0000] {processor.py:161} INFO - Started process (PID=20467) to work on /home/airflow/.local/lib/python3.12/site-packages/airflow/example_dags/plugins/workday.py
[2026-05-21T12:50:27.268+0000] {processor.py:830} INFO - Processing file /home/airflow/.local/lib/python3.12/site-packages/airflow/example_dags/plugins/workday.py for tasks to queue
[2026-05-21T12:50:27.272+0000] {logging_mixin.py:188} INFO - [2026-05-21T12:50:27.271+0000] {dagbag.py:545} INFO - Filling up the DagBag from /home/airflow/.local/lib/python3.12/site-packages/airflow/example_dags/plugins/workday.py
[2026-05-21T12:50:27.861+0000] {processor.py:842} WARNING - No viable dags retrieved from /home/airflow/.local/lib/python3.12/site-packages/airflow/example_dags/plugins/workday.py
[2026-05-21T12:50:27.879+0000] {processor.py:183} INFO - Processing /home/airflow/.local/lib/python3.12/site-packages/airflow/example_dags/plugins/workday.py took 0.623 seconds
[2026-05-21T12:50:58.713+0000] {processor.py:161} INFO - Started process (PID=20528) to work on /home/airflow/.local/lib/python3.12/site-packages/airflow/example_dags/plugins/workday.py
[2026-05-21T12:50:58.714+0000] {processor.py:830} INFO - Processing file /home/airflow/.local/lib/python3.12/site-packages/airflow/example_dags/plugins/workday.py for tasks to queue
[2026-05-21T12:50:58.717+0000] {logging_mixin.py:188} INFO - [2026-05-21T12:50:58.717+0000] {dagbag.py:545} INFO - Filling up the DagBag from /home/airflow/.local/lib/python3.12/site-packages/airflow/example_dags/plugins/workday.py
[2026-05-21T12:50:59.279+0000] {processor.py:842} WARNING - No viable dags retrieved from /home/airflow/.local/lib/python3.12/site-packages/airflow/example_dags/plugins/workday.py
[2026-05-21T12:50:59.294+0000] {processor.py:183} INFO - Processing /home/airflow/.local/lib/python3.12/site-packages/airflow/example_dags/plugins/workday.py took 0.591 seconds
[2026-05-21T12:51:30.037+0000] {processor.py:161} INFO - Started process (PID=20589) to work on /home/airflow/.local/lib/python3.12/site-packages/airflow/example_dags/plugins/workday.py
[2026-05-21T12:51:30.039+0000] {processor.py:830} INFO - Processing file /home/airflow/.local/lib/python3.12/site-packages/airflow/example_dags/plugins/workday.py for tasks to queue
[2026-05-21T12:51:30.044+0000] {logging_mixin.py:188} INFO - [2026-05-21T12:51:30.043+0000] {dagbag.py:545} INFO - Filling up the DagBag from /home/airflow/.local/lib/python3.12/site-packages/airflow/example_dags/plugins/workday.py
[2026-05-21T12:51:30.604+0000] {processor.py:842} WARNING - No viable dags retrieved from /home/airflow/.local/lib/python3.12/site-packages/airflow/example_dags/plugins/workday.py
[2026-05-21T12:51:30.620+0000] {processor.py:183} INFO - Processing /home/airflow/.local/lib/python3.12/site-packages/airflow/example_dags/plugins/workday.py took 0.593 seconds
[2026-05-21T12:52:01.325+0000] {processor.py:161} INFO - Started process (PID=20650) to work on /home/airflow/.local/lib/python3.12/site-packages/airflow/example_dags/plugins/workday.py
[2026-05-21T12:52:01.328+0000] {processor.py:830} INFO - Processing file /home/airflow/.local/lib/python3.12/site-packages/airflow/example_dags/plugins/workday.py for tasks to queue
[2026-05-21T12:52:01.333+0000] {logging_mixin.py:188} INFO - [2026-05-21T12:52:01.332+0000] {dagbag.py:545} INFO - Filling up the DagBag from /home/airflow/.local/lib/python3.12/site-packages/airflow/example_dags/plugins/workday.py
[2026-05-21T12:52:01.957+0000] {processor.py:842} WARNING - No viable dags retrieved from /home/airflow/.local/lib/python3.12/site-packages/airflow/example_dags/plugins/workday.py
[2026-05-21T12:52:01.977+0000] {processor.py:183} INFO - Processing /home/airflow/.local/lib/python3.12/site-packages/airflow/example_dags/plugins/workday.py took 0.665 seconds
[2026-05-21T12:52:32.054+0000] {processor.py:161} INFO - Started process (PID=20709) to work on /home/airflow/.local/lib/python3.12/site-packages/airflow/example_dags/plugins/workday.py
[2026-05-21T12:52:32.055+0000] {processor.py:830} INFO - Processing file /home/airflow/.local/lib/python3.12/site-packages/airflow/example_dags/plugins/workday.py for tasks to queue
[2026-05-21T12:52:32.058+0000] {logging_mixin.py:188} INFO - [2026-05-21T12:52:32.058+0000] {dagbag.py:545} INFO - Filling up the DagBag from /home/airflow/.local/lib/python3.12/site-packages/airflow/example_dags/plugins/workday.py
[2026-05-21T12:52:32.649+0000] {processor.py:842} WARNING - No viable dags retrieved from /home/airflow/.local/lib/python3.12/site-packages/airflow/example_dags/plugins/workday.py
[2026-05-21T12:52:32.665+0000] {processor.py:183} INFO - Processing /home/airflow/.local/lib/python3.12/site-packages/airflow/example_dags/plugins/workday.py took 0.620 seconds
[2026-05-21T12:53:03.340+0000] {processor.py:161} INFO - Started process (PID=20769) to work on /home/airflow/.local/lib/python3.12/site-packages/airflow/example_dags/plugins/workday.py
[2026-05-21T12:53:03.342+0000] {processor.py:830} INFO - Processing file /home/airflow/.local/lib/python3.12/site-packages/airflow/example_dags/plugins/workday.py for tasks to queue
[2026-05-21T12:53:03.345+0000] {logging_mixin.py:188} INFO - [2026-05-21T12:53:03.344+0000] {dagbag.py:545} INFO - Filling up the DagBag from /home/airflow/.local/lib/python3.12/site-packages/airflow/example_dags/plugins/workday.py
[2026-05-21T12:53:03.912+0000] {processor.py:842} WARNING - No viable dags retrieved from /home/airflow/.local/lib/python3.12/site-packages/airflow/example_dags/plugins/workday.py
[2026-05-21T12:53:03.930+0000] {processor.py:183} INFO - Processing /home/airflow/.local/lib/python3.12/site-packages/airflow/example_dags/plugins/workday.py took 0.598 seconds
[2026-05-21T12:53:34.559+0000] {processor.py:161} INFO - Started process (PID=20829) to work on /home/airflow/.local/lib/python3.12/site-packages/airflow/example_dags/plugins/workday.py
[2026-05-21T12:53:34.561+0000] {processor.py:830} INFO - Processing file /home/airflow/.local/lib/python3.12/site-packages/airflow/example_dags/plugins/workday.py for tasks to queue
[2026-05-21T12:53:34.564+0000] {logging_mixin.py:188} INFO - [2026-05-21T12:53:34.563+0000] {dagbag.py:545} INFO - Filling up the DagBag from /home/airflow/.local/lib/python3.12/site-packages/airflow/example_dags/plugins/workday.py
[2026-05-21T12:53:35.158+0000] {processor.py:842} WARNING - No viable dags retrieved from /home/airflow/.local/lib/python3.12/site-packages/airflow/example_dags/plugins/workday.py
[2026-05-21T12:53:35.174+0000] {processor.py:183} INFO - Processing /home/airflow/.local/lib/python3.12/site-packages/airflow/example_dags/plugins/workday.py took 0.624 seconds
[2026-05-21T12:54:05.563+0000] {processor.py:161} INFO - Started process (PID=20891) to work on /home/airflow/.local/lib/python3.12/site-packages/airflow/example_dags/plugins/workday.py
[2026-05-21T12:54:05.565+0000] {processor.py:830} INFO - Processing file /home/airflow/.local/lib/python3.12/site-packages/airflow/example_dags/plugins/workday.py for tasks to queue
[2026-05-21T12:54:05.568+0000] {logging_mixin.py:188} INFO - [2026-05-21T12:54:05.567+0000] {dagbag.py:545} INFO - Filling up the DagBag from /home/airflow/.local/lib/python3.12/site-packages/airflow/example_dags/plugins/workday.py
[2026-05-21T12:54:06.254+0000] {processor.py:842} WARNING - No viable dags retrieved from /home/airflow/.local/lib/python3.12/site-packages/airflow/example_dags/plugins/workday.py
[2026-05-21T12:54:06.282+0000] {processor.py:183} INFO - Processing /home/airflow/.local/lib/python3.12/site-packages/airflow/example_dags/plugins/workday.py took 0.730 seconds
[2026-05-21T12:54:36.745+0000] {processor.py:161} INFO - Started process (PID=20950) to work on /home/airflow/.local/lib/python3.12/site-packages/airflow/example_dags/plugins/workday.py
[2026-05-21T12:54:36.747+0000] {processor.py:830} INFO - Processing file /home/airflow/.local/lib/python3.12/site-packages/airflow/example_dags/plugins/workday.py for tasks to queue
[2026-05-21T12:54:36.751+0000] {logging_mixin.py:188} INFO - [2026-05-21T12:54:36.750+0000] {dagbag.py:545} INFO - Filling up the DagBag from /home/airflow/.local/lib/python3.12/site-packages/airflow/example_dags/plugins/workday.py
[2026-05-21T12:54:37.400+0000] {processor.py:842} WARNING - No viable dags retrieved from /home/airflow/.local/lib/python3.12/site-packages/airflow/example_dags/plugins/workday.py
[2026-05-21T12:54:37.416+0000] {processor.py:183} INFO - Processing /home/airflow/.local/lib/python3.12/site-packages/airflow/example_dags/plugins/workday.py took 0.681 seconds
[2026-05-21T12:55:09.141+0000] {processor.py:161} INFO - Started process (PID=21012) to work on /home/airflow/.local/lib/python3.12/site-packages/airflow/example_dags/plugins/workday.py
[2026-05-21T12:55:09.148+0000] {processor.py:830} INFO - Processing file /home/airflow/.local/lib/python3.12/site-packages/airflow/example_dags/plugins/workday.py for tasks to queue
[2026-05-21T12:55:09.156+0000] {logging_mixin.py:188} INFO - [2026-05-21T12:55:09.155+0000] {dagbag.py:545} INFO - Filling up the DagBag from /home/airflow/.local/lib/python3.12/site-packages/airflow/example_dags/plugins/workday.py
[2026-05-21T12:55:10.787+0000] {processor.py:842} WARNING - No viable dags retrieved from /home/airflow/.local/lib/python3.12/site-packages/airflow/example_dags/plugins/workday.py
[2026-05-21T12:55:10.831+0000] {processor.py:183} INFO - Processing /home/airflow/.local/lib/python3.12/site-packages/airflow/example_dags/plugins/workday.py took 1.724 seconds
[2026-05-21T12:55:42.208+0000] {processor.py:161} INFO - Started process (PID=21078) to work on /home/airflow/.local/lib/python3.12/site-packages/airflow/example_dags/plugins/workday.py
[2026-05-21T12:55:42.212+0000] {processor.py:830} INFO - Processing file /home/airflow/.local/lib/python3.12/site-packages/airflow/example_dags/plugins/workday.py for tasks to queue
[2026-05-21T12:55:42.216+0000] {logging_mixin.py:188} INFO - [2026-05-21T12:55:42.215+0000] {dagbag.py:545} INFO - Filling up the DagBag from /home/airflow/.local/lib/python3.12/site-packages/airflow/example_dags/plugins/workday.py
[2026-05-21T12:55:43.192+0000] {processor.py:842} WARNING - No viable dags retrieved from /home/airflow/.local/lib/python3.12/site-packages/airflow/example_dags/plugins/workday.py
[2026-05-21T12:55:43.217+0000] {processor.py:183} INFO - Processing /home/airflow/.local/lib/python3.12/site-packages/airflow/example_dags/plugins/workday.py took 1.023 seconds
[2026-05-21T12:56:14.221+0000] {processor.py:161} INFO - Started process (PID=21142) to work on /home/airflow/.local/lib/python3.12/site-packages/airflow/example_dags/plugins/workday.py
[2026-05-21T12:56:14.223+0000] {processor.py:830} INFO - Processing file /home/airflow/.local/lib/python3.12/site-packages/airflow/example_dags/plugins/workday.py for tasks to queue
[2026-05-21T12:56:14.226+0000] {logging_mixin.py:188} INFO - [2026-05-21T12:56:14.225+0000] {dagbag.py:545} INFO - Filling up the DagBag from /home/airflow/.local/lib/python3.12/site-packages/airflow/example_dags/plugins/workday.py
[2026-05-21T12:56:14.890+0000] {processor.py:842} WARNING - No viable dags retrieved from /home/airflow/.local/lib/python3.12/site-packages/airflow/example_dags/plugins/workday.py
[2026-05-21T12:56:14.919+0000] {processor.py:183} INFO - Processing /home/airflow/.local/lib/python3.12/site-packages/airflow/example_dags/plugins/workday.py took 0.707 seconds
[2026-05-21T12:56:45.761+0000] {processor.py:161} INFO - Started process (PID=21211) to work on /home/airflow/.local/lib/python3.12/site-packages/airflow/example_dags/plugins/workday.py
[2026-05-21T12:56:45.763+0000] {processor.py:830} INFO - Processing file /home/airflow/.local/lib/python3.12/site-packages/airflow/example_dags/plugins/workday.py for tasks to queue
[2026-05-21T12:56:45.766+0000] {logging_mixin.py:188} INFO - [2026-05-21T12:56:45.766+0000] {dagbag.py:545} INFO - Filling up the DagBag from /home/airflow/.local/lib/python3.12/site-packages/airflow/example_dags/plugins/workday.py
[2026-05-21T12:56:46.704+0000] {processor.py:842} WARNING - No viable dags retrieved from /home/airflow/.local/lib/python3.12/site-packages/airflow/example_dags/plugins/workday.py
[2026-05-21T12:56:46.726+0000] {processor.py:183} INFO - Processing /home/airflow/.local/lib/python3.12/site-packages/airflow/example_dags/plugins/workday.py took 0.973 seconds
[2026-05-21T12:57:18.370+0000] {processor.py:161} INFO - Started process (PID=21275) to work on /home/airflow/.local/lib/python3.12/site-packages/airflow/example_dags/plugins/workday.py
[2026-05-21T12:57:18.373+0000] {processor.py:830} INFO - Processing file /home/airflow/.local/lib/python3.12/site-packages/airflow/example_dags/plugins/workday.py for tasks to queue
[2026-05-21T12:57:18.379+0000] {logging_mixin.py:188} INFO - [2026-05-21T12:57:18.378+0000] {dagbag.py:545} INFO - Filling up the DagBag from /home/airflow/.local/lib/python3.12/site-packages/airflow/example_dags/plugins/workday.py
[2026-05-21T12:57:19.577+0000] {processor.py:842} WARNING - No viable dags retrieved from /home/airflow/.local/lib/python3.12/site-packages/airflow/example_dags/plugins/workday.py
[2026-05-21T12:57:19.597+0000] {processor.py:183} INFO - Processing /home/airflow/.local/lib/python3.12/site-packages/airflow/example_dags/plugins/workday.py took 1.240 seconds
[2026-05-21T12:57:49.815+0000] {processor.py:161} INFO - Started process (PID=21337) to work on /home/airflow/.local/lib/python3.12/site-packages/airflow/example_dags/plugins/workday.py
[2026-05-21T12:57:49.817+0000] {processor.py:830} INFO - Processing file /home/airflow/.local/lib/python3.12/site-packages/airflow/example_dags/plugins/workday.py for tasks to queue
[2026-05-21T12:57:49.820+0000] {logging_mixin.py:188} INFO - [2026-05-21T12:57:49.819+0000] {dagbag.py:545} INFO - Filling up the DagBag from /home/airflow/.local/lib/python3.12/site-packages/airflow/example_dags/plugins/workday.py
[2026-05-21T12:57:50.478+0000] {processor.py:842} WARNING - No viable dags retrieved from /home/airflow/.local/lib/python3.12/site-packages/airflow/example_dags/plugins/workday.py
[2026-05-21T12:57:50.494+0000] {processor.py:183} INFO - Processing /home/airflow/.local/lib/python3.12/site-packages/airflow/example_dags/plugins/workday.py took 0.687 seconds
[2026-05-21T12:58:20.979+0000] {processor.py:161} INFO - Started process (PID=21397) to work on /home/airflow/.local/lib/python3.12/site-packages/airflow/example_dags/plugins/workday.py
[2026-05-21T12:58:20.981+0000] {processor.py:830} INFO - Processing file /home/airflow/.local/lib/python3.12/site-packages/airflow/example_dags/plugins/workday.py for tasks to queue
[2026-05-21T12:58:20.985+0000] {logging_mixin.py:188} INFO - [2026-05-21T12:58:20.984+0000] {dagbag.py:545} INFO - Filling up the DagBag from /home/airflow/.local/lib/python3.12/site-packages/airflow/example_dags/plugins/workday.py
[2026-05-21T12:58:21.635+0000] {processor.py:842} WARNING - No viable dags retrieved from /home/airflow/.local/lib/python3.12/site-packages/airflow/example_dags/plugins/workday.py
[2026-05-21T12:58:21.653+0000] {processor.py:183} INFO - Processing /home/airflow/.local/lib/python3.12/site-packages/airflow/example_dags/plugins/workday.py took 0.684 seconds
[2026-05-21T12:58:52.190+0000] {processor.py:161} INFO - Started process (PID=21459) to work on /home/airflow/.local/lib/python3.12/site-packages/airflow/example_dags/plugins/workday.py
[2026-05-21T12:58:52.192+0000] {processor.py:830} INFO - Processing file /home/airflow/.local/lib/python3.12/site-packages/airflow/example_dags/plugins/workday.py for tasks to queue
[2026-05-21T12:58:52.196+0000] {logging_mixin.py:188} INFO - [2026-05-21T12:58:52.195+0000] {dagbag.py:545} INFO - Filling up the DagBag from /home/airflow/.local/lib/python3.12/site-packages/airflow/example_dags/plugins/workday.py
[2026-05-21T12:58:52.755+0000] {processor.py:842} WARNING - No viable dags retrieved from /home/airflow/.local/lib/python3.12/site-packages/airflow/example_dags/plugins/workday.py
[2026-05-21T12:58:52.772+0000] {processor.py:183} INFO - Processing /home/airflow/.local/lib/python3.12/site-packages/airflow/example_dags/plugins/workday.py took 0.590 seconds
[2026-05-21T12:59:23.044+0000] {processor.py:161} INFO - Started process (PID=21518) to work on /home/airflow/.local/lib/python3.12/site-packages/airflow/example_dags/plugins/workday.py
[2026-05-21T12:59:23.046+0000] {processor.py:830} INFO - Processing file /home/airflow/.local/lib/python3.12/site-packages/airflow/example_dags/plugins/workday.py for tasks to queue
[2026-05-21T12:59:23.049+0000] {logging_mixin.py:188} INFO - [2026-05-21T12:59:23.049+0000] {dagbag.py:545} INFO - Filling up the DagBag from /home/airflow/.local/lib/python3.12/site-packages/airflow/example_dags/plugins/workday.py
[2026-05-21T12:59:23.684+0000] {processor.py:842} WARNING - No viable dags retrieved from /home/airflow/.local/lib/python3.12/site-packages/airflow/example_dags/plugins/workday.py
[2026-05-21T12:59:23.701+0000] {processor.py:183} INFO - Processing /home/airflow/.local/lib/python3.12/site-packages/airflow/example_dags/plugins/workday.py took 0.664 seconds
[2026-05-21T12:59:54.588+0000] {processor.py:161} INFO - Started process (PID=21583) to work on /home/airflow/.local/lib/python3.12/site-packages/airflow/example_dags/plugins/workday.py
[2026-05-21T12:59:54.590+0000] {processor.py:830} INFO - Processing file /home/airflow/.local/lib/python3.12/site-packages/airflow/example_dags/plugins/workday.py for tasks to queue
[2026-05-21T12:59:54.594+0000] {logging_mixin.py:188} INFO - [2026-05-21T12:59:54.593+0000] {dagbag.py:545} INFO - Filling up the DagBag from /home/airflow/.local/lib/python3.12/site-packages/airflow/example_dags/plugins/workday.py
[2026-05-21T12:59:55.300+0000] {processor.py:842} WARNING - No viable dags retrieved from /home/airflow/.local/lib/python3.12/site-packages/airflow/example_dags/plugins/workday.py
[2026-05-21T12:59:55.318+0000] {processor.py:183} INFO - Processing /home/airflow/.local/lib/python3.12/site-packages/airflow/example_dags/plugins/workday.py took 0.741 seconds
[2026-05-21T13:00:26.144+0000] {processor.py:161} INFO - Started process (PID=21647) to work on /home/airflow/.local/lib/python3.12/site-packages/airflow/example_dags/plugins/workday.py
[2026-05-21T13:00:26.146+0000] {processor.py:830} INFO - Processing file /home/airflow/.local/lib/python3.12/site-packages/airflow/example_dags/plugins/workday.py for tasks to queue
[2026-05-21T13:00:26.149+0000] {logging_mixin.py:188} INFO - [2026-05-21T13:00:26.148+0000] {dagbag.py:545} INFO - Filling up the DagBag from /home/airflow/.local/lib/python3.12/site-packages/airflow/example_dags/plugins/workday.py
[2026-05-21T13:00:26.960+0000] {processor.py:842} WARNING - No viable dags retrieved from /home/airflow/.local/lib/python3.12/site-packages/airflow/example_dags/plugins/workday.py
[2026-05-21T13:00:26.975+0000] {processor.py:183} INFO - Processing /home/airflow/.local/lib/python3.12/site-packages/airflow/example_dags/plugins/workday.py took 0.843 seconds
[2026-05-21T13:00:57.923+0000] {processor.py:161} INFO - Started process (PID=21709) to work on /home/airflow/.local/lib/python3.12/site-packages/airflow/example_dags/plugins/workday.py
[2026-05-21T13:00:57.925+0000] {processor.py:830} INFO - Processing file /home/airflow/.local/lib/python3.12/site-packages/airflow/example_dags/plugins/workday.py for tasks to queue
[2026-05-21T13:00:57.928+0000] {logging_mixin.py:188} INFO - [2026-05-21T13:00:57.928+0000] {dagbag.py:545} INFO - Filling up the DagBag from /home/airflow/.local/lib/python3.12/site-packages/airflow/example_dags/plugins/workday.py
[2026-05-21T13:00:58.576+0000] {processor.py:842} WARNING - No viable dags retrieved from /home/airflow/.local/lib/python3.12/site-packages/airflow/example_dags/plugins/workday.py
[2026-05-21T13:00:58.605+0000] {processor.py:183} INFO - Processing /home/airflow/.local/lib/python3.12/site-packages/airflow/example_dags/plugins/workday.py took 0.691 seconds
[2026-05-21T13:01:29.333+0000] {processor.py:161} INFO - Started process (PID=21769) to work on /home/airflow/.local/lib/python3.12/site-packages/airflow/example_dags/plugins/workday.py
[2026-05-21T13:01:29.334+0000] {processor.py:830} INFO - Processing file /home/airflow/.local/lib/python3.12/site-packages/airflow/example_dags/plugins/workday.py for tasks to queue
[2026-05-21T13:01:29.337+0000] {logging_mixin.py:188} INFO - [2026-05-21T13:01:29.337+0000] {dagbag.py:545} INFO - Filling up the DagBag from /home/airflow/.local/lib/python3.12/site-packages/airflow/example_dags/plugins/workday.py
[2026-05-21T13:01:29.976+0000] {processor.py:842} WARNING - No viable dags retrieved from /home/airflow/.local/lib/python3.12/site-packages/airflow/example_dags/plugins/workday.py
[2026-05-21T13:01:29.992+0000] {processor.py:183} INFO - Processing /home/airflow/.local/lib/python3.12/site-packages/airflow/example_dags/plugins/workday.py took 0.668 seconds
[2026-05-21T13:02:00.395+0000] {processor.py:161} INFO - Started process (PID=21829) to work on /home/airflow/.local/lib/python3.12/site-packages/airflow/example_dags/plugins/workday.py
[2026-05-21T13:02:00.396+0000] {processor.py:830} INFO - Processing file /home/airflow/.local/lib/python3.12/site-packages/airflow/example_dags/plugins/workday.py for tasks to queue
[2026-05-21T13:02:00.400+0000] {logging_mixin.py:188} INFO - [2026-05-21T13:02:00.399+0000] {dagbag.py:545} INFO - Filling up the DagBag from /home/airflow/.local/lib/python3.12/site-packages/airflow/example_dags/plugins/workday.py
[2026-05-21T13:02:01.148+0000] {processor.py:842} WARNING - No viable dags retrieved from /home/airflow/.local/lib/python3.12/site-packages/airflow/example_dags/plugins/workday.py
[2026-05-21T13:02:01.200+0000] {processor.py:183} INFO - Processing /home/airflow/.local/lib/python3.12/site-packages/airflow/example_dags/plugins/workday.py took 0.815 seconds
[2026-05-21T13:02:31.371+0000] {processor.py:161} INFO - Started process (PID=21889) to work on /home/airflow/.local/lib/python3.12/site-packages/airflow/example_dags/plugins/workday.py
[2026-05-21T13:02:31.373+0000] {processor.py:830} INFO - Processing file /home/airflow/.local/lib/python3.12/site-packages/airflow/example_dags/plugins/workday.py for tasks to queue
[2026-05-21T13:02:31.376+0000] {logging_mixin.py:188} INFO - [2026-05-21T13:02:31.376+0000] {dagbag.py:545} INFO - Filling up the DagBag from /home/airflow/.local/lib/python3.12/site-packages/airflow/example_dags/plugins/workday.py
[2026-05-21T13:02:32.049+0000] {processor.py:842} WARNING - No viable dags retrieved from /home/airflow/.local/lib/python3.12/site-packages/airflow/example_dags/plugins/workday.py
[2026-05-21T13:02:32.065+0000] {processor.py:183} INFO - Processing /home/airflow/.local/lib/python3.12/site-packages/airflow/example_dags/plugins/workday.py took 0.703 seconds
[2026-05-21T13:03:02.359+0000] {processor.py:161} INFO - Started process (PID=21949) to work on /home/airflow/.local/lib/python3.12/site-packages/airflow/example_dags/plugins/workday.py
[2026-05-21T13:03:02.361+0000] {processor.py:830} INFO - Processing file /home/airflow/.local/lib/python3.12/site-packages/airflow/example_dags/plugins/workday.py for tasks to queue
[2026-05-21T13:03:02.365+0000] {logging_mixin.py:188} INFO - [2026-05-21T13:03:02.364+0000] {dagbag.py:545} INFO - Filling up the DagBag from /home/airflow/.local/lib/python3.12/site-packages/airflow/example_dags/plugins/workday.py
[2026-05-21T13:03:02.951+0000] {processor.py:842} WARNING - No viable dags retrieved from /home/airflow/.local/lib/python3.12/site-packages/airflow/example_dags/plugins/workday.py
[2026-05-21T13:03:02.969+0000] {processor.py:183} INFO - Processing /home/airflow/.local/lib/python3.12/site-packages/airflow/example_dags/plugins/workday.py took 0.621 seconds
[2026-05-21T13:03:33.780+0000] {processor.py:161} INFO - Started process (PID=22009) to work on /home/airflow/.local/lib/python3.12/site-packages/airflow/example_dags/plugins/workday.py
[2026-05-21T13:03:33.782+0000] {processor.py:830} INFO - Processing file /home/airflow/.local/lib/python3.12/site-packages/airflow/example_dags/plugins/workday.py for tasks to queue
[2026-05-21T13:03:33.785+0000] {logging_mixin.py:188} INFO - [2026-05-21T13:03:33.785+0000] {dagbag.py:545} INFO - Filling up the DagBag from /home/airflow/.local/lib/python3.12/site-packages/airflow/example_dags/plugins/workday.py
[2026-05-21T13:03:34.461+0000] {processor.py:842} WARNING - No viable dags retrieved from /home/airflow/.local/lib/python3.12/site-packages/airflow/example_dags/plugins/workday.py
[2026-05-21T13:03:34.481+0000] {processor.py:183} INFO - Processing /home/airflow/.local/lib/python3.12/site-packages/airflow/example_dags/plugins/workday.py took 0.711 seconds
[2026-05-21T13:04:04.572+0000] {processor.py:161} INFO - Started process (PID=22069) to work on /home/airflow/.local/lib/python3.12/site-packages/airflow/example_dags/plugins/workday.py
[2026-05-21T13:04:04.574+0000] {processor.py:830} INFO - Processing file /home/airflow/.local/lib/python3.12/site-packages/airflow/example_dags/plugins/workday.py for tasks to queue
[2026-05-21T13:04:04.578+0000] {logging_mixin.py:188} INFO - [2026-05-21T13:04:04.577+0000] {dagbag.py:545} INFO - Filling up the DagBag from /home/airflow/.local/lib/python3.12/site-packages/airflow/example_dags/plugins/workday.py
[2026-05-21T13:04:05.241+0000] {processor.py:842} WARNING - No viable dags retrieved from /home/airflow/.local/lib/python3.12/site-packages/airflow/example_dags/plugins/workday.py
[2026-05-21T13:04:05.257+0000] {processor.py:183} INFO - Processing /home/airflow/.local/lib/python3.12/site-packages/airflow/example_dags/plugins/workday.py took 0.694 seconds
[2026-05-21T13:04:35.744+0000] {processor.py:161} INFO - Started process (PID=22130) to work on /home/airflow/.local/lib/python3.12/site-packages/airflow/example_dags/plugins/workday.py
[2026-05-21T13:04:35.745+0000] {processor.py:830} INFO - Processing file /home/airflow/.local/lib/python3.12/site-packages/airflow/example_dags/plugins/workday.py for tasks to queue
[2026-05-21T13:04:35.749+0000] {logging_mixin.py:188} INFO - [2026-05-21T13:04:35.748+0000] {dagbag.py:545} INFO - Filling up the DagBag from /home/airflow/.local/lib/python3.12/site-packages/airflow/example_dags/plugins/workday.py
[2026-05-21T13:04:36.328+0000] {processor.py:842} WARNING - No viable dags retrieved from /home/airflow/.local/lib/python3.12/site-packages/airflow/example_dags/plugins/workday.py
[2026-05-21T13:04:36.346+0000] {processor.py:183} INFO - Processing /home/airflow/.local/lib/python3.12/site-packages/airflow/example_dags/plugins/workday.py took 0.611 seconds
[2026-05-21T13:05:06.471+0000] {processor.py:161} INFO - Started process (PID=22190) to work on /home/airflow/.local/lib/python3.12/site-packages/airflow/example_dags/plugins/workday.py
[2026-05-21T13:05:06.473+0000] {processor.py:830} INFO - Processing file /home/airflow/.local/lib/python3.12/site-packages/airflow/example_dags/plugins/workday.py for tasks to queue
[2026-05-21T13:05:06.477+0000] {logging_mixin.py:188} INFO - [2026-05-21T13:05:06.476+0000] {dagbag.py:545} INFO - Filling up the DagBag from /home/airflow/.local/lib/python3.12/site-packages/airflow/example_dags/plugins/workday.py
[2026-05-21T13:05:08.292+0000] {processor.py:842} WARNING - No viable dags retrieved from /home/airflow/.local/lib/python3.12/site-packages/airflow/example_dags/plugins/workday.py
[2026-05-21T13:05:08.342+0000] {processor.py:183} INFO - Processing /home/airflow/.local/lib/python3.12/site-packages/airflow/example_dags/plugins/workday.py took 1.886 seconds
[2026-05-21T13:05:39.513+0000] {processor.py:161} INFO - Started process (PID=22252) to work on /home/airflow/.local/lib/python3.12/site-packages/airflow/example_dags/plugins/workday.py
[2026-05-21T13:05:39.515+0000] {processor.py:830} INFO - Processing file /home/airflow/.local/lib/python3.12/site-packages/airflow/example_dags/plugins/workday.py for tasks to queue
[2026-05-21T13:05:39.518+0000] {logging_mixin.py:188} INFO - [2026-05-21T13:05:39.517+0000] {dagbag.py:545} INFO - Filling up the DagBag from /home/airflow/.local/lib/python3.12/site-packages/airflow/example_dags/plugins/workday.py
[2026-05-21T13:05:40.174+0000] {processor.py:842} WARNING - No viable dags retrieved from /home/airflow/.local/lib/python3.12/site-packages/airflow/example_dags/plugins/workday.py
[2026-05-21T13:05:40.193+0000] {processor.py:183} INFO - Processing /home/airflow/.local/lib/python3.12/site-packages/airflow/example_dags/plugins/workday.py took 0.690 seconds
[2026-05-21T13:06:10.620+0000] {processor.py:161} INFO - Started process (PID=22312) to work on /home/airflow/.local/lib/python3.12/site-packages/airflow/example_dags/plugins/workday.py
[2026-05-21T13:06:10.623+0000] {processor.py:830} INFO - Processing file /home/airflow/.local/lib/python3.12/site-packages/airflow/example_dags/plugins/workday.py for tasks to queue
[2026-05-21T13:06:10.628+0000] {logging_mixin.py:188} INFO - [2026-05-21T13:06:10.627+0000] {dagbag.py:545} INFO - Filling up the DagBag from /home/airflow/.local/lib/python3.12/site-packages/airflow/example_dags/plugins/workday.py
[2026-05-21T13:06:11.358+0000] {processor.py:842} WARNING - No viable dags retrieved from /home/airflow/.local/lib/python3.12/site-packages/airflow/example_dags/plugins/workday.py
[2026-05-21T13:06:11.377+0000] {processor.py:183} INFO - Processing /home/airflow/.local/lib/python3.12/site-packages/airflow/example_dags/plugins/workday.py took 0.775 seconds
[2026-05-21T13:06:41.818+0000] {processor.py:161} INFO - Started process (PID=22373) to work on /home/airflow/.local/lib/python3.12/site-packages/airflow/example_dags/plugins/workday.py
[2026-05-21T13:06:41.820+0000] {processor.py:830} INFO - Processing file /home/airflow/.local/lib/python3.12/site-packages/airflow/example_dags/plugins/workday.py for tasks to queue
[2026-05-21T13:06:41.823+0000] {logging_mixin.py:188} INFO - [2026-05-21T13:06:41.822+0000] {dagbag.py:545} INFO - Filling up the DagBag from /home/airflow/.local/lib/python3.12/site-packages/airflow/example_dags/plugins/workday.py
[2026-05-21T13:06:42.233+0000] {processor.py:842} WARNING - No viable dags retrieved from /home/airflow/.local/lib/python3.12/site-packages/airflow/example_dags/plugins/workday.py
[2026-05-21T13:06:42.254+0000] {processor.py:183} INFO - Processing /home/airflow/.local/lib/python3.12/site-packages/airflow/example_dags/plugins/workday.py took 0.445 seconds
[2026-05-21T13:07:13.257+0000] {processor.py:161} INFO - Started process (PID=22434) to work on /home/airflow/.local/lib/python3.12/site-packages/airflow/example_dags/plugins/workday.py
[2026-05-21T13:07:13.260+0000] {processor.py:830} INFO - Processing file /home/airflow/.local/lib/python3.12/site-packages/airflow/example_dags/plugins/workday.py for tasks to queue
[2026-05-21T13:07:13.266+0000] {logging_mixin.py:188} INFO - [2026-05-21T13:07:13.264+0000] {dagbag.py:545} INFO - Filling up the DagBag from /home/airflow/.local/lib/python3.12/site-packages/airflow/example_dags/plugins/workday.py
[2026-05-21T13:07:14.025+0000] {processor.py:842} WARNING - No viable dags retrieved from /home/airflow/.local/lib/python3.12/site-packages/airflow/example_dags/plugins/workday.py
[2026-05-21T13:07:14.052+0000] {processor.py:183} INFO - Processing /home/airflow/.local/lib/python3.12/site-packages/airflow/example_dags/plugins/workday.py took 0.808 seconds
[2026-05-21T13:07:45.157+0000] {processor.py:161} INFO - Started process (PID=22495) to work on /home/airflow/.local/lib/python3.12/site-packages/airflow/example_dags/plugins/workday.py
[2026-05-21T13:07:45.159+0000] {processor.py:830} INFO - Processing file /home/airflow/.local/lib/python3.12/site-packages/airflow/example_dags/plugins/workday.py for tasks to queue
[2026-05-21T13:07:45.163+0000] {logging_mixin.py:188} INFO - [2026-05-21T13:07:45.163+0000] {dagbag.py:545} INFO - Filling up the DagBag from /home/airflow/.local/lib/python3.12/site-packages/airflow/example_dags/plugins/workday.py
[2026-05-21T13:07:45.815+0000] {processor.py:842} WARNING - No viable dags retrieved from /home/airflow/.local/lib/python3.12/site-packages/airflow/example_dags/plugins/workday.py
[2026-05-21T13:07:45.835+0000] {processor.py:183} INFO - Processing /home/airflow/.local/lib/python3.12/site-packages/airflow/example_dags/plugins/workday.py took 0.689 seconds
[2026-05-21T13:08:16.174+0000] {processor.py:161} INFO - Started process (PID=22555) to work on /home/airflow/.local/lib/python3.12/site-packages/airflow/example_dags/plugins/workday.py
[2026-05-21T13:08:16.178+0000] {processor.py:830} INFO - Processing file /home/airflow/.local/lib/python3.12/site-packages/airflow/example_dags/plugins/workday.py for tasks to queue
[2026-05-21T13:08:16.183+0000] {logging_mixin.py:188} INFO - [2026-05-21T13:08:16.182+0000] {dagbag.py:545} INFO - Filling up the DagBag from /home/airflow/.local/lib/python3.12/site-packages/airflow/example_dags/plugins/workday.py
[2026-05-21T13:08:17.656+0000] {processor.py:842} WARNING - No viable dags retrieved from /home/airflow/.local/lib/python3.12/site-packages/airflow/example_dags/plugins/workday.py
[2026-05-21T13:08:17.744+0000] {processor.py:183} INFO - Processing /home/airflow/.local/lib/python3.12/site-packages/airflow/example_dags/plugins/workday.py took 1.584 seconds
[2026-05-21T13:08:56.227+0000] {processor.py:161} INFO - Started process (PID=22620) to work on /home/airflow/.local/lib/python3.12/site-packages/airflow/example_dags/plugins/workday.py
[2026-05-21T13:08:56.244+0000] {processor.py:830} INFO - Processing file /home/airflow/.local/lib/python3.12/site-packages/airflow/example_dags/plugins/workday.py for tasks to queue
[2026-05-21T13:08:56.260+0000] {logging_mixin.py:188} INFO - [2026-05-21T13:08:56.259+0000] {dagbag.py:545} INFO - Filling up the DagBag from /home/airflow/.local/lib/python3.12/site-packages/airflow/example_dags/plugins/workday.py
[2026-05-21T13:08:58.612+0000] {processor.py:842} WARNING - No viable dags retrieved from /home/airflow/.local/lib/python3.12/site-packages/airflow/example_dags/plugins/workday.py
[2026-05-21T13:08:58.703+0000] {processor.py:183} INFO - Processing /home/airflow/.local/lib/python3.12/site-packages/airflow/example_dags/plugins/workday.py took 2.519 seconds
[2026-05-21T13:09:36.539+0000] {processor.py:161} INFO - Started process (PID=22686) to work on /home/airflow/.local/lib/python3.12/site-packages/airflow/example_dags/plugins/workday.py
[2026-05-21T13:09:36.542+0000] {processor.py:830} INFO - Processing file /home/airflow/.local/lib/python3.12/site-packages/airflow/example_dags/plugins/workday.py for tasks to queue
[2026-05-21T13:09:36.552+0000] {logging_mixin.py:188} INFO - [2026-05-21T13:09:36.550+0000] {dagbag.py:545} INFO - Filling up the DagBag from /home/airflow/.local/lib/python3.12/site-packages/airflow/example_dags/plugins/workday.py
[2026-05-21T13:09:37.766+0000] {processor.py:842} WARNING - No viable dags retrieved from /home/airflow/.local/lib/python3.12/site-packages/airflow/example_dags/plugins/workday.py
[2026-05-21T13:09:37.799+0000] {processor.py:183} INFO - Processing /home/airflow/.local/lib/python3.12/site-packages/airflow/example_dags/plugins/workday.py took 1.286 seconds
[2026-05-21T13:10:08.991+0000] {processor.py:161} INFO - Started process (PID=22747) to work on /home/airflow/.local/lib/python3.12/site-packages/airflow/example_dags/plugins/workday.py
[2026-05-21T13:10:08.994+0000] {processor.py:830} INFO - Processing file /home/airflow/.local/lib/python3.12/site-packages/airflow/example_dags/plugins/workday.py for tasks to queue
[2026-05-21T13:10:09.000+0000] {logging_mixin.py:188} INFO - [2026-05-21T13:10:08.999+0000] {dagbag.py:545} INFO - Filling up the DagBag from /home/airflow/.local/lib/python3.12/site-packages/airflow/example_dags/plugins/workday.py
[2026-05-21T13:10:09.828+0000] {processor.py:842} WARNING - No viable dags retrieved from /home/airflow/.local/lib/python3.12/site-packages/airflow/example_dags/plugins/workday.py
[2026-05-21T13:10:09.850+0000] {processor.py:183} INFO - Processing /home/airflow/.local/lib/python3.12/site-packages/airflow/example_dags/plugins/workday.py took 0.874 seconds
[2026-05-21T13:10:40.275+0000] {processor.py:161} INFO - Started process (PID=22808) to work on /home/airflow/.local/lib/python3.12/site-packages/airflow/example_dags/plugins/workday.py
[2026-05-21T13:10:40.278+0000] {processor.py:830} INFO - Processing file /home/airflow/.local/lib/python3.12/site-packages/airflow/example_dags/plugins/workday.py for tasks to queue
[2026-05-21T13:10:40.281+0000] {logging_mixin.py:188} INFO - [2026-05-21T13:10:40.280+0000] {dagbag.py:545} INFO - Filling up the DagBag from /home/airflow/.local/lib/python3.12/site-packages/airflow/example_dags/plugins/workday.py
[2026-05-21T13:10:40.814+0000] {processor.py:842} WARNING - No viable dags retrieved from /home/airflow/.local/lib/python3.12/site-packages/airflow/example_dags/plugins/workday.py
[2026-05-21T13:10:40.836+0000] {processor.py:183} INFO - Processing /home/airflow/.local/lib/python3.12/site-packages/airflow/example_dags/plugins/workday.py took 0.573 seconds
[2026-05-21T13:11:11.477+0000] {processor.py:161} INFO - Started process (PID=22870) to work on /home/airflow/.local/lib/python3.12/site-packages/airflow/example_dags/plugins/workday.py
[2026-05-21T13:11:11.479+0000] {processor.py:830} INFO - Processing file /home/airflow/.local/lib/python3.12/site-packages/airflow/example_dags/plugins/workday.py for tasks to queue
[2026-05-21T13:11:11.482+0000] {logging_mixin.py:188} INFO - [2026-05-21T13:11:11.482+0000] {dagbag.py:545} INFO - Filling up the DagBag from /home/airflow/.local/lib/python3.12/site-packages/airflow/example_dags/plugins/workday.py
[2026-05-21T13:11:11.964+0000] {processor.py:842} WARNING - No viable dags retrieved from /home/airflow/.local/lib/python3.12/site-packages/airflow/example_dags/plugins/workday.py
[2026-05-21T13:11:11.995+0000] {processor.py:183} INFO - Processing /home/airflow/.local/lib/python3.12/site-packages/airflow/example_dags/plugins/workday.py took 0.530 seconds
[2026-05-21T13:11:43.995+0000] {processor.py:161} INFO - Started process (PID=22936) to work on /home/airflow/.local/lib/python3.12/site-packages/airflow/example_dags/plugins/workday.py
[2026-05-21T13:11:43.997+0000] {processor.py:830} INFO - Processing file /home/airflow/.local/lib/python3.12/site-packages/airflow/example_dags/plugins/workday.py for tasks to queue
[2026-05-21T13:11:44.000+0000] {logging_mixin.py:188} INFO - [2026-05-21T13:11:44.000+0000] {dagbag.py:545} INFO - Filling up the DagBag from /home/airflow/.local/lib/python3.12/site-packages/airflow/example_dags/plugins/workday.py
[2026-05-21T13:11:44.527+0000] {processor.py:842} WARNING - No viable dags retrieved from /home/airflow/.local/lib/python3.12/site-packages/airflow/example_dags/plugins/workday.py
[2026-05-21T13:11:44.547+0000] {processor.py:183} INFO - Processing /home/airflow/.local/lib/python3.12/site-packages/airflow/example_dags/plugins/workday.py took 0.563 seconds
[2026-05-21T13:12:14.823+0000] {processor.py:161} INFO - Started process (PID=22997) to work on /home/airflow/.local/lib/python3.12/site-packages/airflow/example_dags/plugins/workday.py
[2026-05-21T13:12:14.825+0000] {processor.py:830} INFO - Processing file /home/airflow/.local/lib/python3.12/site-packages/airflow/example_dags/plugins/workday.py for tasks to queue
[2026-05-21T13:12:14.829+0000] {logging_mixin.py:188} INFO - [2026-05-21T13:12:14.828+0000] {dagbag.py:545} INFO - Filling up the DagBag from /home/airflow/.local/lib/python3.12/site-packages/airflow/example_dags/plugins/workday.py
[2026-05-21T13:12:15.318+0000] {processor.py:842} WARNING - No viable dags retrieved from /home/airflow/.local/lib/python3.12/site-packages/airflow/example_dags/plugins/workday.py
[2026-05-21T13:12:15.338+0000] {processor.py:183} INFO - Processing /home/airflow/.local/lib/python3.12/site-packages/airflow/example_dags/plugins/workday.py took 0.527 seconds
[2026-05-21T13:12:46.506+0000] {processor.py:161} INFO - Started process (PID=23061) to work on /home/airflow/.local/lib/python3.12/site-packages/airflow/example_dags/plugins/workday.py
[2026-05-21T13:12:46.509+0000] {processor.py:830} INFO - Processing file /home/airflow/.local/lib/python3.12/site-packages/airflow/example_dags/plugins/workday.py for tasks to queue
[2026-05-21T13:12:46.516+0000] {logging_mixin.py:188} INFO - [2026-05-21T13:12:46.515+0000] {dagbag.py:545} INFO - Filling up the DagBag from /home/airflow/.local/lib/python3.12/site-packages/airflow/example_dags/plugins/workday.py
[2026-05-21T13:12:47.200+0000] {processor.py:842} WARNING - No viable dags retrieved from /home/airflow/.local/lib/python3.12/site-packages/airflow/example_dags/plugins/workday.py
[2026-05-21T13:12:47.251+0000] {processor.py:183} INFO - Processing /home/airflow/.local/lib/python3.12/site-packages/airflow/example_dags/plugins/workday.py took 0.759 seconds
[2026-05-21T13:13:21.061+0000] {processor.py:161} INFO - Started process (PID=23126) to work on /home/airflow/.local/lib/python3.12/site-packages/airflow/example_dags/plugins/workday.py
[2026-05-21T13:13:21.070+0000] {processor.py:830} INFO - Processing file /home/airflow/.local/lib/python3.12/site-packages/airflow/example_dags/plugins/workday.py for tasks to queue
[2026-05-21T13:13:21.076+0000] {logging_mixin.py:188} INFO - [2026-05-21T13:13:21.075+0000] {dagbag.py:545} INFO - Filling up the DagBag from /home/airflow/.local/lib/python3.12/site-packages/airflow/example_dags/plugins/workday.py
[2026-05-21T13:13:21.813+0000] {processor.py:842} WARNING - No viable dags retrieved from /home/airflow/.local/lib/python3.12/site-packages/airflow/example_dags/plugins/workday.py
[2026-05-21T13:13:21.836+0000] {processor.py:183} INFO - Processing /home/airflow/.local/lib/python3.12/site-packages/airflow/example_dags/plugins/workday.py took 0.797 seconds
[2026-05-21T13:13:53.161+0000] {processor.py:161} INFO - Started process (PID=23189) to work on /home/airflow/.local/lib/python3.12/site-packages/airflow/example_dags/plugins/workday.py
[2026-05-21T13:13:53.163+0000] {processor.py:830} INFO - Processing file /home/airflow/.local/lib/python3.12/site-packages/airflow/example_dags/plugins/workday.py for tasks to queue
[2026-05-21T13:13:53.166+0000] {logging_mixin.py:188} INFO - [2026-05-21T13:13:53.166+0000] {dagbag.py:545} INFO - Filling up the DagBag from /home/airflow/.local/lib/python3.12/site-packages/airflow/example_dags/plugins/workday.py
[2026-05-21T13:13:53.866+0000] {processor.py:842} WARNING - No viable dags retrieved from /home/airflow/.local/lib/python3.12/site-packages/airflow/example_dags/plugins/workday.py
[2026-05-21T13:13:53.888+0000] {processor.py:183} INFO - Processing /home/airflow/.local/lib/python3.12/site-packages/airflow/example_dags/plugins/workday.py took 0.736 seconds
[2026-05-21T13:14:24.760+0000] {processor.py:161} INFO - Started process (PID=23258) to work on /home/airflow/.local/lib/python3.12/site-packages/airflow/example_dags/plugins/workday.py
[2026-05-21T13:14:24.762+0000] {processor.py:830} INFO - Processing file /home/airflow/.local/lib/python3.12/site-packages/airflow/example_dags/plugins/workday.py for tasks to queue
[2026-05-21T13:14:24.766+0000] {logging_mixin.py:188} INFO - [2026-05-21T13:14:24.765+0000] {dagbag.py:545} INFO - Filling up the DagBag from /home/airflow/.local/lib/python3.12/site-packages/airflow/example_dags/plugins/workday.py
[2026-05-21T13:14:25.295+0000] {processor.py:842} WARNING - No viable dags retrieved from /home/airflow/.local/lib/python3.12/site-packages/airflow/example_dags/plugins/workday.py
[2026-05-21T13:14:25.319+0000] {processor.py:183} INFO - Processing /home/airflow/.local/lib/python3.12/site-packages/airflow/example_dags/plugins/workday.py took 0.569 seconds
[2026-05-21T13:14:55.830+0000] {processor.py:161} INFO - Started process (PID=23318) to work on /home/airflow/.local/lib/python3.12/site-packages/airflow/example_dags/plugins/workday.py
[2026-05-21T13:14:55.832+0000] {processor.py:830} INFO - Processing file /home/airflow/.local/lib/python3.12/site-packages/airflow/example_dags/plugins/workday.py for tasks to queue
[2026-05-21T13:14:55.835+0000] {logging_mixin.py:188} INFO - [2026-05-21T13:14:55.835+0000] {dagbag.py:545} INFO - Filling up the DagBag from /home/airflow/.local/lib/python3.12/site-packages/airflow/example_dags/plugins/workday.py
[2026-05-21T13:14:56.301+0000] {processor.py:842} WARNING - No viable dags retrieved from /home/airflow/.local/lib/python3.12/site-packages/airflow/example_dags/plugins/workday.py
[2026-05-21T13:14:56.321+0000] {processor.py:183} INFO - Processing /home/airflow/.local/lib/python3.12/site-packages/airflow/example_dags/plugins/workday.py took 0.500 seconds
[2026-05-21T13:15:29.884+0000] {processor.py:161} INFO - Started process (PID=23381) to work on /home/airflow/.local/lib/python3.12/site-packages/airflow/example_dags/plugins/workday.py
[2026-05-21T13:15:29.895+0000] {processor.py:830} INFO - Processing file /home/airflow/.local/lib/python3.12/site-packages/airflow/example_dags/plugins/workday.py for tasks to queue
[2026-05-21T13:15:29.899+0000] {logging_mixin.py:188} INFO - [2026-05-21T13:15:29.898+0000] {dagbag.py:545} INFO - Filling up the DagBag from /home/airflow/.local/lib/python3.12/site-packages/airflow/example_dags/plugins/workday.py
[2026-05-21T13:15:30.906+0000] {processor.py:842} WARNING - No viable dags retrieved from /home/airflow/.local/lib/python3.12/site-packages/airflow/example_dags/plugins/workday.py
[2026-05-21T13:15:30.961+0000] {processor.py:183} INFO - Processing /home/airflow/.local/lib/python3.12/site-packages/airflow/example_dags/plugins/workday.py took 1.091 seconds
[2026-05-21T13:16:01.689+0000] {processor.py:161} INFO - Started process (PID=23445) to work on /home/airflow/.local/lib/python3.12/site-packages/airflow/example_dags/plugins/workday.py
[2026-05-21T13:16:01.691+0000] {processor.py:830} INFO - Processing file /home/airflow/.local/lib/python3.12/site-packages/airflow/example_dags/plugins/workday.py for tasks to queue
[2026-05-21T13:16:01.695+0000] {logging_mixin.py:188} INFO - [2026-05-21T13:16:01.694+0000] {dagbag.py:545} INFO - Filling up the DagBag from /home/airflow/.local/lib/python3.12/site-packages/airflow/example_dags/plugins/workday.py
[2026-05-21T13:16:02.258+0000] {processor.py:842} WARNING - No viable dags retrieved from /home/airflow/.local/lib/python3.12/site-packages/airflow/example_dags/plugins/workday.py
[2026-05-21T13:16:02.282+0000] {processor.py:183} INFO - Processing /home/airflow/.local/lib/python3.12/site-packages/airflow/example_dags/plugins/workday.py took 0.607 seconds
[2026-05-21T13:16:33.064+0000] {processor.py:161} INFO - Started process (PID=23505) to work on /home/airflow/.local/lib/python3.12/site-packages/airflow/example_dags/plugins/workday.py
[2026-05-21T13:16:33.068+0000] {processor.py:830} INFO - Processing file /home/airflow/.local/lib/python3.12/site-packages/airflow/example_dags/plugins/workday.py for tasks to queue
[2026-05-21T13:16:33.075+0000] {logging_mixin.py:188} INFO - [2026-05-21T13:16:33.074+0000] {dagbag.py:545} INFO - Filling up the DagBag from /home/airflow/.local/lib/python3.12/site-packages/airflow/example_dags/plugins/workday.py
[2026-05-21T13:16:34.049+0000] {processor.py:842} WARNING - No viable dags retrieved from /home/airflow/.local/lib/python3.12/site-packages/airflow/example_dags/plugins/workday.py
[2026-05-21T13:16:34.076+0000] {processor.py:183} INFO - Processing /home/airflow/.local/lib/python3.12/site-packages/airflow/example_dags/plugins/workday.py took 1.061 seconds
[2026-05-21T13:17:04.521+0000] {processor.py:161} INFO - Started process (PID=23566) to work on /home/airflow/.local/lib/python3.12/site-packages/airflow/example_dags/plugins/workday.py
[2026-05-21T13:17:04.524+0000] {processor.py:830} INFO - Processing file /home/airflow/.local/lib/python3.12/site-packages/airflow/example_dags/plugins/workday.py for tasks to queue
[2026-05-21T13:17:04.527+0000] {logging_mixin.py:188} INFO - [2026-05-21T13:17:04.526+0000] {dagbag.py:545} INFO - Filling up the DagBag from /home/airflow/.local/lib/python3.12/site-packages/airflow/example_dags/plugins/workday.py
[2026-05-21T13:17:05.050+0000] {processor.py:842} WARNING - No viable dags retrieved from /home/airflow/.local/lib/python3.12/site-packages/airflow/example_dags/plugins/workday.py
[2026-05-21T13:17:05.113+0000] {processor.py:183} INFO - Processing /home/airflow/.local/lib/python3.12/site-packages/airflow/example_dags/plugins/workday.py took 0.602 seconds
[2026-05-21T13:17:35.644+0000] {processor.py:161} INFO - Started process (PID=23626) to work on /home/airflow/.local/lib/python3.12/site-packages/airflow/example_dags/plugins/workday.py
[2026-05-21T13:17:35.646+0000] {processor.py:830} INFO - Processing file /home/airflow/.local/lib/python3.12/site-packages/airflow/example_dags/plugins/workday.py for tasks to queue
[2026-05-21T13:17:35.649+0000] {logging_mixin.py:188} INFO - [2026-05-21T13:17:35.649+0000] {dagbag.py:545} INFO - Filling up the DagBag from /home/airflow/.local/lib/python3.12/site-packages/airflow/example_dags/plugins/workday.py
[2026-05-21T13:17:36.348+0000] {processor.py:842} WARNING - No viable dags retrieved from /home/airflow/.local/lib/python3.12/site-packages/airflow/example_dags/plugins/workday.py
[2026-05-21T13:17:36.372+0000] {processor.py:183} INFO - Processing /home/airflow/.local/lib/python3.12/site-packages/airflow/example_dags/plugins/workday.py took 0.739 seconds
[2026-05-21T13:18:07.123+0000] {processor.py:161} INFO - Started process (PID=23686) to work on /home/airflow/.local/lib/python3.12/site-packages/airflow/example_dags/plugins/workday.py
[2026-05-21T13:18:07.126+0000] {processor.py:830} INFO - Processing file /home/airflow/.local/lib/python3.12/site-packages/airflow/example_dags/plugins/workday.py for tasks to queue
[2026-05-21T13:18:07.133+0000] {logging_mixin.py:188} INFO - [2026-05-21T13:18:07.132+0000] {dagbag.py:545} INFO - Filling up the DagBag from /home/airflow/.local/lib/python3.12/site-packages/airflow/example_dags/plugins/workday.py
[2026-05-21T13:18:07.663+0000] {processor.py:842} WARNING - No viable dags retrieved from /home/airflow/.local/lib/python3.12/site-packages/airflow/example_dags/plugins/workday.py
[2026-05-21T13:18:07.696+0000] {processor.py:183} INFO - Processing /home/airflow/.local/lib/python3.12/site-packages/airflow/example_dags/plugins/workday.py took 0.586 seconds
[2026-05-21T13:18:38.896+0000] {processor.py:161} INFO - Started process (PID=23748) to work on /home/airflow/.local/lib/python3.12/site-packages/airflow/example_dags/plugins/workday.py
[2026-05-21T13:18:38.898+0000] {processor.py:830} INFO - Processing file /home/airflow/.local/lib/python3.12/site-packages/airflow/example_dags/plugins/workday.py for tasks to queue
[2026-05-21T13:18:38.902+0000] {logging_mixin.py:188} INFO - [2026-05-21T13:18:38.901+0000] {dagbag.py:545} INFO - Filling up the DagBag from /home/airflow/.local/lib/python3.12/site-packages/airflow/example_dags/plugins/workday.py
[2026-05-21T13:18:39.339+0000] {processor.py:842} WARNING - No viable dags retrieved from /home/airflow/.local/lib/python3.12/site-packages/airflow/example_dags/plugins/workday.py
[2026-05-21T13:18:39.361+0000] {processor.py:183} INFO - Processing /home/airflow/.local/lib/python3.12/site-packages/airflow/example_dags/plugins/workday.py took 0.475 seconds
[2026-05-21T13:19:09.859+0000] {processor.py:161} INFO - Started process (PID=23808) to work on /home/airflow/.local/lib/python3.12/site-packages/airflow/example_dags/plugins/workday.py
[2026-05-21T13:19:09.861+0000] {processor.py:830} INFO - Processing file /home/airflow/.local/lib/python3.12/site-packages/airflow/example_dags/plugins/workday.py for tasks to queue
[2026-05-21T13:19:09.865+0000] {logging_mixin.py:188} INFO - [2026-05-21T13:19:09.864+0000] {dagbag.py:545} INFO - Filling up the DagBag from /home/airflow/.local/lib/python3.12/site-packages/airflow/example_dags/plugins/workday.py
[2026-05-21T13:19:10.344+0000] {processor.py:842} WARNING - No viable dags retrieved from /home/airflow/.local/lib/python3.12/site-packages/airflow/example_dags/plugins/workday.py
[2026-05-21T13:19:10.366+0000] {processor.py:183} INFO - Processing /home/airflow/.local/lib/python3.12/site-packages/airflow/example_dags/plugins/workday.py took 0.516 seconds
[2026-05-21T13:19:41.136+0000] {processor.py:161} INFO - Started process (PID=23868) to work on /home/airflow/.local/lib/python3.12/site-packages/airflow/example_dags/plugins/workday.py
[2026-05-21T13:19:41.137+0000] {processor.py:830} INFO - Processing file /home/airflow/.local/lib/python3.12/site-packages/airflow/example_dags/plugins/workday.py for tasks to queue
[2026-05-21T13:19:41.140+0000] {logging_mixin.py:188} INFO - [2026-05-21T13:19:41.140+0000] {dagbag.py:545} INFO - Filling up the DagBag from /home/airflow/.local/lib/python3.12/site-packages/airflow/example_dags/plugins/workday.py
[2026-05-21T13:19:41.609+0000] {processor.py:842} WARNING - No viable dags retrieved from /home/airflow/.local/lib/python3.12/site-packages/airflow/example_dags/plugins/workday.py
[2026-05-21T13:19:41.628+0000] {processor.py:183} INFO - Processing /home/airflow/.local/lib/python3.12/site-packages/airflow/example_dags/plugins/workday.py took 0.500 seconds
[2026-05-21T13:20:12.481+0000] {processor.py:161} INFO - Started process (PID=23928) to work on /home/airflow/.local/lib/python3.12/site-packages/airflow/example_dags/plugins/workday.py
[2026-05-21T13:20:12.483+0000] {processor.py:830} INFO - Processing file /home/airflow/.local/lib/python3.12/site-packages/airflow/example_dags/plugins/workday.py for tasks to queue
[2026-05-21T13:20:12.486+0000] {logging_mixin.py:188} INFO - [2026-05-21T13:20:12.486+0000] {dagbag.py:545} INFO - Filling up the DagBag from /home/airflow/.local/lib/python3.12/site-packages/airflow/example_dags/plugins/workday.py
[2026-05-21T13:20:13.018+0000] {processor.py:842} WARNING - No viable dags retrieved from /home/airflow/.local/lib/python3.12/site-packages/airflow/example_dags/plugins/workday.py
[2026-05-21T13:20:13.041+0000] {processor.py:183} INFO - Processing /home/airflow/.local/lib/python3.12/site-packages/airflow/example_dags/plugins/workday.py took 0.568 seconds
[2026-05-21T13:20:43.234+0000] {processor.py:161} INFO - Started process (PID=23988) to work on /home/airflow/.local/lib/python3.12/site-packages/airflow/example_dags/plugins/workday.py
[2026-05-21T13:20:43.237+0000] {processor.py:830} INFO - Processing file /home/airflow/.local/lib/python3.12/site-packages/airflow/example_dags/plugins/workday.py for tasks to queue
[2026-05-21T13:20:43.243+0000] {logging_mixin.py:188} INFO - [2026-05-21T13:20:43.241+0000] {dagbag.py:545} INFO - Filling up the DagBag from /home/airflow/.local/lib/python3.12/site-packages/airflow/example_dags/plugins/workday.py
[2026-05-21T13:20:43.947+0000] {processor.py:842} WARNING - No viable dags retrieved from /home/airflow/.local/lib/python3.12/site-packages/airflow/example_dags/plugins/workday.py
[2026-05-21T13:20:43.978+0000] {processor.py:183} INFO - Processing /home/airflow/.local/lib/python3.12/site-packages/airflow/example_dags/plugins/workday.py took 0.780 seconds
[2026-05-21T13:21:14.535+0000] {processor.py:161} INFO - Started process (PID=24048) to work on /home/airflow/.local/lib/python3.12/site-packages/airflow/example_dags/plugins/workday.py
[2026-05-21T13:21:14.537+0000] {processor.py:830} INFO - Processing file /home/airflow/.local/lib/python3.12/site-packages/airflow/example_dags/plugins/workday.py for tasks to queue
[2026-05-21T13:21:14.540+0000] {logging_mixin.py:188} INFO - [2026-05-21T13:21:14.540+0000] {dagbag.py:545} INFO - Filling up the DagBag from /home/airflow/.local/lib/python3.12/site-packages/airflow/example_dags/plugins/workday.py
[2026-05-21T13:21:14.963+0000] {processor.py:842} WARNING - No viable dags retrieved from /home/airflow/.local/lib/python3.12/site-packages/airflow/example_dags/plugins/workday.py
[2026-05-21T13:21:14.984+0000] {processor.py:183} INFO - Processing /home/airflow/.local/lib/python3.12/site-packages/airflow/example_dags/plugins/workday.py took 0.457 seconds
[2026-05-21T13:21:45.771+0000] {processor.py:161} INFO - Started process (PID=24108) to work on /home/airflow/.local/lib/python3.12/site-packages/airflow/example_dags/plugins/workday.py
[2026-05-21T13:21:45.773+0000] {processor.py:830} INFO - Processing file /home/airflow/.local/lib/python3.12/site-packages/airflow/example_dags/plugins/workday.py for tasks to queue
[2026-05-21T13:21:45.777+0000] {logging_mixin.py:188} INFO - [2026-05-21T13:21:45.777+0000] {dagbag.py:545} INFO - Filling up the DagBag from /home/airflow/.local/lib/python3.12/site-packages/airflow/example_dags/plugins/workday.py
[2026-05-21T13:21:46.236+0000] {processor.py:842} WARNING - No viable dags retrieved from /home/airflow/.local/lib/python3.12/site-packages/airflow/example_dags/plugins/workday.py
[2026-05-21T13:21:46.256+0000] {processor.py:183} INFO - Processing /home/airflow/.local/lib/python3.12/site-packages/airflow/example_dags/plugins/workday.py took 0.496 seconds
[2026-05-21T13:22:16.597+0000] {processor.py:161} INFO - Started process (PID=24168) to work on /home/airflow/.local/lib/python3.12/site-packages/airflow/example_dags/plugins/workday.py
[2026-05-21T13:22:16.599+0000] {processor.py:830} INFO - Processing file /home/airflow/.local/lib/python3.12/site-packages/airflow/example_dags/plugins/workday.py for tasks to queue
[2026-05-21T13:22:16.603+0000] {logging_mixin.py:188} INFO - [2026-05-21T13:22:16.602+0000] {dagbag.py:545} INFO - Filling up the DagBag from /home/airflow/.local/lib/python3.12/site-packages/airflow/example_dags/plugins/workday.py
[2026-05-21T13:22:17.044+0000] {processor.py:842} WARNING - No viable dags retrieved from /home/airflow/.local/lib/python3.12/site-packages/airflow/example_dags/plugins/workday.py
[2026-05-21T13:22:17.064+0000] {processor.py:183} INFO - Processing /home/airflow/.local/lib/python3.12/site-packages/airflow/example_dags/plugins/workday.py took 0.478 seconds
[2026-05-21T13:22:47.971+0000] {processor.py:161} INFO - Started process (PID=24230) to work on /home/airflow/.local/lib/python3.12/site-packages/airflow/example_dags/plugins/workday.py
[2026-05-21T13:22:47.973+0000] {processor.py:830} INFO - Processing file /home/airflow/.local/lib/python3.12/site-packages/airflow/example_dags/plugins/workday.py for tasks to queue
[2026-05-21T13:22:47.976+0000] {logging_mixin.py:188} INFO - [2026-05-21T13:22:47.976+0000] {dagbag.py:545} INFO - Filling up the DagBag from /home/airflow/.local/lib/python3.12/site-packages/airflow/example_dags/plugins/workday.py
[2026-05-21T13:22:48.456+0000] {processor.py:842} WARNING - No viable dags retrieved from /home/airflow/.local/lib/python3.12/site-packages/airflow/example_dags/plugins/workday.py
[2026-05-21T13:22:48.478+0000] {processor.py:183} INFO - Processing /home/airflow/.local/lib/python3.12/site-packages/airflow/example_dags/plugins/workday.py took 0.516 seconds
[2026-05-21T13:23:18.610+0000] {processor.py:161} INFO - Started process (PID=24292) to work on /home/airflow/.local/lib/python3.12/site-packages/airflow/example_dags/plugins/workday.py
[2026-05-21T13:23:18.612+0000] {processor.py:830} INFO - Processing file /home/airflow/.local/lib/python3.12/site-packages/airflow/example_dags/plugins/workday.py for tasks to queue
[2026-05-21T13:23:18.616+0000] {logging_mixin.py:188} INFO - [2026-05-21T13:23:18.615+0000] {dagbag.py:545} INFO - Filling up the DagBag from /home/airflow/.local/lib/python3.12/site-packages/airflow/example_dags/plugins/workday.py
[2026-05-21T13:23:19.468+0000] {processor.py:842} WARNING - No viable dags retrieved from /home/airflow/.local/lib/python3.12/site-packages/airflow/example_dags/plugins/workday.py
[2026-05-21T13:23:19.496+0000] {processor.py:183} INFO - Processing /home/airflow/.local/lib/python3.12/site-packages/airflow/example_dags/plugins/workday.py took 0.898 seconds
[2026-05-21T13:23:50.478+0000] {processor.py:161} INFO - Started process (PID=24352) to work on /home/airflow/.local/lib/python3.12/site-packages/airflow/example_dags/plugins/workday.py
[2026-05-21T13:23:50.481+0000] {processor.py:830} INFO - Processing file /home/airflow/.local/lib/python3.12/site-packages/airflow/example_dags/plugins/workday.py for tasks to queue
[2026-05-21T13:23:50.485+0000] {logging_mixin.py:188} INFO - [2026-05-21T13:23:50.484+0000] {dagbag.py:545} INFO - Filling up the DagBag from /home/airflow/.local/lib/python3.12/site-packages/airflow/example_dags/plugins/workday.py
[2026-05-21T13:23:50.985+0000] {processor.py:842} WARNING - No viable dags retrieved from /home/airflow/.local/lib/python3.12/site-packages/airflow/example_dags/plugins/workday.py
[2026-05-21T13:23:51.003+0000] {processor.py:183} INFO - Processing /home/airflow/.local/lib/python3.12/site-packages/airflow/example_dags/plugins/workday.py took 0.541 seconds
[2026-05-21T13:24:21.799+0000] {processor.py:161} INFO - Started process (PID=24414) to work on /home/airflow/.local/lib/python3.12/site-packages/airflow/example_dags/plugins/workday.py
[2026-05-21T13:24:21.801+0000] {processor.py:830} INFO - Processing file /home/airflow/.local/lib/python3.12/site-packages/airflow/example_dags/plugins/workday.py for tasks to queue
[2026-05-21T13:24:21.805+0000] {logging_mixin.py:188} INFO - [2026-05-21T13:24:21.804+0000] {dagbag.py:545} INFO - Filling up the DagBag from /home/airflow/.local/lib/python3.12/site-packages/airflow/example_dags/plugins/workday.py
[2026-05-21T13:24:22.410+0000] {processor.py:842} WARNING - No viable dags retrieved from /home/airflow/.local/lib/python3.12/site-packages/airflow/example_dags/plugins/workday.py
[2026-05-21T13:24:22.436+0000] {processor.py:183} INFO - Processing /home/airflow/.local/lib/python3.12/site-packages/airflow/example_dags/plugins/workday.py took 0.648 seconds
[2026-05-21T13:24:52.826+0000] {processor.py:161} INFO - Started process (PID=24474) to work on /home/airflow/.local/lib/python3.12/site-packages/airflow/example_dags/plugins/workday.py
[2026-05-21T13:24:52.829+0000] {processor.py:830} INFO - Processing file /home/airflow/.local/lib/python3.12/site-packages/airflow/example_dags/plugins/workday.py for tasks to queue
[2026-05-21T13:24:52.834+0000] {logging_mixin.py:188} INFO - [2026-05-21T13:24:52.834+0000] {dagbag.py:545} INFO - Filling up the DagBag from /home/airflow/.local/lib/python3.12/site-packages/airflow/example_dags/plugins/workday.py
[2026-05-21T13:24:53.708+0000] {processor.py:842} WARNING - No viable dags retrieved from /home/airflow/.local/lib/python3.12/site-packages/airflow/example_dags/plugins/workday.py
[2026-05-21T13:24:53.734+0000] {processor.py:183} INFO - Processing /home/airflow/.local/lib/python3.12/site-packages/airflow/example_dags/plugins/workday.py took 0.929 seconds
[2026-05-21T13:25:25.205+0000] {processor.py:161} INFO - Started process (PID=24536) to work on /home/airflow/.local/lib/python3.12/site-packages/airflow/example_dags/plugins/workday.py
[2026-05-21T13:25:25.207+0000] {processor.py:830} INFO - Processing file /home/airflow/.local/lib/python3.12/site-packages/airflow/example_dags/plugins/workday.py for tasks to queue
[2026-05-21T13:25:25.211+0000] {logging_mixin.py:188} INFO - [2026-05-21T13:25:25.211+0000] {dagbag.py:545} INFO - Filling up the DagBag from /home/airflow/.local/lib/python3.12/site-packages/airflow/example_dags/plugins/workday.py
[2026-05-21T13:25:26.194+0000] {processor.py:842} WARNING - No viable dags retrieved from /home/airflow/.local/lib/python3.12/site-packages/airflow/example_dags/plugins/workday.py
[2026-05-21T13:25:26.233+0000] {processor.py:183} INFO - Processing /home/airflow/.local/lib/python3.12/site-packages/airflow/example_dags/plugins/workday.py took 1.041 seconds
[2026-05-21T13:25:57.288+0000] {processor.py:161} INFO - Started process (PID=24598) to work on /home/airflow/.local/lib/python3.12/site-packages/airflow/example_dags/plugins/workday.py
[2026-05-21T13:25:57.300+0000] {processor.py:830} INFO - Processing file /home/airflow/.local/lib/python3.12/site-packages/airflow/example_dags/plugins/workday.py for tasks to queue
[2026-05-21T13:25:57.303+0000] {logging_mixin.py:188} INFO - [2026-05-21T13:25:57.302+0000] {dagbag.py:545} INFO - Filling up the DagBag from /home/airflow/.local/lib/python3.12/site-packages/airflow/example_dags/plugins/workday.py
[2026-05-21T13:25:57.833+0000] {processor.py:842} WARNING - No viable dags retrieved from /home/airflow/.local/lib/python3.12/site-packages/airflow/example_dags/plugins/workday.py
[2026-05-21T13:25:57.854+0000] {processor.py:183} INFO - Processing /home/airflow/.local/lib/python3.12/site-packages/airflow/example_dags/plugins/workday.py took 0.578 seconds
[2026-05-21T13:26:29.169+0000] {processor.py:161} INFO - Started process (PID=24666) to work on /home/airflow/.local/lib/python3.12/site-packages/airflow/example_dags/plugins/workday.py
[2026-05-21T13:26:29.174+0000] {processor.py:830} INFO - Processing file /home/airflow/.local/lib/python3.12/site-packages/airflow/example_dags/plugins/workday.py for tasks to queue
[2026-05-21T13:26:29.181+0000] {logging_mixin.py:188} INFO - [2026-05-21T13:26:29.180+0000] {dagbag.py:545} INFO - Filling up the DagBag from /home/airflow/.local/lib/python3.12/site-packages/airflow/example_dags/plugins/workday.py
[2026-05-21T13:26:30.447+0000] {processor.py:842} WARNING - No viable dags retrieved from /home/airflow/.local/lib/python3.12/site-packages/airflow/example_dags/plugins/workday.py
[2026-05-21T13:26:30.538+0000] {processor.py:183} INFO - Processing /home/airflow/.local/lib/python3.12/site-packages/airflow/example_dags/plugins/workday.py took 1.387 seconds
[2026-05-21T13:27:03.430+0000] {processor.py:161} INFO - Started process (PID=24730) to work on /home/airflow/.local/lib/python3.12/site-packages/airflow/example_dags/plugins/workday.py
[2026-05-21T13:27:03.444+0000] {processor.py:830} INFO - Processing file /home/airflow/.local/lib/python3.12/site-packages/airflow/example_dags/plugins/workday.py for tasks to queue
[2026-05-21T13:27:03.447+0000] {logging_mixin.py:188} INFO - [2026-05-21T13:27:03.447+0000] {dagbag.py:545} INFO - Filling up the DagBag from /home/airflow/.local/lib/python3.12/site-packages/airflow/example_dags/plugins/workday.py
[2026-05-21T13:27:04.316+0000] {processor.py:842} WARNING - No viable dags retrieved from /home/airflow/.local/lib/python3.12/site-packages/airflow/example_dags/plugins/workday.py
[2026-05-21T13:27:04.342+0000] {processor.py:183} INFO - Processing /home/airflow/.local/lib/python3.12/site-packages/airflow/example_dags/plugins/workday.py took 0.928 seconds
[2026-05-21T13:27:36.066+0000] {processor.py:161} INFO - Started process (PID=24795) to work on /home/airflow/.local/lib/python3.12/site-packages/airflow/example_dags/plugins/workday.py
[2026-05-21T13:27:36.068+0000] {processor.py:830} INFO - Processing file /home/airflow/.local/lib/python3.12/site-packages/airflow/example_dags/plugins/workday.py for tasks to queue
[2026-05-21T13:27:36.072+0000] {logging_mixin.py:188} INFO - [2026-05-21T13:27:36.072+0000] {dagbag.py:545} INFO - Filling up the DagBag from /home/airflow/.local/lib/python3.12/site-packages/airflow/example_dags/plugins/workday.py
[2026-05-21T13:27:37.330+0000] {processor.py:842} WARNING - No viable dags retrieved from /home/airflow/.local/lib/python3.12/site-packages/airflow/example_dags/plugins/workday.py
[2026-05-21T13:27:37.358+0000] {processor.py:183} INFO - Processing /home/airflow/.local/lib/python3.12/site-packages/airflow/example_dags/plugins/workday.py took 1.305 seconds
[2026-05-21T13:28:07.573+0000] {processor.py:161} INFO - Started process (PID=24857) to work on /home/airflow/.local/lib/python3.12/site-packages/airflow/example_dags/plugins/workday.py
[2026-05-21T13:28:07.576+0000] {processor.py:830} INFO - Processing file /home/airflow/.local/lib/python3.12/site-packages/airflow/example_dags/plugins/workday.py for tasks to queue
[2026-05-21T13:28:07.582+0000] {logging_mixin.py:188} INFO - [2026-05-21T13:28:07.581+0000] {dagbag.py:545} INFO - Filling up the DagBag from /home/airflow/.local/lib/python3.12/site-packages/airflow/example_dags/plugins/workday.py
[2026-05-21T13:28:08.258+0000] {processor.py:842} WARNING - No viable dags retrieved from /home/airflow/.local/lib/python3.12/site-packages/airflow/example_dags/plugins/workday.py
[2026-05-21T13:28:08.276+0000] {processor.py:183} INFO - Processing /home/airflow/.local/lib/python3.12/site-packages/airflow/example_dags/plugins/workday.py took 0.716 seconds
[2026-05-21T13:28:38.430+0000] {processor.py:161} INFO - Started process (PID=24917) to work on /home/airflow/.local/lib/python3.12/site-packages/airflow/example_dags/plugins/workday.py
[2026-05-21T13:28:38.431+0000] {processor.py:830} INFO - Processing file /home/airflow/.local/lib/python3.12/site-packages/airflow/example_dags/plugins/workday.py for tasks to queue
[2026-05-21T13:28:38.433+0000] {logging_mixin.py:188} INFO - [2026-05-21T13:28:38.432+0000] {dagbag.py:545} INFO - Filling up the DagBag from /home/airflow/.local/lib/python3.12/site-packages/airflow/example_dags/plugins/workday.py
[2026-05-21T13:28:39.069+0000] {processor.py:842} WARNING - No viable dags retrieved from /home/airflow/.local/lib/python3.12/site-packages/airflow/example_dags/plugins/workday.py
[2026-05-21T13:28:39.085+0000] {processor.py:183} INFO - Processing /home/airflow/.local/lib/python3.12/site-packages/airflow/example_dags/plugins/workday.py took 0.664 seconds
[2026-05-21T13:29:10.040+0000] {processor.py:161} INFO - Started process (PID=24979) to work on /home/airflow/.local/lib/python3.12/site-packages/airflow/example_dags/plugins/workday.py
[2026-05-21T13:29:10.047+0000] {processor.py:830} INFO - Processing file /home/airflow/.local/lib/python3.12/site-packages/airflow/example_dags/plugins/workday.py for tasks to queue
[2026-05-21T13:29:10.054+0000] {logging_mixin.py:188} INFO - [2026-05-21T13:29:10.051+0000] {dagbag.py:545} INFO - Filling up the DagBag from /home/airflow/.local/lib/python3.12/site-packages/airflow/example_dags/plugins/workday.py
[2026-05-21T13:29:11.246+0000] {processor.py:842} WARNING - No viable dags retrieved from /home/airflow/.local/lib/python3.12/site-packages/airflow/example_dags/plugins/workday.py
[2026-05-21T13:29:11.265+0000] {processor.py:183} INFO - Processing /home/airflow/.local/lib/python3.12/site-packages/airflow/example_dags/plugins/workday.py took 1.411 seconds
[2026-05-21T13:29:42.309+0000] {processor.py:161} INFO - Started process (PID=25040) to work on /home/airflow/.local/lib/python3.12/site-packages/airflow/example_dags/plugins/workday.py
[2026-05-21T13:29:42.361+0000] {processor.py:830} INFO - Processing file /home/airflow/.local/lib/python3.12/site-packages/airflow/example_dags/plugins/workday.py for tasks to queue
[2026-05-21T13:29:42.374+0000] {logging_mixin.py:188} INFO - [2026-05-21T13:29:42.368+0000] {dagbag.py:545} INFO - Filling up the DagBag from /home/airflow/.local/lib/python3.12/site-packages/airflow/example_dags/plugins/workday.py
[2026-05-21T13:29:44.060+0000] {processor.py:842} WARNING - No viable dags retrieved from /home/airflow/.local/lib/python3.12/site-packages/airflow/example_dags/plugins/workday.py
[2026-05-21T13:29:44.081+0000] {processor.py:183} INFO - Processing /home/airflow/.local/lib/python3.12/site-packages/airflow/example_dags/plugins/workday.py took 2.080 seconds
[2026-05-21T13:30:14.209+0000] {processor.py:161} INFO - Started process (PID=25100) to work on /home/airflow/.local/lib/python3.12/site-packages/airflow/example_dags/plugins/workday.py
[2026-05-21T13:30:14.211+0000] {processor.py:830} INFO - Processing file /home/airflow/.local/lib/python3.12/site-packages/airflow/example_dags/plugins/workday.py for tasks to queue
[2026-05-21T13:30:14.213+0000] {logging_mixin.py:188} INFO - [2026-05-21T13:30:14.212+0000] {dagbag.py:545} INFO - Filling up the DagBag from /home/airflow/.local/lib/python3.12/site-packages/airflow/example_dags/plugins/workday.py
[2026-05-21T13:30:14.933+0000] {processor.py:842} WARNING - No viable dags retrieved from /home/airflow/.local/lib/python3.12/site-packages/airflow/example_dags/plugins/workday.py
[2026-05-21T13:30:14.957+0000] {processor.py:183} INFO - Processing /home/airflow/.local/lib/python3.12/site-packages/airflow/example_dags/plugins/workday.py took 0.760 seconds
[2026-05-21T13:30:45.178+0000] {processor.py:161} INFO - Started process (PID=25161) to work on /home/airflow/.local/lib/python3.12/site-packages/airflow/example_dags/plugins/workday.py
[2026-05-21T13:30:45.179+0000] {processor.py:830} INFO - Processing file /home/airflow/.local/lib/python3.12/site-packages/airflow/example_dags/plugins/workday.py for tasks to queue
[2026-05-21T13:30:45.181+0000] {logging_mixin.py:188} INFO - [2026-05-21T13:30:45.181+0000] {dagbag.py:545} INFO - Filling up the DagBag from /home/airflow/.local/lib/python3.12/site-packages/airflow/example_dags/plugins/workday.py
[2026-05-21T13:30:45.834+0000] {processor.py:842} WARNING - No viable dags retrieved from /home/airflow/.local/lib/python3.12/site-packages/airflow/example_dags/plugins/workday.py
[2026-05-21T13:30:45.852+0000] {processor.py:183} INFO - Processing /home/airflow/.local/lib/python3.12/site-packages/airflow/example_dags/plugins/workday.py took 0.683 seconds
[2026-05-21T13:31:16.124+0000] {processor.py:161} INFO - Started process (PID=25222) to work on /home/airflow/.local/lib/python3.12/site-packages/airflow/example_dags/plugins/workday.py
[2026-05-21T13:31:16.126+0000] {processor.py:830} INFO - Processing file /home/airflow/.local/lib/python3.12/site-packages/airflow/example_dags/plugins/workday.py for tasks to queue
[2026-05-21T13:31:16.128+0000] {logging_mixin.py:188} INFO - [2026-05-21T13:31:16.128+0000] {dagbag.py:545} INFO - Filling up the DagBag from /home/airflow/.local/lib/python3.12/site-packages/airflow/example_dags/plugins/workday.py
[2026-05-21T13:31:16.785+0000] {processor.py:842} WARNING - No viable dags retrieved from /home/airflow/.local/lib/python3.12/site-packages/airflow/example_dags/plugins/workday.py
[2026-05-21T13:31:16.805+0000] {processor.py:183} INFO - Processing /home/airflow/.local/lib/python3.12/site-packages/airflow/example_dags/plugins/workday.py took 0.690 seconds
[2026-05-21T13:31:47.200+0000] {processor.py:161} INFO - Started process (PID=25284) to work on /home/airflow/.local/lib/python3.12/site-packages/airflow/example_dags/plugins/workday.py
[2026-05-21T13:31:47.202+0000] {processor.py:830} INFO - Processing file /home/airflow/.local/lib/python3.12/site-packages/airflow/example_dags/plugins/workday.py for tasks to queue
[2026-05-21T13:31:47.204+0000] {logging_mixin.py:188} INFO - [2026-05-21T13:31:47.204+0000] {dagbag.py:545} INFO - Filling up the DagBag from /home/airflow/.local/lib/python3.12/site-packages/airflow/example_dags/plugins/workday.py
[2026-05-21T13:31:47.890+0000] {processor.py:842} WARNING - No viable dags retrieved from /home/airflow/.local/lib/python3.12/site-packages/airflow/example_dags/plugins/workday.py
[2026-05-21T13:31:47.907+0000] {processor.py:183} INFO - Processing /home/airflow/.local/lib/python3.12/site-packages/airflow/example_dags/plugins/workday.py took 0.718 seconds
[2026-05-21T13:32:18.332+0000] {processor.py:161} INFO - Started process (PID=25343) to work on /home/airflow/.local/lib/python3.12/site-packages/airflow/example_dags/plugins/workday.py
[2026-05-21T13:32:18.334+0000] {processor.py:830} INFO - Processing file /home/airflow/.local/lib/python3.12/site-packages/airflow/example_dags/plugins/workday.py for tasks to queue
[2026-05-21T13:32:18.337+0000] {logging_mixin.py:188} INFO - [2026-05-21T13:32:18.336+0000] {dagbag.py:545} INFO - Filling up the DagBag from /home/airflow/.local/lib/python3.12/site-packages/airflow/example_dags/plugins/workday.py
[2026-05-21T13:32:19.076+0000] {processor.py:842} WARNING - No viable dags retrieved from /home/airflow/.local/lib/python3.12/site-packages/airflow/example_dags/plugins/workday.py
[2026-05-21T13:32:19.097+0000] {processor.py:183} INFO - Processing /home/airflow/.local/lib/python3.12/site-packages/airflow/example_dags/plugins/workday.py took 0.783 seconds
[2026-05-21T13:32:50.593+0000] {processor.py:161} INFO - Started process (PID=25407) to work on /home/airflow/.local/lib/python3.12/site-packages/airflow/example_dags/plugins/workday.py
[2026-05-21T13:32:50.596+0000] {processor.py:830} INFO - Processing file /home/airflow/.local/lib/python3.12/site-packages/airflow/example_dags/plugins/workday.py for tasks to queue
[2026-05-21T13:32:50.599+0000] {logging_mixin.py:188} INFO - [2026-05-21T13:32:50.598+0000] {dagbag.py:545} INFO - Filling up the DagBag from /home/airflow/.local/lib/python3.12/site-packages/airflow/example_dags/plugins/workday.py
[2026-05-21T13:32:51.377+0000] {processor.py:842} WARNING - No viable dags retrieved from /home/airflow/.local/lib/python3.12/site-packages/airflow/example_dags/plugins/workday.py
[2026-05-21T13:32:51.395+0000] {processor.py:183} INFO - Processing /home/airflow/.local/lib/python3.12/site-packages/airflow/example_dags/plugins/workday.py took 0.818 seconds
[2026-05-21T13:33:22.309+0000] {processor.py:161} INFO - Started process (PID=25468) to work on /home/airflow/.local/lib/python3.12/site-packages/airflow/example_dags/plugins/workday.py
[2026-05-21T13:33:22.312+0000] {processor.py:830} INFO - Processing file /home/airflow/.local/lib/python3.12/site-packages/airflow/example_dags/plugins/workday.py for tasks to queue
[2026-05-21T13:33:22.317+0000] {logging_mixin.py:188} INFO - [2026-05-21T13:33:22.316+0000] {dagbag.py:545} INFO - Filling up the DagBag from /home/airflow/.local/lib/python3.12/site-packages/airflow/example_dags/plugins/workday.py
[2026-05-21T13:33:23.427+0000] {processor.py:842} WARNING - No viable dags retrieved from /home/airflow/.local/lib/python3.12/site-packages/airflow/example_dags/plugins/workday.py
[2026-05-21T13:33:23.468+0000] {processor.py:183} INFO - Processing /home/airflow/.local/lib/python3.12/site-packages/airflow/example_dags/plugins/workday.py took 1.194 seconds
[2026-05-21T13:33:54.035+0000] {processor.py:161} INFO - Started process (PID=25527) to work on /home/airflow/.local/lib/python3.12/site-packages/airflow/example_dags/plugins/workday.py
[2026-05-21T13:33:54.039+0000] {processor.py:830} INFO - Processing file /home/airflow/.local/lib/python3.12/site-packages/airflow/example_dags/plugins/workday.py for tasks to queue
[2026-05-21T13:33:54.046+0000] {logging_mixin.py:188} INFO - [2026-05-21T13:33:54.045+0000] {dagbag.py:545} INFO - Filling up the DagBag from /home/airflow/.local/lib/python3.12/site-packages/airflow/example_dags/plugins/workday.py
[2026-05-21T13:33:58.165+0000] {processor.py:842} WARNING - No viable dags retrieved from /home/airflow/.local/lib/python3.12/site-packages/airflow/example_dags/plugins/workday.py
[2026-05-21T13:33:58.200+0000] {processor.py:183} INFO - Processing /home/airflow/.local/lib/python3.12/site-packages/airflow/example_dags/plugins/workday.py took 4.215 seconds
[2026-05-21T13:37:23.733+0000] {processor.py:161} INFO - Started process (PID=137) to work on /home/airflow/.local/lib/python3.12/site-packages/airflow/example_dags/plugins/workday.py
[2026-05-21T13:37:23.736+0000] {processor.py:830} INFO - Processing file /home/airflow/.local/lib/python3.12/site-packages/airflow/example_dags/plugins/workday.py for tasks to queue
[2026-05-21T13:37:23.740+0000] {logging_mixin.py:188} INFO - [2026-05-21T13:37:23.739+0000] {dagbag.py:545} INFO - Filling up the DagBag from /home/airflow/.local/lib/python3.12/site-packages/airflow/example_dags/plugins/workday.py
[2026-05-21T13:37:25.702+0000] {processor.py:842} WARNING - No viable dags retrieved from /home/airflow/.local/lib/python3.12/site-packages/airflow/example_dags/plugins/workday.py
[2026-05-21T13:37:25.723+0000] {processor.py:183} INFO - Processing /home/airflow/.local/lib/python3.12/site-packages/airflow/example_dags/plugins/workday.py took 2.009 seconds
[2026-05-21T13:37:56.203+0000] {processor.py:161} INFO - Started process (PID=202) to work on /home/airflow/.local/lib/python3.12/site-packages/airflow/example_dags/plugins/workday.py
[2026-05-21T13:37:56.205+0000] {processor.py:830} INFO - Processing file /home/airflow/.local/lib/python3.12/site-packages/airflow/example_dags/plugins/workday.py for tasks to queue
[2026-05-21T13:37:56.208+0000] {logging_mixin.py:188} INFO - [2026-05-21T13:37:56.208+0000] {dagbag.py:545} INFO - Filling up the DagBag from /home/airflow/.local/lib/python3.12/site-packages/airflow/example_dags/plugins/workday.py
[2026-05-21T13:37:56.882+0000] {processor.py:842} WARNING - No viable dags retrieved from /home/airflow/.local/lib/python3.12/site-packages/airflow/example_dags/plugins/workday.py
[2026-05-21T13:37:56.901+0000] {processor.py:183} INFO - Processing /home/airflow/.local/lib/python3.12/site-packages/airflow/example_dags/plugins/workday.py took 0.706 seconds
[2026-05-21T13:38:29.134+0000] {processor.py:161} INFO - Started process (PID=265) to work on /home/airflow/.local/lib/python3.12/site-packages/airflow/example_dags/plugins/workday.py
[2026-05-21T13:38:29.139+0000] {processor.py:830} INFO - Processing file /home/airflow/.local/lib/python3.12/site-packages/airflow/example_dags/plugins/workday.py for tasks to queue
[2026-05-21T13:38:29.145+0000] {logging_mixin.py:188} INFO - [2026-05-21T13:38:29.144+0000] {dagbag.py:545} INFO - Filling up the DagBag from /home/airflow/.local/lib/python3.12/site-packages/airflow/example_dags/plugins/workday.py
[2026-05-21T13:38:31.175+0000] {processor.py:842} WARNING - No viable dags retrieved from /home/airflow/.local/lib/python3.12/site-packages/airflow/example_dags/plugins/workday.py
[2026-05-21T13:38:31.248+0000] {processor.py:183} INFO - Processing /home/airflow/.local/lib/python3.12/site-packages/airflow/example_dags/plugins/workday.py took 2.136 seconds
[2026-05-21T13:39:02.185+0000] {processor.py:161} INFO - Started process (PID=326) to work on /home/airflow/.local/lib/python3.12/site-packages/airflow/example_dags/plugins/workday.py
[2026-05-21T13:39:02.190+0000] {processor.py:830} INFO - Processing file /home/airflow/.local/lib/python3.12/site-packages/airflow/example_dags/plugins/workday.py for tasks to queue
[2026-05-21T13:39:02.194+0000] {logging_mixin.py:188} INFO - [2026-05-21T13:39:02.193+0000] {dagbag.py:545} INFO - Filling up the DagBag from /home/airflow/.local/lib/python3.12/site-packages/airflow/example_dags/plugins/workday.py
[2026-05-21T13:39:09.884+0000] {processor.py:842} WARNING - No viable dags retrieved from /home/airflow/.local/lib/python3.12/site-packages/airflow/example_dags/plugins/workday.py
[2026-05-21T13:39:10.016+0000] {processor.py:183} INFO - Processing /home/airflow/.local/lib/python3.12/site-packages/airflow/example_dags/plugins/workday.py took 7.856 seconds
[2026-05-21T13:39:40.565+0000] {processor.py:161} INFO - Started process (PID=393) to work on /home/airflow/.local/lib/python3.12/site-packages/airflow/example_dags/plugins/workday.py
[2026-05-21T13:39:40.568+0000] {processor.py:830} INFO - Processing file /home/airflow/.local/lib/python3.12/site-packages/airflow/example_dags/plugins/workday.py for tasks to queue
[2026-05-21T13:39:40.572+0000] {logging_mixin.py:188} INFO - [2026-05-21T13:39:40.571+0000] {dagbag.py:545} INFO - Filling up the DagBag from /home/airflow/.local/lib/python3.12/site-packages/airflow/example_dags/plugins/workday.py
[2026-05-21T13:39:42.552+0000] {processor.py:842} WARNING - No viable dags retrieved from /home/airflow/.local/lib/python3.12/site-packages/airflow/example_dags/plugins/workday.py
[2026-05-21T13:39:42.687+0000] {processor.py:183} INFO - Processing /home/airflow/.local/lib/python3.12/site-packages/airflow/example_dags/plugins/workday.py took 2.137 seconds
[2026-05-21T13:40:14.046+0000] {processor.py:161} INFO - Started process (PID=455) to work on /home/airflow/.local/lib/python3.12/site-packages/airflow/example_dags/plugins/workday.py
[2026-05-21T13:40:14.052+0000] {processor.py:830} INFO - Processing file /home/airflow/.local/lib/python3.12/site-packages/airflow/example_dags/plugins/workday.py for tasks to queue
[2026-05-21T13:40:14.064+0000] {logging_mixin.py:188} INFO - [2026-05-21T13:40:14.063+0000] {dagbag.py:545} INFO - Filling up the DagBag from /home/airflow/.local/lib/python3.12/site-packages/airflow/example_dags/plugins/workday.py
[2026-05-21T13:40:17.375+0000] {processor.py:842} WARNING - No viable dags retrieved from /home/airflow/.local/lib/python3.12/site-packages/airflow/example_dags/plugins/workday.py
[2026-05-21T13:40:17.478+0000] {processor.py:183} INFO - Processing /home/airflow/.local/lib/python3.12/site-packages/airflow/example_dags/plugins/workday.py took 3.456 seconds
