[2026-05-25T06:15:25.201+0000] {processor.py:161} INFO - Started process (PID=100) to work on /home/airflow/.local/lib/python3.12/site-packages/airflow/example_dags/example_sensor_decorator.py
[2026-05-25T06:15:25.205+0000] {processor.py:830} INFO - Processing file /home/airflow/.local/lib/python3.12/site-packages/airflow/example_dags/example_sensor_decorator.py for tasks to queue
[2026-05-25T06:15:25.229+0000] {logging_mixin.py:188} INFO - [2026-05-25T06:15:25.221+0000] {dagbag.py:545} INFO - Filling up the DagBag from /home/airflow/.local/lib/python3.12/site-packages/airflow/example_dags/example_sensor_decorator.py
[2026-05-25T06:15:25.303+0000] {processor.py:840} INFO - DAG(s) 'example_sensor_decorator' retrieved from /home/airflow/.local/lib/python3.12/site-packages/airflow/example_dags/example_sensor_decorator.py
[2026-05-25T06:15:26.700+0000] {logging_mixin.py:188} INFO - [2026-05-25T06:15:26.695+0000] {dag.py:3089} INFO - Sync 1 DAGs
[2026-05-25T06:15:27.045+0000] {logging_mixin.py:188} INFO - [2026-05-25T06:15:27.039+0000] {dag.py:3947} INFO - Setting next_dagrun for example_sensor_decorator to None, run_after=None
[2026-05-25T06:15:27.461+0000] {processor.py:183} INFO - Processing /home/airflow/.local/lib/python3.12/site-packages/airflow/example_dags/example_sensor_decorator.py took 2.306 seconds
[2026-05-25T06:17:05.228+0000] {processor.py:161} INFO - Started process (PID=171) to work on /home/airflow/.local/lib/python3.12/site-packages/airflow/example_dags/example_sensor_decorator.py
[2026-05-25T06:17:05.258+0000] {processor.py:830} INFO - Processing file /home/airflow/.local/lib/python3.12/site-packages/airflow/example_dags/example_sensor_decorator.py for tasks to queue
[2026-05-25T06:17:05.287+0000] {logging_mixin.py:188} INFO - [2026-05-25T06:17:05.285+0000] {dagbag.py:545} INFO - Filling up the DagBag from /home/airflow/.local/lib/python3.12/site-packages/airflow/example_dags/example_sensor_decorator.py
[2026-05-25T06:17:05.451+0000] {processor.py:840} INFO - DAG(s) 'example_sensor_decorator' retrieved from /home/airflow/.local/lib/python3.12/site-packages/airflow/example_dags/example_sensor_decorator.py
[2026-05-25T06:17:05.720+0000] {logging_mixin.py:188} INFO - [2026-05-25T06:17:05.719+0000] {dag.py:3089} INFO - Sync 1 DAGs
[2026-05-25T06:17:05.869+0000] {logging_mixin.py:188} INFO - [2026-05-25T06:17:05.868+0000] {dag.py:3947} INFO - Setting next_dagrun for example_sensor_decorator to None, run_after=None
[2026-05-25T06:17:06.041+0000] {processor.py:183} INFO - Processing /home/airflow/.local/lib/python3.12/site-packages/airflow/example_dags/example_sensor_decorator.py took 0.855 seconds
[2026-05-25T06:17:36.308+0000] {processor.py:161} INFO - Started process (PID=231) to work on /home/airflow/.local/lib/python3.12/site-packages/airflow/example_dags/example_sensor_decorator.py
[2026-05-25T06:17:36.314+0000] {processor.py:830} INFO - Processing file /home/airflow/.local/lib/python3.12/site-packages/airflow/example_dags/example_sensor_decorator.py for tasks to queue
[2026-05-25T06:17:36.318+0000] {logging_mixin.py:188} INFO - [2026-05-25T06:17:36.316+0000] {dagbag.py:545} INFO - Filling up the DagBag from /home/airflow/.local/lib/python3.12/site-packages/airflow/example_dags/example_sensor_decorator.py
[2026-05-25T06:17:36.339+0000] {processor.py:840} INFO - DAG(s) 'example_sensor_decorator' retrieved from /home/airflow/.local/lib/python3.12/site-packages/airflow/example_dags/example_sensor_decorator.py
[2026-05-25T06:17:36.417+0000] {logging_mixin.py:188} INFO - [2026-05-25T06:17:36.416+0000] {dag.py:3089} INFO - Sync 1 DAGs
[2026-05-25T06:17:36.461+0000] {logging_mixin.py:188} INFO - [2026-05-25T06:17:36.460+0000] {dag.py:3947} INFO - Setting next_dagrun for example_sensor_decorator to None, run_after=None
[2026-05-25T06:17:36.519+0000] {processor.py:183} INFO - Processing /home/airflow/.local/lib/python3.12/site-packages/airflow/example_dags/example_sensor_decorator.py took 0.232 seconds
[2026-05-25T06:18:08.666+0000] {processor.py:161} INFO - Started process (PID=291) to work on /home/airflow/.local/lib/python3.12/site-packages/airflow/example_dags/example_sensor_decorator.py
[2026-05-25T06:18:08.673+0000] {processor.py:830} INFO - Processing file /home/airflow/.local/lib/python3.12/site-packages/airflow/example_dags/example_sensor_decorator.py for tasks to queue
[2026-05-25T06:18:08.679+0000] {logging_mixin.py:188} INFO - [2026-05-25T06:18:08.678+0000] {dagbag.py:545} INFO - Filling up the DagBag from /home/airflow/.local/lib/python3.12/site-packages/airflow/example_dags/example_sensor_decorator.py
[2026-05-25T06:18:08.706+0000] {processor.py:840} INFO - DAG(s) 'example_sensor_decorator' retrieved from /home/airflow/.local/lib/python3.12/site-packages/airflow/example_dags/example_sensor_decorator.py
[2026-05-25T06:18:08.789+0000] {logging_mixin.py:188} INFO - [2026-05-25T06:18:08.788+0000] {dag.py:3089} INFO - Sync 1 DAGs
[2026-05-25T06:18:08.847+0000] {logging_mixin.py:188} INFO - [2026-05-25T06:18:08.846+0000] {dag.py:3947} INFO - Setting next_dagrun for example_sensor_decorator to None, run_after=None
[2026-05-25T06:18:08.968+0000] {processor.py:183} INFO - Processing /home/airflow/.local/lib/python3.12/site-packages/airflow/example_dags/example_sensor_decorator.py took 0.324 seconds
[2026-05-25T06:18:40.112+0000] {processor.py:161} INFO - Started process (PID=351) to work on /home/airflow/.local/lib/python3.12/site-packages/airflow/example_dags/example_sensor_decorator.py
[2026-05-25T06:18:40.114+0000] {processor.py:830} INFO - Processing file /home/airflow/.local/lib/python3.12/site-packages/airflow/example_dags/example_sensor_decorator.py for tasks to queue
[2026-05-25T06:18:40.117+0000] {logging_mixin.py:188} INFO - [2026-05-25T06:18:40.116+0000] {dagbag.py:545} INFO - Filling up the DagBag from /home/airflow/.local/lib/python3.12/site-packages/airflow/example_dags/example_sensor_decorator.py
[2026-05-25T06:18:40.132+0000] {processor.py:840} INFO - DAG(s) 'example_sensor_decorator' retrieved from /home/airflow/.local/lib/python3.12/site-packages/airflow/example_dags/example_sensor_decorator.py
[2026-05-25T06:18:40.190+0000] {logging_mixin.py:188} INFO - [2026-05-25T06:18:40.189+0000] {dag.py:3089} INFO - Sync 1 DAGs
[2026-05-25T06:18:40.220+0000] {logging_mixin.py:188} INFO - [2026-05-25T06:18:40.220+0000] {dag.py:3947} INFO - Setting next_dagrun for example_sensor_decorator to None, run_after=None
[2026-05-25T06:18:40.272+0000] {processor.py:183} INFO - Processing /home/airflow/.local/lib/python3.12/site-packages/airflow/example_dags/example_sensor_decorator.py took 0.177 seconds
[2026-05-25T06:19:10.593+0000] {processor.py:161} INFO - Started process (PID=409) to work on /home/airflow/.local/lib/python3.12/site-packages/airflow/example_dags/example_sensor_decorator.py
[2026-05-25T06:19:10.595+0000] {processor.py:830} INFO - Processing file /home/airflow/.local/lib/python3.12/site-packages/airflow/example_dags/example_sensor_decorator.py for tasks to queue
[2026-05-25T06:19:10.598+0000] {logging_mixin.py:188} INFO - [2026-05-25T06:19:10.597+0000] {dagbag.py:545} INFO - Filling up the DagBag from /home/airflow/.local/lib/python3.12/site-packages/airflow/example_dags/example_sensor_decorator.py
[2026-05-25T06:19:10.614+0000] {processor.py:840} INFO - DAG(s) 'example_sensor_decorator' retrieved from /home/airflow/.local/lib/python3.12/site-packages/airflow/example_dags/example_sensor_decorator.py
[2026-05-25T06:19:10.673+0000] {logging_mixin.py:188} INFO - [2026-05-25T06:19:10.673+0000] {dag.py:3089} INFO - Sync 1 DAGs
[2026-05-25T06:19:10.703+0000] {logging_mixin.py:188} INFO - [2026-05-25T06:19:10.703+0000] {dag.py:3947} INFO - Setting next_dagrun for example_sensor_decorator to None, run_after=None
[2026-05-25T06:19:10.759+0000] {processor.py:183} INFO - Processing /home/airflow/.local/lib/python3.12/site-packages/airflow/example_dags/example_sensor_decorator.py took 0.184 seconds
[2026-05-25T06:19:41.304+0000] {processor.py:161} INFO - Started process (PID=467) to work on /home/airflow/.local/lib/python3.12/site-packages/airflow/example_dags/example_sensor_decorator.py
[2026-05-25T06:19:41.308+0000] {processor.py:830} INFO - Processing file /home/airflow/.local/lib/python3.12/site-packages/airflow/example_dags/example_sensor_decorator.py for tasks to queue
[2026-05-25T06:19:41.311+0000] {logging_mixin.py:188} INFO - [2026-05-25T06:19:41.310+0000] {dagbag.py:545} INFO - Filling up the DagBag from /home/airflow/.local/lib/python3.12/site-packages/airflow/example_dags/example_sensor_decorator.py
[2026-05-25T06:19:41.328+0000] {processor.py:840} INFO - DAG(s) 'example_sensor_decorator' retrieved from /home/airflow/.local/lib/python3.12/site-packages/airflow/example_dags/example_sensor_decorator.py
[2026-05-25T06:19:41.378+0000] {logging_mixin.py:188} INFO - [2026-05-25T06:19:41.378+0000] {dag.py:3089} INFO - Sync 1 DAGs
[2026-05-25T06:19:41.408+0000] {logging_mixin.py:188} INFO - [2026-05-25T06:19:41.407+0000] {dag.py:3947} INFO - Setting next_dagrun for example_sensor_decorator to None, run_after=None
[2026-05-25T06:19:41.449+0000] {processor.py:183} INFO - Processing /home/airflow/.local/lib/python3.12/site-packages/airflow/example_dags/example_sensor_decorator.py took 0.158 seconds
[2026-05-25T06:24:16.537+0000] {processor.py:161} INFO - Started process (PID=85) to work on /home/airflow/.local/lib/python3.12/site-packages/airflow/example_dags/example_sensor_decorator.py
[2026-05-25T06:24:16.541+0000] {processor.py:830} INFO - Processing file /home/airflow/.local/lib/python3.12/site-packages/airflow/example_dags/example_sensor_decorator.py for tasks to queue
[2026-05-25T06:24:16.551+0000] {logging_mixin.py:188} INFO - [2026-05-25T06:24:16.550+0000] {dagbag.py:545} INFO - Filling up the DagBag from /home/airflow/.local/lib/python3.12/site-packages/airflow/example_dags/example_sensor_decorator.py
[2026-05-25T06:24:16.684+0000] {processor.py:840} INFO - DAG(s) 'example_sensor_decorator' retrieved from /home/airflow/.local/lib/python3.12/site-packages/airflow/example_dags/example_sensor_decorator.py
[2026-05-25T06:24:16.918+0000] {logging_mixin.py:188} INFO - [2026-05-25T06:24:16.910+0000] {dag.py:3089} INFO - Sync 1 DAGs
[2026-05-25T06:24:17.020+0000] {logging_mixin.py:188} INFO - [2026-05-25T06:24:17.020+0000] {dag.py:3947} INFO - Setting next_dagrun for example_sensor_decorator to None, run_after=None
[2026-05-25T06:24:17.194+0000] {processor.py:183} INFO - Processing /home/airflow/.local/lib/python3.12/site-packages/airflow/example_dags/example_sensor_decorator.py took 0.676 seconds
[2026-05-25T06:25:10.364+0000] {processor.py:161} INFO - Started process (PID=152) to work on /home/airflow/.local/lib/python3.12/site-packages/airflow/example_dags/example_sensor_decorator.py
[2026-05-25T06:25:10.372+0000] {processor.py:830} INFO - Processing file /home/airflow/.local/lib/python3.12/site-packages/airflow/example_dags/example_sensor_decorator.py for tasks to queue
[2026-05-25T06:25:10.386+0000] {logging_mixin.py:188} INFO - [2026-05-25T06:25:10.385+0000] {dagbag.py:545} INFO - Filling up the DagBag from /home/airflow/.local/lib/python3.12/site-packages/airflow/example_dags/example_sensor_decorator.py
[2026-05-25T06:25:10.415+0000] {processor.py:840} INFO - DAG(s) 'example_sensor_decorator' retrieved from /home/airflow/.local/lib/python3.12/site-packages/airflow/example_dags/example_sensor_decorator.py
[2026-05-25T06:25:10.494+0000] {logging_mixin.py:188} INFO - [2026-05-25T06:25:10.493+0000] {dag.py:3089} INFO - Sync 1 DAGs
[2026-05-25T06:25:10.552+0000] {logging_mixin.py:188} INFO - [2026-05-25T06:25:10.551+0000] {dag.py:3947} INFO - Setting next_dagrun for example_sensor_decorator to None, run_after=None
[2026-05-25T06:25:10.708+0000] {processor.py:183} INFO - Processing /home/airflow/.local/lib/python3.12/site-packages/airflow/example_dags/example_sensor_decorator.py took 0.377 seconds
[2026-05-25T06:25:42.926+0000] {processor.py:161} INFO - Started process (PID=212) to work on /home/airflow/.local/lib/python3.12/site-packages/airflow/example_dags/example_sensor_decorator.py
[2026-05-25T06:25:42.932+0000] {processor.py:830} INFO - Processing file /home/airflow/.local/lib/python3.12/site-packages/airflow/example_dags/example_sensor_decorator.py for tasks to queue
[2026-05-25T06:25:42.942+0000] {logging_mixin.py:188} INFO - [2026-05-25T06:25:42.940+0000] {dagbag.py:545} INFO - Filling up the DagBag from /home/airflow/.local/lib/python3.12/site-packages/airflow/example_dags/example_sensor_decorator.py
[2026-05-25T06:25:42.976+0000] {processor.py:840} INFO - DAG(s) 'example_sensor_decorator' retrieved from /home/airflow/.local/lib/python3.12/site-packages/airflow/example_dags/example_sensor_decorator.py
[2026-05-25T06:25:43.081+0000] {logging_mixin.py:188} INFO - [2026-05-25T06:25:43.080+0000] {dag.py:3089} INFO - Sync 1 DAGs
[2026-05-25T06:25:43.137+0000] {logging_mixin.py:188} INFO - [2026-05-25T06:25:43.137+0000] {dag.py:3947} INFO - Setting next_dagrun for example_sensor_decorator to None, run_after=None
[2026-05-25T06:25:43.285+0000] {processor.py:183} INFO - Processing /home/airflow/.local/lib/python3.12/site-packages/airflow/example_dags/example_sensor_decorator.py took 0.386 seconds
[2026-05-25T06:26:14.616+0000] {processor.py:161} INFO - Started process (PID=272) to work on /home/airflow/.local/lib/python3.12/site-packages/airflow/example_dags/example_sensor_decorator.py
[2026-05-25T06:26:14.619+0000] {processor.py:830} INFO - Processing file /home/airflow/.local/lib/python3.12/site-packages/airflow/example_dags/example_sensor_decorator.py for tasks to queue
[2026-05-25T06:26:14.623+0000] {logging_mixin.py:188} INFO - [2026-05-25T06:26:14.622+0000] {dagbag.py:545} INFO - Filling up the DagBag from /home/airflow/.local/lib/python3.12/site-packages/airflow/example_dags/example_sensor_decorator.py
[2026-05-25T06:26:14.644+0000] {processor.py:840} INFO - DAG(s) 'example_sensor_decorator' retrieved from /home/airflow/.local/lib/python3.12/site-packages/airflow/example_dags/example_sensor_decorator.py
[2026-05-25T06:26:14.718+0000] {logging_mixin.py:188} INFO - [2026-05-25T06:26:14.717+0000] {dag.py:3089} INFO - Sync 1 DAGs
[2026-05-25T06:26:14.752+0000] {logging_mixin.py:188} INFO - [2026-05-25T06:26:14.751+0000] {dag.py:3947} INFO - Setting next_dagrun for example_sensor_decorator to None, run_after=None
[2026-05-25T06:26:14.798+0000] {processor.py:183} INFO - Processing /home/airflow/.local/lib/python3.12/site-packages/airflow/example_dags/example_sensor_decorator.py took 0.194 seconds
[2026-05-25T06:26:46.439+0000] {processor.py:161} INFO - Started process (PID=330) to work on /home/airflow/.local/lib/python3.12/site-packages/airflow/example_dags/example_sensor_decorator.py
[2026-05-25T06:26:46.450+0000] {processor.py:830} INFO - Processing file /home/airflow/.local/lib/python3.12/site-packages/airflow/example_dags/example_sensor_decorator.py for tasks to queue
[2026-05-25T06:26:46.456+0000] {logging_mixin.py:188} INFO - [2026-05-25T06:26:46.455+0000] {dagbag.py:545} INFO - Filling up the DagBag from /home/airflow/.local/lib/python3.12/site-packages/airflow/example_dags/example_sensor_decorator.py
[2026-05-25T06:26:46.489+0000] {processor.py:840} INFO - DAG(s) 'example_sensor_decorator' retrieved from /home/airflow/.local/lib/python3.12/site-packages/airflow/example_dags/example_sensor_decorator.py
[2026-05-25T06:26:46.535+0000] {logging_mixin.py:188} INFO - [2026-05-25T06:26:46.535+0000] {dag.py:3089} INFO - Sync 1 DAGs
[2026-05-25T06:26:46.616+0000] {logging_mixin.py:188} INFO - [2026-05-25T06:26:46.616+0000] {dag.py:3947} INFO - Setting next_dagrun for example_sensor_decorator to None, run_after=None
[2026-05-25T06:26:46.782+0000] {processor.py:183} INFO - Processing /home/airflow/.local/lib/python3.12/site-packages/airflow/example_dags/example_sensor_decorator.py took 0.378 seconds
[2026-05-25T06:27:17.114+0000] {processor.py:161} INFO - Started process (PID=388) to work on /home/airflow/.local/lib/python3.12/site-packages/airflow/example_dags/example_sensor_decorator.py
[2026-05-25T06:27:17.124+0000] {processor.py:830} INFO - Processing file /home/airflow/.local/lib/python3.12/site-packages/airflow/example_dags/example_sensor_decorator.py for tasks to queue
[2026-05-25T06:27:17.130+0000] {logging_mixin.py:188} INFO - [2026-05-25T06:27:17.129+0000] {dagbag.py:545} INFO - Filling up the DagBag from /home/airflow/.local/lib/python3.12/site-packages/airflow/example_dags/example_sensor_decorator.py
[2026-05-25T06:27:17.149+0000] {processor.py:840} INFO - DAG(s) 'example_sensor_decorator' retrieved from /home/airflow/.local/lib/python3.12/site-packages/airflow/example_dags/example_sensor_decorator.py
[2026-05-25T06:27:17.438+0000] {logging_mixin.py:188} INFO - [2026-05-25T06:27:17.437+0000] {dag.py:3089} INFO - Sync 1 DAGs
[2026-05-25T06:27:17.471+0000] {logging_mixin.py:188} INFO - [2026-05-25T06:27:17.470+0000] {dag.py:3947} INFO - Setting next_dagrun for example_sensor_decorator to None, run_after=None
[2026-05-25T06:27:17.521+0000] {processor.py:183} INFO - Processing /home/airflow/.local/lib/python3.12/site-packages/airflow/example_dags/example_sensor_decorator.py took 0.426 seconds
[2026-05-25T06:27:47.796+0000] {processor.py:161} INFO - Started process (PID=448) to work on /home/airflow/.local/lib/python3.12/site-packages/airflow/example_dags/example_sensor_decorator.py
[2026-05-25T06:27:47.798+0000] {processor.py:830} INFO - Processing file /home/airflow/.local/lib/python3.12/site-packages/airflow/example_dags/example_sensor_decorator.py for tasks to queue
[2026-05-25T06:27:47.803+0000] {logging_mixin.py:188} INFO - [2026-05-25T06:27:47.802+0000] {dagbag.py:545} INFO - Filling up the DagBag from /home/airflow/.local/lib/python3.12/site-packages/airflow/example_dags/example_sensor_decorator.py
[2026-05-25T06:27:47.817+0000] {processor.py:840} INFO - DAG(s) 'example_sensor_decorator' retrieved from /home/airflow/.local/lib/python3.12/site-packages/airflow/example_dags/example_sensor_decorator.py
[2026-05-25T06:27:47.893+0000] {logging_mixin.py:188} INFO - [2026-05-25T06:27:47.892+0000] {dag.py:3089} INFO - Sync 1 DAGs
[2026-05-25T06:27:47.957+0000] {logging_mixin.py:188} INFO - [2026-05-25T06:27:47.957+0000] {dag.py:3947} INFO - Setting next_dagrun for example_sensor_decorator to None, run_after=None
[2026-05-25T06:27:48.034+0000] {processor.py:183} INFO - Processing /home/airflow/.local/lib/python3.12/site-packages/airflow/example_dags/example_sensor_decorator.py took 0.255 seconds
[2026-05-25T06:28:18.706+0000] {processor.py:161} INFO - Started process (PID=508) to work on /home/airflow/.local/lib/python3.12/site-packages/airflow/example_dags/example_sensor_decorator.py
[2026-05-25T06:28:18.720+0000] {processor.py:830} INFO - Processing file /home/airflow/.local/lib/python3.12/site-packages/airflow/example_dags/example_sensor_decorator.py for tasks to queue
[2026-05-25T06:28:18.730+0000] {logging_mixin.py:188} INFO - [2026-05-25T06:28:18.728+0000] {dagbag.py:545} INFO - Filling up the DagBag from /home/airflow/.local/lib/python3.12/site-packages/airflow/example_dags/example_sensor_decorator.py
[2026-05-25T06:28:18.753+0000] {processor.py:840} INFO - DAG(s) 'example_sensor_decorator' retrieved from /home/airflow/.local/lib/python3.12/site-packages/airflow/example_dags/example_sensor_decorator.py
[2026-05-25T06:28:18.813+0000] {logging_mixin.py:188} INFO - [2026-05-25T06:28:18.812+0000] {dag.py:3089} INFO - Sync 1 DAGs
[2026-05-25T06:28:18.843+0000] {logging_mixin.py:188} INFO - [2026-05-25T06:28:18.843+0000] {dag.py:3947} INFO - Setting next_dagrun for example_sensor_decorator to None, run_after=None
[2026-05-25T06:28:18.921+0000] {processor.py:183} INFO - Processing /home/airflow/.local/lib/python3.12/site-packages/airflow/example_dags/example_sensor_decorator.py took 0.245 seconds
[2026-05-25T06:28:49.412+0000] {processor.py:161} INFO - Started process (PID=568) to work on /home/airflow/.local/lib/python3.12/site-packages/airflow/example_dags/example_sensor_decorator.py
[2026-05-25T06:28:49.414+0000] {processor.py:830} INFO - Processing file /home/airflow/.local/lib/python3.12/site-packages/airflow/example_dags/example_sensor_decorator.py for tasks to queue
[2026-05-25T06:28:49.420+0000] {logging_mixin.py:188} INFO - [2026-05-25T06:28:49.419+0000] {dagbag.py:545} INFO - Filling up the DagBag from /home/airflow/.local/lib/python3.12/site-packages/airflow/example_dags/example_sensor_decorator.py
[2026-05-25T06:28:49.439+0000] {processor.py:840} INFO - DAG(s) 'example_sensor_decorator' retrieved from /home/airflow/.local/lib/python3.12/site-packages/airflow/example_dags/example_sensor_decorator.py
[2026-05-25T06:28:49.492+0000] {logging_mixin.py:188} INFO - [2026-05-25T06:28:49.492+0000] {dag.py:3089} INFO - Sync 1 DAGs
[2026-05-25T06:28:49.524+0000] {logging_mixin.py:188} INFO - [2026-05-25T06:28:49.524+0000] {dag.py:3947} INFO - Setting next_dagrun for example_sensor_decorator to None, run_after=None
[2026-05-25T06:28:49.572+0000] {processor.py:183} INFO - Processing /home/airflow/.local/lib/python3.12/site-packages/airflow/example_dags/example_sensor_decorator.py took 0.174 seconds
[2026-05-25T06:29:19.749+0000] {processor.py:161} INFO - Started process (PID=628) to work on /home/airflow/.local/lib/python3.12/site-packages/airflow/example_dags/example_sensor_decorator.py
[2026-05-25T06:29:19.751+0000] {processor.py:830} INFO - Processing file /home/airflow/.local/lib/python3.12/site-packages/airflow/example_dags/example_sensor_decorator.py for tasks to queue
[2026-05-25T06:29:19.759+0000] {logging_mixin.py:188} INFO - [2026-05-25T06:29:19.758+0000] {dagbag.py:545} INFO - Filling up the DagBag from /home/airflow/.local/lib/python3.12/site-packages/airflow/example_dags/example_sensor_decorator.py
[2026-05-25T06:29:19.777+0000] {processor.py:840} INFO - DAG(s) 'example_sensor_decorator' retrieved from /home/airflow/.local/lib/python3.12/site-packages/airflow/example_dags/example_sensor_decorator.py
[2026-05-25T06:29:19.842+0000] {logging_mixin.py:188} INFO - [2026-05-25T06:29:19.841+0000] {dag.py:3089} INFO - Sync 1 DAGs
[2026-05-25T06:29:19.884+0000] {logging_mixin.py:188} INFO - [2026-05-25T06:29:19.884+0000] {dag.py:3947} INFO - Setting next_dagrun for example_sensor_decorator to None, run_after=None
[2026-05-25T06:29:19.956+0000] {processor.py:183} INFO - Processing /home/airflow/.local/lib/python3.12/site-packages/airflow/example_dags/example_sensor_decorator.py took 0.229 seconds
[2026-05-25T06:29:50.113+0000] {processor.py:161} INFO - Started process (PID=688) to work on /home/airflow/.local/lib/python3.12/site-packages/airflow/example_dags/example_sensor_decorator.py
[2026-05-25T06:29:50.115+0000] {processor.py:830} INFO - Processing file /home/airflow/.local/lib/python3.12/site-packages/airflow/example_dags/example_sensor_decorator.py for tasks to queue
[2026-05-25T06:29:50.120+0000] {logging_mixin.py:188} INFO - [2026-05-25T06:29:50.119+0000] {dagbag.py:545} INFO - Filling up the DagBag from /home/airflow/.local/lib/python3.12/site-packages/airflow/example_dags/example_sensor_decorator.py
[2026-05-25T06:29:50.137+0000] {processor.py:840} INFO - DAG(s) 'example_sensor_decorator' retrieved from /home/airflow/.local/lib/python3.12/site-packages/airflow/example_dags/example_sensor_decorator.py
[2026-05-25T06:29:50.183+0000] {logging_mixin.py:188} INFO - [2026-05-25T06:29:50.182+0000] {dag.py:3089} INFO - Sync 1 DAGs
[2026-05-25T06:29:50.212+0000] {logging_mixin.py:188} INFO - [2026-05-25T06:29:50.212+0000] {dag.py:3947} INFO - Setting next_dagrun for example_sensor_decorator to None, run_after=None
[2026-05-25T06:29:50.262+0000] {processor.py:183} INFO - Processing /home/airflow/.local/lib/python3.12/site-packages/airflow/example_dags/example_sensor_decorator.py took 0.165 seconds
[2026-05-25T06:30:20.572+0000] {processor.py:161} INFO - Started process (PID=748) to work on /home/airflow/.local/lib/python3.12/site-packages/airflow/example_dags/example_sensor_decorator.py
[2026-05-25T06:30:20.575+0000] {processor.py:830} INFO - Processing file /home/airflow/.local/lib/python3.12/site-packages/airflow/example_dags/example_sensor_decorator.py for tasks to queue
[2026-05-25T06:30:20.580+0000] {logging_mixin.py:188} INFO - [2026-05-25T06:30:20.579+0000] {dagbag.py:545} INFO - Filling up the DagBag from /home/airflow/.local/lib/python3.12/site-packages/airflow/example_dags/example_sensor_decorator.py
[2026-05-25T06:30:20.596+0000] {processor.py:840} INFO - DAG(s) 'example_sensor_decorator' retrieved from /home/airflow/.local/lib/python3.12/site-packages/airflow/example_dags/example_sensor_decorator.py
[2026-05-25T06:30:20.647+0000] {logging_mixin.py:188} INFO - [2026-05-25T06:30:20.647+0000] {dag.py:3089} INFO - Sync 1 DAGs
[2026-05-25T06:30:20.676+0000] {logging_mixin.py:188} INFO - [2026-05-25T06:30:20.675+0000] {dag.py:3947} INFO - Setting next_dagrun for example_sensor_decorator to None, run_after=None
[2026-05-25T06:30:20.739+0000] {processor.py:183} INFO - Processing /home/airflow/.local/lib/python3.12/site-packages/airflow/example_dags/example_sensor_decorator.py took 0.183 seconds
[2026-05-25T06:30:50.820+0000] {processor.py:161} INFO - Started process (PID=808) to work on /home/airflow/.local/lib/python3.12/site-packages/airflow/example_dags/example_sensor_decorator.py
[2026-05-25T06:30:50.823+0000] {processor.py:830} INFO - Processing file /home/airflow/.local/lib/python3.12/site-packages/airflow/example_dags/example_sensor_decorator.py for tasks to queue
[2026-05-25T06:30:50.828+0000] {logging_mixin.py:188} INFO - [2026-05-25T06:30:50.827+0000] {dagbag.py:545} INFO - Filling up the DagBag from /home/airflow/.local/lib/python3.12/site-packages/airflow/example_dags/example_sensor_decorator.py
[2026-05-25T06:30:50.844+0000] {processor.py:840} INFO - DAG(s) 'example_sensor_decorator' retrieved from /home/airflow/.local/lib/python3.12/site-packages/airflow/example_dags/example_sensor_decorator.py
[2026-05-25T06:30:50.888+0000] {logging_mixin.py:188} INFO - [2026-05-25T06:30:50.887+0000] {dag.py:3089} INFO - Sync 1 DAGs
[2026-05-25T06:30:50.911+0000] {logging_mixin.py:188} INFO - [2026-05-25T06:30:50.910+0000] {dag.py:3947} INFO - Setting next_dagrun for example_sensor_decorator to None, run_after=None
[2026-05-25T06:30:50.947+0000] {processor.py:183} INFO - Processing /home/airflow/.local/lib/python3.12/site-packages/airflow/example_dags/example_sensor_decorator.py took 0.141 seconds
[2026-05-25T06:31:21.138+0000] {processor.py:161} INFO - Started process (PID=861) to work on /home/airflow/.local/lib/python3.12/site-packages/airflow/example_dags/example_sensor_decorator.py
[2026-05-25T06:31:21.147+0000] {processor.py:830} INFO - Processing file /home/airflow/.local/lib/python3.12/site-packages/airflow/example_dags/example_sensor_decorator.py for tasks to queue
[2026-05-25T06:31:21.153+0000] {logging_mixin.py:188} INFO - [2026-05-25T06:31:21.152+0000] {dagbag.py:545} INFO - Filling up the DagBag from /home/airflow/.local/lib/python3.12/site-packages/airflow/example_dags/example_sensor_decorator.py
[2026-05-25T06:31:21.178+0000] {processor.py:840} INFO - DAG(s) 'example_sensor_decorator' retrieved from /home/airflow/.local/lib/python3.12/site-packages/airflow/example_dags/example_sensor_decorator.py
[2026-05-25T06:31:21.233+0000] {logging_mixin.py:188} INFO - [2026-05-25T06:31:21.232+0000] {dag.py:3089} INFO - Sync 1 DAGs
[2026-05-25T06:31:21.268+0000] {logging_mixin.py:188} INFO - [2026-05-25T06:31:21.267+0000] {dag.py:3947} INFO - Setting next_dagrun for example_sensor_decorator to None, run_after=None
[2026-05-25T06:31:21.314+0000] {processor.py:183} INFO - Processing /home/airflow/.local/lib/python3.12/site-packages/airflow/example_dags/example_sensor_decorator.py took 0.188 seconds
[2026-05-25T06:31:51.671+0000] {processor.py:161} INFO - Started process (PID=921) to work on /home/airflow/.local/lib/python3.12/site-packages/airflow/example_dags/example_sensor_decorator.py
[2026-05-25T06:31:51.674+0000] {processor.py:830} INFO - Processing file /home/airflow/.local/lib/python3.12/site-packages/airflow/example_dags/example_sensor_decorator.py for tasks to queue
[2026-05-25T06:31:51.679+0000] {logging_mixin.py:188} INFO - [2026-05-25T06:31:51.678+0000] {dagbag.py:545} INFO - Filling up the DagBag from /home/airflow/.local/lib/python3.12/site-packages/airflow/example_dags/example_sensor_decorator.py
[2026-05-25T06:31:51.697+0000] {processor.py:840} INFO - DAG(s) 'example_sensor_decorator' retrieved from /home/airflow/.local/lib/python3.12/site-packages/airflow/example_dags/example_sensor_decorator.py
[2026-05-25T06:31:51.760+0000] {logging_mixin.py:188} INFO - [2026-05-25T06:31:51.759+0000] {dag.py:3089} INFO - Sync 1 DAGs
[2026-05-25T06:31:51.798+0000] {logging_mixin.py:188} INFO - [2026-05-25T06:31:51.798+0000] {dag.py:3947} INFO - Setting next_dagrun for example_sensor_decorator to None, run_after=None
[2026-05-25T06:31:51.856+0000] {processor.py:183} INFO - Processing /home/airflow/.local/lib/python3.12/site-packages/airflow/example_dags/example_sensor_decorator.py took 0.202 seconds
[2026-05-25T06:32:22.202+0000] {processor.py:161} INFO - Started process (PID=980) to work on /home/airflow/.local/lib/python3.12/site-packages/airflow/example_dags/example_sensor_decorator.py
[2026-05-25T06:32:22.206+0000] {processor.py:830} INFO - Processing file /home/airflow/.local/lib/python3.12/site-packages/airflow/example_dags/example_sensor_decorator.py for tasks to queue
[2026-05-25T06:32:22.211+0000] {logging_mixin.py:188} INFO - [2026-05-25T06:32:22.210+0000] {dagbag.py:545} INFO - Filling up the DagBag from /home/airflow/.local/lib/python3.12/site-packages/airflow/example_dags/example_sensor_decorator.py
[2026-05-25T06:32:22.232+0000] {processor.py:840} INFO - DAG(s) 'example_sensor_decorator' retrieved from /home/airflow/.local/lib/python3.12/site-packages/airflow/example_dags/example_sensor_decorator.py
[2026-05-25T06:32:22.287+0000] {logging_mixin.py:188} INFO - [2026-05-25T06:32:22.286+0000] {dag.py:3089} INFO - Sync 1 DAGs
[2026-05-25T06:32:22.325+0000] {logging_mixin.py:188} INFO - [2026-05-25T06:32:22.324+0000] {dag.py:3947} INFO - Setting next_dagrun for example_sensor_decorator to None, run_after=None
[2026-05-25T06:32:22.388+0000] {processor.py:183} INFO - Processing /home/airflow/.local/lib/python3.12/site-packages/airflow/example_dags/example_sensor_decorator.py took 0.205 seconds
[2026-05-25T06:32:53.524+0000] {processor.py:161} INFO - Started process (PID=1037) to work on /home/airflow/.local/lib/python3.12/site-packages/airflow/example_dags/example_sensor_decorator.py
[2026-05-25T06:32:53.528+0000] {processor.py:830} INFO - Processing file /home/airflow/.local/lib/python3.12/site-packages/airflow/example_dags/example_sensor_decorator.py for tasks to queue
[2026-05-25T06:32:53.534+0000] {logging_mixin.py:188} INFO - [2026-05-25T06:32:53.533+0000] {dagbag.py:545} INFO - Filling up the DagBag from /home/airflow/.local/lib/python3.12/site-packages/airflow/example_dags/example_sensor_decorator.py
[2026-05-25T06:32:53.559+0000] {processor.py:840} INFO - DAG(s) 'example_sensor_decorator' retrieved from /home/airflow/.local/lib/python3.12/site-packages/airflow/example_dags/example_sensor_decorator.py
[2026-05-25T06:32:53.630+0000] {logging_mixin.py:188} INFO - [2026-05-25T06:32:53.629+0000] {dag.py:3089} INFO - Sync 1 DAGs
[2026-05-25T06:32:53.680+0000] {logging_mixin.py:188} INFO - [2026-05-25T06:32:53.679+0000] {dag.py:3947} INFO - Setting next_dagrun for example_sensor_decorator to None, run_after=None
[2026-05-25T06:32:53.752+0000] {processor.py:183} INFO - Processing /home/airflow/.local/lib/python3.12/site-packages/airflow/example_dags/example_sensor_decorator.py took 0.252 seconds
[2026-05-25T06:33:24.154+0000] {processor.py:161} INFO - Started process (PID=1094) to work on /home/airflow/.local/lib/python3.12/site-packages/airflow/example_dags/example_sensor_decorator.py
[2026-05-25T06:33:24.156+0000] {processor.py:830} INFO - Processing file /home/airflow/.local/lib/python3.12/site-packages/airflow/example_dags/example_sensor_decorator.py for tasks to queue
[2026-05-25T06:33:24.161+0000] {logging_mixin.py:188} INFO - [2026-05-25T06:33:24.160+0000] {dagbag.py:545} INFO - Filling up the DagBag from /home/airflow/.local/lib/python3.12/site-packages/airflow/example_dags/example_sensor_decorator.py
[2026-05-25T06:33:24.180+0000] {processor.py:840} INFO - DAG(s) 'example_sensor_decorator' retrieved from /home/airflow/.local/lib/python3.12/site-packages/airflow/example_dags/example_sensor_decorator.py
[2026-05-25T06:33:24.232+0000] {logging_mixin.py:188} INFO - [2026-05-25T06:33:24.231+0000] {dag.py:3089} INFO - Sync 1 DAGs
[2026-05-25T06:33:24.264+0000] {logging_mixin.py:188} INFO - [2026-05-25T06:33:24.264+0000] {dag.py:3947} INFO - Setting next_dagrun for example_sensor_decorator to None, run_after=None
[2026-05-25T06:33:24.318+0000] {processor.py:183} INFO - Processing /home/airflow/.local/lib/python3.12/site-packages/airflow/example_dags/example_sensor_decorator.py took 0.185 seconds
[2026-05-25T06:33:56.761+0000] {processor.py:161} INFO - Started process (PID=1155) to work on /home/airflow/.local/lib/python3.12/site-packages/airflow/example_dags/example_sensor_decorator.py
[2026-05-25T06:33:56.766+0000] {processor.py:830} INFO - Processing file /home/airflow/.local/lib/python3.12/site-packages/airflow/example_dags/example_sensor_decorator.py for tasks to queue
[2026-05-25T06:33:56.772+0000] {logging_mixin.py:188} INFO - [2026-05-25T06:33:56.771+0000] {dagbag.py:545} INFO - Filling up the DagBag from /home/airflow/.local/lib/python3.12/site-packages/airflow/example_dags/example_sensor_decorator.py
[2026-05-25T06:33:56.798+0000] {processor.py:840} INFO - DAG(s) 'example_sensor_decorator' retrieved from /home/airflow/.local/lib/python3.12/site-packages/airflow/example_dags/example_sensor_decorator.py
[2026-05-25T06:33:56.904+0000] {logging_mixin.py:188} INFO - [2026-05-25T06:33:56.903+0000] {dag.py:3089} INFO - Sync 1 DAGs
[2026-05-25T06:33:56.951+0000] {logging_mixin.py:188} INFO - [2026-05-25T06:33:56.951+0000] {dag.py:3947} INFO - Setting next_dagrun for example_sensor_decorator to None, run_after=None
[2026-05-25T06:33:57.012+0000] {processor.py:183} INFO - Processing /home/airflow/.local/lib/python3.12/site-packages/airflow/example_dags/example_sensor_decorator.py took 0.276 seconds
[2026-05-25T06:34:27.738+0000] {processor.py:161} INFO - Started process (PID=1215) to work on /home/airflow/.local/lib/python3.12/site-packages/airflow/example_dags/example_sensor_decorator.py
[2026-05-25T06:34:27.745+0000] {processor.py:830} INFO - Processing file /home/airflow/.local/lib/python3.12/site-packages/airflow/example_dags/example_sensor_decorator.py for tasks to queue
[2026-05-25T06:34:27.751+0000] {logging_mixin.py:188} INFO - [2026-05-25T06:34:27.750+0000] {dagbag.py:545} INFO - Filling up the DagBag from /home/airflow/.local/lib/python3.12/site-packages/airflow/example_dags/example_sensor_decorator.py
[2026-05-25T06:34:27.775+0000] {processor.py:840} INFO - DAG(s) 'example_sensor_decorator' retrieved from /home/airflow/.local/lib/python3.12/site-packages/airflow/example_dags/example_sensor_decorator.py
[2026-05-25T06:34:27.996+0000] {logging_mixin.py:188} INFO - [2026-05-25T06:34:27.994+0000] {dag.py:3089} INFO - Sync 1 DAGs
[2026-05-25T06:34:28.101+0000] {logging_mixin.py:188} INFO - [2026-05-25T06:34:28.101+0000] {dag.py:3947} INFO - Setting next_dagrun for example_sensor_decorator to None, run_after=None
[2026-05-25T06:34:28.171+0000] {processor.py:183} INFO - Processing /home/airflow/.local/lib/python3.12/site-packages/airflow/example_dags/example_sensor_decorator.py took 0.477 seconds
[2026-05-25T06:34:58.393+0000] {processor.py:161} INFO - Started process (PID=1281) to work on /home/airflow/.local/lib/python3.12/site-packages/airflow/example_dags/example_sensor_decorator.py
[2026-05-25T06:34:58.396+0000] {processor.py:830} INFO - Processing file /home/airflow/.local/lib/python3.12/site-packages/airflow/example_dags/example_sensor_decorator.py for tasks to queue
[2026-05-25T06:34:58.401+0000] {logging_mixin.py:188} INFO - [2026-05-25T06:34:58.400+0000] {dagbag.py:545} INFO - Filling up the DagBag from /home/airflow/.local/lib/python3.12/site-packages/airflow/example_dags/example_sensor_decorator.py
[2026-05-25T06:34:58.416+0000] {processor.py:840} INFO - DAG(s) 'example_sensor_decorator' retrieved from /home/airflow/.local/lib/python3.12/site-packages/airflow/example_dags/example_sensor_decorator.py
[2026-05-25T06:34:58.491+0000] {logging_mixin.py:188} INFO - [2026-05-25T06:34:58.490+0000] {dag.py:3089} INFO - Sync 1 DAGs
[2026-05-25T06:34:58.538+0000] {logging_mixin.py:188} INFO - [2026-05-25T06:34:58.537+0000] {dag.py:3947} INFO - Setting next_dagrun for example_sensor_decorator to None, run_after=None
[2026-05-25T06:34:58.593+0000] {processor.py:183} INFO - Processing /home/airflow/.local/lib/python3.12/site-packages/airflow/example_dags/example_sensor_decorator.py took 0.216 seconds
[2026-05-25T06:35:29.841+0000] {processor.py:161} INFO - Started process (PID=1341) to work on /home/airflow/.local/lib/python3.12/site-packages/airflow/example_dags/example_sensor_decorator.py
[2026-05-25T06:35:29.844+0000] {processor.py:830} INFO - Processing file /home/airflow/.local/lib/python3.12/site-packages/airflow/example_dags/example_sensor_decorator.py for tasks to queue
[2026-05-25T06:35:29.848+0000] {logging_mixin.py:188} INFO - [2026-05-25T06:35:29.848+0000] {dagbag.py:545} INFO - Filling up the DagBag from /home/airflow/.local/lib/python3.12/site-packages/airflow/example_dags/example_sensor_decorator.py
[2026-05-25T06:35:29.865+0000] {processor.py:840} INFO - DAG(s) 'example_sensor_decorator' retrieved from /home/airflow/.local/lib/python3.12/site-packages/airflow/example_dags/example_sensor_decorator.py
[2026-05-25T06:35:29.917+0000] {logging_mixin.py:188} INFO - [2026-05-25T06:35:29.916+0000] {dag.py:3089} INFO - Sync 1 DAGs
[2026-05-25T06:35:29.950+0000] {logging_mixin.py:188} INFO - [2026-05-25T06:35:29.949+0000] {dag.py:3947} INFO - Setting next_dagrun for example_sensor_decorator to None, run_after=None
[2026-05-25T06:35:30.008+0000] {processor.py:183} INFO - Processing /home/airflow/.local/lib/python3.12/site-packages/airflow/example_dags/example_sensor_decorator.py took 0.180 seconds
[2026-05-25T06:36:01.204+0000] {processor.py:161} INFO - Started process (PID=1401) to work on /home/airflow/.local/lib/python3.12/site-packages/airflow/example_dags/example_sensor_decorator.py
[2026-05-25T06:36:01.207+0000] {processor.py:830} INFO - Processing file /home/airflow/.local/lib/python3.12/site-packages/airflow/example_dags/example_sensor_decorator.py for tasks to queue
[2026-05-25T06:36:01.212+0000] {logging_mixin.py:188} INFO - [2026-05-25T06:36:01.212+0000] {dagbag.py:545} INFO - Filling up the DagBag from /home/airflow/.local/lib/python3.12/site-packages/airflow/example_dags/example_sensor_decorator.py
[2026-05-25T06:36:01.233+0000] {processor.py:840} INFO - DAG(s) 'example_sensor_decorator' retrieved from /home/airflow/.local/lib/python3.12/site-packages/airflow/example_dags/example_sensor_decorator.py
[2026-05-25T06:36:01.294+0000] {logging_mixin.py:188} INFO - [2026-05-25T06:36:01.293+0000] {dag.py:3089} INFO - Sync 1 DAGs
[2026-05-25T06:36:01.335+0000] {logging_mixin.py:188} INFO - [2026-05-25T06:36:01.334+0000] {dag.py:3947} INFO - Setting next_dagrun for example_sensor_decorator to None, run_after=None
[2026-05-25T06:36:01.392+0000] {processor.py:183} INFO - Processing /home/airflow/.local/lib/python3.12/site-packages/airflow/example_dags/example_sensor_decorator.py took 0.208 seconds
[2026-05-25T06:36:32.726+0000] {processor.py:161} INFO - Started process (PID=1461) to work on /home/airflow/.local/lib/python3.12/site-packages/airflow/example_dags/example_sensor_decorator.py
[2026-05-25T06:36:32.728+0000] {processor.py:830} INFO - Processing file /home/airflow/.local/lib/python3.12/site-packages/airflow/example_dags/example_sensor_decorator.py for tasks to queue
[2026-05-25T06:36:32.733+0000] {logging_mixin.py:188} INFO - [2026-05-25T06:36:32.732+0000] {dagbag.py:545} INFO - Filling up the DagBag from /home/airflow/.local/lib/python3.12/site-packages/airflow/example_dags/example_sensor_decorator.py
[2026-05-25T06:36:32.748+0000] {processor.py:840} INFO - DAG(s) 'example_sensor_decorator' retrieved from /home/airflow/.local/lib/python3.12/site-packages/airflow/example_dags/example_sensor_decorator.py
[2026-05-25T06:36:32.802+0000] {logging_mixin.py:188} INFO - [2026-05-25T06:36:32.801+0000] {dag.py:3089} INFO - Sync 1 DAGs
[2026-05-25T06:36:32.832+0000] {logging_mixin.py:188} INFO - [2026-05-25T06:36:32.831+0000] {dag.py:3947} INFO - Setting next_dagrun for example_sensor_decorator to None, run_after=None
[2026-05-25T06:36:32.873+0000] {processor.py:183} INFO - Processing /home/airflow/.local/lib/python3.12/site-packages/airflow/example_dags/example_sensor_decorator.py took 0.160 seconds
[2026-05-25T06:37:03.985+0000] {processor.py:161} INFO - Started process (PID=1520) to work on /home/airflow/.local/lib/python3.12/site-packages/airflow/example_dags/example_sensor_decorator.py
[2026-05-25T06:37:03.988+0000] {processor.py:830} INFO - Processing file /home/airflow/.local/lib/python3.12/site-packages/airflow/example_dags/example_sensor_decorator.py for tasks to queue
[2026-05-25T06:37:03.992+0000] {logging_mixin.py:188} INFO - [2026-05-25T06:37:03.991+0000] {dagbag.py:545} INFO - Filling up the DagBag from /home/airflow/.local/lib/python3.12/site-packages/airflow/example_dags/example_sensor_decorator.py
[2026-05-25T06:37:04.003+0000] {processor.py:840} INFO - DAG(s) 'example_sensor_decorator' retrieved from /home/airflow/.local/lib/python3.12/site-packages/airflow/example_dags/example_sensor_decorator.py
[2026-05-25T06:37:04.084+0000] {logging_mixin.py:188} INFO - [2026-05-25T06:37:04.084+0000] {dag.py:3089} INFO - Sync 1 DAGs
[2026-05-25T06:37:04.138+0000] {logging_mixin.py:188} INFO - [2026-05-25T06:37:04.138+0000] {dag.py:3947} INFO - Setting next_dagrun for example_sensor_decorator to None, run_after=None
[2026-05-25T06:37:04.200+0000] {processor.py:183} INFO - Processing /home/airflow/.local/lib/python3.12/site-packages/airflow/example_dags/example_sensor_decorator.py took 0.228 seconds
[2026-05-25T06:37:35.067+0000] {processor.py:161} INFO - Started process (PID=1578) to work on /home/airflow/.local/lib/python3.12/site-packages/airflow/example_dags/example_sensor_decorator.py
[2026-05-25T06:37:35.073+0000] {processor.py:830} INFO - Processing file /home/airflow/.local/lib/python3.12/site-packages/airflow/example_dags/example_sensor_decorator.py for tasks to queue
[2026-05-25T06:37:35.082+0000] {logging_mixin.py:188} INFO - [2026-05-25T06:37:35.080+0000] {dagbag.py:545} INFO - Filling up the DagBag from /home/airflow/.local/lib/python3.12/site-packages/airflow/example_dags/example_sensor_decorator.py
[2026-05-25T06:37:35.107+0000] {processor.py:840} INFO - DAG(s) 'example_sensor_decorator' retrieved from /home/airflow/.local/lib/python3.12/site-packages/airflow/example_dags/example_sensor_decorator.py
[2026-05-25T06:37:35.180+0000] {logging_mixin.py:188} INFO - [2026-05-25T06:37:35.180+0000] {dag.py:3089} INFO - Sync 1 DAGs
[2026-05-25T06:37:35.218+0000] {logging_mixin.py:188} INFO - [2026-05-25T06:37:35.218+0000] {dag.py:3947} INFO - Setting next_dagrun for example_sensor_decorator to None, run_after=None
[2026-05-25T06:37:35.290+0000] {processor.py:183} INFO - Processing /home/airflow/.local/lib/python3.12/site-packages/airflow/example_dags/example_sensor_decorator.py took 0.249 seconds
[2026-05-25T06:38:05.691+0000] {processor.py:161} INFO - Started process (PID=1638) to work on /home/airflow/.local/lib/python3.12/site-packages/airflow/example_dags/example_sensor_decorator.py
[2026-05-25T06:38:05.694+0000] {processor.py:830} INFO - Processing file /home/airflow/.local/lib/python3.12/site-packages/airflow/example_dags/example_sensor_decorator.py for tasks to queue
[2026-05-25T06:38:05.699+0000] {logging_mixin.py:188} INFO - [2026-05-25T06:38:05.698+0000] {dagbag.py:545} INFO - Filling up the DagBag from /home/airflow/.local/lib/python3.12/site-packages/airflow/example_dags/example_sensor_decorator.py
[2026-05-25T06:38:05.715+0000] {processor.py:840} INFO - DAG(s) 'example_sensor_decorator' retrieved from /home/airflow/.local/lib/python3.12/site-packages/airflow/example_dags/example_sensor_decorator.py
[2026-05-25T06:38:05.762+0000] {logging_mixin.py:188} INFO - [2026-05-25T06:38:05.762+0000] {dag.py:3089} INFO - Sync 1 DAGs
[2026-05-25T06:38:05.788+0000] {logging_mixin.py:188} INFO - [2026-05-25T06:38:05.787+0000] {dag.py:3947} INFO - Setting next_dagrun for example_sensor_decorator to None, run_after=None
[2026-05-25T06:38:05.827+0000] {processor.py:183} INFO - Processing /home/airflow/.local/lib/python3.12/site-packages/airflow/example_dags/example_sensor_decorator.py took 0.155 seconds
[2026-05-25T06:41:37.550+0000] {processor.py:161} INFO - Started process (PID=85) to work on /home/airflow/.local/lib/python3.12/site-packages/airflow/example_dags/example_sensor_decorator.py
[2026-05-25T06:41:37.556+0000] {processor.py:830} INFO - Processing file /home/airflow/.local/lib/python3.12/site-packages/airflow/example_dags/example_sensor_decorator.py for tasks to queue
[2026-05-25T06:41:37.562+0000] {logging_mixin.py:188} INFO - [2026-05-25T06:41:37.561+0000] {dagbag.py:545} INFO - Filling up the DagBag from /home/airflow/.local/lib/python3.12/site-packages/airflow/example_dags/example_sensor_decorator.py
[2026-05-25T06:41:37.588+0000] {processor.py:840} INFO - DAG(s) 'example_sensor_decorator' retrieved from /home/airflow/.local/lib/python3.12/site-packages/airflow/example_dags/example_sensor_decorator.py
[2026-05-25T06:41:38.134+0000] {logging_mixin.py:188} INFO - [2026-05-25T06:41:38.133+0000] {dag.py:3089} INFO - Sync 1 DAGs
[2026-05-25T06:41:38.178+0000] {logging_mixin.py:188} INFO - [2026-05-25T06:41:38.177+0000] {dag.py:3947} INFO - Setting next_dagrun for example_sensor_decorator to None, run_after=None
[2026-05-25T06:41:38.292+0000] {processor.py:183} INFO - Processing /home/airflow/.local/lib/python3.12/site-packages/airflow/example_dags/example_sensor_decorator.py took 0.766 seconds
[2026-05-25T06:42:24.455+0000] {processor.py:161} INFO - Started process (PID=149) to work on /home/airflow/.local/lib/python3.12/site-packages/airflow/example_dags/example_sensor_decorator.py
[2026-05-25T06:42:24.458+0000] {processor.py:830} INFO - Processing file /home/airflow/.local/lib/python3.12/site-packages/airflow/example_dags/example_sensor_decorator.py for tasks to queue
[2026-05-25T06:42:24.467+0000] {logging_mixin.py:188} INFO - [2026-05-25T06:42:24.465+0000] {dagbag.py:545} INFO - Filling up the DagBag from /home/airflow/.local/lib/python3.12/site-packages/airflow/example_dags/example_sensor_decorator.py
[2026-05-25T06:42:24.489+0000] {processor.py:840} INFO - DAG(s) 'example_sensor_decorator' retrieved from /home/airflow/.local/lib/python3.12/site-packages/airflow/example_dags/example_sensor_decorator.py
[2026-05-25T06:42:24.553+0000] {logging_mixin.py:188} INFO - [2026-05-25T06:42:24.553+0000] {dag.py:3089} INFO - Sync 1 DAGs
[2026-05-25T06:42:24.615+0000] {logging_mixin.py:188} INFO - [2026-05-25T06:42:24.614+0000] {dag.py:3947} INFO - Setting next_dagrun for example_sensor_decorator to None, run_after=None
[2026-05-25T06:42:24.661+0000] {processor.py:183} INFO - Processing /home/airflow/.local/lib/python3.12/site-packages/airflow/example_dags/example_sensor_decorator.py took 0.224 seconds
[2026-05-25T06:42:59.196+0000] {processor.py:161} INFO - Started process (PID=208) to work on /home/airflow/.local/lib/python3.12/site-packages/airflow/example_dags/example_sensor_decorator.py
[2026-05-25T06:42:59.201+0000] {processor.py:830} INFO - Processing file /home/airflow/.local/lib/python3.12/site-packages/airflow/example_dags/example_sensor_decorator.py for tasks to queue
[2026-05-25T06:42:59.256+0000] {logging_mixin.py:188} INFO - [2026-05-25T06:42:59.254+0000] {dagbag.py:545} INFO - Filling up the DagBag from /home/airflow/.local/lib/python3.12/site-packages/airflow/example_dags/example_sensor_decorator.py
[2026-05-25T06:42:59.358+0000] {processor.py:840} INFO - DAG(s) 'example_sensor_decorator' retrieved from /home/airflow/.local/lib/python3.12/site-packages/airflow/example_dags/example_sensor_decorator.py
[2026-05-25T06:42:59.574+0000] {logging_mixin.py:188} INFO - [2026-05-25T06:42:59.573+0000] {dag.py:3089} INFO - Sync 1 DAGs
[2026-05-25T06:42:59.691+0000] {logging_mixin.py:188} INFO - [2026-05-25T06:42:59.690+0000] {dag.py:3947} INFO - Setting next_dagrun for example_sensor_decorator to None, run_after=None
[2026-05-25T06:42:59.800+0000] {processor.py:183} INFO - Processing /home/airflow/.local/lib/python3.12/site-packages/airflow/example_dags/example_sensor_decorator.py took 0.696 seconds
[2026-05-25T06:43:29.931+0000] {processor.py:161} INFO - Started process (PID=266) to work on /home/airflow/.local/lib/python3.12/site-packages/airflow/example_dags/example_sensor_decorator.py
[2026-05-25T06:43:29.934+0000] {processor.py:830} INFO - Processing file /home/airflow/.local/lib/python3.12/site-packages/airflow/example_dags/example_sensor_decorator.py for tasks to queue
[2026-05-25T06:43:29.939+0000] {logging_mixin.py:188} INFO - [2026-05-25T06:43:29.938+0000] {dagbag.py:545} INFO - Filling up the DagBag from /home/airflow/.local/lib/python3.12/site-packages/airflow/example_dags/example_sensor_decorator.py
[2026-05-25T06:43:29.951+0000] {processor.py:840} INFO - DAG(s) 'example_sensor_decorator' retrieved from /home/airflow/.local/lib/python3.12/site-packages/airflow/example_dags/example_sensor_decorator.py
[2026-05-25T06:43:29.995+0000] {logging_mixin.py:188} INFO - [2026-05-25T06:43:29.995+0000] {dag.py:3089} INFO - Sync 1 DAGs
[2026-05-25T06:43:30.023+0000] {logging_mixin.py:188} INFO - [2026-05-25T06:43:30.022+0000] {dag.py:3947} INFO - Setting next_dagrun for example_sensor_decorator to None, run_after=None
[2026-05-25T06:43:30.066+0000] {processor.py:183} INFO - Processing /home/airflow/.local/lib/python3.12/site-packages/airflow/example_dags/example_sensor_decorator.py took 0.150 seconds
[2026-05-25T06:44:00.861+0000] {processor.py:161} INFO - Started process (PID=326) to work on /home/airflow/.local/lib/python3.12/site-packages/airflow/example_dags/example_sensor_decorator.py
[2026-05-25T06:44:00.864+0000] {processor.py:830} INFO - Processing file /home/airflow/.local/lib/python3.12/site-packages/airflow/example_dags/example_sensor_decorator.py for tasks to queue
[2026-05-25T06:44:00.868+0000] {logging_mixin.py:188} INFO - [2026-05-25T06:44:00.867+0000] {dagbag.py:545} INFO - Filling up the DagBag from /home/airflow/.local/lib/python3.12/site-packages/airflow/example_dags/example_sensor_decorator.py
[2026-05-25T06:44:00.881+0000] {processor.py:840} INFO - DAG(s) 'example_sensor_decorator' retrieved from /home/airflow/.local/lib/python3.12/site-packages/airflow/example_dags/example_sensor_decorator.py
[2026-05-25T06:44:00.930+0000] {logging_mixin.py:188} INFO - [2026-05-25T06:44:00.929+0000] {dag.py:3089} INFO - Sync 1 DAGs
[2026-05-25T06:44:00.956+0000] {logging_mixin.py:188} INFO - [2026-05-25T06:44:00.956+0000] {dag.py:3947} INFO - Setting next_dagrun for example_sensor_decorator to None, run_after=None
[2026-05-25T06:44:01.002+0000] {processor.py:183} INFO - Processing /home/airflow/.local/lib/python3.12/site-packages/airflow/example_dags/example_sensor_decorator.py took 0.156 seconds
[2026-05-25T06:44:31.331+0000] {processor.py:161} INFO - Started process (PID=386) to work on /home/airflow/.local/lib/python3.12/site-packages/airflow/example_dags/example_sensor_decorator.py
[2026-05-25T06:44:31.334+0000] {processor.py:830} INFO - Processing file /home/airflow/.local/lib/python3.12/site-packages/airflow/example_dags/example_sensor_decorator.py for tasks to queue
[2026-05-25T06:44:31.340+0000] {logging_mixin.py:188} INFO - [2026-05-25T06:44:31.339+0000] {dagbag.py:545} INFO - Filling up the DagBag from /home/airflow/.local/lib/python3.12/site-packages/airflow/example_dags/example_sensor_decorator.py
[2026-05-25T06:44:31.359+0000] {processor.py:840} INFO - DAG(s) 'example_sensor_decorator' retrieved from /home/airflow/.local/lib/python3.12/site-packages/airflow/example_dags/example_sensor_decorator.py
[2026-05-25T06:44:31.420+0000] {logging_mixin.py:188} INFO - [2026-05-25T06:44:31.419+0000] {dag.py:3089} INFO - Sync 1 DAGs
[2026-05-25T06:44:31.455+0000] {logging_mixin.py:188} INFO - [2026-05-25T06:44:31.454+0000] {dag.py:3947} INFO - Setting next_dagrun for example_sensor_decorator to None, run_after=None
[2026-05-25T06:44:31.512+0000] {processor.py:183} INFO - Processing /home/airflow/.local/lib/python3.12/site-packages/airflow/example_dags/example_sensor_decorator.py took 0.198 seconds
[2026-05-25T06:45:01.643+0000] {processor.py:161} INFO - Started process (PID=446) to work on /home/airflow/.local/lib/python3.12/site-packages/airflow/example_dags/example_sensor_decorator.py
[2026-05-25T06:45:01.645+0000] {processor.py:830} INFO - Processing file /home/airflow/.local/lib/python3.12/site-packages/airflow/example_dags/example_sensor_decorator.py for tasks to queue
[2026-05-25T06:45:01.650+0000] {logging_mixin.py:188} INFO - [2026-05-25T06:45:01.649+0000] {dagbag.py:545} INFO - Filling up the DagBag from /home/airflow/.local/lib/python3.12/site-packages/airflow/example_dags/example_sensor_decorator.py
[2026-05-25T06:45:01.664+0000] {processor.py:840} INFO - DAG(s) 'example_sensor_decorator' retrieved from /home/airflow/.local/lib/python3.12/site-packages/airflow/example_dags/example_sensor_decorator.py
[2026-05-25T06:45:01.721+0000] {logging_mixin.py:188} INFO - [2026-05-25T06:45:01.720+0000] {dag.py:3089} INFO - Sync 1 DAGs
[2026-05-25T06:45:01.760+0000] {logging_mixin.py:188} INFO - [2026-05-25T06:45:01.759+0000] {dag.py:3947} INFO - Setting next_dagrun for example_sensor_decorator to None, run_after=None
[2026-05-25T06:45:01.809+0000] {processor.py:183} INFO - Processing /home/airflow/.local/lib/python3.12/site-packages/airflow/example_dags/example_sensor_decorator.py took 0.179 seconds
[2026-05-25T06:45:32.566+0000] {processor.py:161} INFO - Started process (PID=506) to work on /home/airflow/.local/lib/python3.12/site-packages/airflow/example_dags/example_sensor_decorator.py
[2026-05-25T06:45:32.571+0000] {processor.py:830} INFO - Processing file /home/airflow/.local/lib/python3.12/site-packages/airflow/example_dags/example_sensor_decorator.py for tasks to queue
[2026-05-25T06:45:32.579+0000] {logging_mixin.py:188} INFO - [2026-05-25T06:45:32.578+0000] {dagbag.py:545} INFO - Filling up the DagBag from /home/airflow/.local/lib/python3.12/site-packages/airflow/example_dags/example_sensor_decorator.py
[2026-05-25T06:45:32.615+0000] {processor.py:840} INFO - DAG(s) 'example_sensor_decorator' retrieved from /home/airflow/.local/lib/python3.12/site-packages/airflow/example_dags/example_sensor_decorator.py
[2026-05-25T06:45:32.696+0000] {logging_mixin.py:188} INFO - [2026-05-25T06:45:32.695+0000] {dag.py:3089} INFO - Sync 1 DAGs
[2026-05-25T06:45:32.733+0000] {logging_mixin.py:188} INFO - [2026-05-25T06:45:32.733+0000] {dag.py:3947} INFO - Setting next_dagrun for example_sensor_decorator to None, run_after=None
[2026-05-25T06:45:32.796+0000] {processor.py:183} INFO - Processing /home/airflow/.local/lib/python3.12/site-packages/airflow/example_dags/example_sensor_decorator.py took 0.264 seconds
[2026-05-25T06:46:03.056+0000] {processor.py:161} INFO - Started process (PID=566) to work on /home/airflow/.local/lib/python3.12/site-packages/airflow/example_dags/example_sensor_decorator.py
[2026-05-25T06:46:03.063+0000] {processor.py:830} INFO - Processing file /home/airflow/.local/lib/python3.12/site-packages/airflow/example_dags/example_sensor_decorator.py for tasks to queue
[2026-05-25T06:46:03.073+0000] {logging_mixin.py:188} INFO - [2026-05-25T06:46:03.072+0000] {dagbag.py:545} INFO - Filling up the DagBag from /home/airflow/.local/lib/python3.12/site-packages/airflow/example_dags/example_sensor_decorator.py
[2026-05-25T06:46:03.127+0000] {processor.py:840} INFO - DAG(s) 'example_sensor_decorator' retrieved from /home/airflow/.local/lib/python3.12/site-packages/airflow/example_dags/example_sensor_decorator.py
[2026-05-25T06:46:03.316+0000] {logging_mixin.py:188} INFO - [2026-05-25T06:46:03.315+0000] {dag.py:3089} INFO - Sync 1 DAGs
[2026-05-25T06:46:03.395+0000] {logging_mixin.py:188} INFO - [2026-05-25T06:46:03.393+0000] {dag.py:3947} INFO - Setting next_dagrun for example_sensor_decorator to None, run_after=None
[2026-05-25T06:46:03.463+0000] {processor.py:183} INFO - Processing /home/airflow/.local/lib/python3.12/site-packages/airflow/example_dags/example_sensor_decorator.py took 0.439 seconds
[2026-05-25T06:46:34.181+0000] {processor.py:161} INFO - Started process (PID=625) to work on /home/airflow/.local/lib/python3.12/site-packages/airflow/example_dags/example_sensor_decorator.py
[2026-05-25T06:46:34.185+0000] {processor.py:830} INFO - Processing file /home/airflow/.local/lib/python3.12/site-packages/airflow/example_dags/example_sensor_decorator.py for tasks to queue
[2026-05-25T06:46:34.192+0000] {logging_mixin.py:188} INFO - [2026-05-25T06:46:34.191+0000] {dagbag.py:545} INFO - Filling up the DagBag from /home/airflow/.local/lib/python3.12/site-packages/airflow/example_dags/example_sensor_decorator.py
[2026-05-25T06:46:34.214+0000] {processor.py:840} INFO - DAG(s) 'example_sensor_decorator' retrieved from /home/airflow/.local/lib/python3.12/site-packages/airflow/example_dags/example_sensor_decorator.py
[2026-05-25T06:46:34.262+0000] {logging_mixin.py:188} INFO - [2026-05-25T06:46:34.261+0000] {dag.py:3089} INFO - Sync 1 DAGs
[2026-05-25T06:46:34.288+0000] {logging_mixin.py:188} INFO - [2026-05-25T06:46:34.287+0000] {dag.py:3947} INFO - Setting next_dagrun for example_sensor_decorator to None, run_after=None
[2026-05-25T06:46:34.334+0000] {processor.py:183} INFO - Processing /home/airflow/.local/lib/python3.12/site-packages/airflow/example_dags/example_sensor_decorator.py took 0.175 seconds
[2026-05-25T06:47:06.171+0000] {processor.py:161} INFO - Started process (PID=685) to work on /home/airflow/.local/lib/python3.12/site-packages/airflow/example_dags/example_sensor_decorator.py
[2026-05-25T06:47:06.216+0000] {processor.py:830} INFO - Processing file /home/airflow/.local/lib/python3.12/site-packages/airflow/example_dags/example_sensor_decorator.py for tasks to queue
[2026-05-25T06:47:06.311+0000] {logging_mixin.py:188} INFO - [2026-05-25T06:47:06.297+0000] {dagbag.py:545} INFO - Filling up the DagBag from /home/airflow/.local/lib/python3.12/site-packages/airflow/example_dags/example_sensor_decorator.py
[2026-05-25T06:47:06.586+0000] {processor.py:840} INFO - DAG(s) 'example_sensor_decorator' retrieved from /home/airflow/.local/lib/python3.12/site-packages/airflow/example_dags/example_sensor_decorator.py
[2026-05-25T06:47:07.726+0000] {logging_mixin.py:188} INFO - [2026-05-25T06:47:07.725+0000] {dag.py:3089} INFO - Sync 1 DAGs
[2026-05-25T06:47:07.917+0000] {logging_mixin.py:188} INFO - [2026-05-25T06:47:07.916+0000] {dag.py:3947} INFO - Setting next_dagrun for example_sensor_decorator to None, run_after=None
[2026-05-25T06:47:08.205+0000] {processor.py:183} INFO - Processing /home/airflow/.local/lib/python3.12/site-packages/airflow/example_dags/example_sensor_decorator.py took 2.578 seconds
[2026-05-25T06:47:39.023+0000] {processor.py:161} INFO - Started process (PID=746) to work on /home/airflow/.local/lib/python3.12/site-packages/airflow/example_dags/example_sensor_decorator.py
[2026-05-25T06:47:39.025+0000] {processor.py:830} INFO - Processing file /home/airflow/.local/lib/python3.12/site-packages/airflow/example_dags/example_sensor_decorator.py for tasks to queue
[2026-05-25T06:47:39.030+0000] {logging_mixin.py:188} INFO - [2026-05-25T06:47:39.029+0000] {dagbag.py:545} INFO - Filling up the DagBag from /home/airflow/.local/lib/python3.12/site-packages/airflow/example_dags/example_sensor_decorator.py
[2026-05-25T06:47:39.043+0000] {processor.py:840} INFO - DAG(s) 'example_sensor_decorator' retrieved from /home/airflow/.local/lib/python3.12/site-packages/airflow/example_dags/example_sensor_decorator.py
[2026-05-25T06:47:39.092+0000] {logging_mixin.py:188} INFO - [2026-05-25T06:47:39.091+0000] {dag.py:3089} INFO - Sync 1 DAGs
[2026-05-25T06:47:39.124+0000] {logging_mixin.py:188} INFO - [2026-05-25T06:47:39.124+0000] {dag.py:3947} INFO - Setting next_dagrun for example_sensor_decorator to None, run_after=None
[2026-05-25T06:47:39.184+0000] {processor.py:183} INFO - Processing /home/airflow/.local/lib/python3.12/site-packages/airflow/example_dags/example_sensor_decorator.py took 0.173 seconds
[2026-05-25T06:48:11.356+0000] {processor.py:161} INFO - Started process (PID=794) to work on /home/airflow/.local/lib/python3.12/site-packages/airflow/example_dags/example_sensor_decorator.py
[2026-05-25T06:48:11.360+0000] {processor.py:830} INFO - Processing file /home/airflow/.local/lib/python3.12/site-packages/airflow/example_dags/example_sensor_decorator.py for tasks to queue
[2026-05-25T06:48:11.368+0000] {logging_mixin.py:188} INFO - [2026-05-25T06:48:11.367+0000] {dagbag.py:545} INFO - Filling up the DagBag from /home/airflow/.local/lib/python3.12/site-packages/airflow/example_dags/example_sensor_decorator.py
[2026-05-25T06:48:11.393+0000] {processor.py:840} INFO - DAG(s) 'example_sensor_decorator' retrieved from /home/airflow/.local/lib/python3.12/site-packages/airflow/example_dags/example_sensor_decorator.py
[2026-05-25T06:48:11.457+0000] {logging_mixin.py:188} INFO - [2026-05-25T06:48:11.456+0000] {dag.py:3089} INFO - Sync 1 DAGs
[2026-05-25T06:48:11.501+0000] {logging_mixin.py:188} INFO - [2026-05-25T06:48:11.500+0000] {dag.py:3947} INFO - Setting next_dagrun for example_sensor_decorator to None, run_after=None
[2026-05-25T06:48:11.603+0000] {processor.py:183} INFO - Processing /home/airflow/.local/lib/python3.12/site-packages/airflow/example_dags/example_sensor_decorator.py took 0.265 seconds
[2026-05-25T06:48:42.348+0000] {processor.py:161} INFO - Started process (PID=853) to work on /home/airflow/.local/lib/python3.12/site-packages/airflow/example_dags/example_sensor_decorator.py
[2026-05-25T06:48:42.350+0000] {processor.py:830} INFO - Processing file /home/airflow/.local/lib/python3.12/site-packages/airflow/example_dags/example_sensor_decorator.py for tasks to queue
[2026-05-25T06:48:42.357+0000] {logging_mixin.py:188} INFO - [2026-05-25T06:48:42.356+0000] {dagbag.py:545} INFO - Filling up the DagBag from /home/airflow/.local/lib/python3.12/site-packages/airflow/example_dags/example_sensor_decorator.py
[2026-05-25T06:48:42.375+0000] {processor.py:840} INFO - DAG(s) 'example_sensor_decorator' retrieved from /home/airflow/.local/lib/python3.12/site-packages/airflow/example_dags/example_sensor_decorator.py
[2026-05-25T06:48:42.434+0000] {logging_mixin.py:188} INFO - [2026-05-25T06:48:42.434+0000] {dag.py:3089} INFO - Sync 1 DAGs
[2026-05-25T06:48:42.483+0000] {logging_mixin.py:188} INFO - [2026-05-25T06:48:42.483+0000] {dag.py:3947} INFO - Setting next_dagrun for example_sensor_decorator to None, run_after=None
[2026-05-25T06:48:42.561+0000] {processor.py:183} INFO - Processing /home/airflow/.local/lib/python3.12/site-packages/airflow/example_dags/example_sensor_decorator.py took 0.227 seconds
[2026-05-25T06:49:14.493+0000] {processor.py:161} INFO - Started process (PID=909) to work on /home/airflow/.local/lib/python3.12/site-packages/airflow/example_dags/example_sensor_decorator.py
[2026-05-25T06:49:14.496+0000] {processor.py:830} INFO - Processing file /home/airflow/.local/lib/python3.12/site-packages/airflow/example_dags/example_sensor_decorator.py for tasks to queue
[2026-05-25T06:49:14.503+0000] {logging_mixin.py:188} INFO - [2026-05-25T06:49:14.502+0000] {dagbag.py:545} INFO - Filling up the DagBag from /home/airflow/.local/lib/python3.12/site-packages/airflow/example_dags/example_sensor_decorator.py
[2026-05-25T06:49:14.528+0000] {processor.py:840} INFO - DAG(s) 'example_sensor_decorator' retrieved from /home/airflow/.local/lib/python3.12/site-packages/airflow/example_dags/example_sensor_decorator.py
[2026-05-25T06:49:14.621+0000] {logging_mixin.py:188} INFO - [2026-05-25T06:49:14.620+0000] {dag.py:3089} INFO - Sync 1 DAGs
[2026-05-25T06:49:14.671+0000] {logging_mixin.py:188} INFO - [2026-05-25T06:49:14.670+0000] {dag.py:3947} INFO - Setting next_dagrun for example_sensor_decorator to None, run_after=None
[2026-05-25T06:49:14.730+0000] {processor.py:183} INFO - Processing /home/airflow/.local/lib/python3.12/site-packages/airflow/example_dags/example_sensor_decorator.py took 0.254 seconds
[2026-05-25T06:49:45.953+0000] {processor.py:161} INFO - Started process (PID=966) to work on /home/airflow/.local/lib/python3.12/site-packages/airflow/example_dags/example_sensor_decorator.py
[2026-05-25T06:49:45.957+0000] {processor.py:830} INFO - Processing file /home/airflow/.local/lib/python3.12/site-packages/airflow/example_dags/example_sensor_decorator.py for tasks to queue
[2026-05-25T06:49:45.980+0000] {logging_mixin.py:188} INFO - [2026-05-25T06:49:45.974+0000] {dagbag.py:545} INFO - Filling up the DagBag from /home/airflow/.local/lib/python3.12/site-packages/airflow/example_dags/example_sensor_decorator.py
[2026-05-25T06:49:46.029+0000] {processor.py:840} INFO - DAG(s) 'example_sensor_decorator' retrieved from /home/airflow/.local/lib/python3.12/site-packages/airflow/example_dags/example_sensor_decorator.py
[2026-05-25T06:49:46.120+0000] {logging_mixin.py:188} INFO - [2026-05-25T06:49:46.119+0000] {dag.py:3089} INFO - Sync 1 DAGs
[2026-05-25T06:49:46.163+0000] {logging_mixin.py:188} INFO - [2026-05-25T06:49:46.162+0000] {dag.py:3947} INFO - Setting next_dagrun for example_sensor_decorator to None, run_after=None
[2026-05-25T06:49:46.223+0000] {processor.py:183} INFO - Processing /home/airflow/.local/lib/python3.12/site-packages/airflow/example_dags/example_sensor_decorator.py took 0.316 seconds
[2026-05-25T06:50:17.371+0000] {processor.py:161} INFO - Started process (PID=1024) to work on /home/airflow/.local/lib/python3.12/site-packages/airflow/example_dags/example_sensor_decorator.py
[2026-05-25T06:50:17.374+0000] {processor.py:830} INFO - Processing file /home/airflow/.local/lib/python3.12/site-packages/airflow/example_dags/example_sensor_decorator.py for tasks to queue
[2026-05-25T06:50:17.384+0000] {logging_mixin.py:188} INFO - [2026-05-25T06:50:17.381+0000] {dagbag.py:545} INFO - Filling up the DagBag from /home/airflow/.local/lib/python3.12/site-packages/airflow/example_dags/example_sensor_decorator.py
[2026-05-25T06:50:17.414+0000] {processor.py:840} INFO - DAG(s) 'example_sensor_decorator' retrieved from /home/airflow/.local/lib/python3.12/site-packages/airflow/example_dags/example_sensor_decorator.py
[2026-05-25T06:50:17.533+0000] {logging_mixin.py:188} INFO - [2026-05-25T06:50:17.532+0000] {dag.py:3089} INFO - Sync 1 DAGs
[2026-05-25T06:50:17.595+0000] {logging_mixin.py:188} INFO - [2026-05-25T06:50:17.594+0000] {dag.py:3947} INFO - Setting next_dagrun for example_sensor_decorator to None, run_after=None
[2026-05-25T06:50:17.680+0000] {processor.py:183} INFO - Processing /home/airflow/.local/lib/python3.12/site-packages/airflow/example_dags/example_sensor_decorator.py took 0.340 seconds
[2026-05-25T06:50:48.631+0000] {processor.py:161} INFO - Started process (PID=1085) to work on /home/airflow/.local/lib/python3.12/site-packages/airflow/example_dags/example_sensor_decorator.py
[2026-05-25T06:50:48.635+0000] {processor.py:830} INFO - Processing file /home/airflow/.local/lib/python3.12/site-packages/airflow/example_dags/example_sensor_decorator.py for tasks to queue
[2026-05-25T06:50:48.640+0000] {logging_mixin.py:188} INFO - [2026-05-25T06:50:48.639+0000] {dagbag.py:545} INFO - Filling up the DagBag from /home/airflow/.local/lib/python3.12/site-packages/airflow/example_dags/example_sensor_decorator.py
[2026-05-25T06:50:48.654+0000] {processor.py:840} INFO - DAG(s) 'example_sensor_decorator' retrieved from /home/airflow/.local/lib/python3.12/site-packages/airflow/example_dags/example_sensor_decorator.py
[2026-05-25T06:50:48.714+0000] {logging_mixin.py:188} INFO - [2026-05-25T06:50:48.713+0000] {dag.py:3089} INFO - Sync 1 DAGs
[2026-05-25T06:50:48.753+0000] {logging_mixin.py:188} INFO - [2026-05-25T06:50:48.753+0000] {dag.py:3947} INFO - Setting next_dagrun for example_sensor_decorator to None, run_after=None
[2026-05-25T06:50:48.812+0000] {processor.py:183} INFO - Processing /home/airflow/.local/lib/python3.12/site-packages/airflow/example_dags/example_sensor_decorator.py took 0.193 seconds
[2026-05-25T06:51:19.468+0000] {processor.py:161} INFO - Started process (PID=1144) to work on /home/airflow/.local/lib/python3.12/site-packages/airflow/example_dags/example_sensor_decorator.py
[2026-05-25T06:51:19.474+0000] {processor.py:830} INFO - Processing file /home/airflow/.local/lib/python3.12/site-packages/airflow/example_dags/example_sensor_decorator.py for tasks to queue
[2026-05-25T06:51:19.481+0000] {logging_mixin.py:188} INFO - [2026-05-25T06:51:19.480+0000] {dagbag.py:545} INFO - Filling up the DagBag from /home/airflow/.local/lib/python3.12/site-packages/airflow/example_dags/example_sensor_decorator.py
[2026-05-25T06:51:19.505+0000] {processor.py:840} INFO - DAG(s) 'example_sensor_decorator' retrieved from /home/airflow/.local/lib/python3.12/site-packages/airflow/example_dags/example_sensor_decorator.py
[2026-05-25T06:51:19.574+0000] {logging_mixin.py:188} INFO - [2026-05-25T06:51:19.573+0000] {dag.py:3089} INFO - Sync 1 DAGs
[2026-05-25T06:51:19.614+0000] {logging_mixin.py:188} INFO - [2026-05-25T06:51:19.614+0000] {dag.py:3947} INFO - Setting next_dagrun for example_sensor_decorator to None, run_after=None
[2026-05-25T06:51:19.670+0000] {processor.py:183} INFO - Processing /home/airflow/.local/lib/python3.12/site-packages/airflow/example_dags/example_sensor_decorator.py took 0.231 seconds
[2026-05-25T06:51:50.192+0000] {processor.py:161} INFO - Started process (PID=1203) to work on /home/airflow/.local/lib/python3.12/site-packages/airflow/example_dags/example_sensor_decorator.py
[2026-05-25T06:51:50.199+0000] {processor.py:830} INFO - Processing file /home/airflow/.local/lib/python3.12/site-packages/airflow/example_dags/example_sensor_decorator.py for tasks to queue
[2026-05-25T06:51:50.203+0000] {logging_mixin.py:188} INFO - [2026-05-25T06:51:50.202+0000] {dagbag.py:545} INFO - Filling up the DagBag from /home/airflow/.local/lib/python3.12/site-packages/airflow/example_dags/example_sensor_decorator.py
[2026-05-25T06:51:50.215+0000] {processor.py:840} INFO - DAG(s) 'example_sensor_decorator' retrieved from /home/airflow/.local/lib/python3.12/site-packages/airflow/example_dags/example_sensor_decorator.py
[2026-05-25T06:51:50.278+0000] {logging_mixin.py:188} INFO - [2026-05-25T06:51:50.277+0000] {dag.py:3089} INFO - Sync 1 DAGs
[2026-05-25T06:51:50.317+0000] {logging_mixin.py:188} INFO - [2026-05-25T06:51:50.317+0000] {dag.py:3947} INFO - Setting next_dagrun for example_sensor_decorator to None, run_after=None
[2026-05-25T06:51:50.396+0000] {processor.py:183} INFO - Processing /home/airflow/.local/lib/python3.12/site-packages/airflow/example_dags/example_sensor_decorator.py took 0.217 seconds
[2026-05-25T06:52:20.869+0000] {processor.py:161} INFO - Started process (PID=1263) to work on /home/airflow/.local/lib/python3.12/site-packages/airflow/example_dags/example_sensor_decorator.py
[2026-05-25T06:52:20.872+0000] {processor.py:830} INFO - Processing file /home/airflow/.local/lib/python3.12/site-packages/airflow/example_dags/example_sensor_decorator.py for tasks to queue
[2026-05-25T06:52:20.877+0000] {logging_mixin.py:188} INFO - [2026-05-25T06:52:20.876+0000] {dagbag.py:545} INFO - Filling up the DagBag from /home/airflow/.local/lib/python3.12/site-packages/airflow/example_dags/example_sensor_decorator.py
[2026-05-25T06:52:20.899+0000] {processor.py:840} INFO - DAG(s) 'example_sensor_decorator' retrieved from /home/airflow/.local/lib/python3.12/site-packages/airflow/example_dags/example_sensor_decorator.py
[2026-05-25T06:52:20.963+0000] {logging_mixin.py:188} INFO - [2026-05-25T06:52:20.962+0000] {dag.py:3089} INFO - Sync 1 DAGs
[2026-05-25T06:52:21.003+0000] {logging_mixin.py:188} INFO - [2026-05-25T06:52:21.002+0000] {dag.py:3947} INFO - Setting next_dagrun for example_sensor_decorator to None, run_after=None
[2026-05-25T06:52:21.061+0000] {processor.py:183} INFO - Processing /home/airflow/.local/lib/python3.12/site-packages/airflow/example_dags/example_sensor_decorator.py took 0.204 seconds
[2026-05-25T06:52:51.758+0000] {processor.py:161} INFO - Started process (PID=1324) to work on /home/airflow/.local/lib/python3.12/site-packages/airflow/example_dags/example_sensor_decorator.py
[2026-05-25T06:52:51.762+0000] {processor.py:830} INFO - Processing file /home/airflow/.local/lib/python3.12/site-packages/airflow/example_dags/example_sensor_decorator.py for tasks to queue
[2026-05-25T06:52:51.769+0000] {logging_mixin.py:188} INFO - [2026-05-25T06:52:51.768+0000] {dagbag.py:545} INFO - Filling up the DagBag from /home/airflow/.local/lib/python3.12/site-packages/airflow/example_dags/example_sensor_decorator.py
[2026-05-25T06:52:51.788+0000] {processor.py:840} INFO - DAG(s) 'example_sensor_decorator' retrieved from /home/airflow/.local/lib/python3.12/site-packages/airflow/example_dags/example_sensor_decorator.py
[2026-05-25T06:52:51.850+0000] {logging_mixin.py:188} INFO - [2026-05-25T06:52:51.849+0000] {dag.py:3089} INFO - Sync 1 DAGs
[2026-05-25T06:52:51.893+0000] {logging_mixin.py:188} INFO - [2026-05-25T06:52:51.892+0000] {dag.py:3947} INFO - Setting next_dagrun for example_sensor_decorator to None, run_after=None
[2026-05-25T06:52:51.969+0000] {processor.py:183} INFO - Processing /home/airflow/.local/lib/python3.12/site-packages/airflow/example_dags/example_sensor_decorator.py took 0.230 seconds
[2026-05-25T06:53:22.876+0000] {processor.py:161} INFO - Started process (PID=1385) to work on /home/airflow/.local/lib/python3.12/site-packages/airflow/example_dags/example_sensor_decorator.py
[2026-05-25T06:53:22.880+0000] {processor.py:830} INFO - Processing file /home/airflow/.local/lib/python3.12/site-packages/airflow/example_dags/example_sensor_decorator.py for tasks to queue
[2026-05-25T06:53:22.890+0000] {logging_mixin.py:188} INFO - [2026-05-25T06:53:22.888+0000] {dagbag.py:545} INFO - Filling up the DagBag from /home/airflow/.local/lib/python3.12/site-packages/airflow/example_dags/example_sensor_decorator.py
[2026-05-25T06:53:22.927+0000] {processor.py:840} INFO - DAG(s) 'example_sensor_decorator' retrieved from /home/airflow/.local/lib/python3.12/site-packages/airflow/example_dags/example_sensor_decorator.py
[2026-05-25T06:53:23.047+0000] {logging_mixin.py:188} INFO - [2026-05-25T06:53:23.046+0000] {dag.py:3089} INFO - Sync 1 DAGs
[2026-05-25T06:53:23.108+0000] {logging_mixin.py:188} INFO - [2026-05-25T06:53:23.108+0000] {dag.py:3947} INFO - Setting next_dagrun for example_sensor_decorator to None, run_after=None
[2026-05-25T06:53:23.209+0000] {processor.py:183} INFO - Processing /home/airflow/.local/lib/python3.12/site-packages/airflow/example_dags/example_sensor_decorator.py took 0.370 seconds
[2026-05-25T06:53:53.949+0000] {processor.py:161} INFO - Started process (PID=1445) to work on /home/airflow/.local/lib/python3.12/site-packages/airflow/example_dags/example_sensor_decorator.py
[2026-05-25T06:53:53.953+0000] {processor.py:830} INFO - Processing file /home/airflow/.local/lib/python3.12/site-packages/airflow/example_dags/example_sensor_decorator.py for tasks to queue
[2026-05-25T06:53:53.960+0000] {logging_mixin.py:188} INFO - [2026-05-25T06:53:53.959+0000] {dagbag.py:545} INFO - Filling up the DagBag from /home/airflow/.local/lib/python3.12/site-packages/airflow/example_dags/example_sensor_decorator.py
[2026-05-25T06:53:53.990+0000] {processor.py:840} INFO - DAG(s) 'example_sensor_decorator' retrieved from /home/airflow/.local/lib/python3.12/site-packages/airflow/example_dags/example_sensor_decorator.py
[2026-05-25T06:53:54.081+0000] {logging_mixin.py:188} INFO - [2026-05-25T06:53:54.080+0000] {dag.py:3089} INFO - Sync 1 DAGs
[2026-05-25T06:53:54.144+0000] {logging_mixin.py:188} INFO - [2026-05-25T06:53:54.143+0000] {dag.py:3947} INFO - Setting next_dagrun for example_sensor_decorator to None, run_after=None
[2026-05-25T06:53:54.242+0000] {processor.py:183} INFO - Processing /home/airflow/.local/lib/python3.12/site-packages/airflow/example_dags/example_sensor_decorator.py took 0.323 seconds
[2026-05-25T06:54:24.497+0000] {processor.py:161} INFO - Started process (PID=1505) to work on /home/airflow/.local/lib/python3.12/site-packages/airflow/example_dags/example_sensor_decorator.py
[2026-05-25T06:54:24.502+0000] {processor.py:830} INFO - Processing file /home/airflow/.local/lib/python3.12/site-packages/airflow/example_dags/example_sensor_decorator.py for tasks to queue
[2026-05-25T06:54:24.507+0000] {logging_mixin.py:188} INFO - [2026-05-25T06:54:24.506+0000] {dagbag.py:545} INFO - Filling up the DagBag from /home/airflow/.local/lib/python3.12/site-packages/airflow/example_dags/example_sensor_decorator.py
[2026-05-25T06:54:24.528+0000] {processor.py:840} INFO - DAG(s) 'example_sensor_decorator' retrieved from /home/airflow/.local/lib/python3.12/site-packages/airflow/example_dags/example_sensor_decorator.py
[2026-05-25T06:54:24.615+0000] {logging_mixin.py:188} INFO - [2026-05-25T06:54:24.614+0000] {dag.py:3089} INFO - Sync 1 DAGs
[2026-05-25T06:54:24.694+0000] {logging_mixin.py:188} INFO - [2026-05-25T06:54:24.693+0000] {dag.py:3947} INFO - Setting next_dagrun for example_sensor_decorator to None, run_after=None
[2026-05-25T06:54:24.844+0000] {processor.py:183} INFO - Processing /home/airflow/.local/lib/python3.12/site-packages/airflow/example_dags/example_sensor_decorator.py took 0.367 seconds
[2026-05-25T06:54:56.321+0000] {processor.py:161} INFO - Started process (PID=1570) to work on /home/airflow/.local/lib/python3.12/site-packages/airflow/example_dags/example_sensor_decorator.py
[2026-05-25T06:54:56.324+0000] {processor.py:830} INFO - Processing file /home/airflow/.local/lib/python3.12/site-packages/airflow/example_dags/example_sensor_decorator.py for tasks to queue
[2026-05-25T06:54:56.332+0000] {logging_mixin.py:188} INFO - [2026-05-25T06:54:56.330+0000] {dagbag.py:545} INFO - Filling up the DagBag from /home/airflow/.local/lib/python3.12/site-packages/airflow/example_dags/example_sensor_decorator.py
[2026-05-25T06:54:56.352+0000] {processor.py:840} INFO - DAG(s) 'example_sensor_decorator' retrieved from /home/airflow/.local/lib/python3.12/site-packages/airflow/example_dags/example_sensor_decorator.py
[2026-05-25T06:54:56.416+0000] {logging_mixin.py:188} INFO - [2026-05-25T06:54:56.416+0000] {dag.py:3089} INFO - Sync 1 DAGs
[2026-05-25T06:54:56.463+0000] {logging_mixin.py:188} INFO - [2026-05-25T06:54:56.462+0000] {dag.py:3947} INFO - Setting next_dagrun for example_sensor_decorator to None, run_after=None
[2026-05-25T06:54:56.527+0000] {processor.py:183} INFO - Processing /home/airflow/.local/lib/python3.12/site-packages/airflow/example_dags/example_sensor_decorator.py took 0.229 seconds
[2026-05-25T06:55:27.103+0000] {processor.py:161} INFO - Started process (PID=1628) to work on /home/airflow/.local/lib/python3.12/site-packages/airflow/example_dags/example_sensor_decorator.py
[2026-05-25T06:55:27.106+0000] {processor.py:830} INFO - Processing file /home/airflow/.local/lib/python3.12/site-packages/airflow/example_dags/example_sensor_decorator.py for tasks to queue
[2026-05-25T06:55:27.111+0000] {logging_mixin.py:188} INFO - [2026-05-25T06:55:27.110+0000] {dagbag.py:545} INFO - Filling up the DagBag from /home/airflow/.local/lib/python3.12/site-packages/airflow/example_dags/example_sensor_decorator.py
[2026-05-25T06:55:27.126+0000] {processor.py:840} INFO - DAG(s) 'example_sensor_decorator' retrieved from /home/airflow/.local/lib/python3.12/site-packages/airflow/example_dags/example_sensor_decorator.py
[2026-05-25T06:55:27.178+0000] {logging_mixin.py:188} INFO - [2026-05-25T06:55:27.178+0000] {dag.py:3089} INFO - Sync 1 DAGs
[2026-05-25T06:55:27.214+0000] {logging_mixin.py:188} INFO - [2026-05-25T06:55:27.213+0000] {dag.py:3947} INFO - Setting next_dagrun for example_sensor_decorator to None, run_after=None
[2026-05-25T06:55:27.258+0000] {processor.py:183} INFO - Processing /home/airflow/.local/lib/python3.12/site-packages/airflow/example_dags/example_sensor_decorator.py took 0.172 seconds
[2026-05-25T06:55:57.837+0000] {processor.py:161} INFO - Started process (PID=1688) to work on /home/airflow/.local/lib/python3.12/site-packages/airflow/example_dags/example_sensor_decorator.py
[2026-05-25T06:55:57.840+0000] {processor.py:830} INFO - Processing file /home/airflow/.local/lib/python3.12/site-packages/airflow/example_dags/example_sensor_decorator.py for tasks to queue
[2026-05-25T06:55:57.846+0000] {logging_mixin.py:188} INFO - [2026-05-25T06:55:57.845+0000] {dagbag.py:545} INFO - Filling up the DagBag from /home/airflow/.local/lib/python3.12/site-packages/airflow/example_dags/example_sensor_decorator.py
[2026-05-25T06:55:57.864+0000] {processor.py:840} INFO - DAG(s) 'example_sensor_decorator' retrieved from /home/airflow/.local/lib/python3.12/site-packages/airflow/example_dags/example_sensor_decorator.py
[2026-05-25T06:55:57.933+0000] {logging_mixin.py:188} INFO - [2026-05-25T06:55:57.932+0000] {dag.py:3089} INFO - Sync 1 DAGs
[2026-05-25T06:55:57.979+0000] {logging_mixin.py:188} INFO - [2026-05-25T06:55:57.978+0000] {dag.py:3947} INFO - Setting next_dagrun for example_sensor_decorator to None, run_after=None
[2026-05-25T06:55:58.034+0000] {processor.py:183} INFO - Processing /home/airflow/.local/lib/python3.12/site-packages/airflow/example_dags/example_sensor_decorator.py took 0.213 seconds
[2026-05-25T06:56:28.291+0000] {processor.py:161} INFO - Started process (PID=1748) to work on /home/airflow/.local/lib/python3.12/site-packages/airflow/example_dags/example_sensor_decorator.py
[2026-05-25T06:56:28.294+0000] {processor.py:830} INFO - Processing file /home/airflow/.local/lib/python3.12/site-packages/airflow/example_dags/example_sensor_decorator.py for tasks to queue
[2026-05-25T06:56:28.300+0000] {logging_mixin.py:188} INFO - [2026-05-25T06:56:28.298+0000] {dagbag.py:545} INFO - Filling up the DagBag from /home/airflow/.local/lib/python3.12/site-packages/airflow/example_dags/example_sensor_decorator.py
[2026-05-25T06:56:28.317+0000] {processor.py:840} INFO - DAG(s) 'example_sensor_decorator' retrieved from /home/airflow/.local/lib/python3.12/site-packages/airflow/example_dags/example_sensor_decorator.py
[2026-05-25T06:56:28.375+0000] {logging_mixin.py:188} INFO - [2026-05-25T06:56:28.375+0000] {dag.py:3089} INFO - Sync 1 DAGs
[2026-05-25T06:56:28.453+0000] {logging_mixin.py:188} INFO - [2026-05-25T06:56:28.452+0000] {dag.py:3947} INFO - Setting next_dagrun for example_sensor_decorator to None, run_after=None
[2026-05-25T06:56:28.560+0000] {processor.py:183} INFO - Processing /home/airflow/.local/lib/python3.12/site-packages/airflow/example_dags/example_sensor_decorator.py took 0.285 seconds
[2026-05-25T06:57:01.333+0000] {processor.py:161} INFO - Started process (PID=1808) to work on /home/airflow/.local/lib/python3.12/site-packages/airflow/example_dags/example_sensor_decorator.py
[2026-05-25T06:57:01.337+0000] {processor.py:830} INFO - Processing file /home/airflow/.local/lib/python3.12/site-packages/airflow/example_dags/example_sensor_decorator.py for tasks to queue
[2026-05-25T06:57:01.342+0000] {logging_mixin.py:188} INFO - [2026-05-25T06:57:01.341+0000] {dagbag.py:545} INFO - Filling up the DagBag from /home/airflow/.local/lib/python3.12/site-packages/airflow/example_dags/example_sensor_decorator.py
[2026-05-25T06:57:01.371+0000] {processor.py:840} INFO - DAG(s) 'example_sensor_decorator' retrieved from /home/airflow/.local/lib/python3.12/site-packages/airflow/example_dags/example_sensor_decorator.py
[2026-05-25T06:57:01.430+0000] {logging_mixin.py:188} INFO - [2026-05-25T06:57:01.429+0000] {dag.py:3089} INFO - Sync 1 DAGs
[2026-05-25T06:57:01.452+0000] {logging_mixin.py:188} INFO - [2026-05-25T06:57:01.451+0000] {dag.py:3947} INFO - Setting next_dagrun for example_sensor_decorator to None, run_after=None
[2026-05-25T06:57:01.497+0000] {processor.py:183} INFO - Processing /home/airflow/.local/lib/python3.12/site-packages/airflow/example_dags/example_sensor_decorator.py took 0.183 seconds
[2026-05-25T06:57:31.604+0000] {processor.py:161} INFO - Started process (PID=1866) to work on /home/airflow/.local/lib/python3.12/site-packages/airflow/example_dags/example_sensor_decorator.py
[2026-05-25T06:57:31.606+0000] {processor.py:830} INFO - Processing file /home/airflow/.local/lib/python3.12/site-packages/airflow/example_dags/example_sensor_decorator.py for tasks to queue
[2026-05-25T06:57:31.611+0000] {logging_mixin.py:188} INFO - [2026-05-25T06:57:31.611+0000] {dagbag.py:545} INFO - Filling up the DagBag from /home/airflow/.local/lib/python3.12/site-packages/airflow/example_dags/example_sensor_decorator.py
[2026-05-25T06:57:31.625+0000] {processor.py:840} INFO - DAG(s) 'example_sensor_decorator' retrieved from /home/airflow/.local/lib/python3.12/site-packages/airflow/example_dags/example_sensor_decorator.py
[2026-05-25T06:57:31.686+0000] {logging_mixin.py:188} INFO - [2026-05-25T06:57:31.685+0000] {dag.py:3089} INFO - Sync 1 DAGs
[2026-05-25T06:57:31.721+0000] {logging_mixin.py:188} INFO - [2026-05-25T06:57:31.720+0000] {dag.py:3947} INFO - Setting next_dagrun for example_sensor_decorator to None, run_after=None
[2026-05-25T06:57:31.775+0000] {processor.py:183} INFO - Processing /home/airflow/.local/lib/python3.12/site-packages/airflow/example_dags/example_sensor_decorator.py took 0.184 seconds
[2026-05-25T06:58:02.532+0000] {processor.py:161} INFO - Started process (PID=1926) to work on /home/airflow/.local/lib/python3.12/site-packages/airflow/example_dags/example_sensor_decorator.py
[2026-05-25T06:58:02.534+0000] {processor.py:830} INFO - Processing file /home/airflow/.local/lib/python3.12/site-packages/airflow/example_dags/example_sensor_decorator.py for tasks to queue
[2026-05-25T06:58:02.539+0000] {logging_mixin.py:188} INFO - [2026-05-25T06:58:02.538+0000] {dagbag.py:545} INFO - Filling up the DagBag from /home/airflow/.local/lib/python3.12/site-packages/airflow/example_dags/example_sensor_decorator.py
[2026-05-25T06:58:02.552+0000] {processor.py:840} INFO - DAG(s) 'example_sensor_decorator' retrieved from /home/airflow/.local/lib/python3.12/site-packages/airflow/example_dags/example_sensor_decorator.py
[2026-05-25T06:58:02.595+0000] {logging_mixin.py:188} INFO - [2026-05-25T06:58:02.595+0000] {dag.py:3089} INFO - Sync 1 DAGs
[2026-05-25T06:58:02.623+0000] {logging_mixin.py:188} INFO - [2026-05-25T06:58:02.623+0000] {dag.py:3947} INFO - Setting next_dagrun for example_sensor_decorator to None, run_after=None
[2026-05-25T06:58:02.669+0000] {processor.py:183} INFO - Processing /home/airflow/.local/lib/python3.12/site-packages/airflow/example_dags/example_sensor_decorator.py took 0.148 seconds
[2026-05-25T06:58:34.201+0000] {processor.py:161} INFO - Started process (PID=1986) to work on /home/airflow/.local/lib/python3.12/site-packages/airflow/example_dags/example_sensor_decorator.py
[2026-05-25T06:58:34.204+0000] {processor.py:830} INFO - Processing file /home/airflow/.local/lib/python3.12/site-packages/airflow/example_dags/example_sensor_decorator.py for tasks to queue
[2026-05-25T06:58:34.209+0000] {logging_mixin.py:188} INFO - [2026-05-25T06:58:34.208+0000] {dagbag.py:545} INFO - Filling up the DagBag from /home/airflow/.local/lib/python3.12/site-packages/airflow/example_dags/example_sensor_decorator.py
[2026-05-25T06:58:34.226+0000] {processor.py:840} INFO - DAG(s) 'example_sensor_decorator' retrieved from /home/airflow/.local/lib/python3.12/site-packages/airflow/example_dags/example_sensor_decorator.py
[2026-05-25T06:58:34.280+0000] {logging_mixin.py:188} INFO - [2026-05-25T06:58:34.279+0000] {dag.py:3089} INFO - Sync 1 DAGs
[2026-05-25T06:58:34.324+0000] {logging_mixin.py:188} INFO - [2026-05-25T06:58:34.324+0000] {dag.py:3947} INFO - Setting next_dagrun for example_sensor_decorator to None, run_after=None
[2026-05-25T06:58:34.384+0000] {processor.py:183} INFO - Processing /home/airflow/.local/lib/python3.12/site-packages/airflow/example_dags/example_sensor_decorator.py took 0.200 seconds
[2026-05-25T06:59:04.540+0000] {processor.py:161} INFO - Started process (PID=2044) to work on /home/airflow/.local/lib/python3.12/site-packages/airflow/example_dags/example_sensor_decorator.py
[2026-05-25T06:59:04.544+0000] {processor.py:830} INFO - Processing file /home/airflow/.local/lib/python3.12/site-packages/airflow/example_dags/example_sensor_decorator.py for tasks to queue
[2026-05-25T06:59:04.550+0000] {logging_mixin.py:188} INFO - [2026-05-25T06:59:04.549+0000] {dagbag.py:545} INFO - Filling up the DagBag from /home/airflow/.local/lib/python3.12/site-packages/airflow/example_dags/example_sensor_decorator.py
[2026-05-25T06:59:04.569+0000] {processor.py:840} INFO - DAG(s) 'example_sensor_decorator' retrieved from /home/airflow/.local/lib/python3.12/site-packages/airflow/example_dags/example_sensor_decorator.py
[2026-05-25T06:59:04.691+0000] {logging_mixin.py:188} INFO - [2026-05-25T06:59:04.690+0000] {dag.py:3089} INFO - Sync 1 DAGs
[2026-05-25T06:59:04.732+0000] {logging_mixin.py:188} INFO - [2026-05-25T06:59:04.731+0000] {dag.py:3947} INFO - Setting next_dagrun for example_sensor_decorator to None, run_after=None
[2026-05-25T06:59:04.814+0000] {processor.py:183} INFO - Processing /home/airflow/.local/lib/python3.12/site-packages/airflow/example_dags/example_sensor_decorator.py took 0.291 seconds
[2026-05-25T06:59:35.136+0000] {processor.py:161} INFO - Started process (PID=2102) to work on /home/airflow/.local/lib/python3.12/site-packages/airflow/example_dags/example_sensor_decorator.py
[2026-05-25T06:59:35.138+0000] {processor.py:830} INFO - Processing file /home/airflow/.local/lib/python3.12/site-packages/airflow/example_dags/example_sensor_decorator.py for tasks to queue
[2026-05-25T06:59:35.142+0000] {logging_mixin.py:188} INFO - [2026-05-25T06:59:35.142+0000] {dagbag.py:545} INFO - Filling up the DagBag from /home/airflow/.local/lib/python3.12/site-packages/airflow/example_dags/example_sensor_decorator.py
[2026-05-25T06:59:35.157+0000] {processor.py:840} INFO - DAG(s) 'example_sensor_decorator' retrieved from /home/airflow/.local/lib/python3.12/site-packages/airflow/example_dags/example_sensor_decorator.py
[2026-05-25T06:59:35.204+0000] {logging_mixin.py:188} INFO - [2026-05-25T06:59:35.204+0000] {dag.py:3089} INFO - Sync 1 DAGs
[2026-05-25T06:59:35.233+0000] {logging_mixin.py:188} INFO - [2026-05-25T06:59:35.233+0000] {dag.py:3947} INFO - Setting next_dagrun for example_sensor_decorator to None, run_after=None
[2026-05-25T06:59:35.288+0000] {processor.py:183} INFO - Processing /home/airflow/.local/lib/python3.12/site-packages/airflow/example_dags/example_sensor_decorator.py took 0.165 seconds
[2026-05-25T07:00:05.822+0000] {processor.py:161} INFO - Started process (PID=2159) to work on /home/airflow/.local/lib/python3.12/site-packages/airflow/example_dags/example_sensor_decorator.py
[2026-05-25T07:00:05.825+0000] {processor.py:830} INFO - Processing file /home/airflow/.local/lib/python3.12/site-packages/airflow/example_dags/example_sensor_decorator.py for tasks to queue
[2026-05-25T07:00:05.830+0000] {logging_mixin.py:188} INFO - [2026-05-25T07:00:05.829+0000] {dagbag.py:545} INFO - Filling up the DagBag from /home/airflow/.local/lib/python3.12/site-packages/airflow/example_dags/example_sensor_decorator.py
[2026-05-25T07:00:05.844+0000] {processor.py:840} INFO - DAG(s) 'example_sensor_decorator' retrieved from /home/airflow/.local/lib/python3.12/site-packages/airflow/example_dags/example_sensor_decorator.py
[2026-05-25T07:00:05.918+0000] {logging_mixin.py:188} INFO - [2026-05-25T07:00:05.917+0000] {dag.py:3089} INFO - Sync 1 DAGs
[2026-05-25T07:00:06.002+0000] {logging_mixin.py:188} INFO - [2026-05-25T07:00:06.001+0000] {dag.py:3947} INFO - Setting next_dagrun for example_sensor_decorator to None, run_after=None
[2026-05-25T07:00:06.069+0000] {processor.py:183} INFO - Processing /home/airflow/.local/lib/python3.12/site-packages/airflow/example_dags/example_sensor_decorator.py took 0.267 seconds
[2026-05-25T07:00:36.729+0000] {processor.py:161} INFO - Started process (PID=2218) to work on /home/airflow/.local/lib/python3.12/site-packages/airflow/example_dags/example_sensor_decorator.py
[2026-05-25T07:00:36.732+0000] {processor.py:830} INFO - Processing file /home/airflow/.local/lib/python3.12/site-packages/airflow/example_dags/example_sensor_decorator.py for tasks to queue
[2026-05-25T07:00:36.738+0000] {logging_mixin.py:188} INFO - [2026-05-25T07:00:36.737+0000] {dagbag.py:545} INFO - Filling up the DagBag from /home/airflow/.local/lib/python3.12/site-packages/airflow/example_dags/example_sensor_decorator.py
[2026-05-25T07:00:36.757+0000] {processor.py:840} INFO - DAG(s) 'example_sensor_decorator' retrieved from /home/airflow/.local/lib/python3.12/site-packages/airflow/example_dags/example_sensor_decorator.py
[2026-05-25T07:00:36.841+0000] {logging_mixin.py:188} INFO - [2026-05-25T07:00:36.839+0000] {dag.py:3089} INFO - Sync 1 DAGs
[2026-05-25T07:00:36.908+0000] {logging_mixin.py:188} INFO - [2026-05-25T07:00:36.907+0000] {dag.py:3947} INFO - Setting next_dagrun for example_sensor_decorator to None, run_after=None
[2026-05-25T07:00:36.974+0000] {processor.py:183} INFO - Processing /home/airflow/.local/lib/python3.12/site-packages/airflow/example_dags/example_sensor_decorator.py took 0.261 seconds
[2026-05-25T07:04:57.448+0000] {processor.py:161} INFO - Started process (PID=88) to work on /home/airflow/.local/lib/python3.12/site-packages/airflow/example_dags/example_sensor_decorator.py
[2026-05-25T07:04:57.451+0000] {processor.py:830} INFO - Processing file /home/airflow/.local/lib/python3.12/site-packages/airflow/example_dags/example_sensor_decorator.py for tasks to queue
[2026-05-25T07:04:57.457+0000] {logging_mixin.py:188} INFO - [2026-05-25T07:04:57.456+0000] {dagbag.py:545} INFO - Filling up the DagBag from /home/airflow/.local/lib/python3.12/site-packages/airflow/example_dags/example_sensor_decorator.py
[2026-05-25T07:04:57.485+0000] {processor.py:840} INFO - DAG(s) 'example_sensor_decorator' retrieved from /home/airflow/.local/lib/python3.12/site-packages/airflow/example_dags/example_sensor_decorator.py
[2026-05-25T07:04:57.898+0000] {logging_mixin.py:188} INFO - [2026-05-25T07:04:57.896+0000] {override.py:1858} INFO - Created Permission View: can read on DAG:example_sensor_decorator
[2026-05-25T07:04:57.943+0000] {logging_mixin.py:188} INFO - [2026-05-25T07:04:57.942+0000] {override.py:1858} INFO - Created Permission View: can delete on DAG:example_sensor_decorator
[2026-05-25T07:04:57.991+0000] {logging_mixin.py:188} INFO - [2026-05-25T07:04:57.991+0000] {override.py:1858} INFO - Created Permission View: can edit on DAG:example_sensor_decorator
[2026-05-25T07:04:57.994+0000] {logging_mixin.py:188} INFO - [2026-05-25T07:04:57.993+0000] {dag.py:3089} INFO - Sync 1 DAGs
[2026-05-25T07:04:58.071+0000] {logging_mixin.py:188} INFO - [2026-05-25T07:04:58.070+0000] {dag.py:3111} INFO - Creating ORM DAG for example_sensor_decorator
[2026-05-25T07:04:58.092+0000] {logging_mixin.py:188} INFO - [2026-05-25T07:04:58.080+0000] {dag.py:3947} INFO - Setting next_dagrun for example_sensor_decorator to None, run_after=None
[2026-05-25T07:04:58.151+0000] {processor.py:183} INFO - Processing /home/airflow/.local/lib/python3.12/site-packages/airflow/example_dags/example_sensor_decorator.py took 0.723 seconds
[2026-05-25T07:05:46.133+0000] {processor.py:161} INFO - Started process (PID=154) to work on /home/airflow/.local/lib/python3.12/site-packages/airflow/example_dags/example_sensor_decorator.py
[2026-05-25T07:05:46.137+0000] {processor.py:830} INFO - Processing file /home/airflow/.local/lib/python3.12/site-packages/airflow/example_dags/example_sensor_decorator.py for tasks to queue
[2026-05-25T07:05:46.142+0000] {logging_mixin.py:188} INFO - [2026-05-25T07:05:46.141+0000] {dagbag.py:545} INFO - Filling up the DagBag from /home/airflow/.local/lib/python3.12/site-packages/airflow/example_dags/example_sensor_decorator.py
[2026-05-25T07:05:46.158+0000] {processor.py:840} INFO - DAG(s) 'example_sensor_decorator' retrieved from /home/airflow/.local/lib/python3.12/site-packages/airflow/example_dags/example_sensor_decorator.py
[2026-05-25T07:05:46.234+0000] {logging_mixin.py:188} INFO - [2026-05-25T07:05:46.233+0000] {dag.py:3089} INFO - Sync 1 DAGs
[2026-05-25T07:05:46.311+0000] {logging_mixin.py:188} INFO - [2026-05-25T07:05:46.310+0000] {dag.py:3947} INFO - Setting next_dagrun for example_sensor_decorator to None, run_after=None
[2026-05-25T07:05:46.373+0000] {processor.py:183} INFO - Processing /home/airflow/.local/lib/python3.12/site-packages/airflow/example_dags/example_sensor_decorator.py took 0.254 seconds
[2026-05-25T07:06:19.598+0000] {processor.py:161} INFO - Started process (PID=214) to work on /home/airflow/.local/lib/python3.12/site-packages/airflow/example_dags/example_sensor_decorator.py
[2026-05-25T07:06:19.603+0000] {processor.py:830} INFO - Processing file /home/airflow/.local/lib/python3.12/site-packages/airflow/example_dags/example_sensor_decorator.py for tasks to queue
[2026-05-25T07:06:19.620+0000] {logging_mixin.py:188} INFO - [2026-05-25T07:06:19.618+0000] {dagbag.py:545} INFO - Filling up the DagBag from /home/airflow/.local/lib/python3.12/site-packages/airflow/example_dags/example_sensor_decorator.py
[2026-05-25T07:06:19.685+0000] {processor.py:840} INFO - DAG(s) 'example_sensor_decorator' retrieved from /home/airflow/.local/lib/python3.12/site-packages/airflow/example_dags/example_sensor_decorator.py
[2026-05-25T07:06:19.824+0000] {logging_mixin.py:188} INFO - [2026-05-25T07:06:19.823+0000] {dag.py:3089} INFO - Sync 1 DAGs
[2026-05-25T07:06:19.910+0000] {logging_mixin.py:188} INFO - [2026-05-25T07:06:19.909+0000] {dag.py:3947} INFO - Setting next_dagrun for example_sensor_decorator to None, run_after=None
[2026-05-25T07:06:20.007+0000] {processor.py:183} INFO - Processing /home/airflow/.local/lib/python3.12/site-packages/airflow/example_dags/example_sensor_decorator.py took 0.467 seconds
[2026-05-25T07:06:51.589+0000] {processor.py:161} INFO - Started process (PID=274) to work on /home/airflow/.local/lib/python3.12/site-packages/airflow/example_dags/example_sensor_decorator.py
[2026-05-25T07:06:51.598+0000] {processor.py:830} INFO - Processing file /home/airflow/.local/lib/python3.12/site-packages/airflow/example_dags/example_sensor_decorator.py for tasks to queue
[2026-05-25T07:06:51.607+0000] {logging_mixin.py:188} INFO - [2026-05-25T07:06:51.605+0000] {dagbag.py:545} INFO - Filling up the DagBag from /home/airflow/.local/lib/python3.12/site-packages/airflow/example_dags/example_sensor_decorator.py
[2026-05-25T07:06:51.641+0000] {processor.py:840} INFO - DAG(s) 'example_sensor_decorator' retrieved from /home/airflow/.local/lib/python3.12/site-packages/airflow/example_dags/example_sensor_decorator.py
[2026-05-25T07:06:51.721+0000] {logging_mixin.py:188} INFO - [2026-05-25T07:06:51.721+0000] {dag.py:3089} INFO - Sync 1 DAGs
[2026-05-25T07:06:51.805+0000] {logging_mixin.py:188} INFO - [2026-05-25T07:06:51.803+0000] {dag.py:3947} INFO - Setting next_dagrun for example_sensor_decorator to None, run_after=None
[2026-05-25T07:06:51.927+0000] {processor.py:183} INFO - Processing /home/airflow/.local/lib/python3.12/site-packages/airflow/example_dags/example_sensor_decorator.py took 0.366 seconds
[2026-05-25T07:07:23.122+0000] {processor.py:161} INFO - Started process (PID=332) to work on /home/airflow/.local/lib/python3.12/site-packages/airflow/example_dags/example_sensor_decorator.py
[2026-05-25T07:07:23.125+0000] {processor.py:830} INFO - Processing file /home/airflow/.local/lib/python3.12/site-packages/airflow/example_dags/example_sensor_decorator.py for tasks to queue
[2026-05-25T07:07:23.131+0000] {logging_mixin.py:188} INFO - [2026-05-25T07:07:23.130+0000] {dagbag.py:545} INFO - Filling up the DagBag from /home/airflow/.local/lib/python3.12/site-packages/airflow/example_dags/example_sensor_decorator.py
[2026-05-25T07:07:23.149+0000] {processor.py:840} INFO - DAG(s) 'example_sensor_decorator' retrieved from /home/airflow/.local/lib/python3.12/site-packages/airflow/example_dags/example_sensor_decorator.py
[2026-05-25T07:07:23.208+0000] {logging_mixin.py:188} INFO - [2026-05-25T07:07:23.208+0000] {dag.py:3089} INFO - Sync 1 DAGs
[2026-05-25T07:07:23.245+0000] {logging_mixin.py:188} INFO - [2026-05-25T07:07:23.244+0000] {dag.py:3947} INFO - Setting next_dagrun for example_sensor_decorator to None, run_after=None
[2026-05-25T07:07:23.292+0000] {processor.py:183} INFO - Processing /home/airflow/.local/lib/python3.12/site-packages/airflow/example_dags/example_sensor_decorator.py took 0.191 seconds
[2026-05-25T07:07:53.917+0000] {processor.py:161} INFO - Started process (PID=391) to work on /home/airflow/.local/lib/python3.12/site-packages/airflow/example_dags/example_sensor_decorator.py
[2026-05-25T07:07:53.920+0000] {processor.py:830} INFO - Processing file /home/airflow/.local/lib/python3.12/site-packages/airflow/example_dags/example_sensor_decorator.py for tasks to queue
[2026-05-25T07:07:53.926+0000] {logging_mixin.py:188} INFO - [2026-05-25T07:07:53.925+0000] {dagbag.py:545} INFO - Filling up the DagBag from /home/airflow/.local/lib/python3.12/site-packages/airflow/example_dags/example_sensor_decorator.py
[2026-05-25T07:07:53.944+0000] {processor.py:840} INFO - DAG(s) 'example_sensor_decorator' retrieved from /home/airflow/.local/lib/python3.12/site-packages/airflow/example_dags/example_sensor_decorator.py
[2026-05-25T07:07:54.007+0000] {logging_mixin.py:188} INFO - [2026-05-25T07:07:54.006+0000] {dag.py:3089} INFO - Sync 1 DAGs
[2026-05-25T07:07:54.058+0000] {logging_mixin.py:188} INFO - [2026-05-25T07:07:54.057+0000] {dag.py:3947} INFO - Setting next_dagrun for example_sensor_decorator to None, run_after=None
[2026-05-25T07:07:54.122+0000] {processor.py:183} INFO - Processing /home/airflow/.local/lib/python3.12/site-packages/airflow/example_dags/example_sensor_decorator.py took 0.218 seconds
[2026-05-25T07:08:24.412+0000] {processor.py:161} INFO - Started process (PID=450) to work on /home/airflow/.local/lib/python3.12/site-packages/airflow/example_dags/example_sensor_decorator.py
[2026-05-25T07:08:24.415+0000] {processor.py:830} INFO - Processing file /home/airflow/.local/lib/python3.12/site-packages/airflow/example_dags/example_sensor_decorator.py for tasks to queue
[2026-05-25T07:08:24.420+0000] {logging_mixin.py:188} INFO - [2026-05-25T07:08:24.419+0000] {dagbag.py:545} INFO - Filling up the DagBag from /home/airflow/.local/lib/python3.12/site-packages/airflow/example_dags/example_sensor_decorator.py
[2026-05-25T07:08:24.435+0000] {processor.py:840} INFO - DAG(s) 'example_sensor_decorator' retrieved from /home/airflow/.local/lib/python3.12/site-packages/airflow/example_dags/example_sensor_decorator.py
[2026-05-25T07:08:24.486+0000] {logging_mixin.py:188} INFO - [2026-05-25T07:08:24.486+0000] {dag.py:3089} INFO - Sync 1 DAGs
[2026-05-25T07:08:24.517+0000] {logging_mixin.py:188} INFO - [2026-05-25T07:08:24.516+0000] {dag.py:3947} INFO - Setting next_dagrun for example_sensor_decorator to None, run_after=None
[2026-05-25T07:08:24.564+0000] {processor.py:183} INFO - Processing /home/airflow/.local/lib/python3.12/site-packages/airflow/example_dags/example_sensor_decorator.py took 0.168 seconds
[2026-05-25T07:08:55.311+0000] {processor.py:161} INFO - Started process (PID=510) to work on /home/airflow/.local/lib/python3.12/site-packages/airflow/example_dags/example_sensor_decorator.py
[2026-05-25T07:08:55.315+0000] {processor.py:830} INFO - Processing file /home/airflow/.local/lib/python3.12/site-packages/airflow/example_dags/example_sensor_decorator.py for tasks to queue
[2026-05-25T07:08:55.320+0000] {logging_mixin.py:188} INFO - [2026-05-25T07:08:55.319+0000] {dagbag.py:545} INFO - Filling up the DagBag from /home/airflow/.local/lib/python3.12/site-packages/airflow/example_dags/example_sensor_decorator.py
[2026-05-25T07:08:55.339+0000] {processor.py:840} INFO - DAG(s) 'example_sensor_decorator' retrieved from /home/airflow/.local/lib/python3.12/site-packages/airflow/example_dags/example_sensor_decorator.py
[2026-05-25T07:08:55.422+0000] {logging_mixin.py:188} INFO - [2026-05-25T07:08:55.421+0000] {dag.py:3089} INFO - Sync 1 DAGs
[2026-05-25T07:08:55.466+0000] {logging_mixin.py:188} INFO - [2026-05-25T07:08:55.465+0000] {dag.py:3947} INFO - Setting next_dagrun for example_sensor_decorator to None, run_after=None
[2026-05-25T07:08:55.524+0000] {processor.py:183} INFO - Processing /home/airflow/.local/lib/python3.12/site-packages/airflow/example_dags/example_sensor_decorator.py took 0.236 seconds
[2026-05-25T07:09:26.370+0000] {processor.py:161} INFO - Started process (PID=570) to work on /home/airflow/.local/lib/python3.12/site-packages/airflow/example_dags/example_sensor_decorator.py
[2026-05-25T07:09:26.372+0000] {processor.py:830} INFO - Processing file /home/airflow/.local/lib/python3.12/site-packages/airflow/example_dags/example_sensor_decorator.py for tasks to queue
[2026-05-25T07:09:26.377+0000] {logging_mixin.py:188} INFO - [2026-05-25T07:09:26.377+0000] {dagbag.py:545} INFO - Filling up the DagBag from /home/airflow/.local/lib/python3.12/site-packages/airflow/example_dags/example_sensor_decorator.py
[2026-05-25T07:09:26.393+0000] {processor.py:840} INFO - DAG(s) 'example_sensor_decorator' retrieved from /home/airflow/.local/lib/python3.12/site-packages/airflow/example_dags/example_sensor_decorator.py
[2026-05-25T07:09:26.448+0000] {logging_mixin.py:188} INFO - [2026-05-25T07:09:26.447+0000] {dag.py:3089} INFO - Sync 1 DAGs
[2026-05-25T07:09:26.484+0000] {logging_mixin.py:188} INFO - [2026-05-25T07:09:26.483+0000] {dag.py:3947} INFO - Setting next_dagrun for example_sensor_decorator to None, run_after=None
[2026-05-25T07:09:26.532+0000] {processor.py:183} INFO - Processing /home/airflow/.local/lib/python3.12/site-packages/airflow/example_dags/example_sensor_decorator.py took 0.179 seconds
[2026-05-25T07:09:57.381+0000] {processor.py:161} INFO - Started process (PID=630) to work on /home/airflow/.local/lib/python3.12/site-packages/airflow/example_dags/example_sensor_decorator.py
[2026-05-25T07:09:57.385+0000] {processor.py:830} INFO - Processing file /home/airflow/.local/lib/python3.12/site-packages/airflow/example_dags/example_sensor_decorator.py for tasks to queue
[2026-05-25T07:09:57.393+0000] {logging_mixin.py:188} INFO - [2026-05-25T07:09:57.391+0000] {dagbag.py:545} INFO - Filling up the DagBag from /home/airflow/.local/lib/python3.12/site-packages/airflow/example_dags/example_sensor_decorator.py
[2026-05-25T07:09:57.419+0000] {processor.py:840} INFO - DAG(s) 'example_sensor_decorator' retrieved from /home/airflow/.local/lib/python3.12/site-packages/airflow/example_dags/example_sensor_decorator.py
[2026-05-25T07:09:57.494+0000] {logging_mixin.py:188} INFO - [2026-05-25T07:09:57.493+0000] {dag.py:3089} INFO - Sync 1 DAGs
[2026-05-25T07:09:57.535+0000] {logging_mixin.py:188} INFO - [2026-05-25T07:09:57.534+0000] {dag.py:3947} INFO - Setting next_dagrun for example_sensor_decorator to None, run_after=None
[2026-05-25T07:09:57.587+0000] {processor.py:183} INFO - Processing /home/airflow/.local/lib/python3.12/site-packages/airflow/example_dags/example_sensor_decorator.py took 0.227 seconds
[2026-05-25T07:10:27.776+0000] {processor.py:161} INFO - Started process (PID=690) to work on /home/airflow/.local/lib/python3.12/site-packages/airflow/example_dags/example_sensor_decorator.py
[2026-05-25T07:10:27.779+0000] {processor.py:830} INFO - Processing file /home/airflow/.local/lib/python3.12/site-packages/airflow/example_dags/example_sensor_decorator.py for tasks to queue
[2026-05-25T07:10:27.784+0000] {logging_mixin.py:188} INFO - [2026-05-25T07:10:27.783+0000] {dagbag.py:545} INFO - Filling up the DagBag from /home/airflow/.local/lib/python3.12/site-packages/airflow/example_dags/example_sensor_decorator.py
[2026-05-25T07:10:27.799+0000] {processor.py:840} INFO - DAG(s) 'example_sensor_decorator' retrieved from /home/airflow/.local/lib/python3.12/site-packages/airflow/example_dags/example_sensor_decorator.py
[2026-05-25T07:10:27.846+0000] {logging_mixin.py:188} INFO - [2026-05-25T07:10:27.845+0000] {dag.py:3089} INFO - Sync 1 DAGs
[2026-05-25T07:10:27.879+0000] {logging_mixin.py:188} INFO - [2026-05-25T07:10:27.879+0000] {dag.py:3947} INFO - Setting next_dagrun for example_sensor_decorator to None, run_after=None
[2026-05-25T07:10:27.928+0000] {processor.py:183} INFO - Processing /home/airflow/.local/lib/python3.12/site-packages/airflow/example_dags/example_sensor_decorator.py took 0.165 seconds
[2026-05-25T07:10:58.059+0000] {processor.py:161} INFO - Started process (PID=750) to work on /home/airflow/.local/lib/python3.12/site-packages/airflow/example_dags/example_sensor_decorator.py
[2026-05-25T07:10:58.061+0000] {processor.py:830} INFO - Processing file /home/airflow/.local/lib/python3.12/site-packages/airflow/example_dags/example_sensor_decorator.py for tasks to queue
[2026-05-25T07:10:58.064+0000] {logging_mixin.py:188} INFO - [2026-05-25T07:10:58.064+0000] {dagbag.py:545} INFO - Filling up the DagBag from /home/airflow/.local/lib/python3.12/site-packages/airflow/example_dags/example_sensor_decorator.py
[2026-05-25T07:10:58.073+0000] {processor.py:840} INFO - DAG(s) 'example_sensor_decorator' retrieved from /home/airflow/.local/lib/python3.12/site-packages/airflow/example_dags/example_sensor_decorator.py
[2026-05-25T07:10:58.107+0000] {logging_mixin.py:188} INFO - [2026-05-25T07:10:58.107+0000] {dag.py:3089} INFO - Sync 1 DAGs
[2026-05-25T07:10:58.126+0000] {logging_mixin.py:188} INFO - [2026-05-25T07:10:58.126+0000] {dag.py:3947} INFO - Setting next_dagrun for example_sensor_decorator to None, run_after=None
[2026-05-25T07:10:58.158+0000] {processor.py:183} INFO - Processing /home/airflow/.local/lib/python3.12/site-packages/airflow/example_dags/example_sensor_decorator.py took 0.107 seconds
[2026-05-25T07:11:28.973+0000] {processor.py:161} INFO - Started process (PID=810) to work on /home/airflow/.local/lib/python3.12/site-packages/airflow/example_dags/example_sensor_decorator.py
[2026-05-25T07:11:28.984+0000] {processor.py:830} INFO - Processing file /home/airflow/.local/lib/python3.12/site-packages/airflow/example_dags/example_sensor_decorator.py for tasks to queue
[2026-05-25T07:11:28.994+0000] {logging_mixin.py:188} INFO - [2026-05-25T07:11:28.992+0000] {dagbag.py:545} INFO - Filling up the DagBag from /home/airflow/.local/lib/python3.12/site-packages/airflow/example_dags/example_sensor_decorator.py
[2026-05-25T07:11:29.032+0000] {processor.py:840} INFO - DAG(s) 'example_sensor_decorator' retrieved from /home/airflow/.local/lib/python3.12/site-packages/airflow/example_dags/example_sensor_decorator.py
[2026-05-25T07:11:29.139+0000] {logging_mixin.py:188} INFO - [2026-05-25T07:11:29.139+0000] {dag.py:3089} INFO - Sync 1 DAGs
[2026-05-25T07:11:29.201+0000] {logging_mixin.py:188} INFO - [2026-05-25T07:11:29.200+0000] {dag.py:3947} INFO - Setting next_dagrun for example_sensor_decorator to None, run_after=None
[2026-05-25T07:11:29.286+0000] {processor.py:183} INFO - Processing /home/airflow/.local/lib/python3.12/site-packages/airflow/example_dags/example_sensor_decorator.py took 0.338 seconds
[2026-05-25T07:11:59.550+0000] {processor.py:161} INFO - Started process (PID=870) to work on /home/airflow/.local/lib/python3.12/site-packages/airflow/example_dags/example_sensor_decorator.py
[2026-05-25T07:11:59.555+0000] {processor.py:830} INFO - Processing file /home/airflow/.local/lib/python3.12/site-packages/airflow/example_dags/example_sensor_decorator.py for tasks to queue
[2026-05-25T07:11:59.560+0000] {logging_mixin.py:188} INFO - [2026-05-25T07:11:59.559+0000] {dagbag.py:545} INFO - Filling up the DagBag from /home/airflow/.local/lib/python3.12/site-packages/airflow/example_dags/example_sensor_decorator.py
[2026-05-25T07:11:59.576+0000] {processor.py:840} INFO - DAG(s) 'example_sensor_decorator' retrieved from /home/airflow/.local/lib/python3.12/site-packages/airflow/example_dags/example_sensor_decorator.py
[2026-05-25T07:11:59.632+0000] {logging_mixin.py:188} INFO - [2026-05-25T07:11:59.632+0000] {dag.py:3089} INFO - Sync 1 DAGs
[2026-05-25T07:11:59.665+0000] {logging_mixin.py:188} INFO - [2026-05-25T07:11:59.665+0000] {dag.py:3947} INFO - Setting next_dagrun for example_sensor_decorator to None, run_after=None
[2026-05-25T07:11:59.724+0000] {processor.py:183} INFO - Processing /home/airflow/.local/lib/python3.12/site-packages/airflow/example_dags/example_sensor_decorator.py took 0.182 seconds
[2026-05-25T07:12:30.014+0000] {processor.py:161} INFO - Started process (PID=929) to work on /home/airflow/.local/lib/python3.12/site-packages/airflow/example_dags/example_sensor_decorator.py
[2026-05-25T07:12:30.022+0000] {processor.py:830} INFO - Processing file /home/airflow/.local/lib/python3.12/site-packages/airflow/example_dags/example_sensor_decorator.py for tasks to queue
[2026-05-25T07:12:30.034+0000] {logging_mixin.py:188} INFO - [2026-05-25T07:12:30.033+0000] {dagbag.py:545} INFO - Filling up the DagBag from /home/airflow/.local/lib/python3.12/site-packages/airflow/example_dags/example_sensor_decorator.py
[2026-05-25T07:12:30.061+0000] {processor.py:840} INFO - DAG(s) 'example_sensor_decorator' retrieved from /home/airflow/.local/lib/python3.12/site-packages/airflow/example_dags/example_sensor_decorator.py
[2026-05-25T07:12:30.152+0000] {logging_mixin.py:188} INFO - [2026-05-25T07:12:30.152+0000] {dag.py:3089} INFO - Sync 1 DAGs
[2026-05-25T07:12:30.196+0000] {logging_mixin.py:188} INFO - [2026-05-25T07:12:30.195+0000] {dag.py:3947} INFO - Setting next_dagrun for example_sensor_decorator to None, run_after=None
[2026-05-25T07:12:30.279+0000] {processor.py:183} INFO - Processing /home/airflow/.local/lib/python3.12/site-packages/airflow/example_dags/example_sensor_decorator.py took 0.303 seconds
[2026-05-25T07:13:01.145+0000] {processor.py:161} INFO - Started process (PID=989) to work on /home/airflow/.local/lib/python3.12/site-packages/airflow/example_dags/example_sensor_decorator.py
[2026-05-25T07:13:01.147+0000] {processor.py:830} INFO - Processing file /home/airflow/.local/lib/python3.12/site-packages/airflow/example_dags/example_sensor_decorator.py for tasks to queue
[2026-05-25T07:13:01.152+0000] {logging_mixin.py:188} INFO - [2026-05-25T07:13:01.151+0000] {dagbag.py:545} INFO - Filling up the DagBag from /home/airflow/.local/lib/python3.12/site-packages/airflow/example_dags/example_sensor_decorator.py
[2026-05-25T07:13:01.165+0000] {processor.py:840} INFO - DAG(s) 'example_sensor_decorator' retrieved from /home/airflow/.local/lib/python3.12/site-packages/airflow/example_dags/example_sensor_decorator.py
[2026-05-25T07:13:01.210+0000] {logging_mixin.py:188} INFO - [2026-05-25T07:13:01.209+0000] {dag.py:3089} INFO - Sync 1 DAGs
[2026-05-25T07:13:01.234+0000] {logging_mixin.py:188} INFO - [2026-05-25T07:13:01.233+0000] {dag.py:3947} INFO - Setting next_dagrun for example_sensor_decorator to None, run_after=None
[2026-05-25T07:13:01.287+0000] {processor.py:183} INFO - Processing /home/airflow/.local/lib/python3.12/site-packages/airflow/example_dags/example_sensor_decorator.py took 0.158 seconds
[2026-05-25T07:13:31.699+0000] {processor.py:161} INFO - Started process (PID=1049) to work on /home/airflow/.local/lib/python3.12/site-packages/airflow/example_dags/example_sensor_decorator.py
[2026-05-25T07:13:31.704+0000] {processor.py:830} INFO - Processing file /home/airflow/.local/lib/python3.12/site-packages/airflow/example_dags/example_sensor_decorator.py for tasks to queue
[2026-05-25T07:13:31.712+0000] {logging_mixin.py:188} INFO - [2026-05-25T07:13:31.711+0000] {dagbag.py:545} INFO - Filling up the DagBag from /home/airflow/.local/lib/python3.12/site-packages/airflow/example_dags/example_sensor_decorator.py
[2026-05-25T07:13:31.735+0000] {processor.py:840} INFO - DAG(s) 'example_sensor_decorator' retrieved from /home/airflow/.local/lib/python3.12/site-packages/airflow/example_dags/example_sensor_decorator.py
[2026-05-25T07:13:31.802+0000] {logging_mixin.py:188} INFO - [2026-05-25T07:13:31.801+0000] {dag.py:3089} INFO - Sync 1 DAGs
[2026-05-25T07:13:31.824+0000] {logging_mixin.py:188} INFO - [2026-05-25T07:13:31.824+0000] {dag.py:3947} INFO - Setting next_dagrun for example_sensor_decorator to None, run_after=None
[2026-05-25T07:13:31.867+0000] {processor.py:183} INFO - Processing /home/airflow/.local/lib/python3.12/site-packages/airflow/example_dags/example_sensor_decorator.py took 0.192 seconds
[2026-05-25T07:14:02.279+0000] {processor.py:161} INFO - Started process (PID=1109) to work on /home/airflow/.local/lib/python3.12/site-packages/airflow/example_dags/example_sensor_decorator.py
[2026-05-25T07:14:02.283+0000] {processor.py:830} INFO - Processing file /home/airflow/.local/lib/python3.12/site-packages/airflow/example_dags/example_sensor_decorator.py for tasks to queue
[2026-05-25T07:14:02.287+0000] {logging_mixin.py:188} INFO - [2026-05-25T07:14:02.286+0000] {dagbag.py:545} INFO - Filling up the DagBag from /home/airflow/.local/lib/python3.12/site-packages/airflow/example_dags/example_sensor_decorator.py
[2026-05-25T07:14:02.301+0000] {processor.py:840} INFO - DAG(s) 'example_sensor_decorator' retrieved from /home/airflow/.local/lib/python3.12/site-packages/airflow/example_dags/example_sensor_decorator.py
[2026-05-25T07:14:02.356+0000] {logging_mixin.py:188} INFO - [2026-05-25T07:14:02.356+0000] {dag.py:3089} INFO - Sync 1 DAGs
[2026-05-25T07:14:02.398+0000] {logging_mixin.py:188} INFO - [2026-05-25T07:14:02.397+0000] {dag.py:3947} INFO - Setting next_dagrun for example_sensor_decorator to None, run_after=None
[2026-05-25T07:14:02.474+0000] {processor.py:183} INFO - Processing /home/airflow/.local/lib/python3.12/site-packages/airflow/example_dags/example_sensor_decorator.py took 0.209 seconds
[2026-05-25T07:14:32.646+0000] {processor.py:161} INFO - Started process (PID=1169) to work on /home/airflow/.local/lib/python3.12/site-packages/airflow/example_dags/example_sensor_decorator.py
[2026-05-25T07:14:32.648+0000] {processor.py:830} INFO - Processing file /home/airflow/.local/lib/python3.12/site-packages/airflow/example_dags/example_sensor_decorator.py for tasks to queue
[2026-05-25T07:14:32.652+0000] {logging_mixin.py:188} INFO - [2026-05-25T07:14:32.652+0000] {dagbag.py:545} INFO - Filling up the DagBag from /home/airflow/.local/lib/python3.12/site-packages/airflow/example_dags/example_sensor_decorator.py
[2026-05-25T07:14:32.665+0000] {processor.py:840} INFO - DAG(s) 'example_sensor_decorator' retrieved from /home/airflow/.local/lib/python3.12/site-packages/airflow/example_dags/example_sensor_decorator.py
[2026-05-25T07:14:32.720+0000] {logging_mixin.py:188} INFO - [2026-05-25T07:14:32.719+0000] {dag.py:3089} INFO - Sync 1 DAGs
[2026-05-25T07:14:32.767+0000] {logging_mixin.py:188} INFO - [2026-05-25T07:14:32.766+0000] {dag.py:3947} INFO - Setting next_dagrun for example_sensor_decorator to None, run_after=None
[2026-05-25T07:14:32.833+0000] {processor.py:183} INFO - Processing /home/airflow/.local/lib/python3.12/site-packages/airflow/example_dags/example_sensor_decorator.py took 0.200 seconds
[2026-05-25T07:15:03.651+0000] {processor.py:161} INFO - Started process (PID=1229) to work on /home/airflow/.local/lib/python3.12/site-packages/airflow/example_dags/example_sensor_decorator.py
[2026-05-25T07:15:03.661+0000] {processor.py:830} INFO - Processing file /home/airflow/.local/lib/python3.12/site-packages/airflow/example_dags/example_sensor_decorator.py for tasks to queue
[2026-05-25T07:15:03.670+0000] {logging_mixin.py:188} INFO - [2026-05-25T07:15:03.669+0000] {dagbag.py:545} INFO - Filling up the DagBag from /home/airflow/.local/lib/python3.12/site-packages/airflow/example_dags/example_sensor_decorator.py
[2026-05-25T07:15:03.719+0000] {processor.py:840} INFO - DAG(s) 'example_sensor_decorator' retrieved from /home/airflow/.local/lib/python3.12/site-packages/airflow/example_dags/example_sensor_decorator.py
[2026-05-25T07:15:03.844+0000] {logging_mixin.py:188} INFO - [2026-05-25T07:15:03.843+0000] {dag.py:3089} INFO - Sync 1 DAGs
[2026-05-25T07:15:03.905+0000] {logging_mixin.py:188} INFO - [2026-05-25T07:15:03.905+0000] {dag.py:3947} INFO - Setting next_dagrun for example_sensor_decorator to None, run_after=None
[2026-05-25T07:15:03.963+0000] {processor.py:183} INFO - Processing /home/airflow/.local/lib/python3.12/site-packages/airflow/example_dags/example_sensor_decorator.py took 0.333 seconds
[2026-05-25T07:15:34.796+0000] {processor.py:161} INFO - Started process (PID=1289) to work on /home/airflow/.local/lib/python3.12/site-packages/airflow/example_dags/example_sensor_decorator.py
[2026-05-25T07:15:34.798+0000] {processor.py:830} INFO - Processing file /home/airflow/.local/lib/python3.12/site-packages/airflow/example_dags/example_sensor_decorator.py for tasks to queue
[2026-05-25T07:15:34.802+0000] {logging_mixin.py:188} INFO - [2026-05-25T07:15:34.801+0000] {dagbag.py:545} INFO - Filling up the DagBag from /home/airflow/.local/lib/python3.12/site-packages/airflow/example_dags/example_sensor_decorator.py
[2026-05-25T07:15:34.815+0000] {processor.py:840} INFO - DAG(s) 'example_sensor_decorator' retrieved from /home/airflow/.local/lib/python3.12/site-packages/airflow/example_dags/example_sensor_decorator.py
[2026-05-25T07:15:34.858+0000] {logging_mixin.py:188} INFO - [2026-05-25T07:15:34.857+0000] {dag.py:3089} INFO - Sync 1 DAGs
[2026-05-25T07:15:34.898+0000] {logging_mixin.py:188} INFO - [2026-05-25T07:15:34.897+0000] {dag.py:3947} INFO - Setting next_dagrun for example_sensor_decorator to None, run_after=None
[2026-05-25T07:15:34.951+0000] {processor.py:183} INFO - Processing /home/airflow/.local/lib/python3.12/site-packages/airflow/example_dags/example_sensor_decorator.py took 0.166 seconds
[2026-05-25T07:16:05.400+0000] {processor.py:161} INFO - Started process (PID=1347) to work on /home/airflow/.local/lib/python3.12/site-packages/airflow/example_dags/example_sensor_decorator.py
[2026-05-25T07:16:05.402+0000] {processor.py:830} INFO - Processing file /home/airflow/.local/lib/python3.12/site-packages/airflow/example_dags/example_sensor_decorator.py for tasks to queue
[2026-05-25T07:16:05.406+0000] {logging_mixin.py:188} INFO - [2026-05-25T07:16:05.405+0000] {dagbag.py:545} INFO - Filling up the DagBag from /home/airflow/.local/lib/python3.12/site-packages/airflow/example_dags/example_sensor_decorator.py
[2026-05-25T07:16:05.416+0000] {processor.py:840} INFO - DAG(s) 'example_sensor_decorator' retrieved from /home/airflow/.local/lib/python3.12/site-packages/airflow/example_dags/example_sensor_decorator.py
[2026-05-25T07:16:05.451+0000] {logging_mixin.py:188} INFO - [2026-05-25T07:16:05.450+0000] {dag.py:3089} INFO - Sync 1 DAGs
[2026-05-25T07:16:05.475+0000] {logging_mixin.py:188} INFO - [2026-05-25T07:16:05.474+0000] {dag.py:3947} INFO - Setting next_dagrun for example_sensor_decorator to None, run_after=None
[2026-05-25T07:16:05.521+0000] {processor.py:183} INFO - Processing /home/airflow/.local/lib/python3.12/site-packages/airflow/example_dags/example_sensor_decorator.py took 0.131 seconds
[2026-05-25T07:16:35.634+0000] {processor.py:161} INFO - Started process (PID=1405) to work on /home/airflow/.local/lib/python3.12/site-packages/airflow/example_dags/example_sensor_decorator.py
[2026-05-25T07:16:35.636+0000] {processor.py:830} INFO - Processing file /home/airflow/.local/lib/python3.12/site-packages/airflow/example_dags/example_sensor_decorator.py for tasks to queue
[2026-05-25T07:16:35.639+0000] {logging_mixin.py:188} INFO - [2026-05-25T07:16:35.638+0000] {dagbag.py:545} INFO - Filling up the DagBag from /home/airflow/.local/lib/python3.12/site-packages/airflow/example_dags/example_sensor_decorator.py
[2026-05-25T07:16:35.650+0000] {processor.py:840} INFO - DAG(s) 'example_sensor_decorator' retrieved from /home/airflow/.local/lib/python3.12/site-packages/airflow/example_dags/example_sensor_decorator.py
[2026-05-25T07:16:35.684+0000] {logging_mixin.py:188} INFO - [2026-05-25T07:16:35.684+0000] {dag.py:3089} INFO - Sync 1 DAGs
[2026-05-25T07:16:35.709+0000] {logging_mixin.py:188} INFO - [2026-05-25T07:16:35.708+0000] {dag.py:3947} INFO - Setting next_dagrun for example_sensor_decorator to None, run_after=None
[2026-05-25T07:16:35.746+0000] {processor.py:183} INFO - Processing /home/airflow/.local/lib/python3.12/site-packages/airflow/example_dags/example_sensor_decorator.py took 0.121 seconds
[2026-05-25T07:17:06.021+0000] {processor.py:161} INFO - Started process (PID=1465) to work on /home/airflow/.local/lib/python3.12/site-packages/airflow/example_dags/example_sensor_decorator.py
[2026-05-25T07:17:06.023+0000] {processor.py:830} INFO - Processing file /home/airflow/.local/lib/python3.12/site-packages/airflow/example_dags/example_sensor_decorator.py for tasks to queue
[2026-05-25T07:17:06.026+0000] {logging_mixin.py:188} INFO - [2026-05-25T07:17:06.026+0000] {dagbag.py:545} INFO - Filling up the DagBag from /home/airflow/.local/lib/python3.12/site-packages/airflow/example_dags/example_sensor_decorator.py
[2026-05-25T07:17:06.036+0000] {processor.py:840} INFO - DAG(s) 'example_sensor_decorator' retrieved from /home/airflow/.local/lib/python3.12/site-packages/airflow/example_dags/example_sensor_decorator.py
[2026-05-25T07:17:06.069+0000] {logging_mixin.py:188} INFO - [2026-05-25T07:17:06.069+0000] {dag.py:3089} INFO - Sync 1 DAGs
[2026-05-25T07:17:06.088+0000] {logging_mixin.py:188} INFO - [2026-05-25T07:17:06.088+0000] {dag.py:3947} INFO - Setting next_dagrun for example_sensor_decorator to None, run_after=None
[2026-05-25T07:17:06.119+0000] {processor.py:183} INFO - Processing /home/airflow/.local/lib/python3.12/site-packages/airflow/example_dags/example_sensor_decorator.py took 0.106 seconds
[2026-05-25T07:17:36.190+0000] {processor.py:161} INFO - Started process (PID=1524) to work on /home/airflow/.local/lib/python3.12/site-packages/airflow/example_dags/example_sensor_decorator.py
[2026-05-25T07:17:36.192+0000] {processor.py:830} INFO - Processing file /home/airflow/.local/lib/python3.12/site-packages/airflow/example_dags/example_sensor_decorator.py for tasks to queue
[2026-05-25T07:17:36.195+0000] {logging_mixin.py:188} INFO - [2026-05-25T07:17:36.195+0000] {dagbag.py:545} INFO - Filling up the DagBag from /home/airflow/.local/lib/python3.12/site-packages/airflow/example_dags/example_sensor_decorator.py
[2026-05-25T07:17:36.207+0000] {processor.py:840} INFO - DAG(s) 'example_sensor_decorator' retrieved from /home/airflow/.local/lib/python3.12/site-packages/airflow/example_dags/example_sensor_decorator.py
[2026-05-25T07:17:36.238+0000] {logging_mixin.py:188} INFO - [2026-05-25T07:17:36.238+0000] {dag.py:3089} INFO - Sync 1 DAGs
[2026-05-25T07:17:36.261+0000] {logging_mixin.py:188} INFO - [2026-05-25T07:17:36.260+0000] {dag.py:3947} INFO - Setting next_dagrun for example_sensor_decorator to None, run_after=None
[2026-05-25T07:17:36.291+0000] {processor.py:183} INFO - Processing /home/airflow/.local/lib/python3.12/site-packages/airflow/example_dags/example_sensor_decorator.py took 0.110 seconds
[2026-05-25T07:18:06.386+0000] {processor.py:161} INFO - Started process (PID=1570) to work on /home/airflow/.local/lib/python3.12/site-packages/airflow/example_dags/example_sensor_decorator.py
[2026-05-25T07:18:06.389+0000] {processor.py:830} INFO - Processing file /home/airflow/.local/lib/python3.12/site-packages/airflow/example_dags/example_sensor_decorator.py for tasks to queue
[2026-05-25T07:18:06.394+0000] {logging_mixin.py:188} INFO - [2026-05-25T07:18:06.393+0000] {dagbag.py:545} INFO - Filling up the DagBag from /home/airflow/.local/lib/python3.12/site-packages/airflow/example_dags/example_sensor_decorator.py
[2026-05-25T07:18:06.411+0000] {processor.py:840} INFO - DAG(s) 'example_sensor_decorator' retrieved from /home/airflow/.local/lib/python3.12/site-packages/airflow/example_dags/example_sensor_decorator.py
[2026-05-25T07:18:06.459+0000] {logging_mixin.py:188} INFO - [2026-05-25T07:18:06.458+0000] {dag.py:3089} INFO - Sync 1 DAGs
[2026-05-25T07:18:06.494+0000] {logging_mixin.py:188} INFO - [2026-05-25T07:18:06.494+0000] {dag.py:3947} INFO - Setting next_dagrun for example_sensor_decorator to None, run_after=None
[2026-05-25T07:18:06.567+0000] {processor.py:183} INFO - Processing /home/airflow/.local/lib/python3.12/site-packages/airflow/example_dags/example_sensor_decorator.py took 0.194 seconds
[2026-05-25T07:18:37.064+0000] {processor.py:161} INFO - Started process (PID=1629) to work on /home/airflow/.local/lib/python3.12/site-packages/airflow/example_dags/example_sensor_decorator.py
[2026-05-25T07:18:37.067+0000] {processor.py:830} INFO - Processing file /home/airflow/.local/lib/python3.12/site-packages/airflow/example_dags/example_sensor_decorator.py for tasks to queue
[2026-05-25T07:18:37.070+0000] {logging_mixin.py:188} INFO - [2026-05-25T07:18:37.069+0000] {dagbag.py:545} INFO - Filling up the DagBag from /home/airflow/.local/lib/python3.12/site-packages/airflow/example_dags/example_sensor_decorator.py
[2026-05-25T07:18:37.084+0000] {processor.py:840} INFO - DAG(s) 'example_sensor_decorator' retrieved from /home/airflow/.local/lib/python3.12/site-packages/airflow/example_dags/example_sensor_decorator.py
[2026-05-25T07:18:37.116+0000] {logging_mixin.py:188} INFO - [2026-05-25T07:18:37.116+0000] {dag.py:3089} INFO - Sync 1 DAGs
[2026-05-25T07:18:37.135+0000] {logging_mixin.py:188} INFO - [2026-05-25T07:18:37.135+0000] {dag.py:3947} INFO - Setting next_dagrun for example_sensor_decorator to None, run_after=None
[2026-05-25T07:18:37.165+0000] {processor.py:183} INFO - Processing /home/airflow/.local/lib/python3.12/site-packages/airflow/example_dags/example_sensor_decorator.py took 0.110 seconds
[2026-05-25T07:19:07.622+0000] {processor.py:161} INFO - Started process (PID=1686) to work on /home/airflow/.local/lib/python3.12/site-packages/airflow/example_dags/example_sensor_decorator.py
[2026-05-25T07:19:07.624+0000] {processor.py:830} INFO - Processing file /home/airflow/.local/lib/python3.12/site-packages/airflow/example_dags/example_sensor_decorator.py for tasks to queue
[2026-05-25T07:19:07.628+0000] {logging_mixin.py:188} INFO - [2026-05-25T07:19:07.627+0000] {dagbag.py:545} INFO - Filling up the DagBag from /home/airflow/.local/lib/python3.12/site-packages/airflow/example_dags/example_sensor_decorator.py
[2026-05-25T07:19:07.638+0000] {processor.py:840} INFO - DAG(s) 'example_sensor_decorator' retrieved from /home/airflow/.local/lib/python3.12/site-packages/airflow/example_dags/example_sensor_decorator.py
[2026-05-25T07:19:07.677+0000] {logging_mixin.py:188} INFO - [2026-05-25T07:19:07.677+0000] {dag.py:3089} INFO - Sync 1 DAGs
[2026-05-25T07:19:07.702+0000] {logging_mixin.py:188} INFO - [2026-05-25T07:19:07.702+0000] {dag.py:3947} INFO - Setting next_dagrun for example_sensor_decorator to None, run_after=None
[2026-05-25T07:19:07.733+0000] {processor.py:183} INFO - Processing /home/airflow/.local/lib/python3.12/site-packages/airflow/example_dags/example_sensor_decorator.py took 0.121 seconds
[2026-05-25T07:19:37.856+0000] {processor.py:161} INFO - Started process (PID=1745) to work on /home/airflow/.local/lib/python3.12/site-packages/airflow/example_dags/example_sensor_decorator.py
[2026-05-25T07:19:37.857+0000] {processor.py:830} INFO - Processing file /home/airflow/.local/lib/python3.12/site-packages/airflow/example_dags/example_sensor_decorator.py for tasks to queue
[2026-05-25T07:19:37.863+0000] {logging_mixin.py:188} INFO - [2026-05-25T07:19:37.862+0000] {dagbag.py:545} INFO - Filling up the DagBag from /home/airflow/.local/lib/python3.12/site-packages/airflow/example_dags/example_sensor_decorator.py
[2026-05-25T07:19:37.878+0000] {processor.py:840} INFO - DAG(s) 'example_sensor_decorator' retrieved from /home/airflow/.local/lib/python3.12/site-packages/airflow/example_dags/example_sensor_decorator.py
[2026-05-25T07:19:37.920+0000] {logging_mixin.py:188} INFO - [2026-05-25T07:19:37.920+0000] {dag.py:3089} INFO - Sync 1 DAGs
[2026-05-25T07:19:37.948+0000] {logging_mixin.py:188} INFO - [2026-05-25T07:19:37.947+0000] {dag.py:3947} INFO - Setting next_dagrun for example_sensor_decorator to None, run_after=None
[2026-05-25T07:19:37.988+0000] {processor.py:183} INFO - Processing /home/airflow/.local/lib/python3.12/site-packages/airflow/example_dags/example_sensor_decorator.py took 0.145 seconds
[2026-05-25T07:20:08.625+0000] {processor.py:161} INFO - Started process (PID=1804) to work on /home/airflow/.local/lib/python3.12/site-packages/airflow/example_dags/example_sensor_decorator.py
[2026-05-25T07:20:08.629+0000] {processor.py:830} INFO - Processing file /home/airflow/.local/lib/python3.12/site-packages/airflow/example_dags/example_sensor_decorator.py for tasks to queue
[2026-05-25T07:20:08.636+0000] {logging_mixin.py:188} INFO - [2026-05-25T07:20:08.634+0000] {dagbag.py:545} INFO - Filling up the DagBag from /home/airflow/.local/lib/python3.12/site-packages/airflow/example_dags/example_sensor_decorator.py
[2026-05-25T07:20:08.658+0000] {processor.py:840} INFO - DAG(s) 'example_sensor_decorator' retrieved from /home/airflow/.local/lib/python3.12/site-packages/airflow/example_dags/example_sensor_decorator.py
[2026-05-25T07:20:08.753+0000] {logging_mixin.py:188} INFO - [2026-05-25T07:20:08.752+0000] {dag.py:3089} INFO - Sync 1 DAGs
[2026-05-25T07:20:08.795+0000] {logging_mixin.py:188} INFO - [2026-05-25T07:20:08.794+0000] {dag.py:3947} INFO - Setting next_dagrun for example_sensor_decorator to None, run_after=None
[2026-05-25T07:20:09.297+0000] {processor.py:183} INFO - Processing /home/airflow/.local/lib/python3.12/site-packages/airflow/example_dags/example_sensor_decorator.py took 0.689 seconds
[2026-05-25T07:20:39.731+0000] {processor.py:161} INFO - Started process (PID=1864) to work on /home/airflow/.local/lib/python3.12/site-packages/airflow/example_dags/example_sensor_decorator.py
[2026-05-25T07:20:39.735+0000] {processor.py:830} INFO - Processing file /home/airflow/.local/lib/python3.12/site-packages/airflow/example_dags/example_sensor_decorator.py for tasks to queue
[2026-05-25T07:20:39.742+0000] {logging_mixin.py:188} INFO - [2026-05-25T07:20:39.741+0000] {dagbag.py:545} INFO - Filling up the DagBag from /home/airflow/.local/lib/python3.12/site-packages/airflow/example_dags/example_sensor_decorator.py
[2026-05-25T07:20:39.767+0000] {processor.py:840} INFO - DAG(s) 'example_sensor_decorator' retrieved from /home/airflow/.local/lib/python3.12/site-packages/airflow/example_dags/example_sensor_decorator.py
[2026-05-25T07:20:39.839+0000] {logging_mixin.py:188} INFO - [2026-05-25T07:20:39.838+0000] {dag.py:3089} INFO - Sync 1 DAGs
[2026-05-25T07:20:39.879+0000] {logging_mixin.py:188} INFO - [2026-05-25T07:20:39.879+0000] {dag.py:3947} INFO - Setting next_dagrun for example_sensor_decorator to None, run_after=None
[2026-05-25T07:20:39.992+0000] {processor.py:183} INFO - Processing /home/airflow/.local/lib/python3.12/site-packages/airflow/example_dags/example_sensor_decorator.py took 0.277 seconds
[2026-05-25T07:21:10.476+0000] {processor.py:161} INFO - Started process (PID=1923) to work on /home/airflow/.local/lib/python3.12/site-packages/airflow/example_dags/example_sensor_decorator.py
[2026-05-25T07:21:10.479+0000] {processor.py:830} INFO - Processing file /home/airflow/.local/lib/python3.12/site-packages/airflow/example_dags/example_sensor_decorator.py for tasks to queue
[2026-05-25T07:21:10.483+0000] {logging_mixin.py:188} INFO - [2026-05-25T07:21:10.482+0000] {dagbag.py:545} INFO - Filling up the DagBag from /home/airflow/.local/lib/python3.12/site-packages/airflow/example_dags/example_sensor_decorator.py
[2026-05-25T07:21:10.495+0000] {processor.py:840} INFO - DAG(s) 'example_sensor_decorator' retrieved from /home/airflow/.local/lib/python3.12/site-packages/airflow/example_dags/example_sensor_decorator.py
[2026-05-25T07:21:10.544+0000] {logging_mixin.py:188} INFO - [2026-05-25T07:21:10.543+0000] {dag.py:3089} INFO - Sync 1 DAGs
[2026-05-25T07:21:10.579+0000] {logging_mixin.py:188} INFO - [2026-05-25T07:21:10.579+0000] {dag.py:3947} INFO - Setting next_dagrun for example_sensor_decorator to None, run_after=None
[2026-05-25T07:21:10.630+0000] {processor.py:183} INFO - Processing /home/airflow/.local/lib/python3.12/site-packages/airflow/example_dags/example_sensor_decorator.py took 0.167 seconds
[2026-05-25T07:21:41.428+0000] {processor.py:161} INFO - Started process (PID=1982) to work on /home/airflow/.local/lib/python3.12/site-packages/airflow/example_dags/example_sensor_decorator.py
[2026-05-25T07:21:41.431+0000] {processor.py:830} INFO - Processing file /home/airflow/.local/lib/python3.12/site-packages/airflow/example_dags/example_sensor_decorator.py for tasks to queue
[2026-05-25T07:21:41.435+0000] {logging_mixin.py:188} INFO - [2026-05-25T07:21:41.435+0000] {dagbag.py:545} INFO - Filling up the DagBag from /home/airflow/.local/lib/python3.12/site-packages/airflow/example_dags/example_sensor_decorator.py
[2026-05-25T07:21:41.446+0000] {processor.py:840} INFO - DAG(s) 'example_sensor_decorator' retrieved from /home/airflow/.local/lib/python3.12/site-packages/airflow/example_dags/example_sensor_decorator.py
[2026-05-25T07:21:41.489+0000] {logging_mixin.py:188} INFO - [2026-05-25T07:21:41.488+0000] {dag.py:3089} INFO - Sync 1 DAGs
[2026-05-25T07:21:41.517+0000] {logging_mixin.py:188} INFO - [2026-05-25T07:21:41.516+0000] {dag.py:3947} INFO - Setting next_dagrun for example_sensor_decorator to None, run_after=None
[2026-05-25T07:21:41.557+0000] {processor.py:183} INFO - Processing /home/airflow/.local/lib/python3.12/site-packages/airflow/example_dags/example_sensor_decorator.py took 0.138 seconds
[2026-05-25T07:22:11.729+0000] {processor.py:161} INFO - Started process (PID=2043) to work on /home/airflow/.local/lib/python3.12/site-packages/airflow/example_dags/example_sensor_decorator.py
[2026-05-25T07:22:11.732+0000] {processor.py:830} INFO - Processing file /home/airflow/.local/lib/python3.12/site-packages/airflow/example_dags/example_sensor_decorator.py for tasks to queue
[2026-05-25T07:22:11.737+0000] {logging_mixin.py:188} INFO - [2026-05-25T07:22:11.736+0000] {dagbag.py:545} INFO - Filling up the DagBag from /home/airflow/.local/lib/python3.12/site-packages/airflow/example_dags/example_sensor_decorator.py
[2026-05-25T07:22:11.753+0000] {processor.py:840} INFO - DAG(s) 'example_sensor_decorator' retrieved from /home/airflow/.local/lib/python3.12/site-packages/airflow/example_dags/example_sensor_decorator.py
[2026-05-25T07:22:11.794+0000] {logging_mixin.py:188} INFO - [2026-05-25T07:22:11.793+0000] {dag.py:3089} INFO - Sync 1 DAGs
[2026-05-25T07:22:11.817+0000] {logging_mixin.py:188} INFO - [2026-05-25T07:22:11.817+0000] {dag.py:3947} INFO - Setting next_dagrun for example_sensor_decorator to None, run_after=None
[2026-05-25T07:22:11.863+0000] {processor.py:183} INFO - Processing /home/airflow/.local/lib/python3.12/site-packages/airflow/example_dags/example_sensor_decorator.py took 0.153 seconds
[2026-05-25T07:22:42.071+0000] {processor.py:161} INFO - Started process (PID=2103) to work on /home/airflow/.local/lib/python3.12/site-packages/airflow/example_dags/example_sensor_decorator.py
[2026-05-25T07:22:42.073+0000] {processor.py:830} INFO - Processing file /home/airflow/.local/lib/python3.12/site-packages/airflow/example_dags/example_sensor_decorator.py for tasks to queue
[2026-05-25T07:22:42.077+0000] {logging_mixin.py:188} INFO - [2026-05-25T07:22:42.076+0000] {dagbag.py:545} INFO - Filling up the DagBag from /home/airflow/.local/lib/python3.12/site-packages/airflow/example_dags/example_sensor_decorator.py
[2026-05-25T07:22:42.088+0000] {processor.py:840} INFO - DAG(s) 'example_sensor_decorator' retrieved from /home/airflow/.local/lib/python3.12/site-packages/airflow/example_dags/example_sensor_decorator.py
[2026-05-25T07:22:42.120+0000] {logging_mixin.py:188} INFO - [2026-05-25T07:22:42.120+0000] {dag.py:3089} INFO - Sync 1 DAGs
[2026-05-25T07:22:42.141+0000] {logging_mixin.py:188} INFO - [2026-05-25T07:22:42.141+0000] {dag.py:3947} INFO - Setting next_dagrun for example_sensor_decorator to None, run_after=None
[2026-05-25T07:22:42.175+0000] {processor.py:183} INFO - Processing /home/airflow/.local/lib/python3.12/site-packages/airflow/example_dags/example_sensor_decorator.py took 0.113 seconds
[2026-05-25T07:23:12.327+0000] {processor.py:161} INFO - Started process (PID=2164) to work on /home/airflow/.local/lib/python3.12/site-packages/airflow/example_dags/example_sensor_decorator.py
[2026-05-25T07:23:12.331+0000] {processor.py:830} INFO - Processing file /home/airflow/.local/lib/python3.12/site-packages/airflow/example_dags/example_sensor_decorator.py for tasks to queue
[2026-05-25T07:23:12.340+0000] {logging_mixin.py:188} INFO - [2026-05-25T07:23:12.339+0000] {dagbag.py:545} INFO - Filling up the DagBag from /home/airflow/.local/lib/python3.12/site-packages/airflow/example_dags/example_sensor_decorator.py
[2026-05-25T07:23:12.360+0000] {processor.py:840} INFO - DAG(s) 'example_sensor_decorator' retrieved from /home/airflow/.local/lib/python3.12/site-packages/airflow/example_dags/example_sensor_decorator.py
[2026-05-25T07:23:12.449+0000] {logging_mixin.py:188} INFO - [2026-05-25T07:23:12.448+0000] {dag.py:3089} INFO - Sync 1 DAGs
[2026-05-25T07:23:12.540+0000] {logging_mixin.py:188} INFO - [2026-05-25T07:23:12.540+0000] {dag.py:3947} INFO - Setting next_dagrun for example_sensor_decorator to None, run_after=None
[2026-05-25T07:23:12.665+0000] {processor.py:183} INFO - Processing /home/airflow/.local/lib/python3.12/site-packages/airflow/example_dags/example_sensor_decorator.py took 0.356 seconds
[2026-05-25T07:23:43.159+0000] {processor.py:161} INFO - Started process (PID=2224) to work on /home/airflow/.local/lib/python3.12/site-packages/airflow/example_dags/example_sensor_decorator.py
[2026-05-25T07:23:43.161+0000] {processor.py:830} INFO - Processing file /home/airflow/.local/lib/python3.12/site-packages/airflow/example_dags/example_sensor_decorator.py for tasks to queue
[2026-05-25T07:23:43.166+0000] {logging_mixin.py:188} INFO - [2026-05-25T07:23:43.165+0000] {dagbag.py:545} INFO - Filling up the DagBag from /home/airflow/.local/lib/python3.12/site-packages/airflow/example_dags/example_sensor_decorator.py
[2026-05-25T07:23:43.179+0000] {processor.py:840} INFO - DAG(s) 'example_sensor_decorator' retrieved from /home/airflow/.local/lib/python3.12/site-packages/airflow/example_dags/example_sensor_decorator.py
[2026-05-25T07:23:43.220+0000] {logging_mixin.py:188} INFO - [2026-05-25T07:23:43.220+0000] {dag.py:3089} INFO - Sync 1 DAGs
[2026-05-25T07:23:43.247+0000] {logging_mixin.py:188} INFO - [2026-05-25T07:23:43.246+0000] {dag.py:3947} INFO - Setting next_dagrun for example_sensor_decorator to None, run_after=None
[2026-05-25T07:23:43.285+0000] {processor.py:183} INFO - Processing /home/airflow/.local/lib/python3.12/site-packages/airflow/example_dags/example_sensor_decorator.py took 0.138 seconds
[2026-05-25T07:24:13.471+0000] {processor.py:161} INFO - Started process (PID=2284) to work on /home/airflow/.local/lib/python3.12/site-packages/airflow/example_dags/example_sensor_decorator.py
[2026-05-25T07:24:13.474+0000] {processor.py:830} INFO - Processing file /home/airflow/.local/lib/python3.12/site-packages/airflow/example_dags/example_sensor_decorator.py for tasks to queue
[2026-05-25T07:24:13.478+0000] {logging_mixin.py:188} INFO - [2026-05-25T07:24:13.477+0000] {dagbag.py:545} INFO - Filling up the DagBag from /home/airflow/.local/lib/python3.12/site-packages/airflow/example_dags/example_sensor_decorator.py
[2026-05-25T07:24:13.487+0000] {processor.py:840} INFO - DAG(s) 'example_sensor_decorator' retrieved from /home/airflow/.local/lib/python3.12/site-packages/airflow/example_dags/example_sensor_decorator.py
[2026-05-25T07:24:13.521+0000] {logging_mixin.py:188} INFO - [2026-05-25T07:24:13.520+0000] {dag.py:3089} INFO - Sync 1 DAGs
[2026-05-25T07:24:13.547+0000] {logging_mixin.py:188} INFO - [2026-05-25T07:24:13.546+0000] {dag.py:3947} INFO - Setting next_dagrun for example_sensor_decorator to None, run_after=None
[2026-05-25T07:24:13.579+0000] {processor.py:183} INFO - Processing /home/airflow/.local/lib/python3.12/site-packages/airflow/example_dags/example_sensor_decorator.py took 0.119 seconds
[2026-05-25T07:24:43.730+0000] {processor.py:161} INFO - Started process (PID=2344) to work on /home/airflow/.local/lib/python3.12/site-packages/airflow/example_dags/example_sensor_decorator.py
[2026-05-25T07:24:43.732+0000] {processor.py:830} INFO - Processing file /home/airflow/.local/lib/python3.12/site-packages/airflow/example_dags/example_sensor_decorator.py for tasks to queue
[2026-05-25T07:24:43.735+0000] {logging_mixin.py:188} INFO - [2026-05-25T07:24:43.735+0000] {dagbag.py:545} INFO - Filling up the DagBag from /home/airflow/.local/lib/python3.12/site-packages/airflow/example_dags/example_sensor_decorator.py
[2026-05-25T07:24:43.746+0000] {processor.py:840} INFO - DAG(s) 'example_sensor_decorator' retrieved from /home/airflow/.local/lib/python3.12/site-packages/airflow/example_dags/example_sensor_decorator.py
[2026-05-25T07:24:43.775+0000] {logging_mixin.py:188} INFO - [2026-05-25T07:24:43.775+0000] {dag.py:3089} INFO - Sync 1 DAGs
[2026-05-25T07:24:43.793+0000] {logging_mixin.py:188} INFO - [2026-05-25T07:24:43.793+0000] {dag.py:3947} INFO - Setting next_dagrun for example_sensor_decorator to None, run_after=None
[2026-05-25T07:24:43.825+0000] {processor.py:183} INFO - Processing /home/airflow/.local/lib/python3.12/site-packages/airflow/example_dags/example_sensor_decorator.py took 0.103 seconds
[2026-05-25T07:25:14.100+0000] {processor.py:161} INFO - Started process (PID=2404) to work on /home/airflow/.local/lib/python3.12/site-packages/airflow/example_dags/example_sensor_decorator.py
[2026-05-25T07:25:14.102+0000] {processor.py:830} INFO - Processing file /home/airflow/.local/lib/python3.12/site-packages/airflow/example_dags/example_sensor_decorator.py for tasks to queue
[2026-05-25T07:25:14.106+0000] {logging_mixin.py:188} INFO - [2026-05-25T07:25:14.105+0000] {dagbag.py:545} INFO - Filling up the DagBag from /home/airflow/.local/lib/python3.12/site-packages/airflow/example_dags/example_sensor_decorator.py
[2026-05-25T07:25:14.115+0000] {processor.py:840} INFO - DAG(s) 'example_sensor_decorator' retrieved from /home/airflow/.local/lib/python3.12/site-packages/airflow/example_dags/example_sensor_decorator.py
[2026-05-25T07:25:14.146+0000] {logging_mixin.py:188} INFO - [2026-05-25T07:25:14.146+0000] {dag.py:3089} INFO - Sync 1 DAGs
[2026-05-25T07:25:14.165+0000] {logging_mixin.py:188} INFO - [2026-05-25T07:25:14.165+0000] {dag.py:3947} INFO - Setting next_dagrun for example_sensor_decorator to None, run_after=None
[2026-05-25T07:25:14.198+0000] {processor.py:183} INFO - Processing /home/airflow/.local/lib/python3.12/site-packages/airflow/example_dags/example_sensor_decorator.py took 0.106 seconds
[2026-05-25T07:25:45.012+0000] {processor.py:161} INFO - Started process (PID=2470) to work on /home/airflow/.local/lib/python3.12/site-packages/airflow/example_dags/example_sensor_decorator.py
[2026-05-25T07:25:45.016+0000] {processor.py:830} INFO - Processing file /home/airflow/.local/lib/python3.12/site-packages/airflow/example_dags/example_sensor_decorator.py for tasks to queue
[2026-05-25T07:25:45.027+0000] {logging_mixin.py:188} INFO - [2026-05-25T07:25:45.025+0000] {dagbag.py:545} INFO - Filling up the DagBag from /home/airflow/.local/lib/python3.12/site-packages/airflow/example_dags/example_sensor_decorator.py
[2026-05-25T07:25:45.054+0000] {processor.py:840} INFO - DAG(s) 'example_sensor_decorator' retrieved from /home/airflow/.local/lib/python3.12/site-packages/airflow/example_dags/example_sensor_decorator.py
[2026-05-25T07:25:45.116+0000] {logging_mixin.py:188} INFO - [2026-05-25T07:25:45.116+0000] {dag.py:3089} INFO - Sync 1 DAGs
[2026-05-25T07:25:45.139+0000] {logging_mixin.py:188} INFO - [2026-05-25T07:25:45.138+0000] {dag.py:3947} INFO - Setting next_dagrun for example_sensor_decorator to None, run_after=None
[2026-05-25T07:25:45.174+0000] {processor.py:183} INFO - Processing /home/airflow/.local/lib/python3.12/site-packages/airflow/example_dags/example_sensor_decorator.py took 0.175 seconds
[2026-05-25T07:26:15.571+0000] {processor.py:161} INFO - Started process (PID=2530) to work on /home/airflow/.local/lib/python3.12/site-packages/airflow/example_dags/example_sensor_decorator.py
[2026-05-25T07:26:15.573+0000] {processor.py:830} INFO - Processing file /home/airflow/.local/lib/python3.12/site-packages/airflow/example_dags/example_sensor_decorator.py for tasks to queue
[2026-05-25T07:26:15.576+0000] {logging_mixin.py:188} INFO - [2026-05-25T07:26:15.576+0000] {dagbag.py:545} INFO - Filling up the DagBag from /home/airflow/.local/lib/python3.12/site-packages/airflow/example_dags/example_sensor_decorator.py
[2026-05-25T07:26:15.585+0000] {processor.py:840} INFO - DAG(s) 'example_sensor_decorator' retrieved from /home/airflow/.local/lib/python3.12/site-packages/airflow/example_dags/example_sensor_decorator.py
[2026-05-25T07:26:15.614+0000] {logging_mixin.py:188} INFO - [2026-05-25T07:26:15.614+0000] {dag.py:3089} INFO - Sync 1 DAGs
[2026-05-25T07:26:15.636+0000] {logging_mixin.py:188} INFO - [2026-05-25T07:26:15.635+0000] {dag.py:3947} INFO - Setting next_dagrun for example_sensor_decorator to None, run_after=None
[2026-05-25T07:26:15.665+0000] {processor.py:183} INFO - Processing /home/airflow/.local/lib/python3.12/site-packages/airflow/example_dags/example_sensor_decorator.py took 0.102 seconds
[2026-05-25T07:26:46.315+0000] {processor.py:161} INFO - Started process (PID=2589) to work on /home/airflow/.local/lib/python3.12/site-packages/airflow/example_dags/example_sensor_decorator.py
[2026-05-25T07:26:46.317+0000] {processor.py:830} INFO - Processing file /home/airflow/.local/lib/python3.12/site-packages/airflow/example_dags/example_sensor_decorator.py for tasks to queue
[2026-05-25T07:26:46.323+0000] {logging_mixin.py:188} INFO - [2026-05-25T07:26:46.322+0000] {dagbag.py:545} INFO - Filling up the DagBag from /home/airflow/.local/lib/python3.12/site-packages/airflow/example_dags/example_sensor_decorator.py
[2026-05-25T07:26:46.341+0000] {processor.py:840} INFO - DAG(s) 'example_sensor_decorator' retrieved from /home/airflow/.local/lib/python3.12/site-packages/airflow/example_dags/example_sensor_decorator.py
[2026-05-25T07:26:46.397+0000] {logging_mixin.py:188} INFO - [2026-05-25T07:26:46.396+0000] {dag.py:3089} INFO - Sync 1 DAGs
[2026-05-25T07:26:46.427+0000] {logging_mixin.py:188} INFO - [2026-05-25T07:26:46.427+0000] {dag.py:3947} INFO - Setting next_dagrun for example_sensor_decorator to None, run_after=None
[2026-05-25T07:26:46.462+0000] {processor.py:183} INFO - Processing /home/airflow/.local/lib/python3.12/site-packages/airflow/example_dags/example_sensor_decorator.py took 0.167 seconds
[2026-05-25T07:27:16.819+0000] {processor.py:161} INFO - Started process (PID=2649) to work on /home/airflow/.local/lib/python3.12/site-packages/airflow/example_dags/example_sensor_decorator.py
[2026-05-25T07:27:16.821+0000] {processor.py:830} INFO - Processing file /home/airflow/.local/lib/python3.12/site-packages/airflow/example_dags/example_sensor_decorator.py for tasks to queue
[2026-05-25T07:27:16.825+0000] {logging_mixin.py:188} INFO - [2026-05-25T07:27:16.825+0000] {dagbag.py:545} INFO - Filling up the DagBag from /home/airflow/.local/lib/python3.12/site-packages/airflow/example_dags/example_sensor_decorator.py
[2026-05-25T07:27:16.837+0000] {processor.py:840} INFO - DAG(s) 'example_sensor_decorator' retrieved from /home/airflow/.local/lib/python3.12/site-packages/airflow/example_dags/example_sensor_decorator.py
[2026-05-25T07:27:16.871+0000] {logging_mixin.py:188} INFO - [2026-05-25T07:27:16.871+0000] {dag.py:3089} INFO - Sync 1 DAGs
[2026-05-25T07:27:16.890+0000] {logging_mixin.py:188} INFO - [2026-05-25T07:27:16.890+0000] {dag.py:3947} INFO - Setting next_dagrun for example_sensor_decorator to None, run_after=None
[2026-05-25T07:27:16.920+0000] {processor.py:183} INFO - Processing /home/airflow/.local/lib/python3.12/site-packages/airflow/example_dags/example_sensor_decorator.py took 0.116 seconds
[2026-05-25T07:27:47.020+0000] {processor.py:161} INFO - Started process (PID=2707) to work on /home/airflow/.local/lib/python3.12/site-packages/airflow/example_dags/example_sensor_decorator.py
[2026-05-25T07:27:47.022+0000] {processor.py:830} INFO - Processing file /home/airflow/.local/lib/python3.12/site-packages/airflow/example_dags/example_sensor_decorator.py for tasks to queue
[2026-05-25T07:27:47.025+0000] {logging_mixin.py:188} INFO - [2026-05-25T07:27:47.025+0000] {dagbag.py:545} INFO - Filling up the DagBag from /home/airflow/.local/lib/python3.12/site-packages/airflow/example_dags/example_sensor_decorator.py
[2026-05-25T07:27:47.037+0000] {processor.py:840} INFO - DAG(s) 'example_sensor_decorator' retrieved from /home/airflow/.local/lib/python3.12/site-packages/airflow/example_dags/example_sensor_decorator.py
[2026-05-25T07:27:47.077+0000] {logging_mixin.py:188} INFO - [2026-05-25T07:27:47.077+0000] {dag.py:3089} INFO - Sync 1 DAGs
[2026-05-25T07:27:47.100+0000] {logging_mixin.py:188} INFO - [2026-05-25T07:27:47.100+0000] {dag.py:3947} INFO - Setting next_dagrun for example_sensor_decorator to None, run_after=None
[2026-05-25T07:27:47.138+0000] {processor.py:183} INFO - Processing /home/airflow/.local/lib/python3.12/site-packages/airflow/example_dags/example_sensor_decorator.py took 0.129 seconds
[2026-05-25T07:28:17.294+0000] {processor.py:161} INFO - Started process (PID=2767) to work on /home/airflow/.local/lib/python3.12/site-packages/airflow/example_dags/example_sensor_decorator.py
[2026-05-25T07:28:17.295+0000] {processor.py:830} INFO - Processing file /home/airflow/.local/lib/python3.12/site-packages/airflow/example_dags/example_sensor_decorator.py for tasks to queue
[2026-05-25T07:28:17.299+0000] {logging_mixin.py:188} INFO - [2026-05-25T07:28:17.298+0000] {dagbag.py:545} INFO - Filling up the DagBag from /home/airflow/.local/lib/python3.12/site-packages/airflow/example_dags/example_sensor_decorator.py
[2026-05-25T07:28:17.308+0000] {processor.py:840} INFO - DAG(s) 'example_sensor_decorator' retrieved from /home/airflow/.local/lib/python3.12/site-packages/airflow/example_dags/example_sensor_decorator.py
[2026-05-25T07:28:17.338+0000] {logging_mixin.py:188} INFO - [2026-05-25T07:28:17.337+0000] {dag.py:3089} INFO - Sync 1 DAGs
[2026-05-25T07:28:17.358+0000] {logging_mixin.py:188} INFO - [2026-05-25T07:28:17.358+0000] {dag.py:3947} INFO - Setting next_dagrun for example_sensor_decorator to None, run_after=None
[2026-05-25T07:28:17.387+0000] {processor.py:183} INFO - Processing /home/airflow/.local/lib/python3.12/site-packages/airflow/example_dags/example_sensor_decorator.py took 0.104 seconds
[2026-05-25T07:28:47.583+0000] {processor.py:161} INFO - Started process (PID=2827) to work on /home/airflow/.local/lib/python3.12/site-packages/airflow/example_dags/example_sensor_decorator.py
[2026-05-25T07:28:47.585+0000] {processor.py:830} INFO - Processing file /home/airflow/.local/lib/python3.12/site-packages/airflow/example_dags/example_sensor_decorator.py for tasks to queue
[2026-05-25T07:28:47.588+0000] {logging_mixin.py:188} INFO - [2026-05-25T07:28:47.587+0000] {dagbag.py:545} INFO - Filling up the DagBag from /home/airflow/.local/lib/python3.12/site-packages/airflow/example_dags/example_sensor_decorator.py
[2026-05-25T07:28:47.597+0000] {processor.py:840} INFO - DAG(s) 'example_sensor_decorator' retrieved from /home/airflow/.local/lib/python3.12/site-packages/airflow/example_dags/example_sensor_decorator.py
[2026-05-25T07:28:47.628+0000] {logging_mixin.py:188} INFO - [2026-05-25T07:28:47.627+0000] {dag.py:3089} INFO - Sync 1 DAGs
[2026-05-25T07:28:47.647+0000] {logging_mixin.py:188} INFO - [2026-05-25T07:28:47.646+0000] {dag.py:3947} INFO - Setting next_dagrun for example_sensor_decorator to None, run_after=None
[2026-05-25T07:28:47.677+0000] {processor.py:183} INFO - Processing /home/airflow/.local/lib/python3.12/site-packages/airflow/example_dags/example_sensor_decorator.py took 0.103 seconds
[2026-05-25T07:29:18.374+0000] {processor.py:161} INFO - Started process (PID=2887) to work on /home/airflow/.local/lib/python3.12/site-packages/airflow/example_dags/example_sensor_decorator.py
[2026-05-25T07:29:18.376+0000] {processor.py:830} INFO - Processing file /home/airflow/.local/lib/python3.12/site-packages/airflow/example_dags/example_sensor_decorator.py for tasks to queue
[2026-05-25T07:29:18.379+0000] {logging_mixin.py:188} INFO - [2026-05-25T07:29:18.378+0000] {dagbag.py:545} INFO - Filling up the DagBag from /home/airflow/.local/lib/python3.12/site-packages/airflow/example_dags/example_sensor_decorator.py
[2026-05-25T07:29:18.388+0000] {processor.py:840} INFO - DAG(s) 'example_sensor_decorator' retrieved from /home/airflow/.local/lib/python3.12/site-packages/airflow/example_dags/example_sensor_decorator.py
[2026-05-25T07:29:18.418+0000] {logging_mixin.py:188} INFO - [2026-05-25T07:29:18.417+0000] {dag.py:3089} INFO - Sync 1 DAGs
[2026-05-25T07:29:18.436+0000] {logging_mixin.py:188} INFO - [2026-05-25T07:29:18.436+0000] {dag.py:3947} INFO - Setting next_dagrun for example_sensor_decorator to None, run_after=None
[2026-05-25T07:29:18.465+0000] {processor.py:183} INFO - Processing /home/airflow/.local/lib/python3.12/site-packages/airflow/example_dags/example_sensor_decorator.py took 0.100 seconds
[2026-05-25T07:29:49.113+0000] {processor.py:161} INFO - Started process (PID=2947) to work on /home/airflow/.local/lib/python3.12/site-packages/airflow/example_dags/example_sensor_decorator.py
[2026-05-25T07:29:49.116+0000] {processor.py:830} INFO - Processing file /home/airflow/.local/lib/python3.12/site-packages/airflow/example_dags/example_sensor_decorator.py for tasks to queue
[2026-05-25T07:29:49.122+0000] {logging_mixin.py:188} INFO - [2026-05-25T07:29:49.121+0000] {dagbag.py:545} INFO - Filling up the DagBag from /home/airflow/.local/lib/python3.12/site-packages/airflow/example_dags/example_sensor_decorator.py
[2026-05-25T07:29:49.133+0000] {processor.py:840} INFO - DAG(s) 'example_sensor_decorator' retrieved from /home/airflow/.local/lib/python3.12/site-packages/airflow/example_dags/example_sensor_decorator.py
[2026-05-25T07:29:49.173+0000] {logging_mixin.py:188} INFO - [2026-05-25T07:29:49.173+0000] {dag.py:3089} INFO - Sync 1 DAGs
[2026-05-25T07:29:49.198+0000] {logging_mixin.py:188} INFO - [2026-05-25T07:29:49.198+0000] {dag.py:3947} INFO - Setting next_dagrun for example_sensor_decorator to None, run_after=None
[2026-05-25T07:29:49.241+0000] {processor.py:183} INFO - Processing /home/airflow/.local/lib/python3.12/site-packages/airflow/example_dags/example_sensor_decorator.py took 0.141 seconds
[2026-05-25T07:30:19.422+0000] {processor.py:161} INFO - Started process (PID=3007) to work on /home/airflow/.local/lib/python3.12/site-packages/airflow/example_dags/example_sensor_decorator.py
[2026-05-25T07:30:19.424+0000] {processor.py:830} INFO - Processing file /home/airflow/.local/lib/python3.12/site-packages/airflow/example_dags/example_sensor_decorator.py for tasks to queue
[2026-05-25T07:30:19.427+0000] {logging_mixin.py:188} INFO - [2026-05-25T07:30:19.426+0000] {dagbag.py:545} INFO - Filling up the DagBag from /home/airflow/.local/lib/python3.12/site-packages/airflow/example_dags/example_sensor_decorator.py
[2026-05-25T07:30:19.435+0000] {processor.py:840} INFO - DAG(s) 'example_sensor_decorator' retrieved from /home/airflow/.local/lib/python3.12/site-packages/airflow/example_dags/example_sensor_decorator.py
[2026-05-25T07:30:19.465+0000] {logging_mixin.py:188} INFO - [2026-05-25T07:30:19.465+0000] {dag.py:3089} INFO - Sync 1 DAGs
[2026-05-25T07:30:19.485+0000] {logging_mixin.py:188} INFO - [2026-05-25T07:30:19.485+0000] {dag.py:3947} INFO - Setting next_dagrun for example_sensor_decorator to None, run_after=None
[2026-05-25T07:30:19.523+0000] {processor.py:183} INFO - Processing /home/airflow/.local/lib/python3.12/site-packages/airflow/example_dags/example_sensor_decorator.py took 0.110 seconds
[2026-05-25T07:30:49.786+0000] {processor.py:161} INFO - Started process (PID=3067) to work on /home/airflow/.local/lib/python3.12/site-packages/airflow/example_dags/example_sensor_decorator.py
[2026-05-25T07:30:49.789+0000] {processor.py:830} INFO - Processing file /home/airflow/.local/lib/python3.12/site-packages/airflow/example_dags/example_sensor_decorator.py for tasks to queue
[2026-05-25T07:30:49.798+0000] {logging_mixin.py:188} INFO - [2026-05-25T07:30:49.796+0000] {dagbag.py:545} INFO - Filling up the DagBag from /home/airflow/.local/lib/python3.12/site-packages/airflow/example_dags/example_sensor_decorator.py
[2026-05-25T07:30:49.825+0000] {processor.py:840} INFO - DAG(s) 'example_sensor_decorator' retrieved from /home/airflow/.local/lib/python3.12/site-packages/airflow/example_dags/example_sensor_decorator.py
[2026-05-25T07:30:49.904+0000] {logging_mixin.py:188} INFO - [2026-05-25T07:30:49.903+0000] {dag.py:3089} INFO - Sync 1 DAGs
[2026-05-25T07:30:49.943+0000] {logging_mixin.py:188} INFO - [2026-05-25T07:30:49.943+0000] {dag.py:3947} INFO - Setting next_dagrun for example_sensor_decorator to None, run_after=None
[2026-05-25T07:30:49.994+0000] {processor.py:183} INFO - Processing /home/airflow/.local/lib/python3.12/site-packages/airflow/example_dags/example_sensor_decorator.py took 0.226 seconds
[2026-05-25T07:31:20.468+0000] {processor.py:161} INFO - Started process (PID=3127) to work on /home/airflow/.local/lib/python3.12/site-packages/airflow/example_dags/example_sensor_decorator.py
[2026-05-25T07:31:20.470+0000] {processor.py:830} INFO - Processing file /home/airflow/.local/lib/python3.12/site-packages/airflow/example_dags/example_sensor_decorator.py for tasks to queue
[2026-05-25T07:31:20.473+0000] {logging_mixin.py:188} INFO - [2026-05-25T07:31:20.473+0000] {dagbag.py:545} INFO - Filling up the DagBag from /home/airflow/.local/lib/python3.12/site-packages/airflow/example_dags/example_sensor_decorator.py
[2026-05-25T07:31:20.484+0000] {processor.py:840} INFO - DAG(s) 'example_sensor_decorator' retrieved from /home/airflow/.local/lib/python3.12/site-packages/airflow/example_dags/example_sensor_decorator.py
[2026-05-25T07:31:20.521+0000] {logging_mixin.py:188} INFO - [2026-05-25T07:31:20.521+0000] {dag.py:3089} INFO - Sync 1 DAGs
[2026-05-25T07:31:20.545+0000] {logging_mixin.py:188} INFO - [2026-05-25T07:31:20.544+0000] {dag.py:3947} INFO - Setting next_dagrun for example_sensor_decorator to None, run_after=None
[2026-05-25T07:31:20.576+0000] {processor.py:183} INFO - Processing /home/airflow/.local/lib/python3.12/site-packages/airflow/example_dags/example_sensor_decorator.py took 0.117 seconds
[2026-05-25T07:31:51.203+0000] {processor.py:161} INFO - Started process (PID=3187) to work on /home/airflow/.local/lib/python3.12/site-packages/airflow/example_dags/example_sensor_decorator.py
[2026-05-25T07:31:51.205+0000] {processor.py:830} INFO - Processing file /home/airflow/.local/lib/python3.12/site-packages/airflow/example_dags/example_sensor_decorator.py for tasks to queue
[2026-05-25T07:31:51.208+0000] {logging_mixin.py:188} INFO - [2026-05-25T07:31:51.208+0000] {dagbag.py:545} INFO - Filling up the DagBag from /home/airflow/.local/lib/python3.12/site-packages/airflow/example_dags/example_sensor_decorator.py
[2026-05-25T07:31:51.218+0000] {processor.py:840} INFO - DAG(s) 'example_sensor_decorator' retrieved from /home/airflow/.local/lib/python3.12/site-packages/airflow/example_dags/example_sensor_decorator.py
[2026-05-25T07:31:51.253+0000] {logging_mixin.py:188} INFO - [2026-05-25T07:31:51.253+0000] {dag.py:3089} INFO - Sync 1 DAGs
[2026-05-25T07:31:51.278+0000] {logging_mixin.py:188} INFO - [2026-05-25T07:31:51.277+0000] {dag.py:3947} INFO - Setting next_dagrun for example_sensor_decorator to None, run_after=None
[2026-05-25T07:31:51.311+0000] {processor.py:183} INFO - Processing /home/airflow/.local/lib/python3.12/site-packages/airflow/example_dags/example_sensor_decorator.py took 0.118 seconds
[2026-05-25T07:32:21.769+0000] {processor.py:161} INFO - Started process (PID=3247) to work on /home/airflow/.local/lib/python3.12/site-packages/airflow/example_dags/example_sensor_decorator.py
[2026-05-25T07:32:21.770+0000] {processor.py:830} INFO - Processing file /home/airflow/.local/lib/python3.12/site-packages/airflow/example_dags/example_sensor_decorator.py for tasks to queue
[2026-05-25T07:32:21.773+0000] {logging_mixin.py:188} INFO - [2026-05-25T07:32:21.773+0000] {dagbag.py:545} INFO - Filling up the DagBag from /home/airflow/.local/lib/python3.12/site-packages/airflow/example_dags/example_sensor_decorator.py
[2026-05-25T07:32:21.782+0000] {processor.py:840} INFO - DAG(s) 'example_sensor_decorator' retrieved from /home/airflow/.local/lib/python3.12/site-packages/airflow/example_dags/example_sensor_decorator.py
[2026-05-25T07:32:21.811+0000] {logging_mixin.py:188} INFO - [2026-05-25T07:32:21.810+0000] {dag.py:3089} INFO - Sync 1 DAGs
[2026-05-25T07:32:21.830+0000] {logging_mixin.py:188} INFO - [2026-05-25T07:32:21.829+0000] {dag.py:3947} INFO - Setting next_dagrun for example_sensor_decorator to None, run_after=None
[2026-05-25T07:32:21.859+0000] {processor.py:183} INFO - Processing /home/airflow/.local/lib/python3.12/site-packages/airflow/example_dags/example_sensor_decorator.py took 0.099 seconds
[2026-05-25T07:32:52.351+0000] {processor.py:161} INFO - Started process (PID=3307) to work on /home/airflow/.local/lib/python3.12/site-packages/airflow/example_dags/example_sensor_decorator.py
[2026-05-25T07:32:52.353+0000] {processor.py:830} INFO - Processing file /home/airflow/.local/lib/python3.12/site-packages/airflow/example_dags/example_sensor_decorator.py for tasks to queue
[2026-05-25T07:32:52.356+0000] {logging_mixin.py:188} INFO - [2026-05-25T07:32:52.355+0000] {dagbag.py:545} INFO - Filling up the DagBag from /home/airflow/.local/lib/python3.12/site-packages/airflow/example_dags/example_sensor_decorator.py
[2026-05-25T07:32:52.365+0000] {processor.py:840} INFO - DAG(s) 'example_sensor_decorator' retrieved from /home/airflow/.local/lib/python3.12/site-packages/airflow/example_dags/example_sensor_decorator.py
[2026-05-25T07:32:52.394+0000] {logging_mixin.py:188} INFO - [2026-05-25T07:32:52.394+0000] {dag.py:3089} INFO - Sync 1 DAGs
[2026-05-25T07:32:52.412+0000] {logging_mixin.py:188} INFO - [2026-05-25T07:32:52.412+0000] {dag.py:3947} INFO - Setting next_dagrun for example_sensor_decorator to None, run_after=None
[2026-05-25T07:32:52.442+0000] {processor.py:183} INFO - Processing /home/airflow/.local/lib/python3.12/site-packages/airflow/example_dags/example_sensor_decorator.py took 0.100 seconds
[2026-05-25T07:33:23.062+0000] {processor.py:161} INFO - Started process (PID=3367) to work on /home/airflow/.local/lib/python3.12/site-packages/airflow/example_dags/example_sensor_decorator.py
[2026-05-25T07:33:23.065+0000] {processor.py:830} INFO - Processing file /home/airflow/.local/lib/python3.12/site-packages/airflow/example_dags/example_sensor_decorator.py for tasks to queue
[2026-05-25T07:33:23.079+0000] {logging_mixin.py:188} INFO - [2026-05-25T07:33:23.078+0000] {dagbag.py:545} INFO - Filling up the DagBag from /home/airflow/.local/lib/python3.12/site-packages/airflow/example_dags/example_sensor_decorator.py
[2026-05-25T07:33:23.118+0000] {processor.py:840} INFO - DAG(s) 'example_sensor_decorator' retrieved from /home/airflow/.local/lib/python3.12/site-packages/airflow/example_dags/example_sensor_decorator.py
[2026-05-25T07:33:23.186+0000] {logging_mixin.py:188} INFO - [2026-05-25T07:33:23.185+0000] {dag.py:3089} INFO - Sync 1 DAGs
[2026-05-25T07:33:23.234+0000] {logging_mixin.py:188} INFO - [2026-05-25T07:33:23.233+0000] {dag.py:3947} INFO - Setting next_dagrun for example_sensor_decorator to None, run_after=None
[2026-05-25T07:33:23.298+0000] {processor.py:183} INFO - Processing /home/airflow/.local/lib/python3.12/site-packages/airflow/example_dags/example_sensor_decorator.py took 0.260 seconds
[2026-05-25T07:33:53.484+0000] {processor.py:161} INFO - Started process (PID=3427) to work on /home/airflow/.local/lib/python3.12/site-packages/airflow/example_dags/example_sensor_decorator.py
[2026-05-25T07:33:53.486+0000] {processor.py:830} INFO - Processing file /home/airflow/.local/lib/python3.12/site-packages/airflow/example_dags/example_sensor_decorator.py for tasks to queue
[2026-05-25T07:33:53.492+0000] {logging_mixin.py:188} INFO - [2026-05-25T07:33:53.491+0000] {dagbag.py:545} INFO - Filling up the DagBag from /home/airflow/.local/lib/python3.12/site-packages/airflow/example_dags/example_sensor_decorator.py
[2026-05-25T07:33:53.504+0000] {processor.py:840} INFO - DAG(s) 'example_sensor_decorator' retrieved from /home/airflow/.local/lib/python3.12/site-packages/airflow/example_dags/example_sensor_decorator.py
[2026-05-25T07:33:53.549+0000] {logging_mixin.py:188} INFO - [2026-05-25T07:33:53.549+0000] {dag.py:3089} INFO - Sync 1 DAGs
[2026-05-25T07:33:53.572+0000] {logging_mixin.py:188} INFO - [2026-05-25T07:33:53.572+0000] {dag.py:3947} INFO - Setting next_dagrun for example_sensor_decorator to None, run_after=None
[2026-05-25T07:33:53.607+0000] {processor.py:183} INFO - Processing /home/airflow/.local/lib/python3.12/site-packages/airflow/example_dags/example_sensor_decorator.py took 0.137 seconds
[2026-05-25T07:34:24.246+0000] {processor.py:161} INFO - Started process (PID=3487) to work on /home/airflow/.local/lib/python3.12/site-packages/airflow/example_dags/example_sensor_decorator.py
[2026-05-25T07:34:24.248+0000] {processor.py:830} INFO - Processing file /home/airflow/.local/lib/python3.12/site-packages/airflow/example_dags/example_sensor_decorator.py for tasks to queue
[2026-05-25T07:34:24.254+0000] {logging_mixin.py:188} INFO - [2026-05-25T07:34:24.253+0000] {dagbag.py:545} INFO - Filling up the DagBag from /home/airflow/.local/lib/python3.12/site-packages/airflow/example_dags/example_sensor_decorator.py
[2026-05-25T07:34:24.267+0000] {processor.py:840} INFO - DAG(s) 'example_sensor_decorator' retrieved from /home/airflow/.local/lib/python3.12/site-packages/airflow/example_dags/example_sensor_decorator.py
[2026-05-25T07:34:24.299+0000] {logging_mixin.py:188} INFO - [2026-05-25T07:34:24.299+0000] {dag.py:3089} INFO - Sync 1 DAGs
[2026-05-25T07:34:24.318+0000] {logging_mixin.py:188} INFO - [2026-05-25T07:34:24.318+0000] {dag.py:3947} INFO - Setting next_dagrun for example_sensor_decorator to None, run_after=None
[2026-05-25T07:34:24.346+0000] {processor.py:183} INFO - Processing /home/airflow/.local/lib/python3.12/site-packages/airflow/example_dags/example_sensor_decorator.py took 0.108 seconds
[2026-05-25T07:34:54.860+0000] {processor.py:161} INFO - Started process (PID=3547) to work on /home/airflow/.local/lib/python3.12/site-packages/airflow/example_dags/example_sensor_decorator.py
[2026-05-25T07:34:54.862+0000] {processor.py:830} INFO - Processing file /home/airflow/.local/lib/python3.12/site-packages/airflow/example_dags/example_sensor_decorator.py for tasks to queue
[2026-05-25T07:34:54.868+0000] {logging_mixin.py:188} INFO - [2026-05-25T07:34:54.867+0000] {dagbag.py:545} INFO - Filling up the DagBag from /home/airflow/.local/lib/python3.12/site-packages/airflow/example_dags/example_sensor_decorator.py
[2026-05-25T07:34:54.888+0000] {processor.py:840} INFO - DAG(s) 'example_sensor_decorator' retrieved from /home/airflow/.local/lib/python3.12/site-packages/airflow/example_dags/example_sensor_decorator.py
[2026-05-25T07:34:54.945+0000] {logging_mixin.py:188} INFO - [2026-05-25T07:34:54.944+0000] {dag.py:3089} INFO - Sync 1 DAGs
[2026-05-25T07:34:54.980+0000] {logging_mixin.py:188} INFO - [2026-05-25T07:34:54.979+0000] {dag.py:3947} INFO - Setting next_dagrun for example_sensor_decorator to None, run_after=None
[2026-05-25T07:34:55.015+0000] {processor.py:183} INFO - Processing /home/airflow/.local/lib/python3.12/site-packages/airflow/example_dags/example_sensor_decorator.py took 0.170 seconds
[2026-05-25T07:35:25.493+0000] {processor.py:161} INFO - Started process (PID=3607) to work on /home/airflow/.local/lib/python3.12/site-packages/airflow/example_dags/example_sensor_decorator.py
[2026-05-25T07:35:25.497+0000] {processor.py:830} INFO - Processing file /home/airflow/.local/lib/python3.12/site-packages/airflow/example_dags/example_sensor_decorator.py for tasks to queue
[2026-05-25T07:35:25.500+0000] {logging_mixin.py:188} INFO - [2026-05-25T07:35:25.500+0000] {dagbag.py:545} INFO - Filling up the DagBag from /home/airflow/.local/lib/python3.12/site-packages/airflow/example_dags/example_sensor_decorator.py
[2026-05-25T07:35:25.512+0000] {processor.py:840} INFO - DAG(s) 'example_sensor_decorator' retrieved from /home/airflow/.local/lib/python3.12/site-packages/airflow/example_dags/example_sensor_decorator.py
[2026-05-25T07:35:25.569+0000] {logging_mixin.py:188} INFO - [2026-05-25T07:35:25.567+0000] {dag.py:3089} INFO - Sync 1 DAGs
[2026-05-25T07:35:25.617+0000] {logging_mixin.py:188} INFO - [2026-05-25T07:35:25.616+0000] {dag.py:3947} INFO - Setting next_dagrun for example_sensor_decorator to None, run_after=None
[2026-05-25T07:35:25.658+0000] {processor.py:183} INFO - Processing /home/airflow/.local/lib/python3.12/site-packages/airflow/example_dags/example_sensor_decorator.py took 0.175 seconds
[2026-05-25T07:35:55.806+0000] {processor.py:161} INFO - Started process (PID=3667) to work on /home/airflow/.local/lib/python3.12/site-packages/airflow/example_dags/example_sensor_decorator.py
[2026-05-25T07:35:55.809+0000] {processor.py:830} INFO - Processing file /home/airflow/.local/lib/python3.12/site-packages/airflow/example_dags/example_sensor_decorator.py for tasks to queue
[2026-05-25T07:35:55.828+0000] {logging_mixin.py:188} INFO - [2026-05-25T07:35:55.826+0000] {dagbag.py:545} INFO - Filling up the DagBag from /home/airflow/.local/lib/python3.12/site-packages/airflow/example_dags/example_sensor_decorator.py
[2026-05-25T07:35:55.844+0000] {processor.py:840} INFO - DAG(s) 'example_sensor_decorator' retrieved from /home/airflow/.local/lib/python3.12/site-packages/airflow/example_dags/example_sensor_decorator.py
[2026-05-25T07:35:55.892+0000] {logging_mixin.py:188} INFO - [2026-05-25T07:35:55.892+0000] {dag.py:3089} INFO - Sync 1 DAGs
[2026-05-25T07:35:55.916+0000] {logging_mixin.py:188} INFO - [2026-05-25T07:35:55.916+0000] {dag.py:3947} INFO - Setting next_dagrun for example_sensor_decorator to None, run_after=None
[2026-05-25T07:35:55.959+0000] {processor.py:183} INFO - Processing /home/airflow/.local/lib/python3.12/site-packages/airflow/example_dags/example_sensor_decorator.py took 0.189 seconds
[2026-05-25T07:36:26.383+0000] {processor.py:161} INFO - Started process (PID=3727) to work on /home/airflow/.local/lib/python3.12/site-packages/airflow/example_dags/example_sensor_decorator.py
[2026-05-25T07:36:26.385+0000] {processor.py:830} INFO - Processing file /home/airflow/.local/lib/python3.12/site-packages/airflow/example_dags/example_sensor_decorator.py for tasks to queue
[2026-05-25T07:36:26.389+0000] {logging_mixin.py:188} INFO - [2026-05-25T07:36:26.388+0000] {dagbag.py:545} INFO - Filling up the DagBag from /home/airflow/.local/lib/python3.12/site-packages/airflow/example_dags/example_sensor_decorator.py
[2026-05-25T07:36:26.398+0000] {processor.py:840} INFO - DAG(s) 'example_sensor_decorator' retrieved from /home/airflow/.local/lib/python3.12/site-packages/airflow/example_dags/example_sensor_decorator.py
[2026-05-25T07:36:26.447+0000] {logging_mixin.py:188} INFO - [2026-05-25T07:36:26.446+0000] {dag.py:3089} INFO - Sync 1 DAGs
[2026-05-25T07:36:26.482+0000] {logging_mixin.py:188} INFO - [2026-05-25T07:36:26.482+0000] {dag.py:3947} INFO - Setting next_dagrun for example_sensor_decorator to None, run_after=None
[2026-05-25T07:36:26.538+0000] {processor.py:183} INFO - Processing /home/airflow/.local/lib/python3.12/site-packages/airflow/example_dags/example_sensor_decorator.py took 0.165 seconds
[2026-05-25T07:36:59.747+0000] {processor.py:161} INFO - Started process (PID=3787) to work on /home/airflow/.local/lib/python3.12/site-packages/airflow/example_dags/example_sensor_decorator.py
[2026-05-25T07:36:59.751+0000] {processor.py:830} INFO - Processing file /home/airflow/.local/lib/python3.12/site-packages/airflow/example_dags/example_sensor_decorator.py for tasks to queue
[2026-05-25T07:36:59.757+0000] {logging_mixin.py:188} INFO - [2026-05-25T07:36:59.756+0000] {dagbag.py:545} INFO - Filling up the DagBag from /home/airflow/.local/lib/python3.12/site-packages/airflow/example_dags/example_sensor_decorator.py
[2026-05-25T07:36:59.781+0000] {processor.py:840} INFO - DAG(s) 'example_sensor_decorator' retrieved from /home/airflow/.local/lib/python3.12/site-packages/airflow/example_dags/example_sensor_decorator.py
[2026-05-25T07:36:59.847+0000] {logging_mixin.py:188} INFO - [2026-05-25T07:36:59.845+0000] {dag.py:3089} INFO - Sync 1 DAGs
[2026-05-25T07:36:59.879+0000] {logging_mixin.py:188} INFO - [2026-05-25T07:36:59.879+0000] {dag.py:3947} INFO - Setting next_dagrun for example_sensor_decorator to None, run_after=None
[2026-05-25T07:36:59.931+0000] {processor.py:183} INFO - Processing /home/airflow/.local/lib/python3.12/site-packages/airflow/example_dags/example_sensor_decorator.py took 0.212 seconds
[2026-05-25T07:37:31.309+0000] {processor.py:161} INFO - Started process (PID=3846) to work on /home/airflow/.local/lib/python3.12/site-packages/airflow/example_dags/example_sensor_decorator.py
[2026-05-25T07:37:31.317+0000] {processor.py:830} INFO - Processing file /home/airflow/.local/lib/python3.12/site-packages/airflow/example_dags/example_sensor_decorator.py for tasks to queue
[2026-05-25T07:37:31.324+0000] {logging_mixin.py:188} INFO - [2026-05-25T07:37:31.321+0000] {dagbag.py:545} INFO - Filling up the DagBag from /home/airflow/.local/lib/python3.12/site-packages/airflow/example_dags/example_sensor_decorator.py
[2026-05-25T07:37:31.359+0000] {processor.py:840} INFO - DAG(s) 'example_sensor_decorator' retrieved from /home/airflow/.local/lib/python3.12/site-packages/airflow/example_dags/example_sensor_decorator.py
[2026-05-25T07:37:31.424+0000] {logging_mixin.py:188} INFO - [2026-05-25T07:37:31.423+0000] {dag.py:3089} INFO - Sync 1 DAGs
[2026-05-25T07:37:31.525+0000] {logging_mixin.py:188} INFO - [2026-05-25T07:37:31.524+0000] {dag.py:3947} INFO - Setting next_dagrun for example_sensor_decorator to None, run_after=None
[2026-05-25T07:37:31.652+0000] {processor.py:183} INFO - Processing /home/airflow/.local/lib/python3.12/site-packages/airflow/example_dags/example_sensor_decorator.py took 0.368 seconds
[2026-05-25T07:38:03.520+0000] {processor.py:161} INFO - Started process (PID=3906) to work on /home/airflow/.local/lib/python3.12/site-packages/airflow/example_dags/example_sensor_decorator.py
[2026-05-25T07:38:03.527+0000] {processor.py:830} INFO - Processing file /home/airflow/.local/lib/python3.12/site-packages/airflow/example_dags/example_sensor_decorator.py for tasks to queue
[2026-05-25T07:38:03.542+0000] {logging_mixin.py:188} INFO - [2026-05-25T07:38:03.541+0000] {dagbag.py:545} INFO - Filling up the DagBag from /home/airflow/.local/lib/python3.12/site-packages/airflow/example_dags/example_sensor_decorator.py
[2026-05-25T07:38:03.634+0000] {processor.py:840} INFO - DAG(s) 'example_sensor_decorator' retrieved from /home/airflow/.local/lib/python3.12/site-packages/airflow/example_dags/example_sensor_decorator.py
[2026-05-25T07:38:03.887+0000] {logging_mixin.py:188} INFO - [2026-05-25T07:38:03.886+0000] {dag.py:3089} INFO - Sync 1 DAGs
[2026-05-25T07:38:04.105+0000] {logging_mixin.py:188} INFO - [2026-05-25T07:38:04.104+0000] {dag.py:3947} INFO - Setting next_dagrun for example_sensor_decorator to None, run_after=None
[2026-05-25T07:38:04.357+0000] {processor.py:183} INFO - Processing /home/airflow/.local/lib/python3.12/site-packages/airflow/example_dags/example_sensor_decorator.py took 0.981 seconds
[2026-05-25T07:38:35.137+0000] {processor.py:161} INFO - Started process (PID=3965) to work on /home/airflow/.local/lib/python3.12/site-packages/airflow/example_dags/example_sensor_decorator.py
[2026-05-25T07:38:35.139+0000] {processor.py:830} INFO - Processing file /home/airflow/.local/lib/python3.12/site-packages/airflow/example_dags/example_sensor_decorator.py for tasks to queue
[2026-05-25T07:38:35.142+0000] {logging_mixin.py:188} INFO - [2026-05-25T07:38:35.141+0000] {dagbag.py:545} INFO - Filling up the DagBag from /home/airflow/.local/lib/python3.12/site-packages/airflow/example_dags/example_sensor_decorator.py
[2026-05-25T07:38:35.152+0000] {processor.py:840} INFO - DAG(s) 'example_sensor_decorator' retrieved from /home/airflow/.local/lib/python3.12/site-packages/airflow/example_dags/example_sensor_decorator.py
[2026-05-25T07:38:35.347+0000] {logging_mixin.py:188} INFO - [2026-05-25T07:38:35.346+0000] {dag.py:3089} INFO - Sync 1 DAGs
[2026-05-25T07:38:35.364+0000] {logging_mixin.py:188} INFO - [2026-05-25T07:38:35.364+0000] {dag.py:3947} INFO - Setting next_dagrun for example_sensor_decorator to None, run_after=None
[2026-05-25T07:38:35.400+0000] {processor.py:183} INFO - Processing /home/airflow/.local/lib/python3.12/site-packages/airflow/example_dags/example_sensor_decorator.py took 0.274 seconds
[2026-05-25T07:39:05.776+0000] {processor.py:161} INFO - Started process (PID=4022) to work on /home/airflow/.local/lib/python3.12/site-packages/airflow/example_dags/example_sensor_decorator.py
[2026-05-25T07:39:05.778+0000] {processor.py:830} INFO - Processing file /home/airflow/.local/lib/python3.12/site-packages/airflow/example_dags/example_sensor_decorator.py for tasks to queue
[2026-05-25T07:39:05.782+0000] {logging_mixin.py:188} INFO - [2026-05-25T07:39:05.782+0000] {dagbag.py:545} INFO - Filling up the DagBag from /home/airflow/.local/lib/python3.12/site-packages/airflow/example_dags/example_sensor_decorator.py
[2026-05-25T07:39:05.792+0000] {processor.py:840} INFO - DAG(s) 'example_sensor_decorator' retrieved from /home/airflow/.local/lib/python3.12/site-packages/airflow/example_dags/example_sensor_decorator.py
[2026-05-25T07:39:05.829+0000] {logging_mixin.py:188} INFO - [2026-05-25T07:39:05.829+0000] {dag.py:3089} INFO - Sync 1 DAGs
[2026-05-25T07:39:05.852+0000] {logging_mixin.py:188} INFO - [2026-05-25T07:39:05.851+0000] {dag.py:3947} INFO - Setting next_dagrun for example_sensor_decorator to None, run_after=None
[2026-05-25T07:39:05.889+0000] {processor.py:183} INFO - Processing /home/airflow/.local/lib/python3.12/site-packages/airflow/example_dags/example_sensor_decorator.py took 0.123 seconds
[2026-05-25T07:39:36.353+0000] {processor.py:161} INFO - Started process (PID=4082) to work on /home/airflow/.local/lib/python3.12/site-packages/airflow/example_dags/example_sensor_decorator.py
[2026-05-25T07:39:36.356+0000] {processor.py:830} INFO - Processing file /home/airflow/.local/lib/python3.12/site-packages/airflow/example_dags/example_sensor_decorator.py for tasks to queue
[2026-05-25T07:39:36.361+0000] {logging_mixin.py:188} INFO - [2026-05-25T07:39:36.360+0000] {dagbag.py:545} INFO - Filling up the DagBag from /home/airflow/.local/lib/python3.12/site-packages/airflow/example_dags/example_sensor_decorator.py
[2026-05-25T07:39:36.376+0000] {processor.py:840} INFO - DAG(s) 'example_sensor_decorator' retrieved from /home/airflow/.local/lib/python3.12/site-packages/airflow/example_dags/example_sensor_decorator.py
[2026-05-25T07:39:36.428+0000] {logging_mixin.py:188} INFO - [2026-05-25T07:39:36.427+0000] {dag.py:3089} INFO - Sync 1 DAGs
[2026-05-25T07:39:36.458+0000] {logging_mixin.py:188} INFO - [2026-05-25T07:39:36.458+0000] {dag.py:3947} INFO - Setting next_dagrun for example_sensor_decorator to None, run_after=None
[2026-05-25T07:39:36.513+0000] {processor.py:183} INFO - Processing /home/airflow/.local/lib/python3.12/site-packages/airflow/example_dags/example_sensor_decorator.py took 0.171 seconds
[2026-05-25T07:40:06.802+0000] {processor.py:161} INFO - Started process (PID=4142) to work on /home/airflow/.local/lib/python3.12/site-packages/airflow/example_dags/example_sensor_decorator.py
[2026-05-25T07:40:06.805+0000] {processor.py:830} INFO - Processing file /home/airflow/.local/lib/python3.12/site-packages/airflow/example_dags/example_sensor_decorator.py for tasks to queue
[2026-05-25T07:40:06.812+0000] {logging_mixin.py:188} INFO - [2026-05-25T07:40:06.810+0000] {dagbag.py:545} INFO - Filling up the DagBag from /home/airflow/.local/lib/python3.12/site-packages/airflow/example_dags/example_sensor_decorator.py
[2026-05-25T07:40:06.843+0000] {processor.py:840} INFO - DAG(s) 'example_sensor_decorator' retrieved from /home/airflow/.local/lib/python3.12/site-packages/airflow/example_dags/example_sensor_decorator.py
[2026-05-25T07:40:06.917+0000] {logging_mixin.py:188} INFO - [2026-05-25T07:40:06.916+0000] {dag.py:3089} INFO - Sync 1 DAGs
[2026-05-25T07:40:06.977+0000] {logging_mixin.py:188} INFO - [2026-05-25T07:40:06.967+0000] {dag.py:3947} INFO - Setting next_dagrun for example_sensor_decorator to None, run_after=None
[2026-05-25T07:40:07.050+0000] {processor.py:183} INFO - Processing /home/airflow/.local/lib/python3.12/site-packages/airflow/example_dags/example_sensor_decorator.py took 0.277 seconds
[2026-05-25T07:40:37.680+0000] {processor.py:161} INFO - Started process (PID=4202) to work on /home/airflow/.local/lib/python3.12/site-packages/airflow/example_dags/example_sensor_decorator.py
[2026-05-25T07:40:37.683+0000] {processor.py:830} INFO - Processing file /home/airflow/.local/lib/python3.12/site-packages/airflow/example_dags/example_sensor_decorator.py for tasks to queue
[2026-05-25T07:40:37.686+0000] {logging_mixin.py:188} INFO - [2026-05-25T07:40:37.686+0000] {dagbag.py:545} INFO - Filling up the DagBag from /home/airflow/.local/lib/python3.12/site-packages/airflow/example_dags/example_sensor_decorator.py
[2026-05-25T07:40:37.700+0000] {processor.py:840} INFO - DAG(s) 'example_sensor_decorator' retrieved from /home/airflow/.local/lib/python3.12/site-packages/airflow/example_dags/example_sensor_decorator.py
[2026-05-25T07:40:37.743+0000] {logging_mixin.py:188} INFO - [2026-05-25T07:40:37.742+0000] {dag.py:3089} INFO - Sync 1 DAGs
[2026-05-25T07:40:37.768+0000] {logging_mixin.py:188} INFO - [2026-05-25T07:40:37.768+0000] {dag.py:3947} INFO - Setting next_dagrun for example_sensor_decorator to None, run_after=None
[2026-05-25T07:40:37.823+0000] {processor.py:183} INFO - Processing /home/airflow/.local/lib/python3.12/site-packages/airflow/example_dags/example_sensor_decorator.py took 0.157 seconds
[2026-05-25T07:41:08.111+0000] {processor.py:161} INFO - Started process (PID=4263) to work on /home/airflow/.local/lib/python3.12/site-packages/airflow/example_dags/example_sensor_decorator.py
[2026-05-25T07:41:08.114+0000] {processor.py:830} INFO - Processing file /home/airflow/.local/lib/python3.12/site-packages/airflow/example_dags/example_sensor_decorator.py for tasks to queue
[2026-05-25T07:41:08.120+0000] {logging_mixin.py:188} INFO - [2026-05-25T07:41:08.118+0000] {dagbag.py:545} INFO - Filling up the DagBag from /home/airflow/.local/lib/python3.12/site-packages/airflow/example_dags/example_sensor_decorator.py
[2026-05-25T07:41:08.136+0000] {processor.py:840} INFO - DAG(s) 'example_sensor_decorator' retrieved from /home/airflow/.local/lib/python3.12/site-packages/airflow/example_dags/example_sensor_decorator.py
[2026-05-25T07:41:08.225+0000] {logging_mixin.py:188} INFO - [2026-05-25T07:41:08.224+0000] {dag.py:3089} INFO - Sync 1 DAGs
[2026-05-25T07:41:08.313+0000] {logging_mixin.py:188} INFO - [2026-05-25T07:41:08.312+0000] {dag.py:3947} INFO - Setting next_dagrun for example_sensor_decorator to None, run_after=None
[2026-05-25T07:41:08.410+0000] {processor.py:183} INFO - Processing /home/airflow/.local/lib/python3.12/site-packages/airflow/example_dags/example_sensor_decorator.py took 0.322 seconds
[2026-05-25T07:41:38.663+0000] {processor.py:161} INFO - Started process (PID=4323) to work on /home/airflow/.local/lib/python3.12/site-packages/airflow/example_dags/example_sensor_decorator.py
[2026-05-25T07:41:38.665+0000] {processor.py:830} INFO - Processing file /home/airflow/.local/lib/python3.12/site-packages/airflow/example_dags/example_sensor_decorator.py for tasks to queue
[2026-05-25T07:41:38.671+0000] {logging_mixin.py:188} INFO - [2026-05-25T07:41:38.669+0000] {dagbag.py:545} INFO - Filling up the DagBag from /home/airflow/.local/lib/python3.12/site-packages/airflow/example_dags/example_sensor_decorator.py
[2026-05-25T07:41:38.695+0000] {processor.py:840} INFO - DAG(s) 'example_sensor_decorator' retrieved from /home/airflow/.local/lib/python3.12/site-packages/airflow/example_dags/example_sensor_decorator.py
[2026-05-25T07:41:38.756+0000] {logging_mixin.py:188} INFO - [2026-05-25T07:41:38.754+0000] {dag.py:3089} INFO - Sync 1 DAGs
[2026-05-25T07:41:38.808+0000] {logging_mixin.py:188} INFO - [2026-05-25T07:41:38.807+0000] {dag.py:3947} INFO - Setting next_dagrun for example_sensor_decorator to None, run_after=None
[2026-05-25T07:41:38.868+0000] {processor.py:183} INFO - Processing /home/airflow/.local/lib/python3.12/site-packages/airflow/example_dags/example_sensor_decorator.py took 0.232 seconds
[2026-05-25T07:42:09.001+0000] {processor.py:161} INFO - Started process (PID=4383) to work on /home/airflow/.local/lib/python3.12/site-packages/airflow/example_dags/example_sensor_decorator.py
[2026-05-25T07:42:09.003+0000] {processor.py:830} INFO - Processing file /home/airflow/.local/lib/python3.12/site-packages/airflow/example_dags/example_sensor_decorator.py for tasks to queue
[2026-05-25T07:42:09.007+0000] {logging_mixin.py:188} INFO - [2026-05-25T07:42:09.006+0000] {dagbag.py:545} INFO - Filling up the DagBag from /home/airflow/.local/lib/python3.12/site-packages/airflow/example_dags/example_sensor_decorator.py
[2026-05-25T07:42:09.020+0000] {processor.py:840} INFO - DAG(s) 'example_sensor_decorator' retrieved from /home/airflow/.local/lib/python3.12/site-packages/airflow/example_dags/example_sensor_decorator.py
[2026-05-25T07:42:09.079+0000] {logging_mixin.py:188} INFO - [2026-05-25T07:42:09.078+0000] {dag.py:3089} INFO - Sync 1 DAGs
[2026-05-25T07:42:09.129+0000] {logging_mixin.py:188} INFO - [2026-05-25T07:42:09.128+0000] {dag.py:3947} INFO - Setting next_dagrun for example_sensor_decorator to None, run_after=None
[2026-05-25T07:42:09.206+0000] {processor.py:183} INFO - Processing /home/airflow/.local/lib/python3.12/site-packages/airflow/example_dags/example_sensor_decorator.py took 0.219 seconds
[2026-05-25T07:42:39.330+0000] {processor.py:161} INFO - Started process (PID=4443) to work on /home/airflow/.local/lib/python3.12/site-packages/airflow/example_dags/example_sensor_decorator.py
[2026-05-25T07:42:39.332+0000] {processor.py:830} INFO - Processing file /home/airflow/.local/lib/python3.12/site-packages/airflow/example_dags/example_sensor_decorator.py for tasks to queue
[2026-05-25T07:42:39.336+0000] {logging_mixin.py:188} INFO - [2026-05-25T07:42:39.335+0000] {dagbag.py:545} INFO - Filling up the DagBag from /home/airflow/.local/lib/python3.12/site-packages/airflow/example_dags/example_sensor_decorator.py
[2026-05-25T07:42:39.349+0000] {processor.py:840} INFO - DAG(s) 'example_sensor_decorator' retrieved from /home/airflow/.local/lib/python3.12/site-packages/airflow/example_dags/example_sensor_decorator.py
[2026-05-25T07:42:39.385+0000] {logging_mixin.py:188} INFO - [2026-05-25T07:42:39.385+0000] {dag.py:3089} INFO - Sync 1 DAGs
[2026-05-25T07:42:39.405+0000] {logging_mixin.py:188} INFO - [2026-05-25T07:42:39.405+0000] {dag.py:3947} INFO - Setting next_dagrun for example_sensor_decorator to None, run_after=None
[2026-05-25T07:42:39.441+0000] {processor.py:183} INFO - Processing /home/airflow/.local/lib/python3.12/site-packages/airflow/example_dags/example_sensor_decorator.py took 0.133 seconds
[2026-05-25T07:43:10.008+0000] {processor.py:161} INFO - Started process (PID=4500) to work on /home/airflow/.local/lib/python3.12/site-packages/airflow/example_dags/example_sensor_decorator.py
[2026-05-25T07:43:10.009+0000] {processor.py:830} INFO - Processing file /home/airflow/.local/lib/python3.12/site-packages/airflow/example_dags/example_sensor_decorator.py for tasks to queue
[2026-05-25T07:43:10.013+0000] {logging_mixin.py:188} INFO - [2026-05-25T07:43:10.012+0000] {dagbag.py:545} INFO - Filling up the DagBag from /home/airflow/.local/lib/python3.12/site-packages/airflow/example_dags/example_sensor_decorator.py
[2026-05-25T07:43:10.022+0000] {processor.py:840} INFO - DAG(s) 'example_sensor_decorator' retrieved from /home/airflow/.local/lib/python3.12/site-packages/airflow/example_dags/example_sensor_decorator.py
[2026-05-25T07:43:10.055+0000] {logging_mixin.py:188} INFO - [2026-05-25T07:43:10.054+0000] {dag.py:3089} INFO - Sync 1 DAGs
[2026-05-25T07:43:10.073+0000] {logging_mixin.py:188} INFO - [2026-05-25T07:43:10.073+0000] {dag.py:3947} INFO - Setting next_dagrun for example_sensor_decorator to None, run_after=None
[2026-05-25T07:43:10.104+0000] {processor.py:183} INFO - Processing /home/airflow/.local/lib/python3.12/site-packages/airflow/example_dags/example_sensor_decorator.py took 0.105 seconds
[2026-05-25T07:43:40.479+0000] {processor.py:161} INFO - Started process (PID=4560) to work on /home/airflow/.local/lib/python3.12/site-packages/airflow/example_dags/example_sensor_decorator.py
[2026-05-25T07:43:40.480+0000] {processor.py:830} INFO - Processing file /home/airflow/.local/lib/python3.12/site-packages/airflow/example_dags/example_sensor_decorator.py for tasks to queue
[2026-05-25T07:43:40.484+0000] {logging_mixin.py:188} INFO - [2026-05-25T07:43:40.483+0000] {dagbag.py:545} INFO - Filling up the DagBag from /home/airflow/.local/lib/python3.12/site-packages/airflow/example_dags/example_sensor_decorator.py
[2026-05-25T07:43:40.494+0000] {processor.py:840} INFO - DAG(s) 'example_sensor_decorator' retrieved from /home/airflow/.local/lib/python3.12/site-packages/airflow/example_dags/example_sensor_decorator.py
[2026-05-25T07:43:40.532+0000] {logging_mixin.py:188} INFO - [2026-05-25T07:43:40.531+0000] {dag.py:3089} INFO - Sync 1 DAGs
[2026-05-25T07:43:40.558+0000] {logging_mixin.py:188} INFO - [2026-05-25T07:43:40.557+0000] {dag.py:3947} INFO - Setting next_dagrun for example_sensor_decorator to None, run_after=None
[2026-05-25T07:43:40.603+0000] {processor.py:183} INFO - Processing /home/airflow/.local/lib/python3.12/site-packages/airflow/example_dags/example_sensor_decorator.py took 0.133 seconds
[2026-05-25T07:44:11.599+0000] {processor.py:161} INFO - Started process (PID=4619) to work on /home/airflow/.local/lib/python3.12/site-packages/airflow/example_dags/example_sensor_decorator.py
[2026-05-25T07:44:11.601+0000] {processor.py:830} INFO - Processing file /home/airflow/.local/lib/python3.12/site-packages/airflow/example_dags/example_sensor_decorator.py for tasks to queue
[2026-05-25T07:44:11.606+0000] {logging_mixin.py:188} INFO - [2026-05-25T07:44:11.605+0000] {dagbag.py:545} INFO - Filling up the DagBag from /home/airflow/.local/lib/python3.12/site-packages/airflow/example_dags/example_sensor_decorator.py
[2026-05-25T07:44:11.623+0000] {processor.py:840} INFO - DAG(s) 'example_sensor_decorator' retrieved from /home/airflow/.local/lib/python3.12/site-packages/airflow/example_dags/example_sensor_decorator.py
[2026-05-25T07:44:11.676+0000] {logging_mixin.py:188} INFO - [2026-05-25T07:44:11.676+0000] {dag.py:3089} INFO - Sync 1 DAGs
[2026-05-25T07:44:11.701+0000] {logging_mixin.py:188} INFO - [2026-05-25T07:44:11.700+0000] {dag.py:3947} INFO - Setting next_dagrun for example_sensor_decorator to None, run_after=None
[2026-05-25T07:44:11.731+0000] {processor.py:183} INFO - Processing /home/airflow/.local/lib/python3.12/site-packages/airflow/example_dags/example_sensor_decorator.py took 0.143 seconds
[2026-05-25T07:44:41.998+0000] {processor.py:161} INFO - Started process (PID=4679) to work on /home/airflow/.local/lib/python3.12/site-packages/airflow/example_dags/example_sensor_decorator.py
[2026-05-25T07:44:42.000+0000] {processor.py:830} INFO - Processing file /home/airflow/.local/lib/python3.12/site-packages/airflow/example_dags/example_sensor_decorator.py for tasks to queue
[2026-05-25T07:44:42.003+0000] {logging_mixin.py:188} INFO - [2026-05-25T07:44:42.003+0000] {dagbag.py:545} INFO - Filling up the DagBag from /home/airflow/.local/lib/python3.12/site-packages/airflow/example_dags/example_sensor_decorator.py
[2026-05-25T07:44:42.013+0000] {processor.py:840} INFO - DAG(s) 'example_sensor_decorator' retrieved from /home/airflow/.local/lib/python3.12/site-packages/airflow/example_dags/example_sensor_decorator.py
[2026-05-25T07:44:42.043+0000] {logging_mixin.py:188} INFO - [2026-05-25T07:44:42.043+0000] {dag.py:3089} INFO - Sync 1 DAGs
[2026-05-25T07:44:42.063+0000] {logging_mixin.py:188} INFO - [2026-05-25T07:44:42.062+0000] {dag.py:3947} INFO - Setting next_dagrun for example_sensor_decorator to None, run_after=None
[2026-05-25T07:44:42.093+0000] {processor.py:183} INFO - Processing /home/airflow/.local/lib/python3.12/site-packages/airflow/example_dags/example_sensor_decorator.py took 0.104 seconds
[2026-05-25T07:45:13.120+0000] {processor.py:161} INFO - Started process (PID=4739) to work on /home/airflow/.local/lib/python3.12/site-packages/airflow/example_dags/example_sensor_decorator.py
[2026-05-25T07:45:13.122+0000] {processor.py:830} INFO - Processing file /home/airflow/.local/lib/python3.12/site-packages/airflow/example_dags/example_sensor_decorator.py for tasks to queue
[2026-05-25T07:45:13.125+0000] {logging_mixin.py:188} INFO - [2026-05-25T07:45:13.125+0000] {dagbag.py:545} INFO - Filling up the DagBag from /home/airflow/.local/lib/python3.12/site-packages/airflow/example_dags/example_sensor_decorator.py
[2026-05-25T07:45:13.135+0000] {processor.py:840} INFO - DAG(s) 'example_sensor_decorator' retrieved from /home/airflow/.local/lib/python3.12/site-packages/airflow/example_dags/example_sensor_decorator.py
[2026-05-25T07:45:13.167+0000] {logging_mixin.py:188} INFO - [2026-05-25T07:45:13.167+0000] {dag.py:3089} INFO - Sync 1 DAGs
[2026-05-25T07:45:13.190+0000] {logging_mixin.py:188} INFO - [2026-05-25T07:45:13.189+0000] {dag.py:3947} INFO - Setting next_dagrun for example_sensor_decorator to None, run_after=None
[2026-05-25T07:45:13.222+0000] {processor.py:183} INFO - Processing /home/airflow/.local/lib/python3.12/site-packages/airflow/example_dags/example_sensor_decorator.py took 0.113 seconds
[2026-05-25T07:45:43.750+0000] {processor.py:161} INFO - Started process (PID=4799) to work on /home/airflow/.local/lib/python3.12/site-packages/airflow/example_dags/example_sensor_decorator.py
[2026-05-25T07:45:43.752+0000] {processor.py:830} INFO - Processing file /home/airflow/.local/lib/python3.12/site-packages/airflow/example_dags/example_sensor_decorator.py for tasks to queue
[2026-05-25T07:45:43.756+0000] {logging_mixin.py:188} INFO - [2026-05-25T07:45:43.755+0000] {dagbag.py:545} INFO - Filling up the DagBag from /home/airflow/.local/lib/python3.12/site-packages/airflow/example_dags/example_sensor_decorator.py
[2026-05-25T07:45:43.769+0000] {processor.py:840} INFO - DAG(s) 'example_sensor_decorator' retrieved from /home/airflow/.local/lib/python3.12/site-packages/airflow/example_dags/example_sensor_decorator.py
[2026-05-25T07:45:43.814+0000] {logging_mixin.py:188} INFO - [2026-05-25T07:45:43.813+0000] {dag.py:3089} INFO - Sync 1 DAGs
[2026-05-25T07:45:43.847+0000] {logging_mixin.py:188} INFO - [2026-05-25T07:45:43.847+0000] {dag.py:3947} INFO - Setting next_dagrun for example_sensor_decorator to None, run_after=None
[2026-05-25T07:45:43.895+0000] {processor.py:183} INFO - Processing /home/airflow/.local/lib/python3.12/site-packages/airflow/example_dags/example_sensor_decorator.py took 0.176 seconds
[2026-05-25T07:46:14.248+0000] {processor.py:161} INFO - Started process (PID=4859) to work on /home/airflow/.local/lib/python3.12/site-packages/airflow/example_dags/example_sensor_decorator.py
[2026-05-25T07:46:14.250+0000] {processor.py:830} INFO - Processing file /home/airflow/.local/lib/python3.12/site-packages/airflow/example_dags/example_sensor_decorator.py for tasks to queue
[2026-05-25T07:46:14.253+0000] {logging_mixin.py:188} INFO - [2026-05-25T07:46:14.253+0000] {dagbag.py:545} INFO - Filling up the DagBag from /home/airflow/.local/lib/python3.12/site-packages/airflow/example_dags/example_sensor_decorator.py
[2026-05-25T07:46:14.262+0000] {processor.py:840} INFO - DAG(s) 'example_sensor_decorator' retrieved from /home/airflow/.local/lib/python3.12/site-packages/airflow/example_dags/example_sensor_decorator.py
[2026-05-25T07:46:14.291+0000] {logging_mixin.py:188} INFO - [2026-05-25T07:46:14.291+0000] {dag.py:3089} INFO - Sync 1 DAGs
[2026-05-25T07:46:14.311+0000] {logging_mixin.py:188} INFO - [2026-05-25T07:46:14.311+0000] {dag.py:3947} INFO - Setting next_dagrun for example_sensor_decorator to None, run_after=None
[2026-05-25T07:46:14.341+0000] {processor.py:183} INFO - Processing /home/airflow/.local/lib/python3.12/site-packages/airflow/example_dags/example_sensor_decorator.py took 0.104 seconds
[2026-05-25T07:46:45.222+0000] {processor.py:161} INFO - Started process (PID=4919) to work on /home/airflow/.local/lib/python3.12/site-packages/airflow/example_dags/example_sensor_decorator.py
[2026-05-25T07:46:45.224+0000] {processor.py:830} INFO - Processing file /home/airflow/.local/lib/python3.12/site-packages/airflow/example_dags/example_sensor_decorator.py for tasks to queue
[2026-05-25T07:46:45.228+0000] {logging_mixin.py:188} INFO - [2026-05-25T07:46:45.227+0000] {dagbag.py:545} INFO - Filling up the DagBag from /home/airflow/.local/lib/python3.12/site-packages/airflow/example_dags/example_sensor_decorator.py
[2026-05-25T07:46:45.239+0000] {processor.py:840} INFO - DAG(s) 'example_sensor_decorator' retrieved from /home/airflow/.local/lib/python3.12/site-packages/airflow/example_dags/example_sensor_decorator.py
[2026-05-25T07:46:45.281+0000] {logging_mixin.py:188} INFO - [2026-05-25T07:46:45.280+0000] {dag.py:3089} INFO - Sync 1 DAGs
[2026-05-25T07:46:45.303+0000] {logging_mixin.py:188} INFO - [2026-05-25T07:46:45.303+0000] {dag.py:3947} INFO - Setting next_dagrun for example_sensor_decorator to None, run_after=None
[2026-05-25T07:46:45.337+0000] {processor.py:183} INFO - Processing /home/airflow/.local/lib/python3.12/site-packages/airflow/example_dags/example_sensor_decorator.py took 0.127 seconds
[2026-05-25T07:47:15.747+0000] {processor.py:161} INFO - Started process (PID=4979) to work on /home/airflow/.local/lib/python3.12/site-packages/airflow/example_dags/example_sensor_decorator.py
[2026-05-25T07:47:15.749+0000] {processor.py:830} INFO - Processing file /home/airflow/.local/lib/python3.12/site-packages/airflow/example_dags/example_sensor_decorator.py for tasks to queue
[2026-05-25T07:47:15.753+0000] {logging_mixin.py:188} INFO - [2026-05-25T07:47:15.752+0000] {dagbag.py:545} INFO - Filling up the DagBag from /home/airflow/.local/lib/python3.12/site-packages/airflow/example_dags/example_sensor_decorator.py
[2026-05-25T07:47:15.764+0000] {processor.py:840} INFO - DAG(s) 'example_sensor_decorator' retrieved from /home/airflow/.local/lib/python3.12/site-packages/airflow/example_dags/example_sensor_decorator.py
[2026-05-25T07:47:15.806+0000] {logging_mixin.py:188} INFO - [2026-05-25T07:47:15.805+0000] {dag.py:3089} INFO - Sync 1 DAGs
[2026-05-25T07:47:15.830+0000] {logging_mixin.py:188} INFO - [2026-05-25T07:47:15.829+0000] {dag.py:3947} INFO - Setting next_dagrun for example_sensor_decorator to None, run_after=None
[2026-05-25T07:47:15.889+0000] {processor.py:183} INFO - Processing /home/airflow/.local/lib/python3.12/site-packages/airflow/example_dags/example_sensor_decorator.py took 0.156 seconds
[2026-05-25T07:47:46.839+0000] {processor.py:161} INFO - Started process (PID=5039) to work on /home/airflow/.local/lib/python3.12/site-packages/airflow/example_dags/example_sensor_decorator.py
[2026-05-25T07:47:46.841+0000] {processor.py:830} INFO - Processing file /home/airflow/.local/lib/python3.12/site-packages/airflow/example_dags/example_sensor_decorator.py for tasks to queue
[2026-05-25T07:47:46.845+0000] {logging_mixin.py:188} INFO - [2026-05-25T07:47:46.845+0000] {dagbag.py:545} INFO - Filling up the DagBag from /home/airflow/.local/lib/python3.12/site-packages/airflow/example_dags/example_sensor_decorator.py
[2026-05-25T07:47:46.857+0000] {processor.py:840} INFO - DAG(s) 'example_sensor_decorator' retrieved from /home/airflow/.local/lib/python3.12/site-packages/airflow/example_dags/example_sensor_decorator.py
[2026-05-25T07:47:46.898+0000] {logging_mixin.py:188} INFO - [2026-05-25T07:47:46.898+0000] {dag.py:3089} INFO - Sync 1 DAGs
[2026-05-25T07:47:46.921+0000] {logging_mixin.py:188} INFO - [2026-05-25T07:47:46.920+0000] {dag.py:3947} INFO - Setting next_dagrun for example_sensor_decorator to None, run_after=None
[2026-05-25T07:47:46.956+0000] {processor.py:183} INFO - Processing /home/airflow/.local/lib/python3.12/site-packages/airflow/example_dags/example_sensor_decorator.py took 0.132 seconds
[2026-05-25T07:48:17.858+0000] {processor.py:161} INFO - Started process (PID=5099) to work on /home/airflow/.local/lib/python3.12/site-packages/airflow/example_dags/example_sensor_decorator.py
[2026-05-25T07:48:17.860+0000] {processor.py:830} INFO - Processing file /home/airflow/.local/lib/python3.12/site-packages/airflow/example_dags/example_sensor_decorator.py for tasks to queue
[2026-05-25T07:48:17.865+0000] {logging_mixin.py:188} INFO - [2026-05-25T07:48:17.864+0000] {dagbag.py:545} INFO - Filling up the DagBag from /home/airflow/.local/lib/python3.12/site-packages/airflow/example_dags/example_sensor_decorator.py
[2026-05-25T07:48:17.879+0000] {processor.py:840} INFO - DAG(s) 'example_sensor_decorator' retrieved from /home/airflow/.local/lib/python3.12/site-packages/airflow/example_dags/example_sensor_decorator.py
[2026-05-25T07:48:17.934+0000] {logging_mixin.py:188} INFO - [2026-05-25T07:48:17.933+0000] {dag.py:3089} INFO - Sync 1 DAGs
[2026-05-25T07:48:17.965+0000] {logging_mixin.py:188} INFO - [2026-05-25T07:48:17.965+0000] {dag.py:3947} INFO - Setting next_dagrun for example_sensor_decorator to None, run_after=None
[2026-05-25T07:48:18.015+0000] {processor.py:183} INFO - Processing /home/airflow/.local/lib/python3.12/site-packages/airflow/example_dags/example_sensor_decorator.py took 0.172 seconds
[2026-05-25T07:48:48.612+0000] {processor.py:161} INFO - Started process (PID=5159) to work on /home/airflow/.local/lib/python3.12/site-packages/airflow/example_dags/example_sensor_decorator.py
[2026-05-25T07:48:48.614+0000] {processor.py:830} INFO - Processing file /home/airflow/.local/lib/python3.12/site-packages/airflow/example_dags/example_sensor_decorator.py for tasks to queue
[2026-05-25T07:48:48.620+0000] {logging_mixin.py:188} INFO - [2026-05-25T07:48:48.619+0000] {dagbag.py:545} INFO - Filling up the DagBag from /home/airflow/.local/lib/python3.12/site-packages/airflow/example_dags/example_sensor_decorator.py
[2026-05-25T07:48:48.632+0000] {processor.py:840} INFO - DAG(s) 'example_sensor_decorator' retrieved from /home/airflow/.local/lib/python3.12/site-packages/airflow/example_dags/example_sensor_decorator.py
[2026-05-25T07:48:48.675+0000] {logging_mixin.py:188} INFO - [2026-05-25T07:48:48.674+0000] {dag.py:3089} INFO - Sync 1 DAGs
[2026-05-25T07:48:48.705+0000] {logging_mixin.py:188} INFO - [2026-05-25T07:48:48.705+0000] {dag.py:3947} INFO - Setting next_dagrun for example_sensor_decorator to None, run_after=None
[2026-05-25T07:48:48.741+0000] {processor.py:183} INFO - Processing /home/airflow/.local/lib/python3.12/site-packages/airflow/example_dags/example_sensor_decorator.py took 0.142 seconds
[2026-05-25T07:49:19.026+0000] {processor.py:161} INFO - Started process (PID=5219) to work on /home/airflow/.local/lib/python3.12/site-packages/airflow/example_dags/example_sensor_decorator.py
[2026-05-25T07:49:19.029+0000] {processor.py:830} INFO - Processing file /home/airflow/.local/lib/python3.12/site-packages/airflow/example_dags/example_sensor_decorator.py for tasks to queue
[2026-05-25T07:49:19.033+0000] {logging_mixin.py:188} INFO - [2026-05-25T07:49:19.032+0000] {dagbag.py:545} INFO - Filling up the DagBag from /home/airflow/.local/lib/python3.12/site-packages/airflow/example_dags/example_sensor_decorator.py
[2026-05-25T07:49:19.044+0000] {processor.py:840} INFO - DAG(s) 'example_sensor_decorator' retrieved from /home/airflow/.local/lib/python3.12/site-packages/airflow/example_dags/example_sensor_decorator.py
[2026-05-25T07:49:19.077+0000] {logging_mixin.py:188} INFO - [2026-05-25T07:49:19.077+0000] {dag.py:3089} INFO - Sync 1 DAGs
[2026-05-25T07:49:19.095+0000] {logging_mixin.py:188} INFO - [2026-05-25T07:49:19.095+0000] {dag.py:3947} INFO - Setting next_dagrun for example_sensor_decorator to None, run_after=None
[2026-05-25T07:49:19.127+0000] {processor.py:183} INFO - Processing /home/airflow/.local/lib/python3.12/site-packages/airflow/example_dags/example_sensor_decorator.py took 0.114 seconds
[2026-05-25T07:49:49.880+0000] {processor.py:161} INFO - Started process (PID=5279) to work on /home/airflow/.local/lib/python3.12/site-packages/airflow/example_dags/example_sensor_decorator.py
[2026-05-25T07:49:49.882+0000] {processor.py:830} INFO - Processing file /home/airflow/.local/lib/python3.12/site-packages/airflow/example_dags/example_sensor_decorator.py for tasks to queue
[2026-05-25T07:49:49.885+0000] {logging_mixin.py:188} INFO - [2026-05-25T07:49:49.885+0000] {dagbag.py:545} INFO - Filling up the DagBag from /home/airflow/.local/lib/python3.12/site-packages/airflow/example_dags/example_sensor_decorator.py
[2026-05-25T07:49:49.894+0000] {processor.py:840} INFO - DAG(s) 'example_sensor_decorator' retrieved from /home/airflow/.local/lib/python3.12/site-packages/airflow/example_dags/example_sensor_decorator.py
[2026-05-25T07:49:49.924+0000] {logging_mixin.py:188} INFO - [2026-05-25T07:49:49.924+0000] {dag.py:3089} INFO - Sync 1 DAGs
[2026-05-25T07:49:49.943+0000] {logging_mixin.py:188} INFO - [2026-05-25T07:49:49.943+0000] {dag.py:3947} INFO - Setting next_dagrun for example_sensor_decorator to None, run_after=None
[2026-05-25T07:49:49.974+0000] {processor.py:183} INFO - Processing /home/airflow/.local/lib/python3.12/site-packages/airflow/example_dags/example_sensor_decorator.py took 0.103 seconds
[2026-05-25T07:50:20.490+0000] {processor.py:161} INFO - Started process (PID=5339) to work on /home/airflow/.local/lib/python3.12/site-packages/airflow/example_dags/example_sensor_decorator.py
[2026-05-25T07:50:20.491+0000] {processor.py:830} INFO - Processing file /home/airflow/.local/lib/python3.12/site-packages/airflow/example_dags/example_sensor_decorator.py for tasks to queue
[2026-05-25T07:50:20.495+0000] {logging_mixin.py:188} INFO - [2026-05-25T07:50:20.494+0000] {dagbag.py:545} INFO - Filling up the DagBag from /home/airflow/.local/lib/python3.12/site-packages/airflow/example_dags/example_sensor_decorator.py
[2026-05-25T07:50:20.507+0000] {processor.py:840} INFO - DAG(s) 'example_sensor_decorator' retrieved from /home/airflow/.local/lib/python3.12/site-packages/airflow/example_dags/example_sensor_decorator.py
[2026-05-25T07:50:20.544+0000] {logging_mixin.py:188} INFO - [2026-05-25T07:50:20.543+0000] {dag.py:3089} INFO - Sync 1 DAGs
[2026-05-25T07:50:20.563+0000] {logging_mixin.py:188} INFO - [2026-05-25T07:50:20.563+0000] {dag.py:3947} INFO - Setting next_dagrun for example_sensor_decorator to None, run_after=None
[2026-05-25T07:50:20.593+0000] {processor.py:183} INFO - Processing /home/airflow/.local/lib/python3.12/site-packages/airflow/example_dags/example_sensor_decorator.py took 0.115 seconds
[2026-05-25T07:53:34.667+0000] {processor.py:161} INFO - Started process (PID=87) to work on /home/airflow/.local/lib/python3.12/site-packages/airflow/example_dags/example_sensor_decorator.py
[2026-05-25T07:53:34.669+0000] {processor.py:830} INFO - Processing file /home/airflow/.local/lib/python3.12/site-packages/airflow/example_dags/example_sensor_decorator.py for tasks to queue
[2026-05-25T07:53:34.675+0000] {logging_mixin.py:188} INFO - [2026-05-25T07:53:34.674+0000] {dagbag.py:545} INFO - Filling up the DagBag from /home/airflow/.local/lib/python3.12/site-packages/airflow/example_dags/example_sensor_decorator.py
[2026-05-25T07:53:34.721+0000] {processor.py:840} INFO - DAG(s) 'example_sensor_decorator' retrieved from /home/airflow/.local/lib/python3.12/site-packages/airflow/example_dags/example_sensor_decorator.py
[2026-05-25T07:53:35.344+0000] {logging_mixin.py:188} INFO - [2026-05-25T07:53:35.343+0000] {dag.py:3089} INFO - Sync 1 DAGs
[2026-05-25T07:53:35.402+0000] {logging_mixin.py:188} INFO - [2026-05-25T07:53:35.401+0000] {dag.py:3947} INFO - Setting next_dagrun for example_sensor_decorator to None, run_after=None
[2026-05-25T07:53:35.502+0000] {processor.py:183} INFO - Processing /home/airflow/.local/lib/python3.12/site-packages/airflow/example_dags/example_sensor_decorator.py took 0.867 seconds
[2026-05-25T07:54:07.231+0000] {processor.py:161} INFO - Started process (PID=144) to work on /home/airflow/.local/lib/python3.12/site-packages/airflow/example_dags/example_sensor_decorator.py
[2026-05-25T07:54:07.272+0000] {processor.py:830} INFO - Processing file /home/airflow/.local/lib/python3.12/site-packages/airflow/example_dags/example_sensor_decorator.py for tasks to queue
[2026-05-25T07:54:07.297+0000] {logging_mixin.py:188} INFO - [2026-05-25T07:54:07.296+0000] {dagbag.py:545} INFO - Filling up the DagBag from /home/airflow/.local/lib/python3.12/site-packages/airflow/example_dags/example_sensor_decorator.py
[2026-05-25T07:54:07.389+0000] {processor.py:840} INFO - DAG(s) 'example_sensor_decorator' retrieved from /home/airflow/.local/lib/python3.12/site-packages/airflow/example_dags/example_sensor_decorator.py
[2026-05-25T07:54:07.671+0000] {logging_mixin.py:188} INFO - [2026-05-25T07:54:07.670+0000] {dag.py:3089} INFO - Sync 1 DAGs
[2026-05-25T07:54:08.209+0000] {logging_mixin.py:188} INFO - [2026-05-25T07:54:08.209+0000] {dag.py:3947} INFO - Setting next_dagrun for example_sensor_decorator to None, run_after=None
[2026-05-25T07:54:08.549+0000] {processor.py:183} INFO - Processing /home/airflow/.local/lib/python3.12/site-packages/airflow/example_dags/example_sensor_decorator.py took 1.345 seconds
[2026-05-25T07:54:39.418+0000] {processor.py:161} INFO - Started process (PID=202) to work on /home/airflow/.local/lib/python3.12/site-packages/airflow/example_dags/example_sensor_decorator.py
[2026-05-25T07:54:39.425+0000] {processor.py:830} INFO - Processing file /home/airflow/.local/lib/python3.12/site-packages/airflow/example_dags/example_sensor_decorator.py for tasks to queue
[2026-05-25T07:54:39.445+0000] {logging_mixin.py:188} INFO - [2026-05-25T07:54:39.444+0000] {dagbag.py:545} INFO - Filling up the DagBag from /home/airflow/.local/lib/python3.12/site-packages/airflow/example_dags/example_sensor_decorator.py
[2026-05-25T07:54:39.483+0000] {processor.py:840} INFO - DAG(s) 'example_sensor_decorator' retrieved from /home/airflow/.local/lib/python3.12/site-packages/airflow/example_dags/example_sensor_decorator.py
[2026-05-25T07:54:39.584+0000] {logging_mixin.py:188} INFO - [2026-05-25T07:54:39.584+0000] {dag.py:3089} INFO - Sync 1 DAGs
[2026-05-25T07:54:39.630+0000] {logging_mixin.py:188} INFO - [2026-05-25T07:54:39.627+0000] {dag.py:3947} INFO - Setting next_dagrun for example_sensor_decorator to None, run_after=None
[2026-05-25T07:54:39.761+0000] {processor.py:183} INFO - Processing /home/airflow/.local/lib/python3.12/site-packages/airflow/example_dags/example_sensor_decorator.py took 0.371 seconds
[2026-05-25T07:55:10.684+0000] {processor.py:161} INFO - Started process (PID=262) to work on /home/airflow/.local/lib/python3.12/site-packages/airflow/example_dags/example_sensor_decorator.py
[2026-05-25T07:55:10.686+0000] {processor.py:830} INFO - Processing file /home/airflow/.local/lib/python3.12/site-packages/airflow/example_dags/example_sensor_decorator.py for tasks to queue
[2026-05-25T07:55:10.690+0000] {logging_mixin.py:188} INFO - [2026-05-25T07:55:10.689+0000] {dagbag.py:545} INFO - Filling up the DagBag from /home/airflow/.local/lib/python3.12/site-packages/airflow/example_dags/example_sensor_decorator.py
[2026-05-25T07:55:10.701+0000] {processor.py:840} INFO - DAG(s) 'example_sensor_decorator' retrieved from /home/airflow/.local/lib/python3.12/site-packages/airflow/example_dags/example_sensor_decorator.py
[2026-05-25T07:55:10.740+0000] {logging_mixin.py:188} INFO - [2026-05-25T07:55:10.739+0000] {dag.py:3089} INFO - Sync 1 DAGs
[2026-05-25T07:55:10.776+0000] {logging_mixin.py:188} INFO - [2026-05-25T07:55:10.775+0000] {dag.py:3947} INFO - Setting next_dagrun for example_sensor_decorator to None, run_after=None
[2026-05-25T07:55:10.820+0000] {processor.py:183} INFO - Processing /home/airflow/.local/lib/python3.12/site-packages/airflow/example_dags/example_sensor_decorator.py took 0.147 seconds
[2026-05-25T07:56:19.620+0000] {processor.py:161} INFO - Started process (PID=83) to work on /home/airflow/.local/lib/python3.12/site-packages/airflow/example_dags/example_sensor_decorator.py
[2026-05-25T07:56:19.623+0000] {processor.py:830} INFO - Processing file /home/airflow/.local/lib/python3.12/site-packages/airflow/example_dags/example_sensor_decorator.py for tasks to queue
[2026-05-25T07:56:19.627+0000] {logging_mixin.py:188} INFO - [2026-05-25T07:56:19.627+0000] {dagbag.py:545} INFO - Filling up the DagBag from /home/airflow/.local/lib/python3.12/site-packages/airflow/example_dags/example_sensor_decorator.py
[2026-05-25T07:56:19.649+0000] {processor.py:840} INFO - DAG(s) 'example_sensor_decorator' retrieved from /home/airflow/.local/lib/python3.12/site-packages/airflow/example_dags/example_sensor_decorator.py
[2026-05-25T07:56:19.677+0000] {logging_mixin.py:188} INFO - [2026-05-25T07:56:19.677+0000] {dag.py:3089} INFO - Sync 1 DAGs
[2026-05-25T07:56:19.716+0000] {logging_mixin.py:188} INFO - [2026-05-25T07:56:19.716+0000] {dag.py:3947} INFO - Setting next_dagrun for example_sensor_decorator to None, run_after=None
[2026-05-25T07:56:19.780+0000] {processor.py:183} INFO - Processing /home/airflow/.local/lib/python3.12/site-packages/airflow/example_dags/example_sensor_decorator.py took 0.169 seconds
[2026-05-25T07:56:49.984+0000] {processor.py:161} INFO - Started process (PID=141) to work on /home/airflow/.local/lib/python3.12/site-packages/airflow/example_dags/example_sensor_decorator.py
[2026-05-25T07:56:49.987+0000] {processor.py:830} INFO - Processing file /home/airflow/.local/lib/python3.12/site-packages/airflow/example_dags/example_sensor_decorator.py for tasks to queue
[2026-05-25T07:56:49.993+0000] {logging_mixin.py:188} INFO - [2026-05-25T07:56:49.992+0000] {dagbag.py:545} INFO - Filling up the DagBag from /home/airflow/.local/lib/python3.12/site-packages/airflow/example_dags/example_sensor_decorator.py
[2026-05-25T07:56:50.011+0000] {processor.py:840} INFO - DAG(s) 'example_sensor_decorator' retrieved from /home/airflow/.local/lib/python3.12/site-packages/airflow/example_dags/example_sensor_decorator.py
[2026-05-25T07:56:50.463+0000] {logging_mixin.py:188} INFO - [2026-05-25T07:56:50.462+0000] {dag.py:3089} INFO - Sync 1 DAGs
[2026-05-25T07:56:50.497+0000] {logging_mixin.py:188} INFO - [2026-05-25T07:56:50.496+0000] {dag.py:3947} INFO - Setting next_dagrun for example_sensor_decorator to None, run_after=None
[2026-05-25T07:56:50.563+0000] {processor.py:183} INFO - Processing /home/airflow/.local/lib/python3.12/site-packages/airflow/example_dags/example_sensor_decorator.py took 0.605 seconds
[2026-05-25T07:57:20.760+0000] {processor.py:161} INFO - Started process (PID=200) to work on /home/airflow/.local/lib/python3.12/site-packages/airflow/example_dags/example_sensor_decorator.py
[2026-05-25T07:57:20.764+0000] {processor.py:830} INFO - Processing file /home/airflow/.local/lib/python3.12/site-packages/airflow/example_dags/example_sensor_decorator.py for tasks to queue
[2026-05-25T07:57:20.771+0000] {logging_mixin.py:188} INFO - [2026-05-25T07:57:20.770+0000] {dagbag.py:545} INFO - Filling up the DagBag from /home/airflow/.local/lib/python3.12/site-packages/airflow/example_dags/example_sensor_decorator.py
[2026-05-25T07:57:20.796+0000] {processor.py:840} INFO - DAG(s) 'example_sensor_decorator' retrieved from /home/airflow/.local/lib/python3.12/site-packages/airflow/example_dags/example_sensor_decorator.py
[2026-05-25T07:57:20.857+0000] {logging_mixin.py:188} INFO - [2026-05-25T07:57:20.856+0000] {dag.py:3089} INFO - Sync 1 DAGs
[2026-05-25T07:57:20.901+0000] {logging_mixin.py:188} INFO - [2026-05-25T07:57:20.900+0000] {dag.py:3947} INFO - Setting next_dagrun for example_sensor_decorator to None, run_after=None
[2026-05-25T07:57:20.975+0000] {processor.py:183} INFO - Processing /home/airflow/.local/lib/python3.12/site-packages/airflow/example_dags/example_sensor_decorator.py took 0.241 seconds
[2026-05-25T07:57:52.011+0000] {processor.py:161} INFO - Started process (PID=260) to work on /home/airflow/.local/lib/python3.12/site-packages/airflow/example_dags/example_sensor_decorator.py
[2026-05-25T07:57:52.013+0000] {processor.py:830} INFO - Processing file /home/airflow/.local/lib/python3.12/site-packages/airflow/example_dags/example_sensor_decorator.py for tasks to queue
[2026-05-25T07:57:52.017+0000] {logging_mixin.py:188} INFO - [2026-05-25T07:57:52.017+0000] {dagbag.py:545} INFO - Filling up the DagBag from /home/airflow/.local/lib/python3.12/site-packages/airflow/example_dags/example_sensor_decorator.py
[2026-05-25T07:57:52.031+0000] {processor.py:840} INFO - DAG(s) 'example_sensor_decorator' retrieved from /home/airflow/.local/lib/python3.12/site-packages/airflow/example_dags/example_sensor_decorator.py
[2026-05-25T07:57:52.069+0000] {logging_mixin.py:188} INFO - [2026-05-25T07:57:52.068+0000] {dag.py:3089} INFO - Sync 1 DAGs
[2026-05-25T07:57:52.090+0000] {logging_mixin.py:188} INFO - [2026-05-25T07:57:52.090+0000] {dag.py:3947} INFO - Setting next_dagrun for example_sensor_decorator to None, run_after=None
[2026-05-25T07:57:52.124+0000] {processor.py:183} INFO - Processing /home/airflow/.local/lib/python3.12/site-packages/airflow/example_dags/example_sensor_decorator.py took 0.126 seconds
[2026-05-25T07:58:22.593+0000] {processor.py:161} INFO - Started process (PID=319) to work on /home/airflow/.local/lib/python3.12/site-packages/airflow/example_dags/example_sensor_decorator.py
[2026-05-25T07:58:22.596+0000] {processor.py:830} INFO - Processing file /home/airflow/.local/lib/python3.12/site-packages/airflow/example_dags/example_sensor_decorator.py for tasks to queue
[2026-05-25T07:58:22.600+0000] {logging_mixin.py:188} INFO - [2026-05-25T07:58:22.599+0000] {dagbag.py:545} INFO - Filling up the DagBag from /home/airflow/.local/lib/python3.12/site-packages/airflow/example_dags/example_sensor_decorator.py
[2026-05-25T07:58:22.612+0000] {processor.py:840} INFO - DAG(s) 'example_sensor_decorator' retrieved from /home/airflow/.local/lib/python3.12/site-packages/airflow/example_dags/example_sensor_decorator.py
[2026-05-25T07:58:22.648+0000] {logging_mixin.py:188} INFO - [2026-05-25T07:58:22.647+0000] {dag.py:3089} INFO - Sync 1 DAGs
[2026-05-25T07:58:22.668+0000] {logging_mixin.py:188} INFO - [2026-05-25T07:58:22.667+0000] {dag.py:3947} INFO - Setting next_dagrun for example_sensor_decorator to None, run_after=None
[2026-05-25T07:58:22.703+0000] {processor.py:183} INFO - Processing /home/airflow/.local/lib/python3.12/site-packages/airflow/example_dags/example_sensor_decorator.py took 0.120 seconds
[2026-05-25T07:58:53.463+0000] {processor.py:161} INFO - Started process (PID=378) to work on /home/airflow/.local/lib/python3.12/site-packages/airflow/example_dags/example_sensor_decorator.py
[2026-05-25T07:58:53.471+0000] {processor.py:830} INFO - Processing file /home/airflow/.local/lib/python3.12/site-packages/airflow/example_dags/example_sensor_decorator.py for tasks to queue
[2026-05-25T07:58:53.474+0000] {logging_mixin.py:188} INFO - [2026-05-25T07:58:53.473+0000] {dagbag.py:545} INFO - Filling up the DagBag from /home/airflow/.local/lib/python3.12/site-packages/airflow/example_dags/example_sensor_decorator.py
[2026-05-25T07:58:53.485+0000] {processor.py:840} INFO - DAG(s) 'example_sensor_decorator' retrieved from /home/airflow/.local/lib/python3.12/site-packages/airflow/example_dags/example_sensor_decorator.py
[2026-05-25T07:58:53.523+0000] {logging_mixin.py:188} INFO - [2026-05-25T07:58:53.522+0000] {dag.py:3089} INFO - Sync 1 DAGs
[2026-05-25T07:58:53.544+0000] {logging_mixin.py:188} INFO - [2026-05-25T07:58:53.543+0000] {dag.py:3947} INFO - Setting next_dagrun for example_sensor_decorator to None, run_after=None
[2026-05-25T07:58:53.581+0000] {processor.py:183} INFO - Processing /home/airflow/.local/lib/python3.12/site-packages/airflow/example_dags/example_sensor_decorator.py took 0.129 seconds
[2026-05-25T07:59:24.230+0000] {processor.py:161} INFO - Started process (PID=438) to work on /home/airflow/.local/lib/python3.12/site-packages/airflow/example_dags/example_sensor_decorator.py
[2026-05-25T07:59:24.232+0000] {processor.py:830} INFO - Processing file /home/airflow/.local/lib/python3.12/site-packages/airflow/example_dags/example_sensor_decorator.py for tasks to queue
[2026-05-25T07:59:24.235+0000] {logging_mixin.py:188} INFO - [2026-05-25T07:59:24.234+0000] {dagbag.py:545} INFO - Filling up the DagBag from /home/airflow/.local/lib/python3.12/site-packages/airflow/example_dags/example_sensor_decorator.py
[2026-05-25T07:59:24.244+0000] {processor.py:840} INFO - DAG(s) 'example_sensor_decorator' retrieved from /home/airflow/.local/lib/python3.12/site-packages/airflow/example_dags/example_sensor_decorator.py
[2026-05-25T07:59:24.275+0000] {logging_mixin.py:188} INFO - [2026-05-25T07:59:24.274+0000] {dag.py:3089} INFO - Sync 1 DAGs
[2026-05-25T07:59:24.293+0000] {logging_mixin.py:188} INFO - [2026-05-25T07:59:24.293+0000] {dag.py:3947} INFO - Setting next_dagrun for example_sensor_decorator to None, run_after=None
[2026-05-25T07:59:24.353+0000] {processor.py:183} INFO - Processing /home/airflow/.local/lib/python3.12/site-packages/airflow/example_dags/example_sensor_decorator.py took 0.132 seconds
[2026-05-25T07:59:54.691+0000] {processor.py:161} INFO - Started process (PID=498) to work on /home/airflow/.local/lib/python3.12/site-packages/airflow/example_dags/example_sensor_decorator.py
[2026-05-25T07:59:54.697+0000] {processor.py:830} INFO - Processing file /home/airflow/.local/lib/python3.12/site-packages/airflow/example_dags/example_sensor_decorator.py for tasks to queue
[2026-05-25T07:59:54.717+0000] {logging_mixin.py:188} INFO - [2026-05-25T07:59:54.715+0000] {dagbag.py:545} INFO - Filling up the DagBag from /home/airflow/.local/lib/python3.12/site-packages/airflow/example_dags/example_sensor_decorator.py
[2026-05-25T07:59:54.801+0000] {processor.py:840} INFO - DAG(s) 'example_sensor_decorator' retrieved from /home/airflow/.local/lib/python3.12/site-packages/airflow/example_dags/example_sensor_decorator.py
[2026-05-25T07:59:54.884+0000] {logging_mixin.py:188} INFO - [2026-05-25T07:59:54.883+0000] {dag.py:3089} INFO - Sync 1 DAGs
[2026-05-25T07:59:54.944+0000] {logging_mixin.py:188} INFO - [2026-05-25T07:59:54.944+0000] {dag.py:3947} INFO - Setting next_dagrun for example_sensor_decorator to None, run_after=None
[2026-05-25T07:59:55.109+0000] {processor.py:183} INFO - Processing /home/airflow/.local/lib/python3.12/site-packages/airflow/example_dags/example_sensor_decorator.py took 0.474 seconds
[2026-05-25T08:00:25.342+0000] {processor.py:161} INFO - Started process (PID=557) to work on /home/airflow/.local/lib/python3.12/site-packages/airflow/example_dags/example_sensor_decorator.py
[2026-05-25T08:00:25.346+0000] {processor.py:830} INFO - Processing file /home/airflow/.local/lib/python3.12/site-packages/airflow/example_dags/example_sensor_decorator.py for tasks to queue
[2026-05-25T08:00:25.354+0000] {logging_mixin.py:188} INFO - [2026-05-25T08:00:25.353+0000] {dagbag.py:545} INFO - Filling up the DagBag from /home/airflow/.local/lib/python3.12/site-packages/airflow/example_dags/example_sensor_decorator.py
[2026-05-25T08:00:25.375+0000] {processor.py:840} INFO - DAG(s) 'example_sensor_decorator' retrieved from /home/airflow/.local/lib/python3.12/site-packages/airflow/example_dags/example_sensor_decorator.py
[2026-05-25T08:00:25.439+0000] {logging_mixin.py:188} INFO - [2026-05-25T08:00:25.438+0000] {dag.py:3089} INFO - Sync 1 DAGs
[2026-05-25T08:00:25.476+0000] {logging_mixin.py:188} INFO - [2026-05-25T08:00:25.475+0000] {dag.py:3947} INFO - Setting next_dagrun for example_sensor_decorator to None, run_after=None
[2026-05-25T08:00:25.541+0000] {processor.py:183} INFO - Processing /home/airflow/.local/lib/python3.12/site-packages/airflow/example_dags/example_sensor_decorator.py took 0.221 seconds
[2026-05-25T08:00:55.871+0000] {processor.py:161} INFO - Started process (PID=618) to work on /home/airflow/.local/lib/python3.12/site-packages/airflow/example_dags/example_sensor_decorator.py
[2026-05-25T08:00:55.880+0000] {processor.py:830} INFO - Processing file /home/airflow/.local/lib/python3.12/site-packages/airflow/example_dags/example_sensor_decorator.py for tasks to queue
[2026-05-25T08:00:55.886+0000] {logging_mixin.py:188} INFO - [2026-05-25T08:00:55.885+0000] {dagbag.py:545} INFO - Filling up the DagBag from /home/airflow/.local/lib/python3.12/site-packages/airflow/example_dags/example_sensor_decorator.py
[2026-05-25T08:00:55.910+0000] {processor.py:840} INFO - DAG(s) 'example_sensor_decorator' retrieved from /home/airflow/.local/lib/python3.12/site-packages/airflow/example_dags/example_sensor_decorator.py
[2026-05-25T08:00:55.989+0000] {logging_mixin.py:188} INFO - [2026-05-25T08:00:55.987+0000] {dag.py:3089} INFO - Sync 1 DAGs
[2026-05-25T08:00:56.038+0000] {logging_mixin.py:188} INFO - [2026-05-25T08:00:56.036+0000] {dag.py:3947} INFO - Setting next_dagrun for example_sensor_decorator to None, run_after=None
[2026-05-25T08:00:56.089+0000] {processor.py:183} INFO - Processing /home/airflow/.local/lib/python3.12/site-packages/airflow/example_dags/example_sensor_decorator.py took 0.241 seconds
[2026-05-25T08:01:26.802+0000] {processor.py:161} INFO - Started process (PID=680) to work on /home/airflow/.local/lib/python3.12/site-packages/airflow/example_dags/example_sensor_decorator.py
[2026-05-25T08:01:26.805+0000] {processor.py:830} INFO - Processing file /home/airflow/.local/lib/python3.12/site-packages/airflow/example_dags/example_sensor_decorator.py for tasks to queue
[2026-05-25T08:01:26.812+0000] {logging_mixin.py:188} INFO - [2026-05-25T08:01:26.810+0000] {dagbag.py:545} INFO - Filling up the DagBag from /home/airflow/.local/lib/python3.12/site-packages/airflow/example_dags/example_sensor_decorator.py
[2026-05-25T08:01:26.831+0000] {processor.py:840} INFO - DAG(s) 'example_sensor_decorator' retrieved from /home/airflow/.local/lib/python3.12/site-packages/airflow/example_dags/example_sensor_decorator.py
[2026-05-25T08:01:26.873+0000] {logging_mixin.py:188} INFO - [2026-05-25T08:01:26.873+0000] {dag.py:3089} INFO - Sync 1 DAGs
[2026-05-25T08:01:26.900+0000] {logging_mixin.py:188} INFO - [2026-05-25T08:01:26.900+0000] {dag.py:3947} INFO - Setting next_dagrun for example_sensor_decorator to None, run_after=None
[2026-05-25T08:01:26.934+0000] {processor.py:183} INFO - Processing /home/airflow/.local/lib/python3.12/site-packages/airflow/example_dags/example_sensor_decorator.py took 0.146 seconds
[2026-05-25T08:01:57.730+0000] {processor.py:161} INFO - Started process (PID=739) to work on /home/airflow/.local/lib/python3.12/site-packages/airflow/example_dags/example_sensor_decorator.py
[2026-05-25T08:01:57.733+0000] {processor.py:830} INFO - Processing file /home/airflow/.local/lib/python3.12/site-packages/airflow/example_dags/example_sensor_decorator.py for tasks to queue
[2026-05-25T08:01:57.738+0000] {logging_mixin.py:188} INFO - [2026-05-25T08:01:57.737+0000] {dagbag.py:545} INFO - Filling up the DagBag from /home/airflow/.local/lib/python3.12/site-packages/airflow/example_dags/example_sensor_decorator.py
[2026-05-25T08:01:57.753+0000] {processor.py:840} INFO - DAG(s) 'example_sensor_decorator' retrieved from /home/airflow/.local/lib/python3.12/site-packages/airflow/example_dags/example_sensor_decorator.py
[2026-05-25T08:01:57.802+0000] {logging_mixin.py:188} INFO - [2026-05-25T08:01:57.801+0000] {dag.py:3089} INFO - Sync 1 DAGs
[2026-05-25T08:01:57.842+0000] {logging_mixin.py:188} INFO - [2026-05-25T08:01:57.841+0000] {dag.py:3947} INFO - Setting next_dagrun for example_sensor_decorator to None, run_after=None
[2026-05-25T08:01:57.894+0000] {processor.py:183} INFO - Processing /home/airflow/.local/lib/python3.12/site-packages/airflow/example_dags/example_sensor_decorator.py took 0.178 seconds
[2026-05-25T08:02:28.061+0000] {processor.py:161} INFO - Started process (PID=797) to work on /home/airflow/.local/lib/python3.12/site-packages/airflow/example_dags/example_sensor_decorator.py
[2026-05-25T08:02:28.064+0000] {processor.py:830} INFO - Processing file /home/airflow/.local/lib/python3.12/site-packages/airflow/example_dags/example_sensor_decorator.py for tasks to queue
[2026-05-25T08:02:28.069+0000] {logging_mixin.py:188} INFO - [2026-05-25T08:02:28.068+0000] {dagbag.py:545} INFO - Filling up the DagBag from /home/airflow/.local/lib/python3.12/site-packages/airflow/example_dags/example_sensor_decorator.py
[2026-05-25T08:02:28.084+0000] {processor.py:840} INFO - DAG(s) 'example_sensor_decorator' retrieved from /home/airflow/.local/lib/python3.12/site-packages/airflow/example_dags/example_sensor_decorator.py
[2026-05-25T08:02:28.133+0000] {logging_mixin.py:188} INFO - [2026-05-25T08:02:28.133+0000] {dag.py:3089} INFO - Sync 1 DAGs
[2026-05-25T08:02:28.162+0000] {logging_mixin.py:188} INFO - [2026-05-25T08:02:28.162+0000] {dag.py:3947} INFO - Setting next_dagrun for example_sensor_decorator to None, run_after=None
[2026-05-25T08:02:28.206+0000] {processor.py:183} INFO - Processing /home/airflow/.local/lib/python3.12/site-packages/airflow/example_dags/example_sensor_decorator.py took 0.161 seconds
[2026-05-25T08:02:58.635+0000] {processor.py:161} INFO - Started process (PID=856) to work on /home/airflow/.local/lib/python3.12/site-packages/airflow/example_dags/example_sensor_decorator.py
[2026-05-25T08:02:58.638+0000] {processor.py:830} INFO - Processing file /home/airflow/.local/lib/python3.12/site-packages/airflow/example_dags/example_sensor_decorator.py for tasks to queue
[2026-05-25T08:02:58.642+0000] {logging_mixin.py:188} INFO - [2026-05-25T08:02:58.641+0000] {dagbag.py:545} INFO - Filling up the DagBag from /home/airflow/.local/lib/python3.12/site-packages/airflow/example_dags/example_sensor_decorator.py
[2026-05-25T08:02:58.656+0000] {processor.py:840} INFO - DAG(s) 'example_sensor_decorator' retrieved from /home/airflow/.local/lib/python3.12/site-packages/airflow/example_dags/example_sensor_decorator.py
[2026-05-25T08:02:58.724+0000] {logging_mixin.py:188} INFO - [2026-05-25T08:02:58.723+0000] {dag.py:3089} INFO - Sync 1 DAGs
[2026-05-25T08:02:58.772+0000] {logging_mixin.py:188} INFO - [2026-05-25T08:02:58.772+0000] {dag.py:3947} INFO - Setting next_dagrun for example_sensor_decorator to None, run_after=None
[2026-05-25T08:02:58.835+0000] {processor.py:183} INFO - Processing /home/airflow/.local/lib/python3.12/site-packages/airflow/example_dags/example_sensor_decorator.py took 0.217 seconds
[2026-05-25T08:03:29.218+0000] {processor.py:161} INFO - Started process (PID=916) to work on /home/airflow/.local/lib/python3.12/site-packages/airflow/example_dags/example_sensor_decorator.py
[2026-05-25T08:03:29.220+0000] {processor.py:830} INFO - Processing file /home/airflow/.local/lib/python3.12/site-packages/airflow/example_dags/example_sensor_decorator.py for tasks to queue
[2026-05-25T08:03:29.225+0000] {logging_mixin.py:188} INFO - [2026-05-25T08:03:29.224+0000] {dagbag.py:545} INFO - Filling up the DagBag from /home/airflow/.local/lib/python3.12/site-packages/airflow/example_dags/example_sensor_decorator.py
[2026-05-25T08:03:29.237+0000] {processor.py:840} INFO - DAG(s) 'example_sensor_decorator' retrieved from /home/airflow/.local/lib/python3.12/site-packages/airflow/example_dags/example_sensor_decorator.py
[2026-05-25T08:03:29.292+0000] {logging_mixin.py:188} INFO - [2026-05-25T08:03:29.291+0000] {dag.py:3089} INFO - Sync 1 DAGs
[2026-05-25T08:03:29.335+0000] {logging_mixin.py:188} INFO - [2026-05-25T08:03:29.334+0000] {dag.py:3947} INFO - Setting next_dagrun for example_sensor_decorator to None, run_after=None
[2026-05-25T08:03:29.398+0000] {processor.py:183} INFO - Processing /home/airflow/.local/lib/python3.12/site-packages/airflow/example_dags/example_sensor_decorator.py took 0.196 seconds
[2026-05-25T08:03:59.632+0000] {processor.py:161} INFO - Started process (PID=975) to work on /home/airflow/.local/lib/python3.12/site-packages/airflow/example_dags/example_sensor_decorator.py
[2026-05-25T08:03:59.635+0000] {processor.py:830} INFO - Processing file /home/airflow/.local/lib/python3.12/site-packages/airflow/example_dags/example_sensor_decorator.py for tasks to queue
[2026-05-25T08:03:59.641+0000] {logging_mixin.py:188} INFO - [2026-05-25T08:03:59.640+0000] {dagbag.py:545} INFO - Filling up the DagBag from /home/airflow/.local/lib/python3.12/site-packages/airflow/example_dags/example_sensor_decorator.py
[2026-05-25T08:03:59.657+0000] {processor.py:840} INFO - DAG(s) 'example_sensor_decorator' retrieved from /home/airflow/.local/lib/python3.12/site-packages/airflow/example_dags/example_sensor_decorator.py
[2026-05-25T08:03:59.703+0000] {logging_mixin.py:188} INFO - [2026-05-25T08:03:59.703+0000] {dag.py:3089} INFO - Sync 1 DAGs
[2026-05-25T08:03:59.735+0000] {logging_mixin.py:188} INFO - [2026-05-25T08:03:59.735+0000] {dag.py:3947} INFO - Setting next_dagrun for example_sensor_decorator to None, run_after=None
[2026-05-25T08:03:59.834+0000] {processor.py:183} INFO - Processing /home/airflow/.local/lib/python3.12/site-packages/airflow/example_dags/example_sensor_decorator.py took 0.242 seconds
[2026-05-25T08:04:30.133+0000] {processor.py:161} INFO - Started process (PID=1035) to work on /home/airflow/.local/lib/python3.12/site-packages/airflow/example_dags/example_sensor_decorator.py
[2026-05-25T08:04:30.136+0000] {processor.py:830} INFO - Processing file /home/airflow/.local/lib/python3.12/site-packages/airflow/example_dags/example_sensor_decorator.py for tasks to queue
[2026-05-25T08:04:30.141+0000] {logging_mixin.py:188} INFO - [2026-05-25T08:04:30.140+0000] {dagbag.py:545} INFO - Filling up the DagBag from /home/airflow/.local/lib/python3.12/site-packages/airflow/example_dags/example_sensor_decorator.py
[2026-05-25T08:04:30.157+0000] {processor.py:840} INFO - DAG(s) 'example_sensor_decorator' retrieved from /home/airflow/.local/lib/python3.12/site-packages/airflow/example_dags/example_sensor_decorator.py
[2026-05-25T08:04:30.207+0000] {logging_mixin.py:188} INFO - [2026-05-25T08:04:30.206+0000] {dag.py:3089} INFO - Sync 1 DAGs
[2026-05-25T08:04:30.244+0000] {logging_mixin.py:188} INFO - [2026-05-25T08:04:30.243+0000] {dag.py:3947} INFO - Setting next_dagrun for example_sensor_decorator to None, run_after=None
[2026-05-25T08:04:30.301+0000] {processor.py:183} INFO - Processing /home/airflow/.local/lib/python3.12/site-packages/airflow/example_dags/example_sensor_decorator.py took 0.185 seconds
[2026-05-25T08:05:01.041+0000] {processor.py:161} INFO - Started process (PID=1094) to work on /home/airflow/.local/lib/python3.12/site-packages/airflow/example_dags/example_sensor_decorator.py
[2026-05-25T08:05:01.045+0000] {processor.py:830} INFO - Processing file /home/airflow/.local/lib/python3.12/site-packages/airflow/example_dags/example_sensor_decorator.py for tasks to queue
[2026-05-25T08:05:01.049+0000] {logging_mixin.py:188} INFO - [2026-05-25T08:05:01.049+0000] {dagbag.py:545} INFO - Filling up the DagBag from /home/airflow/.local/lib/python3.12/site-packages/airflow/example_dags/example_sensor_decorator.py
[2026-05-25T08:05:01.070+0000] {processor.py:840} INFO - DAG(s) 'example_sensor_decorator' retrieved from /home/airflow/.local/lib/python3.12/site-packages/airflow/example_dags/example_sensor_decorator.py
[2026-05-25T08:05:01.163+0000] {logging_mixin.py:188} INFO - [2026-05-25T08:05:01.162+0000] {dag.py:3089} INFO - Sync 1 DAGs
[2026-05-25T08:05:01.203+0000] {logging_mixin.py:188} INFO - [2026-05-25T08:05:01.203+0000] {dag.py:3947} INFO - Setting next_dagrun for example_sensor_decorator to None, run_after=None
[2026-05-25T08:05:01.266+0000] {processor.py:183} INFO - Processing /home/airflow/.local/lib/python3.12/site-packages/airflow/example_dags/example_sensor_decorator.py took 0.238 seconds
[2026-05-25T08:05:31.718+0000] {processor.py:161} INFO - Started process (PID=1154) to work on /home/airflow/.local/lib/python3.12/site-packages/airflow/example_dags/example_sensor_decorator.py
[2026-05-25T08:05:31.720+0000] {processor.py:830} INFO - Processing file /home/airflow/.local/lib/python3.12/site-packages/airflow/example_dags/example_sensor_decorator.py for tasks to queue
[2026-05-25T08:05:31.725+0000] {logging_mixin.py:188} INFO - [2026-05-25T08:05:31.724+0000] {dagbag.py:545} INFO - Filling up the DagBag from /home/airflow/.local/lib/python3.12/site-packages/airflow/example_dags/example_sensor_decorator.py
[2026-05-25T08:05:31.740+0000] {processor.py:840} INFO - DAG(s) 'example_sensor_decorator' retrieved from /home/airflow/.local/lib/python3.12/site-packages/airflow/example_dags/example_sensor_decorator.py
[2026-05-25T08:05:31.785+0000] {logging_mixin.py:188} INFO - [2026-05-25T08:05:31.785+0000] {dag.py:3089} INFO - Sync 1 DAGs
[2026-05-25T08:05:31.815+0000] {logging_mixin.py:188} INFO - [2026-05-25T08:05:31.814+0000] {dag.py:3947} INFO - Setting next_dagrun for example_sensor_decorator to None, run_after=None
[2026-05-25T08:05:31.856+0000] {processor.py:183} INFO - Processing /home/airflow/.local/lib/python3.12/site-packages/airflow/example_dags/example_sensor_decorator.py took 0.152 seconds
[2026-05-25T08:06:02.456+0000] {processor.py:161} INFO - Started process (PID=1214) to work on /home/airflow/.local/lib/python3.12/site-packages/airflow/example_dags/example_sensor_decorator.py
[2026-05-25T08:06:02.458+0000] {processor.py:830} INFO - Processing file /home/airflow/.local/lib/python3.12/site-packages/airflow/example_dags/example_sensor_decorator.py for tasks to queue
[2026-05-25T08:06:02.457+0000] {logging_mixin.py:188} INFO - [2026-05-25T08:06:02.456+0000] {dagbag.py:545} INFO - Filling up the DagBag from /home/airflow/.local/lib/python3.12/site-packages/airflow/example_dags/example_sensor_decorator.py
[2026-05-25T08:06:02.468+0000] {processor.py:840} INFO - DAG(s) 'example_sensor_decorator' retrieved from /home/airflow/.local/lib/python3.12/site-packages/airflow/example_dags/example_sensor_decorator.py
[2026-05-25T08:06:02.508+0000] {logging_mixin.py:188} INFO - [2026-05-25T08:06:02.507+0000] {dag.py:3089} INFO - Sync 1 DAGs
[2026-05-25T08:06:02.532+0000] {logging_mixin.py:188} INFO - [2026-05-25T08:06:02.532+0000] {dag.py:3947} INFO - Setting next_dagrun for example_sensor_decorator to None, run_after=None
[2026-05-25T08:06:02.575+0000] {processor.py:183} INFO - Processing /home/airflow/.local/lib/python3.12/site-packages/airflow/example_dags/example_sensor_decorator.py took 0.132 seconds
[2026-05-25T08:06:33.485+0000] {processor.py:161} INFO - Started process (PID=1274) to work on /home/airflow/.local/lib/python3.12/site-packages/airflow/example_dags/example_sensor_decorator.py
[2026-05-25T08:06:33.502+0000] {processor.py:830} INFO - Processing file /home/airflow/.local/lib/python3.12/site-packages/airflow/example_dags/example_sensor_decorator.py for tasks to queue
[2026-05-25T08:06:33.550+0000] {logging_mixin.py:188} INFO - [2026-05-25T08:06:33.549+0000] {dagbag.py:545} INFO - Filling up the DagBag from /home/airflow/.local/lib/python3.12/site-packages/airflow/example_dags/example_sensor_decorator.py
[2026-05-25T08:06:33.659+0000] {processor.py:840} INFO - DAG(s) 'example_sensor_decorator' retrieved from /home/airflow/.local/lib/python3.12/site-packages/airflow/example_dags/example_sensor_decorator.py
[2026-05-25T08:06:33.859+0000] {logging_mixin.py:188} INFO - [2026-05-25T08:06:33.859+0000] {dag.py:3089} INFO - Sync 1 DAGs
[2026-05-25T08:06:34.020+0000] {logging_mixin.py:188} INFO - [2026-05-25T08:06:34.020+0000] {dag.py:3947} INFO - Setting next_dagrun for example_sensor_decorator to None, run_after=None
[2026-05-25T08:06:34.154+0000] {processor.py:183} INFO - Processing /home/airflow/.local/lib/python3.12/site-packages/airflow/example_dags/example_sensor_decorator.py took 0.726 seconds
[2026-05-25T08:07:04.610+0000] {processor.py:161} INFO - Started process (PID=1334) to work on /home/airflow/.local/lib/python3.12/site-packages/airflow/example_dags/example_sensor_decorator.py
[2026-05-25T08:07:04.613+0000] {processor.py:830} INFO - Processing file /home/airflow/.local/lib/python3.12/site-packages/airflow/example_dags/example_sensor_decorator.py for tasks to queue
[2026-05-25T08:07:04.620+0000] {logging_mixin.py:188} INFO - [2026-05-25T08:07:04.618+0000] {dagbag.py:545} INFO - Filling up the DagBag from /home/airflow/.local/lib/python3.12/site-packages/airflow/example_dags/example_sensor_decorator.py
[2026-05-25T08:07:04.640+0000] {processor.py:840} INFO - DAG(s) 'example_sensor_decorator' retrieved from /home/airflow/.local/lib/python3.12/site-packages/airflow/example_dags/example_sensor_decorator.py
[2026-05-25T08:07:04.745+0000] {logging_mixin.py:188} INFO - [2026-05-25T08:07:04.744+0000] {dag.py:3089} INFO - Sync 1 DAGs
[2026-05-25T08:07:04.814+0000] {logging_mixin.py:188} INFO - [2026-05-25T08:07:04.813+0000] {dag.py:3947} INFO - Setting next_dagrun for example_sensor_decorator to None, run_after=None
[2026-05-25T08:07:04.881+0000] {processor.py:183} INFO - Processing /home/airflow/.local/lib/python3.12/site-packages/airflow/example_dags/example_sensor_decorator.py took 0.285 seconds
[2026-05-25T08:07:35.418+0000] {processor.py:161} INFO - Started process (PID=1394) to work on /home/airflow/.local/lib/python3.12/site-packages/airflow/example_dags/example_sensor_decorator.py
[2026-05-25T08:07:35.429+0000] {processor.py:830} INFO - Processing file /home/airflow/.local/lib/python3.12/site-packages/airflow/example_dags/example_sensor_decorator.py for tasks to queue
[2026-05-25T08:07:35.443+0000] {logging_mixin.py:188} INFO - [2026-05-25T08:07:35.441+0000] {dagbag.py:545} INFO - Filling up the DagBag from /home/airflow/.local/lib/python3.12/site-packages/airflow/example_dags/example_sensor_decorator.py
[2026-05-25T08:07:35.496+0000] {processor.py:840} INFO - DAG(s) 'example_sensor_decorator' retrieved from /home/airflow/.local/lib/python3.12/site-packages/airflow/example_dags/example_sensor_decorator.py
[2026-05-25T08:07:35.558+0000] {logging_mixin.py:188} INFO - [2026-05-25T08:07:35.558+0000] {dag.py:3089} INFO - Sync 1 DAGs
[2026-05-25T08:07:35.590+0000] {logging_mixin.py:188} INFO - [2026-05-25T08:07:35.590+0000] {dag.py:3947} INFO - Setting next_dagrun for example_sensor_decorator to None, run_after=None
[2026-05-25T08:07:35.640+0000] {processor.py:183} INFO - Processing /home/airflow/.local/lib/python3.12/site-packages/airflow/example_dags/example_sensor_decorator.py took 0.257 seconds
[2026-05-25T08:08:06.547+0000] {processor.py:161} INFO - Started process (PID=1453) to work on /home/airflow/.local/lib/python3.12/site-packages/airflow/example_dags/example_sensor_decorator.py
[2026-05-25T08:08:06.549+0000] {processor.py:830} INFO - Processing file /home/airflow/.local/lib/python3.12/site-packages/airflow/example_dags/example_sensor_decorator.py for tasks to queue
[2026-05-25T08:08:06.553+0000] {logging_mixin.py:188} INFO - [2026-05-25T08:08:06.552+0000] {dagbag.py:545} INFO - Filling up the DagBag from /home/airflow/.local/lib/python3.12/site-packages/airflow/example_dags/example_sensor_decorator.py
[2026-05-25T08:08:06.565+0000] {processor.py:840} INFO - DAG(s) 'example_sensor_decorator' retrieved from /home/airflow/.local/lib/python3.12/site-packages/airflow/example_dags/example_sensor_decorator.py
[2026-05-25T08:08:06.599+0000] {logging_mixin.py:188} INFO - [2026-05-25T08:08:06.599+0000] {dag.py:3089} INFO - Sync 1 DAGs
[2026-05-25T08:08:06.625+0000] {logging_mixin.py:188} INFO - [2026-05-25T08:08:06.624+0000] {dag.py:3947} INFO - Setting next_dagrun for example_sensor_decorator to None, run_after=None
[2026-05-25T08:08:06.660+0000] {processor.py:183} INFO - Processing /home/airflow/.local/lib/python3.12/site-packages/airflow/example_dags/example_sensor_decorator.py took 0.126 seconds
[2026-05-25T08:08:36.722+0000] {processor.py:161} INFO - Started process (PID=1512) to work on /home/airflow/.local/lib/python3.12/site-packages/airflow/example_dags/example_sensor_decorator.py
[2026-05-25T08:08:36.724+0000] {processor.py:830} INFO - Processing file /home/airflow/.local/lib/python3.12/site-packages/airflow/example_dags/example_sensor_decorator.py for tasks to queue
[2026-05-25T08:08:36.727+0000] {logging_mixin.py:188} INFO - [2026-05-25T08:08:36.726+0000] {dagbag.py:545} INFO - Filling up the DagBag from /home/airflow/.local/lib/python3.12/site-packages/airflow/example_dags/example_sensor_decorator.py
[2026-05-25T08:08:36.736+0000] {processor.py:840} INFO - DAG(s) 'example_sensor_decorator' retrieved from /home/airflow/.local/lib/python3.12/site-packages/airflow/example_dags/example_sensor_decorator.py
[2026-05-25T08:08:36.771+0000] {logging_mixin.py:188} INFO - [2026-05-25T08:08:36.771+0000] {dag.py:3089} INFO - Sync 1 DAGs
[2026-05-25T08:08:36.793+0000] {logging_mixin.py:188} INFO - [2026-05-25T08:08:36.792+0000] {dag.py:3947} INFO - Setting next_dagrun for example_sensor_decorator to None, run_after=None
[2026-05-25T08:08:36.823+0000] {processor.py:183} INFO - Processing /home/airflow/.local/lib/python3.12/site-packages/airflow/example_dags/example_sensor_decorator.py took 0.109 seconds
[2026-05-25T08:09:09.498+0000] {processor.py:161} INFO - Started process (PID=1572) to work on /home/airflow/.local/lib/python3.12/site-packages/airflow/example_dags/example_sensor_decorator.py
[2026-05-25T08:09:09.501+0000] {processor.py:830} INFO - Processing file /home/airflow/.local/lib/python3.12/site-packages/airflow/example_dags/example_sensor_decorator.py for tasks to queue
[2026-05-25T08:09:09.510+0000] {logging_mixin.py:188} INFO - [2026-05-25T08:09:09.509+0000] {dagbag.py:545} INFO - Filling up the DagBag from /home/airflow/.local/lib/python3.12/site-packages/airflow/example_dags/example_sensor_decorator.py
[2026-05-25T08:09:09.525+0000] {processor.py:840} INFO - DAG(s) 'example_sensor_decorator' retrieved from /home/airflow/.local/lib/python3.12/site-packages/airflow/example_dags/example_sensor_decorator.py
[2026-05-25T08:09:09.579+0000] {logging_mixin.py:188} INFO - [2026-05-25T08:09:09.579+0000] {dag.py:3089} INFO - Sync 1 DAGs
[2026-05-25T08:09:09.613+0000] {logging_mixin.py:188} INFO - [2026-05-25T08:09:09.613+0000] {dag.py:3947} INFO - Setting next_dagrun for example_sensor_decorator to None, run_after=None
[2026-05-25T08:09:09.674+0000] {processor.py:183} INFO - Processing /home/airflow/.local/lib/python3.12/site-packages/airflow/example_dags/example_sensor_decorator.py took 0.198 seconds
[2026-05-25T08:09:40.902+0000] {processor.py:161} INFO - Started process (PID=1637) to work on /home/airflow/.local/lib/python3.12/site-packages/airflow/example_dags/example_sensor_decorator.py
[2026-05-25T08:09:40.908+0000] {processor.py:830} INFO - Processing file /home/airflow/.local/lib/python3.12/site-packages/airflow/example_dags/example_sensor_decorator.py for tasks to queue
[2026-05-25T08:09:40.914+0000] {logging_mixin.py:188} INFO - [2026-05-25T08:09:40.913+0000] {dagbag.py:545} INFO - Filling up the DagBag from /home/airflow/.local/lib/python3.12/site-packages/airflow/example_dags/example_sensor_decorator.py
[2026-05-25T08:09:40.956+0000] {processor.py:840} INFO - DAG(s) 'example_sensor_decorator' retrieved from /home/airflow/.local/lib/python3.12/site-packages/airflow/example_dags/example_sensor_decorator.py
[2026-05-25T08:09:41.032+0000] {logging_mixin.py:188} INFO - [2026-05-25T08:09:41.031+0000] {dag.py:3089} INFO - Sync 1 DAGs
[2026-05-25T08:09:41.105+0000] {logging_mixin.py:188} INFO - [2026-05-25T08:09:41.104+0000] {dag.py:3947} INFO - Setting next_dagrun for example_sensor_decorator to None, run_after=None
[2026-05-25T08:09:41.214+0000] {processor.py:183} INFO - Processing /home/airflow/.local/lib/python3.12/site-packages/airflow/example_dags/example_sensor_decorator.py took 0.356 seconds
[2026-05-25T08:10:12.248+0000] {processor.py:161} INFO - Started process (PID=1695) to work on /home/airflow/.local/lib/python3.12/site-packages/airflow/example_dags/example_sensor_decorator.py
[2026-05-25T08:10:12.251+0000] {processor.py:830} INFO - Processing file /home/airflow/.local/lib/python3.12/site-packages/airflow/example_dags/example_sensor_decorator.py for tasks to queue
[2026-05-25T08:10:12.258+0000] {logging_mixin.py:188} INFO - [2026-05-25T08:10:12.256+0000] {dagbag.py:545} INFO - Filling up the DagBag from /home/airflow/.local/lib/python3.12/site-packages/airflow/example_dags/example_sensor_decorator.py
[2026-05-25T08:10:12.286+0000] {processor.py:840} INFO - DAG(s) 'example_sensor_decorator' retrieved from /home/airflow/.local/lib/python3.12/site-packages/airflow/example_dags/example_sensor_decorator.py
[2026-05-25T08:10:12.382+0000] {logging_mixin.py:188} INFO - [2026-05-25T08:10:12.381+0000] {dag.py:3089} INFO - Sync 1 DAGs
[2026-05-25T08:10:12.426+0000] {logging_mixin.py:188} INFO - [2026-05-25T08:10:12.425+0000] {dag.py:3947} INFO - Setting next_dagrun for example_sensor_decorator to None, run_after=None
[2026-05-25T08:10:12.475+0000] {processor.py:183} INFO - Processing /home/airflow/.local/lib/python3.12/site-packages/airflow/example_dags/example_sensor_decorator.py took 0.251 seconds
[2026-05-25T08:10:43.124+0000] {processor.py:161} INFO - Started process (PID=1756) to work on /home/airflow/.local/lib/python3.12/site-packages/airflow/example_dags/example_sensor_decorator.py
[2026-05-25T08:10:43.127+0000] {processor.py:830} INFO - Processing file /home/airflow/.local/lib/python3.12/site-packages/airflow/example_dags/example_sensor_decorator.py for tasks to queue
[2026-05-25T08:10:43.133+0000] {logging_mixin.py:188} INFO - [2026-05-25T08:10:43.132+0000] {dagbag.py:545} INFO - Filling up the DagBag from /home/airflow/.local/lib/python3.12/site-packages/airflow/example_dags/example_sensor_decorator.py
[2026-05-25T08:10:43.149+0000] {processor.py:840} INFO - DAG(s) 'example_sensor_decorator' retrieved from /home/airflow/.local/lib/python3.12/site-packages/airflow/example_dags/example_sensor_decorator.py
[2026-05-25T08:10:43.205+0000] {logging_mixin.py:188} INFO - [2026-05-25T08:10:43.205+0000] {dag.py:3089} INFO - Sync 1 DAGs
[2026-05-25T08:10:43.246+0000] {logging_mixin.py:188} INFO - [2026-05-25T08:10:43.245+0000] {dag.py:3947} INFO - Setting next_dagrun for example_sensor_decorator to None, run_after=None
[2026-05-25T08:10:43.294+0000] {processor.py:183} INFO - Processing /home/airflow/.local/lib/python3.12/site-packages/airflow/example_dags/example_sensor_decorator.py took 0.187 seconds
[2026-05-25T08:11:13.491+0000] {processor.py:161} INFO - Started process (PID=1814) to work on /home/airflow/.local/lib/python3.12/site-packages/airflow/example_dags/example_sensor_decorator.py
[2026-05-25T08:11:13.495+0000] {processor.py:830} INFO - Processing file /home/airflow/.local/lib/python3.12/site-packages/airflow/example_dags/example_sensor_decorator.py for tasks to queue
[2026-05-25T08:11:13.499+0000] {logging_mixin.py:188} INFO - [2026-05-25T08:11:13.499+0000] {dagbag.py:545} INFO - Filling up the DagBag from /home/airflow/.local/lib/python3.12/site-packages/airflow/example_dags/example_sensor_decorator.py
[2026-05-25T08:11:13.512+0000] {processor.py:840} INFO - DAG(s) 'example_sensor_decorator' retrieved from /home/airflow/.local/lib/python3.12/site-packages/airflow/example_dags/example_sensor_decorator.py
[2026-05-25T08:11:13.574+0000] {logging_mixin.py:188} INFO - [2026-05-25T08:11:13.573+0000] {dag.py:3089} INFO - Sync 1 DAGs
[2026-05-25T08:11:13.606+0000] {logging_mixin.py:188} INFO - [2026-05-25T08:11:13.605+0000] {dag.py:3947} INFO - Setting next_dagrun for example_sensor_decorator to None, run_after=None
[2026-05-25T08:11:13.652+0000] {processor.py:183} INFO - Processing /home/airflow/.local/lib/python3.12/site-packages/airflow/example_dags/example_sensor_decorator.py took 0.174 seconds
[2026-05-25T08:11:44.126+0000] {processor.py:161} INFO - Started process (PID=1874) to work on /home/airflow/.local/lib/python3.12/site-packages/airflow/example_dags/example_sensor_decorator.py
[2026-05-25T08:11:44.129+0000] {processor.py:830} INFO - Processing file /home/airflow/.local/lib/python3.12/site-packages/airflow/example_dags/example_sensor_decorator.py for tasks to queue
[2026-05-25T08:11:44.135+0000] {logging_mixin.py:188} INFO - [2026-05-25T08:11:44.134+0000] {dagbag.py:545} INFO - Filling up the DagBag from /home/airflow/.local/lib/python3.12/site-packages/airflow/example_dags/example_sensor_decorator.py
[2026-05-25T08:11:44.157+0000] {processor.py:840} INFO - DAG(s) 'example_sensor_decorator' retrieved from /home/airflow/.local/lib/python3.12/site-packages/airflow/example_dags/example_sensor_decorator.py
[2026-05-25T08:11:44.231+0000] {logging_mixin.py:188} INFO - [2026-05-25T08:11:44.230+0000] {dag.py:3089} INFO - Sync 1 DAGs
[2026-05-25T08:11:44.274+0000] {logging_mixin.py:188} INFO - [2026-05-25T08:11:44.273+0000] {dag.py:3947} INFO - Setting next_dagrun for example_sensor_decorator to None, run_after=None
[2026-05-25T08:11:44.335+0000] {processor.py:183} INFO - Processing /home/airflow/.local/lib/python3.12/site-packages/airflow/example_dags/example_sensor_decorator.py took 0.228 seconds
[2026-05-25T08:12:15.174+0000] {processor.py:161} INFO - Started process (PID=1934) to work on /home/airflow/.local/lib/python3.12/site-packages/airflow/example_dags/example_sensor_decorator.py
[2026-05-25T08:12:15.179+0000] {processor.py:830} INFO - Processing file /home/airflow/.local/lib/python3.12/site-packages/airflow/example_dags/example_sensor_decorator.py for tasks to queue
[2026-05-25T08:12:15.185+0000] {logging_mixin.py:188} INFO - [2026-05-25T08:12:15.184+0000] {dagbag.py:545} INFO - Filling up the DagBag from /home/airflow/.local/lib/python3.12/site-packages/airflow/example_dags/example_sensor_decorator.py
[2026-05-25T08:12:15.207+0000] {processor.py:840} INFO - DAG(s) 'example_sensor_decorator' retrieved from /home/airflow/.local/lib/python3.12/site-packages/airflow/example_dags/example_sensor_decorator.py
[2026-05-25T08:12:15.286+0000] {logging_mixin.py:188} INFO - [2026-05-25T08:12:15.285+0000] {dag.py:3089} INFO - Sync 1 DAGs
[2026-05-25T08:12:15.339+0000] {logging_mixin.py:188} INFO - [2026-05-25T08:12:15.338+0000] {dag.py:3947} INFO - Setting next_dagrun for example_sensor_decorator to None, run_after=None
[2026-05-25T08:12:15.412+0000] {processor.py:183} INFO - Processing /home/airflow/.local/lib/python3.12/site-packages/airflow/example_dags/example_sensor_decorator.py took 0.257 seconds
[2026-05-25T08:12:46.922+0000] {processor.py:161} INFO - Started process (PID=1993) to work on /home/airflow/.local/lib/python3.12/site-packages/airflow/example_dags/example_sensor_decorator.py
[2026-05-25T08:12:46.925+0000] {processor.py:830} INFO - Processing file /home/airflow/.local/lib/python3.12/site-packages/airflow/example_dags/example_sensor_decorator.py for tasks to queue
[2026-05-25T08:12:46.932+0000] {logging_mixin.py:188} INFO - [2026-05-25T08:12:46.931+0000] {dagbag.py:545} INFO - Filling up the DagBag from /home/airflow/.local/lib/python3.12/site-packages/airflow/example_dags/example_sensor_decorator.py
[2026-05-25T08:12:46.947+0000] {processor.py:840} INFO - DAG(s) 'example_sensor_decorator' retrieved from /home/airflow/.local/lib/python3.12/site-packages/airflow/example_dags/example_sensor_decorator.py
[2026-05-25T08:12:46.994+0000] {logging_mixin.py:188} INFO - [2026-05-25T08:12:46.993+0000] {dag.py:3089} INFO - Sync 1 DAGs
[2026-05-25T08:12:47.373+0000] {logging_mixin.py:188} INFO - [2026-05-25T08:12:47.373+0000] {dag.py:3947} INFO - Setting next_dagrun for example_sensor_decorator to None, run_after=None
[2026-05-25T08:12:47.408+0000] {processor.py:183} INFO - Processing /home/airflow/.local/lib/python3.12/site-packages/airflow/example_dags/example_sensor_decorator.py took 0.500 seconds
[2026-05-25T08:13:17.572+0000] {processor.py:161} INFO - Started process (PID=2054) to work on /home/airflow/.local/lib/python3.12/site-packages/airflow/example_dags/example_sensor_decorator.py
[2026-05-25T08:13:17.575+0000] {processor.py:830} INFO - Processing file /home/airflow/.local/lib/python3.12/site-packages/airflow/example_dags/example_sensor_decorator.py for tasks to queue
[2026-05-25T08:13:17.578+0000] {logging_mixin.py:188} INFO - [2026-05-25T08:13:17.578+0000] {dagbag.py:545} INFO - Filling up the DagBag from /home/airflow/.local/lib/python3.12/site-packages/airflow/example_dags/example_sensor_decorator.py
[2026-05-25T08:13:17.594+0000] {processor.py:840} INFO - DAG(s) 'example_sensor_decorator' retrieved from /home/airflow/.local/lib/python3.12/site-packages/airflow/example_dags/example_sensor_decorator.py
[2026-05-25T08:13:17.643+0000] {logging_mixin.py:188} INFO - [2026-05-25T08:13:17.643+0000] {dag.py:3089} INFO - Sync 1 DAGs
[2026-05-25T08:13:17.668+0000] {logging_mixin.py:188} INFO - [2026-05-25T08:13:17.668+0000] {dag.py:3947} INFO - Setting next_dagrun for example_sensor_decorator to None, run_after=None
[2026-05-25T08:13:17.715+0000] {processor.py:183} INFO - Processing /home/airflow/.local/lib/python3.12/site-packages/airflow/example_dags/example_sensor_decorator.py took 0.154 seconds
[2026-05-25T08:13:47.810+0000] {processor.py:161} INFO - Started process (PID=2114) to work on /home/airflow/.local/lib/python3.12/site-packages/airflow/example_dags/example_sensor_decorator.py
[2026-05-25T08:13:47.812+0000] {processor.py:830} INFO - Processing file /home/airflow/.local/lib/python3.12/site-packages/airflow/example_dags/example_sensor_decorator.py for tasks to queue
[2026-05-25T08:13:47.815+0000] {logging_mixin.py:188} INFO - [2026-05-25T08:13:47.815+0000] {dagbag.py:545} INFO - Filling up the DagBag from /home/airflow/.local/lib/python3.12/site-packages/airflow/example_dags/example_sensor_decorator.py
[2026-05-25T08:13:47.826+0000] {processor.py:840} INFO - DAG(s) 'example_sensor_decorator' retrieved from /home/airflow/.local/lib/python3.12/site-packages/airflow/example_dags/example_sensor_decorator.py
[2026-05-25T08:13:47.863+0000] {logging_mixin.py:188} INFO - [2026-05-25T08:13:47.863+0000] {dag.py:3089} INFO - Sync 1 DAGs
[2026-05-25T08:13:47.892+0000] {logging_mixin.py:188} INFO - [2026-05-25T08:13:47.892+0000] {dag.py:3947} INFO - Setting next_dagrun for example_sensor_decorator to None, run_after=None
[2026-05-25T08:13:47.935+0000] {processor.py:183} INFO - Processing /home/airflow/.local/lib/python3.12/site-packages/airflow/example_dags/example_sensor_decorator.py took 0.137 seconds
[2026-05-25T08:14:18.065+0000] {processor.py:161} INFO - Started process (PID=2173) to work on /home/airflow/.local/lib/python3.12/site-packages/airflow/example_dags/example_sensor_decorator.py
[2026-05-25T08:14:18.068+0000] {processor.py:830} INFO - Processing file /home/airflow/.local/lib/python3.12/site-packages/airflow/example_dags/example_sensor_decorator.py for tasks to queue
[2026-05-25T08:14:18.072+0000] {logging_mixin.py:188} INFO - [2026-05-25T08:14:18.071+0000] {dagbag.py:545} INFO - Filling up the DagBag from /home/airflow/.local/lib/python3.12/site-packages/airflow/example_dags/example_sensor_decorator.py
[2026-05-25T08:14:18.093+0000] {processor.py:840} INFO - DAG(s) 'example_sensor_decorator' retrieved from /home/airflow/.local/lib/python3.12/site-packages/airflow/example_dags/example_sensor_decorator.py
[2026-05-25T08:14:18.179+0000] {logging_mixin.py:188} INFO - [2026-05-25T08:14:18.179+0000] {dag.py:3089} INFO - Sync 1 DAGs
[2026-05-25T08:14:18.233+0000] {logging_mixin.py:188} INFO - [2026-05-25T08:14:18.233+0000] {dag.py:3947} INFO - Setting next_dagrun for example_sensor_decorator to None, run_after=None
[2026-05-25T08:14:18.285+0000] {processor.py:183} INFO - Processing /home/airflow/.local/lib/python3.12/site-packages/airflow/example_dags/example_sensor_decorator.py took 0.236 seconds
[2026-05-25T08:14:48.606+0000] {processor.py:161} INFO - Started process (PID=2231) to work on /home/airflow/.local/lib/python3.12/site-packages/airflow/example_dags/example_sensor_decorator.py
[2026-05-25T08:14:48.609+0000] {processor.py:830} INFO - Processing file /home/airflow/.local/lib/python3.12/site-packages/airflow/example_dags/example_sensor_decorator.py for tasks to queue
[2026-05-25T08:14:48.614+0000] {logging_mixin.py:188} INFO - [2026-05-25T08:14:48.613+0000] {dagbag.py:545} INFO - Filling up the DagBag from /home/airflow/.local/lib/python3.12/site-packages/airflow/example_dags/example_sensor_decorator.py
[2026-05-25T08:14:48.632+0000] {processor.py:840} INFO - DAG(s) 'example_sensor_decorator' retrieved from /home/airflow/.local/lib/python3.12/site-packages/airflow/example_dags/example_sensor_decorator.py
[2026-05-25T08:14:48.705+0000] {logging_mixin.py:188} INFO - [2026-05-25T08:14:48.705+0000] {dag.py:3089} INFO - Sync 1 DAGs
[2026-05-25T08:14:48.764+0000] {logging_mixin.py:188} INFO - [2026-05-25T08:14:48.763+0000] {dag.py:3947} INFO - Setting next_dagrun for example_sensor_decorator to None, run_after=None
[2026-05-25T08:14:48.840+0000] {processor.py:183} INFO - Processing /home/airflow/.local/lib/python3.12/site-packages/airflow/example_dags/example_sensor_decorator.py took 0.256 seconds
[2026-05-25T08:15:19.005+0000] {processor.py:161} INFO - Started process (PID=2291) to work on /home/airflow/.local/lib/python3.12/site-packages/airflow/example_dags/example_sensor_decorator.py
[2026-05-25T08:15:19.008+0000] {processor.py:830} INFO - Processing file /home/airflow/.local/lib/python3.12/site-packages/airflow/example_dags/example_sensor_decorator.py for tasks to queue
[2026-05-25T08:15:19.016+0000] {logging_mixin.py:188} INFO - [2026-05-25T08:15:19.016+0000] {dagbag.py:545} INFO - Filling up the DagBag from /home/airflow/.local/lib/python3.12/site-packages/airflow/example_dags/example_sensor_decorator.py
[2026-05-25T08:15:19.029+0000] {processor.py:840} INFO - DAG(s) 'example_sensor_decorator' retrieved from /home/airflow/.local/lib/python3.12/site-packages/airflow/example_dags/example_sensor_decorator.py
[2026-05-25T08:15:19.068+0000] {logging_mixin.py:188} INFO - [2026-05-25T08:15:19.067+0000] {dag.py:3089} INFO - Sync 1 DAGs
[2026-05-25T08:15:19.091+0000] {logging_mixin.py:188} INFO - [2026-05-25T08:15:19.090+0000] {dag.py:3947} INFO - Setting next_dagrun for example_sensor_decorator to None, run_after=None
[2026-05-25T08:15:19.153+0000] {processor.py:183} INFO - Processing /home/airflow/.local/lib/python3.12/site-packages/airflow/example_dags/example_sensor_decorator.py took 0.167 seconds
[2026-05-25T08:15:49.706+0000] {processor.py:161} INFO - Started process (PID=2351) to work on /home/airflow/.local/lib/python3.12/site-packages/airflow/example_dags/example_sensor_decorator.py
[2026-05-25T08:15:49.709+0000] {processor.py:830} INFO - Processing file /home/airflow/.local/lib/python3.12/site-packages/airflow/example_dags/example_sensor_decorator.py for tasks to queue
[2026-05-25T08:15:49.714+0000] {logging_mixin.py:188} INFO - [2026-05-25T08:15:49.713+0000] {dagbag.py:545} INFO - Filling up the DagBag from /home/airflow/.local/lib/python3.12/site-packages/airflow/example_dags/example_sensor_decorator.py
[2026-05-25T08:15:49.732+0000] {processor.py:840} INFO - DAG(s) 'example_sensor_decorator' retrieved from /home/airflow/.local/lib/python3.12/site-packages/airflow/example_dags/example_sensor_decorator.py
[2026-05-25T08:15:49.789+0000] {logging_mixin.py:188} INFO - [2026-05-25T08:15:49.789+0000] {dag.py:3089} INFO - Sync 1 DAGs
[2026-05-25T08:15:49.823+0000] {logging_mixin.py:188} INFO - [2026-05-25T08:15:49.822+0000] {dag.py:3947} INFO - Setting next_dagrun for example_sensor_decorator to None, run_after=None
[2026-05-25T08:15:49.907+0000] {processor.py:183} INFO - Processing /home/airflow/.local/lib/python3.12/site-packages/airflow/example_dags/example_sensor_decorator.py took 0.218 seconds
[2026-05-25T08:16:20.074+0000] {processor.py:161} INFO - Started process (PID=2413) to work on /home/airflow/.local/lib/python3.12/site-packages/airflow/example_dags/example_sensor_decorator.py
[2026-05-25T08:16:20.077+0000] {processor.py:830} INFO - Processing file /home/airflow/.local/lib/python3.12/site-packages/airflow/example_dags/example_sensor_decorator.py for tasks to queue
[2026-05-25T08:16:20.082+0000] {logging_mixin.py:188} INFO - [2026-05-25T08:16:20.081+0000] {dagbag.py:545} INFO - Filling up the DagBag from /home/airflow/.local/lib/python3.12/site-packages/airflow/example_dags/example_sensor_decorator.py
[2026-05-25T08:16:20.095+0000] {processor.py:840} INFO - DAG(s) 'example_sensor_decorator' retrieved from /home/airflow/.local/lib/python3.12/site-packages/airflow/example_dags/example_sensor_decorator.py
[2026-05-25T08:16:20.146+0000] {logging_mixin.py:188} INFO - [2026-05-25T08:16:20.146+0000] {dag.py:3089} INFO - Sync 1 DAGs
[2026-05-25T08:16:20.183+0000] {logging_mixin.py:188} INFO - [2026-05-25T08:16:20.183+0000] {dag.py:3947} INFO - Setting next_dagrun for example_sensor_decorator to None, run_after=None
[2026-05-25T08:16:20.226+0000] {processor.py:183} INFO - Processing /home/airflow/.local/lib/python3.12/site-packages/airflow/example_dags/example_sensor_decorator.py took 0.161 seconds
[2026-05-25T08:16:50.777+0000] {processor.py:161} INFO - Started process (PID=2473) to work on /home/airflow/.local/lib/python3.12/site-packages/airflow/example_dags/example_sensor_decorator.py
[2026-05-25T08:16:50.779+0000] {processor.py:830} INFO - Processing file /home/airflow/.local/lib/python3.12/site-packages/airflow/example_dags/example_sensor_decorator.py for tasks to queue
[2026-05-25T08:16:50.783+0000] {logging_mixin.py:188} INFO - [2026-05-25T08:16:50.782+0000] {dagbag.py:545} INFO - Filling up the DagBag from /home/airflow/.local/lib/python3.12/site-packages/airflow/example_dags/example_sensor_decorator.py
[2026-05-25T08:16:50.798+0000] {processor.py:840} INFO - DAG(s) 'example_sensor_decorator' retrieved from /home/airflow/.local/lib/python3.12/site-packages/airflow/example_dags/example_sensor_decorator.py
[2026-05-25T08:16:50.849+0000] {logging_mixin.py:188} INFO - [2026-05-25T08:16:50.849+0000] {dag.py:3089} INFO - Sync 1 DAGs
[2026-05-25T08:16:50.896+0000] {logging_mixin.py:188} INFO - [2026-05-25T08:16:50.895+0000] {dag.py:3947} INFO - Setting next_dagrun for example_sensor_decorator to None, run_after=None
[2026-05-25T08:16:50.951+0000] {processor.py:183} INFO - Processing /home/airflow/.local/lib/python3.12/site-packages/airflow/example_dags/example_sensor_decorator.py took 0.185 seconds
[2026-05-25T08:17:21.555+0000] {processor.py:161} INFO - Started process (PID=2531) to work on /home/airflow/.local/lib/python3.12/site-packages/airflow/example_dags/example_sensor_decorator.py
[2026-05-25T08:17:21.558+0000] {processor.py:830} INFO - Processing file /home/airflow/.local/lib/python3.12/site-packages/airflow/example_dags/example_sensor_decorator.py for tasks to queue
[2026-05-25T08:17:21.562+0000] {logging_mixin.py:188} INFO - [2026-05-25T08:17:21.562+0000] {dagbag.py:545} INFO - Filling up the DagBag from /home/airflow/.local/lib/python3.12/site-packages/airflow/example_dags/example_sensor_decorator.py
[2026-05-25T08:17:21.576+0000] {processor.py:840} INFO - DAG(s) 'example_sensor_decorator' retrieved from /home/airflow/.local/lib/python3.12/site-packages/airflow/example_dags/example_sensor_decorator.py
[2026-05-25T08:17:21.632+0000] {logging_mixin.py:188} INFO - [2026-05-25T08:17:21.632+0000] {dag.py:3089} INFO - Sync 1 DAGs
[2026-05-25T08:17:21.662+0000] {logging_mixin.py:188} INFO - [2026-05-25T08:17:21.662+0000] {dag.py:3947} INFO - Setting next_dagrun for example_sensor_decorator to None, run_after=None
[2026-05-25T08:17:21.699+0000] {processor.py:183} INFO - Processing /home/airflow/.local/lib/python3.12/site-packages/airflow/example_dags/example_sensor_decorator.py took 0.171 seconds
[2026-05-25T08:17:52.310+0000] {processor.py:161} INFO - Started process (PID=2591) to work on /home/airflow/.local/lib/python3.12/site-packages/airflow/example_dags/example_sensor_decorator.py
[2026-05-25T08:17:52.313+0000] {processor.py:830} INFO - Processing file /home/airflow/.local/lib/python3.12/site-packages/airflow/example_dags/example_sensor_decorator.py for tasks to queue
[2026-05-25T08:17:52.319+0000] {logging_mixin.py:188} INFO - [2026-05-25T08:17:52.318+0000] {dagbag.py:545} INFO - Filling up the DagBag from /home/airflow/.local/lib/python3.12/site-packages/airflow/example_dags/example_sensor_decorator.py
[2026-05-25T08:17:52.334+0000] {processor.py:840} INFO - DAG(s) 'example_sensor_decorator' retrieved from /home/airflow/.local/lib/python3.12/site-packages/airflow/example_dags/example_sensor_decorator.py
[2026-05-25T08:17:52.377+0000] {logging_mixin.py:188} INFO - [2026-05-25T08:17:52.376+0000] {dag.py:3089} INFO - Sync 1 DAGs
[2026-05-25T08:17:52.403+0000] {logging_mixin.py:188} INFO - [2026-05-25T08:17:52.403+0000] {dag.py:3947} INFO - Setting next_dagrun for example_sensor_decorator to None, run_after=None
[2026-05-25T08:17:52.446+0000] {processor.py:183} INFO - Processing /home/airflow/.local/lib/python3.12/site-packages/airflow/example_dags/example_sensor_decorator.py took 0.161 seconds
[2026-05-25T08:18:22.979+0000] {processor.py:161} INFO - Started process (PID=2651) to work on /home/airflow/.local/lib/python3.12/site-packages/airflow/example_dags/example_sensor_decorator.py
[2026-05-25T08:18:22.981+0000] {processor.py:830} INFO - Processing file /home/airflow/.local/lib/python3.12/site-packages/airflow/example_dags/example_sensor_decorator.py for tasks to queue
[2026-05-25T08:18:22.984+0000] {logging_mixin.py:188} INFO - [2026-05-25T08:18:22.984+0000] {dagbag.py:545} INFO - Filling up the DagBag from /home/airflow/.local/lib/python3.12/site-packages/airflow/example_dags/example_sensor_decorator.py
[2026-05-25T08:18:22.998+0000] {processor.py:840} INFO - DAG(s) 'example_sensor_decorator' retrieved from /home/airflow/.local/lib/python3.12/site-packages/airflow/example_dags/example_sensor_decorator.py
[2026-05-25T08:18:23.051+0000] {logging_mixin.py:188} INFO - [2026-05-25T08:18:23.050+0000] {dag.py:3089} INFO - Sync 1 DAGs
[2026-05-25T08:18:23.099+0000] {logging_mixin.py:188} INFO - [2026-05-25T08:18:23.098+0000] {dag.py:3947} INFO - Setting next_dagrun for example_sensor_decorator to None, run_after=None
[2026-05-25T08:18:23.170+0000] {processor.py:183} INFO - Processing /home/airflow/.local/lib/python3.12/site-packages/airflow/example_dags/example_sensor_decorator.py took 0.205 seconds
[2026-05-25T08:18:53.542+0000] {processor.py:161} INFO - Started process (PID=2711) to work on /home/airflow/.local/lib/python3.12/site-packages/airflow/example_dags/example_sensor_decorator.py
[2026-05-25T08:18:53.544+0000] {processor.py:830} INFO - Processing file /home/airflow/.local/lib/python3.12/site-packages/airflow/example_dags/example_sensor_decorator.py for tasks to queue
[2026-05-25T08:18:53.549+0000] {logging_mixin.py:188} INFO - [2026-05-25T08:18:53.548+0000] {dagbag.py:545} INFO - Filling up the DagBag from /home/airflow/.local/lib/python3.12/site-packages/airflow/example_dags/example_sensor_decorator.py
[2026-05-25T08:18:53.562+0000] {processor.py:840} INFO - DAG(s) 'example_sensor_decorator' retrieved from /home/airflow/.local/lib/python3.12/site-packages/airflow/example_dags/example_sensor_decorator.py
[2026-05-25T08:18:53.607+0000] {logging_mixin.py:188} INFO - [2026-05-25T08:18:53.606+0000] {dag.py:3089} INFO - Sync 1 DAGs
[2026-05-25T08:18:53.639+0000] {logging_mixin.py:188} INFO - [2026-05-25T08:18:53.639+0000] {dag.py:3947} INFO - Setting next_dagrun for example_sensor_decorator to None, run_after=None
[2026-05-25T08:18:53.706+0000] {processor.py:183} INFO - Processing /home/airflow/.local/lib/python3.12/site-packages/airflow/example_dags/example_sensor_decorator.py took 0.177 seconds
[2026-05-25T08:19:23.920+0000] {processor.py:161} INFO - Started process (PID=2771) to work on /home/airflow/.local/lib/python3.12/site-packages/airflow/example_dags/example_sensor_decorator.py
[2026-05-25T08:19:23.922+0000] {processor.py:830} INFO - Processing file /home/airflow/.local/lib/python3.12/site-packages/airflow/example_dags/example_sensor_decorator.py for tasks to queue
[2026-05-25T08:19:23.926+0000] {logging_mixin.py:188} INFO - [2026-05-25T08:19:23.925+0000] {dagbag.py:545} INFO - Filling up the DagBag from /home/airflow/.local/lib/python3.12/site-packages/airflow/example_dags/example_sensor_decorator.py
[2026-05-25T08:19:23.939+0000] {processor.py:840} INFO - DAG(s) 'example_sensor_decorator' retrieved from /home/airflow/.local/lib/python3.12/site-packages/airflow/example_dags/example_sensor_decorator.py
[2026-05-25T08:19:24.003+0000] {logging_mixin.py:188} INFO - [2026-05-25T08:19:24.003+0000] {dag.py:3089} INFO - Sync 1 DAGs
[2026-05-25T08:19:24.051+0000] {logging_mixin.py:188} INFO - [2026-05-25T08:19:24.050+0000] {dag.py:3947} INFO - Setting next_dagrun for example_sensor_decorator to None, run_after=None
[2026-05-25T08:19:24.113+0000] {processor.py:183} INFO - Processing /home/airflow/.local/lib/python3.12/site-packages/airflow/example_dags/example_sensor_decorator.py took 0.204 seconds
