[2026-05-25T06:15:56.696+0000] {processor.py:161} INFO - Started process (PID=138) to work on /home/airflow/.local/lib/python3.12/site-packages/airflow/example_dags/example_setup_teardown_taskflow.py
[2026-05-25T06:15:56.699+0000] {processor.py:830} INFO - Processing file /home/airflow/.local/lib/python3.12/site-packages/airflow/example_dags/example_setup_teardown_taskflow.py for tasks to queue
[2026-05-25T06:15:56.707+0000] {logging_mixin.py:188} INFO - [2026-05-25T06:15:56.706+0000] {dagbag.py:545} INFO - Filling up the DagBag from /home/airflow/.local/lib/python3.12/site-packages/airflow/example_dags/example_setup_teardown_taskflow.py
[2026-05-25T06:15:56.788+0000] {processor.py:840} INFO - DAG(s) 'example_setup_teardown_taskflow' retrieved from /home/airflow/.local/lib/python3.12/site-packages/airflow/example_dags/example_setup_teardown_taskflow.py
[2026-05-25T06:15:57.633+0000] {logging_mixin.py:188} INFO - [2026-05-25T06:15:57.632+0000] {dag.py:3089} INFO - Sync 1 DAGs
[2026-05-25T06:15:57.870+0000] {logging_mixin.py:188} INFO - [2026-05-25T06:15:57.868+0000] {dag.py:3947} INFO - Setting next_dagrun for example_setup_teardown_taskflow to 2026-05-24 00:00:00+00:00, run_after=2026-05-25 00:00:00+00:00
[2026-05-25T06:15:57.998+0000] {processor.py:183} INFO - Processing /home/airflow/.local/lib/python3.12/site-packages/airflow/example_dags/example_setup_teardown_taskflow.py took 1.352 seconds
[2026-05-25T06:17:14.692+0000] {processor.py:161} INFO - Started process (PID=203) to work on /home/airflow/.local/lib/python3.12/site-packages/airflow/example_dags/example_setup_teardown_taskflow.py
[2026-05-25T06:17:14.714+0000] {processor.py:830} INFO - Processing file /home/airflow/.local/lib/python3.12/site-packages/airflow/example_dags/example_setup_teardown_taskflow.py for tasks to queue
[2026-05-25T06:17:14.743+0000] {logging_mixin.py:188} INFO - [2026-05-25T06:17:14.742+0000] {dagbag.py:545} INFO - Filling up the DagBag from /home/airflow/.local/lib/python3.12/site-packages/airflow/example_dags/example_setup_teardown_taskflow.py
[2026-05-25T06:17:14.889+0000] {processor.py:840} INFO - DAG(s) 'example_setup_teardown_taskflow' retrieved from /home/airflow/.local/lib/python3.12/site-packages/airflow/example_dags/example_setup_teardown_taskflow.py
[2026-05-25T06:17:15.002+0000] {logging_mixin.py:188} INFO - [2026-05-25T06:17:15.001+0000] {dag.py:3089} INFO - Sync 1 DAGs
[2026-05-25T06:17:15.089+0000] {logging_mixin.py:188} INFO - [2026-05-25T06:17:15.089+0000] {dag.py:3947} INFO - Setting next_dagrun for example_setup_teardown_taskflow to 2026-05-24 00:00:00+00:00, run_after=2026-05-25 00:00:00+00:00
[2026-05-25T06:17:15.197+0000] {processor.py:183} INFO - Processing /home/airflow/.local/lib/python3.12/site-packages/airflow/example_dags/example_setup_teardown_taskflow.py took 0.574 seconds
[2026-05-25T06:17:45.750+0000] {processor.py:161} INFO - Started process (PID=269) to work on /home/airflow/.local/lib/python3.12/site-packages/airflow/example_dags/example_setup_teardown_taskflow.py
[2026-05-25T06:17:45.754+0000] {processor.py:830} INFO - Processing file /home/airflow/.local/lib/python3.12/site-packages/airflow/example_dags/example_setup_teardown_taskflow.py for tasks to queue
[2026-05-25T06:17:45.758+0000] {logging_mixin.py:188} INFO - [2026-05-25T06:17:45.757+0000] {dagbag.py:545} INFO - Filling up the DagBag from /home/airflow/.local/lib/python3.12/site-packages/airflow/example_dags/example_setup_teardown_taskflow.py
[2026-05-25T06:17:45.802+0000] {processor.py:840} INFO - DAG(s) 'example_setup_teardown_taskflow' retrieved from /home/airflow/.local/lib/python3.12/site-packages/airflow/example_dags/example_setup_teardown_taskflow.py
[2026-05-25T06:17:45.885+0000] {logging_mixin.py:188} INFO - [2026-05-25T06:17:45.884+0000] {dag.py:3089} INFO - Sync 1 DAGs
[2026-05-25T06:17:45.946+0000] {logging_mixin.py:188} INFO - [2026-05-25T06:17:45.945+0000] {dag.py:3947} INFO - Setting next_dagrun for example_setup_teardown_taskflow to 2026-05-24 00:00:00+00:00, run_after=2026-05-25 00:00:00+00:00
[2026-05-25T06:17:46.012+0000] {processor.py:183} INFO - Processing /home/airflow/.local/lib/python3.12/site-packages/airflow/example_dags/example_setup_teardown_taskflow.py took 0.282 seconds
[2026-05-25T06:18:18.721+0000] {processor.py:161} INFO - Started process (PID=329) to work on /home/airflow/.local/lib/python3.12/site-packages/airflow/example_dags/example_setup_teardown_taskflow.py
[2026-05-25T06:18:18.726+0000] {processor.py:830} INFO - Processing file /home/airflow/.local/lib/python3.12/site-packages/airflow/example_dags/example_setup_teardown_taskflow.py for tasks to queue
[2026-05-25T06:18:18.728+0000] {logging_mixin.py:188} INFO - [2026-05-25T06:18:18.728+0000] {dagbag.py:545} INFO - Filling up the DagBag from /home/airflow/.local/lib/python3.12/site-packages/airflow/example_dags/example_setup_teardown_taskflow.py
[2026-05-25T06:18:18.762+0000] {processor.py:840} INFO - DAG(s) 'example_setup_teardown_taskflow' retrieved from /home/airflow/.local/lib/python3.12/site-packages/airflow/example_dags/example_setup_teardown_taskflow.py
[2026-05-25T06:18:18.821+0000] {logging_mixin.py:188} INFO - [2026-05-25T06:18:18.820+0000] {dag.py:3089} INFO - Sync 1 DAGs
[2026-05-25T06:18:18.884+0000] {logging_mixin.py:188} INFO - [2026-05-25T06:18:18.883+0000] {dag.py:3947} INFO - Setting next_dagrun for example_setup_teardown_taskflow to 2026-05-24 00:00:00+00:00, run_after=2026-05-25 00:00:00+00:00
[2026-05-25T06:18:18.927+0000] {processor.py:183} INFO - Processing /home/airflow/.local/lib/python3.12/site-packages/airflow/example_dags/example_setup_teardown_taskflow.py took 0.223 seconds
[2026-05-25T06:18:49.793+0000] {processor.py:161} INFO - Started process (PID=389) to work on /home/airflow/.local/lib/python3.12/site-packages/airflow/example_dags/example_setup_teardown_taskflow.py
[2026-05-25T06:18:49.797+0000] {processor.py:830} INFO - Processing file /home/airflow/.local/lib/python3.12/site-packages/airflow/example_dags/example_setup_teardown_taskflow.py for tasks to queue
[2026-05-25T06:18:49.802+0000] {logging_mixin.py:188} INFO - [2026-05-25T06:18:49.800+0000] {dagbag.py:545} INFO - Filling up the DagBag from /home/airflow/.local/lib/python3.12/site-packages/airflow/example_dags/example_setup_teardown_taskflow.py
[2026-05-25T06:18:49.847+0000] {processor.py:840} INFO - DAG(s) 'example_setup_teardown_taskflow' retrieved from /home/airflow/.local/lib/python3.12/site-packages/airflow/example_dags/example_setup_teardown_taskflow.py
[2026-05-25T06:18:49.945+0000] {logging_mixin.py:188} INFO - [2026-05-25T06:18:49.944+0000] {dag.py:3089} INFO - Sync 1 DAGs
[2026-05-25T06:18:50.038+0000] {logging_mixin.py:188} INFO - [2026-05-25T06:18:50.038+0000] {dag.py:3947} INFO - Setting next_dagrun for example_setup_teardown_taskflow to 2026-05-24 00:00:00+00:00, run_after=2026-05-25 00:00:00+00:00
[2026-05-25T06:18:50.097+0000] {processor.py:183} INFO - Processing /home/airflow/.local/lib/python3.12/site-packages/airflow/example_dags/example_setup_teardown_taskflow.py took 0.320 seconds
[2026-05-25T06:19:20.423+0000] {processor.py:161} INFO - Started process (PID=449) to work on /home/airflow/.local/lib/python3.12/site-packages/airflow/example_dags/example_setup_teardown_taskflow.py
[2026-05-25T06:19:20.430+0000] {processor.py:830} INFO - Processing file /home/airflow/.local/lib/python3.12/site-packages/airflow/example_dags/example_setup_teardown_taskflow.py for tasks to queue
[2026-05-25T06:19:20.434+0000] {logging_mixin.py:188} INFO - [2026-05-25T06:19:20.433+0000] {dagbag.py:545} INFO - Filling up the DagBag from /home/airflow/.local/lib/python3.12/site-packages/airflow/example_dags/example_setup_teardown_taskflow.py
[2026-05-25T06:19:20.460+0000] {processor.py:840} INFO - DAG(s) 'example_setup_teardown_taskflow' retrieved from /home/airflow/.local/lib/python3.12/site-packages/airflow/example_dags/example_setup_teardown_taskflow.py
[2026-05-25T06:19:20.519+0000] {logging_mixin.py:188} INFO - [2026-05-25T06:19:20.519+0000] {dag.py:3089} INFO - Sync 1 DAGs
[2026-05-25T06:19:20.594+0000] {logging_mixin.py:188} INFO - [2026-05-25T06:19:20.592+0000] {dag.py:3947} INFO - Setting next_dagrun for example_setup_teardown_taskflow to 2026-05-24 00:00:00+00:00, run_after=2026-05-25 00:00:00+00:00
[2026-05-25T06:19:20.653+0000] {processor.py:183} INFO - Processing /home/airflow/.local/lib/python3.12/site-packages/airflow/example_dags/example_setup_teardown_taskflow.py took 0.248 seconds
[2026-05-25T06:24:33.445+0000] {processor.py:161} INFO - Started process (PID=124) to work on /home/airflow/.local/lib/python3.12/site-packages/airflow/example_dags/example_setup_teardown_taskflow.py
[2026-05-25T06:24:33.451+0000] {processor.py:830} INFO - Processing file /home/airflow/.local/lib/python3.12/site-packages/airflow/example_dags/example_setup_teardown_taskflow.py for tasks to queue
[2026-05-25T06:24:33.459+0000] {logging_mixin.py:188} INFO - [2026-05-25T06:24:33.458+0000] {dagbag.py:545} INFO - Filling up the DagBag from /home/airflow/.local/lib/python3.12/site-packages/airflow/example_dags/example_setup_teardown_taskflow.py
[2026-05-25T06:24:33.519+0000] {processor.py:840} INFO - DAG(s) 'example_setup_teardown_taskflow' retrieved from /home/airflow/.local/lib/python3.12/site-packages/airflow/example_dags/example_setup_teardown_taskflow.py
[2026-05-25T06:24:33.662+0000] {logging_mixin.py:188} INFO - [2026-05-25T06:24:33.661+0000] {dag.py:3089} INFO - Sync 1 DAGs
[2026-05-25T06:24:33.755+0000] {logging_mixin.py:188} INFO - [2026-05-25T06:24:33.754+0000] {dag.py:3947} INFO - Setting next_dagrun for example_setup_teardown_taskflow to 2026-05-24 00:00:00+00:00, run_after=2026-05-25 00:00:00+00:00
[2026-05-25T06:24:33.833+0000] {processor.py:183} INFO - Processing /home/airflow/.local/lib/python3.12/site-packages/airflow/example_dags/example_setup_teardown_taskflow.py took 0.404 seconds
[2026-05-25T06:25:22.174+0000] {processor.py:161} INFO - Started process (PID=184) to work on /home/airflow/.local/lib/python3.12/site-packages/airflow/example_dags/example_setup_teardown_taskflow.py
[2026-05-25T06:25:22.189+0000] {processor.py:830} INFO - Processing file /home/airflow/.local/lib/python3.12/site-packages/airflow/example_dags/example_setup_teardown_taskflow.py for tasks to queue
[2026-05-25T06:25:22.200+0000] {logging_mixin.py:188} INFO - [2026-05-25T06:25:22.199+0000] {dagbag.py:545} INFO - Filling up the DagBag from /home/airflow/.local/lib/python3.12/site-packages/airflow/example_dags/example_setup_teardown_taskflow.py
[2026-05-25T06:25:22.271+0000] {processor.py:840} INFO - DAG(s) 'example_setup_teardown_taskflow' retrieved from /home/airflow/.local/lib/python3.12/site-packages/airflow/example_dags/example_setup_teardown_taskflow.py
[2026-05-25T06:25:22.410+0000] {logging_mixin.py:188} INFO - [2026-05-25T06:25:22.409+0000] {dag.py:3089} INFO - Sync 1 DAGs
[2026-05-25T06:25:22.550+0000] {logging_mixin.py:188} INFO - [2026-05-25T06:25:22.546+0000] {dag.py:3947} INFO - Setting next_dagrun for example_setup_teardown_taskflow to 2026-05-24 00:00:00+00:00, run_after=2026-05-25 00:00:00+00:00
[2026-05-25T06:25:22.701+0000] {processor.py:183} INFO - Processing /home/airflow/.local/lib/python3.12/site-packages/airflow/example_dags/example_setup_teardown_taskflow.py took 0.555 seconds
[2026-05-25T06:25:55.833+0000] {processor.py:161} INFO - Started process (PID=250) to work on /home/airflow/.local/lib/python3.12/site-packages/airflow/example_dags/example_setup_teardown_taskflow.py
[2026-05-25T06:25:55.839+0000] {processor.py:830} INFO - Processing file /home/airflow/.local/lib/python3.12/site-packages/airflow/example_dags/example_setup_teardown_taskflow.py for tasks to queue
[2026-05-25T06:25:55.854+0000] {logging_mixin.py:188} INFO - [2026-05-25T06:25:55.852+0000] {dagbag.py:545} INFO - Filling up the DagBag from /home/airflow/.local/lib/python3.12/site-packages/airflow/example_dags/example_setup_teardown_taskflow.py
[2026-05-25T06:25:55.904+0000] {processor.py:840} INFO - DAG(s) 'example_setup_teardown_taskflow' retrieved from /home/airflow/.local/lib/python3.12/site-packages/airflow/example_dags/example_setup_teardown_taskflow.py
[2026-05-25T06:25:56.031+0000] {logging_mixin.py:188} INFO - [2026-05-25T06:25:56.027+0000] {dag.py:3089} INFO - Sync 1 DAGs
[2026-05-25T06:25:56.156+0000] {logging_mixin.py:188} INFO - [2026-05-25T06:25:56.155+0000] {dag.py:3947} INFO - Setting next_dagrun for example_setup_teardown_taskflow to 2026-05-24 00:00:00+00:00, run_after=2026-05-25 00:00:00+00:00
[2026-05-25T06:25:56.264+0000] {processor.py:183} INFO - Processing /home/airflow/.local/lib/python3.12/site-packages/airflow/example_dags/example_setup_teardown_taskflow.py took 0.464 seconds
[2026-05-25T06:26:26.946+0000] {processor.py:161} INFO - Started process (PID=310) to work on /home/airflow/.local/lib/python3.12/site-packages/airflow/example_dags/example_setup_teardown_taskflow.py
[2026-05-25T06:26:26.948+0000] {processor.py:830} INFO - Processing file /home/airflow/.local/lib/python3.12/site-packages/airflow/example_dags/example_setup_teardown_taskflow.py for tasks to queue
[2026-05-25T06:26:26.954+0000] {logging_mixin.py:188} INFO - [2026-05-25T06:26:26.953+0000] {dagbag.py:545} INFO - Filling up the DagBag from /home/airflow/.local/lib/python3.12/site-packages/airflow/example_dags/example_setup_teardown_taskflow.py
[2026-05-25T06:26:26.970+0000] {processor.py:840} INFO - DAG(s) 'example_setup_teardown_taskflow' retrieved from /home/airflow/.local/lib/python3.12/site-packages/airflow/example_dags/example_setup_teardown_taskflow.py
[2026-05-25T06:26:27.032+0000] {logging_mixin.py:188} INFO - [2026-05-25T06:26:27.031+0000] {dag.py:3089} INFO - Sync 1 DAGs
[2026-05-25T06:26:27.994+0000] {logging_mixin.py:188} INFO - [2026-05-25T06:26:27.993+0000] {dag.py:3947} INFO - Setting next_dagrun for example_setup_teardown_taskflow to 2026-05-24 00:00:00+00:00, run_after=2026-05-25 00:00:00+00:00
[2026-05-25T06:26:28.139+0000] {processor.py:183} INFO - Processing /home/airflow/.local/lib/python3.12/site-packages/airflow/example_dags/example_setup_teardown_taskflow.py took 1.211 seconds
[2026-05-25T06:27:06.821+0000] {processor.py:161} INFO - Started process (PID=370) to work on /home/airflow/.local/lib/python3.12/site-packages/airflow/example_dags/example_setup_teardown_taskflow.py
[2026-05-25T06:27:06.825+0000] {processor.py:830} INFO - Processing file /home/airflow/.local/lib/python3.12/site-packages/airflow/example_dags/example_setup_teardown_taskflow.py for tasks to queue
[2026-05-25T06:27:06.832+0000] {logging_mixin.py:188} INFO - [2026-05-25T06:27:06.830+0000] {dagbag.py:545} INFO - Filling up the DagBag from /home/airflow/.local/lib/python3.12/site-packages/airflow/example_dags/example_setup_teardown_taskflow.py
[2026-05-25T06:27:06.903+0000] {processor.py:840} INFO - DAG(s) 'example_setup_teardown_taskflow' retrieved from /home/airflow/.local/lib/python3.12/site-packages/airflow/example_dags/example_setup_teardown_taskflow.py
[2026-05-25T06:27:07.438+0000] {logging_mixin.py:188} INFO - [2026-05-25T06:27:07.436+0000] {dag.py:3089} INFO - Sync 1 DAGs
[2026-05-25T06:27:07.588+0000] {logging_mixin.py:188} INFO - [2026-05-25T06:27:07.587+0000] {dag.py:3947} INFO - Setting next_dagrun for example_setup_teardown_taskflow to 2026-05-24 00:00:00+00:00, run_after=2026-05-25 00:00:00+00:00
[2026-05-25T06:27:07.667+0000] {processor.py:183} INFO - Processing /home/airflow/.local/lib/python3.12/site-packages/airflow/example_dags/example_setup_teardown_taskflow.py took 0.872 seconds
[2026-05-25T06:27:37.941+0000] {processor.py:161} INFO - Started process (PID=429) to work on /home/airflow/.local/lib/python3.12/site-packages/airflow/example_dags/example_setup_teardown_taskflow.py
[2026-05-25T06:27:37.943+0000] {processor.py:830} INFO - Processing file /home/airflow/.local/lib/python3.12/site-packages/airflow/example_dags/example_setup_teardown_taskflow.py for tasks to queue
[2026-05-25T06:27:37.947+0000] {logging_mixin.py:188} INFO - [2026-05-25T06:27:37.947+0000] {dagbag.py:545} INFO - Filling up the DagBag from /home/airflow/.local/lib/python3.12/site-packages/airflow/example_dags/example_setup_teardown_taskflow.py
[2026-05-25T06:27:37.969+0000] {processor.py:840} INFO - DAG(s) 'example_setup_teardown_taskflow' retrieved from /home/airflow/.local/lib/python3.12/site-packages/airflow/example_dags/example_setup_teardown_taskflow.py
[2026-05-25T06:27:38.024+0000] {logging_mixin.py:188} INFO - [2026-05-25T06:27:38.023+0000] {dag.py:3089} INFO - Sync 1 DAGs
[2026-05-25T06:27:38.073+0000] {logging_mixin.py:188} INFO - [2026-05-25T06:27:38.073+0000] {dag.py:3947} INFO - Setting next_dagrun for example_setup_teardown_taskflow to 2026-05-24 00:00:00+00:00, run_after=2026-05-25 00:00:00+00:00
[2026-05-25T06:27:38.126+0000] {processor.py:183} INFO - Processing /home/airflow/.local/lib/python3.12/site-packages/airflow/example_dags/example_setup_teardown_taskflow.py took 0.199 seconds
[2026-05-25T06:28:08.269+0000] {processor.py:161} INFO - Started process (PID=489) to work on /home/airflow/.local/lib/python3.12/site-packages/airflow/example_dags/example_setup_teardown_taskflow.py
[2026-05-25T06:28:08.273+0000] {processor.py:830} INFO - Processing file /home/airflow/.local/lib/python3.12/site-packages/airflow/example_dags/example_setup_teardown_taskflow.py for tasks to queue
[2026-05-25T06:28:08.280+0000] {logging_mixin.py:188} INFO - [2026-05-25T06:28:08.278+0000] {dagbag.py:545} INFO - Filling up the DagBag from /home/airflow/.local/lib/python3.12/site-packages/airflow/example_dags/example_setup_teardown_taskflow.py
[2026-05-25T06:28:08.318+0000] {processor.py:840} INFO - DAG(s) 'example_setup_teardown_taskflow' retrieved from /home/airflow/.local/lib/python3.12/site-packages/airflow/example_dags/example_setup_teardown_taskflow.py
[2026-05-25T06:28:08.390+0000] {logging_mixin.py:188} INFO - [2026-05-25T06:28:08.387+0000] {dag.py:3089} INFO - Sync 1 DAGs
[2026-05-25T06:28:08.471+0000] {logging_mixin.py:188} INFO - [2026-05-25T06:28:08.471+0000] {dag.py:3947} INFO - Setting next_dagrun for example_setup_teardown_taskflow to 2026-05-24 00:00:00+00:00, run_after=2026-05-25 00:00:00+00:00
[2026-05-25T06:28:08.534+0000] {processor.py:183} INFO - Processing /home/airflow/.local/lib/python3.12/site-packages/airflow/example_dags/example_setup_teardown_taskflow.py took 0.285 seconds
[2026-05-25T06:28:39.012+0000] {processor.py:161} INFO - Started process (PID=549) to work on /home/airflow/.local/lib/python3.12/site-packages/airflow/example_dags/example_setup_teardown_taskflow.py
[2026-05-25T06:28:39.016+0000] {processor.py:830} INFO - Processing file /home/airflow/.local/lib/python3.12/site-packages/airflow/example_dags/example_setup_teardown_taskflow.py for tasks to queue
[2026-05-25T06:28:39.023+0000] {logging_mixin.py:188} INFO - [2026-05-25T06:28:39.022+0000] {dagbag.py:545} INFO - Filling up the DagBag from /home/airflow/.local/lib/python3.12/site-packages/airflow/example_dags/example_setup_teardown_taskflow.py
[2026-05-25T06:28:39.055+0000] {processor.py:840} INFO - DAG(s) 'example_setup_teardown_taskflow' retrieved from /home/airflow/.local/lib/python3.12/site-packages/airflow/example_dags/example_setup_teardown_taskflow.py
[2026-05-25T06:28:39.140+0000] {logging_mixin.py:188} INFO - [2026-05-25T06:28:39.139+0000] {dag.py:3089} INFO - Sync 1 DAGs
[2026-05-25T06:28:39.239+0000] {logging_mixin.py:188} INFO - [2026-05-25T06:28:39.238+0000] {dag.py:3947} INFO - Setting next_dagrun for example_setup_teardown_taskflow to 2026-05-24 00:00:00+00:00, run_after=2026-05-25 00:00:00+00:00
[2026-05-25T06:28:39.321+0000] {processor.py:183} INFO - Processing /home/airflow/.local/lib/python3.12/site-packages/airflow/example_dags/example_setup_teardown_taskflow.py took 0.332 seconds
[2026-05-25T06:29:10.153+0000] {processor.py:161} INFO - Started process (PID=609) to work on /home/airflow/.local/lib/python3.12/site-packages/airflow/example_dags/example_setup_teardown_taskflow.py
[2026-05-25T06:29:10.156+0000] {processor.py:830} INFO - Processing file /home/airflow/.local/lib/python3.12/site-packages/airflow/example_dags/example_setup_teardown_taskflow.py for tasks to queue
[2026-05-25T06:29:10.161+0000] {logging_mixin.py:188} INFO - [2026-05-25T06:29:10.160+0000] {dagbag.py:545} INFO - Filling up the DagBag from /home/airflow/.local/lib/python3.12/site-packages/airflow/example_dags/example_setup_teardown_taskflow.py
[2026-05-25T06:29:10.193+0000] {processor.py:840} INFO - DAG(s) 'example_setup_teardown_taskflow' retrieved from /home/airflow/.local/lib/python3.12/site-packages/airflow/example_dags/example_setup_teardown_taskflow.py
[2026-05-25T06:29:10.269+0000] {logging_mixin.py:188} INFO - [2026-05-25T06:29:10.268+0000] {dag.py:3089} INFO - Sync 1 DAGs
[2026-05-25T06:29:10.379+0000] {logging_mixin.py:188} INFO - [2026-05-25T06:29:10.378+0000] {dag.py:3947} INFO - Setting next_dagrun for example_setup_teardown_taskflow to 2026-05-24 00:00:00+00:00, run_after=2026-05-25 00:00:00+00:00
[2026-05-25T06:29:10.434+0000] {processor.py:183} INFO - Processing /home/airflow/.local/lib/python3.12/site-packages/airflow/example_dags/example_setup_teardown_taskflow.py took 0.297 seconds
[2026-05-25T06:29:41.169+0000] {processor.py:161} INFO - Started process (PID=669) to work on /home/airflow/.local/lib/python3.12/site-packages/airflow/example_dags/example_setup_teardown_taskflow.py
[2026-05-25T06:29:41.172+0000] {processor.py:830} INFO - Processing file /home/airflow/.local/lib/python3.12/site-packages/airflow/example_dags/example_setup_teardown_taskflow.py for tasks to queue
[2026-05-25T06:29:41.176+0000] {logging_mixin.py:188} INFO - [2026-05-25T06:29:41.176+0000] {dagbag.py:545} INFO - Filling up the DagBag from /home/airflow/.local/lib/python3.12/site-packages/airflow/example_dags/example_setup_teardown_taskflow.py
[2026-05-25T06:29:41.206+0000] {processor.py:840} INFO - DAG(s) 'example_setup_teardown_taskflow' retrieved from /home/airflow/.local/lib/python3.12/site-packages/airflow/example_dags/example_setup_teardown_taskflow.py
[2026-05-25T06:29:41.263+0000] {logging_mixin.py:188} INFO - [2026-05-25T06:29:41.263+0000] {dag.py:3089} INFO - Sync 1 DAGs
[2026-05-25T06:29:41.312+0000] {logging_mixin.py:188} INFO - [2026-05-25T06:29:41.312+0000] {dag.py:3947} INFO - Setting next_dagrun for example_setup_teardown_taskflow to 2026-05-24 00:00:00+00:00, run_after=2026-05-25 00:00:00+00:00
[2026-05-25T06:29:41.366+0000] {processor.py:183} INFO - Processing /home/airflow/.local/lib/python3.12/site-packages/airflow/example_dags/example_setup_teardown_taskflow.py took 0.209 seconds
[2026-05-25T06:30:11.634+0000] {processor.py:161} INFO - Started process (PID=729) to work on /home/airflow/.local/lib/python3.12/site-packages/airflow/example_dags/example_setup_teardown_taskflow.py
[2026-05-25T06:30:11.636+0000] {processor.py:830} INFO - Processing file /home/airflow/.local/lib/python3.12/site-packages/airflow/example_dags/example_setup_teardown_taskflow.py for tasks to queue
[2026-05-25T06:30:11.642+0000] {logging_mixin.py:188} INFO - [2026-05-25T06:30:11.641+0000] {dagbag.py:545} INFO - Filling up the DagBag from /home/airflow/.local/lib/python3.12/site-packages/airflow/example_dags/example_setup_teardown_taskflow.py
[2026-05-25T06:30:11.673+0000] {processor.py:840} INFO - DAG(s) 'example_setup_teardown_taskflow' retrieved from /home/airflow/.local/lib/python3.12/site-packages/airflow/example_dags/example_setup_teardown_taskflow.py
[2026-05-25T06:30:11.724+0000] {logging_mixin.py:188} INFO - [2026-05-25T06:30:11.723+0000] {dag.py:3089} INFO - Sync 1 DAGs
[2026-05-25T06:30:11.774+0000] {logging_mixin.py:188} INFO - [2026-05-25T06:30:11.773+0000] {dag.py:3947} INFO - Setting next_dagrun for example_setup_teardown_taskflow to 2026-05-24 00:00:00+00:00, run_after=2026-05-25 00:00:00+00:00
[2026-05-25T06:30:11.826+0000] {processor.py:183} INFO - Processing /home/airflow/.local/lib/python3.12/site-packages/airflow/example_dags/example_setup_teardown_taskflow.py took 0.204 seconds
[2026-05-25T06:30:46.949+0000] {processor.py:161} INFO - Started process (PID=790) to work on /home/airflow/.local/lib/python3.12/site-packages/airflow/example_dags/example_setup_teardown_taskflow.py
[2026-05-25T06:30:46.952+0000] {processor.py:830} INFO - Processing file /home/airflow/.local/lib/python3.12/site-packages/airflow/example_dags/example_setup_teardown_taskflow.py for tasks to queue
[2026-05-25T06:30:46.958+0000] {logging_mixin.py:188} INFO - [2026-05-25T06:30:46.957+0000] {dagbag.py:545} INFO - Filling up the DagBag from /home/airflow/.local/lib/python3.12/site-packages/airflow/example_dags/example_setup_teardown_taskflow.py
[2026-05-25T06:30:46.986+0000] {processor.py:840} INFO - DAG(s) 'example_setup_teardown_taskflow' retrieved from /home/airflow/.local/lib/python3.12/site-packages/airflow/example_dags/example_setup_teardown_taskflow.py
[2026-05-25T06:30:47.052+0000] {logging_mixin.py:188} INFO - [2026-05-25T06:30:47.051+0000] {dag.py:3089} INFO - Sync 1 DAGs
[2026-05-25T06:30:47.133+0000] {logging_mixin.py:188} INFO - [2026-05-25T06:30:47.132+0000] {dag.py:3947} INFO - Setting next_dagrun for example_setup_teardown_taskflow to 2026-05-24 00:00:00+00:00, run_after=2026-05-25 00:00:00+00:00
[2026-05-25T06:30:47.205+0000] {processor.py:183} INFO - Processing /home/airflow/.local/lib/python3.12/site-packages/airflow/example_dags/example_setup_teardown_taskflow.py took 0.274 seconds
[2026-05-25T06:31:17.457+0000] {processor.py:161} INFO - Started process (PID=850) to work on /home/airflow/.local/lib/python3.12/site-packages/airflow/example_dags/example_setup_teardown_taskflow.py
[2026-05-25T06:31:17.459+0000] {processor.py:830} INFO - Processing file /home/airflow/.local/lib/python3.12/site-packages/airflow/example_dags/example_setup_teardown_taskflow.py for tasks to queue
[2026-05-25T06:31:17.464+0000] {logging_mixin.py:188} INFO - [2026-05-25T06:31:17.463+0000] {dagbag.py:545} INFO - Filling up the DagBag from /home/airflow/.local/lib/python3.12/site-packages/airflow/example_dags/example_setup_teardown_taskflow.py
[2026-05-25T06:31:17.485+0000] {processor.py:840} INFO - DAG(s) 'example_setup_teardown_taskflow' retrieved from /home/airflow/.local/lib/python3.12/site-packages/airflow/example_dags/example_setup_teardown_taskflow.py
[2026-05-25T06:31:17.544+0000] {logging_mixin.py:188} INFO - [2026-05-25T06:31:17.544+0000] {dag.py:3089} INFO - Sync 1 DAGs
[2026-05-25T06:31:17.594+0000] {logging_mixin.py:188} INFO - [2026-05-25T06:31:17.593+0000] {dag.py:3947} INFO - Setting next_dagrun for example_setup_teardown_taskflow to 2026-05-24 00:00:00+00:00, run_after=2026-05-25 00:00:00+00:00
[2026-05-25T06:31:17.638+0000] {processor.py:183} INFO - Processing /home/airflow/.local/lib/python3.12/site-packages/airflow/example_dags/example_setup_teardown_taskflow.py took 0.196 seconds
[2026-05-25T06:31:48.229+0000] {processor.py:161} INFO - Started process (PID=908) to work on /home/airflow/.local/lib/python3.12/site-packages/airflow/example_dags/example_setup_teardown_taskflow.py
[2026-05-25T06:31:48.232+0000] {processor.py:830} INFO - Processing file /home/airflow/.local/lib/python3.12/site-packages/airflow/example_dags/example_setup_teardown_taskflow.py for tasks to queue
[2026-05-25T06:31:48.238+0000] {logging_mixin.py:188} INFO - [2026-05-25T06:31:48.237+0000] {dagbag.py:545} INFO - Filling up the DagBag from /home/airflow/.local/lib/python3.12/site-packages/airflow/example_dags/example_setup_teardown_taskflow.py
[2026-05-25T06:31:48.267+0000] {processor.py:840} INFO - DAG(s) 'example_setup_teardown_taskflow' retrieved from /home/airflow/.local/lib/python3.12/site-packages/airflow/example_dags/example_setup_teardown_taskflow.py
[2026-05-25T06:31:48.343+0000] {logging_mixin.py:188} INFO - [2026-05-25T06:31:48.343+0000] {dag.py:3089} INFO - Sync 1 DAGs
[2026-05-25T06:31:48.412+0000] {logging_mixin.py:188} INFO - [2026-05-25T06:31:48.411+0000] {dag.py:3947} INFO - Setting next_dagrun for example_setup_teardown_taskflow to 2026-05-24 00:00:00+00:00, run_after=2026-05-25 00:00:00+00:00
[2026-05-25T06:31:48.476+0000] {processor.py:183} INFO - Processing /home/airflow/.local/lib/python3.12/site-packages/airflow/example_dags/example_setup_teardown_taskflow.py took 0.263 seconds
[2026-05-25T06:32:19.074+0000] {processor.py:161} INFO - Started process (PID=968) to work on /home/airflow/.local/lib/python3.12/site-packages/airflow/example_dags/example_setup_teardown_taskflow.py
[2026-05-25T06:32:19.091+0000] {processor.py:830} INFO - Processing file /home/airflow/.local/lib/python3.12/site-packages/airflow/example_dags/example_setup_teardown_taskflow.py for tasks to queue
[2026-05-25T06:32:19.114+0000] {logging_mixin.py:188} INFO - [2026-05-25T06:32:19.112+0000] {dagbag.py:545} INFO - Filling up the DagBag from /home/airflow/.local/lib/python3.12/site-packages/airflow/example_dags/example_setup_teardown_taskflow.py
[2026-05-25T06:32:19.183+0000] {processor.py:840} INFO - DAG(s) 'example_setup_teardown_taskflow' retrieved from /home/airflow/.local/lib/python3.12/site-packages/airflow/example_dags/example_setup_teardown_taskflow.py
[2026-05-25T06:32:19.326+0000] {logging_mixin.py:188} INFO - [2026-05-25T06:32:19.314+0000] {dag.py:3089} INFO - Sync 1 DAGs
[2026-05-25T06:32:19.547+0000] {logging_mixin.py:188} INFO - [2026-05-25T06:32:19.546+0000] {dag.py:3947} INFO - Setting next_dagrun for example_setup_teardown_taskflow to 2026-05-24 00:00:00+00:00, run_after=2026-05-25 00:00:00+00:00
[2026-05-25T06:32:19.703+0000] {processor.py:183} INFO - Processing /home/airflow/.local/lib/python3.12/site-packages/airflow/example_dags/example_setup_teardown_taskflow.py took 0.663 seconds
[2026-05-25T06:32:50.570+0000] {processor.py:161} INFO - Started process (PID=1027) to work on /home/airflow/.local/lib/python3.12/site-packages/airflow/example_dags/example_setup_teardown_taskflow.py
[2026-05-25T06:32:50.573+0000] {processor.py:830} INFO - Processing file /home/airflow/.local/lib/python3.12/site-packages/airflow/example_dags/example_setup_teardown_taskflow.py for tasks to queue
[2026-05-25T06:32:50.579+0000] {logging_mixin.py:188} INFO - [2026-05-25T06:32:50.578+0000] {dagbag.py:545} INFO - Filling up the DagBag from /home/airflow/.local/lib/python3.12/site-packages/airflow/example_dags/example_setup_teardown_taskflow.py
[2026-05-25T06:32:50.620+0000] {processor.py:840} INFO - DAG(s) 'example_setup_teardown_taskflow' retrieved from /home/airflow/.local/lib/python3.12/site-packages/airflow/example_dags/example_setup_teardown_taskflow.py
[2026-05-25T06:32:50.745+0000] {logging_mixin.py:188} INFO - [2026-05-25T06:32:50.745+0000] {dag.py:3089} INFO - Sync 1 DAGs
[2026-05-25T06:32:51.008+0000] {logging_mixin.py:188} INFO - [2026-05-25T06:32:51.007+0000] {dag.py:3947} INFO - Setting next_dagrun for example_setup_teardown_taskflow to 2026-05-24 00:00:00+00:00, run_after=2026-05-25 00:00:00+00:00
[2026-05-25T06:32:51.145+0000] {processor.py:183} INFO - Processing /home/airflow/.local/lib/python3.12/site-packages/airflow/example_dags/example_setup_teardown_taskflow.py took 0.604 seconds
[2026-05-25T06:33:21.735+0000] {processor.py:161} INFO - Started process (PID=1087) to work on /home/airflow/.local/lib/python3.12/site-packages/airflow/example_dags/example_setup_teardown_taskflow.py
[2026-05-25T06:33:21.738+0000] {processor.py:830} INFO - Processing file /home/airflow/.local/lib/python3.12/site-packages/airflow/example_dags/example_setup_teardown_taskflow.py for tasks to queue
[2026-05-25T06:33:21.743+0000] {logging_mixin.py:188} INFO - [2026-05-25T06:33:21.742+0000] {dagbag.py:545} INFO - Filling up the DagBag from /home/airflow/.local/lib/python3.12/site-packages/airflow/example_dags/example_setup_teardown_taskflow.py
[2026-05-25T06:33:21.780+0000] {processor.py:840} INFO - DAG(s) 'example_setup_teardown_taskflow' retrieved from /home/airflow/.local/lib/python3.12/site-packages/airflow/example_dags/example_setup_teardown_taskflow.py
[2026-05-25T06:33:21.837+0000] {logging_mixin.py:188} INFO - [2026-05-25T06:33:21.837+0000] {dag.py:3089} INFO - Sync 1 DAGs
[2026-05-25T06:33:21.886+0000] {logging_mixin.py:188} INFO - [2026-05-25T06:33:21.886+0000] {dag.py:3947} INFO - Setting next_dagrun for example_setup_teardown_taskflow to 2026-05-24 00:00:00+00:00, run_after=2026-05-25 00:00:00+00:00
[2026-05-25T06:33:21.930+0000] {processor.py:183} INFO - Processing /home/airflow/.local/lib/python3.12/site-packages/airflow/example_dags/example_setup_teardown_taskflow.py took 0.213 seconds
[2026-05-25T06:33:53.908+0000] {processor.py:161} INFO - Started process (PID=1147) to work on /home/airflow/.local/lib/python3.12/site-packages/airflow/example_dags/example_setup_teardown_taskflow.py
[2026-05-25T06:33:53.912+0000] {processor.py:830} INFO - Processing file /home/airflow/.local/lib/python3.12/site-packages/airflow/example_dags/example_setup_teardown_taskflow.py for tasks to queue
[2026-05-25T06:33:53.919+0000] {logging_mixin.py:188} INFO - [2026-05-25T06:33:53.917+0000] {dagbag.py:545} INFO - Filling up the DagBag from /home/airflow/.local/lib/python3.12/site-packages/airflow/example_dags/example_setup_teardown_taskflow.py
[2026-05-25T06:33:53.971+0000] {processor.py:840} INFO - DAG(s) 'example_setup_teardown_taskflow' retrieved from /home/airflow/.local/lib/python3.12/site-packages/airflow/example_dags/example_setup_teardown_taskflow.py
[2026-05-25T06:33:54.116+0000] {logging_mixin.py:188} INFO - [2026-05-25T06:33:54.116+0000] {dag.py:3089} INFO - Sync 1 DAGs
[2026-05-25T06:33:54.237+0000] {logging_mixin.py:188} INFO - [2026-05-25T06:33:54.236+0000] {dag.py:3947} INFO - Setting next_dagrun for example_setup_teardown_taskflow to 2026-05-24 00:00:00+00:00, run_after=2026-05-25 00:00:00+00:00
[2026-05-25T06:33:54.338+0000] {processor.py:183} INFO - Processing /home/airflow/.local/lib/python3.12/site-packages/airflow/example_dags/example_setup_teardown_taskflow.py took 0.447 seconds
[2026-05-25T06:34:25.421+0000] {processor.py:161} INFO - Started process (PID=1207) to work on /home/airflow/.local/lib/python3.12/site-packages/airflow/example_dags/example_setup_teardown_taskflow.py
[2026-05-25T06:34:25.424+0000] {processor.py:830} INFO - Processing file /home/airflow/.local/lib/python3.12/site-packages/airflow/example_dags/example_setup_teardown_taskflow.py for tasks to queue
[2026-05-25T06:34:25.430+0000] {logging_mixin.py:188} INFO - [2026-05-25T06:34:25.429+0000] {dagbag.py:545} INFO - Filling up the DagBag from /home/airflow/.local/lib/python3.12/site-packages/airflow/example_dags/example_setup_teardown_taskflow.py
[2026-05-25T06:34:25.460+0000] {processor.py:840} INFO - DAG(s) 'example_setup_teardown_taskflow' retrieved from /home/airflow/.local/lib/python3.12/site-packages/airflow/example_dags/example_setup_teardown_taskflow.py
[2026-05-25T06:34:25.562+0000] {logging_mixin.py:188} INFO - [2026-05-25T06:34:25.561+0000] {dag.py:3089} INFO - Sync 1 DAGs
[2026-05-25T06:34:25.687+0000] {logging_mixin.py:188} INFO - [2026-05-25T06:34:25.683+0000] {dag.py:3947} INFO - Setting next_dagrun for example_setup_teardown_taskflow to 2026-05-24 00:00:00+00:00, run_after=2026-05-25 00:00:00+00:00
[2026-05-25T06:34:25.892+0000] {processor.py:183} INFO - Processing /home/airflow/.local/lib/python3.12/site-packages/airflow/example_dags/example_setup_teardown_taskflow.py took 0.489 seconds
[2026-05-25T06:34:57.153+0000] {processor.py:161} INFO - Started process (PID=1267) to work on /home/airflow/.local/lib/python3.12/site-packages/airflow/example_dags/example_setup_teardown_taskflow.py
[2026-05-25T06:34:57.157+0000] {processor.py:830} INFO - Processing file /home/airflow/.local/lib/python3.12/site-packages/airflow/example_dags/example_setup_teardown_taskflow.py for tasks to queue
[2026-05-25T06:34:57.166+0000] {logging_mixin.py:188} INFO - [2026-05-25T06:34:57.165+0000] {dagbag.py:545} INFO - Filling up the DagBag from /home/airflow/.local/lib/python3.12/site-packages/airflow/example_dags/example_setup_teardown_taskflow.py
[2026-05-25T06:34:57.208+0000] {processor.py:840} INFO - DAG(s) 'example_setup_teardown_taskflow' retrieved from /home/airflow/.local/lib/python3.12/site-packages/airflow/example_dags/example_setup_teardown_taskflow.py
[2026-05-25T06:34:57.280+0000] {logging_mixin.py:188} INFO - [2026-05-25T06:34:57.280+0000] {dag.py:3089} INFO - Sync 1 DAGs
[2026-05-25T06:34:57.332+0000] {logging_mixin.py:188} INFO - [2026-05-25T06:34:57.332+0000] {dag.py:3947} INFO - Setting next_dagrun for example_setup_teardown_taskflow to 2026-05-24 00:00:00+00:00, run_after=2026-05-25 00:00:00+00:00
[2026-05-25T06:34:57.372+0000] {processor.py:183} INFO - Processing /home/airflow/.local/lib/python3.12/site-packages/airflow/example_dags/example_setup_teardown_taskflow.py took 0.239 seconds
[2026-05-25T06:35:27.990+0000] {processor.py:161} INFO - Started process (PID=1327) to work on /home/airflow/.local/lib/python3.12/site-packages/airflow/example_dags/example_setup_teardown_taskflow.py
[2026-05-25T06:35:27.992+0000] {processor.py:830} INFO - Processing file /home/airflow/.local/lib/python3.12/site-packages/airflow/example_dags/example_setup_teardown_taskflow.py for tasks to queue
[2026-05-25T06:35:27.998+0000] {logging_mixin.py:188} INFO - [2026-05-25T06:35:27.997+0000] {dagbag.py:545} INFO - Filling up the DagBag from /home/airflow/.local/lib/python3.12/site-packages/airflow/example_dags/example_setup_teardown_taskflow.py
[2026-05-25T06:35:28.023+0000] {processor.py:840} INFO - DAG(s) 'example_setup_teardown_taskflow' retrieved from /home/airflow/.local/lib/python3.12/site-packages/airflow/example_dags/example_setup_teardown_taskflow.py
[2026-05-25T06:35:28.093+0000] {logging_mixin.py:188} INFO - [2026-05-25T06:35:28.093+0000] {dag.py:3089} INFO - Sync 1 DAGs
[2026-05-25T06:35:28.155+0000] {logging_mixin.py:188} INFO - [2026-05-25T06:35:28.154+0000] {dag.py:3947} INFO - Setting next_dagrun for example_setup_teardown_taskflow to 2026-05-24 00:00:00+00:00, run_after=2026-05-25 00:00:00+00:00
[2026-05-25T06:35:28.220+0000] {processor.py:183} INFO - Processing /home/airflow/.local/lib/python3.12/site-packages/airflow/example_dags/example_setup_teardown_taskflow.py took 0.246 seconds
[2026-05-25T06:35:58.340+0000] {processor.py:161} INFO - Started process (PID=1385) to work on /home/airflow/.local/lib/python3.12/site-packages/airflow/example_dags/example_setup_teardown_taskflow.py
[2026-05-25T06:35:58.342+0000] {processor.py:830} INFO - Processing file /home/airflow/.local/lib/python3.12/site-packages/airflow/example_dags/example_setup_teardown_taskflow.py for tasks to queue
[2026-05-25T06:35:58.346+0000] {logging_mixin.py:188} INFO - [2026-05-25T06:35:58.345+0000] {dagbag.py:545} INFO - Filling up the DagBag from /home/airflow/.local/lib/python3.12/site-packages/airflow/example_dags/example_setup_teardown_taskflow.py
[2026-05-25T06:35:58.365+0000] {processor.py:840} INFO - DAG(s) 'example_setup_teardown_taskflow' retrieved from /home/airflow/.local/lib/python3.12/site-packages/airflow/example_dags/example_setup_teardown_taskflow.py
[2026-05-25T06:35:58.417+0000] {logging_mixin.py:188} INFO - [2026-05-25T06:35:58.415+0000] {dag.py:3089} INFO - Sync 1 DAGs
[2026-05-25T06:35:58.476+0000] {logging_mixin.py:188} INFO - [2026-05-25T06:35:58.476+0000] {dag.py:3947} INFO - Setting next_dagrun for example_setup_teardown_taskflow to 2026-05-24 00:00:00+00:00, run_after=2026-05-25 00:00:00+00:00
[2026-05-25T06:35:58.525+0000] {processor.py:183} INFO - Processing /home/airflow/.local/lib/python3.12/site-packages/airflow/example_dags/example_setup_teardown_taskflow.py took 0.197 seconds
[2026-05-25T06:36:29.312+0000] {processor.py:161} INFO - Started process (PID=1451) to work on /home/airflow/.local/lib/python3.12/site-packages/airflow/example_dags/example_setup_teardown_taskflow.py
[2026-05-25T06:36:29.314+0000] {processor.py:830} INFO - Processing file /home/airflow/.local/lib/python3.12/site-packages/airflow/example_dags/example_setup_teardown_taskflow.py for tasks to queue
[2026-05-25T06:36:29.320+0000] {logging_mixin.py:188} INFO - [2026-05-25T06:36:29.319+0000] {dagbag.py:545} INFO - Filling up the DagBag from /home/airflow/.local/lib/python3.12/site-packages/airflow/example_dags/example_setup_teardown_taskflow.py
[2026-05-25T06:36:29.341+0000] {processor.py:840} INFO - DAG(s) 'example_setup_teardown_taskflow' retrieved from /home/airflow/.local/lib/python3.12/site-packages/airflow/example_dags/example_setup_teardown_taskflow.py
[2026-05-25T06:36:29.392+0000] {logging_mixin.py:188} INFO - [2026-05-25T06:36:29.392+0000] {dag.py:3089} INFO - Sync 1 DAGs
[2026-05-25T06:36:29.441+0000] {logging_mixin.py:188} INFO - [2026-05-25T06:36:29.441+0000] {dag.py:3947} INFO - Setting next_dagrun for example_setup_teardown_taskflow to 2026-05-24 00:00:00+00:00, run_after=2026-05-25 00:00:00+00:00
[2026-05-25T06:36:29.484+0000] {processor.py:183} INFO - Processing /home/airflow/.local/lib/python3.12/site-packages/airflow/example_dags/example_setup_teardown_taskflow.py took 0.185 seconds
[2026-05-25T06:37:00.659+0000] {processor.py:161} INFO - Started process (PID=1511) to work on /home/airflow/.local/lib/python3.12/site-packages/airflow/example_dags/example_setup_teardown_taskflow.py
[2026-05-25T06:37:00.664+0000] {processor.py:830} INFO - Processing file /home/airflow/.local/lib/python3.12/site-packages/airflow/example_dags/example_setup_teardown_taskflow.py for tasks to queue
[2026-05-25T06:37:00.677+0000] {logging_mixin.py:188} INFO - [2026-05-25T06:37:00.676+0000] {dagbag.py:545} INFO - Filling up the DagBag from /home/airflow/.local/lib/python3.12/site-packages/airflow/example_dags/example_setup_teardown_taskflow.py
[2026-05-25T06:37:00.721+0000] {processor.py:840} INFO - DAG(s) 'example_setup_teardown_taskflow' retrieved from /home/airflow/.local/lib/python3.12/site-packages/airflow/example_dags/example_setup_teardown_taskflow.py
[2026-05-25T06:37:00.795+0000] {logging_mixin.py:188} INFO - [2026-05-25T06:37:00.794+0000] {dag.py:3089} INFO - Sync 1 DAGs
[2026-05-25T06:37:00.866+0000] {logging_mixin.py:188} INFO - [2026-05-25T06:37:00.865+0000] {dag.py:3947} INFO - Setting next_dagrun for example_setup_teardown_taskflow to 2026-05-24 00:00:00+00:00, run_after=2026-05-25 00:00:00+00:00
[2026-05-25T06:37:00.930+0000] {processor.py:183} INFO - Processing /home/airflow/.local/lib/python3.12/site-packages/airflow/example_dags/example_setup_teardown_taskflow.py took 0.305 seconds
[2026-05-25T06:37:32.555+0000] {processor.py:161} INFO - Started process (PID=1571) to work on /home/airflow/.local/lib/python3.12/site-packages/airflow/example_dags/example_setup_teardown_taskflow.py
[2026-05-25T06:37:32.576+0000] {processor.py:830} INFO - Processing file /home/airflow/.local/lib/python3.12/site-packages/airflow/example_dags/example_setup_teardown_taskflow.py for tasks to queue
[2026-05-25T06:37:32.596+0000] {logging_mixin.py:188} INFO - [2026-05-25T06:37:32.594+0000] {dagbag.py:545} INFO - Filling up the DagBag from /home/airflow/.local/lib/python3.12/site-packages/airflow/example_dags/example_setup_teardown_taskflow.py
[2026-05-25T06:37:32.692+0000] {processor.py:840} INFO - DAG(s) 'example_setup_teardown_taskflow' retrieved from /home/airflow/.local/lib/python3.12/site-packages/airflow/example_dags/example_setup_teardown_taskflow.py
[2026-05-25T06:37:32.853+0000] {logging_mixin.py:188} INFO - [2026-05-25T06:37:32.851+0000] {dag.py:3089} INFO - Sync 1 DAGs
[2026-05-25T06:37:33.131+0000] {logging_mixin.py:188} INFO - [2026-05-25T06:37:33.130+0000] {dag.py:3947} INFO - Setting next_dagrun for example_setup_teardown_taskflow to 2026-05-24 00:00:00+00:00, run_after=2026-05-25 00:00:00+00:00
[2026-05-25T06:37:33.294+0000] {processor.py:183} INFO - Processing /home/airflow/.local/lib/python3.12/site-packages/airflow/example_dags/example_setup_teardown_taskflow.py took 0.785 seconds
[2026-05-25T06:38:04.342+0000] {processor.py:161} INFO - Started process (PID=1631) to work on /home/airflow/.local/lib/python3.12/site-packages/airflow/example_dags/example_setup_teardown_taskflow.py
[2026-05-25T06:38:04.346+0000] {processor.py:830} INFO - Processing file /home/airflow/.local/lib/python3.12/site-packages/airflow/example_dags/example_setup_teardown_taskflow.py for tasks to queue
[2026-05-25T06:38:04.352+0000] {logging_mixin.py:188} INFO - [2026-05-25T06:38:04.352+0000] {dagbag.py:545} INFO - Filling up the DagBag from /home/airflow/.local/lib/python3.12/site-packages/airflow/example_dags/example_setup_teardown_taskflow.py
[2026-05-25T06:38:04.373+0000] {processor.py:840} INFO - DAG(s) 'example_setup_teardown_taskflow' retrieved from /home/airflow/.local/lib/python3.12/site-packages/airflow/example_dags/example_setup_teardown_taskflow.py
[2026-05-25T06:38:04.430+0000] {logging_mixin.py:188} INFO - [2026-05-25T06:38:04.430+0000] {dag.py:3089} INFO - Sync 1 DAGs
[2026-05-25T06:38:04.496+0000] {logging_mixin.py:188} INFO - [2026-05-25T06:38:04.496+0000] {dag.py:3947} INFO - Setting next_dagrun for example_setup_teardown_taskflow to 2026-05-24 00:00:00+00:00, run_after=2026-05-25 00:00:00+00:00
[2026-05-25T06:38:04.546+0000] {processor.py:183} INFO - Processing /home/airflow/.local/lib/python3.12/site-packages/airflow/example_dags/example_setup_teardown_taskflow.py took 0.230 seconds
[2026-05-25T06:42:00.530+0000] {processor.py:161} INFO - Started process (PID=122) to work on /home/airflow/.local/lib/python3.12/site-packages/airflow/example_dags/example_setup_teardown_taskflow.py
[2026-05-25T06:42:00.548+0000] {processor.py:830} INFO - Processing file /home/airflow/.local/lib/python3.12/site-packages/airflow/example_dags/example_setup_teardown_taskflow.py for tasks to queue
[2026-05-25T06:42:00.596+0000] {logging_mixin.py:188} INFO - [2026-05-25T06:42:00.595+0000] {dagbag.py:545} INFO - Filling up the DagBag from /home/airflow/.local/lib/python3.12/site-packages/airflow/example_dags/example_setup_teardown_taskflow.py
[2026-05-25T06:42:00.748+0000] {processor.py:840} INFO - DAG(s) 'example_setup_teardown_taskflow' retrieved from /home/airflow/.local/lib/python3.12/site-packages/airflow/example_dags/example_setup_teardown_taskflow.py
[2026-05-25T06:42:01.502+0000] {logging_mixin.py:188} INFO - [2026-05-25T06:42:01.501+0000] {dag.py:3089} INFO - Sync 1 DAGs
[2026-05-25T06:42:01.570+0000] {logging_mixin.py:188} INFO - [2026-05-25T06:42:01.570+0000] {dag.py:3947} INFO - Setting next_dagrun for example_setup_teardown_taskflow to 2026-05-24 00:00:00+00:00, run_after=2026-05-25 00:00:00+00:00
[2026-05-25T06:42:01.809+0000] {processor.py:183} INFO - Processing /home/airflow/.local/lib/python3.12/site-packages/airflow/example_dags/example_setup_teardown_taskflow.py took 1.337 seconds
[2026-05-25T06:42:33.959+0000] {processor.py:161} INFO - Started process (PID=181) to work on /home/airflow/.local/lib/python3.12/site-packages/airflow/example_dags/example_setup_teardown_taskflow.py
[2026-05-25T06:42:33.963+0000] {processor.py:830} INFO - Processing file /home/airflow/.local/lib/python3.12/site-packages/airflow/example_dags/example_setup_teardown_taskflow.py for tasks to queue
[2026-05-25T06:42:33.997+0000] {logging_mixin.py:188} INFO - [2026-05-25T06:42:33.996+0000] {dagbag.py:545} INFO - Filling up the DagBag from /home/airflow/.local/lib/python3.12/site-packages/airflow/example_dags/example_setup_teardown_taskflow.py
[2026-05-25T06:42:34.099+0000] {processor.py:840} INFO - DAG(s) 'example_setup_teardown_taskflow' retrieved from /home/airflow/.local/lib/python3.12/site-packages/airflow/example_dags/example_setup_teardown_taskflow.py
[2026-05-25T06:42:34.271+0000] {logging_mixin.py:188} INFO - [2026-05-25T06:42:34.266+0000] {dag.py:3089} INFO - Sync 1 DAGs
[2026-05-25T06:42:34.374+0000] {logging_mixin.py:188} INFO - [2026-05-25T06:42:34.373+0000] {dag.py:3947} INFO - Setting next_dagrun for example_setup_teardown_taskflow to 2026-05-24 00:00:00+00:00, run_after=2026-05-25 00:00:00+00:00
[2026-05-25T06:42:34.474+0000] {processor.py:183} INFO - Processing /home/airflow/.local/lib/python3.12/site-packages/airflow/example_dags/example_setup_teardown_taskflow.py took 0.561 seconds
[2026-05-25T06:43:09.468+0000] {processor.py:161} INFO - Started process (PID=242) to work on /home/airflow/.local/lib/python3.12/site-packages/airflow/example_dags/example_setup_teardown_taskflow.py
[2026-05-25T06:43:09.472+0000] {processor.py:830} INFO - Processing file /home/airflow/.local/lib/python3.12/site-packages/airflow/example_dags/example_setup_teardown_taskflow.py for tasks to queue
[2026-05-25T06:43:09.477+0000] {logging_mixin.py:188} INFO - [2026-05-25T06:43:09.476+0000] {dagbag.py:545} INFO - Filling up the DagBag from /home/airflow/.local/lib/python3.12/site-packages/airflow/example_dags/example_setup_teardown_taskflow.py
[2026-05-25T06:43:09.505+0000] {processor.py:840} INFO - DAG(s) 'example_setup_teardown_taskflow' retrieved from /home/airflow/.local/lib/python3.12/site-packages/airflow/example_dags/example_setup_teardown_taskflow.py
[2026-05-25T06:43:09.560+0000] {logging_mixin.py:188} INFO - [2026-05-25T06:43:09.559+0000] {dag.py:3089} INFO - Sync 1 DAGs
[2026-05-25T06:43:09.611+0000] {logging_mixin.py:188} INFO - [2026-05-25T06:43:09.611+0000] {dag.py:3947} INFO - Setting next_dagrun for example_setup_teardown_taskflow to 2026-05-24 00:00:00+00:00, run_after=2026-05-25 00:00:00+00:00
[2026-05-25T06:43:09.662+0000] {processor.py:183} INFO - Processing /home/airflow/.local/lib/python3.12/site-packages/airflow/example_dags/example_setup_teardown_taskflow.py took 0.211 seconds
[2026-05-25T06:43:40.123+0000] {processor.py:161} INFO - Started process (PID=302) to work on /home/airflow/.local/lib/python3.12/site-packages/airflow/example_dags/example_setup_teardown_taskflow.py
[2026-05-25T06:43:40.126+0000] {processor.py:830} INFO - Processing file /home/airflow/.local/lib/python3.12/site-packages/airflow/example_dags/example_setup_teardown_taskflow.py for tasks to queue
[2026-05-25T06:43:40.131+0000] {logging_mixin.py:188} INFO - [2026-05-25T06:43:40.130+0000] {dagbag.py:545} INFO - Filling up the DagBag from /home/airflow/.local/lib/python3.12/site-packages/airflow/example_dags/example_setup_teardown_taskflow.py
[2026-05-25T06:43:40.162+0000] {processor.py:840} INFO - DAG(s) 'example_setup_teardown_taskflow' retrieved from /home/airflow/.local/lib/python3.12/site-packages/airflow/example_dags/example_setup_teardown_taskflow.py
[2026-05-25T06:43:40.231+0000] {logging_mixin.py:188} INFO - [2026-05-25T06:43:40.230+0000] {dag.py:3089} INFO - Sync 1 DAGs
[2026-05-25T06:43:40.288+0000] {logging_mixin.py:188} INFO - [2026-05-25T06:43:40.287+0000] {dag.py:3947} INFO - Setting next_dagrun for example_setup_teardown_taskflow to 2026-05-24 00:00:00+00:00, run_after=2026-05-25 00:00:00+00:00
[2026-05-25T06:43:40.335+0000] {processor.py:183} INFO - Processing /home/airflow/.local/lib/python3.12/site-packages/airflow/example_dags/example_setup_teardown_taskflow.py took 0.230 seconds
[2026-05-25T06:44:10.846+0000] {processor.py:161} INFO - Started process (PID=362) to work on /home/airflow/.local/lib/python3.12/site-packages/airflow/example_dags/example_setup_teardown_taskflow.py
[2026-05-25T06:44:10.848+0000] {processor.py:830} INFO - Processing file /home/airflow/.local/lib/python3.12/site-packages/airflow/example_dags/example_setup_teardown_taskflow.py for tasks to queue
[2026-05-25T06:44:10.852+0000] {logging_mixin.py:188} INFO - [2026-05-25T06:44:10.851+0000] {dagbag.py:545} INFO - Filling up the DagBag from /home/airflow/.local/lib/python3.12/site-packages/airflow/example_dags/example_setup_teardown_taskflow.py
[2026-05-25T06:44:10.873+0000] {processor.py:840} INFO - DAG(s) 'example_setup_teardown_taskflow' retrieved from /home/airflow/.local/lib/python3.12/site-packages/airflow/example_dags/example_setup_teardown_taskflow.py
[2026-05-25T06:44:10.923+0000] {logging_mixin.py:188} INFO - [2026-05-25T06:44:10.923+0000] {dag.py:3089} INFO - Sync 1 DAGs
[2026-05-25T06:44:10.978+0000] {logging_mixin.py:188} INFO - [2026-05-25T06:44:10.978+0000] {dag.py:3947} INFO - Setting next_dagrun for example_setup_teardown_taskflow to 2026-05-24 00:00:00+00:00, run_after=2026-05-25 00:00:00+00:00
[2026-05-25T06:44:11.019+0000] {processor.py:183} INFO - Processing /home/airflow/.local/lib/python3.12/site-packages/airflow/example_dags/example_setup_teardown_taskflow.py took 0.188 seconds
[2026-05-25T06:44:42.187+0000] {processor.py:161} INFO - Started process (PID=422) to work on /home/airflow/.local/lib/python3.12/site-packages/airflow/example_dags/example_setup_teardown_taskflow.py
[2026-05-25T06:44:42.189+0000] {processor.py:830} INFO - Processing file /home/airflow/.local/lib/python3.12/site-packages/airflow/example_dags/example_setup_teardown_taskflow.py for tasks to queue
[2026-05-25T06:44:42.193+0000] {logging_mixin.py:188} INFO - [2026-05-25T06:44:42.192+0000] {dagbag.py:545} INFO - Filling up the DagBag from /home/airflow/.local/lib/python3.12/site-packages/airflow/example_dags/example_setup_teardown_taskflow.py
[2026-05-25T06:44:42.215+0000] {processor.py:840} INFO - DAG(s) 'example_setup_teardown_taskflow' retrieved from /home/airflow/.local/lib/python3.12/site-packages/airflow/example_dags/example_setup_teardown_taskflow.py
[2026-05-25T06:44:42.266+0000] {logging_mixin.py:188} INFO - [2026-05-25T06:44:42.265+0000] {dag.py:3089} INFO - Sync 1 DAGs
[2026-05-25T06:44:42.319+0000] {logging_mixin.py:188} INFO - [2026-05-25T06:44:42.319+0000] {dag.py:3947} INFO - Setting next_dagrun for example_setup_teardown_taskflow to 2026-05-24 00:00:00+00:00, run_after=2026-05-25 00:00:00+00:00
[2026-05-25T06:44:42.383+0000] {processor.py:183} INFO - Processing /home/airflow/.local/lib/python3.12/site-packages/airflow/example_dags/example_setup_teardown_taskflow.py took 0.208 seconds
[2026-05-25T06:45:16.927+0000] {processor.py:161} INFO - Started process (PID=482) to work on /home/airflow/.local/lib/python3.12/site-packages/airflow/example_dags/example_setup_teardown_taskflow.py
[2026-05-25T06:45:16.929+0000] {processor.py:830} INFO - Processing file /home/airflow/.local/lib/python3.12/site-packages/airflow/example_dags/example_setup_teardown_taskflow.py for tasks to queue
[2026-05-25T06:45:16.934+0000] {logging_mixin.py:188} INFO - [2026-05-25T06:45:16.933+0000] {dagbag.py:545} INFO - Filling up the DagBag from /home/airflow/.local/lib/python3.12/site-packages/airflow/example_dags/example_setup_teardown_taskflow.py
[2026-05-25T06:45:16.956+0000] {processor.py:840} INFO - DAG(s) 'example_setup_teardown_taskflow' retrieved from /home/airflow/.local/lib/python3.12/site-packages/airflow/example_dags/example_setup_teardown_taskflow.py
[2026-05-25T06:45:17.015+0000] {logging_mixin.py:188} INFO - [2026-05-25T06:45:17.014+0000] {dag.py:3089} INFO - Sync 1 DAGs
[2026-05-25T06:45:17.071+0000] {logging_mixin.py:188} INFO - [2026-05-25T06:45:17.070+0000] {dag.py:3947} INFO - Setting next_dagrun for example_setup_teardown_taskflow to 2026-05-24 00:00:00+00:00, run_after=2026-05-25 00:00:00+00:00
[2026-05-25T06:45:17.120+0000] {processor.py:183} INFO - Processing /home/airflow/.local/lib/python3.12/site-packages/airflow/example_dags/example_setup_teardown_taskflow.py took 0.206 seconds
[2026-05-25T06:45:47.802+0000] {processor.py:161} INFO - Started process (PID=542) to work on /home/airflow/.local/lib/python3.12/site-packages/airflow/example_dags/example_setup_teardown_taskflow.py
[2026-05-25T06:45:47.805+0000] {processor.py:830} INFO - Processing file /home/airflow/.local/lib/python3.12/site-packages/airflow/example_dags/example_setup_teardown_taskflow.py for tasks to queue
[2026-05-25T06:45:47.811+0000] {logging_mixin.py:188} INFO - [2026-05-25T06:45:47.810+0000] {dagbag.py:545} INFO - Filling up the DagBag from /home/airflow/.local/lib/python3.12/site-packages/airflow/example_dags/example_setup_teardown_taskflow.py
[2026-05-25T06:45:47.841+0000] {processor.py:840} INFO - DAG(s) 'example_setup_teardown_taskflow' retrieved from /home/airflow/.local/lib/python3.12/site-packages/airflow/example_dags/example_setup_teardown_taskflow.py
[2026-05-25T06:45:47.906+0000] {logging_mixin.py:188} INFO - [2026-05-25T06:45:47.905+0000] {dag.py:3089} INFO - Sync 1 DAGs
[2026-05-25T06:45:47.990+0000] {logging_mixin.py:188} INFO - [2026-05-25T06:45:47.989+0000] {dag.py:3947} INFO - Setting next_dagrun for example_setup_teardown_taskflow to 2026-05-24 00:00:00+00:00, run_after=2026-05-25 00:00:00+00:00
[2026-05-25T06:45:48.109+0000] {processor.py:183} INFO - Processing /home/airflow/.local/lib/python3.12/site-packages/airflow/example_dags/example_setup_teardown_taskflow.py took 0.325 seconds
[2026-05-25T06:46:18.763+0000] {processor.py:161} INFO - Started process (PID=607) to work on /home/airflow/.local/lib/python3.12/site-packages/airflow/example_dags/example_setup_teardown_taskflow.py
[2026-05-25T06:46:18.765+0000] {processor.py:830} INFO - Processing file /home/airflow/.local/lib/python3.12/site-packages/airflow/example_dags/example_setup_teardown_taskflow.py for tasks to queue
[2026-05-25T06:46:18.769+0000] {logging_mixin.py:188} INFO - [2026-05-25T06:46:18.769+0000] {dagbag.py:545} INFO - Filling up the DagBag from /home/airflow/.local/lib/python3.12/site-packages/airflow/example_dags/example_setup_teardown_taskflow.py
[2026-05-25T06:46:18.796+0000] {processor.py:840} INFO - DAG(s) 'example_setup_teardown_taskflow' retrieved from /home/airflow/.local/lib/python3.12/site-packages/airflow/example_dags/example_setup_teardown_taskflow.py
[2026-05-25T06:46:18.843+0000] {logging_mixin.py:188} INFO - [2026-05-25T06:46:18.843+0000] {dag.py:3089} INFO - Sync 1 DAGs
[2026-05-25T06:46:18.895+0000] {logging_mixin.py:188} INFO - [2026-05-25T06:46:18.894+0000] {dag.py:3947} INFO - Setting next_dagrun for example_setup_teardown_taskflow to 2026-05-24 00:00:00+00:00, run_after=2026-05-25 00:00:00+00:00
[2026-05-25T06:46:18.934+0000] {processor.py:183} INFO - Processing /home/airflow/.local/lib/python3.12/site-packages/airflow/example_dags/example_setup_teardown_taskflow.py took 0.183 seconds
[2026-05-25T06:46:49.469+0000] {processor.py:161} INFO - Started process (PID=667) to work on /home/airflow/.local/lib/python3.12/site-packages/airflow/example_dags/example_setup_teardown_taskflow.py
[2026-05-25T06:46:49.472+0000] {processor.py:830} INFO - Processing file /home/airflow/.local/lib/python3.12/site-packages/airflow/example_dags/example_setup_teardown_taskflow.py for tasks to queue
[2026-05-25T06:46:49.478+0000] {logging_mixin.py:188} INFO - [2026-05-25T06:46:49.476+0000] {dagbag.py:545} INFO - Filling up the DagBag from /home/airflow/.local/lib/python3.12/site-packages/airflow/example_dags/example_setup_teardown_taskflow.py
[2026-05-25T06:46:49.504+0000] {processor.py:840} INFO - DAG(s) 'example_setup_teardown_taskflow' retrieved from /home/airflow/.local/lib/python3.12/site-packages/airflow/example_dags/example_setup_teardown_taskflow.py
[2026-05-25T06:46:49.559+0000] {logging_mixin.py:188} INFO - [2026-05-25T06:46:49.559+0000] {dag.py:3089} INFO - Sync 1 DAGs
[2026-05-25T06:46:49.622+0000] {logging_mixin.py:188} INFO - [2026-05-25T06:46:49.622+0000] {dag.py:3947} INFO - Setting next_dagrun for example_setup_teardown_taskflow to 2026-05-24 00:00:00+00:00, run_after=2026-05-25 00:00:00+00:00
[2026-05-25T06:46:49.685+0000] {processor.py:183} INFO - Processing /home/airflow/.local/lib/python3.12/site-packages/airflow/example_dags/example_setup_teardown_taskflow.py took 0.233 seconds
[2026-05-25T06:47:36.535+0000] {processor.py:161} INFO - Started process (PID=728) to work on /home/airflow/.local/lib/python3.12/site-packages/airflow/example_dags/example_setup_teardown_taskflow.py
[2026-05-25T06:47:36.538+0000] {processor.py:830} INFO - Processing file /home/airflow/.local/lib/python3.12/site-packages/airflow/example_dags/example_setup_teardown_taskflow.py for tasks to queue
[2026-05-25T06:47:36.547+0000] {logging_mixin.py:188} INFO - [2026-05-25T06:47:36.546+0000] {dagbag.py:545} INFO - Filling up the DagBag from /home/airflow/.local/lib/python3.12/site-packages/airflow/example_dags/example_setup_teardown_taskflow.py
[2026-05-25T06:47:36.573+0000] {processor.py:840} INFO - DAG(s) 'example_setup_teardown_taskflow' retrieved from /home/airflow/.local/lib/python3.12/site-packages/airflow/example_dags/example_setup_teardown_taskflow.py
[2026-05-25T06:47:36.640+0000] {logging_mixin.py:188} INFO - [2026-05-25T06:47:36.639+0000] {dag.py:3089} INFO - Sync 1 DAGs
[2026-05-25T06:47:36.693+0000] {logging_mixin.py:188} INFO - [2026-05-25T06:47:36.692+0000] {dag.py:3947} INFO - Setting next_dagrun for example_setup_teardown_taskflow to 2026-05-24 00:00:00+00:00, run_after=2026-05-25 00:00:00+00:00
[2026-05-25T06:47:36.743+0000] {processor.py:183} INFO - Processing /home/airflow/.local/lib/python3.12/site-packages/airflow/example_dags/example_setup_teardown_taskflow.py took 0.226 seconds
[2026-05-25T06:48:09.628+0000] {processor.py:161} INFO - Started process (PID=786) to work on /home/airflow/.local/lib/python3.12/site-packages/airflow/example_dags/example_setup_teardown_taskflow.py
[2026-05-25T06:48:09.632+0000] {processor.py:830} INFO - Processing file /home/airflow/.local/lib/python3.12/site-packages/airflow/example_dags/example_setup_teardown_taskflow.py for tasks to queue
[2026-05-25T06:48:09.638+0000] {logging_mixin.py:188} INFO - [2026-05-25T06:48:09.637+0000] {dagbag.py:545} INFO - Filling up the DagBag from /home/airflow/.local/lib/python3.12/site-packages/airflow/example_dags/example_setup_teardown_taskflow.py
[2026-05-25T06:48:09.679+0000] {processor.py:840} INFO - DAG(s) 'example_setup_teardown_taskflow' retrieved from /home/airflow/.local/lib/python3.12/site-packages/airflow/example_dags/example_setup_teardown_taskflow.py
[2026-05-25T06:48:09.818+0000] {logging_mixin.py:188} INFO - [2026-05-25T06:48:09.812+0000] {dag.py:3089} INFO - Sync 1 DAGs
[2026-05-25T06:48:09.923+0000] {logging_mixin.py:188} INFO - [2026-05-25T06:48:09.922+0000] {dag.py:3947} INFO - Setting next_dagrun for example_setup_teardown_taskflow to 2026-05-24 00:00:00+00:00, run_after=2026-05-25 00:00:00+00:00
[2026-05-25T06:48:09.993+0000] {processor.py:183} INFO - Processing /home/airflow/.local/lib/python3.12/site-packages/airflow/example_dags/example_setup_teardown_taskflow.py took 0.382 seconds
[2026-05-25T06:48:41.109+0000] {processor.py:161} INFO - Started process (PID=847) to work on /home/airflow/.local/lib/python3.12/site-packages/airflow/example_dags/example_setup_teardown_taskflow.py
[2026-05-25T06:48:41.122+0000] {processor.py:830} INFO - Processing file /home/airflow/.local/lib/python3.12/site-packages/airflow/example_dags/example_setup_teardown_taskflow.py for tasks to queue
[2026-05-25T06:48:41.134+0000] {logging_mixin.py:188} INFO - [2026-05-25T06:48:41.130+0000] {dagbag.py:545} INFO - Filling up the DagBag from /home/airflow/.local/lib/python3.12/site-packages/airflow/example_dags/example_setup_teardown_taskflow.py
[2026-05-25T06:48:41.194+0000] {processor.py:840} INFO - DAG(s) 'example_setup_teardown_taskflow' retrieved from /home/airflow/.local/lib/python3.12/site-packages/airflow/example_dags/example_setup_teardown_taskflow.py
[2026-05-25T06:48:41.269+0000] {logging_mixin.py:188} INFO - [2026-05-25T06:48:41.266+0000] {dag.py:3089} INFO - Sync 1 DAGs
[2026-05-25T06:48:41.349+0000] {logging_mixin.py:188} INFO - [2026-05-25T06:48:41.349+0000] {dag.py:3947} INFO - Setting next_dagrun for example_setup_teardown_taskflow to 2026-05-24 00:00:00+00:00, run_after=2026-05-25 00:00:00+00:00
[2026-05-25T06:48:41.426+0000] {processor.py:183} INFO - Processing /home/airflow/.local/lib/python3.12/site-packages/airflow/example_dags/example_setup_teardown_taskflow.py took 0.351 seconds
[2026-05-25T06:49:14.141+0000] {processor.py:161} INFO - Started process (PID=907) to work on /home/airflow/.local/lib/python3.12/site-packages/airflow/example_dags/example_setup_teardown_taskflow.py
[2026-05-25T06:49:14.144+0000] {processor.py:830} INFO - Processing file /home/airflow/.local/lib/python3.12/site-packages/airflow/example_dags/example_setup_teardown_taskflow.py for tasks to queue
[2026-05-25T06:49:14.151+0000] {logging_mixin.py:188} INFO - [2026-05-25T06:49:14.149+0000] {dagbag.py:545} INFO - Filling up the DagBag from /home/airflow/.local/lib/python3.12/site-packages/airflow/example_dags/example_setup_teardown_taskflow.py
[2026-05-25T06:49:14.180+0000] {processor.py:840} INFO - DAG(s) 'example_setup_teardown_taskflow' retrieved from /home/airflow/.local/lib/python3.12/site-packages/airflow/example_dags/example_setup_teardown_taskflow.py
[2026-05-25T06:49:14.261+0000] {logging_mixin.py:188} INFO - [2026-05-25T06:49:14.260+0000] {dag.py:3089} INFO - Sync 1 DAGs
[2026-05-25T06:49:14.343+0000] {logging_mixin.py:188} INFO - [2026-05-25T06:49:14.342+0000] {dag.py:3947} INFO - Setting next_dagrun for example_setup_teardown_taskflow to 2026-05-24 00:00:00+00:00, run_after=2026-05-25 00:00:00+00:00
[2026-05-25T06:49:14.399+0000] {processor.py:183} INFO - Processing /home/airflow/.local/lib/python3.12/site-packages/airflow/example_dags/example_setup_teardown_taskflow.py took 0.275 seconds
[2026-05-25T06:49:46.598+0000] {processor.py:161} INFO - Started process (PID=969) to work on /home/airflow/.local/lib/python3.12/site-packages/airflow/example_dags/example_setup_teardown_taskflow.py
[2026-05-25T06:49:46.601+0000] {processor.py:830} INFO - Processing file /home/airflow/.local/lib/python3.12/site-packages/airflow/example_dags/example_setup_teardown_taskflow.py for tasks to queue
[2026-05-25T06:49:46.608+0000] {logging_mixin.py:188} INFO - [2026-05-25T06:49:46.607+0000] {dagbag.py:545} INFO - Filling up the DagBag from /home/airflow/.local/lib/python3.12/site-packages/airflow/example_dags/example_setup_teardown_taskflow.py
[2026-05-25T06:49:46.649+0000] {processor.py:840} INFO - DAG(s) 'example_setup_teardown_taskflow' retrieved from /home/airflow/.local/lib/python3.12/site-packages/airflow/example_dags/example_setup_teardown_taskflow.py
[2026-05-25T06:49:46.728+0000] {logging_mixin.py:188} INFO - [2026-05-25T06:49:46.727+0000] {dag.py:3089} INFO - Sync 1 DAGs
[2026-05-25T06:49:46.814+0000] {logging_mixin.py:188} INFO - [2026-05-25T06:49:46.813+0000] {dag.py:3947} INFO - Setting next_dagrun for example_setup_teardown_taskflow to 2026-05-24 00:00:00+00:00, run_after=2026-05-25 00:00:00+00:00
[2026-05-25T06:49:46.911+0000] {processor.py:183} INFO - Processing /home/airflow/.local/lib/python3.12/site-packages/airflow/example_dags/example_setup_teardown_taskflow.py took 0.330 seconds
[2026-05-25T06:50:19.429+0000] {processor.py:161} INFO - Started process (PID=1029) to work on /home/airflow/.local/lib/python3.12/site-packages/airflow/example_dags/example_setup_teardown_taskflow.py
[2026-05-25T06:50:19.432+0000] {processor.py:830} INFO - Processing file /home/airflow/.local/lib/python3.12/site-packages/airflow/example_dags/example_setup_teardown_taskflow.py for tasks to queue
[2026-05-25T06:50:19.439+0000] {logging_mixin.py:188} INFO - [2026-05-25T06:50:19.438+0000] {dagbag.py:545} INFO - Filling up the DagBag from /home/airflow/.local/lib/python3.12/site-packages/airflow/example_dags/example_setup_teardown_taskflow.py
[2026-05-25T06:50:19.482+0000] {processor.py:840} INFO - DAG(s) 'example_setup_teardown_taskflow' retrieved from /home/airflow/.local/lib/python3.12/site-packages/airflow/example_dags/example_setup_teardown_taskflow.py
[2026-05-25T06:50:19.628+0000] {logging_mixin.py:188} INFO - [2026-05-25T06:50:19.628+0000] {dag.py:3089} INFO - Sync 1 DAGs
[2026-05-25T06:50:19.715+0000] {logging_mixin.py:188} INFO - [2026-05-25T06:50:19.712+0000] {dag.py:3947} INFO - Setting next_dagrun for example_setup_teardown_taskflow to 2026-05-24 00:00:00+00:00, run_after=2026-05-25 00:00:00+00:00
[2026-05-25T06:50:19.797+0000] {processor.py:183} INFO - Processing /home/airflow/.local/lib/python3.12/site-packages/airflow/example_dags/example_setup_teardown_taskflow.py took 0.382 seconds
[2026-05-25T06:50:49.977+0000] {processor.py:161} INFO - Started process (PID=1090) to work on /home/airflow/.local/lib/python3.12/site-packages/airflow/example_dags/example_setup_teardown_taskflow.py
[2026-05-25T06:50:49.980+0000] {processor.py:830} INFO - Processing file /home/airflow/.local/lib/python3.12/site-packages/airflow/example_dags/example_setup_teardown_taskflow.py for tasks to queue
[2026-05-25T06:50:49.991+0000] {logging_mixin.py:188} INFO - [2026-05-25T06:50:49.990+0000] {dagbag.py:545} INFO - Filling up the DagBag from /home/airflow/.local/lib/python3.12/site-packages/airflow/example_dags/example_setup_teardown_taskflow.py
[2026-05-25T06:50:50.027+0000] {processor.py:840} INFO - DAG(s) 'example_setup_teardown_taskflow' retrieved from /home/airflow/.local/lib/python3.12/site-packages/airflow/example_dags/example_setup_teardown_taskflow.py
[2026-05-25T06:50:50.106+0000] {logging_mixin.py:188} INFO - [2026-05-25T06:50:50.106+0000] {dag.py:3089} INFO - Sync 1 DAGs
[2026-05-25T06:50:50.174+0000] {logging_mixin.py:188} INFO - [2026-05-25T06:50:50.173+0000] {dag.py:3947} INFO - Setting next_dagrun for example_setup_teardown_taskflow to 2026-05-24 00:00:00+00:00, run_after=2026-05-25 00:00:00+00:00
[2026-05-25T06:50:50.226+0000] {processor.py:183} INFO - Processing /home/airflow/.local/lib/python3.12/site-packages/airflow/example_dags/example_setup_teardown_taskflow.py took 0.278 seconds
[2026-05-25T06:51:20.645+0000] {processor.py:161} INFO - Started process (PID=1149) to work on /home/airflow/.local/lib/python3.12/site-packages/airflow/example_dags/example_setup_teardown_taskflow.py
[2026-05-25T06:51:20.647+0000] {processor.py:830} INFO - Processing file /home/airflow/.local/lib/python3.12/site-packages/airflow/example_dags/example_setup_teardown_taskflow.py for tasks to queue
[2026-05-25T06:51:20.652+0000] {logging_mixin.py:188} INFO - [2026-05-25T06:51:20.651+0000] {dagbag.py:545} INFO - Filling up the DagBag from /home/airflow/.local/lib/python3.12/site-packages/airflow/example_dags/example_setup_teardown_taskflow.py
[2026-05-25T06:51:20.679+0000] {processor.py:840} INFO - DAG(s) 'example_setup_teardown_taskflow' retrieved from /home/airflow/.local/lib/python3.12/site-packages/airflow/example_dags/example_setup_teardown_taskflow.py
[2026-05-25T06:51:20.781+0000] {logging_mixin.py:188} INFO - [2026-05-25T06:51:20.781+0000] {dag.py:3089} INFO - Sync 1 DAGs
[2026-05-25T06:51:20.860+0000] {logging_mixin.py:188} INFO - [2026-05-25T06:51:20.859+0000] {dag.py:3947} INFO - Setting next_dagrun for example_setup_teardown_taskflow to 2026-05-24 00:00:00+00:00, run_after=2026-05-25 00:00:00+00:00
[2026-05-25T06:51:20.930+0000] {processor.py:183} INFO - Processing /home/airflow/.local/lib/python3.12/site-packages/airflow/example_dags/example_setup_teardown_taskflow.py took 0.298 seconds
[2026-05-25T06:51:51.344+0000] {processor.py:161} INFO - Started process (PID=1209) to work on /home/airflow/.local/lib/python3.12/site-packages/airflow/example_dags/example_setup_teardown_taskflow.py
[2026-05-25T06:51:51.348+0000] {processor.py:830} INFO - Processing file /home/airflow/.local/lib/python3.12/site-packages/airflow/example_dags/example_setup_teardown_taskflow.py for tasks to queue
[2026-05-25T06:51:51.356+0000] {logging_mixin.py:188} INFO - [2026-05-25T06:51:51.355+0000] {dagbag.py:545} INFO - Filling up the DagBag from /home/airflow/.local/lib/python3.12/site-packages/airflow/example_dags/example_setup_teardown_taskflow.py
[2026-05-25T06:51:51.394+0000] {processor.py:840} INFO - DAG(s) 'example_setup_teardown_taskflow' retrieved from /home/airflow/.local/lib/python3.12/site-packages/airflow/example_dags/example_setup_teardown_taskflow.py
[2026-05-25T06:51:51.565+0000] {logging_mixin.py:188} INFO - [2026-05-25T06:51:51.564+0000] {dag.py:3089} INFO - Sync 1 DAGs
[2026-05-25T06:51:52.219+0000] {logging_mixin.py:188} INFO - [2026-05-25T06:51:52.218+0000] {dag.py:3947} INFO - Setting next_dagrun for example_setup_teardown_taskflow to 2026-05-24 00:00:00+00:00, run_after=2026-05-25 00:00:00+00:00
[2026-05-25T06:51:52.699+0000] {processor.py:183} INFO - Processing /home/airflow/.local/lib/python3.12/site-packages/airflow/example_dags/example_setup_teardown_taskflow.py took 1.373 seconds
[2026-05-25T06:52:24.065+0000] {processor.py:161} INFO - Started process (PID=1274) to work on /home/airflow/.local/lib/python3.12/site-packages/airflow/example_dags/example_setup_teardown_taskflow.py
[2026-05-25T06:52:24.077+0000] {processor.py:830} INFO - Processing file /home/airflow/.local/lib/python3.12/site-packages/airflow/example_dags/example_setup_teardown_taskflow.py for tasks to queue
[2026-05-25T06:52:24.089+0000] {logging_mixin.py:188} INFO - [2026-05-25T06:52:24.087+0000] {dagbag.py:545} INFO - Filling up the DagBag from /home/airflow/.local/lib/python3.12/site-packages/airflow/example_dags/example_setup_teardown_taskflow.py
[2026-05-25T06:52:24.141+0000] {processor.py:840} INFO - DAG(s) 'example_setup_teardown_taskflow' retrieved from /home/airflow/.local/lib/python3.12/site-packages/airflow/example_dags/example_setup_teardown_taskflow.py
[2026-05-25T06:52:24.284+0000] {logging_mixin.py:188} INFO - [2026-05-25T06:52:24.282+0000] {dag.py:3089} INFO - Sync 1 DAGs
[2026-05-25T06:52:24.379+0000] {logging_mixin.py:188} INFO - [2026-05-25T06:52:24.378+0000] {dag.py:3947} INFO - Setting next_dagrun for example_setup_teardown_taskflow to 2026-05-24 00:00:00+00:00, run_after=2026-05-25 00:00:00+00:00
[2026-05-25T06:52:24.456+0000] {processor.py:183} INFO - Processing /home/airflow/.local/lib/python3.12/site-packages/airflow/example_dags/example_setup_teardown_taskflow.py took 0.453 seconds
[2026-05-25T06:52:55.507+0000] {processor.py:161} INFO - Started process (PID=1335) to work on /home/airflow/.local/lib/python3.12/site-packages/airflow/example_dags/example_setup_teardown_taskflow.py
[2026-05-25T06:52:55.510+0000] {processor.py:830} INFO - Processing file /home/airflow/.local/lib/python3.12/site-packages/airflow/example_dags/example_setup_teardown_taskflow.py for tasks to queue
[2026-05-25T06:52:55.514+0000] {logging_mixin.py:188} INFO - [2026-05-25T06:52:55.514+0000] {dagbag.py:545} INFO - Filling up the DagBag from /home/airflow/.local/lib/python3.12/site-packages/airflow/example_dags/example_setup_teardown_taskflow.py
[2026-05-25T06:52:55.536+0000] {processor.py:840} INFO - DAG(s) 'example_setup_teardown_taskflow' retrieved from /home/airflow/.local/lib/python3.12/site-packages/airflow/example_dags/example_setup_teardown_taskflow.py
[2026-05-25T06:52:55.595+0000] {logging_mixin.py:188} INFO - [2026-05-25T06:52:55.595+0000] {dag.py:3089} INFO - Sync 1 DAGs
[2026-05-25T06:52:55.664+0000] {logging_mixin.py:188} INFO - [2026-05-25T06:52:55.663+0000] {dag.py:3947} INFO - Setting next_dagrun for example_setup_teardown_taskflow to 2026-05-24 00:00:00+00:00, run_after=2026-05-25 00:00:00+00:00
[2026-05-25T06:52:55.718+0000] {processor.py:183} INFO - Processing /home/airflow/.local/lib/python3.12/site-packages/airflow/example_dags/example_setup_teardown_taskflow.py took 0.224 seconds
[2026-05-25T06:53:25.863+0000] {processor.py:161} INFO - Started process (PID=1395) to work on /home/airflow/.local/lib/python3.12/site-packages/airflow/example_dags/example_setup_teardown_taskflow.py
[2026-05-25T06:53:25.866+0000] {processor.py:830} INFO - Processing file /home/airflow/.local/lib/python3.12/site-packages/airflow/example_dags/example_setup_teardown_taskflow.py for tasks to queue
[2026-05-25T06:53:25.871+0000] {logging_mixin.py:188} INFO - [2026-05-25T06:53:25.870+0000] {dagbag.py:545} INFO - Filling up the DagBag from /home/airflow/.local/lib/python3.12/site-packages/airflow/example_dags/example_setup_teardown_taskflow.py
[2026-05-25T06:53:25.895+0000] {processor.py:840} INFO - DAG(s) 'example_setup_teardown_taskflow' retrieved from /home/airflow/.local/lib/python3.12/site-packages/airflow/example_dags/example_setup_teardown_taskflow.py
[2026-05-25T06:53:25.945+0000] {logging_mixin.py:188} INFO - [2026-05-25T06:53:25.945+0000] {dag.py:3089} INFO - Sync 1 DAGs
[2026-05-25T06:53:26.005+0000] {logging_mixin.py:188} INFO - [2026-05-25T06:53:26.004+0000] {dag.py:3947} INFO - Setting next_dagrun for example_setup_teardown_taskflow to 2026-05-24 00:00:00+00:00, run_after=2026-05-25 00:00:00+00:00
[2026-05-25T06:53:26.052+0000] {processor.py:183} INFO - Processing /home/airflow/.local/lib/python3.12/site-packages/airflow/example_dags/example_setup_teardown_taskflow.py took 0.204 seconds
[2026-05-25T06:53:56.313+0000] {processor.py:161} INFO - Started process (PID=1455) to work on /home/airflow/.local/lib/python3.12/site-packages/airflow/example_dags/example_setup_teardown_taskflow.py
[2026-05-25T06:53:56.320+0000] {processor.py:830} INFO - Processing file /home/airflow/.local/lib/python3.12/site-packages/airflow/example_dags/example_setup_teardown_taskflow.py for tasks to queue
[2026-05-25T06:53:56.334+0000] {logging_mixin.py:188} INFO - [2026-05-25T06:53:56.328+0000] {dagbag.py:545} INFO - Filling up the DagBag from /home/airflow/.local/lib/python3.12/site-packages/airflow/example_dags/example_setup_teardown_taskflow.py
[2026-05-25T06:53:56.427+0000] {processor.py:840} INFO - DAG(s) 'example_setup_teardown_taskflow' retrieved from /home/airflow/.local/lib/python3.12/site-packages/airflow/example_dags/example_setup_teardown_taskflow.py
[2026-05-25T06:53:56.485+0000] {logging_mixin.py:188} INFO - [2026-05-25T06:53:56.485+0000] {dag.py:3089} INFO - Sync 1 DAGs
[2026-05-25T06:53:56.571+0000] {logging_mixin.py:188} INFO - [2026-05-25T06:53:56.570+0000] {dag.py:3947} INFO - Setting next_dagrun for example_setup_teardown_taskflow to 2026-05-24 00:00:00+00:00, run_after=2026-05-25 00:00:00+00:00
[2026-05-25T06:53:56.616+0000] {processor.py:183} INFO - Processing /home/airflow/.local/lib/python3.12/site-packages/airflow/example_dags/example_setup_teardown_taskflow.py took 0.325 seconds
[2026-05-25T06:54:26.953+0000] {processor.py:161} INFO - Started process (PID=1515) to work on /home/airflow/.local/lib/python3.12/site-packages/airflow/example_dags/example_setup_teardown_taskflow.py
[2026-05-25T06:54:26.957+0000] {processor.py:830} INFO - Processing file /home/airflow/.local/lib/python3.12/site-packages/airflow/example_dags/example_setup_teardown_taskflow.py for tasks to queue
[2026-05-25T06:54:26.971+0000] {logging_mixin.py:188} INFO - [2026-05-25T06:54:26.970+0000] {dagbag.py:545} INFO - Filling up the DagBag from /home/airflow/.local/lib/python3.12/site-packages/airflow/example_dags/example_setup_teardown_taskflow.py
[2026-05-25T06:54:27.026+0000] {processor.py:840} INFO - DAG(s) 'example_setup_teardown_taskflow' retrieved from /home/airflow/.local/lib/python3.12/site-packages/airflow/example_dags/example_setup_teardown_taskflow.py
[2026-05-25T06:54:27.113+0000] {logging_mixin.py:188} INFO - [2026-05-25T06:54:27.112+0000] {dag.py:3089} INFO - Sync 1 DAGs
[2026-05-25T06:54:27.187+0000] {logging_mixin.py:188} INFO - [2026-05-25T06:54:27.186+0000] {dag.py:3947} INFO - Setting next_dagrun for example_setup_teardown_taskflow to 2026-05-24 00:00:00+00:00, run_after=2026-05-25 00:00:00+00:00
[2026-05-25T06:54:27.237+0000] {processor.py:183} INFO - Processing /home/airflow/.local/lib/python3.12/site-packages/airflow/example_dags/example_setup_teardown_taskflow.py took 0.308 seconds
[2026-05-25T06:54:57.699+0000] {processor.py:161} INFO - Started process (PID=1576) to work on /home/airflow/.local/lib/python3.12/site-packages/airflow/example_dags/example_setup_teardown_taskflow.py
[2026-05-25T06:54:57.701+0000] {processor.py:830} INFO - Processing file /home/airflow/.local/lib/python3.12/site-packages/airflow/example_dags/example_setup_teardown_taskflow.py for tasks to queue
[2026-05-25T06:54:57.705+0000] {logging_mixin.py:188} INFO - [2026-05-25T06:54:57.704+0000] {dagbag.py:545} INFO - Filling up the DagBag from /home/airflow/.local/lib/python3.12/site-packages/airflow/example_dags/example_setup_teardown_taskflow.py
[2026-05-25T06:54:57.727+0000] {processor.py:840} INFO - DAG(s) 'example_setup_teardown_taskflow' retrieved from /home/airflow/.local/lib/python3.12/site-packages/airflow/example_dags/example_setup_teardown_taskflow.py
[2026-05-25T06:54:57.802+0000] {logging_mixin.py:188} INFO - [2026-05-25T06:54:57.802+0000] {dag.py:3089} INFO - Sync 1 DAGs
[2026-05-25T06:54:57.862+0000] {logging_mixin.py:188} INFO - [2026-05-25T06:54:57.861+0000] {dag.py:3947} INFO - Setting next_dagrun for example_setup_teardown_taskflow to 2026-05-24 00:00:00+00:00, run_after=2026-05-25 00:00:00+00:00
[2026-05-25T06:54:57.910+0000] {processor.py:183} INFO - Processing /home/airflow/.local/lib/python3.12/site-packages/airflow/example_dags/example_setup_teardown_taskflow.py took 0.223 seconds
[2026-05-25T06:55:29.104+0000] {processor.py:161} INFO - Started process (PID=1636) to work on /home/airflow/.local/lib/python3.12/site-packages/airflow/example_dags/example_setup_teardown_taskflow.py
[2026-05-25T06:55:29.107+0000] {processor.py:830} INFO - Processing file /home/airflow/.local/lib/python3.12/site-packages/airflow/example_dags/example_setup_teardown_taskflow.py for tasks to queue
[2026-05-25T06:55:29.112+0000] {logging_mixin.py:188} INFO - [2026-05-25T06:55:29.111+0000] {dagbag.py:545} INFO - Filling up the DagBag from /home/airflow/.local/lib/python3.12/site-packages/airflow/example_dags/example_setup_teardown_taskflow.py
[2026-05-25T06:55:29.135+0000] {processor.py:840} INFO - DAG(s) 'example_setup_teardown_taskflow' retrieved from /home/airflow/.local/lib/python3.12/site-packages/airflow/example_dags/example_setup_teardown_taskflow.py
[2026-05-25T06:55:29.205+0000] {logging_mixin.py:188} INFO - [2026-05-25T06:55:29.204+0000] {dag.py:3089} INFO - Sync 1 DAGs
[2026-05-25T06:55:29.269+0000] {logging_mixin.py:188} INFO - [2026-05-25T06:55:29.269+0000] {dag.py:3947} INFO - Setting next_dagrun for example_setup_teardown_taskflow to 2026-05-24 00:00:00+00:00, run_after=2026-05-25 00:00:00+00:00
[2026-05-25T06:55:29.591+0000] {processor.py:183} INFO - Processing /home/airflow/.local/lib/python3.12/site-packages/airflow/example_dags/example_setup_teardown_taskflow.py took 0.503 seconds
[2026-05-25T06:56:00.834+0000] {processor.py:161} INFO - Started process (PID=1696) to work on /home/airflow/.local/lib/python3.12/site-packages/airflow/example_dags/example_setup_teardown_taskflow.py
[2026-05-25T06:56:00.837+0000] {processor.py:830} INFO - Processing file /home/airflow/.local/lib/python3.12/site-packages/airflow/example_dags/example_setup_teardown_taskflow.py for tasks to queue
[2026-05-25T06:56:00.844+0000] {logging_mixin.py:188} INFO - [2026-05-25T06:56:00.843+0000] {dagbag.py:545} INFO - Filling up the DagBag from /home/airflow/.local/lib/python3.12/site-packages/airflow/example_dags/example_setup_teardown_taskflow.py
[2026-05-25T06:56:00.880+0000] {processor.py:840} INFO - DAG(s) 'example_setup_teardown_taskflow' retrieved from /home/airflow/.local/lib/python3.12/site-packages/airflow/example_dags/example_setup_teardown_taskflow.py
[2026-05-25T06:56:00.956+0000] {logging_mixin.py:188} INFO - [2026-05-25T06:56:00.955+0000] {dag.py:3089} INFO - Sync 1 DAGs
[2026-05-25T06:56:01.016+0000] {logging_mixin.py:188} INFO - [2026-05-25T06:56:01.016+0000] {dag.py:3947} INFO - Setting next_dagrun for example_setup_teardown_taskflow to 2026-05-24 00:00:00+00:00, run_after=2026-05-25 00:00:00+00:00
[2026-05-25T06:56:01.430+0000] {processor.py:183} INFO - Processing /home/airflow/.local/lib/python3.12/site-packages/airflow/example_dags/example_setup_teardown_taskflow.py took 0.617 seconds
[2026-05-25T06:56:32.273+0000] {processor.py:161} INFO - Started process (PID=1756) to work on /home/airflow/.local/lib/python3.12/site-packages/airflow/example_dags/example_setup_teardown_taskflow.py
[2026-05-25T06:56:32.276+0000] {processor.py:830} INFO - Processing file /home/airflow/.local/lib/python3.12/site-packages/airflow/example_dags/example_setup_teardown_taskflow.py for tasks to queue
[2026-05-25T06:56:32.284+0000] {logging_mixin.py:188} INFO - [2026-05-25T06:56:32.282+0000] {dagbag.py:545} INFO - Filling up the DagBag from /home/airflow/.local/lib/python3.12/site-packages/airflow/example_dags/example_setup_teardown_taskflow.py
[2026-05-25T06:56:32.311+0000] {processor.py:840} INFO - DAG(s) 'example_setup_teardown_taskflow' retrieved from /home/airflow/.local/lib/python3.12/site-packages/airflow/example_dags/example_setup_teardown_taskflow.py
[2026-05-25T06:56:32.383+0000] {logging_mixin.py:188} INFO - [2026-05-25T06:56:32.382+0000] {dag.py:3089} INFO - Sync 1 DAGs
[2026-05-25T06:56:32.465+0000] {logging_mixin.py:188} INFO - [2026-05-25T06:56:32.462+0000] {dag.py:3947} INFO - Setting next_dagrun for example_setup_teardown_taskflow to 2026-05-24 00:00:00+00:00, run_after=2026-05-25 00:00:00+00:00
[2026-05-25T06:56:32.533+0000] {processor.py:183} INFO - Processing /home/airflow/.local/lib/python3.12/site-packages/airflow/example_dags/example_setup_teardown_taskflow.py took 0.280 seconds
[2026-05-25T06:57:03.441+0000] {processor.py:161} INFO - Started process (PID=1815) to work on /home/airflow/.local/lib/python3.12/site-packages/airflow/example_dags/example_setup_teardown_taskflow.py
[2026-05-25T06:57:03.448+0000] {processor.py:830} INFO - Processing file /home/airflow/.local/lib/python3.12/site-packages/airflow/example_dags/example_setup_teardown_taskflow.py for tasks to queue
[2026-05-25T06:57:03.462+0000] {logging_mixin.py:188} INFO - [2026-05-25T06:57:03.456+0000] {dagbag.py:545} INFO - Filling up the DagBag from /home/airflow/.local/lib/python3.12/site-packages/airflow/example_dags/example_setup_teardown_taskflow.py
[2026-05-25T06:57:03.503+0000] {processor.py:840} INFO - DAG(s) 'example_setup_teardown_taskflow' retrieved from /home/airflow/.local/lib/python3.12/site-packages/airflow/example_dags/example_setup_teardown_taskflow.py
[2026-05-25T06:57:03.571+0000] {logging_mixin.py:188} INFO - [2026-05-25T06:57:03.570+0000] {dag.py:3089} INFO - Sync 1 DAGs
[2026-05-25T06:57:03.622+0000] {logging_mixin.py:188} INFO - [2026-05-25T06:57:03.621+0000] {dag.py:3947} INFO - Setting next_dagrun for example_setup_teardown_taskflow to 2026-05-24 00:00:00+00:00, run_after=2026-05-25 00:00:00+00:00
[2026-05-25T06:57:03.664+0000] {processor.py:183} INFO - Processing /home/airflow/.local/lib/python3.12/site-packages/airflow/example_dags/example_setup_teardown_taskflow.py took 0.272 seconds
[2026-05-25T06:57:34.026+0000] {processor.py:161} INFO - Started process (PID=1875) to work on /home/airflow/.local/lib/python3.12/site-packages/airflow/example_dags/example_setup_teardown_taskflow.py
[2026-05-25T06:57:34.029+0000] {processor.py:830} INFO - Processing file /home/airflow/.local/lib/python3.12/site-packages/airflow/example_dags/example_setup_teardown_taskflow.py for tasks to queue
[2026-05-25T06:57:34.035+0000] {logging_mixin.py:188} INFO - [2026-05-25T06:57:34.034+0000] {dagbag.py:545} INFO - Filling up the DagBag from /home/airflow/.local/lib/python3.12/site-packages/airflow/example_dags/example_setup_teardown_taskflow.py
[2026-05-25T06:57:34.067+0000] {processor.py:840} INFO - DAG(s) 'example_setup_teardown_taskflow' retrieved from /home/airflow/.local/lib/python3.12/site-packages/airflow/example_dags/example_setup_teardown_taskflow.py
[2026-05-25T06:57:34.130+0000] {logging_mixin.py:188} INFO - [2026-05-25T06:57:34.129+0000] {dag.py:3089} INFO - Sync 1 DAGs
[2026-05-25T06:57:34.210+0000] {logging_mixin.py:188} INFO - [2026-05-25T06:57:34.209+0000] {dag.py:3947} INFO - Setting next_dagrun for example_setup_teardown_taskflow to 2026-05-24 00:00:00+00:00, run_after=2026-05-25 00:00:00+00:00
[2026-05-25T06:57:34.288+0000] {processor.py:183} INFO - Processing /home/airflow/.local/lib/python3.12/site-packages/airflow/example_dags/example_setup_teardown_taskflow.py took 0.284 seconds
[2026-05-25T06:58:05.343+0000] {processor.py:161} INFO - Started process (PID=1935) to work on /home/airflow/.local/lib/python3.12/site-packages/airflow/example_dags/example_setup_teardown_taskflow.py
[2026-05-25T06:58:05.347+0000] {processor.py:830} INFO - Processing file /home/airflow/.local/lib/python3.12/site-packages/airflow/example_dags/example_setup_teardown_taskflow.py for tasks to queue
[2026-05-25T06:58:05.358+0000] {logging_mixin.py:188} INFO - [2026-05-25T06:58:05.357+0000] {dagbag.py:545} INFO - Filling up the DagBag from /home/airflow/.local/lib/python3.12/site-packages/airflow/example_dags/example_setup_teardown_taskflow.py
[2026-05-25T06:58:05.393+0000] {processor.py:840} INFO - DAG(s) 'example_setup_teardown_taskflow' retrieved from /home/airflow/.local/lib/python3.12/site-packages/airflow/example_dags/example_setup_teardown_taskflow.py
[2026-05-25T06:58:05.539+0000] {logging_mixin.py:188} INFO - [2026-05-25T06:58:05.531+0000] {dag.py:3089} INFO - Sync 1 DAGs
[2026-05-25T06:58:05.693+0000] {logging_mixin.py:188} INFO - [2026-05-25T06:58:05.691+0000] {dag.py:3947} INFO - Setting next_dagrun for example_setup_teardown_taskflow to 2026-05-24 00:00:00+00:00, run_after=2026-05-25 00:00:00+00:00
[2026-05-25T06:58:05.818+0000] {processor.py:183} INFO - Processing /home/airflow/.local/lib/python3.12/site-packages/airflow/example_dags/example_setup_teardown_taskflow.py took 0.503 seconds
[2026-05-25T06:58:36.606+0000] {processor.py:161} INFO - Started process (PID=1995) to work on /home/airflow/.local/lib/python3.12/site-packages/airflow/example_dags/example_setup_teardown_taskflow.py
[2026-05-25T06:58:36.609+0000] {processor.py:830} INFO - Processing file /home/airflow/.local/lib/python3.12/site-packages/airflow/example_dags/example_setup_teardown_taskflow.py for tasks to queue
[2026-05-25T06:58:36.614+0000] {logging_mixin.py:188} INFO - [2026-05-25T06:58:36.614+0000] {dagbag.py:545} INFO - Filling up the DagBag from /home/airflow/.local/lib/python3.12/site-packages/airflow/example_dags/example_setup_teardown_taskflow.py
[2026-05-25T06:58:36.643+0000] {processor.py:840} INFO - DAG(s) 'example_setup_teardown_taskflow' retrieved from /home/airflow/.local/lib/python3.12/site-packages/airflow/example_dags/example_setup_teardown_taskflow.py
[2026-05-25T06:58:36.717+0000] {logging_mixin.py:188} INFO - [2026-05-25T06:58:36.716+0000] {dag.py:3089} INFO - Sync 1 DAGs
[2026-05-25T06:58:36.778+0000] {logging_mixin.py:188} INFO - [2026-05-25T06:58:36.778+0000] {dag.py:3947} INFO - Setting next_dagrun for example_setup_teardown_taskflow to 2026-05-24 00:00:00+00:00, run_after=2026-05-25 00:00:00+00:00
[2026-05-25T06:58:36.823+0000] {processor.py:183} INFO - Processing /home/airflow/.local/lib/python3.12/site-packages/airflow/example_dags/example_setup_teardown_taskflow.py took 0.235 seconds
[2026-05-25T06:59:06.970+0000] {processor.py:161} INFO - Started process (PID=2056) to work on /home/airflow/.local/lib/python3.12/site-packages/airflow/example_dags/example_setup_teardown_taskflow.py
[2026-05-25T06:59:06.973+0000] {processor.py:830} INFO - Processing file /home/airflow/.local/lib/python3.12/site-packages/airflow/example_dags/example_setup_teardown_taskflow.py for tasks to queue
[2026-05-25T06:59:06.980+0000] {logging_mixin.py:188} INFO - [2026-05-25T06:59:06.979+0000] {dagbag.py:545} INFO - Filling up the DagBag from /home/airflow/.local/lib/python3.12/site-packages/airflow/example_dags/example_setup_teardown_taskflow.py
[2026-05-25T06:59:07.008+0000] {processor.py:840} INFO - DAG(s) 'example_setup_teardown_taskflow' retrieved from /home/airflow/.local/lib/python3.12/site-packages/airflow/example_dags/example_setup_teardown_taskflow.py
[2026-05-25T06:59:07.075+0000] {logging_mixin.py:188} INFO - [2026-05-25T06:59:07.074+0000] {dag.py:3089} INFO - Sync 1 DAGs
[2026-05-25T06:59:07.179+0000] {logging_mixin.py:188} INFO - [2026-05-25T06:59:07.179+0000] {dag.py:3947} INFO - Setting next_dagrun for example_setup_teardown_taskflow to 2026-05-24 00:00:00+00:00, run_after=2026-05-25 00:00:00+00:00
[2026-05-25T06:59:07.246+0000] {processor.py:183} INFO - Processing /home/airflow/.local/lib/python3.12/site-packages/airflow/example_dags/example_setup_teardown_taskflow.py took 0.291 seconds
[2026-05-25T06:59:38.206+0000] {processor.py:161} INFO - Started process (PID=2114) to work on /home/airflow/.local/lib/python3.12/site-packages/airflow/example_dags/example_setup_teardown_taskflow.py
[2026-05-25T06:59:38.208+0000] {processor.py:830} INFO - Processing file /home/airflow/.local/lib/python3.12/site-packages/airflow/example_dags/example_setup_teardown_taskflow.py for tasks to queue
[2026-05-25T06:59:38.213+0000] {logging_mixin.py:188} INFO - [2026-05-25T06:59:38.212+0000] {dagbag.py:545} INFO - Filling up the DagBag from /home/airflow/.local/lib/python3.12/site-packages/airflow/example_dags/example_setup_teardown_taskflow.py
[2026-05-25T06:59:38.233+0000] {processor.py:840} INFO - DAG(s) 'example_setup_teardown_taskflow' retrieved from /home/airflow/.local/lib/python3.12/site-packages/airflow/example_dags/example_setup_teardown_taskflow.py
[2026-05-25T06:59:38.293+0000] {logging_mixin.py:188} INFO - [2026-05-25T06:59:38.292+0000] {dag.py:3089} INFO - Sync 1 DAGs
[2026-05-25T06:59:38.352+0000] {logging_mixin.py:188} INFO - [2026-05-25T06:59:38.350+0000] {dag.py:3947} INFO - Setting next_dagrun for example_setup_teardown_taskflow to 2026-05-24 00:00:00+00:00, run_after=2026-05-25 00:00:00+00:00
[2026-05-25T06:59:38.406+0000] {processor.py:183} INFO - Processing /home/airflow/.local/lib/python3.12/site-packages/airflow/example_dags/example_setup_teardown_taskflow.py took 0.214 seconds
[2026-05-25T07:00:10.777+0000] {processor.py:161} INFO - Started process (PID=2174) to work on /home/airflow/.local/lib/python3.12/site-packages/airflow/example_dags/example_setup_teardown_taskflow.py
[2026-05-25T07:00:10.780+0000] {processor.py:830} INFO - Processing file /home/airflow/.local/lib/python3.12/site-packages/airflow/example_dags/example_setup_teardown_taskflow.py for tasks to queue
[2026-05-25T07:00:10.789+0000] {logging_mixin.py:188} INFO - [2026-05-25T07:00:10.787+0000] {dagbag.py:545} INFO - Filling up the DagBag from /home/airflow/.local/lib/python3.12/site-packages/airflow/example_dags/example_setup_teardown_taskflow.py
[2026-05-25T07:00:10.823+0000] {processor.py:840} INFO - DAG(s) 'example_setup_teardown_taskflow' retrieved from /home/airflow/.local/lib/python3.12/site-packages/airflow/example_dags/example_setup_teardown_taskflow.py
[2026-05-25T07:00:10.953+0000] {logging_mixin.py:188} INFO - [2026-05-25T07:00:10.952+0000] {dag.py:3089} INFO - Sync 1 DAGs
[2026-05-25T07:00:11.045+0000] {logging_mixin.py:188} INFO - [2026-05-25T07:00:11.044+0000] {dag.py:3947} INFO - Setting next_dagrun for example_setup_teardown_taskflow to 2026-05-24 00:00:00+00:00, run_after=2026-05-25 00:00:00+00:00
[2026-05-25T07:00:11.108+0000] {processor.py:183} INFO - Processing /home/airflow/.local/lib/python3.12/site-packages/airflow/example_dags/example_setup_teardown_taskflow.py took 0.353 seconds
[2026-05-25T07:00:41.968+0000] {processor.py:161} INFO - Started process (PID=2233) to work on /home/airflow/.local/lib/python3.12/site-packages/airflow/example_dags/example_setup_teardown_taskflow.py
[2026-05-25T07:00:41.971+0000] {processor.py:830} INFO - Processing file /home/airflow/.local/lib/python3.12/site-packages/airflow/example_dags/example_setup_teardown_taskflow.py for tasks to queue
[2026-05-25T07:00:41.977+0000] {logging_mixin.py:188} INFO - [2026-05-25T07:00:41.976+0000] {dagbag.py:545} INFO - Filling up the DagBag from /home/airflow/.local/lib/python3.12/site-packages/airflow/example_dags/example_setup_teardown_taskflow.py
[2026-05-25T07:00:42.001+0000] {processor.py:840} INFO - DAG(s) 'example_setup_teardown_taskflow' retrieved from /home/airflow/.local/lib/python3.12/site-packages/airflow/example_dags/example_setup_teardown_taskflow.py
[2026-05-25T07:00:42.073+0000] {logging_mixin.py:188} INFO - [2026-05-25T07:00:42.072+0000] {dag.py:3089} INFO - Sync 1 DAGs
[2026-05-25T07:00:42.136+0000] {logging_mixin.py:188} INFO - [2026-05-25T07:00:42.136+0000] {dag.py:3947} INFO - Setting next_dagrun for example_setup_teardown_taskflow to 2026-05-24 00:00:00+00:00, run_after=2026-05-25 00:00:00+00:00
[2026-05-25T07:00:42.203+0000] {processor.py:183} INFO - Processing /home/airflow/.local/lib/python3.12/site-packages/airflow/example_dags/example_setup_teardown_taskflow.py took 0.251 seconds
[2026-05-25T07:05:21.396+0000] {processor.py:161} INFO - Started process (PID=126) to work on /home/airflow/.local/lib/python3.12/site-packages/airflow/example_dags/example_setup_teardown_taskflow.py
[2026-05-25T07:05:21.466+0000] {processor.py:830} INFO - Processing file /home/airflow/.local/lib/python3.12/site-packages/airflow/example_dags/example_setup_teardown_taskflow.py for tasks to queue
[2026-05-25T07:05:21.526+0000] {logging_mixin.py:188} INFO - [2026-05-25T07:05:21.524+0000] {dagbag.py:545} INFO - Filling up the DagBag from /home/airflow/.local/lib/python3.12/site-packages/airflow/example_dags/example_setup_teardown_taskflow.py
[2026-05-25T07:05:21.747+0000] {processor.py:840} INFO - DAG(s) 'example_setup_teardown_taskflow' retrieved from /home/airflow/.local/lib/python3.12/site-packages/airflow/example_dags/example_setup_teardown_taskflow.py
[2026-05-25T07:05:23.264+0000] {logging_mixin.py:188} INFO - [2026-05-25T07:05:23.262+0000] {override.py:1858} INFO - Created Permission View: can read on DAG:example_setup_teardown_taskflow
[2026-05-25T07:05:23.357+0000] {logging_mixin.py:188} INFO - [2026-05-25T07:05:23.356+0000] {override.py:1858} INFO - Created Permission View: can delete on DAG:example_setup_teardown_taskflow
[2026-05-25T07:05:23.429+0000] {logging_mixin.py:188} INFO - [2026-05-25T07:05:23.428+0000] {override.py:1858} INFO - Created Permission View: can edit on DAG:example_setup_teardown_taskflow
[2026-05-25T07:05:23.439+0000] {logging_mixin.py:188} INFO - [2026-05-25T07:05:23.438+0000] {dag.py:3089} INFO - Sync 1 DAGs
[2026-05-25T07:05:23.540+0000] {logging_mixin.py:188} INFO - [2026-05-25T07:05:23.539+0000] {dag.py:3111} INFO - Creating ORM DAG for example_setup_teardown_taskflow
[2026-05-25T07:05:23.638+0000] {logging_mixin.py:188} INFO - [2026-05-25T07:05:23.637+0000] {dag.py:3947} INFO - Setting next_dagrun for example_setup_teardown_taskflow to 2026-05-24 00:00:00+00:00, run_after=2026-05-25 00:00:00+00:00
[2026-05-25T07:05:23.862+0000] {processor.py:183} INFO - Processing /home/airflow/.local/lib/python3.12/site-packages/airflow/example_dags/example_setup_teardown_taskflow.py took 2.676 seconds
[2026-05-25T07:05:54.413+0000] {processor.py:161} INFO - Started process (PID=186) to work on /home/airflow/.local/lib/python3.12/site-packages/airflow/example_dags/example_setup_teardown_taskflow.py
[2026-05-25T07:05:54.429+0000] {processor.py:830} INFO - Processing file /home/airflow/.local/lib/python3.12/site-packages/airflow/example_dags/example_setup_teardown_taskflow.py for tasks to queue
[2026-05-25T07:05:54.453+0000] {logging_mixin.py:188} INFO - [2026-05-25T07:05:54.451+0000] {dagbag.py:545} INFO - Filling up the DagBag from /home/airflow/.local/lib/python3.12/site-packages/airflow/example_dags/example_setup_teardown_taskflow.py
[2026-05-25T07:05:54.571+0000] {processor.py:840} INFO - DAG(s) 'example_setup_teardown_taskflow' retrieved from /home/airflow/.local/lib/python3.12/site-packages/airflow/example_dags/example_setup_teardown_taskflow.py
[2026-05-25T07:05:54.850+0000] {logging_mixin.py:188} INFO - [2026-05-25T07:05:54.849+0000] {dag.py:3089} INFO - Sync 1 DAGs
[2026-05-25T07:05:55.149+0000] {logging_mixin.py:188} INFO - [2026-05-25T07:05:55.148+0000] {dag.py:3947} INFO - Setting next_dagrun for example_setup_teardown_taskflow to 2026-05-24 00:00:00+00:00, run_after=2026-05-25 00:00:00+00:00
[2026-05-25T07:05:55.311+0000] {processor.py:183} INFO - Processing /home/airflow/.local/lib/python3.12/site-packages/airflow/example_dags/example_setup_teardown_taskflow.py took 0.945 seconds
[2026-05-25T07:06:30.268+0000] {processor.py:161} INFO - Started process (PID=246) to work on /home/airflow/.local/lib/python3.12/site-packages/airflow/example_dags/example_setup_teardown_taskflow.py
[2026-05-25T07:06:30.271+0000] {processor.py:830} INFO - Processing file /home/airflow/.local/lib/python3.12/site-packages/airflow/example_dags/example_setup_teardown_taskflow.py for tasks to queue
[2026-05-25T07:06:30.277+0000] {logging_mixin.py:188} INFO - [2026-05-25T07:06:30.275+0000] {dagbag.py:545} INFO - Filling up the DagBag from /home/airflow/.local/lib/python3.12/site-packages/airflow/example_dags/example_setup_teardown_taskflow.py
[2026-05-25T07:06:30.312+0000] {processor.py:840} INFO - DAG(s) 'example_setup_teardown_taskflow' retrieved from /home/airflow/.local/lib/python3.12/site-packages/airflow/example_dags/example_setup_teardown_taskflow.py
[2026-05-25T07:06:30.399+0000] {logging_mixin.py:188} INFO - [2026-05-25T07:06:30.399+0000] {dag.py:3089} INFO - Sync 1 DAGs
[2026-05-25T07:06:30.500+0000] {logging_mixin.py:188} INFO - [2026-05-25T07:06:30.499+0000] {dag.py:3947} INFO - Setting next_dagrun for example_setup_teardown_taskflow to 2026-05-24 00:00:00+00:00, run_after=2026-05-25 00:00:00+00:00
[2026-05-25T07:06:30.574+0000] {processor.py:183} INFO - Processing /home/airflow/.local/lib/python3.12/site-packages/airflow/example_dags/example_setup_teardown_taskflow.py took 0.325 seconds
[2026-05-25T07:07:00.864+0000] {processor.py:161} INFO - Started process (PID=306) to work on /home/airflow/.local/lib/python3.12/site-packages/airflow/example_dags/example_setup_teardown_taskflow.py
[2026-05-25T07:07:00.867+0000] {processor.py:830} INFO - Processing file /home/airflow/.local/lib/python3.12/site-packages/airflow/example_dags/example_setup_teardown_taskflow.py for tasks to queue
[2026-05-25T07:07:00.873+0000] {logging_mixin.py:188} INFO - [2026-05-25T07:07:00.872+0000] {dagbag.py:545} INFO - Filling up the DagBag from /home/airflow/.local/lib/python3.12/site-packages/airflow/example_dags/example_setup_teardown_taskflow.py
[2026-05-25T07:07:00.899+0000] {processor.py:840} INFO - DAG(s) 'example_setup_teardown_taskflow' retrieved from /home/airflow/.local/lib/python3.12/site-packages/airflow/example_dags/example_setup_teardown_taskflow.py
[2026-05-25T07:07:00.958+0000] {logging_mixin.py:188} INFO - [2026-05-25T07:07:00.957+0000] {dag.py:3089} INFO - Sync 1 DAGs
[2026-05-25T07:07:01.022+0000] {logging_mixin.py:188} INFO - [2026-05-25T07:07:01.021+0000] {dag.py:3947} INFO - Setting next_dagrun for example_setup_teardown_taskflow to 2026-05-24 00:00:00+00:00, run_after=2026-05-25 00:00:00+00:00
[2026-05-25T07:07:01.075+0000] {processor.py:183} INFO - Processing /home/airflow/.local/lib/python3.12/site-packages/airflow/example_dags/example_setup_teardown_taskflow.py took 0.230 seconds
[2026-05-25T07:07:32.186+0000] {processor.py:161} INFO - Started process (PID=366) to work on /home/airflow/.local/lib/python3.12/site-packages/airflow/example_dags/example_setup_teardown_taskflow.py
[2026-05-25T07:07:32.191+0000] {processor.py:830} INFO - Processing file /home/airflow/.local/lib/python3.12/site-packages/airflow/example_dags/example_setup_teardown_taskflow.py for tasks to queue
[2026-05-25T07:07:32.201+0000] {logging_mixin.py:188} INFO - [2026-05-25T07:07:32.199+0000] {dagbag.py:545} INFO - Filling up the DagBag from /home/airflow/.local/lib/python3.12/site-packages/airflow/example_dags/example_setup_teardown_taskflow.py
[2026-05-25T07:07:32.269+0000] {processor.py:840} INFO - DAG(s) 'example_setup_teardown_taskflow' retrieved from /home/airflow/.local/lib/python3.12/site-packages/airflow/example_dags/example_setup_teardown_taskflow.py
[2026-05-25T07:07:32.469+0000] {logging_mixin.py:188} INFO - [2026-05-25T07:07:32.465+0000] {dag.py:3089} INFO - Sync 1 DAGs
[2026-05-25T07:07:32.549+0000] {logging_mixin.py:188} INFO - [2026-05-25T07:07:32.549+0000] {dag.py:3947} INFO - Setting next_dagrun for example_setup_teardown_taskflow to 2026-05-24 00:00:00+00:00, run_after=2026-05-25 00:00:00+00:00
[2026-05-25T07:07:32.601+0000] {processor.py:183} INFO - Processing /home/airflow/.local/lib/python3.12/site-packages/airflow/example_dags/example_setup_teardown_taskflow.py took 0.448 seconds
[2026-05-25T07:08:07.066+0000] {processor.py:161} INFO - Started process (PID=427) to work on /home/airflow/.local/lib/python3.12/site-packages/airflow/example_dags/example_setup_teardown_taskflow.py
[2026-05-25T07:08:07.071+0000] {processor.py:830} INFO - Processing file /home/airflow/.local/lib/python3.12/site-packages/airflow/example_dags/example_setup_teardown_taskflow.py for tasks to queue
[2026-05-25T07:08:07.079+0000] {logging_mixin.py:188} INFO - [2026-05-25T07:08:07.079+0000] {dagbag.py:545} INFO - Filling up the DagBag from /home/airflow/.local/lib/python3.12/site-packages/airflow/example_dags/example_setup_teardown_taskflow.py
[2026-05-25T07:08:07.107+0000] {processor.py:840} INFO - DAG(s) 'example_setup_teardown_taskflow' retrieved from /home/airflow/.local/lib/python3.12/site-packages/airflow/example_dags/example_setup_teardown_taskflow.py
[2026-05-25T07:08:07.154+0000] {logging_mixin.py:188} INFO - [2026-05-25T07:08:07.153+0000] {dag.py:3089} INFO - Sync 1 DAGs
[2026-05-25T07:08:07.203+0000] {logging_mixin.py:188} INFO - [2026-05-25T07:08:07.202+0000] {dag.py:3947} INFO - Setting next_dagrun for example_setup_teardown_taskflow to 2026-05-24 00:00:00+00:00, run_after=2026-05-25 00:00:00+00:00
[2026-05-25T07:08:07.249+0000] {processor.py:183} INFO - Processing /home/airflow/.local/lib/python3.12/site-packages/airflow/example_dags/example_setup_teardown_taskflow.py took 0.198 seconds
[2026-05-25T07:08:38.152+0000] {processor.py:161} INFO - Started process (PID=492) to work on /home/airflow/.local/lib/python3.12/site-packages/airflow/example_dags/example_setup_teardown_taskflow.py
[2026-05-25T07:08:38.156+0000] {processor.py:830} INFO - Processing file /home/airflow/.local/lib/python3.12/site-packages/airflow/example_dags/example_setup_teardown_taskflow.py for tasks to queue
[2026-05-25T07:08:38.166+0000] {logging_mixin.py:188} INFO - [2026-05-25T07:08:38.165+0000] {dagbag.py:545} INFO - Filling up the DagBag from /home/airflow/.local/lib/python3.12/site-packages/airflow/example_dags/example_setup_teardown_taskflow.py
[2026-05-25T07:08:38.189+0000] {processor.py:840} INFO - DAG(s) 'example_setup_teardown_taskflow' retrieved from /home/airflow/.local/lib/python3.12/site-packages/airflow/example_dags/example_setup_teardown_taskflow.py
[2026-05-25T07:08:38.338+0000] {logging_mixin.py:188} INFO - [2026-05-25T07:08:38.338+0000] {dag.py:3089} INFO - Sync 1 DAGs
[2026-05-25T07:08:38.433+0000] {logging_mixin.py:188} INFO - [2026-05-25T07:08:38.432+0000] {dag.py:3947} INFO - Setting next_dagrun for example_setup_teardown_taskflow to 2026-05-24 00:00:00+00:00, run_after=2026-05-25 00:00:00+00:00
[2026-05-25T07:08:38.512+0000] {processor.py:183} INFO - Processing /home/airflow/.local/lib/python3.12/site-packages/airflow/example_dags/example_setup_teardown_taskflow.py took 0.378 seconds
[2026-05-25T07:09:08.727+0000] {processor.py:161} INFO - Started process (PID=552) to work on /home/airflow/.local/lib/python3.12/site-packages/airflow/example_dags/example_setup_teardown_taskflow.py
[2026-05-25T07:09:08.730+0000] {processor.py:830} INFO - Processing file /home/airflow/.local/lib/python3.12/site-packages/airflow/example_dags/example_setup_teardown_taskflow.py for tasks to queue
[2026-05-25T07:09:08.735+0000] {logging_mixin.py:188} INFO - [2026-05-25T07:09:08.734+0000] {dagbag.py:545} INFO - Filling up the DagBag from /home/airflow/.local/lib/python3.12/site-packages/airflow/example_dags/example_setup_teardown_taskflow.py
[2026-05-25T07:09:08.759+0000] {processor.py:840} INFO - DAG(s) 'example_setup_teardown_taskflow' retrieved from /home/airflow/.local/lib/python3.12/site-packages/airflow/example_dags/example_setup_teardown_taskflow.py
[2026-05-25T07:09:08.810+0000] {logging_mixin.py:188} INFO - [2026-05-25T07:09:08.809+0000] {dag.py:3089} INFO - Sync 1 DAGs
[2026-05-25T07:09:08.857+0000] {logging_mixin.py:188} INFO - [2026-05-25T07:09:08.857+0000] {dag.py:3947} INFO - Setting next_dagrun for example_setup_teardown_taskflow to 2026-05-24 00:00:00+00:00, run_after=2026-05-25 00:00:00+00:00
[2026-05-25T07:09:08.900+0000] {processor.py:183} INFO - Processing /home/airflow/.local/lib/python3.12/site-packages/airflow/example_dags/example_setup_teardown_taskflow.py took 0.189 seconds
[2026-05-25T07:09:39.844+0000] {processor.py:161} INFO - Started process (PID=612) to work on /home/airflow/.local/lib/python3.12/site-packages/airflow/example_dags/example_setup_teardown_taskflow.py
[2026-05-25T07:09:39.846+0000] {processor.py:830} INFO - Processing file /home/airflow/.local/lib/python3.12/site-packages/airflow/example_dags/example_setup_teardown_taskflow.py for tasks to queue
[2026-05-25T07:09:39.855+0000] {logging_mixin.py:188} INFO - [2026-05-25T07:09:39.854+0000] {dagbag.py:545} INFO - Filling up the DagBag from /home/airflow/.local/lib/python3.12/site-packages/airflow/example_dags/example_setup_teardown_taskflow.py
[2026-05-25T07:09:39.876+0000] {processor.py:840} INFO - DAG(s) 'example_setup_teardown_taskflow' retrieved from /home/airflow/.local/lib/python3.12/site-packages/airflow/example_dags/example_setup_teardown_taskflow.py
[2026-05-25T07:09:39.929+0000] {logging_mixin.py:188} INFO - [2026-05-25T07:09:39.929+0000] {dag.py:3089} INFO - Sync 1 DAGs
[2026-05-25T07:09:39.981+0000] {logging_mixin.py:188} INFO - [2026-05-25T07:09:39.980+0000] {dag.py:3947} INFO - Setting next_dagrun for example_setup_teardown_taskflow to 2026-05-24 00:00:00+00:00, run_after=2026-05-25 00:00:00+00:00
[2026-05-25T07:09:40.027+0000] {processor.py:183} INFO - Processing /home/airflow/.local/lib/python3.12/site-packages/airflow/example_dags/example_setup_teardown_taskflow.py took 0.200 seconds
[2026-05-25T07:10:10.491+0000] {processor.py:161} INFO - Started process (PID=672) to work on /home/airflow/.local/lib/python3.12/site-packages/airflow/example_dags/example_setup_teardown_taskflow.py
[2026-05-25T07:10:10.493+0000] {processor.py:830} INFO - Processing file /home/airflow/.local/lib/python3.12/site-packages/airflow/example_dags/example_setup_teardown_taskflow.py for tasks to queue
[2026-05-25T07:10:10.498+0000] {logging_mixin.py:188} INFO - [2026-05-25T07:10:10.497+0000] {dagbag.py:545} INFO - Filling up the DagBag from /home/airflow/.local/lib/python3.12/site-packages/airflow/example_dags/example_setup_teardown_taskflow.py
[2026-05-25T07:10:10.519+0000] {processor.py:840} INFO - DAG(s) 'example_setup_teardown_taskflow' retrieved from /home/airflow/.local/lib/python3.12/site-packages/airflow/example_dags/example_setup_teardown_taskflow.py
[2026-05-25T07:10:10.594+0000] {logging_mixin.py:188} INFO - [2026-05-25T07:10:10.593+0000] {dag.py:3089} INFO - Sync 1 DAGs
[2026-05-25T07:10:10.691+0000] {logging_mixin.py:188} INFO - [2026-05-25T07:10:10.685+0000] {dag.py:3947} INFO - Setting next_dagrun for example_setup_teardown_taskflow to 2026-05-24 00:00:00+00:00, run_after=2026-05-25 00:00:00+00:00
[2026-05-25T07:10:10.769+0000] {processor.py:183} INFO - Processing /home/airflow/.local/lib/python3.12/site-packages/airflow/example_dags/example_setup_teardown_taskflow.py took 0.291 seconds
[2026-05-25T07:10:41.646+0000] {processor.py:161} INFO - Started process (PID=732) to work on /home/airflow/.local/lib/python3.12/site-packages/airflow/example_dags/example_setup_teardown_taskflow.py
[2026-05-25T07:10:41.650+0000] {processor.py:830} INFO - Processing file /home/airflow/.local/lib/python3.12/site-packages/airflow/example_dags/example_setup_teardown_taskflow.py for tasks to queue
[2026-05-25T07:10:41.655+0000] {logging_mixin.py:188} INFO - [2026-05-25T07:10:41.654+0000] {dagbag.py:545} INFO - Filling up the DagBag from /home/airflow/.local/lib/python3.12/site-packages/airflow/example_dags/example_setup_teardown_taskflow.py
[2026-05-25T07:10:41.685+0000] {processor.py:840} INFO - DAG(s) 'example_setup_teardown_taskflow' retrieved from /home/airflow/.local/lib/python3.12/site-packages/airflow/example_dags/example_setup_teardown_taskflow.py
[2026-05-25T07:10:41.741+0000] {logging_mixin.py:188} INFO - [2026-05-25T07:10:41.740+0000] {dag.py:3089} INFO - Sync 1 DAGs
[2026-05-25T07:10:41.798+0000] {logging_mixin.py:188} INFO - [2026-05-25T07:10:41.797+0000] {dag.py:3947} INFO - Setting next_dagrun for example_setup_teardown_taskflow to 2026-05-24 00:00:00+00:00, run_after=2026-05-25 00:00:00+00:00
[2026-05-25T07:10:41.847+0000] {processor.py:183} INFO - Processing /home/airflow/.local/lib/python3.12/site-packages/airflow/example_dags/example_setup_teardown_taskflow.py took 0.218 seconds
[2026-05-25T07:11:12.596+0000] {processor.py:161} INFO - Started process (PID=791) to work on /home/airflow/.local/lib/python3.12/site-packages/airflow/example_dags/example_setup_teardown_taskflow.py
[2026-05-25T07:11:12.600+0000] {processor.py:830} INFO - Processing file /home/airflow/.local/lib/python3.12/site-packages/airflow/example_dags/example_setup_teardown_taskflow.py for tasks to queue
[2026-05-25T07:11:12.607+0000] {logging_mixin.py:188} INFO - [2026-05-25T07:11:12.606+0000] {dagbag.py:545} INFO - Filling up the DagBag from /home/airflow/.local/lib/python3.12/site-packages/airflow/example_dags/example_setup_teardown_taskflow.py
[2026-05-25T07:11:12.643+0000] {processor.py:840} INFO - DAG(s) 'example_setup_teardown_taskflow' retrieved from /home/airflow/.local/lib/python3.12/site-packages/airflow/example_dags/example_setup_teardown_taskflow.py
[2026-05-25T07:11:12.726+0000] {logging_mixin.py:188} INFO - [2026-05-25T07:11:12.725+0000] {dag.py:3089} INFO - Sync 1 DAGs
[2026-05-25T07:11:12.781+0000] {logging_mixin.py:188} INFO - [2026-05-25T07:11:12.780+0000] {dag.py:3947} INFO - Setting next_dagrun for example_setup_teardown_taskflow to 2026-05-24 00:00:00+00:00, run_after=2026-05-25 00:00:00+00:00
[2026-05-25T07:11:12.843+0000] {processor.py:183} INFO - Processing /home/airflow/.local/lib/python3.12/site-packages/airflow/example_dags/example_setup_teardown_taskflow.py took 0.271 seconds
[2026-05-25T07:11:43.187+0000] {processor.py:161} INFO - Started process (PID=851) to work on /home/airflow/.local/lib/python3.12/site-packages/airflow/example_dags/example_setup_teardown_taskflow.py
[2026-05-25T07:11:43.189+0000] {processor.py:830} INFO - Processing file /home/airflow/.local/lib/python3.12/site-packages/airflow/example_dags/example_setup_teardown_taskflow.py for tasks to queue
[2026-05-25T07:11:43.195+0000] {logging_mixin.py:188} INFO - [2026-05-25T07:11:43.194+0000] {dagbag.py:545} INFO - Filling up the DagBag from /home/airflow/.local/lib/python3.12/site-packages/airflow/example_dags/example_setup_teardown_taskflow.py
[2026-05-25T07:11:43.233+0000] {processor.py:840} INFO - DAG(s) 'example_setup_teardown_taskflow' retrieved from /home/airflow/.local/lib/python3.12/site-packages/airflow/example_dags/example_setup_teardown_taskflow.py
[2026-05-25T07:11:43.311+0000] {logging_mixin.py:188} INFO - [2026-05-25T07:11:43.310+0000] {dag.py:3089} INFO - Sync 1 DAGs
[2026-05-25T07:11:43.370+0000] {logging_mixin.py:188} INFO - [2026-05-25T07:11:43.370+0000] {dag.py:3947} INFO - Setting next_dagrun for example_setup_teardown_taskflow to 2026-05-24 00:00:00+00:00, run_after=2026-05-25 00:00:00+00:00
[2026-05-25T07:11:43.439+0000] {processor.py:183} INFO - Processing /home/airflow/.local/lib/python3.12/site-packages/airflow/example_dags/example_setup_teardown_taskflow.py took 0.271 seconds
[2026-05-25T07:12:13.889+0000] {processor.py:161} INFO - Started process (PID=910) to work on /home/airflow/.local/lib/python3.12/site-packages/airflow/example_dags/example_setup_teardown_taskflow.py
[2026-05-25T07:12:13.891+0000] {processor.py:830} INFO - Processing file /home/airflow/.local/lib/python3.12/site-packages/airflow/example_dags/example_setup_teardown_taskflow.py for tasks to queue
[2026-05-25T07:12:13.897+0000] {logging_mixin.py:188} INFO - [2026-05-25T07:12:13.896+0000] {dagbag.py:545} INFO - Filling up the DagBag from /home/airflow/.local/lib/python3.12/site-packages/airflow/example_dags/example_setup_teardown_taskflow.py
[2026-05-25T07:12:13.920+0000] {processor.py:840} INFO - DAG(s) 'example_setup_teardown_taskflow' retrieved from /home/airflow/.local/lib/python3.12/site-packages/airflow/example_dags/example_setup_teardown_taskflow.py
[2026-05-25T07:12:13.981+0000] {logging_mixin.py:188} INFO - [2026-05-25T07:12:13.981+0000] {dag.py:3089} INFO - Sync 1 DAGs
[2026-05-25T07:12:14.046+0000] {logging_mixin.py:188} INFO - [2026-05-25T07:12:14.045+0000] {dag.py:3947} INFO - Setting next_dagrun for example_setup_teardown_taskflow to 2026-05-24 00:00:00+00:00, run_after=2026-05-25 00:00:00+00:00
[2026-05-25T07:12:14.108+0000] {processor.py:183} INFO - Processing /home/airflow/.local/lib/python3.12/site-packages/airflow/example_dags/example_setup_teardown_taskflow.py took 0.236 seconds
[2026-05-25T07:12:45.709+0000] {processor.py:161} INFO - Started process (PID=968) to work on /home/airflow/.local/lib/python3.12/site-packages/airflow/example_dags/example_setup_teardown_taskflow.py
[2026-05-25T07:12:45.711+0000] {processor.py:830} INFO - Processing file /home/airflow/.local/lib/python3.12/site-packages/airflow/example_dags/example_setup_teardown_taskflow.py for tasks to queue
[2026-05-25T07:12:45.715+0000] {logging_mixin.py:188} INFO - [2026-05-25T07:12:45.714+0000] {dagbag.py:545} INFO - Filling up the DagBag from /home/airflow/.local/lib/python3.12/site-packages/airflow/example_dags/example_setup_teardown_taskflow.py
[2026-05-25T07:12:45.735+0000] {processor.py:840} INFO - DAG(s) 'example_setup_teardown_taskflow' retrieved from /home/airflow/.local/lib/python3.12/site-packages/airflow/example_dags/example_setup_teardown_taskflow.py
[2026-05-25T07:12:45.776+0000] {logging_mixin.py:188} INFO - [2026-05-25T07:12:45.775+0000] {dag.py:3089} INFO - Sync 1 DAGs
[2026-05-25T07:12:45.823+0000] {logging_mixin.py:188} INFO - [2026-05-25T07:12:45.822+0000] {dag.py:3947} INFO - Setting next_dagrun for example_setup_teardown_taskflow to 2026-05-24 00:00:00+00:00, run_after=2026-05-25 00:00:00+00:00
[2026-05-25T07:12:45.881+0000] {processor.py:183} INFO - Processing /home/airflow/.local/lib/python3.12/site-packages/airflow/example_dags/example_setup_teardown_taskflow.py took 0.180 seconds
[2026-05-25T07:13:20.593+0000] {processor.py:161} INFO - Started process (PID=1029) to work on /home/airflow/.local/lib/python3.12/site-packages/airflow/example_dags/example_setup_teardown_taskflow.py
[2026-05-25T07:13:20.596+0000] {processor.py:830} INFO - Processing file /home/airflow/.local/lib/python3.12/site-packages/airflow/example_dags/example_setup_teardown_taskflow.py for tasks to queue
[2026-05-25T07:13:20.603+0000] {logging_mixin.py:188} INFO - [2026-05-25T07:13:20.602+0000] {dagbag.py:545} INFO - Filling up the DagBag from /home/airflow/.local/lib/python3.12/site-packages/airflow/example_dags/example_setup_teardown_taskflow.py
[2026-05-25T07:13:20.644+0000] {processor.py:840} INFO - DAG(s) 'example_setup_teardown_taskflow' retrieved from /home/airflow/.local/lib/python3.12/site-packages/airflow/example_dags/example_setup_teardown_taskflow.py
[2026-05-25T07:13:20.706+0000] {logging_mixin.py:188} INFO - [2026-05-25T07:13:20.706+0000] {dag.py:3089} INFO - Sync 1 DAGs
[2026-05-25T07:13:20.767+0000] {logging_mixin.py:188} INFO - [2026-05-25T07:13:20.766+0000] {dag.py:3947} INFO - Setting next_dagrun for example_setup_teardown_taskflow to 2026-05-24 00:00:00+00:00, run_after=2026-05-25 00:00:00+00:00
[2026-05-25T07:13:20.821+0000] {processor.py:183} INFO - Processing /home/airflow/.local/lib/python3.12/site-packages/airflow/example_dags/example_setup_teardown_taskflow.py took 0.245 seconds
[2026-05-25T07:13:51.715+0000] {processor.py:161} INFO - Started process (PID=1089) to work on /home/airflow/.local/lib/python3.12/site-packages/airflow/example_dags/example_setup_teardown_taskflow.py
[2026-05-25T07:13:51.717+0000] {processor.py:830} INFO - Processing file /home/airflow/.local/lib/python3.12/site-packages/airflow/example_dags/example_setup_teardown_taskflow.py for tasks to queue
[2026-05-25T07:13:51.721+0000] {logging_mixin.py:188} INFO - [2026-05-25T07:13:51.720+0000] {dagbag.py:545} INFO - Filling up the DagBag from /home/airflow/.local/lib/python3.12/site-packages/airflow/example_dags/example_setup_teardown_taskflow.py
[2026-05-25T07:13:51.737+0000] {processor.py:840} INFO - DAG(s) 'example_setup_teardown_taskflow' retrieved from /home/airflow/.local/lib/python3.12/site-packages/airflow/example_dags/example_setup_teardown_taskflow.py
[2026-05-25T07:13:51.773+0000] {logging_mixin.py:188} INFO - [2026-05-25T07:13:51.773+0000] {dag.py:3089} INFO - Sync 1 DAGs
[2026-05-25T07:13:51.809+0000] {logging_mixin.py:188} INFO - [2026-05-25T07:13:51.809+0000] {dag.py:3947} INFO - Setting next_dagrun for example_setup_teardown_taskflow to 2026-05-24 00:00:00+00:00, run_after=2026-05-25 00:00:00+00:00
[2026-05-25T07:13:51.842+0000] {processor.py:183} INFO - Processing /home/airflow/.local/lib/python3.12/site-packages/airflow/example_dags/example_setup_teardown_taskflow.py took 0.141 seconds
[2026-05-25T07:14:24.264+0000] {processor.py:161} INFO - Started process (PID=1149) to work on /home/airflow/.local/lib/python3.12/site-packages/airflow/example_dags/example_setup_teardown_taskflow.py
[2026-05-25T07:14:24.266+0000] {processor.py:830} INFO - Processing file /home/airflow/.local/lib/python3.12/site-packages/airflow/example_dags/example_setup_teardown_taskflow.py for tasks to queue
[2026-05-25T07:14:24.272+0000] {logging_mixin.py:188} INFO - [2026-05-25T07:14:24.271+0000] {dagbag.py:545} INFO - Filling up the DagBag from /home/airflow/.local/lib/python3.12/site-packages/airflow/example_dags/example_setup_teardown_taskflow.py
[2026-05-25T07:14:24.302+0000] {processor.py:840} INFO - DAG(s) 'example_setup_teardown_taskflow' retrieved from /home/airflow/.local/lib/python3.12/site-packages/airflow/example_dags/example_setup_teardown_taskflow.py
[2026-05-25T07:14:24.390+0000] {logging_mixin.py:188} INFO - [2026-05-25T07:14:24.389+0000] {dag.py:3089} INFO - Sync 1 DAGs
[2026-05-25T07:14:24.460+0000] {logging_mixin.py:188} INFO - [2026-05-25T07:14:24.460+0000] {dag.py:3947} INFO - Setting next_dagrun for example_setup_teardown_taskflow to 2026-05-24 00:00:00+00:00, run_after=2026-05-25 00:00:00+00:00
[2026-05-25T07:14:24.519+0000] {processor.py:183} INFO - Processing /home/airflow/.local/lib/python3.12/site-packages/airflow/example_dags/example_setup_teardown_taskflow.py took 0.285 seconds
[2026-05-25T07:14:56.107+0000] {processor.py:161} INFO - Started process (PID=1209) to work on /home/airflow/.local/lib/python3.12/site-packages/airflow/example_dags/example_setup_teardown_taskflow.py
[2026-05-25T07:14:56.109+0000] {processor.py:830} INFO - Processing file /home/airflow/.local/lib/python3.12/site-packages/airflow/example_dags/example_setup_teardown_taskflow.py for tasks to queue
[2026-05-25T07:14:56.117+0000] {logging_mixin.py:188} INFO - [2026-05-25T07:14:56.116+0000] {dagbag.py:545} INFO - Filling up the DagBag from /home/airflow/.local/lib/python3.12/site-packages/airflow/example_dags/example_setup_teardown_taskflow.py
[2026-05-25T07:14:56.143+0000] {processor.py:840} INFO - DAG(s) 'example_setup_teardown_taskflow' retrieved from /home/airflow/.local/lib/python3.12/site-packages/airflow/example_dags/example_setup_teardown_taskflow.py
[2026-05-25T07:14:56.210+0000] {logging_mixin.py:188} INFO - [2026-05-25T07:14:56.210+0000] {dag.py:3089} INFO - Sync 1 DAGs
[2026-05-25T07:14:56.309+0000] {logging_mixin.py:188} INFO - [2026-05-25T07:14:56.308+0000] {dag.py:3947} INFO - Setting next_dagrun for example_setup_teardown_taskflow to 2026-05-24 00:00:00+00:00, run_after=2026-05-25 00:00:00+00:00
[2026-05-25T07:14:56.378+0000] {processor.py:183} INFO - Processing /home/airflow/.local/lib/python3.12/site-packages/airflow/example_dags/example_setup_teardown_taskflow.py took 0.288 seconds
[2026-05-25T07:15:27.759+0000] {processor.py:161} INFO - Started process (PID=1269) to work on /home/airflow/.local/lib/python3.12/site-packages/airflow/example_dags/example_setup_teardown_taskflow.py
[2026-05-25T07:15:27.760+0000] {processor.py:830} INFO - Processing file /home/airflow/.local/lib/python3.12/site-packages/airflow/example_dags/example_setup_teardown_taskflow.py for tasks to queue
[2026-05-25T07:15:27.764+0000] {logging_mixin.py:188} INFO - [2026-05-25T07:15:27.763+0000] {dagbag.py:545} INFO - Filling up the DagBag from /home/airflow/.local/lib/python3.12/site-packages/airflow/example_dags/example_setup_teardown_taskflow.py
[2026-05-25T07:15:27.779+0000] {processor.py:840} INFO - DAG(s) 'example_setup_teardown_taskflow' retrieved from /home/airflow/.local/lib/python3.12/site-packages/airflow/example_dags/example_setup_teardown_taskflow.py
[2026-05-25T07:15:27.814+0000] {logging_mixin.py:188} INFO - [2026-05-25T07:15:27.813+0000] {dag.py:3089} INFO - Sync 1 DAGs
[2026-05-25T07:15:27.846+0000] {logging_mixin.py:188} INFO - [2026-05-25T07:15:27.846+0000] {dag.py:3947} INFO - Setting next_dagrun for example_setup_teardown_taskflow to 2026-05-24 00:00:00+00:00, run_after=2026-05-25 00:00:00+00:00
[2026-05-25T07:15:27.880+0000] {processor.py:183} INFO - Processing /home/airflow/.local/lib/python3.12/site-packages/airflow/example_dags/example_setup_teardown_taskflow.py took 0.133 seconds
[2026-05-25T07:15:58.895+0000] {processor.py:161} INFO - Started process (PID=1329) to work on /home/airflow/.local/lib/python3.12/site-packages/airflow/example_dags/example_setup_teardown_taskflow.py
[2026-05-25T07:15:58.898+0000] {processor.py:830} INFO - Processing file /home/airflow/.local/lib/python3.12/site-packages/airflow/example_dags/example_setup_teardown_taskflow.py for tasks to queue
[2026-05-25T07:15:58.903+0000] {logging_mixin.py:188} INFO - [2026-05-25T07:15:58.902+0000] {dagbag.py:545} INFO - Filling up the DagBag from /home/airflow/.local/lib/python3.12/site-packages/airflow/example_dags/example_setup_teardown_taskflow.py
[2026-05-25T07:15:58.925+0000] {processor.py:840} INFO - DAG(s) 'example_setup_teardown_taskflow' retrieved from /home/airflow/.local/lib/python3.12/site-packages/airflow/example_dags/example_setup_teardown_taskflow.py
[2026-05-25T07:15:58.964+0000] {logging_mixin.py:188} INFO - [2026-05-25T07:15:58.964+0000] {dag.py:3089} INFO - Sync 1 DAGs
[2026-05-25T07:15:59.011+0000] {logging_mixin.py:188} INFO - [2026-05-25T07:15:59.010+0000] {dag.py:3947} INFO - Setting next_dagrun for example_setup_teardown_taskflow to 2026-05-24 00:00:00+00:00, run_after=2026-05-25 00:00:00+00:00
[2026-05-25T07:15:59.052+0000] {processor.py:183} INFO - Processing /home/airflow/.local/lib/python3.12/site-packages/airflow/example_dags/example_setup_teardown_taskflow.py took 0.174 seconds
[2026-05-25T07:16:30.632+0000] {processor.py:161} INFO - Started process (PID=1388) to work on /home/airflow/.local/lib/python3.12/site-packages/airflow/example_dags/example_setup_teardown_taskflow.py
[2026-05-25T07:16:30.635+0000] {processor.py:830} INFO - Processing file /home/airflow/.local/lib/python3.12/site-packages/airflow/example_dags/example_setup_teardown_taskflow.py for tasks to queue
[2026-05-25T07:16:30.640+0000] {logging_mixin.py:188} INFO - [2026-05-25T07:16:30.639+0000] {dagbag.py:545} INFO - Filling up the DagBag from /home/airflow/.local/lib/python3.12/site-packages/airflow/example_dags/example_setup_teardown_taskflow.py
[2026-05-25T07:16:30.669+0000] {processor.py:840} INFO - DAG(s) 'example_setup_teardown_taskflow' retrieved from /home/airflow/.local/lib/python3.12/site-packages/airflow/example_dags/example_setup_teardown_taskflow.py
[2026-05-25T07:16:30.717+0000] {logging_mixin.py:188} INFO - [2026-05-25T07:16:30.717+0000] {dag.py:3089} INFO - Sync 1 DAGs
[2026-05-25T07:16:30.759+0000] {logging_mixin.py:188} INFO - [2026-05-25T07:16:30.758+0000] {dag.py:3947} INFO - Setting next_dagrun for example_setup_teardown_taskflow to 2026-05-24 00:00:00+00:00, run_after=2026-05-25 00:00:00+00:00
[2026-05-25T07:16:30.797+0000] {processor.py:183} INFO - Processing /home/airflow/.local/lib/python3.12/site-packages/airflow/example_dags/example_setup_teardown_taskflow.py took 0.186 seconds
[2026-05-25T07:17:01.916+0000] {processor.py:161} INFO - Started process (PID=1447) to work on /home/airflow/.local/lib/python3.12/site-packages/airflow/example_dags/example_setup_teardown_taskflow.py
[2026-05-25T07:17:01.917+0000] {processor.py:830} INFO - Processing file /home/airflow/.local/lib/python3.12/site-packages/airflow/example_dags/example_setup_teardown_taskflow.py for tasks to queue
[2026-05-25T07:17:01.920+0000] {logging_mixin.py:188} INFO - [2026-05-25T07:17:01.920+0000] {dagbag.py:545} INFO - Filling up the DagBag from /home/airflow/.local/lib/python3.12/site-packages/airflow/example_dags/example_setup_teardown_taskflow.py
[2026-05-25T07:17:01.934+0000] {processor.py:840} INFO - DAG(s) 'example_setup_teardown_taskflow' retrieved from /home/airflow/.local/lib/python3.12/site-packages/airflow/example_dags/example_setup_teardown_taskflow.py
[2026-05-25T07:17:01.967+0000] {logging_mixin.py:188} INFO - [2026-05-25T07:17:01.966+0000] {dag.py:3089} INFO - Sync 1 DAGs
[2026-05-25T07:17:01.999+0000] {logging_mixin.py:188} INFO - [2026-05-25T07:17:01.998+0000] {dag.py:3947} INFO - Setting next_dagrun for example_setup_teardown_taskflow to 2026-05-24 00:00:00+00:00, run_after=2026-05-25 00:00:00+00:00
[2026-05-25T07:17:02.028+0000] {processor.py:183} INFO - Processing /home/airflow/.local/lib/python3.12/site-packages/airflow/example_dags/example_setup_teardown_taskflow.py took 0.121 seconds
[2026-05-25T07:17:33.448+0000] {processor.py:161} INFO - Started process (PID=1507) to work on /home/airflow/.local/lib/python3.12/site-packages/airflow/example_dags/example_setup_teardown_taskflow.py
[2026-05-25T07:17:33.450+0000] {processor.py:830} INFO - Processing file /home/airflow/.local/lib/python3.12/site-packages/airflow/example_dags/example_setup_teardown_taskflow.py for tasks to queue
[2026-05-25T07:17:33.454+0000] {logging_mixin.py:188} INFO - [2026-05-25T07:17:33.453+0000] {dagbag.py:545} INFO - Filling up the DagBag from /home/airflow/.local/lib/python3.12/site-packages/airflow/example_dags/example_setup_teardown_taskflow.py
[2026-05-25T07:17:33.470+0000] {processor.py:840} INFO - DAG(s) 'example_setup_teardown_taskflow' retrieved from /home/airflow/.local/lib/python3.12/site-packages/airflow/example_dags/example_setup_teardown_taskflow.py
[2026-05-25T07:17:33.512+0000] {logging_mixin.py:188} INFO - [2026-05-25T07:17:33.512+0000] {dag.py:3089} INFO - Sync 1 DAGs
[2026-05-25T07:17:33.553+0000] {logging_mixin.py:188} INFO - [2026-05-25T07:17:33.553+0000] {dag.py:3947} INFO - Setting next_dagrun for example_setup_teardown_taskflow to 2026-05-24 00:00:00+00:00, run_after=2026-05-25 00:00:00+00:00
[2026-05-25T07:17:33.586+0000] {processor.py:183} INFO - Processing /home/airflow/.local/lib/python3.12/site-packages/airflow/example_dags/example_setup_teardown_taskflow.py took 0.146 seconds
[2026-05-25T07:18:05.786+0000] {processor.py:161} INFO - Started process (PID=1567) to work on /home/airflow/.local/lib/python3.12/site-packages/airflow/example_dags/example_setup_teardown_taskflow.py
[2026-05-25T07:18:05.789+0000] {processor.py:830} INFO - Processing file /home/airflow/.local/lib/python3.12/site-packages/airflow/example_dags/example_setup_teardown_taskflow.py for tasks to queue
[2026-05-25T07:18:05.793+0000] {logging_mixin.py:188} INFO - [2026-05-25T07:18:05.792+0000] {dagbag.py:545} INFO - Filling up the DagBag from /home/airflow/.local/lib/python3.12/site-packages/airflow/example_dags/example_setup_teardown_taskflow.py
[2026-05-25T07:18:05.808+0000] {processor.py:840} INFO - DAG(s) 'example_setup_teardown_taskflow' retrieved from /home/airflow/.local/lib/python3.12/site-packages/airflow/example_dags/example_setup_teardown_taskflow.py
[2026-05-25T07:18:05.849+0000] {logging_mixin.py:188} INFO - [2026-05-25T07:18:05.849+0000] {dag.py:3089} INFO - Sync 1 DAGs
[2026-05-25T07:18:05.894+0000] {logging_mixin.py:188} INFO - [2026-05-25T07:18:05.894+0000] {dag.py:3947} INFO - Setting next_dagrun for example_setup_teardown_taskflow to 2026-05-24 00:00:00+00:00, run_after=2026-05-25 00:00:00+00:00
[2026-05-25T07:18:05.940+0000] {processor.py:183} INFO - Processing /home/airflow/.local/lib/python3.12/site-packages/airflow/example_dags/example_setup_teardown_taskflow.py took 0.165 seconds
[2026-05-25T07:18:37.031+0000] {processor.py:161} INFO - Started process (PID=1628) to work on /home/airflow/.local/lib/python3.12/site-packages/airflow/example_dags/example_setup_teardown_taskflow.py
[2026-05-25T07:18:37.033+0000] {processor.py:830} INFO - Processing file /home/airflow/.local/lib/python3.12/site-packages/airflow/example_dags/example_setup_teardown_taskflow.py for tasks to queue
[2026-05-25T07:18:37.036+0000] {logging_mixin.py:188} INFO - [2026-05-25T07:18:37.036+0000] {dagbag.py:545} INFO - Filling up the DagBag from /home/airflow/.local/lib/python3.12/site-packages/airflow/example_dags/example_setup_teardown_taskflow.py
[2026-05-25T07:18:37.058+0000] {processor.py:840} INFO - DAG(s) 'example_setup_teardown_taskflow' retrieved from /home/airflow/.local/lib/python3.12/site-packages/airflow/example_dags/example_setup_teardown_taskflow.py
[2026-05-25T07:18:37.104+0000] {logging_mixin.py:188} INFO - [2026-05-25T07:18:37.103+0000] {dag.py:3089} INFO - Sync 1 DAGs
[2026-05-25T07:18:37.141+0000] {logging_mixin.py:188} INFO - [2026-05-25T07:18:37.140+0000] {dag.py:3947} INFO - Setting next_dagrun for example_setup_teardown_taskflow to 2026-05-24 00:00:00+00:00, run_after=2026-05-25 00:00:00+00:00
[2026-05-25T07:18:37.172+0000] {processor.py:183} INFO - Processing /home/airflow/.local/lib/python3.12/site-packages/airflow/example_dags/example_setup_teardown_taskflow.py took 0.152 seconds
[2026-05-25T07:19:08.000+0000] {processor.py:161} INFO - Started process (PID=1689) to work on /home/airflow/.local/lib/python3.12/site-packages/airflow/example_dags/example_setup_teardown_taskflow.py
[2026-05-25T07:19:08.002+0000] {processor.py:830} INFO - Processing file /home/airflow/.local/lib/python3.12/site-packages/airflow/example_dags/example_setup_teardown_taskflow.py for tasks to queue
[2026-05-25T07:19:08.005+0000] {logging_mixin.py:188} INFO - [2026-05-25T07:19:08.005+0000] {dagbag.py:545} INFO - Filling up the DagBag from /home/airflow/.local/lib/python3.12/site-packages/airflow/example_dags/example_setup_teardown_taskflow.py
[2026-05-25T07:19:08.021+0000] {processor.py:840} INFO - DAG(s) 'example_setup_teardown_taskflow' retrieved from /home/airflow/.local/lib/python3.12/site-packages/airflow/example_dags/example_setup_teardown_taskflow.py
[2026-05-25T07:19:08.054+0000] {logging_mixin.py:188} INFO - [2026-05-25T07:19:08.054+0000] {dag.py:3089} INFO - Sync 1 DAGs
[2026-05-25T07:19:08.089+0000] {logging_mixin.py:188} INFO - [2026-05-25T07:19:08.089+0000] {dag.py:3947} INFO - Setting next_dagrun for example_setup_teardown_taskflow to 2026-05-24 00:00:00+00:00, run_after=2026-05-25 00:00:00+00:00
[2026-05-25T07:19:08.123+0000] {processor.py:183} INFO - Processing /home/airflow/.local/lib/python3.12/site-packages/airflow/example_dags/example_setup_teardown_taskflow.py took 0.133 seconds
[2026-05-25T07:19:38.289+0000] {processor.py:161} INFO - Started process (PID=1747) to work on /home/airflow/.local/lib/python3.12/site-packages/airflow/example_dags/example_setup_teardown_taskflow.py
[2026-05-25T07:19:38.291+0000] {processor.py:830} INFO - Processing file /home/airflow/.local/lib/python3.12/site-packages/airflow/example_dags/example_setup_teardown_taskflow.py for tasks to queue
[2026-05-25T07:19:38.295+0000] {logging_mixin.py:188} INFO - [2026-05-25T07:19:38.294+0000] {dagbag.py:545} INFO - Filling up the DagBag from /home/airflow/.local/lib/python3.12/site-packages/airflow/example_dags/example_setup_teardown_taskflow.py
[2026-05-25T07:19:38.320+0000] {processor.py:840} INFO - DAG(s) 'example_setup_teardown_taskflow' retrieved from /home/airflow/.local/lib/python3.12/site-packages/airflow/example_dags/example_setup_teardown_taskflow.py
[2026-05-25T07:19:38.367+0000] {logging_mixin.py:188} INFO - [2026-05-25T07:19:38.366+0000] {dag.py:3089} INFO - Sync 1 DAGs
[2026-05-25T07:19:38.410+0000] {logging_mixin.py:188} INFO - [2026-05-25T07:19:38.410+0000] {dag.py:3947} INFO - Setting next_dagrun for example_setup_teardown_taskflow to 2026-05-24 00:00:00+00:00, run_after=2026-05-25 00:00:00+00:00
[2026-05-25T07:19:38.458+0000] {processor.py:183} INFO - Processing /home/airflow/.local/lib/python3.12/site-packages/airflow/example_dags/example_setup_teardown_taskflow.py took 0.180 seconds
[2026-05-25T07:20:10.265+0000] {processor.py:161} INFO - Started process (PID=1807) to work on /home/airflow/.local/lib/python3.12/site-packages/airflow/example_dags/example_setup_teardown_taskflow.py
[2026-05-25T07:20:10.268+0000] {processor.py:830} INFO - Processing file /home/airflow/.local/lib/python3.12/site-packages/airflow/example_dags/example_setup_teardown_taskflow.py for tasks to queue
[2026-05-25T07:20:10.273+0000] {logging_mixin.py:188} INFO - [2026-05-25T07:20:10.272+0000] {dagbag.py:545} INFO - Filling up the DagBag from /home/airflow/.local/lib/python3.12/site-packages/airflow/example_dags/example_setup_teardown_taskflow.py
[2026-05-25T07:20:10.330+0000] {processor.py:840} INFO - DAG(s) 'example_setup_teardown_taskflow' retrieved from /home/airflow/.local/lib/python3.12/site-packages/airflow/example_dags/example_setup_teardown_taskflow.py
[2026-05-25T07:20:10.468+0000] {logging_mixin.py:188} INFO - [2026-05-25T07:20:10.467+0000] {dag.py:3089} INFO - Sync 1 DAGs
[2026-05-25T07:20:11.339+0000] {logging_mixin.py:188} INFO - [2026-05-25T07:20:11.338+0000] {dag.py:3947} INFO - Setting next_dagrun for example_setup_teardown_taskflow to 2026-05-24 00:00:00+00:00, run_after=2026-05-25 00:00:00+00:00
[2026-05-25T07:20:11.421+0000] {processor.py:183} INFO - Processing /home/airflow/.local/lib/python3.12/site-packages/airflow/example_dags/example_setup_teardown_taskflow.py took 1.179 seconds
[2026-05-25T07:20:41.998+0000] {processor.py:161} INFO - Started process (PID=1867) to work on /home/airflow/.local/lib/python3.12/site-packages/airflow/example_dags/example_setup_teardown_taskflow.py
[2026-05-25T07:20:42.001+0000] {processor.py:830} INFO - Processing file /home/airflow/.local/lib/python3.12/site-packages/airflow/example_dags/example_setup_teardown_taskflow.py for tasks to queue
[2026-05-25T07:20:42.013+0000] {logging_mixin.py:188} INFO - [2026-05-25T07:20:42.012+0000] {dagbag.py:545} INFO - Filling up the DagBag from /home/airflow/.local/lib/python3.12/site-packages/airflow/example_dags/example_setup_teardown_taskflow.py
[2026-05-25T07:20:42.047+0000] {processor.py:840} INFO - DAG(s) 'example_setup_teardown_taskflow' retrieved from /home/airflow/.local/lib/python3.12/site-packages/airflow/example_dags/example_setup_teardown_taskflow.py
[2026-05-25T07:20:42.163+0000] {logging_mixin.py:188} INFO - [2026-05-25T07:20:42.162+0000] {dag.py:3089} INFO - Sync 1 DAGs
[2026-05-25T07:20:42.255+0000] {logging_mixin.py:188} INFO - [2026-05-25T07:20:42.254+0000] {dag.py:3947} INFO - Setting next_dagrun for example_setup_teardown_taskflow to 2026-05-24 00:00:00+00:00, run_after=2026-05-25 00:00:00+00:00
[2026-05-25T07:20:43.292+0000] {processor.py:183} INFO - Processing /home/airflow/.local/lib/python3.12/site-packages/airflow/example_dags/example_setup_teardown_taskflow.py took 1.320 seconds
[2026-05-25T07:21:14.099+0000] {processor.py:161} INFO - Started process (PID=1931) to work on /home/airflow/.local/lib/python3.12/site-packages/airflow/example_dags/example_setup_teardown_taskflow.py
[2026-05-25T07:21:14.106+0000] {processor.py:830} INFO - Processing file /home/airflow/.local/lib/python3.12/site-packages/airflow/example_dags/example_setup_teardown_taskflow.py for tasks to queue
[2026-05-25T07:21:14.121+0000] {logging_mixin.py:188} INFO - [2026-05-25T07:21:14.120+0000] {dagbag.py:545} INFO - Filling up the DagBag from /home/airflow/.local/lib/python3.12/site-packages/airflow/example_dags/example_setup_teardown_taskflow.py
[2026-05-25T07:21:14.252+0000] {processor.py:840} INFO - DAG(s) 'example_setup_teardown_taskflow' retrieved from /home/airflow/.local/lib/python3.12/site-packages/airflow/example_dags/example_setup_teardown_taskflow.py
[2026-05-25T07:21:14.481+0000] {logging_mixin.py:188} INFO - [2026-05-25T07:21:14.480+0000] {dag.py:3089} INFO - Sync 1 DAGs
[2026-05-25T07:21:14.662+0000] {logging_mixin.py:188} INFO - [2026-05-25T07:21:14.660+0000] {dag.py:3947} INFO - Setting next_dagrun for example_setup_teardown_taskflow to 2026-05-24 00:00:00+00:00, run_after=2026-05-25 00:00:00+00:00
[2026-05-25T07:21:14.769+0000] {processor.py:183} INFO - Processing /home/airflow/.local/lib/python3.12/site-packages/airflow/example_dags/example_setup_teardown_taskflow.py took 0.700 seconds
[2026-05-25T07:21:45.720+0000] {processor.py:161} INFO - Started process (PID=1991) to work on /home/airflow/.local/lib/python3.12/site-packages/airflow/example_dags/example_setup_teardown_taskflow.py
[2026-05-25T07:21:45.722+0000] {processor.py:830} INFO - Processing file /home/airflow/.local/lib/python3.12/site-packages/airflow/example_dags/example_setup_teardown_taskflow.py for tasks to queue
[2026-05-25T07:21:45.727+0000] {logging_mixin.py:188} INFO - [2026-05-25T07:21:45.726+0000] {dagbag.py:545} INFO - Filling up the DagBag from /home/airflow/.local/lib/python3.12/site-packages/airflow/example_dags/example_setup_teardown_taskflow.py
[2026-05-25T07:21:45.748+0000] {processor.py:840} INFO - DAG(s) 'example_setup_teardown_taskflow' retrieved from /home/airflow/.local/lib/python3.12/site-packages/airflow/example_dags/example_setup_teardown_taskflow.py
[2026-05-25T07:21:45.800+0000] {logging_mixin.py:188} INFO - [2026-05-25T07:21:45.799+0000] {dag.py:3089} INFO - Sync 1 DAGs
[2026-05-25T07:21:45.853+0000] {logging_mixin.py:188} INFO - [2026-05-25T07:21:45.852+0000] {dag.py:3947} INFO - Setting next_dagrun for example_setup_teardown_taskflow to 2026-05-24 00:00:00+00:00, run_after=2026-05-25 00:00:00+00:00
[2026-05-25T07:21:45.900+0000] {processor.py:183} INFO - Processing /home/airflow/.local/lib/python3.12/site-packages/airflow/example_dags/example_setup_teardown_taskflow.py took 0.196 seconds
[2026-05-25T07:22:16.128+0000] {processor.py:161} INFO - Started process (PID=2051) to work on /home/airflow/.local/lib/python3.12/site-packages/airflow/example_dags/example_setup_teardown_taskflow.py
[2026-05-25T07:22:16.130+0000] {processor.py:830} INFO - Processing file /home/airflow/.local/lib/python3.12/site-packages/airflow/example_dags/example_setup_teardown_taskflow.py for tasks to queue
[2026-05-25T07:22:16.138+0000] {logging_mixin.py:188} INFO - [2026-05-25T07:22:16.137+0000] {dagbag.py:545} INFO - Filling up the DagBag from /home/airflow/.local/lib/python3.12/site-packages/airflow/example_dags/example_setup_teardown_taskflow.py
[2026-05-25T07:22:16.162+0000] {processor.py:840} INFO - DAG(s) 'example_setup_teardown_taskflow' retrieved from /home/airflow/.local/lib/python3.12/site-packages/airflow/example_dags/example_setup_teardown_taskflow.py
[2026-05-25T07:22:16.208+0000] {logging_mixin.py:188} INFO - [2026-05-25T07:22:16.207+0000] {dag.py:3089} INFO - Sync 1 DAGs
[2026-05-25T07:22:16.245+0000] {logging_mixin.py:188} INFO - [2026-05-25T07:22:16.245+0000] {dag.py:3947} INFO - Setting next_dagrun for example_setup_teardown_taskflow to 2026-05-24 00:00:00+00:00, run_after=2026-05-25 00:00:00+00:00
[2026-05-25T07:22:16.281+0000] {processor.py:183} INFO - Processing /home/airflow/.local/lib/python3.12/site-packages/airflow/example_dags/example_setup_teardown_taskflow.py took 0.168 seconds
[2026-05-25T07:22:46.513+0000] {processor.py:161} INFO - Started process (PID=2112) to work on /home/airflow/.local/lib/python3.12/site-packages/airflow/example_dags/example_setup_teardown_taskflow.py
[2026-05-25T07:22:46.515+0000] {processor.py:830} INFO - Processing file /home/airflow/.local/lib/python3.12/site-packages/airflow/example_dags/example_setup_teardown_taskflow.py for tasks to queue
[2026-05-25T07:22:46.519+0000] {logging_mixin.py:188} INFO - [2026-05-25T07:22:46.518+0000] {dagbag.py:545} INFO - Filling up the DagBag from /home/airflow/.local/lib/python3.12/site-packages/airflow/example_dags/example_setup_teardown_taskflow.py
[2026-05-25T07:22:46.534+0000] {processor.py:840} INFO - DAG(s) 'example_setup_teardown_taskflow' retrieved from /home/airflow/.local/lib/python3.12/site-packages/airflow/example_dags/example_setup_teardown_taskflow.py
[2026-05-25T07:22:46.578+0000] {logging_mixin.py:188} INFO - [2026-05-25T07:22:46.577+0000] {dag.py:3089} INFO - Sync 1 DAGs
[2026-05-25T07:22:46.625+0000] {logging_mixin.py:188} INFO - [2026-05-25T07:22:46.624+0000] {dag.py:3947} INFO - Setting next_dagrun for example_setup_teardown_taskflow to 2026-05-24 00:00:00+00:00, run_after=2026-05-25 00:00:00+00:00
[2026-05-25T07:22:46.726+0000] {processor.py:183} INFO - Processing /home/airflow/.local/lib/python3.12/site-packages/airflow/example_dags/example_setup_teardown_taskflow.py took 0.226 seconds
[2026-05-25T07:23:16.972+0000] {processor.py:161} INFO - Started process (PID=2172) to work on /home/airflow/.local/lib/python3.12/site-packages/airflow/example_dags/example_setup_teardown_taskflow.py
[2026-05-25T07:23:16.984+0000] {processor.py:830} INFO - Processing file /home/airflow/.local/lib/python3.12/site-packages/airflow/example_dags/example_setup_teardown_taskflow.py for tasks to queue
[2026-05-25T07:23:16.995+0000] {logging_mixin.py:188} INFO - [2026-05-25T07:23:16.992+0000] {dagbag.py:545} INFO - Filling up the DagBag from /home/airflow/.local/lib/python3.12/site-packages/airflow/example_dags/example_setup_teardown_taskflow.py
[2026-05-25T07:23:17.063+0000] {processor.py:840} INFO - DAG(s) 'example_setup_teardown_taskflow' retrieved from /home/airflow/.local/lib/python3.12/site-packages/airflow/example_dags/example_setup_teardown_taskflow.py
[2026-05-25T07:23:17.181+0000] {logging_mixin.py:188} INFO - [2026-05-25T07:23:17.180+0000] {dag.py:3089} INFO - Sync 1 DAGs
[2026-05-25T07:23:17.254+0000] {logging_mixin.py:188} INFO - [2026-05-25T07:23:17.253+0000] {dag.py:3947} INFO - Setting next_dagrun for example_setup_teardown_taskflow to 2026-05-24 00:00:00+00:00, run_after=2026-05-25 00:00:00+00:00
[2026-05-25T07:23:17.309+0000] {processor.py:183} INFO - Processing /home/airflow/.local/lib/python3.12/site-packages/airflow/example_dags/example_setup_teardown_taskflow.py took 0.369 seconds
[2026-05-25T07:23:47.481+0000] {processor.py:161} INFO - Started process (PID=2232) to work on /home/airflow/.local/lib/python3.12/site-packages/airflow/example_dags/example_setup_teardown_taskflow.py
[2026-05-25T07:23:47.486+0000] {processor.py:830} INFO - Processing file /home/airflow/.local/lib/python3.12/site-packages/airflow/example_dags/example_setup_teardown_taskflow.py for tasks to queue
[2026-05-25T07:23:47.500+0000] {logging_mixin.py:188} INFO - [2026-05-25T07:23:47.498+0000] {dagbag.py:545} INFO - Filling up the DagBag from /home/airflow/.local/lib/python3.12/site-packages/airflow/example_dags/example_setup_teardown_taskflow.py
[2026-05-25T07:23:47.546+0000] {processor.py:840} INFO - DAG(s) 'example_setup_teardown_taskflow' retrieved from /home/airflow/.local/lib/python3.12/site-packages/airflow/example_dags/example_setup_teardown_taskflow.py
[2026-05-25T07:23:47.644+0000] {logging_mixin.py:188} INFO - [2026-05-25T07:23:47.643+0000] {dag.py:3089} INFO - Sync 1 DAGs
[2026-05-25T07:23:47.721+0000] {logging_mixin.py:188} INFO - [2026-05-25T07:23:47.720+0000] {dag.py:3947} INFO - Setting next_dagrun for example_setup_teardown_taskflow to 2026-05-24 00:00:00+00:00, run_after=2026-05-25 00:00:00+00:00
[2026-05-25T07:23:47.777+0000] {processor.py:183} INFO - Processing /home/airflow/.local/lib/python3.12/site-packages/airflow/example_dags/example_setup_teardown_taskflow.py took 0.318 seconds
[2026-05-25T07:24:18.687+0000] {processor.py:161} INFO - Started process (PID=2292) to work on /home/airflow/.local/lib/python3.12/site-packages/airflow/example_dags/example_setup_teardown_taskflow.py
[2026-05-25T07:24:18.689+0000] {processor.py:830} INFO - Processing file /home/airflow/.local/lib/python3.12/site-packages/airflow/example_dags/example_setup_teardown_taskflow.py for tasks to queue
[2026-05-25T07:24:18.692+0000] {logging_mixin.py:188} INFO - [2026-05-25T07:24:18.692+0000] {dagbag.py:545} INFO - Filling up the DagBag from /home/airflow/.local/lib/python3.12/site-packages/airflow/example_dags/example_setup_teardown_taskflow.py
[2026-05-25T07:24:18.706+0000] {processor.py:840} INFO - DAG(s) 'example_setup_teardown_taskflow' retrieved from /home/airflow/.local/lib/python3.12/site-packages/airflow/example_dags/example_setup_teardown_taskflow.py
[2026-05-25T07:24:18.741+0000] {logging_mixin.py:188} INFO - [2026-05-25T07:24:18.741+0000] {dag.py:3089} INFO - Sync 1 DAGs
[2026-05-25T07:24:18.793+0000] {logging_mixin.py:188} INFO - [2026-05-25T07:24:18.793+0000] {dag.py:3947} INFO - Setting next_dagrun for example_setup_teardown_taskflow to 2026-05-24 00:00:00+00:00, run_after=2026-05-25 00:00:00+00:00
[2026-05-25T07:24:18.843+0000] {processor.py:183} INFO - Processing /home/airflow/.local/lib/python3.12/site-packages/airflow/example_dags/example_setup_teardown_taskflow.py took 0.165 seconds
[2026-05-25T07:24:48.934+0000] {processor.py:161} INFO - Started process (PID=2352) to work on /home/airflow/.local/lib/python3.12/site-packages/airflow/example_dags/example_setup_teardown_taskflow.py
[2026-05-25T07:24:48.936+0000] {processor.py:830} INFO - Processing file /home/airflow/.local/lib/python3.12/site-packages/airflow/example_dags/example_setup_teardown_taskflow.py for tasks to queue
[2026-05-25T07:24:48.939+0000] {logging_mixin.py:188} INFO - [2026-05-25T07:24:48.938+0000] {dagbag.py:545} INFO - Filling up the DagBag from /home/airflow/.local/lib/python3.12/site-packages/airflow/example_dags/example_setup_teardown_taskflow.py
[2026-05-25T07:24:48.952+0000] {processor.py:840} INFO - DAG(s) 'example_setup_teardown_taskflow' retrieved from /home/airflow/.local/lib/python3.12/site-packages/airflow/example_dags/example_setup_teardown_taskflow.py
[2026-05-25T07:24:48.985+0000] {logging_mixin.py:188} INFO - [2026-05-25T07:24:48.985+0000] {dag.py:3089} INFO - Sync 1 DAGs
[2026-05-25T07:24:49.017+0000] {logging_mixin.py:188} INFO - [2026-05-25T07:24:49.016+0000] {dag.py:3947} INFO - Setting next_dagrun for example_setup_teardown_taskflow to 2026-05-24 00:00:00+00:00, run_after=2026-05-25 00:00:00+00:00
[2026-05-25T07:24:49.045+0000] {processor.py:183} INFO - Processing /home/airflow/.local/lib/python3.12/site-packages/airflow/example_dags/example_setup_teardown_taskflow.py took 0.120 seconds
[2026-05-25T07:25:19.301+0000] {processor.py:161} INFO - Started process (PID=2412) to work on /home/airflow/.local/lib/python3.12/site-packages/airflow/example_dags/example_setup_teardown_taskflow.py
[2026-05-25T07:25:19.303+0000] {processor.py:830} INFO - Processing file /home/airflow/.local/lib/python3.12/site-packages/airflow/example_dags/example_setup_teardown_taskflow.py for tasks to queue
[2026-05-25T07:25:19.306+0000] {logging_mixin.py:188} INFO - [2026-05-25T07:25:19.305+0000] {dagbag.py:545} INFO - Filling up the DagBag from /home/airflow/.local/lib/python3.12/site-packages/airflow/example_dags/example_setup_teardown_taskflow.py
[2026-05-25T07:25:19.319+0000] {processor.py:840} INFO - DAG(s) 'example_setup_teardown_taskflow' retrieved from /home/airflow/.local/lib/python3.12/site-packages/airflow/example_dags/example_setup_teardown_taskflow.py
[2026-05-25T07:25:19.351+0000] {logging_mixin.py:188} INFO - [2026-05-25T07:25:19.351+0000] {dag.py:3089} INFO - Sync 1 DAGs
[2026-05-25T07:25:19.382+0000] {logging_mixin.py:188} INFO - [2026-05-25T07:25:19.382+0000] {dag.py:3947} INFO - Setting next_dagrun for example_setup_teardown_taskflow to 2026-05-24 00:00:00+00:00, run_after=2026-05-25 00:00:00+00:00
[2026-05-25T07:25:19.411+0000] {processor.py:183} INFO - Processing /home/airflow/.local/lib/python3.12/site-packages/airflow/example_dags/example_setup_teardown_taskflow.py took 0.118 seconds
[2026-05-25T07:25:50.278+0000] {processor.py:161} INFO - Started process (PID=2472) to work on /home/airflow/.local/lib/python3.12/site-packages/airflow/example_dags/example_setup_teardown_taskflow.py
[2026-05-25T07:25:50.279+0000] {processor.py:830} INFO - Processing file /home/airflow/.local/lib/python3.12/site-packages/airflow/example_dags/example_setup_teardown_taskflow.py for tasks to queue
[2026-05-25T07:25:50.283+0000] {logging_mixin.py:188} INFO - [2026-05-25T07:25:50.282+0000] {dagbag.py:545} INFO - Filling up the DagBag from /home/airflow/.local/lib/python3.12/site-packages/airflow/example_dags/example_setup_teardown_taskflow.py
[2026-05-25T07:25:50.296+0000] {processor.py:840} INFO - DAG(s) 'example_setup_teardown_taskflow' retrieved from /home/airflow/.local/lib/python3.12/site-packages/airflow/example_dags/example_setup_teardown_taskflow.py
[2026-05-25T07:25:50.331+0000] {logging_mixin.py:188} INFO - [2026-05-25T07:25:50.331+0000] {dag.py:3089} INFO - Sync 1 DAGs
[2026-05-25T07:25:50.363+0000] {logging_mixin.py:188} INFO - [2026-05-25T07:25:50.362+0000] {dag.py:3947} INFO - Setting next_dagrun for example_setup_teardown_taskflow to 2026-05-24 00:00:00+00:00, run_after=2026-05-25 00:00:00+00:00
[2026-05-25T07:25:50.391+0000] {processor.py:183} INFO - Processing /home/airflow/.local/lib/python3.12/site-packages/airflow/example_dags/example_setup_teardown_taskflow.py took 0.122 seconds
[2026-05-25T07:26:20.775+0000] {processor.py:161} INFO - Started process (PID=2532) to work on /home/airflow/.local/lib/python3.12/site-packages/airflow/example_dags/example_setup_teardown_taskflow.py
[2026-05-25T07:26:20.776+0000] {processor.py:830} INFO - Processing file /home/airflow/.local/lib/python3.12/site-packages/airflow/example_dags/example_setup_teardown_taskflow.py for tasks to queue
[2026-05-25T07:26:20.780+0000] {logging_mixin.py:188} INFO - [2026-05-25T07:26:20.779+0000] {dagbag.py:545} INFO - Filling up the DagBag from /home/airflow/.local/lib/python3.12/site-packages/airflow/example_dags/example_setup_teardown_taskflow.py
[2026-05-25T07:26:20.792+0000] {processor.py:840} INFO - DAG(s) 'example_setup_teardown_taskflow' retrieved from /home/airflow/.local/lib/python3.12/site-packages/airflow/example_dags/example_setup_teardown_taskflow.py
[2026-05-25T07:26:20.832+0000] {logging_mixin.py:188} INFO - [2026-05-25T07:26:20.831+0000] {dag.py:3089} INFO - Sync 1 DAGs
[2026-05-25T07:26:20.870+0000] {logging_mixin.py:188} INFO - [2026-05-25T07:26:20.870+0000] {dag.py:3947} INFO - Setting next_dagrun for example_setup_teardown_taskflow to 2026-05-24 00:00:00+00:00, run_after=2026-05-25 00:00:00+00:00
[2026-05-25T07:26:20.898+0000] {processor.py:183} INFO - Processing /home/airflow/.local/lib/python3.12/site-packages/airflow/example_dags/example_setup_teardown_taskflow.py took 0.133 seconds
[2026-05-25T07:26:51.564+0000] {processor.py:161} INFO - Started process (PID=2591) to work on /home/airflow/.local/lib/python3.12/site-packages/airflow/example_dags/example_setup_teardown_taskflow.py
[2026-05-25T07:26:51.566+0000] {processor.py:830} INFO - Processing file /home/airflow/.local/lib/python3.12/site-packages/airflow/example_dags/example_setup_teardown_taskflow.py for tasks to queue
[2026-05-25T07:26:51.569+0000] {logging_mixin.py:188} INFO - [2026-05-25T07:26:51.568+0000] {dagbag.py:545} INFO - Filling up the DagBag from /home/airflow/.local/lib/python3.12/site-packages/airflow/example_dags/example_setup_teardown_taskflow.py
[2026-05-25T07:26:51.583+0000] {processor.py:840} INFO - DAG(s) 'example_setup_teardown_taskflow' retrieved from /home/airflow/.local/lib/python3.12/site-packages/airflow/example_dags/example_setup_teardown_taskflow.py
[2026-05-25T07:26:51.616+0000] {logging_mixin.py:188} INFO - [2026-05-25T07:26:51.615+0000] {dag.py:3089} INFO - Sync 1 DAGs
[2026-05-25T07:26:51.652+0000] {logging_mixin.py:188} INFO - [2026-05-25T07:26:51.651+0000] {dag.py:3947} INFO - Setting next_dagrun for example_setup_teardown_taskflow to 2026-05-24 00:00:00+00:00, run_after=2026-05-25 00:00:00+00:00
[2026-05-25T07:26:51.684+0000] {processor.py:183} INFO - Processing /home/airflow/.local/lib/python3.12/site-packages/airflow/example_dags/example_setup_teardown_taskflow.py took 0.129 seconds
[2026-05-25T07:27:21.907+0000] {processor.py:161} INFO - Started process (PID=2651) to work on /home/airflow/.local/lib/python3.12/site-packages/airflow/example_dags/example_setup_teardown_taskflow.py
[2026-05-25T07:27:21.911+0000] {processor.py:830} INFO - Processing file /home/airflow/.local/lib/python3.12/site-packages/airflow/example_dags/example_setup_teardown_taskflow.py for tasks to queue
[2026-05-25T07:27:21.920+0000] {logging_mixin.py:188} INFO - [2026-05-25T07:27:21.920+0000] {dagbag.py:545} INFO - Filling up the DagBag from /home/airflow/.local/lib/python3.12/site-packages/airflow/example_dags/example_setup_teardown_taskflow.py
[2026-05-25T07:27:21.946+0000] {processor.py:840} INFO - DAG(s) 'example_setup_teardown_taskflow' retrieved from /home/airflow/.local/lib/python3.12/site-packages/airflow/example_dags/example_setup_teardown_taskflow.py
[2026-05-25T07:27:21.986+0000] {logging_mixin.py:188} INFO - [2026-05-25T07:27:21.986+0000] {dag.py:3089} INFO - Sync 1 DAGs
[2026-05-25T07:27:22.055+0000] {logging_mixin.py:188} INFO - [2026-05-25T07:27:22.055+0000] {dag.py:3947} INFO - Setting next_dagrun for example_setup_teardown_taskflow to 2026-05-24 00:00:00+00:00, run_after=2026-05-25 00:00:00+00:00
[2026-05-25T07:27:22.108+0000] {processor.py:183} INFO - Processing /home/airflow/.local/lib/python3.12/site-packages/airflow/example_dags/example_setup_teardown_taskflow.py took 0.220 seconds
[2026-05-25T07:27:52.291+0000] {processor.py:161} INFO - Started process (PID=2711) to work on /home/airflow/.local/lib/python3.12/site-packages/airflow/example_dags/example_setup_teardown_taskflow.py
[2026-05-25T07:27:52.293+0000] {processor.py:830} INFO - Processing file /home/airflow/.local/lib/python3.12/site-packages/airflow/example_dags/example_setup_teardown_taskflow.py for tasks to queue
[2026-05-25T07:27:52.299+0000] {logging_mixin.py:188} INFO - [2026-05-25T07:27:52.297+0000] {dagbag.py:545} INFO - Filling up the DagBag from /home/airflow/.local/lib/python3.12/site-packages/airflow/example_dags/example_setup_teardown_taskflow.py
[2026-05-25T07:27:52.329+0000] {processor.py:840} INFO - DAG(s) 'example_setup_teardown_taskflow' retrieved from /home/airflow/.local/lib/python3.12/site-packages/airflow/example_dags/example_setup_teardown_taskflow.py
[2026-05-25T07:27:52.371+0000] {logging_mixin.py:188} INFO - [2026-05-25T07:27:52.370+0000] {dag.py:3089} INFO - Sync 1 DAGs
[2026-05-25T07:27:52.432+0000] {logging_mixin.py:188} INFO - [2026-05-25T07:27:52.431+0000] {dag.py:3947} INFO - Setting next_dagrun for example_setup_teardown_taskflow to 2026-05-24 00:00:00+00:00, run_after=2026-05-25 00:00:00+00:00
[2026-05-25T07:27:52.487+0000] {processor.py:183} INFO - Processing /home/airflow/.local/lib/python3.12/site-packages/airflow/example_dags/example_setup_teardown_taskflow.py took 0.214 seconds
[2026-05-25T07:28:22.968+0000] {processor.py:161} INFO - Started process (PID=2771) to work on /home/airflow/.local/lib/python3.12/site-packages/airflow/example_dags/example_setup_teardown_taskflow.py
[2026-05-25T07:28:22.973+0000] {processor.py:830} INFO - Processing file /home/airflow/.local/lib/python3.12/site-packages/airflow/example_dags/example_setup_teardown_taskflow.py for tasks to queue
[2026-05-25T07:28:22.986+0000] {logging_mixin.py:188} INFO - [2026-05-25T07:28:22.985+0000] {dagbag.py:545} INFO - Filling up the DagBag from /home/airflow/.local/lib/python3.12/site-packages/airflow/example_dags/example_setup_teardown_taskflow.py
[2026-05-25T07:28:23.024+0000] {processor.py:840} INFO - DAG(s) 'example_setup_teardown_taskflow' retrieved from /home/airflow/.local/lib/python3.12/site-packages/airflow/example_dags/example_setup_teardown_taskflow.py
[2026-05-25T07:28:23.101+0000] {logging_mixin.py:188} INFO - [2026-05-25T07:28:23.101+0000] {dag.py:3089} INFO - Sync 1 DAGs
[2026-05-25T07:28:23.238+0000] {logging_mixin.py:188} INFO - [2026-05-25T07:28:23.238+0000] {dag.py:3947} INFO - Setting next_dagrun for example_setup_teardown_taskflow to 2026-05-24 00:00:00+00:00, run_after=2026-05-25 00:00:00+00:00
[2026-05-25T07:28:23.319+0000] {processor.py:183} INFO - Processing /home/airflow/.local/lib/python3.12/site-packages/airflow/example_dags/example_setup_teardown_taskflow.py took 0.375 seconds
[2026-05-25T07:28:53.813+0000] {processor.py:161} INFO - Started process (PID=2831) to work on /home/airflow/.local/lib/python3.12/site-packages/airflow/example_dags/example_setup_teardown_taskflow.py
[2026-05-25T07:28:53.814+0000] {processor.py:830} INFO - Processing file /home/airflow/.local/lib/python3.12/site-packages/airflow/example_dags/example_setup_teardown_taskflow.py for tasks to queue
[2026-05-25T07:28:53.817+0000] {logging_mixin.py:188} INFO - [2026-05-25T07:28:53.817+0000] {dagbag.py:545} INFO - Filling up the DagBag from /home/airflow/.local/lib/python3.12/site-packages/airflow/example_dags/example_setup_teardown_taskflow.py
[2026-05-25T07:28:53.831+0000] {processor.py:840} INFO - DAG(s) 'example_setup_teardown_taskflow' retrieved from /home/airflow/.local/lib/python3.12/site-packages/airflow/example_dags/example_setup_teardown_taskflow.py
[2026-05-25T07:28:53.865+0000] {logging_mixin.py:188} INFO - [2026-05-25T07:28:53.864+0000] {dag.py:3089} INFO - Sync 1 DAGs
[2026-05-25T07:28:53.899+0000] {logging_mixin.py:188} INFO - [2026-05-25T07:28:53.898+0000] {dag.py:3947} INFO - Setting next_dagrun for example_setup_teardown_taskflow to 2026-05-24 00:00:00+00:00, run_after=2026-05-25 00:00:00+00:00
[2026-05-25T07:28:53.931+0000] {processor.py:183} INFO - Processing /home/airflow/.local/lib/python3.12/site-packages/airflow/example_dags/example_setup_teardown_taskflow.py took 0.127 seconds
[2026-05-25T07:29:24.018+0000] {processor.py:161} INFO - Started process (PID=2891) to work on /home/airflow/.local/lib/python3.12/site-packages/airflow/example_dags/example_setup_teardown_taskflow.py
[2026-05-25T07:29:24.020+0000] {processor.py:830} INFO - Processing file /home/airflow/.local/lib/python3.12/site-packages/airflow/example_dags/example_setup_teardown_taskflow.py for tasks to queue
[2026-05-25T07:29:24.023+0000] {logging_mixin.py:188} INFO - [2026-05-25T07:29:24.022+0000] {dagbag.py:545} INFO - Filling up the DagBag from /home/airflow/.local/lib/python3.12/site-packages/airflow/example_dags/example_setup_teardown_taskflow.py
[2026-05-25T07:29:24.036+0000] {processor.py:840} INFO - DAG(s) 'example_setup_teardown_taskflow' retrieved from /home/airflow/.local/lib/python3.12/site-packages/airflow/example_dags/example_setup_teardown_taskflow.py
[2026-05-25T07:29:24.069+0000] {logging_mixin.py:188} INFO - [2026-05-25T07:29:24.069+0000] {dag.py:3089} INFO - Sync 1 DAGs
[2026-05-25T07:29:24.102+0000] {logging_mixin.py:188} INFO - [2026-05-25T07:29:24.101+0000] {dag.py:3947} INFO - Setting next_dagrun for example_setup_teardown_taskflow to 2026-05-24 00:00:00+00:00, run_after=2026-05-25 00:00:00+00:00
[2026-05-25T07:29:24.132+0000] {processor.py:183} INFO - Processing /home/airflow/.local/lib/python3.12/site-packages/airflow/example_dags/example_setup_teardown_taskflow.py took 0.124 seconds
[2026-05-25T07:29:54.435+0000] {processor.py:161} INFO - Started process (PID=2951) to work on /home/airflow/.local/lib/python3.12/site-packages/airflow/example_dags/example_setup_teardown_taskflow.py
[2026-05-25T07:29:54.437+0000] {processor.py:830} INFO - Processing file /home/airflow/.local/lib/python3.12/site-packages/airflow/example_dags/example_setup_teardown_taskflow.py for tasks to queue
[2026-05-25T07:29:54.441+0000] {logging_mixin.py:188} INFO - [2026-05-25T07:29:54.440+0000] {dagbag.py:545} INFO - Filling up the DagBag from /home/airflow/.local/lib/python3.12/site-packages/airflow/example_dags/example_setup_teardown_taskflow.py
[2026-05-25T07:29:54.463+0000] {processor.py:840} INFO - DAG(s) 'example_setup_teardown_taskflow' retrieved from /home/airflow/.local/lib/python3.12/site-packages/airflow/example_dags/example_setup_teardown_taskflow.py
[2026-05-25T07:29:54.513+0000] {logging_mixin.py:188} INFO - [2026-05-25T07:29:54.513+0000] {dag.py:3089} INFO - Sync 1 DAGs
[2026-05-25T07:29:54.546+0000] {logging_mixin.py:188} INFO - [2026-05-25T07:29:54.545+0000] {dag.py:3947} INFO - Setting next_dagrun for example_setup_teardown_taskflow to 2026-05-24 00:00:00+00:00, run_after=2026-05-25 00:00:00+00:00
[2026-05-25T07:29:54.574+0000] {processor.py:183} INFO - Processing /home/airflow/.local/lib/python3.12/site-packages/airflow/example_dags/example_setup_teardown_taskflow.py took 0.154 seconds
[2026-05-25T07:30:24.729+0000] {processor.py:161} INFO - Started process (PID=3011) to work on /home/airflow/.local/lib/python3.12/site-packages/airflow/example_dags/example_setup_teardown_taskflow.py
[2026-05-25T07:30:24.731+0000] {processor.py:830} INFO - Processing file /home/airflow/.local/lib/python3.12/site-packages/airflow/example_dags/example_setup_teardown_taskflow.py for tasks to queue
[2026-05-25T07:30:24.734+0000] {logging_mixin.py:188} INFO - [2026-05-25T07:30:24.734+0000] {dagbag.py:545} INFO - Filling up the DagBag from /home/airflow/.local/lib/python3.12/site-packages/airflow/example_dags/example_setup_teardown_taskflow.py
[2026-05-25T07:30:24.748+0000] {processor.py:840} INFO - DAG(s) 'example_setup_teardown_taskflow' retrieved from /home/airflow/.local/lib/python3.12/site-packages/airflow/example_dags/example_setup_teardown_taskflow.py
[2026-05-25T07:30:24.781+0000] {logging_mixin.py:188} INFO - [2026-05-25T07:30:24.780+0000] {dag.py:3089} INFO - Sync 1 DAGs
[2026-05-25T07:30:24.813+0000] {logging_mixin.py:188} INFO - [2026-05-25T07:30:24.812+0000] {dag.py:3947} INFO - Setting next_dagrun for example_setup_teardown_taskflow to 2026-05-24 00:00:00+00:00, run_after=2026-05-25 00:00:00+00:00
[2026-05-25T07:30:24.842+0000] {processor.py:183} INFO - Processing /home/airflow/.local/lib/python3.12/site-packages/airflow/example_dags/example_setup_teardown_taskflow.py took 0.121 seconds
[2026-05-25T07:30:55.296+0000] {processor.py:161} INFO - Started process (PID=3071) to work on /home/airflow/.local/lib/python3.12/site-packages/airflow/example_dags/example_setup_teardown_taskflow.py
[2026-05-25T07:30:55.299+0000] {processor.py:830} INFO - Processing file /home/airflow/.local/lib/python3.12/site-packages/airflow/example_dags/example_setup_teardown_taskflow.py for tasks to queue
[2026-05-25T07:30:55.307+0000] {logging_mixin.py:188} INFO - [2026-05-25T07:30:55.305+0000] {dagbag.py:545} INFO - Filling up the DagBag from /home/airflow/.local/lib/python3.12/site-packages/airflow/example_dags/example_setup_teardown_taskflow.py
[2026-05-25T07:30:55.328+0000] {processor.py:840} INFO - DAG(s) 'example_setup_teardown_taskflow' retrieved from /home/airflow/.local/lib/python3.12/site-packages/airflow/example_dags/example_setup_teardown_taskflow.py
[2026-05-25T07:30:55.371+0000] {logging_mixin.py:188} INFO - [2026-05-25T07:30:55.371+0000] {dag.py:3089} INFO - Sync 1 DAGs
[2026-05-25T07:30:55.412+0000] {logging_mixin.py:188} INFO - [2026-05-25T07:30:55.411+0000] {dag.py:3947} INFO - Setting next_dagrun for example_setup_teardown_taskflow to 2026-05-24 00:00:00+00:00, run_after=2026-05-25 00:00:00+00:00
[2026-05-25T07:30:55.445+0000] {processor.py:183} INFO - Processing /home/airflow/.local/lib/python3.12/site-packages/airflow/example_dags/example_setup_teardown_taskflow.py took 0.165 seconds
[2026-05-25T07:31:25.788+0000] {processor.py:161} INFO - Started process (PID=3131) to work on /home/airflow/.local/lib/python3.12/site-packages/airflow/example_dags/example_setup_teardown_taskflow.py
[2026-05-25T07:31:25.790+0000] {processor.py:830} INFO - Processing file /home/airflow/.local/lib/python3.12/site-packages/airflow/example_dags/example_setup_teardown_taskflow.py for tasks to queue
[2026-05-25T07:31:25.793+0000] {logging_mixin.py:188} INFO - [2026-05-25T07:31:25.792+0000] {dagbag.py:545} INFO - Filling up the DagBag from /home/airflow/.local/lib/python3.12/site-packages/airflow/example_dags/example_setup_teardown_taskflow.py
[2026-05-25T07:31:25.808+0000] {processor.py:840} INFO - DAG(s) 'example_setup_teardown_taskflow' retrieved from /home/airflow/.local/lib/python3.12/site-packages/airflow/example_dags/example_setup_teardown_taskflow.py
[2026-05-25T07:31:25.845+0000] {logging_mixin.py:188} INFO - [2026-05-25T07:31:25.845+0000] {dag.py:3089} INFO - Sync 1 DAGs
[2026-05-25T07:31:25.883+0000] {logging_mixin.py:188} INFO - [2026-05-25T07:31:25.883+0000] {dag.py:3947} INFO - Setting next_dagrun for example_setup_teardown_taskflow to 2026-05-24 00:00:00+00:00, run_after=2026-05-25 00:00:00+00:00
[2026-05-25T07:31:25.918+0000] {processor.py:183} INFO - Processing /home/airflow/.local/lib/python3.12/site-packages/airflow/example_dags/example_setup_teardown_taskflow.py took 0.139 seconds
[2026-05-25T07:31:56.558+0000] {processor.py:161} INFO - Started process (PID=3191) to work on /home/airflow/.local/lib/python3.12/site-packages/airflow/example_dags/example_setup_teardown_taskflow.py
[2026-05-25T07:31:56.560+0000] {processor.py:830} INFO - Processing file /home/airflow/.local/lib/python3.12/site-packages/airflow/example_dags/example_setup_teardown_taskflow.py for tasks to queue
[2026-05-25T07:31:56.563+0000] {logging_mixin.py:188} INFO - [2026-05-25T07:31:56.562+0000] {dagbag.py:545} INFO - Filling up the DagBag from /home/airflow/.local/lib/python3.12/site-packages/airflow/example_dags/example_setup_teardown_taskflow.py
[2026-05-25T07:31:56.577+0000] {processor.py:840} INFO - DAG(s) 'example_setup_teardown_taskflow' retrieved from /home/airflow/.local/lib/python3.12/site-packages/airflow/example_dags/example_setup_teardown_taskflow.py
[2026-05-25T07:31:56.613+0000] {logging_mixin.py:188} INFO - [2026-05-25T07:31:56.612+0000] {dag.py:3089} INFO - Sync 1 DAGs
[2026-05-25T07:31:56.658+0000] {logging_mixin.py:188} INFO - [2026-05-25T07:31:56.657+0000] {dag.py:3947} INFO - Setting next_dagrun for example_setup_teardown_taskflow to 2026-05-24 00:00:00+00:00, run_after=2026-05-25 00:00:00+00:00
[2026-05-25T07:31:56.694+0000] {processor.py:183} INFO - Processing /home/airflow/.local/lib/python3.12/site-packages/airflow/example_dags/example_setup_teardown_taskflow.py took 0.148 seconds
[2026-05-25T07:32:27.032+0000] {processor.py:161} INFO - Started process (PID=3251) to work on /home/airflow/.local/lib/python3.12/site-packages/airflow/example_dags/example_setup_teardown_taskflow.py
[2026-05-25T07:32:27.033+0000] {processor.py:830} INFO - Processing file /home/airflow/.local/lib/python3.12/site-packages/airflow/example_dags/example_setup_teardown_taskflow.py for tasks to queue
[2026-05-25T07:32:27.037+0000] {logging_mixin.py:188} INFO - [2026-05-25T07:32:27.036+0000] {dagbag.py:545} INFO - Filling up the DagBag from /home/airflow/.local/lib/python3.12/site-packages/airflow/example_dags/example_setup_teardown_taskflow.py
[2026-05-25T07:32:27.051+0000] {processor.py:840} INFO - DAG(s) 'example_setup_teardown_taskflow' retrieved from /home/airflow/.local/lib/python3.12/site-packages/airflow/example_dags/example_setup_teardown_taskflow.py
[2026-05-25T07:32:27.093+0000] {logging_mixin.py:188} INFO - [2026-05-25T07:32:27.092+0000] {dag.py:3089} INFO - Sync 1 DAGs
[2026-05-25T07:32:27.125+0000] {logging_mixin.py:188} INFO - [2026-05-25T07:32:27.124+0000] {dag.py:3947} INFO - Setting next_dagrun for example_setup_teardown_taskflow to 2026-05-24 00:00:00+00:00, run_after=2026-05-25 00:00:00+00:00
[2026-05-25T07:32:27.157+0000] {processor.py:183} INFO - Processing /home/airflow/.local/lib/python3.12/site-packages/airflow/example_dags/example_setup_teardown_taskflow.py took 0.135 seconds
[2026-05-25T07:32:57.638+0000] {processor.py:161} INFO - Started process (PID=3311) to work on /home/airflow/.local/lib/python3.12/site-packages/airflow/example_dags/example_setup_teardown_taskflow.py
[2026-05-25T07:32:57.639+0000] {processor.py:830} INFO - Processing file /home/airflow/.local/lib/python3.12/site-packages/airflow/example_dags/example_setup_teardown_taskflow.py for tasks to queue
[2026-05-25T07:32:57.642+0000] {logging_mixin.py:188} INFO - [2026-05-25T07:32:57.642+0000] {dagbag.py:545} INFO - Filling up the DagBag from /home/airflow/.local/lib/python3.12/site-packages/airflow/example_dags/example_setup_teardown_taskflow.py
[2026-05-25T07:32:57.656+0000] {processor.py:840} INFO - DAG(s) 'example_setup_teardown_taskflow' retrieved from /home/airflow/.local/lib/python3.12/site-packages/airflow/example_dags/example_setup_teardown_taskflow.py
[2026-05-25T07:32:57.690+0000] {logging_mixin.py:188} INFO - [2026-05-25T07:32:57.689+0000] {dag.py:3089} INFO - Sync 1 DAGs
[2026-05-25T07:32:57.725+0000] {logging_mixin.py:188} INFO - [2026-05-25T07:32:57.724+0000] {dag.py:3947} INFO - Setting next_dagrun for example_setup_teardown_taskflow to 2026-05-24 00:00:00+00:00, run_after=2026-05-25 00:00:00+00:00
[2026-05-25T07:32:57.753+0000] {processor.py:183} INFO - Processing /home/airflow/.local/lib/python3.12/site-packages/airflow/example_dags/example_setup_teardown_taskflow.py took 0.125 seconds
[2026-05-25T07:33:28.030+0000] {processor.py:161} INFO - Started process (PID=3371) to work on /home/airflow/.local/lib/python3.12/site-packages/airflow/example_dags/example_setup_teardown_taskflow.py
[2026-05-25T07:33:28.033+0000] {processor.py:830} INFO - Processing file /home/airflow/.local/lib/python3.12/site-packages/airflow/example_dags/example_setup_teardown_taskflow.py for tasks to queue
[2026-05-25T07:33:28.056+0000] {logging_mixin.py:188} INFO - [2026-05-25T07:33:28.055+0000] {dagbag.py:545} INFO - Filling up the DagBag from /home/airflow/.local/lib/python3.12/site-packages/airflow/example_dags/example_setup_teardown_taskflow.py
[2026-05-25T07:33:28.126+0000] {processor.py:840} INFO - DAG(s) 'example_setup_teardown_taskflow' retrieved from /home/airflow/.local/lib/python3.12/site-packages/airflow/example_dags/example_setup_teardown_taskflow.py
[2026-05-25T07:33:28.223+0000] {logging_mixin.py:188} INFO - [2026-05-25T07:33:28.223+0000] {dag.py:3089} INFO - Sync 1 DAGs
[2026-05-25T07:33:28.297+0000] {logging_mixin.py:188} INFO - [2026-05-25T07:33:28.296+0000] {dag.py:3947} INFO - Setting next_dagrun for example_setup_teardown_taskflow to 2026-05-24 00:00:00+00:00, run_after=2026-05-25 00:00:00+00:00
[2026-05-25T07:33:28.346+0000] {processor.py:183} INFO - Processing /home/airflow/.local/lib/python3.12/site-packages/airflow/example_dags/example_setup_teardown_taskflow.py took 0.334 seconds
[2026-05-25T07:33:58.722+0000] {processor.py:161} INFO - Started process (PID=3429) to work on /home/airflow/.local/lib/python3.12/site-packages/airflow/example_dags/example_setup_teardown_taskflow.py
[2026-05-25T07:33:58.723+0000] {processor.py:830} INFO - Processing file /home/airflow/.local/lib/python3.12/site-packages/airflow/example_dags/example_setup_teardown_taskflow.py for tasks to queue
[2026-05-25T07:33:58.726+0000] {logging_mixin.py:188} INFO - [2026-05-25T07:33:58.726+0000] {dagbag.py:545} INFO - Filling up the DagBag from /home/airflow/.local/lib/python3.12/site-packages/airflow/example_dags/example_setup_teardown_taskflow.py
[2026-05-25T07:33:58.740+0000] {processor.py:840} INFO - DAG(s) 'example_setup_teardown_taskflow' retrieved from /home/airflow/.local/lib/python3.12/site-packages/airflow/example_dags/example_setup_teardown_taskflow.py
[2026-05-25T07:33:58.777+0000] {logging_mixin.py:188} INFO - [2026-05-25T07:33:58.776+0000] {dag.py:3089} INFO - Sync 1 DAGs
[2026-05-25T07:33:58.809+0000] {logging_mixin.py:188} INFO - [2026-05-25T07:33:58.808+0000] {dag.py:3947} INFO - Setting next_dagrun for example_setup_teardown_taskflow to 2026-05-24 00:00:00+00:00, run_after=2026-05-25 00:00:00+00:00
[2026-05-25T07:33:58.842+0000] {processor.py:183} INFO - Processing /home/airflow/.local/lib/python3.12/site-packages/airflow/example_dags/example_setup_teardown_taskflow.py took 0.131 seconds
[2026-05-25T07:34:29.454+0000] {processor.py:161} INFO - Started process (PID=3489) to work on /home/airflow/.local/lib/python3.12/site-packages/airflow/example_dags/example_setup_teardown_taskflow.py
[2026-05-25T07:34:29.455+0000] {processor.py:830} INFO - Processing file /home/airflow/.local/lib/python3.12/site-packages/airflow/example_dags/example_setup_teardown_taskflow.py for tasks to queue
[2026-05-25T07:34:29.459+0000] {logging_mixin.py:188} INFO - [2026-05-25T07:34:29.459+0000] {dagbag.py:545} INFO - Filling up the DagBag from /home/airflow/.local/lib/python3.12/site-packages/airflow/example_dags/example_setup_teardown_taskflow.py
[2026-05-25T07:34:29.473+0000] {processor.py:840} INFO - DAG(s) 'example_setup_teardown_taskflow' retrieved from /home/airflow/.local/lib/python3.12/site-packages/airflow/example_dags/example_setup_teardown_taskflow.py
[2026-05-25T07:34:29.508+0000] {logging_mixin.py:188} INFO - [2026-05-25T07:34:29.507+0000] {dag.py:3089} INFO - Sync 1 DAGs
[2026-05-25T07:34:29.545+0000] {logging_mixin.py:188} INFO - [2026-05-25T07:34:29.544+0000] {dag.py:3947} INFO - Setting next_dagrun for example_setup_teardown_taskflow to 2026-05-24 00:00:00+00:00, run_after=2026-05-25 00:00:00+00:00
[2026-05-25T07:34:29.575+0000] {processor.py:183} INFO - Processing /home/airflow/.local/lib/python3.12/site-packages/airflow/example_dags/example_setup_teardown_taskflow.py took 0.130 seconds
[2026-05-25T07:35:00.140+0000] {processor.py:161} INFO - Started process (PID=3549) to work on /home/airflow/.local/lib/python3.12/site-packages/airflow/example_dags/example_setup_teardown_taskflow.py
[2026-05-25T07:35:00.142+0000] {processor.py:830} INFO - Processing file /home/airflow/.local/lib/python3.12/site-packages/airflow/example_dags/example_setup_teardown_taskflow.py for tasks to queue
[2026-05-25T07:35:00.145+0000] {logging_mixin.py:188} INFO - [2026-05-25T07:35:00.145+0000] {dagbag.py:545} INFO - Filling up the DagBag from /home/airflow/.local/lib/python3.12/site-packages/airflow/example_dags/example_setup_teardown_taskflow.py
[2026-05-25T07:35:00.165+0000] {processor.py:840} INFO - DAG(s) 'example_setup_teardown_taskflow' retrieved from /home/airflow/.local/lib/python3.12/site-packages/airflow/example_dags/example_setup_teardown_taskflow.py
[2026-05-25T07:35:00.200+0000] {logging_mixin.py:188} INFO - [2026-05-25T07:35:00.199+0000] {dag.py:3089} INFO - Sync 1 DAGs
[2026-05-25T07:35:00.238+0000] {logging_mixin.py:188} INFO - [2026-05-25T07:35:00.237+0000] {dag.py:3947} INFO - Setting next_dagrun for example_setup_teardown_taskflow to 2026-05-24 00:00:00+00:00, run_after=2026-05-25 00:00:00+00:00
[2026-05-25T07:35:00.280+0000] {processor.py:183} INFO - Processing /home/airflow/.local/lib/python3.12/site-packages/airflow/example_dags/example_setup_teardown_taskflow.py took 0.150 seconds
[2026-05-25T07:35:30.822+0000] {processor.py:161} INFO - Started process (PID=3609) to work on /home/airflow/.local/lib/python3.12/site-packages/airflow/example_dags/example_setup_teardown_taskflow.py
[2026-05-25T07:35:30.828+0000] {processor.py:830} INFO - Processing file /home/airflow/.local/lib/python3.12/site-packages/airflow/example_dags/example_setup_teardown_taskflow.py for tasks to queue
[2026-05-25T07:35:30.835+0000] {logging_mixin.py:188} INFO - [2026-05-25T07:35:30.834+0000] {dagbag.py:545} INFO - Filling up the DagBag from /home/airflow/.local/lib/python3.12/site-packages/airflow/example_dags/example_setup_teardown_taskflow.py
[2026-05-25T07:35:30.869+0000] {processor.py:840} INFO - DAG(s) 'example_setup_teardown_taskflow' retrieved from /home/airflow/.local/lib/python3.12/site-packages/airflow/example_dags/example_setup_teardown_taskflow.py
[2026-05-25T07:35:30.937+0000] {logging_mixin.py:188} INFO - [2026-05-25T07:35:30.937+0000] {dag.py:3089} INFO - Sync 1 DAGs
[2026-05-25T07:35:31.006+0000] {logging_mixin.py:188} INFO - [2026-05-25T07:35:31.006+0000] {dag.py:3947} INFO - Setting next_dagrun for example_setup_teardown_taskflow to 2026-05-24 00:00:00+00:00, run_after=2026-05-25 00:00:00+00:00
[2026-05-25T07:35:31.047+0000] {processor.py:183} INFO - Processing /home/airflow/.local/lib/python3.12/site-packages/airflow/example_dags/example_setup_teardown_taskflow.py took 0.253 seconds
[2026-05-25T07:36:01.879+0000] {processor.py:161} INFO - Started process (PID=3669) to work on /home/airflow/.local/lib/python3.12/site-packages/airflow/example_dags/example_setup_teardown_taskflow.py
[2026-05-25T07:36:01.882+0000] {processor.py:830} INFO - Processing file /home/airflow/.local/lib/python3.12/site-packages/airflow/example_dags/example_setup_teardown_taskflow.py for tasks to queue
[2026-05-25T07:36:01.887+0000] {logging_mixin.py:188} INFO - [2026-05-25T07:36:01.886+0000] {dagbag.py:545} INFO - Filling up the DagBag from /home/airflow/.local/lib/python3.12/site-packages/airflow/example_dags/example_setup_teardown_taskflow.py
[2026-05-25T07:36:01.918+0000] {processor.py:840} INFO - DAG(s) 'example_setup_teardown_taskflow' retrieved from /home/airflow/.local/lib/python3.12/site-packages/airflow/example_dags/example_setup_teardown_taskflow.py
[2026-05-25T07:36:01.978+0000] {logging_mixin.py:188} INFO - [2026-05-25T07:36:01.977+0000] {dag.py:3089} INFO - Sync 1 DAGs
[2026-05-25T07:36:02.098+0000] {logging_mixin.py:188} INFO - [2026-05-25T07:36:02.097+0000] {dag.py:3947} INFO - Setting next_dagrun for example_setup_teardown_taskflow to 2026-05-24 00:00:00+00:00, run_after=2026-05-25 00:00:00+00:00
[2026-05-25T07:36:02.219+0000] {processor.py:183} INFO - Processing /home/airflow/.local/lib/python3.12/site-packages/airflow/example_dags/example_setup_teardown_taskflow.py took 0.359 seconds
[2026-05-25T07:36:32.721+0000] {processor.py:161} INFO - Started process (PID=3729) to work on /home/airflow/.local/lib/python3.12/site-packages/airflow/example_dags/example_setup_teardown_taskflow.py
[2026-05-25T07:36:32.727+0000] {processor.py:830} INFO - Processing file /home/airflow/.local/lib/python3.12/site-packages/airflow/example_dags/example_setup_teardown_taskflow.py for tasks to queue
[2026-05-25T07:36:32.731+0000] {logging_mixin.py:188} INFO - [2026-05-25T07:36:32.731+0000] {dagbag.py:545} INFO - Filling up the DagBag from /home/airflow/.local/lib/python3.12/site-packages/airflow/example_dags/example_setup_teardown_taskflow.py
[2026-05-25T07:36:32.754+0000] {processor.py:840} INFO - DAG(s) 'example_setup_teardown_taskflow' retrieved from /home/airflow/.local/lib/python3.12/site-packages/airflow/example_dags/example_setup_teardown_taskflow.py
[2026-05-25T07:36:32.806+0000] {logging_mixin.py:188} INFO - [2026-05-25T07:36:32.806+0000] {dag.py:3089} INFO - Sync 1 DAGs
[2026-05-25T07:36:32.859+0000] {logging_mixin.py:188} INFO - [2026-05-25T07:36:32.859+0000] {dag.py:3947} INFO - Setting next_dagrun for example_setup_teardown_taskflow to 2026-05-24 00:00:00+00:00, run_after=2026-05-25 00:00:00+00:00
[2026-05-25T07:36:32.914+0000] {processor.py:183} INFO - Processing /home/airflow/.local/lib/python3.12/site-packages/airflow/example_dags/example_setup_teardown_taskflow.py took 0.209 seconds
[2026-05-25T07:37:03.036+0000] {processor.py:161} INFO - Started process (PID=3789) to work on /home/airflow/.local/lib/python3.12/site-packages/airflow/example_dags/example_setup_teardown_taskflow.py
[2026-05-25T07:37:03.038+0000] {processor.py:830} INFO - Processing file /home/airflow/.local/lib/python3.12/site-packages/airflow/example_dags/example_setup_teardown_taskflow.py for tasks to queue
[2026-05-25T07:37:03.041+0000] {logging_mixin.py:188} INFO - [2026-05-25T07:37:03.041+0000] {dagbag.py:545} INFO - Filling up the DagBag from /home/airflow/.local/lib/python3.12/site-packages/airflow/example_dags/example_setup_teardown_taskflow.py
[2026-05-25T07:37:03.061+0000] {processor.py:840} INFO - DAG(s) 'example_setup_teardown_taskflow' retrieved from /home/airflow/.local/lib/python3.12/site-packages/airflow/example_dags/example_setup_teardown_taskflow.py
[2026-05-25T07:37:03.116+0000] {logging_mixin.py:188} INFO - [2026-05-25T07:37:03.116+0000] {dag.py:3089} INFO - Sync 1 DAGs
[2026-05-25T07:37:03.199+0000] {logging_mixin.py:188} INFO - [2026-05-25T07:37:03.198+0000] {dag.py:3947} INFO - Setting next_dagrun for example_setup_teardown_taskflow to 2026-05-24 00:00:00+00:00, run_after=2026-05-25 00:00:00+00:00
[2026-05-25T07:37:03.283+0000] {processor.py:183} INFO - Processing /home/airflow/.local/lib/python3.12/site-packages/airflow/example_dags/example_setup_teardown_taskflow.py took 0.257 seconds
[2026-05-25T07:37:33.631+0000] {processor.py:161} INFO - Started process (PID=3849) to work on /home/airflow/.local/lib/python3.12/site-packages/airflow/example_dags/example_setup_teardown_taskflow.py
[2026-05-25T07:37:33.635+0000] {processor.py:830} INFO - Processing file /home/airflow/.local/lib/python3.12/site-packages/airflow/example_dags/example_setup_teardown_taskflow.py for tasks to queue
[2026-05-25T07:37:33.648+0000] {logging_mixin.py:188} INFO - [2026-05-25T07:37:33.646+0000] {dagbag.py:545} INFO - Filling up the DagBag from /home/airflow/.local/lib/python3.12/site-packages/airflow/example_dags/example_setup_teardown_taskflow.py
[2026-05-25T07:37:33.722+0000] {processor.py:840} INFO - DAG(s) 'example_setup_teardown_taskflow' retrieved from /home/airflow/.local/lib/python3.12/site-packages/airflow/example_dags/example_setup_teardown_taskflow.py
[2026-05-25T07:37:33.921+0000] {logging_mixin.py:188} INFO - [2026-05-25T07:37:33.919+0000] {dag.py:3089} INFO - Sync 1 DAGs
[2026-05-25T07:37:34.109+0000] {logging_mixin.py:188} INFO - [2026-05-25T07:37:34.108+0000] {dag.py:3947} INFO - Setting next_dagrun for example_setup_teardown_taskflow to 2026-05-24 00:00:00+00:00, run_after=2026-05-25 00:00:00+00:00
[2026-05-25T07:37:34.227+0000] {processor.py:183} INFO - Processing /home/airflow/.local/lib/python3.12/site-packages/airflow/example_dags/example_setup_teardown_taskflow.py took 0.624 seconds
[2026-05-25T07:38:05.688+0000] {processor.py:161} INFO - Started process (PID=3910) to work on /home/airflow/.local/lib/python3.12/site-packages/airflow/example_dags/example_setup_teardown_taskflow.py
[2026-05-25T07:38:05.693+0000] {processor.py:830} INFO - Processing file /home/airflow/.local/lib/python3.12/site-packages/airflow/example_dags/example_setup_teardown_taskflow.py for tasks to queue
[2026-05-25T07:38:05.699+0000] {logging_mixin.py:188} INFO - [2026-05-25T07:38:05.698+0000] {dagbag.py:545} INFO - Filling up the DagBag from /home/airflow/.local/lib/python3.12/site-packages/airflow/example_dags/example_setup_teardown_taskflow.py
[2026-05-25T07:38:05.739+0000] {processor.py:840} INFO - DAG(s) 'example_setup_teardown_taskflow' retrieved from /home/airflow/.local/lib/python3.12/site-packages/airflow/example_dags/example_setup_teardown_taskflow.py
[2026-05-25T07:38:05.810+0000] {logging_mixin.py:188} INFO - [2026-05-25T07:38:05.808+0000] {dag.py:3089} INFO - Sync 1 DAGs
[2026-05-25T07:38:05.896+0000] {logging_mixin.py:188} INFO - [2026-05-25T07:38:05.895+0000] {dag.py:3947} INFO - Setting next_dagrun for example_setup_teardown_taskflow to 2026-05-24 00:00:00+00:00, run_after=2026-05-25 00:00:00+00:00
[2026-05-25T07:38:05.972+0000] {processor.py:183} INFO - Processing /home/airflow/.local/lib/python3.12/site-packages/airflow/example_dags/example_setup_teardown_taskflow.py took 0.303 seconds
[2026-05-25T07:38:36.544+0000] {processor.py:161} INFO - Started process (PID=3969) to work on /home/airflow/.local/lib/python3.12/site-packages/airflow/example_dags/example_setup_teardown_taskflow.py
[2026-05-25T07:38:36.547+0000] {processor.py:830} INFO - Processing file /home/airflow/.local/lib/python3.12/site-packages/airflow/example_dags/example_setup_teardown_taskflow.py for tasks to queue
[2026-05-25T07:38:36.552+0000] {logging_mixin.py:188} INFO - [2026-05-25T07:38:36.551+0000] {dagbag.py:545} INFO - Filling up the DagBag from /home/airflow/.local/lib/python3.12/site-packages/airflow/example_dags/example_setup_teardown_taskflow.py
[2026-05-25T07:38:36.577+0000] {processor.py:840} INFO - DAG(s) 'example_setup_teardown_taskflow' retrieved from /home/airflow/.local/lib/python3.12/site-packages/airflow/example_dags/example_setup_teardown_taskflow.py
[2026-05-25T07:38:36.615+0000] {logging_mixin.py:188} INFO - [2026-05-25T07:38:36.615+0000] {dag.py:3089} INFO - Sync 1 DAGs
[2026-05-25T07:38:36.699+0000] {logging_mixin.py:188} INFO - [2026-05-25T07:38:36.698+0000] {dag.py:3947} INFO - Setting next_dagrun for example_setup_teardown_taskflow to 2026-05-24 00:00:00+00:00, run_after=2026-05-25 00:00:00+00:00
[2026-05-25T07:38:36.757+0000] {processor.py:183} INFO - Processing /home/airflow/.local/lib/python3.12/site-packages/airflow/example_dags/example_setup_teardown_taskflow.py took 0.227 seconds
[2026-05-25T07:39:06.885+0000] {processor.py:161} INFO - Started process (PID=4028) to work on /home/airflow/.local/lib/python3.12/site-packages/airflow/example_dags/example_setup_teardown_taskflow.py
[2026-05-25T07:39:06.888+0000] {processor.py:830} INFO - Processing file /home/airflow/.local/lib/python3.12/site-packages/airflow/example_dags/example_setup_teardown_taskflow.py for tasks to queue
[2026-05-25T07:39:06.892+0000] {logging_mixin.py:188} INFO - [2026-05-25T07:39:06.891+0000] {dagbag.py:545} INFO - Filling up the DagBag from /home/airflow/.local/lib/python3.12/site-packages/airflow/example_dags/example_setup_teardown_taskflow.py
[2026-05-25T07:39:06.906+0000] {processor.py:840} INFO - DAG(s) 'example_setup_teardown_taskflow' retrieved from /home/airflow/.local/lib/python3.12/site-packages/airflow/example_dags/example_setup_teardown_taskflow.py
[2026-05-25T07:39:07.082+0000] {logging_mixin.py:188} INFO - [2026-05-25T07:39:07.081+0000] {dag.py:3089} INFO - Sync 1 DAGs
[2026-05-25T07:39:07.117+0000] {logging_mixin.py:188} INFO - [2026-05-25T07:39:07.116+0000] {dag.py:3947} INFO - Setting next_dagrun for example_setup_teardown_taskflow to 2026-05-24 00:00:00+00:00, run_after=2026-05-25 00:00:00+00:00
[2026-05-25T07:39:07.160+0000] {processor.py:183} INFO - Processing /home/airflow/.local/lib/python3.12/site-packages/airflow/example_dags/example_setup_teardown_taskflow.py took 0.283 seconds
[2026-05-25T07:39:37.306+0000] {processor.py:161} INFO - Started process (PID=4088) to work on /home/airflow/.local/lib/python3.12/site-packages/airflow/example_dags/example_setup_teardown_taskflow.py
[2026-05-25T07:39:37.308+0000] {processor.py:830} INFO - Processing file /home/airflow/.local/lib/python3.12/site-packages/airflow/example_dags/example_setup_teardown_taskflow.py for tasks to queue
[2026-05-25T07:39:37.313+0000] {logging_mixin.py:188} INFO - [2026-05-25T07:39:37.312+0000] {dagbag.py:545} INFO - Filling up the DagBag from /home/airflow/.local/lib/python3.12/site-packages/airflow/example_dags/example_setup_teardown_taskflow.py
[2026-05-25T07:39:37.335+0000] {processor.py:840} INFO - DAG(s) 'example_setup_teardown_taskflow' retrieved from /home/airflow/.local/lib/python3.12/site-packages/airflow/example_dags/example_setup_teardown_taskflow.py
[2026-05-25T07:39:37.393+0000] {logging_mixin.py:188} INFO - [2026-05-25T07:39:37.393+0000] {dag.py:3089} INFO - Sync 1 DAGs
[2026-05-25T07:39:37.443+0000] {logging_mixin.py:188} INFO - [2026-05-25T07:39:37.442+0000] {dag.py:3947} INFO - Setting next_dagrun for example_setup_teardown_taskflow to 2026-05-24 00:00:00+00:00, run_after=2026-05-25 00:00:00+00:00
[2026-05-25T07:39:37.481+0000] {processor.py:183} INFO - Processing /home/airflow/.local/lib/python3.12/site-packages/airflow/example_dags/example_setup_teardown_taskflow.py took 0.194 seconds
[2026-05-25T07:40:07.697+0000] {processor.py:161} INFO - Started process (PID=4146) to work on /home/airflow/.local/lib/python3.12/site-packages/airflow/example_dags/example_setup_teardown_taskflow.py
[2026-05-25T07:40:07.700+0000] {processor.py:830} INFO - Processing file /home/airflow/.local/lib/python3.12/site-packages/airflow/example_dags/example_setup_teardown_taskflow.py for tasks to queue
[2026-05-25T07:40:07.704+0000] {logging_mixin.py:188} INFO - [2026-05-25T07:40:07.703+0000] {dagbag.py:545} INFO - Filling up the DagBag from /home/airflow/.local/lib/python3.12/site-packages/airflow/example_dags/example_setup_teardown_taskflow.py
[2026-05-25T07:40:07.720+0000] {processor.py:840} INFO - DAG(s) 'example_setup_teardown_taskflow' retrieved from /home/airflow/.local/lib/python3.12/site-packages/airflow/example_dags/example_setup_teardown_taskflow.py
[2026-05-25T07:40:07.760+0000] {logging_mixin.py:188} INFO - [2026-05-25T07:40:07.760+0000] {dag.py:3089} INFO - Sync 1 DAGs
[2026-05-25T07:40:07.795+0000] {logging_mixin.py:188} INFO - [2026-05-25T07:40:07.795+0000] {dag.py:3947} INFO - Setting next_dagrun for example_setup_teardown_taskflow to 2026-05-24 00:00:00+00:00, run_after=2026-05-25 00:00:00+00:00
[2026-05-25T07:40:07.826+0000] {processor.py:183} INFO - Processing /home/airflow/.local/lib/python3.12/site-packages/airflow/example_dags/example_setup_teardown_taskflow.py took 0.139 seconds
[2026-05-25T07:40:38.165+0000] {processor.py:161} INFO - Started process (PID=4206) to work on /home/airflow/.local/lib/python3.12/site-packages/airflow/example_dags/example_setup_teardown_taskflow.py
[2026-05-25T07:40:38.170+0000] {processor.py:830} INFO - Processing file /home/airflow/.local/lib/python3.12/site-packages/airflow/example_dags/example_setup_teardown_taskflow.py for tasks to queue
[2026-05-25T07:40:38.174+0000] {logging_mixin.py:188} INFO - [2026-05-25T07:40:38.174+0000] {dagbag.py:545} INFO - Filling up the DagBag from /home/airflow/.local/lib/python3.12/site-packages/airflow/example_dags/example_setup_teardown_taskflow.py
[2026-05-25T07:40:38.191+0000] {processor.py:840} INFO - DAG(s) 'example_setup_teardown_taskflow' retrieved from /home/airflow/.local/lib/python3.12/site-packages/airflow/example_dags/example_setup_teardown_taskflow.py
[2026-05-25T07:40:38.226+0000] {logging_mixin.py:188} INFO - [2026-05-25T07:40:38.226+0000] {dag.py:3089} INFO - Sync 1 DAGs
[2026-05-25T07:40:38.261+0000] {logging_mixin.py:188} INFO - [2026-05-25T07:40:38.260+0000] {dag.py:3947} INFO - Setting next_dagrun for example_setup_teardown_taskflow to 2026-05-24 00:00:00+00:00, run_after=2026-05-25 00:00:00+00:00
[2026-05-25T07:40:38.292+0000] {processor.py:183} INFO - Processing /home/airflow/.local/lib/python3.12/site-packages/airflow/example_dags/example_setup_teardown_taskflow.py took 0.138 seconds
[2026-05-25T07:41:09.154+0000] {processor.py:161} INFO - Started process (PID=4267) to work on /home/airflow/.local/lib/python3.12/site-packages/airflow/example_dags/example_setup_teardown_taskflow.py
[2026-05-25T07:41:09.157+0000] {processor.py:830} INFO - Processing file /home/airflow/.local/lib/python3.12/site-packages/airflow/example_dags/example_setup_teardown_taskflow.py for tasks to queue
[2026-05-25T07:41:09.164+0000] {logging_mixin.py:188} INFO - [2026-05-25T07:41:09.162+0000] {dagbag.py:545} INFO - Filling up the DagBag from /home/airflow/.local/lib/python3.12/site-packages/airflow/example_dags/example_setup_teardown_taskflow.py
[2026-05-25T07:41:09.190+0000] {processor.py:840} INFO - DAG(s) 'example_setup_teardown_taskflow' retrieved from /home/airflow/.local/lib/python3.12/site-packages/airflow/example_dags/example_setup_teardown_taskflow.py
[2026-05-25T07:41:09.256+0000] {logging_mixin.py:188} INFO - [2026-05-25T07:41:09.255+0000] {dag.py:3089} INFO - Sync 1 DAGs
[2026-05-25T07:41:09.304+0000] {logging_mixin.py:188} INFO - [2026-05-25T07:41:09.304+0000] {dag.py:3947} INFO - Setting next_dagrun for example_setup_teardown_taskflow to 2026-05-24 00:00:00+00:00, run_after=2026-05-25 00:00:00+00:00
[2026-05-25T07:41:09.344+0000] {processor.py:183} INFO - Processing /home/airflow/.local/lib/python3.12/site-packages/airflow/example_dags/example_setup_teardown_taskflow.py took 0.211 seconds
[2026-05-25T07:41:39.780+0000] {processor.py:161} INFO - Started process (PID=4327) to work on /home/airflow/.local/lib/python3.12/site-packages/airflow/example_dags/example_setup_teardown_taskflow.py
[2026-05-25T07:41:39.789+0000] {processor.py:830} INFO - Processing file /home/airflow/.local/lib/python3.12/site-packages/airflow/example_dags/example_setup_teardown_taskflow.py for tasks to queue
[2026-05-25T07:41:39.794+0000] {logging_mixin.py:188} INFO - [2026-05-25T07:41:39.793+0000] {dagbag.py:545} INFO - Filling up the DagBag from /home/airflow/.local/lib/python3.12/site-packages/airflow/example_dags/example_setup_teardown_taskflow.py
[2026-05-25T07:41:39.819+0000] {processor.py:840} INFO - DAG(s) 'example_setup_teardown_taskflow' retrieved from /home/airflow/.local/lib/python3.12/site-packages/airflow/example_dags/example_setup_teardown_taskflow.py
[2026-05-25T07:41:39.889+0000] {logging_mixin.py:188} INFO - [2026-05-25T07:41:39.888+0000] {dag.py:3089} INFO - Sync 1 DAGs
[2026-05-25T07:41:39.952+0000] {logging_mixin.py:188} INFO - [2026-05-25T07:41:39.951+0000] {dag.py:3947} INFO - Setting next_dagrun for example_setup_teardown_taskflow to 2026-05-24 00:00:00+00:00, run_after=2026-05-25 00:00:00+00:00
[2026-05-25T07:41:40.034+0000] {processor.py:183} INFO - Processing /home/airflow/.local/lib/python3.12/site-packages/airflow/example_dags/example_setup_teardown_taskflow.py took 0.269 seconds
[2026-05-25T07:42:10.328+0000] {processor.py:161} INFO - Started process (PID=4387) to work on /home/airflow/.local/lib/python3.12/site-packages/airflow/example_dags/example_setup_teardown_taskflow.py
[2026-05-25T07:42:10.330+0000] {processor.py:830} INFO - Processing file /home/airflow/.local/lib/python3.12/site-packages/airflow/example_dags/example_setup_teardown_taskflow.py for tasks to queue
[2026-05-25T07:42:10.334+0000] {logging_mixin.py:188} INFO - [2026-05-25T07:42:10.334+0000] {dagbag.py:545} INFO - Filling up the DagBag from /home/airflow/.local/lib/python3.12/site-packages/airflow/example_dags/example_setup_teardown_taskflow.py
[2026-05-25T07:42:10.356+0000] {processor.py:840} INFO - DAG(s) 'example_setup_teardown_taskflow' retrieved from /home/airflow/.local/lib/python3.12/site-packages/airflow/example_dags/example_setup_teardown_taskflow.py
[2026-05-25T07:42:10.414+0000] {logging_mixin.py:188} INFO - [2026-05-25T07:42:10.413+0000] {dag.py:3089} INFO - Sync 1 DAGs
[2026-05-25T07:42:10.469+0000] {logging_mixin.py:188} INFO - [2026-05-25T07:42:10.468+0000] {dag.py:3947} INFO - Setting next_dagrun for example_setup_teardown_taskflow to 2026-05-24 00:00:00+00:00, run_after=2026-05-25 00:00:00+00:00
[2026-05-25T07:42:10.500+0000] {processor.py:183} INFO - Processing /home/airflow/.local/lib/python3.12/site-packages/airflow/example_dags/example_setup_teardown_taskflow.py took 0.185 seconds
[2026-05-25T07:42:40.807+0000] {processor.py:161} INFO - Started process (PID=4447) to work on /home/airflow/.local/lib/python3.12/site-packages/airflow/example_dags/example_setup_teardown_taskflow.py
[2026-05-25T07:42:40.823+0000] {processor.py:830} INFO - Processing file /home/airflow/.local/lib/python3.12/site-packages/airflow/example_dags/example_setup_teardown_taskflow.py for tasks to queue
[2026-05-25T07:42:40.826+0000] {logging_mixin.py:188} INFO - [2026-05-25T07:42:40.826+0000] {dagbag.py:545} INFO - Filling up the DagBag from /home/airflow/.local/lib/python3.12/site-packages/airflow/example_dags/example_setup_teardown_taskflow.py
[2026-05-25T07:42:40.854+0000] {processor.py:840} INFO - DAG(s) 'example_setup_teardown_taskflow' retrieved from /home/airflow/.local/lib/python3.12/site-packages/airflow/example_dags/example_setup_teardown_taskflow.py
[2026-05-25T07:42:40.920+0000] {logging_mixin.py:188} INFO - [2026-05-25T07:42:40.919+0000] {dag.py:3089} INFO - Sync 1 DAGs
[2026-05-25T07:42:40.971+0000] {logging_mixin.py:188} INFO - [2026-05-25T07:42:40.970+0000] {dag.py:3947} INFO - Setting next_dagrun for example_setup_teardown_taskflow to 2026-05-24 00:00:00+00:00, run_after=2026-05-25 00:00:00+00:00
[2026-05-25T07:42:41.015+0000] {processor.py:183} INFO - Processing /home/airflow/.local/lib/python3.12/site-packages/airflow/example_dags/example_setup_teardown_taskflow.py took 0.228 seconds
[2026-05-25T07:43:11.882+0000] {processor.py:161} INFO - Started process (PID=4507) to work on /home/airflow/.local/lib/python3.12/site-packages/airflow/example_dags/example_setup_teardown_taskflow.py
[2026-05-25T07:43:11.884+0000] {processor.py:830} INFO - Processing file /home/airflow/.local/lib/python3.12/site-packages/airflow/example_dags/example_setup_teardown_taskflow.py for tasks to queue
[2026-05-25T07:43:11.887+0000] {logging_mixin.py:188} INFO - [2026-05-25T07:43:11.887+0000] {dagbag.py:545} INFO - Filling up the DagBag from /home/airflow/.local/lib/python3.12/site-packages/airflow/example_dags/example_setup_teardown_taskflow.py
[2026-05-25T07:43:11.901+0000] {processor.py:840} INFO - DAG(s) 'example_setup_teardown_taskflow' retrieved from /home/airflow/.local/lib/python3.12/site-packages/airflow/example_dags/example_setup_teardown_taskflow.py
[2026-05-25T07:43:11.933+0000] {logging_mixin.py:188} INFO - [2026-05-25T07:43:11.933+0000] {dag.py:3089} INFO - Sync 1 DAGs
[2026-05-25T07:43:11.978+0000] {logging_mixin.py:188} INFO - [2026-05-25T07:43:11.978+0000] {dag.py:3947} INFO - Setting next_dagrun for example_setup_teardown_taskflow to 2026-05-24 00:00:00+00:00, run_after=2026-05-25 00:00:00+00:00
[2026-05-25T07:43:12.017+0000] {processor.py:183} INFO - Processing /home/airflow/.local/lib/python3.12/site-packages/airflow/example_dags/example_setup_teardown_taskflow.py took 0.145 seconds
[2026-05-25T07:43:42.212+0000] {processor.py:161} INFO - Started process (PID=4567) to work on /home/airflow/.local/lib/python3.12/site-packages/airflow/example_dags/example_setup_teardown_taskflow.py
[2026-05-25T07:43:42.214+0000] {processor.py:830} INFO - Processing file /home/airflow/.local/lib/python3.12/site-packages/airflow/example_dags/example_setup_teardown_taskflow.py for tasks to queue
[2026-05-25T07:43:42.218+0000] {logging_mixin.py:188} INFO - [2026-05-25T07:43:42.217+0000] {dagbag.py:545} INFO - Filling up the DagBag from /home/airflow/.local/lib/python3.12/site-packages/airflow/example_dags/example_setup_teardown_taskflow.py
[2026-05-25T07:43:42.232+0000] {processor.py:840} INFO - DAG(s) 'example_setup_teardown_taskflow' retrieved from /home/airflow/.local/lib/python3.12/site-packages/airflow/example_dags/example_setup_teardown_taskflow.py
[2026-05-25T07:43:42.265+0000] {logging_mixin.py:188} INFO - [2026-05-25T07:43:42.265+0000] {dag.py:3089} INFO - Sync 1 DAGs
[2026-05-25T07:43:42.300+0000] {logging_mixin.py:188} INFO - [2026-05-25T07:43:42.300+0000] {dag.py:3947} INFO - Setting next_dagrun for example_setup_teardown_taskflow to 2026-05-24 00:00:00+00:00, run_after=2026-05-25 00:00:00+00:00
[2026-05-25T07:43:42.329+0000] {processor.py:183} INFO - Processing /home/airflow/.local/lib/python3.12/site-packages/airflow/example_dags/example_setup_teardown_taskflow.py took 0.126 seconds
[2026-05-25T07:44:12.570+0000] {processor.py:161} INFO - Started process (PID=4626) to work on /home/airflow/.local/lib/python3.12/site-packages/airflow/example_dags/example_setup_teardown_taskflow.py
[2026-05-25T07:44:12.572+0000] {processor.py:830} INFO - Processing file /home/airflow/.local/lib/python3.12/site-packages/airflow/example_dags/example_setup_teardown_taskflow.py for tasks to queue
[2026-05-25T07:44:12.576+0000] {logging_mixin.py:188} INFO - [2026-05-25T07:44:12.575+0000] {dagbag.py:545} INFO - Filling up the DagBag from /home/airflow/.local/lib/python3.12/site-packages/airflow/example_dags/example_setup_teardown_taskflow.py
[2026-05-25T07:44:12.590+0000] {processor.py:840} INFO - DAG(s) 'example_setup_teardown_taskflow' retrieved from /home/airflow/.local/lib/python3.12/site-packages/airflow/example_dags/example_setup_teardown_taskflow.py
[2026-05-25T07:44:12.625+0000] {logging_mixin.py:188} INFO - [2026-05-25T07:44:12.625+0000] {dag.py:3089} INFO - Sync 1 DAGs
[2026-05-25T07:44:12.658+0000] {logging_mixin.py:188} INFO - [2026-05-25T07:44:12.658+0000] {dag.py:3947} INFO - Setting next_dagrun for example_setup_teardown_taskflow to 2026-05-24 00:00:00+00:00, run_after=2026-05-25 00:00:00+00:00
[2026-05-25T07:44:12.688+0000] {processor.py:183} INFO - Processing /home/airflow/.local/lib/python3.12/site-packages/airflow/example_dags/example_setup_teardown_taskflow.py took 0.130 seconds
[2026-05-25T07:44:43.784+0000] {processor.py:161} INFO - Started process (PID=4686) to work on /home/airflow/.local/lib/python3.12/site-packages/airflow/example_dags/example_setup_teardown_taskflow.py
[2026-05-25T07:44:43.808+0000] {processor.py:830} INFO - Processing file /home/airflow/.local/lib/python3.12/site-packages/airflow/example_dags/example_setup_teardown_taskflow.py for tasks to queue
[2026-05-25T07:44:43.819+0000] {logging_mixin.py:188} INFO - [2026-05-25T07:44:43.818+0000] {dagbag.py:545} INFO - Filling up the DagBag from /home/airflow/.local/lib/python3.12/site-packages/airflow/example_dags/example_setup_teardown_taskflow.py
[2026-05-25T07:44:43.890+0000] {processor.py:840} INFO - DAG(s) 'example_setup_teardown_taskflow' retrieved from /home/airflow/.local/lib/python3.12/site-packages/airflow/example_dags/example_setup_teardown_taskflow.py
[2026-05-25T07:44:44.073+0000] {logging_mixin.py:188} INFO - [2026-05-25T07:44:44.072+0000] {dag.py:3089} INFO - Sync 1 DAGs
[2026-05-25T07:44:44.254+0000] {logging_mixin.py:188} INFO - [2026-05-25T07:44:44.253+0000] {dag.py:3947} INFO - Setting next_dagrun for example_setup_teardown_taskflow to 2026-05-24 00:00:00+00:00, run_after=2026-05-25 00:00:00+00:00
[2026-05-25T07:44:44.397+0000] {processor.py:183} INFO - Processing /home/airflow/.local/lib/python3.12/site-packages/airflow/example_dags/example_setup_teardown_taskflow.py took 0.646 seconds
[2026-05-25T07:45:14.958+0000] {processor.py:161} INFO - Started process (PID=4746) to work on /home/airflow/.local/lib/python3.12/site-packages/airflow/example_dags/example_setup_teardown_taskflow.py
[2026-05-25T07:45:14.961+0000] {processor.py:830} INFO - Processing file /home/airflow/.local/lib/python3.12/site-packages/airflow/example_dags/example_setup_teardown_taskflow.py for tasks to queue
[2026-05-25T07:45:14.964+0000] {logging_mixin.py:188} INFO - [2026-05-25T07:45:14.963+0000] {dagbag.py:545} INFO - Filling up the DagBag from /home/airflow/.local/lib/python3.12/site-packages/airflow/example_dags/example_setup_teardown_taskflow.py
[2026-05-25T07:45:14.979+0000] {processor.py:840} INFO - DAG(s) 'example_setup_teardown_taskflow' retrieved from /home/airflow/.local/lib/python3.12/site-packages/airflow/example_dags/example_setup_teardown_taskflow.py
[2026-05-25T07:45:15.018+0000] {logging_mixin.py:188} INFO - [2026-05-25T07:45:15.018+0000] {dag.py:3089} INFO - Sync 1 DAGs
[2026-05-25T07:45:15.054+0000] {logging_mixin.py:188} INFO - [2026-05-25T07:45:15.054+0000] {dag.py:3947} INFO - Setting next_dagrun for example_setup_teardown_taskflow to 2026-05-24 00:00:00+00:00, run_after=2026-05-25 00:00:00+00:00
[2026-05-25T07:45:15.085+0000] {processor.py:183} INFO - Processing /home/airflow/.local/lib/python3.12/site-packages/airflow/example_dags/example_setup_teardown_taskflow.py took 0.137 seconds
[2026-05-25T07:45:45.531+0000] {processor.py:161} INFO - Started process (PID=4806) to work on /home/airflow/.local/lib/python3.12/site-packages/airflow/example_dags/example_setup_teardown_taskflow.py
[2026-05-25T07:45:45.532+0000] {processor.py:830} INFO - Processing file /home/airflow/.local/lib/python3.12/site-packages/airflow/example_dags/example_setup_teardown_taskflow.py for tasks to queue
[2026-05-25T07:45:45.536+0000] {logging_mixin.py:188} INFO - [2026-05-25T07:45:45.535+0000] {dagbag.py:545} INFO - Filling up the DagBag from /home/airflow/.local/lib/python3.12/site-packages/airflow/example_dags/example_setup_teardown_taskflow.py
[2026-05-25T07:45:45.549+0000] {processor.py:840} INFO - DAG(s) 'example_setup_teardown_taskflow' retrieved from /home/airflow/.local/lib/python3.12/site-packages/airflow/example_dags/example_setup_teardown_taskflow.py
[2026-05-25T07:45:45.582+0000] {logging_mixin.py:188} INFO - [2026-05-25T07:45:45.581+0000] {dag.py:3089} INFO - Sync 1 DAGs
[2026-05-25T07:45:45.614+0000] {logging_mixin.py:188} INFO - [2026-05-25T07:45:45.614+0000] {dag.py:3947} INFO - Setting next_dagrun for example_setup_teardown_taskflow to 2026-05-24 00:00:00+00:00, run_after=2026-05-25 00:00:00+00:00
[2026-05-25T07:45:45.644+0000] {processor.py:183} INFO - Processing /home/airflow/.local/lib/python3.12/site-packages/airflow/example_dags/example_setup_teardown_taskflow.py took 0.122 seconds
[2026-05-25T07:46:15.978+0000] {processor.py:161} INFO - Started process (PID=4866) to work on /home/airflow/.local/lib/python3.12/site-packages/airflow/example_dags/example_setup_teardown_taskflow.py
[2026-05-25T07:46:15.981+0000] {processor.py:830} INFO - Processing file /home/airflow/.local/lib/python3.12/site-packages/airflow/example_dags/example_setup_teardown_taskflow.py for tasks to queue
[2026-05-25T07:46:15.986+0000] {logging_mixin.py:188} INFO - [2026-05-25T07:46:15.985+0000] {dagbag.py:545} INFO - Filling up the DagBag from /home/airflow/.local/lib/python3.12/site-packages/airflow/example_dags/example_setup_teardown_taskflow.py
[2026-05-25T07:46:16.003+0000] {processor.py:840} INFO - DAG(s) 'example_setup_teardown_taskflow' retrieved from /home/airflow/.local/lib/python3.12/site-packages/airflow/example_dags/example_setup_teardown_taskflow.py
[2026-05-25T07:46:16.037+0000] {logging_mixin.py:188} INFO - [2026-05-25T07:46:16.036+0000] {dag.py:3089} INFO - Sync 1 DAGs
[2026-05-25T07:46:16.069+0000] {logging_mixin.py:188} INFO - [2026-05-25T07:46:16.069+0000] {dag.py:3947} INFO - Setting next_dagrun for example_setup_teardown_taskflow to 2026-05-24 00:00:00+00:00, run_after=2026-05-25 00:00:00+00:00
[2026-05-25T07:46:16.098+0000] {processor.py:183} INFO - Processing /home/airflow/.local/lib/python3.12/site-packages/airflow/example_dags/example_setup_teardown_taskflow.py took 0.136 seconds
[2026-05-25T07:46:46.170+0000] {processor.py:161} INFO - Started process (PID=4926) to work on /home/airflow/.local/lib/python3.12/site-packages/airflow/example_dags/example_setup_teardown_taskflow.py
[2026-05-25T07:46:46.172+0000] {processor.py:830} INFO - Processing file /home/airflow/.local/lib/python3.12/site-packages/airflow/example_dags/example_setup_teardown_taskflow.py for tasks to queue
[2026-05-25T07:46:46.178+0000] {logging_mixin.py:188} INFO - [2026-05-25T07:46:46.176+0000] {dagbag.py:545} INFO - Filling up the DagBag from /home/airflow/.local/lib/python3.12/site-packages/airflow/example_dags/example_setup_teardown_taskflow.py
[2026-05-25T07:46:46.209+0000] {processor.py:840} INFO - DAG(s) 'example_setup_teardown_taskflow' retrieved from /home/airflow/.local/lib/python3.12/site-packages/airflow/example_dags/example_setup_teardown_taskflow.py
[2026-05-25T07:46:46.262+0000] {logging_mixin.py:188} INFO - [2026-05-25T07:46:46.262+0000] {dag.py:3089} INFO - Sync 1 DAGs
[2026-05-25T07:46:46.309+0000] {logging_mixin.py:188} INFO - [2026-05-25T07:46:46.308+0000] {dag.py:3947} INFO - Setting next_dagrun for example_setup_teardown_taskflow to 2026-05-24 00:00:00+00:00, run_after=2026-05-25 00:00:00+00:00
[2026-05-25T07:46:46.350+0000] {processor.py:183} INFO - Processing /home/airflow/.local/lib/python3.12/site-packages/airflow/example_dags/example_setup_teardown_taskflow.py took 0.196 seconds
[2026-05-25T07:47:17.280+0000] {processor.py:161} INFO - Started process (PID=4986) to work on /home/airflow/.local/lib/python3.12/site-packages/airflow/example_dags/example_setup_teardown_taskflow.py
[2026-05-25T07:47:17.282+0000] {processor.py:830} INFO - Processing file /home/airflow/.local/lib/python3.12/site-packages/airflow/example_dags/example_setup_teardown_taskflow.py for tasks to queue
[2026-05-25T07:47:17.287+0000] {logging_mixin.py:188} INFO - [2026-05-25T07:47:17.285+0000] {dagbag.py:545} INFO - Filling up the DagBag from /home/airflow/.local/lib/python3.12/site-packages/airflow/example_dags/example_setup_teardown_taskflow.py
[2026-05-25T07:47:17.313+0000] {processor.py:840} INFO - DAG(s) 'example_setup_teardown_taskflow' retrieved from /home/airflow/.local/lib/python3.12/site-packages/airflow/example_dags/example_setup_teardown_taskflow.py
[2026-05-25T07:47:17.399+0000] {logging_mixin.py:188} INFO - [2026-05-25T07:47:17.398+0000] {dag.py:3089} INFO - Sync 1 DAGs
[2026-05-25T07:47:17.468+0000] {logging_mixin.py:188} INFO - [2026-05-25T07:47:17.468+0000] {dag.py:3947} INFO - Setting next_dagrun for example_setup_teardown_taskflow to 2026-05-24 00:00:00+00:00, run_after=2026-05-25 00:00:00+00:00
[2026-05-25T07:47:17.515+0000] {processor.py:183} INFO - Processing /home/airflow/.local/lib/python3.12/site-packages/airflow/example_dags/example_setup_teardown_taskflow.py took 0.251 seconds
[2026-05-25T07:47:47.614+0000] {processor.py:161} INFO - Started process (PID=5046) to work on /home/airflow/.local/lib/python3.12/site-packages/airflow/example_dags/example_setup_teardown_taskflow.py
[2026-05-25T07:47:47.616+0000] {processor.py:830} INFO - Processing file /home/airflow/.local/lib/python3.12/site-packages/airflow/example_dags/example_setup_teardown_taskflow.py for tasks to queue
[2026-05-25T07:47:47.619+0000] {logging_mixin.py:188} INFO - [2026-05-25T07:47:47.619+0000] {dagbag.py:545} INFO - Filling up the DagBag from /home/airflow/.local/lib/python3.12/site-packages/airflow/example_dags/example_setup_teardown_taskflow.py
[2026-05-25T07:47:47.637+0000] {processor.py:840} INFO - DAG(s) 'example_setup_teardown_taskflow' retrieved from /home/airflow/.local/lib/python3.12/site-packages/airflow/example_dags/example_setup_teardown_taskflow.py
[2026-05-25T07:47:47.670+0000] {logging_mixin.py:188} INFO - [2026-05-25T07:47:47.670+0000] {dag.py:3089} INFO - Sync 1 DAGs
[2026-05-25T07:47:47.706+0000] {logging_mixin.py:188} INFO - [2026-05-25T07:47:47.706+0000] {dag.py:3947} INFO - Setting next_dagrun for example_setup_teardown_taskflow to 2026-05-24 00:00:00+00:00, run_after=2026-05-25 00:00:00+00:00
[2026-05-25T07:47:47.738+0000] {processor.py:183} INFO - Processing /home/airflow/.local/lib/python3.12/site-packages/airflow/example_dags/example_setup_teardown_taskflow.py took 0.132 seconds
[2026-05-25T07:48:18.772+0000] {processor.py:161} INFO - Started process (PID=5106) to work on /home/airflow/.local/lib/python3.12/site-packages/airflow/example_dags/example_setup_teardown_taskflow.py
[2026-05-25T07:48:18.774+0000] {processor.py:830} INFO - Processing file /home/airflow/.local/lib/python3.12/site-packages/airflow/example_dags/example_setup_teardown_taskflow.py for tasks to queue
[2026-05-25T07:48:18.778+0000] {logging_mixin.py:188} INFO - [2026-05-25T07:48:18.777+0000] {dagbag.py:545} INFO - Filling up the DagBag from /home/airflow/.local/lib/python3.12/site-packages/airflow/example_dags/example_setup_teardown_taskflow.py
[2026-05-25T07:48:18.799+0000] {processor.py:840} INFO - DAG(s) 'example_setup_teardown_taskflow' retrieved from /home/airflow/.local/lib/python3.12/site-packages/airflow/example_dags/example_setup_teardown_taskflow.py
[2026-05-25T07:48:18.842+0000] {logging_mixin.py:188} INFO - [2026-05-25T07:48:18.841+0000] {dag.py:3089} INFO - Sync 1 DAGs
[2026-05-25T07:48:18.886+0000] {logging_mixin.py:188} INFO - [2026-05-25T07:48:18.885+0000] {dag.py:3947} INFO - Setting next_dagrun for example_setup_teardown_taskflow to 2026-05-24 00:00:00+00:00, run_after=2026-05-25 00:00:00+00:00
[2026-05-25T07:48:18.924+0000] {processor.py:183} INFO - Processing /home/airflow/.local/lib/python3.12/site-packages/airflow/example_dags/example_setup_teardown_taskflow.py took 0.163 seconds
[2026-05-25T07:48:49.326+0000] {processor.py:161} INFO - Started process (PID=5166) to work on /home/airflow/.local/lib/python3.12/site-packages/airflow/example_dags/example_setup_teardown_taskflow.py
[2026-05-25T07:48:49.329+0000] {processor.py:830} INFO - Processing file /home/airflow/.local/lib/python3.12/site-packages/airflow/example_dags/example_setup_teardown_taskflow.py for tasks to queue
[2026-05-25T07:48:49.338+0000] {logging_mixin.py:188} INFO - [2026-05-25T07:48:49.334+0000] {dagbag.py:545} INFO - Filling up the DagBag from /home/airflow/.local/lib/python3.12/site-packages/airflow/example_dags/example_setup_teardown_taskflow.py
[2026-05-25T07:48:49.371+0000] {processor.py:840} INFO - DAG(s) 'example_setup_teardown_taskflow' retrieved from /home/airflow/.local/lib/python3.12/site-packages/airflow/example_dags/example_setup_teardown_taskflow.py
[2026-05-25T07:48:49.440+0000] {logging_mixin.py:188} INFO - [2026-05-25T07:48:49.439+0000] {dag.py:3089} INFO - Sync 1 DAGs
[2026-05-25T07:48:49.512+0000] {logging_mixin.py:188} INFO - [2026-05-25T07:48:49.512+0000] {dag.py:3947} INFO - Setting next_dagrun for example_setup_teardown_taskflow to 2026-05-24 00:00:00+00:00, run_after=2026-05-25 00:00:00+00:00
[2026-05-25T07:48:49.577+0000] {processor.py:183} INFO - Processing /home/airflow/.local/lib/python3.12/site-packages/airflow/example_dags/example_setup_teardown_taskflow.py took 0.268 seconds
[2026-05-25T07:49:19.726+0000] {processor.py:161} INFO - Started process (PID=5226) to work on /home/airflow/.local/lib/python3.12/site-packages/airflow/example_dags/example_setup_teardown_taskflow.py
[2026-05-25T07:49:19.727+0000] {processor.py:830} INFO - Processing file /home/airflow/.local/lib/python3.12/site-packages/airflow/example_dags/example_setup_teardown_taskflow.py for tasks to queue
[2026-05-25T07:49:19.730+0000] {logging_mixin.py:188} INFO - [2026-05-25T07:49:19.730+0000] {dagbag.py:545} INFO - Filling up the DagBag from /home/airflow/.local/lib/python3.12/site-packages/airflow/example_dags/example_setup_teardown_taskflow.py
[2026-05-25T07:49:19.744+0000] {processor.py:840} INFO - DAG(s) 'example_setup_teardown_taskflow' retrieved from /home/airflow/.local/lib/python3.12/site-packages/airflow/example_dags/example_setup_teardown_taskflow.py
[2026-05-25T07:49:19.779+0000] {logging_mixin.py:188} INFO - [2026-05-25T07:49:19.778+0000] {dag.py:3089} INFO - Sync 1 DAGs
[2026-05-25T07:49:19.812+0000] {logging_mixin.py:188} INFO - [2026-05-25T07:49:19.812+0000] {dag.py:3947} INFO - Setting next_dagrun for example_setup_teardown_taskflow to 2026-05-24 00:00:00+00:00, run_after=2026-05-25 00:00:00+00:00
[2026-05-25T07:49:19.850+0000] {processor.py:183} INFO - Processing /home/airflow/.local/lib/python3.12/site-packages/airflow/example_dags/example_setup_teardown_taskflow.py took 0.133 seconds
[2026-05-25T07:49:50.757+0000] {processor.py:161} INFO - Started process (PID=5287) to work on /home/airflow/.local/lib/python3.12/site-packages/airflow/example_dags/example_setup_teardown_taskflow.py
[2026-05-25T07:49:50.759+0000] {processor.py:830} INFO - Processing file /home/airflow/.local/lib/python3.12/site-packages/airflow/example_dags/example_setup_teardown_taskflow.py for tasks to queue
[2026-05-25T07:49:50.765+0000] {logging_mixin.py:188} INFO - [2026-05-25T07:49:50.764+0000] {dagbag.py:545} INFO - Filling up the DagBag from /home/airflow/.local/lib/python3.12/site-packages/airflow/example_dags/example_setup_teardown_taskflow.py
[2026-05-25T07:49:50.801+0000] {processor.py:840} INFO - DAG(s) 'example_setup_teardown_taskflow' retrieved from /home/airflow/.local/lib/python3.12/site-packages/airflow/example_dags/example_setup_teardown_taskflow.py
[2026-05-25T07:49:50.851+0000] {logging_mixin.py:188} INFO - [2026-05-25T07:49:50.850+0000] {dag.py:3089} INFO - Sync 1 DAGs
[2026-05-25T07:49:50.894+0000] {logging_mixin.py:188} INFO - [2026-05-25T07:49:50.893+0000] {dag.py:3947} INFO - Setting next_dagrun for example_setup_teardown_taskflow to 2026-05-24 00:00:00+00:00, run_after=2026-05-25 00:00:00+00:00
[2026-05-25T07:49:50.944+0000] {processor.py:183} INFO - Processing /home/airflow/.local/lib/python3.12/site-packages/airflow/example_dags/example_setup_teardown_taskflow.py took 0.208 seconds
[2026-05-25T07:50:21.198+0000] {processor.py:161} INFO - Started process (PID=5347) to work on /home/airflow/.local/lib/python3.12/site-packages/airflow/example_dags/example_setup_teardown_taskflow.py
[2026-05-25T07:50:21.200+0000] {processor.py:830} INFO - Processing file /home/airflow/.local/lib/python3.12/site-packages/airflow/example_dags/example_setup_teardown_taskflow.py for tasks to queue
[2026-05-25T07:50:21.204+0000] {logging_mixin.py:188} INFO - [2026-05-25T07:50:21.203+0000] {dagbag.py:545} INFO - Filling up the DagBag from /home/airflow/.local/lib/python3.12/site-packages/airflow/example_dags/example_setup_teardown_taskflow.py
[2026-05-25T07:50:21.221+0000] {processor.py:840} INFO - DAG(s) 'example_setup_teardown_taskflow' retrieved from /home/airflow/.local/lib/python3.12/site-packages/airflow/example_dags/example_setup_teardown_taskflow.py
[2026-05-25T07:50:21.267+0000] {logging_mixin.py:188} INFO - [2026-05-25T07:50:21.267+0000] {dag.py:3089} INFO - Sync 1 DAGs
[2026-05-25T07:50:21.304+0000] {logging_mixin.py:188} INFO - [2026-05-25T07:50:21.304+0000] {dag.py:3947} INFO - Setting next_dagrun for example_setup_teardown_taskflow to 2026-05-24 00:00:00+00:00, run_after=2026-05-25 00:00:00+00:00
[2026-05-25T07:50:21.332+0000] {processor.py:183} INFO - Processing /home/airflow/.local/lib/python3.12/site-packages/airflow/example_dags/example_setup_teardown_taskflow.py took 0.144 seconds
[2026-05-25T07:53:55.251+0000] {processor.py:161} INFO - Started process (PID=119) to work on /home/airflow/.local/lib/python3.12/site-packages/airflow/example_dags/example_setup_teardown_taskflow.py
[2026-05-25T07:53:55.287+0000] {processor.py:830} INFO - Processing file /home/airflow/.local/lib/python3.12/site-packages/airflow/example_dags/example_setup_teardown_taskflow.py for tasks to queue
[2026-05-25T07:53:55.316+0000] {logging_mixin.py:188} INFO - [2026-05-25T07:53:55.314+0000] {dagbag.py:545} INFO - Filling up the DagBag from /home/airflow/.local/lib/python3.12/site-packages/airflow/example_dags/example_setup_teardown_taskflow.py
[2026-05-25T07:53:55.349+0000] {processor.py:840} INFO - DAG(s) 'example_setup_teardown_taskflow' retrieved from /home/airflow/.local/lib/python3.12/site-packages/airflow/example_dags/example_setup_teardown_taskflow.py
[2026-05-25T07:53:56.245+0000] {logging_mixin.py:188} INFO - [2026-05-25T07:53:56.244+0000] {dag.py:3089} INFO - Sync 1 DAGs
[2026-05-25T07:53:56.593+0000] {logging_mixin.py:188} INFO - [2026-05-25T07:53:56.593+0000] {dag.py:3947} INFO - Setting next_dagrun for example_setup_teardown_taskflow to 2026-05-24 00:00:00+00:00, run_after=2026-05-25 00:00:00+00:00
[2026-05-25T07:53:57.043+0000] {processor.py:183} INFO - Processing /home/airflow/.local/lib/python3.12/site-packages/airflow/example_dags/example_setup_teardown_taskflow.py took 1.932 seconds
[2026-05-25T07:54:29.389+0000] {processor.py:161} INFO - Started process (PID=178) to work on /home/airflow/.local/lib/python3.12/site-packages/airflow/example_dags/example_setup_teardown_taskflow.py
[2026-05-25T07:54:29.409+0000] {processor.py:830} INFO - Processing file /home/airflow/.local/lib/python3.12/site-packages/airflow/example_dags/example_setup_teardown_taskflow.py for tasks to queue
[2026-05-25T07:54:29.510+0000] {logging_mixin.py:188} INFO - [2026-05-25T07:54:29.509+0000] {dagbag.py:545} INFO - Filling up the DagBag from /home/airflow/.local/lib/python3.12/site-packages/airflow/example_dags/example_setup_teardown_taskflow.py
[2026-05-25T07:54:29.643+0000] {processor.py:840} INFO - DAG(s) 'example_setup_teardown_taskflow' retrieved from /home/airflow/.local/lib/python3.12/site-packages/airflow/example_dags/example_setup_teardown_taskflow.py
[2026-05-25T07:54:29.941+0000] {logging_mixin.py:188} INFO - [2026-05-25T07:54:29.940+0000] {dag.py:3089} INFO - Sync 1 DAGs
[2026-05-25T07:54:30.266+0000] {logging_mixin.py:188} INFO - [2026-05-25T07:54:30.265+0000] {dag.py:3947} INFO - Setting next_dagrun for example_setup_teardown_taskflow to 2026-05-24 00:00:00+00:00, run_after=2026-05-25 00:00:00+00:00
[2026-05-25T07:54:30.562+0000] {processor.py:183} INFO - Processing /home/airflow/.local/lib/python3.12/site-packages/airflow/example_dags/example_setup_teardown_taskflow.py took 1.226 seconds
[2026-05-25T07:55:01.393+0000] {processor.py:161} INFO - Started process (PID=238) to work on /home/airflow/.local/lib/python3.12/site-packages/airflow/example_dags/example_setup_teardown_taskflow.py
[2026-05-25T07:55:01.396+0000] {processor.py:830} INFO - Processing file /home/airflow/.local/lib/python3.12/site-packages/airflow/example_dags/example_setup_teardown_taskflow.py for tasks to queue
[2026-05-25T07:55:01.400+0000] {logging_mixin.py:188} INFO - [2026-05-25T07:55:01.399+0000] {dagbag.py:545} INFO - Filling up the DagBag from /home/airflow/.local/lib/python3.12/site-packages/airflow/example_dags/example_setup_teardown_taskflow.py
[2026-05-25T07:55:01.430+0000] {processor.py:840} INFO - DAG(s) 'example_setup_teardown_taskflow' retrieved from /home/airflow/.local/lib/python3.12/site-packages/airflow/example_dags/example_setup_teardown_taskflow.py
[2026-05-25T07:55:01.512+0000] {logging_mixin.py:188} INFO - [2026-05-25T07:55:01.511+0000] {dag.py:3089} INFO - Sync 1 DAGs
[2026-05-25T07:55:01.660+0000] {logging_mixin.py:188} INFO - [2026-05-25T07:55:01.659+0000] {dag.py:3947} INFO - Setting next_dagrun for example_setup_teardown_taskflow to 2026-05-24 00:00:00+00:00, run_after=2026-05-25 00:00:00+00:00
[2026-05-25T07:55:01.722+0000] {processor.py:183} INFO - Processing /home/airflow/.local/lib/python3.12/site-packages/airflow/example_dags/example_setup_teardown_taskflow.py took 0.345 seconds
[2026-05-25T07:56:25.511+0000] {processor.py:161} INFO - Started process (PID=115) to work on /home/airflow/.local/lib/python3.12/site-packages/airflow/example_dags/example_setup_teardown_taskflow.py
[2026-05-25T07:56:25.513+0000] {processor.py:830} INFO - Processing file /home/airflow/.local/lib/python3.12/site-packages/airflow/example_dags/example_setup_teardown_taskflow.py for tasks to queue
[2026-05-25T07:56:25.517+0000] {logging_mixin.py:188} INFO - [2026-05-25T07:56:25.516+0000] {dagbag.py:545} INFO - Filling up the DagBag from /home/airflow/.local/lib/python3.12/site-packages/airflow/example_dags/example_setup_teardown_taskflow.py
[2026-05-25T07:56:25.538+0000] {processor.py:840} INFO - DAG(s) 'example_setup_teardown_taskflow' retrieved from /home/airflow/.local/lib/python3.12/site-packages/airflow/example_dags/example_setup_teardown_taskflow.py
[2026-05-25T07:56:25.562+0000] {logging_mixin.py:188} INFO - [2026-05-25T07:56:25.562+0000] {dag.py:3089} INFO - Sync 1 DAGs
[2026-05-25T07:56:25.603+0000] {logging_mixin.py:188} INFO - [2026-05-25T07:56:25.603+0000] {dag.py:3947} INFO - Setting next_dagrun for example_setup_teardown_taskflow to 2026-05-24 00:00:00+00:00, run_after=2026-05-25 00:00:00+00:00
[2026-05-25T07:56:25.637+0000] {processor.py:183} INFO - Processing /home/airflow/.local/lib/python3.12/site-packages/airflow/example_dags/example_setup_teardown_taskflow.py took 0.138 seconds
[2026-05-25T07:57:00.464+0000] {processor.py:161} INFO - Started process (PID=175) to work on /home/airflow/.local/lib/python3.12/site-packages/airflow/example_dags/example_setup_teardown_taskflow.py
[2026-05-25T07:57:00.467+0000] {processor.py:830} INFO - Processing file /home/airflow/.local/lib/python3.12/site-packages/airflow/example_dags/example_setup_teardown_taskflow.py for tasks to queue
[2026-05-25T07:57:00.470+0000] {logging_mixin.py:188} INFO - [2026-05-25T07:57:00.470+0000] {dagbag.py:545} INFO - Filling up the DagBag from /home/airflow/.local/lib/python3.12/site-packages/airflow/example_dags/example_setup_teardown_taskflow.py
[2026-05-25T07:57:00.494+0000] {processor.py:840} INFO - DAG(s) 'example_setup_teardown_taskflow' retrieved from /home/airflow/.local/lib/python3.12/site-packages/airflow/example_dags/example_setup_teardown_taskflow.py
[2026-05-25T07:57:00.746+0000] {logging_mixin.py:188} INFO - [2026-05-25T07:57:00.745+0000] {dag.py:3089} INFO - Sync 1 DAGs
[2026-05-25T07:57:00.780+0000] {logging_mixin.py:188} INFO - [2026-05-25T07:57:00.780+0000] {dag.py:3947} INFO - Setting next_dagrun for example_setup_teardown_taskflow to 2026-05-24 00:00:00+00:00, run_after=2026-05-25 00:00:00+00:00
[2026-05-25T07:57:00.811+0000] {processor.py:183} INFO - Processing /home/airflow/.local/lib/python3.12/site-packages/airflow/example_dags/example_setup_teardown_taskflow.py took 0.356 seconds
[2026-05-25T07:57:31.207+0000] {processor.py:161} INFO - Started process (PID=234) to work on /home/airflow/.local/lib/python3.12/site-packages/airflow/example_dags/example_setup_teardown_taskflow.py
[2026-05-25T07:57:31.210+0000] {processor.py:830} INFO - Processing file /home/airflow/.local/lib/python3.12/site-packages/airflow/example_dags/example_setup_teardown_taskflow.py for tasks to queue
[2026-05-25T07:57:31.215+0000] {logging_mixin.py:188} INFO - [2026-05-25T07:57:31.214+0000] {dagbag.py:545} INFO - Filling up the DagBag from /home/airflow/.local/lib/python3.12/site-packages/airflow/example_dags/example_setup_teardown_taskflow.py
[2026-05-25T07:57:31.242+0000] {processor.py:840} INFO - DAG(s) 'example_setup_teardown_taskflow' retrieved from /home/airflow/.local/lib/python3.12/site-packages/airflow/example_dags/example_setup_teardown_taskflow.py
[2026-05-25T07:57:31.285+0000] {logging_mixin.py:188} INFO - [2026-05-25T07:57:31.284+0000] {dag.py:3089} INFO - Sync 1 DAGs
[2026-05-25T07:57:31.335+0000] {logging_mixin.py:188} INFO - [2026-05-25T07:57:31.334+0000] {dag.py:3947} INFO - Setting next_dagrun for example_setup_teardown_taskflow to 2026-05-24 00:00:00+00:00, run_after=2026-05-25 00:00:00+00:00
[2026-05-25T07:57:31.393+0000] {processor.py:183} INFO - Processing /home/airflow/.local/lib/python3.12/site-packages/airflow/example_dags/example_setup_teardown_taskflow.py took 0.205 seconds
[2026-05-25T07:58:02.065+0000] {processor.py:161} INFO - Started process (PID=294) to work on /home/airflow/.local/lib/python3.12/site-packages/airflow/example_dags/example_setup_teardown_taskflow.py
[2026-05-25T07:58:02.068+0000] {processor.py:830} INFO - Processing file /home/airflow/.local/lib/python3.12/site-packages/airflow/example_dags/example_setup_teardown_taskflow.py for tasks to queue
[2026-05-25T07:58:02.073+0000] {logging_mixin.py:188} INFO - [2026-05-25T07:58:02.072+0000] {dagbag.py:545} INFO - Filling up the DagBag from /home/airflow/.local/lib/python3.12/site-packages/airflow/example_dags/example_setup_teardown_taskflow.py
[2026-05-25T07:58:02.097+0000] {processor.py:840} INFO - DAG(s) 'example_setup_teardown_taskflow' retrieved from /home/airflow/.local/lib/python3.12/site-packages/airflow/example_dags/example_setup_teardown_taskflow.py
[2026-05-25T07:58:02.162+0000] {logging_mixin.py:188} INFO - [2026-05-25T07:58:02.161+0000] {dag.py:3089} INFO - Sync 1 DAGs
[2026-05-25T07:58:02.216+0000] {logging_mixin.py:188} INFO - [2026-05-25T07:58:02.215+0000] {dag.py:3947} INFO - Setting next_dagrun for example_setup_teardown_taskflow to 2026-05-24 00:00:00+00:00, run_after=2026-05-25 00:00:00+00:00
[2026-05-25T07:58:02.260+0000] {processor.py:183} INFO - Processing /home/airflow/.local/lib/python3.12/site-packages/airflow/example_dags/example_setup_teardown_taskflow.py took 0.208 seconds
[2026-05-25T07:58:32.943+0000] {processor.py:161} INFO - Started process (PID=353) to work on /home/airflow/.local/lib/python3.12/site-packages/airflow/example_dags/example_setup_teardown_taskflow.py
[2026-05-25T07:58:32.945+0000] {processor.py:830} INFO - Processing file /home/airflow/.local/lib/python3.12/site-packages/airflow/example_dags/example_setup_teardown_taskflow.py for tasks to queue
[2026-05-25T07:58:32.950+0000] {logging_mixin.py:188} INFO - [2026-05-25T07:58:32.949+0000] {dagbag.py:545} INFO - Filling up the DagBag from /home/airflow/.local/lib/python3.12/site-packages/airflow/example_dags/example_setup_teardown_taskflow.py
[2026-05-25T07:58:32.974+0000] {processor.py:840} INFO - DAG(s) 'example_setup_teardown_taskflow' retrieved from /home/airflow/.local/lib/python3.12/site-packages/airflow/example_dags/example_setup_teardown_taskflow.py
[2026-05-25T07:58:33.096+0000] {logging_mixin.py:188} INFO - [2026-05-25T07:58:33.095+0000] {dag.py:3089} INFO - Sync 1 DAGs
[2026-05-25T07:58:33.187+0000] {logging_mixin.py:188} INFO - [2026-05-25T07:58:33.185+0000] {dag.py:3947} INFO - Setting next_dagrun for example_setup_teardown_taskflow to 2026-05-24 00:00:00+00:00, run_after=2026-05-25 00:00:00+00:00
[2026-05-25T07:58:33.249+0000] {processor.py:183} INFO - Processing /home/airflow/.local/lib/python3.12/site-packages/airflow/example_dags/example_setup_teardown_taskflow.py took 0.321 seconds
[2026-05-25T07:59:03.344+0000] {processor.py:161} INFO - Started process (PID=412) to work on /home/airflow/.local/lib/python3.12/site-packages/airflow/example_dags/example_setup_teardown_taskflow.py
[2026-05-25T07:59:03.346+0000] {processor.py:830} INFO - Processing file /home/airflow/.local/lib/python3.12/site-packages/airflow/example_dags/example_setup_teardown_taskflow.py for tasks to queue
[2026-05-25T07:59:03.349+0000] {logging_mixin.py:188} INFO - [2026-05-25T07:59:03.348+0000] {dagbag.py:545} INFO - Filling up the DagBag from /home/airflow/.local/lib/python3.12/site-packages/airflow/example_dags/example_setup_teardown_taskflow.py
[2026-05-25T07:59:03.362+0000] {processor.py:840} INFO - DAG(s) 'example_setup_teardown_taskflow' retrieved from /home/airflow/.local/lib/python3.12/site-packages/airflow/example_dags/example_setup_teardown_taskflow.py
[2026-05-25T07:59:03.394+0000] {logging_mixin.py:188} INFO - [2026-05-25T07:59:03.394+0000] {dag.py:3089} INFO - Sync 1 DAGs
[2026-05-25T07:59:03.425+0000] {logging_mixin.py:188} INFO - [2026-05-25T07:59:03.424+0000] {dag.py:3947} INFO - Setting next_dagrun for example_setup_teardown_taskflow to 2026-05-24 00:00:00+00:00, run_after=2026-05-25 00:00:00+00:00
[2026-05-25T07:59:03.452+0000] {processor.py:183} INFO - Processing /home/airflow/.local/lib/python3.12/site-packages/airflow/example_dags/example_setup_teardown_taskflow.py took 0.116 seconds
[2026-05-25T07:59:34.350+0000] {processor.py:161} INFO - Started process (PID=472) to work on /home/airflow/.local/lib/python3.12/site-packages/airflow/example_dags/example_setup_teardown_taskflow.py
[2026-05-25T07:59:34.354+0000] {processor.py:830} INFO - Processing file /home/airflow/.local/lib/python3.12/site-packages/airflow/example_dags/example_setup_teardown_taskflow.py for tasks to queue
[2026-05-25T07:59:34.362+0000] {logging_mixin.py:188} INFO - [2026-05-25T07:59:34.359+0000] {dagbag.py:545} INFO - Filling up the DagBag from /home/airflow/.local/lib/python3.12/site-packages/airflow/example_dags/example_setup_teardown_taskflow.py
[2026-05-25T07:59:34.401+0000] {processor.py:840} INFO - DAG(s) 'example_setup_teardown_taskflow' retrieved from /home/airflow/.local/lib/python3.12/site-packages/airflow/example_dags/example_setup_teardown_taskflow.py
[2026-05-25T07:59:34.486+0000] {logging_mixin.py:188} INFO - [2026-05-25T07:59:34.485+0000] {dag.py:3089} INFO - Sync 1 DAGs
[2026-05-25T07:59:34.541+0000] {logging_mixin.py:188} INFO - [2026-05-25T07:59:34.540+0000] {dag.py:3947} INFO - Setting next_dagrun for example_setup_teardown_taskflow to 2026-05-24 00:00:00+00:00, run_after=2026-05-25 00:00:00+00:00
[2026-05-25T07:59:34.593+0000] {processor.py:183} INFO - Processing /home/airflow/.local/lib/python3.12/site-packages/airflow/example_dags/example_setup_teardown_taskflow.py took 0.266 seconds
[2026-05-25T08:00:09.273+0000] {processor.py:161} INFO - Started process (PID=538) to work on /home/airflow/.local/lib/python3.12/site-packages/airflow/example_dags/example_setup_teardown_taskflow.py
[2026-05-25T08:00:09.303+0000] {processor.py:830} INFO - Processing file /home/airflow/.local/lib/python3.12/site-packages/airflow/example_dags/example_setup_teardown_taskflow.py for tasks to queue
[2026-05-25T08:00:09.345+0000] {logging_mixin.py:188} INFO - [2026-05-25T08:00:09.334+0000] {dagbag.py:545} INFO - Filling up the DagBag from /home/airflow/.local/lib/python3.12/site-packages/airflow/example_dags/example_setup_teardown_taskflow.py
[2026-05-25T08:00:09.631+0000] {processor.py:840} INFO - DAG(s) 'example_setup_teardown_taskflow' retrieved from /home/airflow/.local/lib/python3.12/site-packages/airflow/example_dags/example_setup_teardown_taskflow.py
[2026-05-25T08:00:09.954+0000] {logging_mixin.py:188} INFO - [2026-05-25T08:00:09.954+0000] {dag.py:3089} INFO - Sync 1 DAGs
[2026-05-25T08:00:10.354+0000] {logging_mixin.py:188} INFO - [2026-05-25T08:00:10.353+0000] {dag.py:3947} INFO - Setting next_dagrun for example_setup_teardown_taskflow to 2026-05-24 00:00:00+00:00, run_after=2026-05-25 00:00:00+00:00
[2026-05-25T08:00:10.738+0000] {processor.py:183} INFO - Processing /home/airflow/.local/lib/python3.12/site-packages/airflow/example_dags/example_setup_teardown_taskflow.py took 1.555 seconds
[2026-05-25T08:00:41.447+0000] {processor.py:161} INFO - Started process (PID=599) to work on /home/airflow/.local/lib/python3.12/site-packages/airflow/example_dags/example_setup_teardown_taskflow.py
[2026-05-25T08:00:41.453+0000] {processor.py:830} INFO - Processing file /home/airflow/.local/lib/python3.12/site-packages/airflow/example_dags/example_setup_teardown_taskflow.py for tasks to queue
[2026-05-25T08:00:41.460+0000] {logging_mixin.py:188} INFO - [2026-05-25T08:00:41.459+0000] {dagbag.py:545} INFO - Filling up the DagBag from /home/airflow/.local/lib/python3.12/site-packages/airflow/example_dags/example_setup_teardown_taskflow.py
[2026-05-25T08:00:41.496+0000] {processor.py:840} INFO - DAG(s) 'example_setup_teardown_taskflow' retrieved from /home/airflow/.local/lib/python3.12/site-packages/airflow/example_dags/example_setup_teardown_taskflow.py
[2026-05-25T08:00:41.615+0000] {logging_mixin.py:188} INFO - [2026-05-25T08:00:41.614+0000] {dag.py:3089} INFO - Sync 1 DAGs
[2026-05-25T08:00:41.714+0000] {logging_mixin.py:188} INFO - [2026-05-25T08:00:41.714+0000] {dag.py:3947} INFO - Setting next_dagrun for example_setup_teardown_taskflow to 2026-05-24 00:00:00+00:00, run_after=2026-05-25 00:00:00+00:00
[2026-05-25T08:00:41.756+0000] {processor.py:183} INFO - Processing /home/airflow/.local/lib/python3.12/site-packages/airflow/example_dags/example_setup_teardown_taskflow.py took 0.342 seconds
[2026-05-25T08:01:12.045+0000] {processor.py:161} INFO - Started process (PID=660) to work on /home/airflow/.local/lib/python3.12/site-packages/airflow/example_dags/example_setup_teardown_taskflow.py
[2026-05-25T08:01:12.048+0000] {processor.py:830} INFO - Processing file /home/airflow/.local/lib/python3.12/site-packages/airflow/example_dags/example_setup_teardown_taskflow.py for tasks to queue
[2026-05-25T08:01:12.055+0000] {logging_mixin.py:188} INFO - [2026-05-25T08:01:12.054+0000] {dagbag.py:545} INFO - Filling up the DagBag from /home/airflow/.local/lib/python3.12/site-packages/airflow/example_dags/example_setup_teardown_taskflow.py
[2026-05-25T08:01:12.108+0000] {processor.py:840} INFO - DAG(s) 'example_setup_teardown_taskflow' retrieved from /home/airflow/.local/lib/python3.12/site-packages/airflow/example_dags/example_setup_teardown_taskflow.py
[2026-05-25T08:01:12.190+0000] {logging_mixin.py:188} INFO - [2026-05-25T08:01:12.190+0000] {dag.py:3089} INFO - Sync 1 DAGs
[2026-05-25T08:01:12.242+0000] {logging_mixin.py:188} INFO - [2026-05-25T08:01:12.242+0000] {dag.py:3947} INFO - Setting next_dagrun for example_setup_teardown_taskflow to 2026-05-24 00:00:00+00:00, run_after=2026-05-25 00:00:00+00:00
[2026-05-25T08:01:12.303+0000] {processor.py:183} INFO - Processing /home/airflow/.local/lib/python3.12/site-packages/airflow/example_dags/example_setup_teardown_taskflow.py took 0.273 seconds
[2026-05-25T08:01:42.593+0000] {processor.py:161} INFO - Started process (PID=719) to work on /home/airflow/.local/lib/python3.12/site-packages/airflow/example_dags/example_setup_teardown_taskflow.py
[2026-05-25T08:01:42.596+0000] {processor.py:830} INFO - Processing file /home/airflow/.local/lib/python3.12/site-packages/airflow/example_dags/example_setup_teardown_taskflow.py for tasks to queue
[2026-05-25T08:01:42.600+0000] {logging_mixin.py:188} INFO - [2026-05-25T08:01:42.599+0000] {dagbag.py:545} INFO - Filling up the DagBag from /home/airflow/.local/lib/python3.12/site-packages/airflow/example_dags/example_setup_teardown_taskflow.py
[2026-05-25T08:01:42.617+0000] {processor.py:840} INFO - DAG(s) 'example_setup_teardown_taskflow' retrieved from /home/airflow/.local/lib/python3.12/site-packages/airflow/example_dags/example_setup_teardown_taskflow.py
[2026-05-25T08:01:42.667+0000] {logging_mixin.py:188} INFO - [2026-05-25T08:01:42.667+0000] {dag.py:3089} INFO - Sync 1 DAGs
[2026-05-25T08:01:42.708+0000] {logging_mixin.py:188} INFO - [2026-05-25T08:01:42.708+0000] {dag.py:3947} INFO - Setting next_dagrun for example_setup_teardown_taskflow to 2026-05-24 00:00:00+00:00, run_after=2026-05-25 00:00:00+00:00
[2026-05-25T08:01:42.753+0000] {processor.py:183} INFO - Processing /home/airflow/.local/lib/python3.12/site-packages/airflow/example_dags/example_setup_teardown_taskflow.py took 0.172 seconds
[2026-05-25T08:02:12.923+0000] {processor.py:161} INFO - Started process (PID=779) to work on /home/airflow/.local/lib/python3.12/site-packages/airflow/example_dags/example_setup_teardown_taskflow.py
[2026-05-25T08:02:12.926+0000] {processor.py:830} INFO - Processing file /home/airflow/.local/lib/python3.12/site-packages/airflow/example_dags/example_setup_teardown_taskflow.py for tasks to queue
[2026-05-25T08:02:12.930+0000] {logging_mixin.py:188} INFO - [2026-05-25T08:02:12.929+0000] {dagbag.py:545} INFO - Filling up the DagBag from /home/airflow/.local/lib/python3.12/site-packages/airflow/example_dags/example_setup_teardown_taskflow.py
[2026-05-25T08:02:12.951+0000] {processor.py:840} INFO - DAG(s) 'example_setup_teardown_taskflow' retrieved from /home/airflow/.local/lib/python3.12/site-packages/airflow/example_dags/example_setup_teardown_taskflow.py
[2026-05-25T08:02:13.003+0000] {logging_mixin.py:188} INFO - [2026-05-25T08:02:13.002+0000] {dag.py:3089} INFO - Sync 1 DAGs
[2026-05-25T08:02:13.047+0000] {logging_mixin.py:188} INFO - [2026-05-25T08:02:13.046+0000] {dag.py:3947} INFO - Setting next_dagrun for example_setup_teardown_taskflow to 2026-05-24 00:00:00+00:00, run_after=2026-05-25 00:00:00+00:00
[2026-05-25T08:02:13.093+0000] {processor.py:183} INFO - Processing /home/airflow/.local/lib/python3.12/site-packages/airflow/example_dags/example_setup_teardown_taskflow.py took 0.187 seconds
[2026-05-25T08:02:43.483+0000] {processor.py:161} INFO - Started process (PID=838) to work on /home/airflow/.local/lib/python3.12/site-packages/airflow/example_dags/example_setup_teardown_taskflow.py
[2026-05-25T08:02:43.485+0000] {processor.py:830} INFO - Processing file /home/airflow/.local/lib/python3.12/site-packages/airflow/example_dags/example_setup_teardown_taskflow.py for tasks to queue
[2026-05-25T08:02:43.491+0000] {logging_mixin.py:188} INFO - [2026-05-25T08:02:43.490+0000] {dagbag.py:545} INFO - Filling up the DagBag from /home/airflow/.local/lib/python3.12/site-packages/airflow/example_dags/example_setup_teardown_taskflow.py
[2026-05-25T08:02:43.522+0000] {processor.py:840} INFO - DAG(s) 'example_setup_teardown_taskflow' retrieved from /home/airflow/.local/lib/python3.12/site-packages/airflow/example_dags/example_setup_teardown_taskflow.py
[2026-05-25T08:02:43.582+0000] {logging_mixin.py:188} INFO - [2026-05-25T08:02:43.581+0000] {dag.py:3089} INFO - Sync 1 DAGs
[2026-05-25T08:02:43.641+0000] {logging_mixin.py:188} INFO - [2026-05-25T08:02:43.641+0000] {dag.py:3947} INFO - Setting next_dagrun for example_setup_teardown_taskflow to 2026-05-24 00:00:00+00:00, run_after=2026-05-25 00:00:00+00:00
[2026-05-25T08:02:43.698+0000] {processor.py:183} INFO - Processing /home/airflow/.local/lib/python3.12/site-packages/airflow/example_dags/example_setup_teardown_taskflow.py took 0.228 seconds
[2026-05-25T08:03:14.193+0000] {processor.py:161} INFO - Started process (PID=897) to work on /home/airflow/.local/lib/python3.12/site-packages/airflow/example_dags/example_setup_teardown_taskflow.py
[2026-05-25T08:03:14.197+0000] {processor.py:830} INFO - Processing file /home/airflow/.local/lib/python3.12/site-packages/airflow/example_dags/example_setup_teardown_taskflow.py for tasks to queue
[2026-05-25T08:03:14.202+0000] {logging_mixin.py:188} INFO - [2026-05-25T08:03:14.201+0000] {dagbag.py:545} INFO - Filling up the DagBag from /home/airflow/.local/lib/python3.12/site-packages/airflow/example_dags/example_setup_teardown_taskflow.py
[2026-05-25T08:03:14.222+0000] {processor.py:840} INFO - DAG(s) 'example_setup_teardown_taskflow' retrieved from /home/airflow/.local/lib/python3.12/site-packages/airflow/example_dags/example_setup_teardown_taskflow.py
[2026-05-25T08:03:14.276+0000] {logging_mixin.py:188} INFO - [2026-05-25T08:03:14.275+0000] {dag.py:3089} INFO - Sync 1 DAGs
[2026-05-25T08:03:14.327+0000] {logging_mixin.py:188} INFO - [2026-05-25T08:03:14.326+0000] {dag.py:3947} INFO - Setting next_dagrun for example_setup_teardown_taskflow to 2026-05-24 00:00:00+00:00, run_after=2026-05-25 00:00:00+00:00
[2026-05-25T08:03:14.373+0000] {processor.py:183} INFO - Processing /home/airflow/.local/lib/python3.12/site-packages/airflow/example_dags/example_setup_teardown_taskflow.py took 0.203 seconds
[2026-05-25T08:03:44.665+0000] {processor.py:161} INFO - Started process (PID=955) to work on /home/airflow/.local/lib/python3.12/site-packages/airflow/example_dags/example_setup_teardown_taskflow.py
[2026-05-25T08:03:44.668+0000] {processor.py:830} INFO - Processing file /home/airflow/.local/lib/python3.12/site-packages/airflow/example_dags/example_setup_teardown_taskflow.py for tasks to queue
[2026-05-25T08:03:44.674+0000] {logging_mixin.py:188} INFO - [2026-05-25T08:03:44.673+0000] {dagbag.py:545} INFO - Filling up the DagBag from /home/airflow/.local/lib/python3.12/site-packages/airflow/example_dags/example_setup_teardown_taskflow.py
[2026-05-25T08:03:44.701+0000] {processor.py:840} INFO - DAG(s) 'example_setup_teardown_taskflow' retrieved from /home/airflow/.local/lib/python3.12/site-packages/airflow/example_dags/example_setup_teardown_taskflow.py
[2026-05-25T08:03:44.763+0000] {logging_mixin.py:188} INFO - [2026-05-25T08:03:44.763+0000] {dag.py:3089} INFO - Sync 1 DAGs
[2026-05-25T08:03:44.838+0000] {logging_mixin.py:188} INFO - [2026-05-25T08:03:44.837+0000] {dag.py:3947} INFO - Setting next_dagrun for example_setup_teardown_taskflow to 2026-05-24 00:00:00+00:00, run_after=2026-05-25 00:00:00+00:00
[2026-05-25T08:03:44.909+0000] {processor.py:183} INFO - Processing /home/airflow/.local/lib/python3.12/site-packages/airflow/example_dags/example_setup_teardown_taskflow.py took 0.261 seconds
[2026-05-25T08:04:15.689+0000] {processor.py:161} INFO - Started process (PID=1014) to work on /home/airflow/.local/lib/python3.12/site-packages/airflow/example_dags/example_setup_teardown_taskflow.py
[2026-05-25T08:04:15.693+0000] {processor.py:830} INFO - Processing file /home/airflow/.local/lib/python3.12/site-packages/airflow/example_dags/example_setup_teardown_taskflow.py for tasks to queue
[2026-05-25T08:04:15.700+0000] {logging_mixin.py:188} INFO - [2026-05-25T08:04:15.699+0000] {dagbag.py:545} INFO - Filling up the DagBag from /home/airflow/.local/lib/python3.12/site-packages/airflow/example_dags/example_setup_teardown_taskflow.py
[2026-05-25T08:04:15.732+0000] {processor.py:840} INFO - DAG(s) 'example_setup_teardown_taskflow' retrieved from /home/airflow/.local/lib/python3.12/site-packages/airflow/example_dags/example_setup_teardown_taskflow.py
[2026-05-25T08:04:15.822+0000] {logging_mixin.py:188} INFO - [2026-05-25T08:04:15.821+0000] {dag.py:3089} INFO - Sync 1 DAGs
[2026-05-25T08:04:15.882+0000] {logging_mixin.py:188} INFO - [2026-05-25T08:04:15.882+0000] {dag.py:3947} INFO - Setting next_dagrun for example_setup_teardown_taskflow to 2026-05-24 00:00:00+00:00, run_after=2026-05-25 00:00:00+00:00
[2026-05-25T08:04:15.938+0000] {processor.py:183} INFO - Processing /home/airflow/.local/lib/python3.12/site-packages/airflow/example_dags/example_setup_teardown_taskflow.py took 0.272 seconds
[2026-05-25T08:04:46.284+0000] {processor.py:161} INFO - Started process (PID=1073) to work on /home/airflow/.local/lib/python3.12/site-packages/airflow/example_dags/example_setup_teardown_taskflow.py
[2026-05-25T08:04:46.286+0000] {processor.py:830} INFO - Processing file /home/airflow/.local/lib/python3.12/site-packages/airflow/example_dags/example_setup_teardown_taskflow.py for tasks to queue
[2026-05-25T08:04:46.290+0000] {logging_mixin.py:188} INFO - [2026-05-25T08:04:46.289+0000] {dagbag.py:545} INFO - Filling up the DagBag from /home/airflow/.local/lib/python3.12/site-packages/airflow/example_dags/example_setup_teardown_taskflow.py
[2026-05-25T08:04:46.304+0000] {processor.py:840} INFO - DAG(s) 'example_setup_teardown_taskflow' retrieved from /home/airflow/.local/lib/python3.12/site-packages/airflow/example_dags/example_setup_teardown_taskflow.py
[2026-05-25T08:04:46.338+0000] {logging_mixin.py:188} INFO - [2026-05-25T08:04:46.338+0000] {dag.py:3089} INFO - Sync 1 DAGs
[2026-05-25T08:04:46.371+0000] {logging_mixin.py:188} INFO - [2026-05-25T08:04:46.371+0000] {dag.py:3947} INFO - Setting next_dagrun for example_setup_teardown_taskflow to 2026-05-24 00:00:00+00:00, run_after=2026-05-25 00:00:00+00:00
[2026-05-25T08:04:46.401+0000] {processor.py:183} INFO - Processing /home/airflow/.local/lib/python3.12/site-packages/airflow/example_dags/example_setup_teardown_taskflow.py took 0.126 seconds
[2026-05-25T08:05:16.497+0000] {processor.py:161} INFO - Started process (PID=1133) to work on /home/airflow/.local/lib/python3.12/site-packages/airflow/example_dags/example_setup_teardown_taskflow.py
[2026-05-25T08:05:16.499+0000] {processor.py:830} INFO - Processing file /home/airflow/.local/lib/python3.12/site-packages/airflow/example_dags/example_setup_teardown_taskflow.py for tasks to queue
[2026-05-25T08:05:16.504+0000] {logging_mixin.py:188} INFO - [2026-05-25T08:05:16.502+0000] {dagbag.py:545} INFO - Filling up the DagBag from /home/airflow/.local/lib/python3.12/site-packages/airflow/example_dags/example_setup_teardown_taskflow.py
[2026-05-25T08:05:16.543+0000] {processor.py:840} INFO - DAG(s) 'example_setup_teardown_taskflow' retrieved from /home/airflow/.local/lib/python3.12/site-packages/airflow/example_dags/example_setup_teardown_taskflow.py
[2026-05-25T08:05:16.623+0000] {logging_mixin.py:188} INFO - [2026-05-25T08:05:16.622+0000] {dag.py:3089} INFO - Sync 1 DAGs
[2026-05-25T08:05:16.671+0000] {logging_mixin.py:188} INFO - [2026-05-25T08:05:16.670+0000] {dag.py:3947} INFO - Setting next_dagrun for example_setup_teardown_taskflow to 2026-05-24 00:00:00+00:00, run_after=2026-05-25 00:00:00+00:00
[2026-05-25T08:05:16.714+0000] {processor.py:183} INFO - Processing /home/airflow/.local/lib/python3.12/site-packages/airflow/example_dags/example_setup_teardown_taskflow.py took 0.227 seconds
[2026-05-25T08:05:47.577+0000] {processor.py:161} INFO - Started process (PID=1193) to work on /home/airflow/.local/lib/python3.12/site-packages/airflow/example_dags/example_setup_teardown_taskflow.py
[2026-05-25T08:05:47.580+0000] {processor.py:830} INFO - Processing file /home/airflow/.local/lib/python3.12/site-packages/airflow/example_dags/example_setup_teardown_taskflow.py for tasks to queue
[2026-05-25T08:05:47.584+0000] {logging_mixin.py:188} INFO - [2026-05-25T08:05:47.583+0000] {dagbag.py:545} INFO - Filling up the DagBag from /home/airflow/.local/lib/python3.12/site-packages/airflow/example_dags/example_setup_teardown_taskflow.py
[2026-05-25T08:05:47.608+0000] {processor.py:840} INFO - DAG(s) 'example_setup_teardown_taskflow' retrieved from /home/airflow/.local/lib/python3.12/site-packages/airflow/example_dags/example_setup_teardown_taskflow.py
[2026-05-25T08:05:47.730+0000] {logging_mixin.py:188} INFO - [2026-05-25T08:05:47.729+0000] {dag.py:3089} INFO - Sync 1 DAGs
[2026-05-25T08:05:47.878+0000] {logging_mixin.py:188} INFO - [2026-05-25T08:05:47.874+0000] {dag.py:3947} INFO - Setting next_dagrun for example_setup_teardown_taskflow to 2026-05-24 00:00:00+00:00, run_after=2026-05-25 00:00:00+00:00
[2026-05-25T08:05:47.953+0000] {processor.py:183} INFO - Processing /home/airflow/.local/lib/python3.12/site-packages/airflow/example_dags/example_setup_teardown_taskflow.py took 0.398 seconds
[2026-05-25T08:06:18.083+0000] {processor.py:161} INFO - Started process (PID=1253) to work on /home/airflow/.local/lib/python3.12/site-packages/airflow/example_dags/example_setup_teardown_taskflow.py
[2026-05-25T08:06:18.086+0000] {processor.py:830} INFO - Processing file /home/airflow/.local/lib/python3.12/site-packages/airflow/example_dags/example_setup_teardown_taskflow.py for tasks to queue
[2026-05-25T08:06:18.093+0000] {logging_mixin.py:188} INFO - [2026-05-25T08:06:18.092+0000] {dagbag.py:545} INFO - Filling up the DagBag from /home/airflow/.local/lib/python3.12/site-packages/airflow/example_dags/example_setup_teardown_taskflow.py
[2026-05-25T08:06:18.121+0000] {processor.py:840} INFO - DAG(s) 'example_setup_teardown_taskflow' retrieved from /home/airflow/.local/lib/python3.12/site-packages/airflow/example_dags/example_setup_teardown_taskflow.py
[2026-05-25T08:06:18.166+0000] {logging_mixin.py:188} INFO - [2026-05-25T08:06:18.166+0000] {dag.py:3089} INFO - Sync 1 DAGs
[2026-05-25T08:06:18.225+0000] {logging_mixin.py:188} INFO - [2026-05-25T08:06:18.224+0000] {dag.py:3947} INFO - Setting next_dagrun for example_setup_teardown_taskflow to 2026-05-24 00:00:00+00:00, run_after=2026-05-25 00:00:00+00:00
[2026-05-25T08:06:18.277+0000] {processor.py:183} INFO - Processing /home/airflow/.local/lib/python3.12/site-packages/airflow/example_dags/example_setup_teardown_taskflow.py took 0.215 seconds
[2026-05-25T08:06:48.449+0000] {processor.py:161} INFO - Started process (PID=1313) to work on /home/airflow/.local/lib/python3.12/site-packages/airflow/example_dags/example_setup_teardown_taskflow.py
[2026-05-25T08:06:48.454+0000] {processor.py:830} INFO - Processing file /home/airflow/.local/lib/python3.12/site-packages/airflow/example_dags/example_setup_teardown_taskflow.py for tasks to queue
[2026-05-25T08:06:48.458+0000] {logging_mixin.py:188} INFO - [2026-05-25T08:06:48.458+0000] {dagbag.py:545} INFO - Filling up the DagBag from /home/airflow/.local/lib/python3.12/site-packages/airflow/example_dags/example_setup_teardown_taskflow.py
[2026-05-25T08:06:48.488+0000] {processor.py:840} INFO - DAG(s) 'example_setup_teardown_taskflow' retrieved from /home/airflow/.local/lib/python3.12/site-packages/airflow/example_dags/example_setup_teardown_taskflow.py
[2026-05-25T08:06:48.549+0000] {logging_mixin.py:188} INFO - [2026-05-25T08:06:48.548+0000] {dag.py:3089} INFO - Sync 1 DAGs
[2026-05-25T08:06:48.610+0000] {logging_mixin.py:188} INFO - [2026-05-25T08:06:48.609+0000] {dag.py:3947} INFO - Setting next_dagrun for example_setup_teardown_taskflow to 2026-05-24 00:00:00+00:00, run_after=2026-05-25 00:00:00+00:00
[2026-05-25T08:06:48.652+0000] {processor.py:183} INFO - Processing /home/airflow/.local/lib/python3.12/site-packages/airflow/example_dags/example_setup_teardown_taskflow.py took 0.218 seconds
[2026-05-25T08:07:20.406+0000] {processor.py:161} INFO - Started process (PID=1373) to work on /home/airflow/.local/lib/python3.12/site-packages/airflow/example_dags/example_setup_teardown_taskflow.py
[2026-05-25T08:07:20.408+0000] {processor.py:830} INFO - Processing file /home/airflow/.local/lib/python3.12/site-packages/airflow/example_dags/example_setup_teardown_taskflow.py for tasks to queue
[2026-05-25T08:07:20.412+0000] {logging_mixin.py:188} INFO - [2026-05-25T08:07:20.411+0000] {dagbag.py:545} INFO - Filling up the DagBag from /home/airflow/.local/lib/python3.12/site-packages/airflow/example_dags/example_setup_teardown_taskflow.py
[2026-05-25T08:07:20.438+0000] {processor.py:840} INFO - DAG(s) 'example_setup_teardown_taskflow' retrieved from /home/airflow/.local/lib/python3.12/site-packages/airflow/example_dags/example_setup_teardown_taskflow.py
[2026-05-25T08:07:20.489+0000] {logging_mixin.py:188} INFO - [2026-05-25T08:07:20.489+0000] {dag.py:3089} INFO - Sync 1 DAGs
[2026-05-25T08:07:20.548+0000] {logging_mixin.py:188} INFO - [2026-05-25T08:07:20.548+0000] {dag.py:3947} INFO - Setting next_dagrun for example_setup_teardown_taskflow to 2026-05-24 00:00:00+00:00, run_after=2026-05-25 00:00:00+00:00
[2026-05-25T08:07:20.608+0000] {processor.py:183} INFO - Processing /home/airflow/.local/lib/python3.12/site-packages/airflow/example_dags/example_setup_teardown_taskflow.py took 0.216 seconds
[2026-05-25T08:07:53.022+0000] {processor.py:161} INFO - Started process (PID=1432) to work on /home/airflow/.local/lib/python3.12/site-packages/airflow/example_dags/example_setup_teardown_taskflow.py
[2026-05-25T08:07:53.025+0000] {processor.py:830} INFO - Processing file /home/airflow/.local/lib/python3.12/site-packages/airflow/example_dags/example_setup_teardown_taskflow.py for tasks to queue
[2026-05-25T08:07:53.036+0000] {logging_mixin.py:188} INFO - [2026-05-25T08:07:53.035+0000] {dagbag.py:545} INFO - Filling up the DagBag from /home/airflow/.local/lib/python3.12/site-packages/airflow/example_dags/example_setup_teardown_taskflow.py
[2026-05-25T08:07:53.062+0000] {processor.py:840} INFO - DAG(s) 'example_setup_teardown_taskflow' retrieved from /home/airflow/.local/lib/python3.12/site-packages/airflow/example_dags/example_setup_teardown_taskflow.py
[2026-05-25T08:07:53.111+0000] {logging_mixin.py:188} INFO - [2026-05-25T08:07:53.110+0000] {dag.py:3089} INFO - Sync 1 DAGs
[2026-05-25T08:07:53.171+0000] {logging_mixin.py:188} INFO - [2026-05-25T08:07:53.171+0000] {dag.py:3947} INFO - Setting next_dagrun for example_setup_teardown_taskflow to 2026-05-24 00:00:00+00:00, run_after=2026-05-25 00:00:00+00:00
[2026-05-25T08:07:53.225+0000] {processor.py:183} INFO - Processing /home/airflow/.local/lib/python3.12/site-packages/airflow/example_dags/example_setup_teardown_taskflow.py took 0.214 seconds
[2026-05-25T08:08:23.554+0000] {processor.py:161} INFO - Started process (PID=1492) to work on /home/airflow/.local/lib/python3.12/site-packages/airflow/example_dags/example_setup_teardown_taskflow.py
[2026-05-25T08:08:23.556+0000] {processor.py:830} INFO - Processing file /home/airflow/.local/lib/python3.12/site-packages/airflow/example_dags/example_setup_teardown_taskflow.py for tasks to queue
[2026-05-25T08:08:23.561+0000] {logging_mixin.py:188} INFO - [2026-05-25T08:08:23.560+0000] {dagbag.py:545} INFO - Filling up the DagBag from /home/airflow/.local/lib/python3.12/site-packages/airflow/example_dags/example_setup_teardown_taskflow.py
[2026-05-25T08:08:23.592+0000] {processor.py:840} INFO - DAG(s) 'example_setup_teardown_taskflow' retrieved from /home/airflow/.local/lib/python3.12/site-packages/airflow/example_dags/example_setup_teardown_taskflow.py
[2026-05-25T08:08:23.683+0000] {logging_mixin.py:188} INFO - [2026-05-25T08:08:23.680+0000] {dag.py:3089} INFO - Sync 1 DAGs
[2026-05-25T08:08:23.775+0000] {logging_mixin.py:188} INFO - [2026-05-25T08:08:23.774+0000] {dag.py:3947} INFO - Setting next_dagrun for example_setup_teardown_taskflow to 2026-05-24 00:00:00+00:00, run_after=2026-05-25 00:00:00+00:00
[2026-05-25T08:08:23.835+0000] {processor.py:183} INFO - Processing /home/airflow/.local/lib/python3.12/site-packages/airflow/example_dags/example_setup_teardown_taskflow.py took 0.298 seconds
[2026-05-25T08:08:54.525+0000] {processor.py:161} INFO - Started process (PID=1552) to work on /home/airflow/.local/lib/python3.12/site-packages/airflow/example_dags/example_setup_teardown_taskflow.py
[2026-05-25T08:08:54.527+0000] {processor.py:830} INFO - Processing file /home/airflow/.local/lib/python3.12/site-packages/airflow/example_dags/example_setup_teardown_taskflow.py for tasks to queue
[2026-05-25T08:08:54.531+0000] {logging_mixin.py:188} INFO - [2026-05-25T08:08:54.531+0000] {dagbag.py:545} INFO - Filling up the DagBag from /home/airflow/.local/lib/python3.12/site-packages/airflow/example_dags/example_setup_teardown_taskflow.py
[2026-05-25T08:08:54.549+0000] {processor.py:840} INFO - DAG(s) 'example_setup_teardown_taskflow' retrieved from /home/airflow/.local/lib/python3.12/site-packages/airflow/example_dags/example_setup_teardown_taskflow.py
[2026-05-25T08:08:54.592+0000] {logging_mixin.py:188} INFO - [2026-05-25T08:08:54.592+0000] {dag.py:3089} INFO - Sync 1 DAGs
[2026-05-25T08:08:54.639+0000] {logging_mixin.py:188} INFO - [2026-05-25T08:08:54.639+0000] {dag.py:3947} INFO - Setting next_dagrun for example_setup_teardown_taskflow to 2026-05-24 00:00:00+00:00, run_after=2026-05-25 00:00:00+00:00
[2026-05-25T08:08:54.677+0000] {processor.py:183} INFO - Processing /home/airflow/.local/lib/python3.12/site-packages/airflow/example_dags/example_setup_teardown_taskflow.py took 0.168 seconds
[2026-05-25T08:09:26.152+0000] {processor.py:161} INFO - Started process (PID=1612) to work on /home/airflow/.local/lib/python3.12/site-packages/airflow/example_dags/example_setup_teardown_taskflow.py
[2026-05-25T08:09:26.153+0000] {processor.py:830} INFO - Processing file /home/airflow/.local/lib/python3.12/site-packages/airflow/example_dags/example_setup_teardown_taskflow.py for tasks to queue
[2026-05-25T08:09:26.158+0000] {logging_mixin.py:188} INFO - [2026-05-25T08:09:26.157+0000] {dagbag.py:545} INFO - Filling up the DagBag from /home/airflow/.local/lib/python3.12/site-packages/airflow/example_dags/example_setup_teardown_taskflow.py
[2026-05-25T08:09:26.176+0000] {processor.py:840} INFO - DAG(s) 'example_setup_teardown_taskflow' retrieved from /home/airflow/.local/lib/python3.12/site-packages/airflow/example_dags/example_setup_teardown_taskflow.py
[2026-05-25T08:09:26.227+0000] {logging_mixin.py:188} INFO - [2026-05-25T08:09:26.227+0000] {dag.py:3089} INFO - Sync 1 DAGs
[2026-05-25T08:09:26.284+0000] {logging_mixin.py:188} INFO - [2026-05-25T08:09:26.283+0000] {dag.py:3947} INFO - Setting next_dagrun for example_setup_teardown_taskflow to 2026-05-24 00:00:00+00:00, run_after=2026-05-25 00:00:00+00:00
[2026-05-25T08:09:26.353+0000] {processor.py:183} INFO - Processing /home/airflow/.local/lib/python3.12/site-packages/airflow/example_dags/example_setup_teardown_taskflow.py took 0.212 seconds
[2026-05-25T08:09:56.960+0000] {processor.py:161} INFO - Started process (PID=1669) to work on /home/airflow/.local/lib/python3.12/site-packages/airflow/example_dags/example_setup_teardown_taskflow.py
[2026-05-25T08:09:56.962+0000] {processor.py:830} INFO - Processing file /home/airflow/.local/lib/python3.12/site-packages/airflow/example_dags/example_setup_teardown_taskflow.py for tasks to queue
[2026-05-25T08:09:56.965+0000] {logging_mixin.py:188} INFO - [2026-05-25T08:09:56.965+0000] {dagbag.py:545} INFO - Filling up the DagBag from /home/airflow/.local/lib/python3.12/site-packages/airflow/example_dags/example_setup_teardown_taskflow.py
[2026-05-25T08:09:56.983+0000] {processor.py:840} INFO - DAG(s) 'example_setup_teardown_taskflow' retrieved from /home/airflow/.local/lib/python3.12/site-packages/airflow/example_dags/example_setup_teardown_taskflow.py
[2026-05-25T08:09:57.030+0000] {logging_mixin.py:188} INFO - [2026-05-25T08:09:57.028+0000] {dag.py:3089} INFO - Sync 1 DAGs
[2026-05-25T08:09:57.130+0000] {logging_mixin.py:188} INFO - [2026-05-25T08:09:57.130+0000] {dag.py:3947} INFO - Setting next_dagrun for example_setup_teardown_taskflow to 2026-05-24 00:00:00+00:00, run_after=2026-05-25 00:00:00+00:00
[2026-05-25T08:09:57.167+0000] {processor.py:183} INFO - Processing /home/airflow/.local/lib/python3.12/site-packages/airflow/example_dags/example_setup_teardown_taskflow.py took 0.220 seconds
[2026-05-25T08:10:27.641+0000] {processor.py:161} INFO - Started process (PID=1729) to work on /home/airflow/.local/lib/python3.12/site-packages/airflow/example_dags/example_setup_teardown_taskflow.py
[2026-05-25T08:10:27.643+0000] {processor.py:830} INFO - Processing file /home/airflow/.local/lib/python3.12/site-packages/airflow/example_dags/example_setup_teardown_taskflow.py for tasks to queue
[2026-05-25T08:10:27.648+0000] {logging_mixin.py:188} INFO - [2026-05-25T08:10:27.647+0000] {dagbag.py:545} INFO - Filling up the DagBag from /home/airflow/.local/lib/python3.12/site-packages/airflow/example_dags/example_setup_teardown_taskflow.py
[2026-05-25T08:10:27.682+0000] {processor.py:840} INFO - DAG(s) 'example_setup_teardown_taskflow' retrieved from /home/airflow/.local/lib/python3.12/site-packages/airflow/example_dags/example_setup_teardown_taskflow.py
[2026-05-25T08:10:27.745+0000] {logging_mixin.py:188} INFO - [2026-05-25T08:10:27.744+0000] {dag.py:3089} INFO - Sync 1 DAGs
[2026-05-25T08:10:27.804+0000] {logging_mixin.py:188} INFO - [2026-05-25T08:10:27.803+0000] {dag.py:3947} INFO - Setting next_dagrun for example_setup_teardown_taskflow to 2026-05-24 00:00:00+00:00, run_after=2026-05-25 00:00:00+00:00
[2026-05-25T08:10:27.851+0000] {processor.py:183} INFO - Processing /home/airflow/.local/lib/python3.12/site-packages/airflow/example_dags/example_setup_teardown_taskflow.py took 0.227 seconds
[2026-05-25T08:10:58.260+0000] {processor.py:161} INFO - Started process (PID=1790) to work on /home/airflow/.local/lib/python3.12/site-packages/airflow/example_dags/example_setup_teardown_taskflow.py
[2026-05-25T08:10:58.263+0000] {processor.py:830} INFO - Processing file /home/airflow/.local/lib/python3.12/site-packages/airflow/example_dags/example_setup_teardown_taskflow.py for tasks to queue
[2026-05-25T08:10:58.268+0000] {logging_mixin.py:188} INFO - [2026-05-25T08:10:58.267+0000] {dagbag.py:545} INFO - Filling up the DagBag from /home/airflow/.local/lib/python3.12/site-packages/airflow/example_dags/example_setup_teardown_taskflow.py
[2026-05-25T08:10:58.299+0000] {processor.py:840} INFO - DAG(s) 'example_setup_teardown_taskflow' retrieved from /home/airflow/.local/lib/python3.12/site-packages/airflow/example_dags/example_setup_teardown_taskflow.py
[2026-05-25T08:10:58.356+0000] {logging_mixin.py:188} INFO - [2026-05-25T08:10:58.356+0000] {dag.py:3089} INFO - Sync 1 DAGs
[2026-05-25T08:10:58.454+0000] {logging_mixin.py:188} INFO - [2026-05-25T08:10:58.453+0000] {dag.py:3947} INFO - Setting next_dagrun for example_setup_teardown_taskflow to 2026-05-24 00:00:00+00:00, run_after=2026-05-25 00:00:00+00:00
[2026-05-25T08:10:58.520+0000] {processor.py:183} INFO - Processing /home/airflow/.local/lib/python3.12/site-packages/airflow/example_dags/example_setup_teardown_taskflow.py took 0.278 seconds
[2026-05-25T08:11:31.486+0000] {processor.py:161} INFO - Started process (PID=1850) to work on /home/airflow/.local/lib/python3.12/site-packages/airflow/example_dags/example_setup_teardown_taskflow.py
[2026-05-25T08:11:31.488+0000] {processor.py:830} INFO - Processing file /home/airflow/.local/lib/python3.12/site-packages/airflow/example_dags/example_setup_teardown_taskflow.py for tasks to queue
[2026-05-25T08:11:31.496+0000] {logging_mixin.py:188} INFO - [2026-05-25T08:11:31.494+0000] {dagbag.py:545} INFO - Filling up the DagBag from /home/airflow/.local/lib/python3.12/site-packages/airflow/example_dags/example_setup_teardown_taskflow.py
[2026-05-25T08:11:31.535+0000] {processor.py:840} INFO - DAG(s) 'example_setup_teardown_taskflow' retrieved from /home/airflow/.local/lib/python3.12/site-packages/airflow/example_dags/example_setup_teardown_taskflow.py
[2026-05-25T08:11:31.610+0000] {logging_mixin.py:188} INFO - [2026-05-25T08:11:31.610+0000] {dag.py:3089} INFO - Sync 1 DAGs
[2026-05-25T08:11:31.677+0000] {logging_mixin.py:188} INFO - [2026-05-25T08:11:31.677+0000] {dag.py:3947} INFO - Setting next_dagrun for example_setup_teardown_taskflow to 2026-05-24 00:00:00+00:00, run_after=2026-05-25 00:00:00+00:00
[2026-05-25T08:11:32.024+0000] {processor.py:183} INFO - Processing /home/airflow/.local/lib/python3.12/site-packages/airflow/example_dags/example_setup_teardown_taskflow.py took 0.556 seconds
[2026-05-25T08:12:02.909+0000] {processor.py:161} INFO - Started process (PID=1910) to work on /home/airflow/.local/lib/python3.12/site-packages/airflow/example_dags/example_setup_teardown_taskflow.py
[2026-05-25T08:12:02.921+0000] {processor.py:830} INFO - Processing file /home/airflow/.local/lib/python3.12/site-packages/airflow/example_dags/example_setup_teardown_taskflow.py for tasks to queue
[2026-05-25T08:12:02.925+0000] {logging_mixin.py:188} INFO - [2026-05-25T08:12:02.925+0000] {dagbag.py:545} INFO - Filling up the DagBag from /home/airflow/.local/lib/python3.12/site-packages/airflow/example_dags/example_setup_teardown_taskflow.py
[2026-05-25T08:12:02.962+0000] {processor.py:840} INFO - DAG(s) 'example_setup_teardown_taskflow' retrieved from /home/airflow/.local/lib/python3.12/site-packages/airflow/example_dags/example_setup_teardown_taskflow.py
[2026-05-25T08:12:03.029+0000] {logging_mixin.py:188} INFO - [2026-05-25T08:12:03.028+0000] {dag.py:3089} INFO - Sync 1 DAGs
[2026-05-25T08:12:03.124+0000] {logging_mixin.py:188} INFO - [2026-05-25T08:12:03.123+0000] {dag.py:3947} INFO - Setting next_dagrun for example_setup_teardown_taskflow to 2026-05-24 00:00:00+00:00, run_after=2026-05-25 00:00:00+00:00
[2026-05-25T08:12:03.225+0000] {processor.py:183} INFO - Processing /home/airflow/.local/lib/python3.12/site-packages/airflow/example_dags/example_setup_teardown_taskflow.py took 0.330 seconds
[2026-05-25T08:12:33.471+0000] {processor.py:161} INFO - Started process (PID=1971) to work on /home/airflow/.local/lib/python3.12/site-packages/airflow/example_dags/example_setup_teardown_taskflow.py
[2026-05-25T08:12:33.473+0000] {processor.py:830} INFO - Processing file /home/airflow/.local/lib/python3.12/site-packages/airflow/example_dags/example_setup_teardown_taskflow.py for tasks to queue
[2026-05-25T08:12:33.478+0000] {logging_mixin.py:188} INFO - [2026-05-25T08:12:33.477+0000] {dagbag.py:545} INFO - Filling up the DagBag from /home/airflow/.local/lib/python3.12/site-packages/airflow/example_dags/example_setup_teardown_taskflow.py
[2026-05-25T08:12:33.510+0000] {processor.py:840} INFO - DAG(s) 'example_setup_teardown_taskflow' retrieved from /home/airflow/.local/lib/python3.12/site-packages/airflow/example_dags/example_setup_teardown_taskflow.py
[2026-05-25T08:12:33.568+0000] {logging_mixin.py:188} INFO - [2026-05-25T08:12:33.567+0000] {dag.py:3089} INFO - Sync 1 DAGs
[2026-05-25T08:12:33.630+0000] {logging_mixin.py:188} INFO - [2026-05-25T08:12:33.630+0000] {dag.py:3947} INFO - Setting next_dagrun for example_setup_teardown_taskflow to 2026-05-24 00:00:00+00:00, run_after=2026-05-25 00:00:00+00:00
[2026-05-25T08:12:33.687+0000] {processor.py:183} INFO - Processing /home/airflow/.local/lib/python3.12/site-packages/airflow/example_dags/example_setup_teardown_taskflow.py took 0.230 seconds
[2026-05-25T08:13:03.968+0000] {processor.py:161} INFO - Started process (PID=2030) to work on /home/airflow/.local/lib/python3.12/site-packages/airflow/example_dags/example_setup_teardown_taskflow.py
[2026-05-25T08:13:03.971+0000] {processor.py:830} INFO - Processing file /home/airflow/.local/lib/python3.12/site-packages/airflow/example_dags/example_setup_teardown_taskflow.py for tasks to queue
[2026-05-25T08:13:03.976+0000] {logging_mixin.py:188} INFO - [2026-05-25T08:13:03.975+0000] {dagbag.py:545} INFO - Filling up the DagBag from /home/airflow/.local/lib/python3.12/site-packages/airflow/example_dags/example_setup_teardown_taskflow.py
[2026-05-25T08:13:03.999+0000] {processor.py:840} INFO - DAG(s) 'example_setup_teardown_taskflow' retrieved from /home/airflow/.local/lib/python3.12/site-packages/airflow/example_dags/example_setup_teardown_taskflow.py
[2026-05-25T08:13:04.070+0000] {logging_mixin.py:188} INFO - [2026-05-25T08:13:04.070+0000] {dag.py:3089} INFO - Sync 1 DAGs
[2026-05-25T08:13:04.144+0000] {logging_mixin.py:188} INFO - [2026-05-25T08:13:04.143+0000] {dag.py:3947} INFO - Setting next_dagrun for example_setup_teardown_taskflow to 2026-05-24 00:00:00+00:00, run_after=2026-05-25 00:00:00+00:00
[2026-05-25T08:13:04.196+0000] {processor.py:183} INFO - Processing /home/airflow/.local/lib/python3.12/site-packages/airflow/example_dags/example_setup_teardown_taskflow.py took 0.245 seconds
[2026-05-25T08:13:34.624+0000] {processor.py:161} INFO - Started process (PID=2091) to work on /home/airflow/.local/lib/python3.12/site-packages/airflow/example_dags/example_setup_teardown_taskflow.py
[2026-05-25T08:13:34.627+0000] {processor.py:830} INFO - Processing file /home/airflow/.local/lib/python3.12/site-packages/airflow/example_dags/example_setup_teardown_taskflow.py for tasks to queue
[2026-05-25T08:13:34.633+0000] {logging_mixin.py:188} INFO - [2026-05-25T08:13:34.632+0000] {dagbag.py:545} INFO - Filling up the DagBag from /home/airflow/.local/lib/python3.12/site-packages/airflow/example_dags/example_setup_teardown_taskflow.py
[2026-05-25T08:13:34.655+0000] {processor.py:840} INFO - DAG(s) 'example_setup_teardown_taskflow' retrieved from /home/airflow/.local/lib/python3.12/site-packages/airflow/example_dags/example_setup_teardown_taskflow.py
[2026-05-25T08:13:34.700+0000] {logging_mixin.py:188} INFO - [2026-05-25T08:13:34.699+0000] {dag.py:3089} INFO - Sync 1 DAGs
[2026-05-25T08:13:34.738+0000] {logging_mixin.py:188} INFO - [2026-05-25T08:13:34.738+0000] {dag.py:3947} INFO - Setting next_dagrun for example_setup_teardown_taskflow to 2026-05-24 00:00:00+00:00, run_after=2026-05-25 00:00:00+00:00
[2026-05-25T08:13:34.775+0000] {processor.py:183} INFO - Processing /home/airflow/.local/lib/python3.12/site-packages/airflow/example_dags/example_setup_teardown_taskflow.py took 0.162 seconds
[2026-05-25T08:14:05.491+0000] {processor.py:161} INFO - Started process (PID=2151) to work on /home/airflow/.local/lib/python3.12/site-packages/airflow/example_dags/example_setup_teardown_taskflow.py
[2026-05-25T08:14:05.494+0000] {processor.py:830} INFO - Processing file /home/airflow/.local/lib/python3.12/site-packages/airflow/example_dags/example_setup_teardown_taskflow.py for tasks to queue
[2026-05-25T08:14:05.509+0000] {logging_mixin.py:188} INFO - [2026-05-25T08:14:05.508+0000] {dagbag.py:545} INFO - Filling up the DagBag from /home/airflow/.local/lib/python3.12/site-packages/airflow/example_dags/example_setup_teardown_taskflow.py
[2026-05-25T08:14:05.604+0000] {processor.py:840} INFO - DAG(s) 'example_setup_teardown_taskflow' retrieved from /home/airflow/.local/lib/python3.12/site-packages/airflow/example_dags/example_setup_teardown_taskflow.py
[2026-05-25T08:14:05.676+0000] {logging_mixin.py:188} INFO - [2026-05-25T08:14:05.676+0000] {dag.py:3089} INFO - Sync 1 DAGs
[2026-05-25T08:14:05.726+0000] {logging_mixin.py:188} INFO - [2026-05-25T08:14:05.725+0000] {dag.py:3947} INFO - Setting next_dagrun for example_setup_teardown_taskflow to 2026-05-24 00:00:00+00:00, run_after=2026-05-25 00:00:00+00:00
[2026-05-25T08:14:05.780+0000] {processor.py:183} INFO - Processing /home/airflow/.local/lib/python3.12/site-packages/airflow/example_dags/example_setup_teardown_taskflow.py took 0.317 seconds
[2026-05-25T08:14:36.351+0000] {processor.py:161} INFO - Started process (PID=2211) to work on /home/airflow/.local/lib/python3.12/site-packages/airflow/example_dags/example_setup_teardown_taskflow.py
[2026-05-25T08:14:36.360+0000] {processor.py:830} INFO - Processing file /home/airflow/.local/lib/python3.12/site-packages/airflow/example_dags/example_setup_teardown_taskflow.py for tasks to queue
[2026-05-25T08:14:36.373+0000] {logging_mixin.py:188} INFO - [2026-05-25T08:14:36.372+0000] {dagbag.py:545} INFO - Filling up the DagBag from /home/airflow/.local/lib/python3.12/site-packages/airflow/example_dags/example_setup_teardown_taskflow.py
[2026-05-25T08:14:36.421+0000] {processor.py:840} INFO - DAG(s) 'example_setup_teardown_taskflow' retrieved from /home/airflow/.local/lib/python3.12/site-packages/airflow/example_dags/example_setup_teardown_taskflow.py
[2026-05-25T08:14:36.513+0000] {logging_mixin.py:188} INFO - [2026-05-25T08:14:36.506+0000] {dag.py:3089} INFO - Sync 1 DAGs
[2026-05-25T08:14:36.652+0000] {logging_mixin.py:188} INFO - [2026-05-25T08:14:36.647+0000] {dag.py:3947} INFO - Setting next_dagrun for example_setup_teardown_taskflow to 2026-05-24 00:00:00+00:00, run_after=2026-05-25 00:00:00+00:00
[2026-05-25T08:14:36.849+0000] {processor.py:183} INFO - Processing /home/airflow/.local/lib/python3.12/site-packages/airflow/example_dags/example_setup_teardown_taskflow.py took 0.538 seconds
[2026-05-25T08:15:07.964+0000] {processor.py:161} INFO - Started process (PID=2271) to work on /home/airflow/.local/lib/python3.12/site-packages/airflow/example_dags/example_setup_teardown_taskflow.py
[2026-05-25T08:15:07.967+0000] {processor.py:830} INFO - Processing file /home/airflow/.local/lib/python3.12/site-packages/airflow/example_dags/example_setup_teardown_taskflow.py for tasks to queue
[2026-05-25T08:15:07.981+0000] {logging_mixin.py:188} INFO - [2026-05-25T08:15:07.980+0000] {dagbag.py:545} INFO - Filling up the DagBag from /home/airflow/.local/lib/python3.12/site-packages/airflow/example_dags/example_setup_teardown_taskflow.py
[2026-05-25T08:15:08.016+0000] {processor.py:840} INFO - DAG(s) 'example_setup_teardown_taskflow' retrieved from /home/airflow/.local/lib/python3.12/site-packages/airflow/example_dags/example_setup_teardown_taskflow.py
[2026-05-25T08:15:08.078+0000] {logging_mixin.py:188} INFO - [2026-05-25T08:15:08.077+0000] {dag.py:3089} INFO - Sync 1 DAGs
[2026-05-25T08:15:08.147+0000] {logging_mixin.py:188} INFO - [2026-05-25T08:15:08.146+0000] {dag.py:3947} INFO - Setting next_dagrun for example_setup_teardown_taskflow to 2026-05-24 00:00:00+00:00, run_after=2026-05-25 00:00:00+00:00
[2026-05-25T08:15:08.216+0000] {processor.py:183} INFO - Processing /home/airflow/.local/lib/python3.12/site-packages/airflow/example_dags/example_setup_teardown_taskflow.py took 0.273 seconds
[2026-05-25T08:15:38.707+0000] {processor.py:161} INFO - Started process (PID=2331) to work on /home/airflow/.local/lib/python3.12/site-packages/airflow/example_dags/example_setup_teardown_taskflow.py
[2026-05-25T08:15:38.709+0000] {processor.py:830} INFO - Processing file /home/airflow/.local/lib/python3.12/site-packages/airflow/example_dags/example_setup_teardown_taskflow.py for tasks to queue
[2026-05-25T08:15:38.715+0000] {logging_mixin.py:188} INFO - [2026-05-25T08:15:38.713+0000] {dagbag.py:545} INFO - Filling up the DagBag from /home/airflow/.local/lib/python3.12/site-packages/airflow/example_dags/example_setup_teardown_taskflow.py
[2026-05-25T08:15:38.741+0000] {processor.py:840} INFO - DAG(s) 'example_setup_teardown_taskflow' retrieved from /home/airflow/.local/lib/python3.12/site-packages/airflow/example_dags/example_setup_teardown_taskflow.py
[2026-05-25T08:15:38.794+0000] {logging_mixin.py:188} INFO - [2026-05-25T08:15:38.794+0000] {dag.py:3089} INFO - Sync 1 DAGs
[2026-05-25T08:15:38.846+0000] {logging_mixin.py:188} INFO - [2026-05-25T08:15:38.846+0000] {dag.py:3947} INFO - Setting next_dagrun for example_setup_teardown_taskflow to 2026-05-24 00:00:00+00:00, run_after=2026-05-25 00:00:00+00:00
[2026-05-25T08:15:38.886+0000] {processor.py:183} INFO - Processing /home/airflow/.local/lib/python3.12/site-packages/airflow/example_dags/example_setup_teardown_taskflow.py took 0.200 seconds
[2026-05-25T08:16:09.463+0000] {processor.py:161} INFO - Started process (PID=2391) to work on /home/airflow/.local/lib/python3.12/site-packages/airflow/example_dags/example_setup_teardown_taskflow.py
[2026-05-25T08:16:09.465+0000] {processor.py:830} INFO - Processing file /home/airflow/.local/lib/python3.12/site-packages/airflow/example_dags/example_setup_teardown_taskflow.py for tasks to queue
[2026-05-25T08:16:09.470+0000] {logging_mixin.py:188} INFO - [2026-05-25T08:16:09.469+0000] {dagbag.py:545} INFO - Filling up the DagBag from /home/airflow/.local/lib/python3.12/site-packages/airflow/example_dags/example_setup_teardown_taskflow.py
[2026-05-25T08:16:09.490+0000] {processor.py:840} INFO - DAG(s) 'example_setup_teardown_taskflow' retrieved from /home/airflow/.local/lib/python3.12/site-packages/airflow/example_dags/example_setup_teardown_taskflow.py
[2026-05-25T08:16:09.533+0000] {logging_mixin.py:188} INFO - [2026-05-25T08:16:09.532+0000] {dag.py:3089} INFO - Sync 1 DAGs
[2026-05-25T08:16:09.568+0000] {logging_mixin.py:188} INFO - [2026-05-25T08:16:09.567+0000] {dag.py:3947} INFO - Setting next_dagrun for example_setup_teardown_taskflow to 2026-05-24 00:00:00+00:00, run_after=2026-05-25 00:00:00+00:00
[2026-05-25T08:16:09.605+0000] {processor.py:183} INFO - Processing /home/airflow/.local/lib/python3.12/site-packages/airflow/example_dags/example_setup_teardown_taskflow.py took 0.151 seconds
[2026-05-25T08:16:39.825+0000] {processor.py:161} INFO - Started process (PID=2453) to work on /home/airflow/.local/lib/python3.12/site-packages/airflow/example_dags/example_setup_teardown_taskflow.py
[2026-05-25T08:16:39.828+0000] {processor.py:830} INFO - Processing file /home/airflow/.local/lib/python3.12/site-packages/airflow/example_dags/example_setup_teardown_taskflow.py for tasks to queue
[2026-05-25T08:16:39.840+0000] {logging_mixin.py:188} INFO - [2026-05-25T08:16:39.835+0000] {dagbag.py:545} INFO - Filling up the DagBag from /home/airflow/.local/lib/python3.12/site-packages/airflow/example_dags/example_setup_teardown_taskflow.py
[2026-05-25T08:16:39.888+0000] {processor.py:840} INFO - DAG(s) 'example_setup_teardown_taskflow' retrieved from /home/airflow/.local/lib/python3.12/site-packages/airflow/example_dags/example_setup_teardown_taskflow.py
[2026-05-25T08:16:39.977+0000] {logging_mixin.py:188} INFO - [2026-05-25T08:16:39.976+0000] {dag.py:3089} INFO - Sync 1 DAGs
[2026-05-25T08:16:40.040+0000] {logging_mixin.py:188} INFO - [2026-05-25T08:16:40.039+0000] {dag.py:3947} INFO - Setting next_dagrun for example_setup_teardown_taskflow to 2026-05-24 00:00:00+00:00, run_after=2026-05-25 00:00:00+00:00
[2026-05-25T08:16:40.092+0000] {processor.py:183} INFO - Processing /home/airflow/.local/lib/python3.12/site-packages/airflow/example_dags/example_setup_teardown_taskflow.py took 0.290 seconds
[2026-05-25T08:17:10.442+0000] {processor.py:161} INFO - Started process (PID=2513) to work on /home/airflow/.local/lib/python3.12/site-packages/airflow/example_dags/example_setup_teardown_taskflow.py
[2026-05-25T08:17:10.445+0000] {processor.py:830} INFO - Processing file /home/airflow/.local/lib/python3.12/site-packages/airflow/example_dags/example_setup_teardown_taskflow.py for tasks to queue
[2026-05-25T08:17:10.452+0000] {logging_mixin.py:188} INFO - [2026-05-25T08:17:10.451+0000] {dagbag.py:545} INFO - Filling up the DagBag from /home/airflow/.local/lib/python3.12/site-packages/airflow/example_dags/example_setup_teardown_taskflow.py
[2026-05-25T08:17:10.510+0000] {processor.py:840} INFO - DAG(s) 'example_setup_teardown_taskflow' retrieved from /home/airflow/.local/lib/python3.12/site-packages/airflow/example_dags/example_setup_teardown_taskflow.py
[2026-05-25T08:17:10.596+0000] {logging_mixin.py:188} INFO - [2026-05-25T08:17:10.595+0000] {dag.py:3089} INFO - Sync 1 DAGs
[2026-05-25T08:17:10.682+0000] {logging_mixin.py:188} INFO - [2026-05-25T08:17:10.681+0000] {dag.py:3947} INFO - Setting next_dagrun for example_setup_teardown_taskflow to 2026-05-24 00:00:00+00:00, run_after=2026-05-25 00:00:00+00:00
[2026-05-25T08:17:10.763+0000] {processor.py:183} INFO - Processing /home/airflow/.local/lib/python3.12/site-packages/airflow/example_dags/example_setup_teardown_taskflow.py took 0.354 seconds
[2026-05-25T08:17:41.433+0000] {processor.py:161} INFO - Started process (PID=2573) to work on /home/airflow/.local/lib/python3.12/site-packages/airflow/example_dags/example_setup_teardown_taskflow.py
[2026-05-25T08:17:41.437+0000] {processor.py:830} INFO - Processing file /home/airflow/.local/lib/python3.12/site-packages/airflow/example_dags/example_setup_teardown_taskflow.py for tasks to queue
[2026-05-25T08:17:41.444+0000] {logging_mixin.py:188} INFO - [2026-05-25T08:17:41.442+0000] {dagbag.py:545} INFO - Filling up the DagBag from /home/airflow/.local/lib/python3.12/site-packages/airflow/example_dags/example_setup_teardown_taskflow.py
[2026-05-25T08:17:41.471+0000] {processor.py:840} INFO - DAG(s) 'example_setup_teardown_taskflow' retrieved from /home/airflow/.local/lib/python3.12/site-packages/airflow/example_dags/example_setup_teardown_taskflow.py
[2026-05-25T08:17:41.533+0000] {logging_mixin.py:188} INFO - [2026-05-25T08:17:41.532+0000] {dag.py:3089} INFO - Sync 1 DAGs
[2026-05-25T08:17:41.619+0000] {logging_mixin.py:188} INFO - [2026-05-25T08:17:41.618+0000] {dag.py:3947} INFO - Setting next_dagrun for example_setup_teardown_taskflow to 2026-05-24 00:00:00+00:00, run_after=2026-05-25 00:00:00+00:00
[2026-05-25T08:17:41.722+0000] {processor.py:183} INFO - Processing /home/airflow/.local/lib/python3.12/site-packages/airflow/example_dags/example_setup_teardown_taskflow.py took 0.304 seconds
[2026-05-25T08:18:12.600+0000] {processor.py:161} INFO - Started process (PID=2633) to work on /home/airflow/.local/lib/python3.12/site-packages/airflow/example_dags/example_setup_teardown_taskflow.py
[2026-05-25T08:18:12.605+0000] {processor.py:830} INFO - Processing file /home/airflow/.local/lib/python3.12/site-packages/airflow/example_dags/example_setup_teardown_taskflow.py for tasks to queue
[2026-05-25T08:18:12.611+0000] {logging_mixin.py:188} INFO - [2026-05-25T08:18:12.610+0000] {dagbag.py:545} INFO - Filling up the DagBag from /home/airflow/.local/lib/python3.12/site-packages/airflow/example_dags/example_setup_teardown_taskflow.py
[2026-05-25T08:18:12.654+0000] {processor.py:840} INFO - DAG(s) 'example_setup_teardown_taskflow' retrieved from /home/airflow/.local/lib/python3.12/site-packages/airflow/example_dags/example_setup_teardown_taskflow.py
[2026-05-25T08:18:12.733+0000] {logging_mixin.py:188} INFO - [2026-05-25T08:18:12.733+0000] {dag.py:3089} INFO - Sync 1 DAGs
[2026-05-25T08:18:12.797+0000] {logging_mixin.py:188} INFO - [2026-05-25T08:18:12.797+0000] {dag.py:3947} INFO - Setting next_dagrun for example_setup_teardown_taskflow to 2026-05-24 00:00:00+00:00, run_after=2026-05-25 00:00:00+00:00
[2026-05-25T08:18:12.836+0000] {processor.py:183} INFO - Processing /home/airflow/.local/lib/python3.12/site-packages/airflow/example_dags/example_setup_teardown_taskflow.py took 0.252 seconds
[2026-05-25T08:18:43.724+0000] {processor.py:161} INFO - Started process (PID=2699) to work on /home/airflow/.local/lib/python3.12/site-packages/airflow/example_dags/example_setup_teardown_taskflow.py
[2026-05-25T08:18:43.726+0000] {processor.py:830} INFO - Processing file /home/airflow/.local/lib/python3.12/site-packages/airflow/example_dags/example_setup_teardown_taskflow.py for tasks to queue
[2026-05-25T08:18:43.731+0000] {logging_mixin.py:188} INFO - [2026-05-25T08:18:43.730+0000] {dagbag.py:545} INFO - Filling up the DagBag from /home/airflow/.local/lib/python3.12/site-packages/airflow/example_dags/example_setup_teardown_taskflow.py
[2026-05-25T08:18:43.748+0000] {processor.py:840} INFO - DAG(s) 'example_setup_teardown_taskflow' retrieved from /home/airflow/.local/lib/python3.12/site-packages/airflow/example_dags/example_setup_teardown_taskflow.py
[2026-05-25T08:18:43.800+0000] {logging_mixin.py:188} INFO - [2026-05-25T08:18:43.799+0000] {dag.py:3089} INFO - Sync 1 DAGs
[2026-05-25T08:18:43.847+0000] {logging_mixin.py:188} INFO - [2026-05-25T08:18:43.847+0000] {dag.py:3947} INFO - Setting next_dagrun for example_setup_teardown_taskflow to 2026-05-24 00:00:00+00:00, run_after=2026-05-25 00:00:00+00:00
[2026-05-25T08:18:43.895+0000] {processor.py:183} INFO - Processing /home/airflow/.local/lib/python3.12/site-packages/airflow/example_dags/example_setup_teardown_taskflow.py took 0.185 seconds
[2026-05-25T08:19:14.332+0000] {processor.py:161} INFO - Started process (PID=2759) to work on /home/airflow/.local/lib/python3.12/site-packages/airflow/example_dags/example_setup_teardown_taskflow.py
[2026-05-25T08:19:14.347+0000] {processor.py:830} INFO - Processing file /home/airflow/.local/lib/python3.12/site-packages/airflow/example_dags/example_setup_teardown_taskflow.py for tasks to queue
[2026-05-25T08:19:14.352+0000] {logging_mixin.py:188} INFO - [2026-05-25T08:19:14.351+0000] {dagbag.py:545} INFO - Filling up the DagBag from /home/airflow/.local/lib/python3.12/site-packages/airflow/example_dags/example_setup_teardown_taskflow.py
[2026-05-25T08:19:14.382+0000] {processor.py:840} INFO - DAG(s) 'example_setup_teardown_taskflow' retrieved from /home/airflow/.local/lib/python3.12/site-packages/airflow/example_dags/example_setup_teardown_taskflow.py
[2026-05-25T08:19:14.456+0000] {logging_mixin.py:188} INFO - [2026-05-25T08:19:14.455+0000] {dag.py:3089} INFO - Sync 1 DAGs
[2026-05-25T08:19:14.519+0000] {logging_mixin.py:188} INFO - [2026-05-25T08:19:14.518+0000] {dag.py:3947} INFO - Setting next_dagrun for example_setup_teardown_taskflow to 2026-05-24 00:00:00+00:00, run_after=2026-05-25 00:00:00+00:00
[2026-05-25T08:19:14.622+0000] {processor.py:183} INFO - Processing /home/airflow/.local/lib/python3.12/site-packages/airflow/example_dags/example_setup_teardown_taskflow.py took 0.306 seconds
