[2026-05-25T06:15:38.936+0000] {processor.py:161} INFO - Started process (PID=115) to work on /home/airflow/.local/lib/python3.12/site-packages/airflow/example_dags/example_sensors.py
[2026-05-25T06:15:38.981+0000] {processor.py:830} INFO - Processing file /home/airflow/.local/lib/python3.12/site-packages/airflow/example_dags/example_sensors.py for tasks to queue
[2026-05-25T06:15:39.064+0000] {logging_mixin.py:188} INFO - [2026-05-25T06:15:39.007+0000] {dagbag.py:545} INFO - Filling up the DagBag from /home/airflow/.local/lib/python3.12/site-packages/airflow/example_dags/example_sensors.py
[2026-05-25T06:15:39.317+0000] {processor.py:840} INFO - DAG(s) 'example_sensors' retrieved from /home/airflow/.local/lib/python3.12/site-packages/airflow/example_dags/example_sensors.py
[2026-05-25T06:15:40.329+0000] {logging_mixin.py:188} INFO - [2026-05-25T06:15:40.328+0000] {dag.py:3089} INFO - Sync 1 DAGs
[2026-05-25T06:15:40.439+0000] {logging_mixin.py:188} INFO - [2026-05-25T06:15:40.438+0000] {dag.py:3947} INFO - Setting next_dagrun for example_sensors to None, run_after=None
[2026-05-25T06:15:40.665+0000] {processor.py:183} INFO - Processing /home/airflow/.local/lib/python3.12/site-packages/airflow/example_dags/example_sensors.py took 1.819 seconds
[2026-05-25T06:17:08.483+0000] {processor.py:161} INFO - Started process (PID=180) to work on /home/airflow/.local/lib/python3.12/site-packages/airflow/example_dags/example_sensors.py
[2026-05-25T06:17:08.487+0000] {processor.py:830} INFO - Processing file /home/airflow/.local/lib/python3.12/site-packages/airflow/example_dags/example_sensors.py for tasks to queue
[2026-05-25T06:17:08.495+0000] {logging_mixin.py:188} INFO - [2026-05-25T06:17:08.494+0000] {dagbag.py:545} INFO - Filling up the DagBag from /home/airflow/.local/lib/python3.12/site-packages/airflow/example_dags/example_sensors.py
[2026-05-25T06:17:08.546+0000] {processor.py:840} INFO - DAG(s) 'example_sensors' retrieved from /home/airflow/.local/lib/python3.12/site-packages/airflow/example_dags/example_sensors.py
[2026-05-25T06:17:08.686+0000] {logging_mixin.py:188} INFO - [2026-05-25T06:17:08.685+0000] {dag.py:3089} INFO - Sync 1 DAGs
[2026-05-25T06:17:08.740+0000] {logging_mixin.py:188} INFO - [2026-05-25T06:17:08.739+0000] {dag.py:3947} INFO - Setting next_dagrun for example_sensors to None, run_after=None
[2026-05-25T06:17:08.832+0000] {processor.py:183} INFO - Processing /home/airflow/.local/lib/python3.12/site-packages/airflow/example_dags/example_sensors.py took 0.364 seconds
[2026-05-25T06:17:39.572+0000] {processor.py:161} INFO - Started process (PID=240) to work on /home/airflow/.local/lib/python3.12/site-packages/airflow/example_dags/example_sensors.py
[2026-05-25T06:17:39.575+0000] {processor.py:830} INFO - Processing file /home/airflow/.local/lib/python3.12/site-packages/airflow/example_dags/example_sensors.py for tasks to queue
[2026-05-25T06:17:39.577+0000] {logging_mixin.py:188} INFO - [2026-05-25T06:17:39.576+0000] {dagbag.py:545} INFO - Filling up the DagBag from /home/airflow/.local/lib/python3.12/site-packages/airflow/example_dags/example_sensors.py
[2026-05-25T06:17:39.607+0000] {processor.py:840} INFO - DAG(s) 'example_sensors' retrieved from /home/airflow/.local/lib/python3.12/site-packages/airflow/example_dags/example_sensors.py
[2026-05-25T06:17:39.675+0000] {logging_mixin.py:188} INFO - [2026-05-25T06:17:39.674+0000] {dag.py:3089} INFO - Sync 1 DAGs
[2026-05-25T06:17:39.708+0000] {logging_mixin.py:188} INFO - [2026-05-25T06:17:39.708+0000] {dag.py:3947} INFO - Setting next_dagrun for example_sensors to None, run_after=None
[2026-05-25T06:17:39.753+0000] {processor.py:183} INFO - Processing /home/airflow/.local/lib/python3.12/site-packages/airflow/example_dags/example_sensors.py took 0.198 seconds
[2026-05-25T06:18:11.515+0000] {processor.py:161} INFO - Started process (PID=300) to work on /home/airflow/.local/lib/python3.12/site-packages/airflow/example_dags/example_sensors.py
[2026-05-25T06:18:11.518+0000] {processor.py:830} INFO - Processing file /home/airflow/.local/lib/python3.12/site-packages/airflow/example_dags/example_sensors.py for tasks to queue
[2026-05-25T06:18:11.521+0000] {logging_mixin.py:188} INFO - [2026-05-25T06:18:11.520+0000] {dagbag.py:545} INFO - Filling up the DagBag from /home/airflow/.local/lib/python3.12/site-packages/airflow/example_dags/example_sensors.py
[2026-05-25T06:18:11.564+0000] {processor.py:840} INFO - DAG(s) 'example_sensors' retrieved from /home/airflow/.local/lib/python3.12/site-packages/airflow/example_dags/example_sensors.py
[2026-05-25T06:18:11.663+0000] {logging_mixin.py:188} INFO - [2026-05-25T06:18:11.662+0000] {dag.py:3089} INFO - Sync 1 DAGs
[2026-05-25T06:18:11.718+0000] {logging_mixin.py:188} INFO - [2026-05-25T06:18:11.717+0000] {dag.py:3947} INFO - Setting next_dagrun for example_sensors to None, run_after=None
[2026-05-25T06:18:11.914+0000] {processor.py:183} INFO - Processing /home/airflow/.local/lib/python3.12/site-packages/airflow/example_dags/example_sensors.py took 0.420 seconds
[2026-05-25T06:18:42.353+0000] {processor.py:161} INFO - Started process (PID=360) to work on /home/airflow/.local/lib/python3.12/site-packages/airflow/example_dags/example_sensors.py
[2026-05-25T06:18:42.358+0000] {processor.py:830} INFO - Processing file /home/airflow/.local/lib/python3.12/site-packages/airflow/example_dags/example_sensors.py for tasks to queue
[2026-05-25T06:18:42.362+0000] {logging_mixin.py:188} INFO - [2026-05-25T06:18:42.361+0000] {dagbag.py:545} INFO - Filling up the DagBag from /home/airflow/.local/lib/python3.12/site-packages/airflow/example_dags/example_sensors.py
[2026-05-25T06:18:42.390+0000] {processor.py:840} INFO - DAG(s) 'example_sensors' retrieved from /home/airflow/.local/lib/python3.12/site-packages/airflow/example_dags/example_sensors.py
[2026-05-25T06:18:42.460+0000] {logging_mixin.py:188} INFO - [2026-05-25T06:18:42.459+0000] {dag.py:3089} INFO - Sync 1 DAGs
[2026-05-25T06:18:42.492+0000] {logging_mixin.py:188} INFO - [2026-05-25T06:18:42.492+0000] {dag.py:3947} INFO - Setting next_dagrun for example_sensors to None, run_after=None
[2026-05-25T06:18:42.539+0000] {processor.py:183} INFO - Processing /home/airflow/.local/lib/python3.12/site-packages/airflow/example_dags/example_sensors.py took 0.203 seconds
[2026-05-25T06:19:13.732+0000] {processor.py:161} INFO - Started process (PID=420) to work on /home/airflow/.local/lib/python3.12/site-packages/airflow/example_dags/example_sensors.py
[2026-05-25T06:19:13.734+0000] {processor.py:830} INFO - Processing file /home/airflow/.local/lib/python3.12/site-packages/airflow/example_dags/example_sensors.py for tasks to queue
[2026-05-25T06:19:13.737+0000] {logging_mixin.py:188} INFO - [2026-05-25T06:19:13.736+0000] {dagbag.py:545} INFO - Filling up the DagBag from /home/airflow/.local/lib/python3.12/site-packages/airflow/example_dags/example_sensors.py
[2026-05-25T06:19:13.765+0000] {processor.py:840} INFO - DAG(s) 'example_sensors' retrieved from /home/airflow/.local/lib/python3.12/site-packages/airflow/example_dags/example_sensors.py
[2026-05-25T06:19:13.836+0000] {logging_mixin.py:188} INFO - [2026-05-25T06:19:13.836+0000] {dag.py:3089} INFO - Sync 1 DAGs
[2026-05-25T06:19:13.869+0000] {logging_mixin.py:188} INFO - [2026-05-25T06:19:13.869+0000] {dag.py:3947} INFO - Setting next_dagrun for example_sensors to None, run_after=None
[2026-05-25T06:19:13.916+0000] {processor.py:183} INFO - Processing /home/airflow/.local/lib/python3.12/site-packages/airflow/example_dags/example_sensors.py took 0.201 seconds
[2026-05-25T06:19:47.184+0000] {processor.py:161} INFO - Started process (PID=486) to work on /home/airflow/.local/lib/python3.12/site-packages/airflow/example_dags/example_sensors.py
[2026-05-25T06:19:47.186+0000] {processor.py:830} INFO - Processing file /home/airflow/.local/lib/python3.12/site-packages/airflow/example_dags/example_sensors.py for tasks to queue
[2026-05-25T06:19:47.189+0000] {logging_mixin.py:188} INFO - [2026-05-25T06:19:47.188+0000] {dagbag.py:545} INFO - Filling up the DagBag from /home/airflow/.local/lib/python3.12/site-packages/airflow/example_dags/example_sensors.py
[2026-05-25T06:19:47.211+0000] {processor.py:840} INFO - DAG(s) 'example_sensors' retrieved from /home/airflow/.local/lib/python3.12/site-packages/airflow/example_dags/example_sensors.py
[2026-05-25T06:19:47.273+0000] {logging_mixin.py:188} INFO - [2026-05-25T06:19:47.272+0000] {dag.py:3089} INFO - Sync 1 DAGs
[2026-05-25T06:19:47.315+0000] {logging_mixin.py:188} INFO - [2026-05-25T06:19:47.314+0000] {dag.py:3947} INFO - Setting next_dagrun for example_sensors to None, run_after=None
[2026-05-25T06:19:47.363+0000] {processor.py:183} INFO - Processing /home/airflow/.local/lib/python3.12/site-packages/airflow/example_dags/example_sensors.py took 0.192 seconds
[2026-05-25T06:24:22.388+0000] {processor.py:161} INFO - Started process (PID=101) to work on /home/airflow/.local/lib/python3.12/site-packages/airflow/example_dags/example_sensors.py
[2026-05-25T06:24:22.395+0000] {processor.py:830} INFO - Processing file /home/airflow/.local/lib/python3.12/site-packages/airflow/example_dags/example_sensors.py for tasks to queue
[2026-05-25T06:24:22.403+0000] {logging_mixin.py:188} INFO - [2026-05-25T06:24:22.402+0000] {dagbag.py:545} INFO - Filling up the DagBag from /home/airflow/.local/lib/python3.12/site-packages/airflow/example_dags/example_sensors.py
[2026-05-25T06:24:22.459+0000] {processor.py:840} INFO - DAG(s) 'example_sensors' retrieved from /home/airflow/.local/lib/python3.12/site-packages/airflow/example_dags/example_sensors.py
[2026-05-25T06:24:22.533+0000] {logging_mixin.py:188} INFO - [2026-05-25T06:24:22.533+0000] {dag.py:3089} INFO - Sync 1 DAGs
[2026-05-25T06:24:22.579+0000] {logging_mixin.py:188} INFO - [2026-05-25T06:24:22.578+0000] {dag.py:3947} INFO - Setting next_dagrun for example_sensors to None, run_after=None
[2026-05-25T06:24:22.633+0000] {processor.py:183} INFO - Processing /home/airflow/.local/lib/python3.12/site-packages/airflow/example_dags/example_sensors.py took 0.280 seconds
[2026-05-25T06:25:12.924+0000] {processor.py:161} INFO - Started process (PID=161) to work on /home/airflow/.local/lib/python3.12/site-packages/airflow/example_dags/example_sensors.py
[2026-05-25T06:25:12.933+0000] {processor.py:830} INFO - Processing file /home/airflow/.local/lib/python3.12/site-packages/airflow/example_dags/example_sensors.py for tasks to queue
[2026-05-25T06:25:12.940+0000] {logging_mixin.py:188} INFO - [2026-05-25T06:25:12.939+0000] {dagbag.py:545} INFO - Filling up the DagBag from /home/airflow/.local/lib/python3.12/site-packages/airflow/example_dags/example_sensors.py
[2026-05-25T06:25:13.007+0000] {processor.py:840} INFO - DAG(s) 'example_sensors' retrieved from /home/airflow/.local/lib/python3.12/site-packages/airflow/example_dags/example_sensors.py
[2026-05-25T06:25:13.146+0000] {logging_mixin.py:188} INFO - [2026-05-25T06:25:13.145+0000] {dag.py:3089} INFO - Sync 1 DAGs
[2026-05-25T06:25:13.198+0000] {logging_mixin.py:188} INFO - [2026-05-25T06:25:13.197+0000] {dag.py:3947} INFO - Setting next_dagrun for example_sensors to None, run_after=None
[2026-05-25T06:25:13.293+0000] {processor.py:183} INFO - Processing /home/airflow/.local/lib/python3.12/site-packages/airflow/example_dags/example_sensors.py took 0.395 seconds
[2026-05-25T06:25:45.784+0000] {processor.py:161} INFO - Started process (PID=221) to work on /home/airflow/.local/lib/python3.12/site-packages/airflow/example_dags/example_sensors.py
[2026-05-25T06:25:45.787+0000] {processor.py:830} INFO - Processing file /home/airflow/.local/lib/python3.12/site-packages/airflow/example_dags/example_sensors.py for tasks to queue
[2026-05-25T06:25:45.793+0000] {logging_mixin.py:188} INFO - [2026-05-25T06:25:45.792+0000] {dagbag.py:545} INFO - Filling up the DagBag from /home/airflow/.local/lib/python3.12/site-packages/airflow/example_dags/example_sensors.py
[2026-05-25T06:25:45.846+0000] {processor.py:840} INFO - DAG(s) 'example_sensors' retrieved from /home/airflow/.local/lib/python3.12/site-packages/airflow/example_dags/example_sensors.py
[2026-05-25T06:25:46.072+0000] {logging_mixin.py:188} INFO - [2026-05-25T06:25:46.071+0000] {dag.py:3089} INFO - Sync 1 DAGs
[2026-05-25T06:25:46.149+0000] {logging_mixin.py:188} INFO - [2026-05-25T06:25:46.148+0000] {dag.py:3947} INFO - Setting next_dagrun for example_sensors to None, run_after=None
[2026-05-25T06:25:46.271+0000] {processor.py:183} INFO - Processing /home/airflow/.local/lib/python3.12/site-packages/airflow/example_dags/example_sensors.py took 0.527 seconds
[2026-05-25T06:26:16.655+0000] {processor.py:161} INFO - Started process (PID=280) to work on /home/airflow/.local/lib/python3.12/site-packages/airflow/example_dags/example_sensors.py
[2026-05-25T06:26:16.673+0000] {processor.py:830} INFO - Processing file /home/airflow/.local/lib/python3.12/site-packages/airflow/example_dags/example_sensors.py for tasks to queue
[2026-05-25T06:26:16.687+0000] {logging_mixin.py:188} INFO - [2026-05-25T06:26:16.686+0000] {dagbag.py:545} INFO - Filling up the DagBag from /home/airflow/.local/lib/python3.12/site-packages/airflow/example_dags/example_sensors.py
[2026-05-25T06:26:16.745+0000] {processor.py:840} INFO - DAG(s) 'example_sensors' retrieved from /home/airflow/.local/lib/python3.12/site-packages/airflow/example_dags/example_sensors.py
[2026-05-25T06:26:16.835+0000] {logging_mixin.py:188} INFO - [2026-05-25T06:26:16.834+0000] {dag.py:3089} INFO - Sync 1 DAGs
[2026-05-25T06:26:16.886+0000] {logging_mixin.py:188} INFO - [2026-05-25T06:26:16.886+0000] {dag.py:3947} INFO - Setting next_dagrun for example_sensors to None, run_after=None
[2026-05-25T06:26:16.965+0000] {processor.py:183} INFO - Processing /home/airflow/.local/lib/python3.12/site-packages/airflow/example_dags/example_sensors.py took 0.342 seconds
[2026-05-25T06:26:56.509+0000] {processor.py:161} INFO - Started process (PID=347) to work on /home/airflow/.local/lib/python3.12/site-packages/airflow/example_dags/example_sensors.py
[2026-05-25T06:26:56.522+0000] {processor.py:830} INFO - Processing file /home/airflow/.local/lib/python3.12/site-packages/airflow/example_dags/example_sensors.py for tasks to queue
[2026-05-25T06:26:56.532+0000] {logging_mixin.py:188} INFO - [2026-05-25T06:26:56.529+0000] {dagbag.py:545} INFO - Filling up the DagBag from /home/airflow/.local/lib/python3.12/site-packages/airflow/example_dags/example_sensors.py
[2026-05-25T06:26:56.610+0000] {processor.py:840} INFO - DAG(s) 'example_sensors' retrieved from /home/airflow/.local/lib/python3.12/site-packages/airflow/example_dags/example_sensors.py
[2026-05-25T06:26:56.689+0000] {logging_mixin.py:188} INFO - [2026-05-25T06:26:56.678+0000] {dag.py:3089} INFO - Sync 1 DAGs
[2026-05-25T06:26:56.797+0000] {logging_mixin.py:188} INFO - [2026-05-25T06:26:56.796+0000] {dag.py:3947} INFO - Setting next_dagrun for example_sensors to None, run_after=None
[2026-05-25T06:26:56.916+0000] {processor.py:183} INFO - Processing /home/airflow/.local/lib/python3.12/site-packages/airflow/example_dags/example_sensors.py took 0.429 seconds
[2026-05-25T06:27:29.502+0000] {processor.py:161} INFO - Started process (PID=407) to work on /home/airflow/.local/lib/python3.12/site-packages/airflow/example_dags/example_sensors.py
[2026-05-25T06:27:29.505+0000] {processor.py:830} INFO - Processing file /home/airflow/.local/lib/python3.12/site-packages/airflow/example_dags/example_sensors.py for tasks to queue
[2026-05-25T06:27:29.511+0000] {logging_mixin.py:188} INFO - [2026-05-25T06:27:29.510+0000] {dagbag.py:545} INFO - Filling up the DagBag from /home/airflow/.local/lib/python3.12/site-packages/airflow/example_dags/example_sensors.py
[2026-05-25T06:27:29.541+0000] {processor.py:840} INFO - DAG(s) 'example_sensors' retrieved from /home/airflow/.local/lib/python3.12/site-packages/airflow/example_dags/example_sensors.py
[2026-05-25T06:27:29.817+0000] {logging_mixin.py:188} INFO - [2026-05-25T06:27:29.817+0000] {dag.py:3089} INFO - Sync 1 DAGs
[2026-05-25T06:27:29.839+0000] {logging_mixin.py:188} INFO - [2026-05-25T06:27:29.839+0000] {dag.py:3947} INFO - Setting next_dagrun for example_sensors to None, run_after=None
[2026-05-25T06:27:29.892+0000] {processor.py:183} INFO - Processing /home/airflow/.local/lib/python3.12/site-packages/airflow/example_dags/example_sensors.py took 0.407 seconds
[2026-05-25T06:28:00.778+0000] {processor.py:161} INFO - Started process (PID=467) to work on /home/airflow/.local/lib/python3.12/site-packages/airflow/example_dags/example_sensors.py
[2026-05-25T06:28:00.781+0000] {processor.py:830} INFO - Processing file /home/airflow/.local/lib/python3.12/site-packages/airflow/example_dags/example_sensors.py for tasks to queue
[2026-05-25T06:28:00.796+0000] {logging_mixin.py:188} INFO - [2026-05-25T06:28:00.794+0000] {dagbag.py:545} INFO - Filling up the DagBag from /home/airflow/.local/lib/python3.12/site-packages/airflow/example_dags/example_sensors.py
[2026-05-25T06:28:00.845+0000] {processor.py:840} INFO - DAG(s) 'example_sensors' retrieved from /home/airflow/.local/lib/python3.12/site-packages/airflow/example_dags/example_sensors.py
[2026-05-25T06:28:01.027+0000] {logging_mixin.py:188} INFO - [2026-05-25T06:28:01.026+0000] {dag.py:3089} INFO - Sync 1 DAGs
[2026-05-25T06:28:01.103+0000] {logging_mixin.py:188} INFO - [2026-05-25T06:28:01.103+0000] {dag.py:3947} INFO - Setting next_dagrun for example_sensors to None, run_after=None
[2026-05-25T06:28:01.170+0000] {processor.py:183} INFO - Processing /home/airflow/.local/lib/python3.12/site-packages/airflow/example_dags/example_sensors.py took 0.420 seconds
[2026-05-25T06:28:32.642+0000] {processor.py:161} INFO - Started process (PID=527) to work on /home/airflow/.local/lib/python3.12/site-packages/airflow/example_dags/example_sensors.py
[2026-05-25T06:28:32.644+0000] {processor.py:830} INFO - Processing file /home/airflow/.local/lib/python3.12/site-packages/airflow/example_dags/example_sensors.py for tasks to queue
[2026-05-25T06:28:32.648+0000] {logging_mixin.py:188} INFO - [2026-05-25T06:28:32.648+0000] {dagbag.py:545} INFO - Filling up the DagBag from /home/airflow/.local/lib/python3.12/site-packages/airflow/example_dags/example_sensors.py
[2026-05-25T06:28:32.667+0000] {processor.py:840} INFO - DAG(s) 'example_sensors' retrieved from /home/airflow/.local/lib/python3.12/site-packages/airflow/example_dags/example_sensors.py
[2026-05-25T06:28:32.746+0000] {logging_mixin.py:188} INFO - [2026-05-25T06:28:32.745+0000] {dag.py:3089} INFO - Sync 1 DAGs
[2026-05-25T06:28:32.795+0000] {logging_mixin.py:188} INFO - [2026-05-25T06:28:32.794+0000] {dag.py:3947} INFO - Setting next_dagrun for example_sensors to None, run_after=None
[2026-05-25T06:28:32.880+0000] {processor.py:183} INFO - Processing /home/airflow/.local/lib/python3.12/site-packages/airflow/example_dags/example_sensors.py took 0.256 seconds
[2026-05-25T06:29:04.603+0000] {processor.py:161} INFO - Started process (PID=587) to work on /home/airflow/.local/lib/python3.12/site-packages/airflow/example_dags/example_sensors.py
[2026-05-25T06:29:04.607+0000] {processor.py:830} INFO - Processing file /home/airflow/.local/lib/python3.12/site-packages/airflow/example_dags/example_sensors.py for tasks to queue
[2026-05-25T06:29:04.611+0000] {logging_mixin.py:188} INFO - [2026-05-25T06:29:04.610+0000] {dagbag.py:545} INFO - Filling up the DagBag from /home/airflow/.local/lib/python3.12/site-packages/airflow/example_dags/example_sensors.py
[2026-05-25T06:29:04.638+0000] {processor.py:840} INFO - DAG(s) 'example_sensors' retrieved from /home/airflow/.local/lib/python3.12/site-packages/airflow/example_dags/example_sensors.py
[2026-05-25T06:29:04.717+0000] {logging_mixin.py:188} INFO - [2026-05-25T06:29:04.716+0000] {dag.py:3089} INFO - Sync 1 DAGs
[2026-05-25T06:29:04.750+0000] {logging_mixin.py:188} INFO - [2026-05-25T06:29:04.750+0000] {dag.py:3947} INFO - Setting next_dagrun for example_sensors to None, run_after=None
[2026-05-25T06:29:04.814+0000] {processor.py:183} INFO - Processing /home/airflow/.local/lib/python3.12/site-packages/airflow/example_dags/example_sensors.py took 0.227 seconds
[2026-05-25T06:29:35.247+0000] {processor.py:161} INFO - Started process (PID=645) to work on /home/airflow/.local/lib/python3.12/site-packages/airflow/example_dags/example_sensors.py
[2026-05-25T06:29:35.249+0000] {processor.py:830} INFO - Processing file /home/airflow/.local/lib/python3.12/site-packages/airflow/example_dags/example_sensors.py for tasks to queue
[2026-05-25T06:29:35.255+0000] {logging_mixin.py:188} INFO - [2026-05-25T06:29:35.254+0000] {dagbag.py:545} INFO - Filling up the DagBag from /home/airflow/.local/lib/python3.12/site-packages/airflow/example_dags/example_sensors.py
[2026-05-25T06:29:35.279+0000] {processor.py:840} INFO - DAG(s) 'example_sensors' retrieved from /home/airflow/.local/lib/python3.12/site-packages/airflow/example_dags/example_sensors.py
[2026-05-25T06:29:35.345+0000] {logging_mixin.py:188} INFO - [2026-05-25T06:29:35.345+0000] {dag.py:3089} INFO - Sync 1 DAGs
[2026-05-25T06:29:35.386+0000] {logging_mixin.py:188} INFO - [2026-05-25T06:29:35.386+0000] {dag.py:3947} INFO - Setting next_dagrun for example_sensors to None, run_after=None
[2026-05-25T06:29:35.448+0000] {processor.py:183} INFO - Processing /home/airflow/.local/lib/python3.12/site-packages/airflow/example_dags/example_sensors.py took 0.219 seconds
[2026-05-25T06:30:06.283+0000] {processor.py:161} INFO - Started process (PID=705) to work on /home/airflow/.local/lib/python3.12/site-packages/airflow/example_dags/example_sensors.py
[2026-05-25T06:30:06.286+0000] {processor.py:830} INFO - Processing file /home/airflow/.local/lib/python3.12/site-packages/airflow/example_dags/example_sensors.py for tasks to queue
[2026-05-25T06:30:06.290+0000] {logging_mixin.py:188} INFO - [2026-05-25T06:30:06.289+0000] {dagbag.py:545} INFO - Filling up the DagBag from /home/airflow/.local/lib/python3.12/site-packages/airflow/example_dags/example_sensors.py
[2026-05-25T06:30:06.311+0000] {processor.py:840} INFO - DAG(s) 'example_sensors' retrieved from /home/airflow/.local/lib/python3.12/site-packages/airflow/example_dags/example_sensors.py
[2026-05-25T06:30:06.374+0000] {logging_mixin.py:188} INFO - [2026-05-25T06:30:06.373+0000] {dag.py:3089} INFO - Sync 1 DAGs
[2026-05-25T06:30:06.414+0000] {logging_mixin.py:188} INFO - [2026-05-25T06:30:06.414+0000] {dag.py:3947} INFO - Setting next_dagrun for example_sensors to None, run_after=None
[2026-05-25T06:30:06.463+0000] {processor.py:183} INFO - Processing /home/airflow/.local/lib/python3.12/site-packages/airflow/example_dags/example_sensors.py took 0.194 seconds
[2026-05-25T06:30:37.274+0000] {processor.py:161} INFO - Started process (PID=764) to work on /home/airflow/.local/lib/python3.12/site-packages/airflow/example_dags/example_sensors.py
[2026-05-25T06:30:37.277+0000] {processor.py:830} INFO - Processing file /home/airflow/.local/lib/python3.12/site-packages/airflow/example_dags/example_sensors.py for tasks to queue
[2026-05-25T06:30:37.285+0000] {logging_mixin.py:188} INFO - [2026-05-25T06:30:37.283+0000] {dagbag.py:545} INFO - Filling up the DagBag from /home/airflow/.local/lib/python3.12/site-packages/airflow/example_dags/example_sensors.py
[2026-05-25T06:30:37.318+0000] {processor.py:840} INFO - DAG(s) 'example_sensors' retrieved from /home/airflow/.local/lib/python3.12/site-packages/airflow/example_dags/example_sensors.py
[2026-05-25T06:30:37.440+0000] {logging_mixin.py:188} INFO - [2026-05-25T06:30:37.439+0000] {dag.py:3089} INFO - Sync 1 DAGs
[2026-05-25T06:30:37.505+0000] {logging_mixin.py:188} INFO - [2026-05-25T06:30:37.504+0000] {dag.py:3947} INFO - Setting next_dagrun for example_sensors to None, run_after=None
[2026-05-25T06:30:37.589+0000] {processor.py:183} INFO - Processing /home/airflow/.local/lib/python3.12/site-packages/airflow/example_dags/example_sensors.py took 0.338 seconds
[2026-05-25T06:31:08.115+0000] {processor.py:161} INFO - Started process (PID=824) to work on /home/airflow/.local/lib/python3.12/site-packages/airflow/example_dags/example_sensors.py
[2026-05-25T06:31:08.118+0000] {processor.py:830} INFO - Processing file /home/airflow/.local/lib/python3.12/site-packages/airflow/example_dags/example_sensors.py for tasks to queue
[2026-05-25T06:31:08.124+0000] {logging_mixin.py:188} INFO - [2026-05-25T06:31:08.123+0000] {dagbag.py:545} INFO - Filling up the DagBag from /home/airflow/.local/lib/python3.12/site-packages/airflow/example_dags/example_sensors.py
[2026-05-25T06:31:08.159+0000] {processor.py:840} INFO - DAG(s) 'example_sensors' retrieved from /home/airflow/.local/lib/python3.12/site-packages/airflow/example_dags/example_sensors.py
[2026-05-25T06:31:08.231+0000] {logging_mixin.py:188} INFO - [2026-05-25T06:31:08.230+0000] {dag.py:3089} INFO - Sync 1 DAGs
[2026-05-25T06:31:08.264+0000] {logging_mixin.py:188} INFO - [2026-05-25T06:31:08.264+0000] {dag.py:3947} INFO - Setting next_dagrun for example_sensors to None, run_after=None
[2026-05-25T06:31:08.309+0000] {processor.py:183} INFO - Processing /home/airflow/.local/lib/python3.12/site-packages/airflow/example_dags/example_sensors.py took 0.215 seconds
[2026-05-25T06:31:38.440+0000] {processor.py:161} INFO - Started process (PID=883) to work on /home/airflow/.local/lib/python3.12/site-packages/airflow/example_dags/example_sensors.py
[2026-05-25T06:31:38.442+0000] {processor.py:830} INFO - Processing file /home/airflow/.local/lib/python3.12/site-packages/airflow/example_dags/example_sensors.py for tasks to queue
[2026-05-25T06:31:38.447+0000] {logging_mixin.py:188} INFO - [2026-05-25T06:31:38.446+0000] {dagbag.py:545} INFO - Filling up the DagBag from /home/airflow/.local/lib/python3.12/site-packages/airflow/example_dags/example_sensors.py
[2026-05-25T06:31:38.475+0000] {processor.py:840} INFO - DAG(s) 'example_sensors' retrieved from /home/airflow/.local/lib/python3.12/site-packages/airflow/example_dags/example_sensors.py
[2026-05-25T06:31:38.535+0000] {logging_mixin.py:188} INFO - [2026-05-25T06:31:38.535+0000] {dag.py:3089} INFO - Sync 1 DAGs
[2026-05-25T06:31:38.571+0000] {logging_mixin.py:188} INFO - [2026-05-25T06:31:38.570+0000] {dag.py:3947} INFO - Setting next_dagrun for example_sensors to None, run_after=None
[2026-05-25T06:31:38.642+0000] {processor.py:183} INFO - Processing /home/airflow/.local/lib/python3.12/site-packages/airflow/example_dags/example_sensors.py took 0.222 seconds
[2026-05-25T06:32:09.326+0000] {processor.py:161} INFO - Started process (PID=944) to work on /home/airflow/.local/lib/python3.12/site-packages/airflow/example_dags/example_sensors.py
[2026-05-25T06:32:09.329+0000] {processor.py:830} INFO - Processing file /home/airflow/.local/lib/python3.12/site-packages/airflow/example_dags/example_sensors.py for tasks to queue
[2026-05-25T06:32:09.333+0000] {logging_mixin.py:188} INFO - [2026-05-25T06:32:09.332+0000] {dagbag.py:545} INFO - Filling up the DagBag from /home/airflow/.local/lib/python3.12/site-packages/airflow/example_dags/example_sensors.py
[2026-05-25T06:32:09.359+0000] {processor.py:840} INFO - DAG(s) 'example_sensors' retrieved from /home/airflow/.local/lib/python3.12/site-packages/airflow/example_dags/example_sensors.py
[2026-05-25T06:32:09.424+0000] {logging_mixin.py:188} INFO - [2026-05-25T06:32:09.423+0000] {dag.py:3089} INFO - Sync 1 DAGs
[2026-05-25T06:32:09.471+0000] {logging_mixin.py:188} INFO - [2026-05-25T06:32:09.471+0000] {dag.py:3947} INFO - Setting next_dagrun for example_sensors to None, run_after=None
[2026-05-25T06:32:09.517+0000] {processor.py:183} INFO - Processing /home/airflow/.local/lib/python3.12/site-packages/airflow/example_dags/example_sensors.py took 0.216 seconds
[2026-05-25T06:32:40.100+0000] {processor.py:161} INFO - Started process (PID=1003) to work on /home/airflow/.local/lib/python3.12/site-packages/airflow/example_dags/example_sensors.py
[2026-05-25T06:32:40.105+0000] {processor.py:830} INFO - Processing file /home/airflow/.local/lib/python3.12/site-packages/airflow/example_dags/example_sensors.py for tasks to queue
[2026-05-25T06:32:40.111+0000] {logging_mixin.py:188} INFO - [2026-05-25T06:32:40.110+0000] {dagbag.py:545} INFO - Filling up the DagBag from /home/airflow/.local/lib/python3.12/site-packages/airflow/example_dags/example_sensors.py
[2026-05-25T06:32:40.161+0000] {processor.py:840} INFO - DAG(s) 'example_sensors' retrieved from /home/airflow/.local/lib/python3.12/site-packages/airflow/example_dags/example_sensors.py
[2026-05-25T06:32:40.395+0000] {logging_mixin.py:188} INFO - [2026-05-25T06:32:40.394+0000] {dag.py:3089} INFO - Sync 1 DAGs
[2026-05-25T06:32:40.452+0000] {logging_mixin.py:188} INFO - [2026-05-25T06:32:40.451+0000] {dag.py:3947} INFO - Setting next_dagrun for example_sensors to None, run_after=None
[2026-05-25T06:32:40.512+0000] {processor.py:183} INFO - Processing /home/airflow/.local/lib/python3.12/site-packages/airflow/example_dags/example_sensors.py took 0.438 seconds
[2026-05-25T06:33:10.918+0000] {processor.py:161} INFO - Started process (PID=1063) to work on /home/airflow/.local/lib/python3.12/site-packages/airflow/example_dags/example_sensors.py
[2026-05-25T06:33:10.922+0000] {processor.py:830} INFO - Processing file /home/airflow/.local/lib/python3.12/site-packages/airflow/example_dags/example_sensors.py for tasks to queue
[2026-05-25T06:33:10.931+0000] {logging_mixin.py:188} INFO - [2026-05-25T06:33:10.929+0000] {dagbag.py:545} INFO - Filling up the DagBag from /home/airflow/.local/lib/python3.12/site-packages/airflow/example_dags/example_sensors.py
[2026-05-25T06:33:10.967+0000] {processor.py:840} INFO - DAG(s) 'example_sensors' retrieved from /home/airflow/.local/lib/python3.12/site-packages/airflow/example_dags/example_sensors.py
[2026-05-25T06:33:11.025+0000] {logging_mixin.py:188} INFO - [2026-05-25T06:33:11.025+0000] {dag.py:3089} INFO - Sync 1 DAGs
[2026-05-25T06:33:11.056+0000] {logging_mixin.py:188} INFO - [2026-05-25T06:33:11.056+0000] {dag.py:3947} INFO - Setting next_dagrun for example_sensors to None, run_after=None
[2026-05-25T06:33:11.116+0000] {processor.py:183} INFO - Processing /home/airflow/.local/lib/python3.12/site-packages/airflow/example_dags/example_sensors.py took 0.215 seconds
[2026-05-25T06:33:42.038+0000] {processor.py:161} INFO - Started process (PID=1123) to work on /home/airflow/.local/lib/python3.12/site-packages/airflow/example_dags/example_sensors.py
[2026-05-25T06:33:42.041+0000] {processor.py:830} INFO - Processing file /home/airflow/.local/lib/python3.12/site-packages/airflow/example_dags/example_sensors.py for tasks to queue
[2026-05-25T06:33:42.048+0000] {logging_mixin.py:188} INFO - [2026-05-25T06:33:42.047+0000] {dagbag.py:545} INFO - Filling up the DagBag from /home/airflow/.local/lib/python3.12/site-packages/airflow/example_dags/example_sensors.py
[2026-05-25T06:33:42.075+0000] {processor.py:840} INFO - DAG(s) 'example_sensors' retrieved from /home/airflow/.local/lib/python3.12/site-packages/airflow/example_dags/example_sensors.py
[2026-05-25T06:33:42.131+0000] {logging_mixin.py:188} INFO - [2026-05-25T06:33:42.131+0000] {dag.py:3089} INFO - Sync 1 DAGs
[2026-05-25T06:33:42.157+0000] {logging_mixin.py:188} INFO - [2026-05-25T06:33:42.156+0000] {dag.py:3947} INFO - Setting next_dagrun for example_sensors to None, run_after=None
[2026-05-25T06:33:42.208+0000] {processor.py:183} INFO - Processing /home/airflow/.local/lib/python3.12/site-packages/airflow/example_dags/example_sensors.py took 0.188 seconds
[2026-05-25T06:34:13.060+0000] {processor.py:161} INFO - Started process (PID=1183) to work on /home/airflow/.local/lib/python3.12/site-packages/airflow/example_dags/example_sensors.py
[2026-05-25T06:34:13.062+0000] {processor.py:830} INFO - Processing file /home/airflow/.local/lib/python3.12/site-packages/airflow/example_dags/example_sensors.py for tasks to queue
[2026-05-25T06:34:13.069+0000] {logging_mixin.py:188} INFO - [2026-05-25T06:34:13.068+0000] {dagbag.py:545} INFO - Filling up the DagBag from /home/airflow/.local/lib/python3.12/site-packages/airflow/example_dags/example_sensors.py
[2026-05-25T06:34:13.095+0000] {processor.py:840} INFO - DAG(s) 'example_sensors' retrieved from /home/airflow/.local/lib/python3.12/site-packages/airflow/example_dags/example_sensors.py
[2026-05-25T06:34:13.166+0000] {logging_mixin.py:188} INFO - [2026-05-25T06:34:13.165+0000] {dag.py:3089} INFO - Sync 1 DAGs
[2026-05-25T06:34:13.207+0000] {logging_mixin.py:188} INFO - [2026-05-25T06:34:13.207+0000] {dag.py:3947} INFO - Setting next_dagrun for example_sensors to None, run_after=None
[2026-05-25T06:34:13.270+0000] {processor.py:183} INFO - Processing /home/airflow/.local/lib/python3.12/site-packages/airflow/example_dags/example_sensors.py took 0.226 seconds
[2026-05-25T06:34:43.953+0000] {processor.py:161} INFO - Started process (PID=1243) to work on /home/airflow/.local/lib/python3.12/site-packages/airflow/example_dags/example_sensors.py
[2026-05-25T06:34:43.957+0000] {processor.py:830} INFO - Processing file /home/airflow/.local/lib/python3.12/site-packages/airflow/example_dags/example_sensors.py for tasks to queue
[2026-05-25T06:34:43.963+0000] {logging_mixin.py:188} INFO - [2026-05-25T06:34:43.961+0000] {dagbag.py:545} INFO - Filling up the DagBag from /home/airflow/.local/lib/python3.12/site-packages/airflow/example_dags/example_sensors.py
[2026-05-25T06:34:43.988+0000] {processor.py:840} INFO - DAG(s) 'example_sensors' retrieved from /home/airflow/.local/lib/python3.12/site-packages/airflow/example_dags/example_sensors.py
[2026-05-25T06:34:44.074+0000] {logging_mixin.py:188} INFO - [2026-05-25T06:34:44.074+0000] {dag.py:3089} INFO - Sync 1 DAGs
[2026-05-25T06:34:44.109+0000] {logging_mixin.py:188} INFO - [2026-05-25T06:34:44.109+0000] {dag.py:3947} INFO - Setting next_dagrun for example_sensors to None, run_after=None
[2026-05-25T06:34:44.162+0000] {processor.py:183} INFO - Processing /home/airflow/.local/lib/python3.12/site-packages/airflow/example_dags/example_sensors.py took 0.227 seconds
[2026-05-25T06:35:14.574+0000] {processor.py:161} INFO - Started process (PID=1303) to work on /home/airflow/.local/lib/python3.12/site-packages/airflow/example_dags/example_sensors.py
[2026-05-25T06:35:14.576+0000] {processor.py:830} INFO - Processing file /home/airflow/.local/lib/python3.12/site-packages/airflow/example_dags/example_sensors.py for tasks to queue
[2026-05-25T06:35:14.581+0000] {logging_mixin.py:188} INFO - [2026-05-25T06:35:14.580+0000] {dagbag.py:545} INFO - Filling up the DagBag from /home/airflow/.local/lib/python3.12/site-packages/airflow/example_dags/example_sensors.py
[2026-05-25T06:35:14.600+0000] {processor.py:840} INFO - DAG(s) 'example_sensors' retrieved from /home/airflow/.local/lib/python3.12/site-packages/airflow/example_dags/example_sensors.py
[2026-05-25T06:35:14.662+0000] {logging_mixin.py:188} INFO - [2026-05-25T06:35:14.661+0000] {dag.py:3089} INFO - Sync 1 DAGs
[2026-05-25T06:35:14.690+0000] {logging_mixin.py:188} INFO - [2026-05-25T06:35:14.690+0000] {dag.py:3947} INFO - Setting next_dagrun for example_sensors to None, run_after=None
[2026-05-25T06:35:14.735+0000] {processor.py:183} INFO - Processing /home/airflow/.local/lib/python3.12/site-packages/airflow/example_dags/example_sensors.py took 0.177 seconds
[2026-05-25T06:35:45.011+0000] {processor.py:161} INFO - Started process (PID=1363) to work on /home/airflow/.local/lib/python3.12/site-packages/airflow/example_dags/example_sensors.py
[2026-05-25T06:35:45.015+0000] {processor.py:830} INFO - Processing file /home/airflow/.local/lib/python3.12/site-packages/airflow/example_dags/example_sensors.py for tasks to queue
[2026-05-25T06:35:45.020+0000] {logging_mixin.py:188} INFO - [2026-05-25T06:35:45.019+0000] {dagbag.py:545} INFO - Filling up the DagBag from /home/airflow/.local/lib/python3.12/site-packages/airflow/example_dags/example_sensors.py
[2026-05-25T06:35:45.043+0000] {processor.py:840} INFO - DAG(s) 'example_sensors' retrieved from /home/airflow/.local/lib/python3.12/site-packages/airflow/example_dags/example_sensors.py
[2026-05-25T06:35:45.126+0000] {logging_mixin.py:188} INFO - [2026-05-25T06:35:45.125+0000] {dag.py:3089} INFO - Sync 1 DAGs
[2026-05-25T06:35:45.175+0000] {logging_mixin.py:188} INFO - [2026-05-25T06:35:45.175+0000] {dag.py:3947} INFO - Setting next_dagrun for example_sensors to None, run_after=None
[2026-05-25T06:35:45.223+0000] {processor.py:183} INFO - Processing /home/airflow/.local/lib/python3.12/site-packages/airflow/example_dags/example_sensors.py took 0.230 seconds
[2026-05-25T06:36:16.014+0000] {processor.py:161} INFO - Started process (PID=1423) to work on /home/airflow/.local/lib/python3.12/site-packages/airflow/example_dags/example_sensors.py
[2026-05-25T06:36:16.016+0000] {processor.py:830} INFO - Processing file /home/airflow/.local/lib/python3.12/site-packages/airflow/example_dags/example_sensors.py for tasks to queue
[2026-05-25T06:36:16.022+0000] {logging_mixin.py:188} INFO - [2026-05-25T06:36:16.021+0000] {dagbag.py:545} INFO - Filling up the DagBag from /home/airflow/.local/lib/python3.12/site-packages/airflow/example_dags/example_sensors.py
[2026-05-25T06:36:16.045+0000] {processor.py:840} INFO - DAG(s) 'example_sensors' retrieved from /home/airflow/.local/lib/python3.12/site-packages/airflow/example_dags/example_sensors.py
[2026-05-25T06:36:16.106+0000] {logging_mixin.py:188} INFO - [2026-05-25T06:36:16.105+0000] {dag.py:3089} INFO - Sync 1 DAGs
[2026-05-25T06:36:16.132+0000] {logging_mixin.py:188} INFO - [2026-05-25T06:36:16.132+0000] {dag.py:3947} INFO - Setting next_dagrun for example_sensors to None, run_after=None
[2026-05-25T06:36:16.178+0000] {processor.py:183} INFO - Processing /home/airflow/.local/lib/python3.12/site-packages/airflow/example_dags/example_sensors.py took 0.178 seconds
[2026-05-25T06:36:46.467+0000] {processor.py:161} INFO - Started process (PID=1483) to work on /home/airflow/.local/lib/python3.12/site-packages/airflow/example_dags/example_sensors.py
[2026-05-25T06:36:46.470+0000] {processor.py:830} INFO - Processing file /home/airflow/.local/lib/python3.12/site-packages/airflow/example_dags/example_sensors.py for tasks to queue
[2026-05-25T06:36:46.482+0000] {logging_mixin.py:188} INFO - [2026-05-25T06:36:46.481+0000] {dagbag.py:545} INFO - Filling up the DagBag from /home/airflow/.local/lib/python3.12/site-packages/airflow/example_dags/example_sensors.py
[2026-05-25T06:36:46.529+0000] {processor.py:840} INFO - DAG(s) 'example_sensors' retrieved from /home/airflow/.local/lib/python3.12/site-packages/airflow/example_dags/example_sensors.py
[2026-05-25T06:36:46.669+0000] {logging_mixin.py:188} INFO - [2026-05-25T06:36:46.669+0000] {dag.py:3089} INFO - Sync 1 DAGs
[2026-05-25T06:36:46.729+0000] {logging_mixin.py:188} INFO - [2026-05-25T06:36:46.729+0000] {dag.py:3947} INFO - Setting next_dagrun for example_sensors to None, run_after=None
[2026-05-25T06:36:46.844+0000] {processor.py:183} INFO - Processing /home/airflow/.local/lib/python3.12/site-packages/airflow/example_dags/example_sensors.py took 0.404 seconds
[2026-05-25T06:37:17.256+0000] {processor.py:161} INFO - Started process (PID=1543) to work on /home/airflow/.local/lib/python3.12/site-packages/airflow/example_dags/example_sensors.py
[2026-05-25T06:37:17.260+0000] {processor.py:830} INFO - Processing file /home/airflow/.local/lib/python3.12/site-packages/airflow/example_dags/example_sensors.py for tasks to queue
[2026-05-25T06:37:17.268+0000] {logging_mixin.py:188} INFO - [2026-05-25T06:37:17.267+0000] {dagbag.py:545} INFO - Filling up the DagBag from /home/airflow/.local/lib/python3.12/site-packages/airflow/example_dags/example_sensors.py
[2026-05-25T06:37:17.308+0000] {processor.py:840} INFO - DAG(s) 'example_sensors' retrieved from /home/airflow/.local/lib/python3.12/site-packages/airflow/example_dags/example_sensors.py
[2026-05-25T06:37:17.488+0000] {logging_mixin.py:188} INFO - [2026-05-25T06:37:17.487+0000] {dag.py:3089} INFO - Sync 1 DAGs
[2026-05-25T06:37:17.531+0000] {logging_mixin.py:188} INFO - [2026-05-25T06:37:17.530+0000] {dag.py:3947} INFO - Setting next_dagrun for example_sensors to None, run_after=None
[2026-05-25T06:37:17.611+0000] {processor.py:183} INFO - Processing /home/airflow/.local/lib/python3.12/site-packages/airflow/example_dags/example_sensors.py took 0.381 seconds
[2026-05-25T06:37:48.028+0000] {processor.py:161} INFO - Started process (PID=1603) to work on /home/airflow/.local/lib/python3.12/site-packages/airflow/example_dags/example_sensors.py
[2026-05-25T06:37:48.034+0000] {processor.py:830} INFO - Processing file /home/airflow/.local/lib/python3.12/site-packages/airflow/example_dags/example_sensors.py for tasks to queue
[2026-05-25T06:37:48.049+0000] {logging_mixin.py:188} INFO - [2026-05-25T06:37:48.048+0000] {dagbag.py:545} INFO - Filling up the DagBag from /home/airflow/.local/lib/python3.12/site-packages/airflow/example_dags/example_sensors.py
[2026-05-25T06:37:48.099+0000] {processor.py:840} INFO - DAG(s) 'example_sensors' retrieved from /home/airflow/.local/lib/python3.12/site-packages/airflow/example_dags/example_sensors.py
[2026-05-25T06:37:48.285+0000] {logging_mixin.py:188} INFO - [2026-05-25T06:37:48.280+0000] {dag.py:3089} INFO - Sync 1 DAGs
[2026-05-25T06:37:48.385+0000] {logging_mixin.py:188} INFO - [2026-05-25T06:37:48.384+0000] {dag.py:3947} INFO - Setting next_dagrun for example_sensors to None, run_after=None
[2026-05-25T06:37:48.479+0000] {processor.py:183} INFO - Processing /home/airflow/.local/lib/python3.12/site-packages/airflow/example_dags/example_sensors.py took 0.488 seconds
[2026-05-25T06:41:45.769+0000] {processor.py:161} INFO - Started process (PID=99) to work on /home/airflow/.local/lib/python3.12/site-packages/airflow/example_dags/example_sensors.py
[2026-05-25T06:41:45.784+0000] {processor.py:830} INFO - Processing file /home/airflow/.local/lib/python3.12/site-packages/airflow/example_dags/example_sensors.py for tasks to queue
[2026-05-25T06:41:45.792+0000] {logging_mixin.py:188} INFO - [2026-05-25T06:41:45.790+0000] {dagbag.py:545} INFO - Filling up the DagBag from /home/airflow/.local/lib/python3.12/site-packages/airflow/example_dags/example_sensors.py
[2026-05-25T06:41:45.842+0000] {processor.py:840} INFO - DAG(s) 'example_sensors' retrieved from /home/airflow/.local/lib/python3.12/site-packages/airflow/example_dags/example_sensors.py
[2026-05-25T06:41:46.313+0000] {logging_mixin.py:188} INFO - [2026-05-25T06:41:46.312+0000] {dag.py:3089} INFO - Sync 1 DAGs
[2026-05-25T06:41:46.363+0000] {logging_mixin.py:188} INFO - [2026-05-25T06:41:46.362+0000] {dag.py:3947} INFO - Setting next_dagrun for example_sensors to None, run_after=None
[2026-05-25T06:41:46.455+0000] {processor.py:183} INFO - Processing /home/airflow/.local/lib/python3.12/site-packages/airflow/example_dags/example_sensors.py took 0.729 seconds
[2026-05-25T06:42:26.476+0000] {processor.py:161} INFO - Started process (PID=158) to work on /home/airflow/.local/lib/python3.12/site-packages/airflow/example_dags/example_sensors.py
[2026-05-25T06:42:26.479+0000] {processor.py:830} INFO - Processing file /home/airflow/.local/lib/python3.12/site-packages/airflow/example_dags/example_sensors.py for tasks to queue
[2026-05-25T06:42:26.485+0000] {logging_mixin.py:188} INFO - [2026-05-25T06:42:26.484+0000] {dagbag.py:545} INFO - Filling up the DagBag from /home/airflow/.local/lib/python3.12/site-packages/airflow/example_dags/example_sensors.py
[2026-05-25T06:42:26.512+0000] {processor.py:840} INFO - DAG(s) 'example_sensors' retrieved from /home/airflow/.local/lib/python3.12/site-packages/airflow/example_dags/example_sensors.py
[2026-05-25T06:42:26.584+0000] {logging_mixin.py:188} INFO - [2026-05-25T06:42:26.583+0000] {dag.py:3089} INFO - Sync 1 DAGs
[2026-05-25T06:42:26.625+0000] {logging_mixin.py:188} INFO - [2026-05-25T06:42:26.624+0000] {dag.py:3947} INFO - Setting next_dagrun for example_sensors to None, run_after=None
[2026-05-25T06:42:26.685+0000] {processor.py:183} INFO - Processing /home/airflow/.local/lib/python3.12/site-packages/airflow/example_dags/example_sensors.py took 0.233 seconds
[2026-05-25T06:43:05.952+0000] {processor.py:161} INFO - Started process (PID=219) to work on /home/airflow/.local/lib/python3.12/site-packages/airflow/example_dags/example_sensors.py
[2026-05-25T06:43:05.956+0000] {processor.py:830} INFO - Processing file /home/airflow/.local/lib/python3.12/site-packages/airflow/example_dags/example_sensors.py for tasks to queue
[2026-05-25T06:43:05.961+0000] {logging_mixin.py:188} INFO - [2026-05-25T06:43:05.961+0000] {dagbag.py:545} INFO - Filling up the DagBag from /home/airflow/.local/lib/python3.12/site-packages/airflow/example_dags/example_sensors.py
[2026-05-25T06:43:05.986+0000] {processor.py:840} INFO - DAG(s) 'example_sensors' retrieved from /home/airflow/.local/lib/python3.12/site-packages/airflow/example_dags/example_sensors.py
[2026-05-25T06:43:06.064+0000] {logging_mixin.py:188} INFO - [2026-05-25T06:43:06.063+0000] {dag.py:3089} INFO - Sync 1 DAGs
[2026-05-25T06:43:06.112+0000] {logging_mixin.py:188} INFO - [2026-05-25T06:43:06.112+0000] {dag.py:3947} INFO - Setting next_dagrun for example_sensors to None, run_after=None
[2026-05-25T06:43:06.160+0000] {processor.py:183} INFO - Processing /home/airflow/.local/lib/python3.12/site-packages/airflow/example_dags/example_sensors.py took 0.221 seconds
[2026-05-25T06:43:36.313+0000] {processor.py:161} INFO - Started process (PID=279) to work on /home/airflow/.local/lib/python3.12/site-packages/airflow/example_dags/example_sensors.py
[2026-05-25T06:43:36.318+0000] {processor.py:830} INFO - Processing file /home/airflow/.local/lib/python3.12/site-packages/airflow/example_dags/example_sensors.py for tasks to queue
[2026-05-25T06:43:36.325+0000] {logging_mixin.py:188} INFO - [2026-05-25T06:43:36.324+0000] {dagbag.py:545} INFO - Filling up the DagBag from /home/airflow/.local/lib/python3.12/site-packages/airflow/example_dags/example_sensors.py
[2026-05-25T06:43:36.358+0000] {processor.py:840} INFO - DAG(s) 'example_sensors' retrieved from /home/airflow/.local/lib/python3.12/site-packages/airflow/example_dags/example_sensors.py
[2026-05-25T06:43:36.428+0000] {logging_mixin.py:188} INFO - [2026-05-25T06:43:36.427+0000] {dag.py:3089} INFO - Sync 1 DAGs
[2026-05-25T06:43:36.468+0000] {logging_mixin.py:188} INFO - [2026-05-25T06:43:36.467+0000] {dag.py:3947} INFO - Setting next_dagrun for example_sensors to None, run_after=None
[2026-05-25T06:43:36.518+0000] {processor.py:183} INFO - Processing /home/airflow/.local/lib/python3.12/site-packages/airflow/example_dags/example_sensors.py took 0.223 seconds
[2026-05-25T06:44:07.492+0000] {processor.py:161} INFO - Started process (PID=339) to work on /home/airflow/.local/lib/python3.12/site-packages/airflow/example_dags/example_sensors.py
[2026-05-25T06:44:07.494+0000] {processor.py:830} INFO - Processing file /home/airflow/.local/lib/python3.12/site-packages/airflow/example_dags/example_sensors.py for tasks to queue
[2026-05-25T06:44:07.498+0000] {logging_mixin.py:188} INFO - [2026-05-25T06:44:07.497+0000] {dagbag.py:545} INFO - Filling up the DagBag from /home/airflow/.local/lib/python3.12/site-packages/airflow/example_dags/example_sensors.py
[2026-05-25T06:44:07.516+0000] {processor.py:840} INFO - DAG(s) 'example_sensors' retrieved from /home/airflow/.local/lib/python3.12/site-packages/airflow/example_dags/example_sensors.py
[2026-05-25T06:44:07.572+0000] {logging_mixin.py:188} INFO - [2026-05-25T06:44:07.571+0000] {dag.py:3089} INFO - Sync 1 DAGs
[2026-05-25T06:44:07.604+0000] {logging_mixin.py:188} INFO - [2026-05-25T06:44:07.604+0000] {dag.py:3947} INFO - Setting next_dagrun for example_sensors to None, run_after=None
[2026-05-25T06:44:07.652+0000] {processor.py:183} INFO - Processing /home/airflow/.local/lib/python3.12/site-packages/airflow/example_dags/example_sensors.py took 0.171 seconds
[2026-05-25T06:44:38.180+0000] {processor.py:161} INFO - Started process (PID=397) to work on /home/airflow/.local/lib/python3.12/site-packages/airflow/example_dags/example_sensors.py
[2026-05-25T06:44:38.183+0000] {processor.py:830} INFO - Processing file /home/airflow/.local/lib/python3.12/site-packages/airflow/example_dags/example_sensors.py for tasks to queue
[2026-05-25T06:44:38.187+0000] {logging_mixin.py:188} INFO - [2026-05-25T06:44:38.186+0000] {dagbag.py:545} INFO - Filling up the DagBag from /home/airflow/.local/lib/python3.12/site-packages/airflow/example_dags/example_sensors.py
[2026-05-25T06:44:38.207+0000] {processor.py:840} INFO - DAG(s) 'example_sensors' retrieved from /home/airflow/.local/lib/python3.12/site-packages/airflow/example_dags/example_sensors.py
[2026-05-25T06:44:38.261+0000] {logging_mixin.py:188} INFO - [2026-05-25T06:44:38.261+0000] {dag.py:3089} INFO - Sync 1 DAGs
[2026-05-25T06:44:38.287+0000] {logging_mixin.py:188} INFO - [2026-05-25T06:44:38.286+0000] {dag.py:3947} INFO - Setting next_dagrun for example_sensors to None, run_after=None
[2026-05-25T06:44:38.328+0000] {processor.py:183} INFO - Processing /home/airflow/.local/lib/python3.12/site-packages/airflow/example_dags/example_sensors.py took 0.160 seconds
[2026-05-25T06:45:10.180+0000] {processor.py:161} INFO - Started process (PID=457) to work on /home/airflow/.local/lib/python3.12/site-packages/airflow/example_dags/example_sensors.py
[2026-05-25T06:45:10.183+0000] {processor.py:830} INFO - Processing file /home/airflow/.local/lib/python3.12/site-packages/airflow/example_dags/example_sensors.py for tasks to queue
[2026-05-25T06:45:10.189+0000] {logging_mixin.py:188} INFO - [2026-05-25T06:45:10.188+0000] {dagbag.py:545} INFO - Filling up the DagBag from /home/airflow/.local/lib/python3.12/site-packages/airflow/example_dags/example_sensors.py
[2026-05-25T06:45:10.220+0000] {processor.py:840} INFO - DAG(s) 'example_sensors' retrieved from /home/airflow/.local/lib/python3.12/site-packages/airflow/example_dags/example_sensors.py
[2026-05-25T06:45:10.286+0000] {logging_mixin.py:188} INFO - [2026-05-25T06:45:10.285+0000] {dag.py:3089} INFO - Sync 1 DAGs
[2026-05-25T06:45:10.328+0000] {logging_mixin.py:188} INFO - [2026-05-25T06:45:10.327+0000] {dag.py:3947} INFO - Setting next_dagrun for example_sensors to None, run_after=None
[2026-05-25T06:45:10.423+0000] {processor.py:183} INFO - Processing /home/airflow/.local/lib/python3.12/site-packages/airflow/example_dags/example_sensors.py took 0.259 seconds
[2026-05-25T06:45:41.631+0000] {processor.py:161} INFO - Started process (PID=517) to work on /home/airflow/.local/lib/python3.12/site-packages/airflow/example_dags/example_sensors.py
[2026-05-25T06:45:41.634+0000] {processor.py:830} INFO - Processing file /home/airflow/.local/lib/python3.12/site-packages/airflow/example_dags/example_sensors.py for tasks to queue
[2026-05-25T06:45:41.638+0000] {logging_mixin.py:188} INFO - [2026-05-25T06:45:41.637+0000] {dagbag.py:545} INFO - Filling up the DagBag from /home/airflow/.local/lib/python3.12/site-packages/airflow/example_dags/example_sensors.py
[2026-05-25T06:45:41.658+0000] {processor.py:840} INFO - DAG(s) 'example_sensors' retrieved from /home/airflow/.local/lib/python3.12/site-packages/airflow/example_dags/example_sensors.py
[2026-05-25T06:45:41.745+0000] {logging_mixin.py:188} INFO - [2026-05-25T06:45:41.744+0000] {dag.py:3089} INFO - Sync 1 DAGs
[2026-05-25T06:45:41.780+0000] {logging_mixin.py:188} INFO - [2026-05-25T06:45:41.779+0000] {dag.py:3947} INFO - Setting next_dagrun for example_sensors to None, run_after=None
[2026-05-25T06:45:41.837+0000] {processor.py:183} INFO - Processing /home/airflow/.local/lib/python3.12/site-packages/airflow/example_dags/example_sensors.py took 0.224 seconds
[2026-05-25T06:46:12.997+0000] {processor.py:161} INFO - Started process (PID=577) to work on /home/airflow/.local/lib/python3.12/site-packages/airflow/example_dags/example_sensors.py
[2026-05-25T06:46:13.000+0000] {processor.py:830} INFO - Processing file /home/airflow/.local/lib/python3.12/site-packages/airflow/example_dags/example_sensors.py for tasks to queue
[2026-05-25T06:46:13.008+0000] {logging_mixin.py:188} INFO - [2026-05-25T06:46:13.006+0000] {dagbag.py:545} INFO - Filling up the DagBag from /home/airflow/.local/lib/python3.12/site-packages/airflow/example_dags/example_sensors.py
[2026-05-25T06:46:13.045+0000] {processor.py:840} INFO - DAG(s) 'example_sensors' retrieved from /home/airflow/.local/lib/python3.12/site-packages/airflow/example_dags/example_sensors.py
[2026-05-25T06:46:13.130+0000] {logging_mixin.py:188} INFO - [2026-05-25T06:46:13.129+0000] {dag.py:3089} INFO - Sync 1 DAGs
[2026-05-25T06:46:13.165+0000] {logging_mixin.py:188} INFO - [2026-05-25T06:46:13.165+0000] {dag.py:3947} INFO - Setting next_dagrun for example_sensors to None, run_after=None
[2026-05-25T06:46:13.231+0000] {processor.py:183} INFO - Processing /home/airflow/.local/lib/python3.12/site-packages/airflow/example_dags/example_sensors.py took 0.251 seconds
[2026-05-25T06:46:43.848+0000] {processor.py:161} INFO - Started process (PID=634) to work on /home/airflow/.local/lib/python3.12/site-packages/airflow/example_dags/example_sensors.py
[2026-05-25T06:46:43.852+0000] {processor.py:830} INFO - Processing file /home/airflow/.local/lib/python3.12/site-packages/airflow/example_dags/example_sensors.py for tasks to queue
[2026-05-25T06:46:43.859+0000] {logging_mixin.py:188} INFO - [2026-05-25T06:46:43.857+0000] {dagbag.py:545} INFO - Filling up the DagBag from /home/airflow/.local/lib/python3.12/site-packages/airflow/example_dags/example_sensors.py
[2026-05-25T06:46:43.884+0000] {processor.py:840} INFO - DAG(s) 'example_sensors' retrieved from /home/airflow/.local/lib/python3.12/site-packages/airflow/example_dags/example_sensors.py
[2026-05-25T06:46:43.951+0000] {logging_mixin.py:188} INFO - [2026-05-25T06:46:43.950+0000] {dag.py:3089} INFO - Sync 1 DAGs
[2026-05-25T06:46:43.991+0000] {logging_mixin.py:188} INFO - [2026-05-25T06:46:43.991+0000] {dag.py:3947} INFO - Setting next_dagrun for example_sensors to None, run_after=None
[2026-05-25T06:46:44.044+0000] {processor.py:183} INFO - Processing /home/airflow/.local/lib/python3.12/site-packages/airflow/example_dags/example_sensors.py took 0.211 seconds
[2026-05-25T06:47:25.477+0000] {processor.py:161} INFO - Started process (PID=703) to work on /home/airflow/.local/lib/python3.12/site-packages/airflow/example_dags/example_sensors.py
[2026-05-25T06:47:25.482+0000] {processor.py:830} INFO - Processing file /home/airflow/.local/lib/python3.12/site-packages/airflow/example_dags/example_sensors.py for tasks to queue
[2026-05-25T06:47:25.530+0000] {logging_mixin.py:188} INFO - [2026-05-25T06:47:25.524+0000] {dagbag.py:545} INFO - Filling up the DagBag from /home/airflow/.local/lib/python3.12/site-packages/airflow/example_dags/example_sensors.py
[2026-05-25T06:47:25.571+0000] {processor.py:840} INFO - DAG(s) 'example_sensors' retrieved from /home/airflow/.local/lib/python3.12/site-packages/airflow/example_dags/example_sensors.py
[2026-05-25T06:47:25.996+0000] {logging_mixin.py:188} INFO - [2026-05-25T06:47:25.993+0000] {dag.py:3089} INFO - Sync 1 DAGs
[2026-05-25T06:47:28.408+0000] {logging_mixin.py:188} INFO - [2026-05-25T06:47:28.406+0000] {dag.py:3947} INFO - Setting next_dagrun for example_sensors to None, run_after=None
[2026-05-25T06:47:28.867+0000] {processor.py:183} INFO - Processing /home/airflow/.local/lib/python3.12/site-packages/airflow/example_dags/example_sensors.py took 3.472 seconds
[2026-05-25T06:47:59.714+0000] {processor.py:161} INFO - Started process (PID=761) to work on /home/airflow/.local/lib/python3.12/site-packages/airflow/example_dags/example_sensors.py
[2026-05-25T06:47:59.718+0000] {processor.py:830} INFO - Processing file /home/airflow/.local/lib/python3.12/site-packages/airflow/example_dags/example_sensors.py for tasks to queue
[2026-05-25T06:47:59.726+0000] {logging_mixin.py:188} INFO - [2026-05-25T06:47:59.725+0000] {dagbag.py:545} INFO - Filling up the DagBag from /home/airflow/.local/lib/python3.12/site-packages/airflow/example_dags/example_sensors.py
[2026-05-25T06:47:59.753+0000] {processor.py:840} INFO - DAG(s) 'example_sensors' retrieved from /home/airflow/.local/lib/python3.12/site-packages/airflow/example_dags/example_sensors.py
[2026-05-25T06:47:59.815+0000] {logging_mixin.py:188} INFO - [2026-05-25T06:47:59.814+0000] {dag.py:3089} INFO - Sync 1 DAGs
[2026-05-25T06:47:59.852+0000] {logging_mixin.py:188} INFO - [2026-05-25T06:47:59.852+0000] {dag.py:3947} INFO - Setting next_dagrun for example_sensors to None, run_after=None
[2026-05-25T06:47:59.897+0000] {processor.py:183} INFO - Processing /home/airflow/.local/lib/python3.12/site-packages/airflow/example_dags/example_sensors.py took 0.200 seconds
[2026-05-25T06:48:30.144+0000] {processor.py:161} INFO - Started process (PID=822) to work on /home/airflow/.local/lib/python3.12/site-packages/airflow/example_dags/example_sensors.py
[2026-05-25T06:48:30.176+0000] {processor.py:830} INFO - Processing file /home/airflow/.local/lib/python3.12/site-packages/airflow/example_dags/example_sensors.py for tasks to queue
[2026-05-25T06:48:30.201+0000] {logging_mixin.py:188} INFO - [2026-05-25T06:48:30.195+0000] {dagbag.py:545} INFO - Filling up the DagBag from /home/airflow/.local/lib/python3.12/site-packages/airflow/example_dags/example_sensors.py
[2026-05-25T06:48:30.326+0000] {processor.py:840} INFO - DAG(s) 'example_sensors' retrieved from /home/airflow/.local/lib/python3.12/site-packages/airflow/example_dags/example_sensors.py
[2026-05-25T06:48:30.690+0000] {logging_mixin.py:188} INFO - [2026-05-25T06:48:30.679+0000] {dag.py:3089} INFO - Sync 1 DAGs
[2026-05-25T06:48:30.804+0000] {logging_mixin.py:188} INFO - [2026-05-25T06:48:30.803+0000] {dag.py:3947} INFO - Setting next_dagrun for example_sensors to None, run_after=None
[2026-05-25T06:48:30.996+0000] {processor.py:183} INFO - Processing /home/airflow/.local/lib/python3.12/site-packages/airflow/example_dags/example_sensors.py took 0.901 seconds
[2026-05-25T06:49:01.192+0000] {processor.py:161} INFO - Started process (PID=882) to work on /home/airflow/.local/lib/python3.12/site-packages/airflow/example_dags/example_sensors.py
[2026-05-25T06:49:01.197+0000] {processor.py:830} INFO - Processing file /home/airflow/.local/lib/python3.12/site-packages/airflow/example_dags/example_sensors.py for tasks to queue
[2026-05-25T06:49:01.205+0000] {logging_mixin.py:188} INFO - [2026-05-25T06:49:01.203+0000] {dagbag.py:545} INFO - Filling up the DagBag from /home/airflow/.local/lib/python3.12/site-packages/airflow/example_dags/example_sensors.py
[2026-05-25T06:49:01.247+0000] {processor.py:840} INFO - DAG(s) 'example_sensors' retrieved from /home/airflow/.local/lib/python3.12/site-packages/airflow/example_dags/example_sensors.py
[2026-05-25T06:49:01.344+0000] {logging_mixin.py:188} INFO - [2026-05-25T06:49:01.344+0000] {dag.py:3089} INFO - Sync 1 DAGs
[2026-05-25T06:49:01.397+0000] {logging_mixin.py:188} INFO - [2026-05-25T06:49:01.396+0000] {dag.py:3947} INFO - Setting next_dagrun for example_sensors to None, run_after=None
[2026-05-25T06:49:01.482+0000] {processor.py:183} INFO - Processing /home/airflow/.local/lib/python3.12/site-packages/airflow/example_dags/example_sensors.py took 0.311 seconds
[2026-05-25T06:49:32.444+0000] {processor.py:161} INFO - Started process (PID=942) to work on /home/airflow/.local/lib/python3.12/site-packages/airflow/example_dags/example_sensors.py
[2026-05-25T06:49:32.452+0000] {processor.py:830} INFO - Processing file /home/airflow/.local/lib/python3.12/site-packages/airflow/example_dags/example_sensors.py for tasks to queue
[2026-05-25T06:49:32.463+0000] {logging_mixin.py:188} INFO - [2026-05-25T06:49:32.462+0000] {dagbag.py:545} INFO - Filling up the DagBag from /home/airflow/.local/lib/python3.12/site-packages/airflow/example_dags/example_sensors.py
[2026-05-25T06:49:32.512+0000] {processor.py:840} INFO - DAG(s) 'example_sensors' retrieved from /home/airflow/.local/lib/python3.12/site-packages/airflow/example_dags/example_sensors.py
[2026-05-25T06:49:32.652+0000] {logging_mixin.py:188} INFO - [2026-05-25T06:49:32.651+0000] {dag.py:3089} INFO - Sync 1 DAGs
[2026-05-25T06:49:32.789+0000] {logging_mixin.py:188} INFO - [2026-05-25T06:49:32.787+0000] {dag.py:3947} INFO - Setting next_dagrun for example_sensors to None, run_after=None
[2026-05-25T06:49:32.939+0000] {processor.py:183} INFO - Processing /home/airflow/.local/lib/python3.12/site-packages/airflow/example_dags/example_sensors.py took 0.528 seconds
[2026-05-25T06:50:03.799+0000] {processor.py:161} INFO - Started process (PID=1002) to work on /home/airflow/.local/lib/python3.12/site-packages/airflow/example_dags/example_sensors.py
[2026-05-25T06:50:03.805+0000] {processor.py:830} INFO - Processing file /home/airflow/.local/lib/python3.12/site-packages/airflow/example_dags/example_sensors.py for tasks to queue
[2026-05-25T06:50:03.812+0000] {logging_mixin.py:188} INFO - [2026-05-25T06:50:03.811+0000] {dagbag.py:545} INFO - Filling up the DagBag from /home/airflow/.local/lib/python3.12/site-packages/airflow/example_dags/example_sensors.py
[2026-05-25T06:50:03.858+0000] {processor.py:840} INFO - DAG(s) 'example_sensors' retrieved from /home/airflow/.local/lib/python3.12/site-packages/airflow/example_dags/example_sensors.py
[2026-05-25T06:50:03.963+0000] {logging_mixin.py:188} INFO - [2026-05-25T06:50:03.962+0000] {dag.py:3089} INFO - Sync 1 DAGs
[2026-05-25T06:50:04.006+0000] {logging_mixin.py:188} INFO - [2026-05-25T06:50:04.005+0000] {dag.py:3947} INFO - Setting next_dagrun for example_sensors to None, run_after=None
[2026-05-25T06:50:04.098+0000] {processor.py:183} INFO - Processing /home/airflow/.local/lib/python3.12/site-packages/airflow/example_dags/example_sensors.py took 0.334 seconds
[2026-05-25T06:50:34.866+0000] {processor.py:161} INFO - Started process (PID=1063) to work on /home/airflow/.local/lib/python3.12/site-packages/airflow/example_dags/example_sensors.py
[2026-05-25T06:50:34.870+0000] {processor.py:830} INFO - Processing file /home/airflow/.local/lib/python3.12/site-packages/airflow/example_dags/example_sensors.py for tasks to queue
[2026-05-25T06:50:34.889+0000] {logging_mixin.py:188} INFO - [2026-05-25T06:50:34.888+0000] {dagbag.py:545} INFO - Filling up the DagBag from /home/airflow/.local/lib/python3.12/site-packages/airflow/example_dags/example_sensors.py
[2026-05-25T06:50:34.984+0000] {processor.py:840} INFO - DAG(s) 'example_sensors' retrieved from /home/airflow/.local/lib/python3.12/site-packages/airflow/example_dags/example_sensors.py
[2026-05-25T06:50:35.138+0000] {logging_mixin.py:188} INFO - [2026-05-25T06:50:35.137+0000] {dag.py:3089} INFO - Sync 1 DAGs
[2026-05-25T06:50:35.226+0000] {logging_mixin.py:188} INFO - [2026-05-25T06:50:35.225+0000] {dag.py:3947} INFO - Setting next_dagrun for example_sensors to None, run_after=None
[2026-05-25T06:50:35.386+0000] {processor.py:183} INFO - Processing /home/airflow/.local/lib/python3.12/site-packages/airflow/example_dags/example_sensors.py took 0.551 seconds
[2026-05-25T06:51:05.850+0000] {processor.py:161} INFO - Started process (PID=1123) to work on /home/airflow/.local/lib/python3.12/site-packages/airflow/example_dags/example_sensors.py
[2026-05-25T06:51:05.862+0000] {processor.py:830} INFO - Processing file /home/airflow/.local/lib/python3.12/site-packages/airflow/example_dags/example_sensors.py for tasks to queue
[2026-05-25T06:51:05.878+0000] {logging_mixin.py:188} INFO - [2026-05-25T06:51:05.870+0000] {dagbag.py:545} INFO - Filling up the DagBag from /home/airflow/.local/lib/python3.12/site-packages/airflow/example_dags/example_sensors.py
[2026-05-25T06:51:05.929+0000] {processor.py:840} INFO - DAG(s) 'example_sensors' retrieved from /home/airflow/.local/lib/python3.12/site-packages/airflow/example_dags/example_sensors.py
[2026-05-25T06:51:06.120+0000] {logging_mixin.py:188} INFO - [2026-05-25T06:51:06.118+0000] {dag.py:3089} INFO - Sync 1 DAGs
[2026-05-25T06:51:06.234+0000] {logging_mixin.py:188} INFO - [2026-05-25T06:51:06.233+0000] {dag.py:3947} INFO - Setting next_dagrun for example_sensors to None, run_after=None
[2026-05-25T06:51:06.414+0000] {processor.py:183} INFO - Processing /home/airflow/.local/lib/python3.12/site-packages/airflow/example_dags/example_sensors.py took 0.627 seconds
[2026-05-25T06:51:36.844+0000] {processor.py:161} INFO - Started process (PID=1183) to work on /home/airflow/.local/lib/python3.12/site-packages/airflow/example_dags/example_sensors.py
[2026-05-25T06:51:36.847+0000] {processor.py:830} INFO - Processing file /home/airflow/.local/lib/python3.12/site-packages/airflow/example_dags/example_sensors.py for tasks to queue
[2026-05-25T06:51:36.851+0000] {logging_mixin.py:188} INFO - [2026-05-25T06:51:36.850+0000] {dagbag.py:545} INFO - Filling up the DagBag from /home/airflow/.local/lib/python3.12/site-packages/airflow/example_dags/example_sensors.py
[2026-05-25T06:51:36.881+0000] {processor.py:840} INFO - DAG(s) 'example_sensors' retrieved from /home/airflow/.local/lib/python3.12/site-packages/airflow/example_dags/example_sensors.py
[2026-05-25T06:51:36.971+0000] {logging_mixin.py:188} INFO - [2026-05-25T06:51:36.970+0000] {dag.py:3089} INFO - Sync 1 DAGs
[2026-05-25T06:51:37.015+0000] {logging_mixin.py:188} INFO - [2026-05-25T06:51:37.015+0000] {dag.py:3947} INFO - Setting next_dagrun for example_sensors to None, run_after=None
[2026-05-25T06:51:37.105+0000] {processor.py:183} INFO - Processing /home/airflow/.local/lib/python3.12/site-packages/airflow/example_dags/example_sensors.py took 0.275 seconds
[2026-05-25T06:52:07.358+0000] {processor.py:161} INFO - Started process (PID=1243) to work on /home/airflow/.local/lib/python3.12/site-packages/airflow/example_dags/example_sensors.py
[2026-05-25T06:52:07.361+0000] {processor.py:830} INFO - Processing file /home/airflow/.local/lib/python3.12/site-packages/airflow/example_dags/example_sensors.py for tasks to queue
[2026-05-25T06:52:07.367+0000] {logging_mixin.py:188} INFO - [2026-05-25T06:52:07.366+0000] {dagbag.py:545} INFO - Filling up the DagBag from /home/airflow/.local/lib/python3.12/site-packages/airflow/example_dags/example_sensors.py
[2026-05-25T06:52:07.392+0000] {processor.py:840} INFO - DAG(s) 'example_sensors' retrieved from /home/airflow/.local/lib/python3.12/site-packages/airflow/example_dags/example_sensors.py
[2026-05-25T06:52:07.461+0000] {logging_mixin.py:188} INFO - [2026-05-25T06:52:07.460+0000] {dag.py:3089} INFO - Sync 1 DAGs
[2026-05-25T06:52:07.509+0000] {logging_mixin.py:188} INFO - [2026-05-25T06:52:07.509+0000] {dag.py:3947} INFO - Setting next_dagrun for example_sensors to None, run_after=None
[2026-05-25T06:52:07.577+0000] {processor.py:183} INFO - Processing /home/airflow/.local/lib/python3.12/site-packages/airflow/example_dags/example_sensors.py took 0.234 seconds
[2026-05-25T06:52:40.610+0000] {processor.py:161} INFO - Started process (PID=1304) to work on /home/airflow/.local/lib/python3.12/site-packages/airflow/example_dags/example_sensors.py
[2026-05-25T06:52:40.615+0000] {processor.py:830} INFO - Processing file /home/airflow/.local/lib/python3.12/site-packages/airflow/example_dags/example_sensors.py for tasks to queue
[2026-05-25T06:52:40.625+0000] {logging_mixin.py:188} INFO - [2026-05-25T06:52:40.624+0000] {dagbag.py:545} INFO - Filling up the DagBag from /home/airflow/.local/lib/python3.12/site-packages/airflow/example_dags/example_sensors.py
[2026-05-25T06:52:40.687+0000] {processor.py:840} INFO - DAG(s) 'example_sensors' retrieved from /home/airflow/.local/lib/python3.12/site-packages/airflow/example_dags/example_sensors.py
[2026-05-25T06:52:40.895+0000] {logging_mixin.py:188} INFO - [2026-05-25T06:52:40.885+0000] {dag.py:3089} INFO - Sync 1 DAGs
[2026-05-25T06:52:40.978+0000] {logging_mixin.py:188} INFO - [2026-05-25T06:52:40.977+0000] {dag.py:3947} INFO - Setting next_dagrun for example_sensors to None, run_after=None
[2026-05-25T06:52:41.045+0000] {processor.py:183} INFO - Processing /home/airflow/.local/lib/python3.12/site-packages/airflow/example_dags/example_sensors.py took 0.461 seconds
[2026-05-25T06:53:11.306+0000] {processor.py:161} INFO - Started process (PID=1363) to work on /home/airflow/.local/lib/python3.12/site-packages/airflow/example_dags/example_sensors.py
[2026-05-25T06:53:11.308+0000] {processor.py:830} INFO - Processing file /home/airflow/.local/lib/python3.12/site-packages/airflow/example_dags/example_sensors.py for tasks to queue
[2026-05-25T06:53:11.315+0000] {logging_mixin.py:188} INFO - [2026-05-25T06:53:11.314+0000] {dagbag.py:545} INFO - Filling up the DagBag from /home/airflow/.local/lib/python3.12/site-packages/airflow/example_dags/example_sensors.py
[2026-05-25T06:53:11.343+0000] {processor.py:840} INFO - DAG(s) 'example_sensors' retrieved from /home/airflow/.local/lib/python3.12/site-packages/airflow/example_dags/example_sensors.py
[2026-05-25T06:53:11.419+0000] {logging_mixin.py:188} INFO - [2026-05-25T06:53:11.419+0000] {dag.py:3089} INFO - Sync 1 DAGs
[2026-05-25T06:53:11.457+0000] {logging_mixin.py:188} INFO - [2026-05-25T06:53:11.456+0000] {dag.py:3947} INFO - Setting next_dagrun for example_sensors to None, run_after=None
[2026-05-25T06:53:11.517+0000] {processor.py:183} INFO - Processing /home/airflow/.local/lib/python3.12/site-packages/airflow/example_dags/example_sensors.py took 0.227 seconds
[2026-05-25T06:53:42.209+0000] {processor.py:161} INFO - Started process (PID=1420) to work on /home/airflow/.local/lib/python3.12/site-packages/airflow/example_dags/example_sensors.py
[2026-05-25T06:53:42.242+0000] {processor.py:830} INFO - Processing file /home/airflow/.local/lib/python3.12/site-packages/airflow/example_dags/example_sensors.py for tasks to queue
[2026-05-25T06:53:42.301+0000] {logging_mixin.py:188} INFO - [2026-05-25T06:53:42.285+0000] {dagbag.py:545} INFO - Filling up the DagBag from /home/airflow/.local/lib/python3.12/site-packages/airflow/example_dags/example_sensors.py
[2026-05-25T06:53:42.390+0000] {processor.py:840} INFO - DAG(s) 'example_sensors' retrieved from /home/airflow/.local/lib/python3.12/site-packages/airflow/example_dags/example_sensors.py
[2026-05-25T06:53:42.630+0000] {logging_mixin.py:188} INFO - [2026-05-25T06:53:42.629+0000] {dag.py:3089} INFO - Sync 1 DAGs
[2026-05-25T06:53:43.704+0000] {logging_mixin.py:188} INFO - [2026-05-25T06:53:43.703+0000] {dag.py:3947} INFO - Setting next_dagrun for example_sensors to None, run_after=None
[2026-05-25T06:53:43.857+0000] {processor.py:183} INFO - Processing /home/airflow/.local/lib/python3.12/site-packages/airflow/example_dags/example_sensors.py took 1.701 seconds
[2026-05-25T06:54:14.687+0000] {processor.py:161} INFO - Started process (PID=1480) to work on /home/airflow/.local/lib/python3.12/site-packages/airflow/example_dags/example_sensors.py
[2026-05-25T06:54:14.690+0000] {processor.py:830} INFO - Processing file /home/airflow/.local/lib/python3.12/site-packages/airflow/example_dags/example_sensors.py for tasks to queue
[2026-05-25T06:54:14.696+0000] {logging_mixin.py:188} INFO - [2026-05-25T06:54:14.694+0000] {dagbag.py:545} INFO - Filling up the DagBag from /home/airflow/.local/lib/python3.12/site-packages/airflow/example_dags/example_sensors.py
[2026-05-25T06:54:14.722+0000] {processor.py:840} INFO - DAG(s) 'example_sensors' retrieved from /home/airflow/.local/lib/python3.12/site-packages/airflow/example_dags/example_sensors.py
[2026-05-25T06:54:14.821+0000] {logging_mixin.py:188} INFO - [2026-05-25T06:54:14.820+0000] {dag.py:3089} INFO - Sync 1 DAGs
[2026-05-25T06:54:14.849+0000] {logging_mixin.py:188} INFO - [2026-05-25T06:54:14.848+0000] {dag.py:3947} INFO - Setting next_dagrun for example_sensors to None, run_after=None
[2026-05-25T06:54:14.905+0000] {processor.py:183} INFO - Processing /home/airflow/.local/lib/python3.12/site-packages/airflow/example_dags/example_sensors.py took 0.232 seconds
[2026-05-25T06:54:46.138+0000] {processor.py:161} INFO - Started process (PID=1537) to work on /home/airflow/.local/lib/python3.12/site-packages/airflow/example_dags/example_sensors.py
[2026-05-25T06:54:46.143+0000] {processor.py:830} INFO - Processing file /home/airflow/.local/lib/python3.12/site-packages/airflow/example_dags/example_sensors.py for tasks to queue
[2026-05-25T06:54:46.151+0000] {logging_mixin.py:188} INFO - [2026-05-25T06:54:46.149+0000] {dagbag.py:545} INFO - Filling up the DagBag from /home/airflow/.local/lib/python3.12/site-packages/airflow/example_dags/example_sensors.py
[2026-05-25T06:54:46.187+0000] {processor.py:840} INFO - DAG(s) 'example_sensors' retrieved from /home/airflow/.local/lib/python3.12/site-packages/airflow/example_dags/example_sensors.py
[2026-05-25T06:54:46.288+0000] {logging_mixin.py:188} INFO - [2026-05-25T06:54:46.288+0000] {dag.py:3089} INFO - Sync 1 DAGs
[2026-05-25T06:54:46.346+0000] {logging_mixin.py:188} INFO - [2026-05-25T06:54:46.345+0000] {dag.py:3947} INFO - Setting next_dagrun for example_sensors to None, run_after=None
[2026-05-25T06:54:46.416+0000] {processor.py:183} INFO - Processing /home/airflow/.local/lib/python3.12/site-packages/airflow/example_dags/example_sensors.py took 0.303 seconds
[2026-05-25T06:55:16.603+0000] {processor.py:161} INFO - Started process (PID=1597) to work on /home/airflow/.local/lib/python3.12/site-packages/airflow/example_dags/example_sensors.py
[2026-05-25T06:55:16.607+0000] {processor.py:830} INFO - Processing file /home/airflow/.local/lib/python3.12/site-packages/airflow/example_dags/example_sensors.py for tasks to queue
[2026-05-25T06:55:16.613+0000] {logging_mixin.py:188} INFO - [2026-05-25T06:55:16.612+0000] {dagbag.py:545} INFO - Filling up the DagBag from /home/airflow/.local/lib/python3.12/site-packages/airflow/example_dags/example_sensors.py
[2026-05-25T06:55:16.647+0000] {processor.py:840} INFO - DAG(s) 'example_sensors' retrieved from /home/airflow/.local/lib/python3.12/site-packages/airflow/example_dags/example_sensors.py
[2026-05-25T06:55:16.737+0000] {logging_mixin.py:188} INFO - [2026-05-25T06:55:16.737+0000] {dag.py:3089} INFO - Sync 1 DAGs
[2026-05-25T06:55:16.776+0000] {logging_mixin.py:188} INFO - [2026-05-25T06:55:16.776+0000] {dag.py:3947} INFO - Setting next_dagrun for example_sensors to None, run_after=None
[2026-05-25T06:55:16.840+0000] {processor.py:183} INFO - Processing /home/airflow/.local/lib/python3.12/site-packages/airflow/example_dags/example_sensors.py took 0.261 seconds
[2026-05-25T06:55:48.550+0000] {processor.py:161} INFO - Started process (PID=1657) to work on /home/airflow/.local/lib/python3.12/site-packages/airflow/example_dags/example_sensors.py
[2026-05-25T06:55:48.554+0000] {processor.py:830} INFO - Processing file /home/airflow/.local/lib/python3.12/site-packages/airflow/example_dags/example_sensors.py for tasks to queue
[2026-05-25T06:55:48.560+0000] {logging_mixin.py:188} INFO - [2026-05-25T06:55:48.559+0000] {dagbag.py:545} INFO - Filling up the DagBag from /home/airflow/.local/lib/python3.12/site-packages/airflow/example_dags/example_sensors.py
[2026-05-25T06:55:48.603+0000] {processor.py:840} INFO - DAG(s) 'example_sensors' retrieved from /home/airflow/.local/lib/python3.12/site-packages/airflow/example_dags/example_sensors.py
[2026-05-25T06:55:48.689+0000] {logging_mixin.py:188} INFO - [2026-05-25T06:55:48.688+0000] {dag.py:3089} INFO - Sync 1 DAGs
[2026-05-25T06:55:48.749+0000] {logging_mixin.py:188} INFO - [2026-05-25T06:55:48.748+0000] {dag.py:3947} INFO - Setting next_dagrun for example_sensors to None, run_after=None
[2026-05-25T06:55:48.844+0000] {processor.py:183} INFO - Processing /home/airflow/.local/lib/python3.12/site-packages/airflow/example_dags/example_sensors.py took 0.322 seconds
[2026-05-25T06:56:20.319+0000] {processor.py:161} INFO - Started process (PID=1717) to work on /home/airflow/.local/lib/python3.12/site-packages/airflow/example_dags/example_sensors.py
[2026-05-25T06:56:20.332+0000] {processor.py:830} INFO - Processing file /home/airflow/.local/lib/python3.12/site-packages/airflow/example_dags/example_sensors.py for tasks to queue
[2026-05-25T06:56:20.350+0000] {logging_mixin.py:188} INFO - [2026-05-25T06:56:20.340+0000] {dagbag.py:545} INFO - Filling up the DagBag from /home/airflow/.local/lib/python3.12/site-packages/airflow/example_dags/example_sensors.py
[2026-05-25T06:56:20.413+0000] {processor.py:840} INFO - DAG(s) 'example_sensors' retrieved from /home/airflow/.local/lib/python3.12/site-packages/airflow/example_dags/example_sensors.py
[2026-05-25T06:56:20.565+0000] {logging_mixin.py:188} INFO - [2026-05-25T06:56:20.564+0000] {dag.py:3089} INFO - Sync 1 DAGs
[2026-05-25T06:56:20.615+0000] {logging_mixin.py:188} INFO - [2026-05-25T06:56:20.615+0000] {dag.py:3947} INFO - Setting next_dagrun for example_sensors to None, run_after=None
[2026-05-25T06:56:20.679+0000] {processor.py:183} INFO - Processing /home/airflow/.local/lib/python3.12/site-packages/airflow/example_dags/example_sensors.py took 0.390 seconds
[2026-05-25T06:56:51.508+0000] {processor.py:161} INFO - Started process (PID=1777) to work on /home/airflow/.local/lib/python3.12/site-packages/airflow/example_dags/example_sensors.py
[2026-05-25T06:56:51.510+0000] {processor.py:830} INFO - Processing file /home/airflow/.local/lib/python3.12/site-packages/airflow/example_dags/example_sensors.py for tasks to queue
[2026-05-25T06:56:51.514+0000] {logging_mixin.py:188} INFO - [2026-05-25T06:56:51.513+0000] {dagbag.py:545} INFO - Filling up the DagBag from /home/airflow/.local/lib/python3.12/site-packages/airflow/example_dags/example_sensors.py
[2026-05-25T06:56:51.535+0000] {processor.py:840} INFO - DAG(s) 'example_sensors' retrieved from /home/airflow/.local/lib/python3.12/site-packages/airflow/example_dags/example_sensors.py
[2026-05-25T06:56:51.963+0000] {logging_mixin.py:188} INFO - [2026-05-25T06:56:51.963+0000] {dag.py:3089} INFO - Sync 1 DAGs
[2026-05-25T06:56:51.997+0000] {logging_mixin.py:188} INFO - [2026-05-25T06:56:51.996+0000] {dag.py:3947} INFO - Setting next_dagrun for example_sensors to None, run_after=None
[2026-05-25T06:56:52.061+0000] {processor.py:183} INFO - Processing /home/airflow/.local/lib/python3.12/site-packages/airflow/example_dags/example_sensors.py took 0.568 seconds
[2026-05-25T06:57:22.293+0000] {processor.py:161} INFO - Started process (PID=1836) to work on /home/airflow/.local/lib/python3.12/site-packages/airflow/example_dags/example_sensors.py
[2026-05-25T06:57:22.296+0000] {processor.py:830} INFO - Processing file /home/airflow/.local/lib/python3.12/site-packages/airflow/example_dags/example_sensors.py for tasks to queue
[2026-05-25T06:57:22.301+0000] {logging_mixin.py:188} INFO - [2026-05-25T06:57:22.300+0000] {dagbag.py:545} INFO - Filling up the DagBag from /home/airflow/.local/lib/python3.12/site-packages/airflow/example_dags/example_sensors.py
[2026-05-25T06:57:22.321+0000] {processor.py:840} INFO - DAG(s) 'example_sensors' retrieved from /home/airflow/.local/lib/python3.12/site-packages/airflow/example_dags/example_sensors.py
[2026-05-25T06:57:22.388+0000] {logging_mixin.py:188} INFO - [2026-05-25T06:57:22.387+0000] {dag.py:3089} INFO - Sync 1 DAGs
[2026-05-25T06:57:22.415+0000] {logging_mixin.py:188} INFO - [2026-05-25T06:57:22.415+0000] {dag.py:3947} INFO - Setting next_dagrun for example_sensors to None, run_after=None
[2026-05-25T06:57:22.461+0000] {processor.py:183} INFO - Processing /home/airflow/.local/lib/python3.12/site-packages/airflow/example_dags/example_sensors.py took 0.186 seconds
[2026-05-25T06:57:52.692+0000] {processor.py:161} INFO - Started process (PID=1896) to work on /home/airflow/.local/lib/python3.12/site-packages/airflow/example_dags/example_sensors.py
[2026-05-25T06:57:52.696+0000] {processor.py:830} INFO - Processing file /home/airflow/.local/lib/python3.12/site-packages/airflow/example_dags/example_sensors.py for tasks to queue
[2026-05-25T06:57:52.700+0000] {logging_mixin.py:188} INFO - [2026-05-25T06:57:52.700+0000] {dagbag.py:545} INFO - Filling up the DagBag from /home/airflow/.local/lib/python3.12/site-packages/airflow/example_dags/example_sensors.py
[2026-05-25T06:57:52.722+0000] {processor.py:840} INFO - DAG(s) 'example_sensors' retrieved from /home/airflow/.local/lib/python3.12/site-packages/airflow/example_dags/example_sensors.py
[2026-05-25T06:57:52.778+0000] {logging_mixin.py:188} INFO - [2026-05-25T06:57:52.777+0000] {dag.py:3089} INFO - Sync 1 DAGs
[2026-05-25T06:57:52.806+0000] {logging_mixin.py:188} INFO - [2026-05-25T06:57:52.806+0000] {dag.py:3947} INFO - Setting next_dagrun for example_sensors to None, run_after=None
[2026-05-25T06:57:52.857+0000] {processor.py:183} INFO - Processing /home/airflow/.local/lib/python3.12/site-packages/airflow/example_dags/example_sensors.py took 0.182 seconds
[2026-05-25T06:58:23.349+0000] {processor.py:161} INFO - Started process (PID=1956) to work on /home/airflow/.local/lib/python3.12/site-packages/airflow/example_dags/example_sensors.py
[2026-05-25T06:58:23.352+0000] {processor.py:830} INFO - Processing file /home/airflow/.local/lib/python3.12/site-packages/airflow/example_dags/example_sensors.py for tasks to queue
[2026-05-25T06:58:23.362+0000] {logging_mixin.py:188} INFO - [2026-05-25T06:58:23.361+0000] {dagbag.py:545} INFO - Filling up the DagBag from /home/airflow/.local/lib/python3.12/site-packages/airflow/example_dags/example_sensors.py
[2026-05-25T06:58:23.405+0000] {processor.py:840} INFO - DAG(s) 'example_sensors' retrieved from /home/airflow/.local/lib/python3.12/site-packages/airflow/example_dags/example_sensors.py
[2026-05-25T06:58:23.574+0000] {logging_mixin.py:188} INFO - [2026-05-25T06:58:23.574+0000] {dag.py:3089} INFO - Sync 1 DAGs
[2026-05-25T06:58:23.657+0000] {logging_mixin.py:188} INFO - [2026-05-25T06:58:23.656+0000] {dag.py:3947} INFO - Setting next_dagrun for example_sensors to None, run_after=None
[2026-05-25T06:58:23.710+0000] {processor.py:183} INFO - Processing /home/airflow/.local/lib/python3.12/site-packages/airflow/example_dags/example_sensors.py took 0.385 seconds
[2026-05-25T06:58:54.051+0000] {processor.py:161} INFO - Started process (PID=2016) to work on /home/airflow/.local/lib/python3.12/site-packages/airflow/example_dags/example_sensors.py
[2026-05-25T06:58:54.054+0000] {processor.py:830} INFO - Processing file /home/airflow/.local/lib/python3.12/site-packages/airflow/example_dags/example_sensors.py for tasks to queue
[2026-05-25T06:58:54.058+0000] {logging_mixin.py:188} INFO - [2026-05-25T06:58:54.058+0000] {dagbag.py:545} INFO - Filling up the DagBag from /home/airflow/.local/lib/python3.12/site-packages/airflow/example_dags/example_sensors.py
[2026-05-25T06:58:54.079+0000] {processor.py:840} INFO - DAG(s) 'example_sensors' retrieved from /home/airflow/.local/lib/python3.12/site-packages/airflow/example_dags/example_sensors.py
[2026-05-25T06:58:54.142+0000] {logging_mixin.py:188} INFO - [2026-05-25T06:58:54.142+0000] {dag.py:3089} INFO - Sync 1 DAGs
[2026-05-25T06:58:54.179+0000] {logging_mixin.py:188} INFO - [2026-05-25T06:58:54.179+0000] {dag.py:3947} INFO - Setting next_dagrun for example_sensors to None, run_after=None
[2026-05-25T06:58:54.224+0000] {processor.py:183} INFO - Processing /home/airflow/.local/lib/python3.12/site-packages/airflow/example_dags/example_sensors.py took 0.186 seconds
[2026-05-25T06:59:24.739+0000] {processor.py:161} INFO - Started process (PID=2076) to work on /home/airflow/.local/lib/python3.12/site-packages/airflow/example_dags/example_sensors.py
[2026-05-25T06:59:24.741+0000] {processor.py:830} INFO - Processing file /home/airflow/.local/lib/python3.12/site-packages/airflow/example_dags/example_sensors.py for tasks to queue
[2026-05-25T06:59:24.746+0000] {logging_mixin.py:188} INFO - [2026-05-25T06:59:24.745+0000] {dagbag.py:545} INFO - Filling up the DagBag from /home/airflow/.local/lib/python3.12/site-packages/airflow/example_dags/example_sensors.py
[2026-05-25T06:59:24.765+0000] {processor.py:840} INFO - DAG(s) 'example_sensors' retrieved from /home/airflow/.local/lib/python3.12/site-packages/airflow/example_dags/example_sensors.py
[2026-05-25T06:59:24.830+0000] {logging_mixin.py:188} INFO - [2026-05-25T06:59:24.830+0000] {dag.py:3089} INFO - Sync 1 DAGs
[2026-05-25T06:59:24.864+0000] {logging_mixin.py:188} INFO - [2026-05-25T06:59:24.864+0000] {dag.py:3947} INFO - Setting next_dagrun for example_sensors to None, run_after=None
[2026-05-25T06:59:24.910+0000] {processor.py:183} INFO - Processing /home/airflow/.local/lib/python3.12/site-packages/airflow/example_dags/example_sensors.py took 0.186 seconds
[2026-05-25T06:59:55.304+0000] {processor.py:161} INFO - Started process (PID=2135) to work on /home/airflow/.local/lib/python3.12/site-packages/airflow/example_dags/example_sensors.py
[2026-05-25T06:59:55.307+0000] {processor.py:830} INFO - Processing file /home/airflow/.local/lib/python3.12/site-packages/airflow/example_dags/example_sensors.py for tasks to queue
[2026-05-25T06:59:55.314+0000] {logging_mixin.py:188} INFO - [2026-05-25T06:59:55.312+0000] {dagbag.py:545} INFO - Filling up the DagBag from /home/airflow/.local/lib/python3.12/site-packages/airflow/example_dags/example_sensors.py
[2026-05-25T06:59:55.338+0000] {processor.py:840} INFO - DAG(s) 'example_sensors' retrieved from /home/airflow/.local/lib/python3.12/site-packages/airflow/example_dags/example_sensors.py
[2026-05-25T06:59:55.419+0000] {logging_mixin.py:188} INFO - [2026-05-25T06:59:55.418+0000] {dag.py:3089} INFO - Sync 1 DAGs
[2026-05-25T06:59:55.461+0000] {logging_mixin.py:188} INFO - [2026-05-25T06:59:55.461+0000] {dag.py:3947} INFO - Setting next_dagrun for example_sensors to None, run_after=None
[2026-05-25T06:59:55.563+0000] {processor.py:183} INFO - Processing /home/airflow/.local/lib/python3.12/site-packages/airflow/example_dags/example_sensors.py took 0.276 seconds
[2026-05-25T07:00:25.856+0000] {processor.py:161} INFO - Started process (PID=2195) to work on /home/airflow/.local/lib/python3.12/site-packages/airflow/example_dags/example_sensors.py
[2026-05-25T07:00:25.860+0000] {processor.py:830} INFO - Processing file /home/airflow/.local/lib/python3.12/site-packages/airflow/example_dags/example_sensors.py for tasks to queue
[2026-05-25T07:00:25.874+0000] {logging_mixin.py:188} INFO - [2026-05-25T07:00:25.873+0000] {dagbag.py:545} INFO - Filling up the DagBag from /home/airflow/.local/lib/python3.12/site-packages/airflow/example_dags/example_sensors.py
[2026-05-25T07:00:25.952+0000] {processor.py:840} INFO - DAG(s) 'example_sensors' retrieved from /home/airflow/.local/lib/python3.12/site-packages/airflow/example_dags/example_sensors.py
[2026-05-25T07:00:26.084+0000] {logging_mixin.py:188} INFO - [2026-05-25T07:00:26.084+0000] {dag.py:3089} INFO - Sync 1 DAGs
[2026-05-25T07:00:26.123+0000] {logging_mixin.py:188} INFO - [2026-05-25T07:00:26.123+0000] {dag.py:3947} INFO - Setting next_dagrun for example_sensors to None, run_after=None
[2026-05-25T07:00:26.182+0000] {processor.py:183} INFO - Processing /home/airflow/.local/lib/python3.12/site-packages/airflow/example_dags/example_sensors.py took 0.348 seconds
[2026-05-25T07:05:06.932+0000] {processor.py:161} INFO - Started process (PID=103) to work on /home/airflow/.local/lib/python3.12/site-packages/airflow/example_dags/example_sensors.py
[2026-05-25T07:05:06.937+0000] {processor.py:830} INFO - Processing file /home/airflow/.local/lib/python3.12/site-packages/airflow/example_dags/example_sensors.py for tasks to queue
[2026-05-25T07:05:06.946+0000] {logging_mixin.py:188} INFO - [2026-05-25T07:05:06.945+0000] {dagbag.py:545} INFO - Filling up the DagBag from /home/airflow/.local/lib/python3.12/site-packages/airflow/example_dags/example_sensors.py
[2026-05-25T07:05:06.987+0000] {processor.py:840} INFO - DAG(s) 'example_sensors' retrieved from /home/airflow/.local/lib/python3.12/site-packages/airflow/example_dags/example_sensors.py
[2026-05-25T07:05:07.295+0000] {logging_mixin.py:188} INFO - [2026-05-25T07:05:07.292+0000] {override.py:1858} INFO - Created Permission View: can read on DAG:example_sensors
[2026-05-25T07:05:07.331+0000] {logging_mixin.py:188} INFO - [2026-05-25T07:05:07.330+0000] {override.py:1858} INFO - Created Permission View: can delete on DAG:example_sensors
[2026-05-25T07:05:07.357+0000] {logging_mixin.py:188} INFO - [2026-05-25T07:05:07.355+0000] {override.py:1858} INFO - Created Permission View: can edit on DAG:example_sensors
[2026-05-25T07:05:07.363+0000] {logging_mixin.py:188} INFO - [2026-05-25T07:05:07.361+0000] {dag.py:3089} INFO - Sync 1 DAGs
[2026-05-25T07:05:07.408+0000] {logging_mixin.py:188} INFO - [2026-05-25T07:05:07.408+0000] {dag.py:3111} INFO - Creating ORM DAG for example_sensors
[2026-05-25T07:05:07.411+0000] {logging_mixin.py:188} INFO - [2026-05-25T07:05:07.410+0000] {dag.py:3947} INFO - Setting next_dagrun for example_sensors to None, run_after=None
[2026-05-25T07:05:07.466+0000] {processor.py:183} INFO - Processing /home/airflow/.local/lib/python3.12/site-packages/airflow/example_dags/example_sensors.py took 0.552 seconds
[2026-05-25T07:05:47.929+0000] {processor.py:161} INFO - Started process (PID=163) to work on /home/airflow/.local/lib/python3.12/site-packages/airflow/example_dags/example_sensors.py
[2026-05-25T07:05:47.932+0000] {processor.py:830} INFO - Processing file /home/airflow/.local/lib/python3.12/site-packages/airflow/example_dags/example_sensors.py for tasks to queue
[2026-05-25T07:05:47.937+0000] {logging_mixin.py:188} INFO - [2026-05-25T07:05:47.936+0000] {dagbag.py:545} INFO - Filling up the DagBag from /home/airflow/.local/lib/python3.12/site-packages/airflow/example_dags/example_sensors.py
[2026-05-25T07:05:47.965+0000] {processor.py:840} INFO - DAG(s) 'example_sensors' retrieved from /home/airflow/.local/lib/python3.12/site-packages/airflow/example_dags/example_sensors.py
[2026-05-25T07:05:48.036+0000] {logging_mixin.py:188} INFO - [2026-05-25T07:05:48.036+0000] {dag.py:3089} INFO - Sync 1 DAGs
[2026-05-25T07:05:48.081+0000] {logging_mixin.py:188} INFO - [2026-05-25T07:05:48.079+0000] {dag.py:3947} INFO - Setting next_dagrun for example_sensors to None, run_after=None
[2026-05-25T07:05:48.143+0000] {processor.py:183} INFO - Processing /home/airflow/.local/lib/python3.12/site-packages/airflow/example_dags/example_sensors.py took 0.232 seconds
[2026-05-25T07:06:23.372+0000] {processor.py:161} INFO - Started process (PID=223) to work on /home/airflow/.local/lib/python3.12/site-packages/airflow/example_dags/example_sensors.py
[2026-05-25T07:06:23.377+0000] {processor.py:830} INFO - Processing file /home/airflow/.local/lib/python3.12/site-packages/airflow/example_dags/example_sensors.py for tasks to queue
[2026-05-25T07:06:23.390+0000] {logging_mixin.py:188} INFO - [2026-05-25T07:06:23.388+0000] {dagbag.py:545} INFO - Filling up the DagBag from /home/airflow/.local/lib/python3.12/site-packages/airflow/example_dags/example_sensors.py
[2026-05-25T07:06:23.455+0000] {processor.py:840} INFO - DAG(s) 'example_sensors' retrieved from /home/airflow/.local/lib/python3.12/site-packages/airflow/example_dags/example_sensors.py
[2026-05-25T07:06:23.627+0000] {logging_mixin.py:188} INFO - [2026-05-25T07:06:23.626+0000] {dag.py:3089} INFO - Sync 1 DAGs
[2026-05-25T07:06:23.741+0000] {logging_mixin.py:188} INFO - [2026-05-25T07:06:23.739+0000] {dag.py:3947} INFO - Setting next_dagrun for example_sensors to None, run_after=None
[2026-05-25T07:06:23.870+0000] {processor.py:183} INFO - Processing /home/airflow/.local/lib/python3.12/site-packages/airflow/example_dags/example_sensors.py took 0.535 seconds
[2026-05-25T07:06:54.141+0000] {processor.py:161} INFO - Started process (PID=283) to work on /home/airflow/.local/lib/python3.12/site-packages/airflow/example_dags/example_sensors.py
[2026-05-25T07:06:54.145+0000] {processor.py:830} INFO - Processing file /home/airflow/.local/lib/python3.12/site-packages/airflow/example_dags/example_sensors.py for tasks to queue
[2026-05-25T07:06:54.153+0000] {logging_mixin.py:188} INFO - [2026-05-25T07:06:54.151+0000] {dagbag.py:545} INFO - Filling up the DagBag from /home/airflow/.local/lib/python3.12/site-packages/airflow/example_dags/example_sensors.py
[2026-05-25T07:06:54.189+0000] {processor.py:840} INFO - DAG(s) 'example_sensors' retrieved from /home/airflow/.local/lib/python3.12/site-packages/airflow/example_dags/example_sensors.py
[2026-05-25T07:06:54.295+0000] {logging_mixin.py:188} INFO - [2026-05-25T07:06:54.294+0000] {dag.py:3089} INFO - Sync 1 DAGs
[2026-05-25T07:06:54.337+0000] {logging_mixin.py:188} INFO - [2026-05-25T07:06:54.336+0000] {dag.py:3947} INFO - Setting next_dagrun for example_sensors to None, run_after=None
[2026-05-25T07:06:54.436+0000] {processor.py:183} INFO - Processing /home/airflow/.local/lib/python3.12/site-packages/airflow/example_dags/example_sensors.py took 0.316 seconds
[2026-05-25T07:07:26.681+0000] {processor.py:161} INFO - Started process (PID=343) to work on /home/airflow/.local/lib/python3.12/site-packages/airflow/example_dags/example_sensors.py
[2026-05-25T07:07:26.685+0000] {processor.py:830} INFO - Processing file /home/airflow/.local/lib/python3.12/site-packages/airflow/example_dags/example_sensors.py for tasks to queue
[2026-05-25T07:07:26.692+0000] {logging_mixin.py:188} INFO - [2026-05-25T07:07:26.691+0000] {dagbag.py:545} INFO - Filling up the DagBag from /home/airflow/.local/lib/python3.12/site-packages/airflow/example_dags/example_sensors.py
[2026-05-25T07:07:26.718+0000] {processor.py:840} INFO - DAG(s) 'example_sensors' retrieved from /home/airflow/.local/lib/python3.12/site-packages/airflow/example_dags/example_sensors.py
[2026-05-25T07:07:26.780+0000] {logging_mixin.py:188} INFO - [2026-05-25T07:07:26.779+0000] {dag.py:3089} INFO - Sync 1 DAGs
[2026-05-25T07:07:26.804+0000] {logging_mixin.py:188} INFO - [2026-05-25T07:07:26.804+0000] {dag.py:3947} INFO - Setting next_dagrun for example_sensors to None, run_after=None
[2026-05-25T07:07:26.842+0000] {processor.py:183} INFO - Processing /home/airflow/.local/lib/python3.12/site-packages/airflow/example_dags/example_sensors.py took 0.184 seconds
[2026-05-25T07:08:00.954+0000] {processor.py:161} INFO - Started process (PID=404) to work on /home/airflow/.local/lib/python3.12/site-packages/airflow/example_dags/example_sensors.py
[2026-05-25T07:08:00.959+0000] {processor.py:830} INFO - Processing file /home/airflow/.local/lib/python3.12/site-packages/airflow/example_dags/example_sensors.py for tasks to queue
[2026-05-25T07:08:00.966+0000] {logging_mixin.py:188} INFO - [2026-05-25T07:08:00.965+0000] {dagbag.py:545} INFO - Filling up the DagBag from /home/airflow/.local/lib/python3.12/site-packages/airflow/example_dags/example_sensors.py
[2026-05-25T07:08:00.996+0000] {processor.py:840} INFO - DAG(s) 'example_sensors' retrieved from /home/airflow/.local/lib/python3.12/site-packages/airflow/example_dags/example_sensors.py
[2026-05-25T07:08:01.082+0000] {logging_mixin.py:188} INFO - [2026-05-25T07:08:01.081+0000] {dag.py:3089} INFO - Sync 1 DAGs
[2026-05-25T07:08:01.119+0000] {logging_mixin.py:188} INFO - [2026-05-25T07:08:01.119+0000] {dag.py:3947} INFO - Setting next_dagrun for example_sensors to None, run_after=None
[2026-05-25T07:08:01.190+0000] {processor.py:183} INFO - Processing /home/airflow/.local/lib/python3.12/site-packages/airflow/example_dags/example_sensors.py took 0.275 seconds
[2026-05-25T07:08:32.257+0000] {processor.py:161} INFO - Started process (PID=463) to work on /home/airflow/.local/lib/python3.12/site-packages/airflow/example_dags/example_sensors.py
[2026-05-25T07:08:32.259+0000] {processor.py:830} INFO - Processing file /home/airflow/.local/lib/python3.12/site-packages/airflow/example_dags/example_sensors.py for tasks to queue
[2026-05-25T07:08:32.265+0000] {logging_mixin.py:188} INFO - [2026-05-25T07:08:32.264+0000] {dagbag.py:545} INFO - Filling up the DagBag from /home/airflow/.local/lib/python3.12/site-packages/airflow/example_dags/example_sensors.py
[2026-05-25T07:08:32.311+0000] {processor.py:840} INFO - DAG(s) 'example_sensors' retrieved from /home/airflow/.local/lib/python3.12/site-packages/airflow/example_dags/example_sensors.py
[2026-05-25T07:08:32.390+0000] {logging_mixin.py:188} INFO - [2026-05-25T07:08:32.390+0000] {dag.py:3089} INFO - Sync 1 DAGs
[2026-05-25T07:08:32.418+0000] {logging_mixin.py:188} INFO - [2026-05-25T07:08:32.418+0000] {dag.py:3947} INFO - Setting next_dagrun for example_sensors to None, run_after=None
[2026-05-25T07:08:32.471+0000] {processor.py:183} INFO - Processing /home/airflow/.local/lib/python3.12/site-packages/airflow/example_dags/example_sensors.py took 0.231 seconds
[2026-05-25T07:09:02.800+0000] {processor.py:161} INFO - Started process (PID=523) to work on /home/airflow/.local/lib/python3.12/site-packages/airflow/example_dags/example_sensors.py
[2026-05-25T07:09:02.803+0000] {processor.py:830} INFO - Processing file /home/airflow/.local/lib/python3.12/site-packages/airflow/example_dags/example_sensors.py for tasks to queue
[2026-05-25T07:09:02.812+0000] {logging_mixin.py:188} INFO - [2026-05-25T07:09:02.809+0000] {dagbag.py:545} INFO - Filling up the DagBag from /home/airflow/.local/lib/python3.12/site-packages/airflow/example_dags/example_sensors.py
[2026-05-25T07:09:02.848+0000] {processor.py:840} INFO - DAG(s) 'example_sensors' retrieved from /home/airflow/.local/lib/python3.12/site-packages/airflow/example_dags/example_sensors.py
[2026-05-25T07:09:02.943+0000] {logging_mixin.py:188} INFO - [2026-05-25T07:09:02.942+0000] {dag.py:3089} INFO - Sync 1 DAGs
[2026-05-25T07:09:02.978+0000] {logging_mixin.py:188} INFO - [2026-05-25T07:09:02.977+0000] {dag.py:3947} INFO - Setting next_dagrun for example_sensors to None, run_after=None
[2026-05-25T07:09:03.033+0000] {processor.py:183} INFO - Processing /home/airflow/.local/lib/python3.12/site-packages/airflow/example_dags/example_sensors.py took 0.254 seconds
[2026-05-25T07:09:33.151+0000] {processor.py:161} INFO - Started process (PID=581) to work on /home/airflow/.local/lib/python3.12/site-packages/airflow/example_dags/example_sensors.py
[2026-05-25T07:09:33.154+0000] {processor.py:830} INFO - Processing file /home/airflow/.local/lib/python3.12/site-packages/airflow/example_dags/example_sensors.py for tasks to queue
[2026-05-25T07:09:33.159+0000] {logging_mixin.py:188} INFO - [2026-05-25T07:09:33.158+0000] {dagbag.py:545} INFO - Filling up the DagBag from /home/airflow/.local/lib/python3.12/site-packages/airflow/example_dags/example_sensors.py
[2026-05-25T07:09:33.178+0000] {processor.py:840} INFO - DAG(s) 'example_sensors' retrieved from /home/airflow/.local/lib/python3.12/site-packages/airflow/example_dags/example_sensors.py
[2026-05-25T07:09:33.235+0000] {logging_mixin.py:188} INFO - [2026-05-25T07:09:33.234+0000] {dag.py:3089} INFO - Sync 1 DAGs
[2026-05-25T07:09:33.261+0000] {logging_mixin.py:188} INFO - [2026-05-25T07:09:33.260+0000] {dag.py:3947} INFO - Setting next_dagrun for example_sensors to None, run_after=None
[2026-05-25T07:09:33.305+0000] {processor.py:183} INFO - Processing /home/airflow/.local/lib/python3.12/site-packages/airflow/example_dags/example_sensors.py took 0.167 seconds
[2026-05-25T07:10:04.025+0000] {processor.py:161} INFO - Started process (PID=641) to work on /home/airflow/.local/lib/python3.12/site-packages/airflow/example_dags/example_sensors.py
[2026-05-25T07:10:04.027+0000] {processor.py:830} INFO - Processing file /home/airflow/.local/lib/python3.12/site-packages/airflow/example_dags/example_sensors.py for tasks to queue
[2026-05-25T07:10:04.032+0000] {logging_mixin.py:188} INFO - [2026-05-25T07:10:04.032+0000] {dagbag.py:545} INFO - Filling up the DagBag from /home/airflow/.local/lib/python3.12/site-packages/airflow/example_dags/example_sensors.py
[2026-05-25T07:10:04.051+0000] {processor.py:840} INFO - DAG(s) 'example_sensors' retrieved from /home/airflow/.local/lib/python3.12/site-packages/airflow/example_dags/example_sensors.py
[2026-05-25T07:10:04.110+0000] {logging_mixin.py:188} INFO - [2026-05-25T07:10:04.110+0000] {dag.py:3089} INFO - Sync 1 DAGs
[2026-05-25T07:10:04.144+0000] {logging_mixin.py:188} INFO - [2026-05-25T07:10:04.143+0000] {dag.py:3947} INFO - Setting next_dagrun for example_sensors to None, run_after=None
[2026-05-25T07:10:04.209+0000] {processor.py:183} INFO - Processing /home/airflow/.local/lib/python3.12/site-packages/airflow/example_dags/example_sensors.py took 0.204 seconds
[2026-05-25T07:10:34.715+0000] {processor.py:161} INFO - Started process (PID=699) to work on /home/airflow/.local/lib/python3.12/site-packages/airflow/example_dags/example_sensors.py
[2026-05-25T07:10:34.725+0000] {processor.py:830} INFO - Processing file /home/airflow/.local/lib/python3.12/site-packages/airflow/example_dags/example_sensors.py for tasks to queue
[2026-05-25T07:10:34.738+0000] {logging_mixin.py:188} INFO - [2026-05-25T07:10:34.737+0000] {dagbag.py:545} INFO - Filling up the DagBag from /home/airflow/.local/lib/python3.12/site-packages/airflow/example_dags/example_sensors.py
[2026-05-25T07:10:34.779+0000] {processor.py:840} INFO - DAG(s) 'example_sensors' retrieved from /home/airflow/.local/lib/python3.12/site-packages/airflow/example_dags/example_sensors.py
[2026-05-25T07:10:34.883+0000] {logging_mixin.py:188} INFO - [2026-05-25T07:10:34.882+0000] {dag.py:3089} INFO - Sync 1 DAGs
[2026-05-25T07:10:34.928+0000] {logging_mixin.py:188} INFO - [2026-05-25T07:10:34.927+0000] {dag.py:3947} INFO - Setting next_dagrun for example_sensors to None, run_after=None
[2026-05-25T07:10:34.978+0000] {processor.py:183} INFO - Processing /home/airflow/.local/lib/python3.12/site-packages/airflow/example_dags/example_sensors.py took 0.287 seconds
[2026-05-25T07:11:05.089+0000] {processor.py:161} INFO - Started process (PID=758) to work on /home/airflow/.local/lib/python3.12/site-packages/airflow/example_dags/example_sensors.py
[2026-05-25T07:11:05.091+0000] {processor.py:830} INFO - Processing file /home/airflow/.local/lib/python3.12/site-packages/airflow/example_dags/example_sensors.py for tasks to queue
[2026-05-25T07:11:05.094+0000] {logging_mixin.py:188} INFO - [2026-05-25T07:11:05.094+0000] {dagbag.py:545} INFO - Filling up the DagBag from /home/airflow/.local/lib/python3.12/site-packages/airflow/example_dags/example_sensors.py
[2026-05-25T07:11:05.107+0000] {processor.py:840} INFO - DAG(s) 'example_sensors' retrieved from /home/airflow/.local/lib/python3.12/site-packages/airflow/example_dags/example_sensors.py
[2026-05-25T07:11:05.149+0000] {logging_mixin.py:188} INFO - [2026-05-25T07:11:05.149+0000] {dag.py:3089} INFO - Sync 1 DAGs
[2026-05-25T07:11:05.169+0000] {logging_mixin.py:188} INFO - [2026-05-25T07:11:05.168+0000] {dag.py:3947} INFO - Setting next_dagrun for example_sensors to None, run_after=None
[2026-05-25T07:11:05.217+0000] {processor.py:183} INFO - Processing /home/airflow/.local/lib/python3.12/site-packages/airflow/example_dags/example_sensors.py took 0.136 seconds
[2026-05-25T07:11:36.098+0000] {processor.py:161} INFO - Started process (PID=819) to work on /home/airflow/.local/lib/python3.12/site-packages/airflow/example_dags/example_sensors.py
[2026-05-25T07:11:36.100+0000] {processor.py:830} INFO - Processing file /home/airflow/.local/lib/python3.12/site-packages/airflow/example_dags/example_sensors.py for tasks to queue
[2026-05-25T07:11:36.103+0000] {logging_mixin.py:188} INFO - [2026-05-25T07:11:36.102+0000] {dagbag.py:545} INFO - Filling up the DagBag from /home/airflow/.local/lib/python3.12/site-packages/airflow/example_dags/example_sensors.py
[2026-05-25T07:11:36.119+0000] {processor.py:840} INFO - DAG(s) 'example_sensors' retrieved from /home/airflow/.local/lib/python3.12/site-packages/airflow/example_dags/example_sensors.py
[2026-05-25T07:11:36.160+0000] {logging_mixin.py:188} INFO - [2026-05-25T07:11:36.159+0000] {dag.py:3089} INFO - Sync 1 DAGs
[2026-05-25T07:11:36.179+0000] {logging_mixin.py:188} INFO - [2026-05-25T07:11:36.179+0000] {dag.py:3947} INFO - Setting next_dagrun for example_sensors to None, run_after=None
[2026-05-25T07:11:36.211+0000] {processor.py:183} INFO - Processing /home/airflow/.local/lib/python3.12/site-packages/airflow/example_dags/example_sensors.py took 0.122 seconds
[2026-05-25T07:12:06.718+0000] {processor.py:161} INFO - Started process (PID=879) to work on /home/airflow/.local/lib/python3.12/site-packages/airflow/example_dags/example_sensors.py
[2026-05-25T07:12:06.720+0000] {processor.py:830} INFO - Processing file /home/airflow/.local/lib/python3.12/site-packages/airflow/example_dags/example_sensors.py for tasks to queue
[2026-05-25T07:12:06.723+0000] {logging_mixin.py:188} INFO - [2026-05-25T07:12:06.722+0000] {dagbag.py:545} INFO - Filling up the DagBag from /home/airflow/.local/lib/python3.12/site-packages/airflow/example_dags/example_sensors.py
[2026-05-25T07:12:06.738+0000] {processor.py:840} INFO - DAG(s) 'example_sensors' retrieved from /home/airflow/.local/lib/python3.12/site-packages/airflow/example_dags/example_sensors.py
[2026-05-25T07:12:06.790+0000] {logging_mixin.py:188} INFO - [2026-05-25T07:12:06.790+0000] {dag.py:3089} INFO - Sync 1 DAGs
[2026-05-25T07:12:06.809+0000] {logging_mixin.py:188} INFO - [2026-05-25T07:12:06.809+0000] {dag.py:3947} INFO - Setting next_dagrun for example_sensors to None, run_after=None
[2026-05-25T07:12:06.840+0000] {processor.py:183} INFO - Processing /home/airflow/.local/lib/python3.12/site-packages/airflow/example_dags/example_sensors.py took 0.131 seconds
[2026-05-25T07:12:37.560+0000] {processor.py:161} INFO - Started process (PID=938) to work on /home/airflow/.local/lib/python3.12/site-packages/airflow/example_dags/example_sensors.py
[2026-05-25T07:12:37.562+0000] {processor.py:830} INFO - Processing file /home/airflow/.local/lib/python3.12/site-packages/airflow/example_dags/example_sensors.py for tasks to queue
[2026-05-25T07:12:37.565+0000] {logging_mixin.py:188} INFO - [2026-05-25T07:12:37.565+0000] {dagbag.py:545} INFO - Filling up the DagBag from /home/airflow/.local/lib/python3.12/site-packages/airflow/example_dags/example_sensors.py
[2026-05-25T07:12:37.580+0000] {processor.py:840} INFO - DAG(s) 'example_sensors' retrieved from /home/airflow/.local/lib/python3.12/site-packages/airflow/example_dags/example_sensors.py
[2026-05-25T07:12:37.633+0000] {logging_mixin.py:188} INFO - [2026-05-25T07:12:37.633+0000] {dag.py:3089} INFO - Sync 1 DAGs
[2026-05-25T07:12:37.660+0000] {logging_mixin.py:188} INFO - [2026-05-25T07:12:37.659+0000] {dag.py:3947} INFO - Setting next_dagrun for example_sensors to None, run_after=None
[2026-05-25T07:12:37.709+0000] {processor.py:183} INFO - Processing /home/airflow/.local/lib/python3.12/site-packages/airflow/example_dags/example_sensors.py took 0.159 seconds
[2026-05-25T07:13:08.617+0000] {processor.py:161} INFO - Started process (PID=998) to work on /home/airflow/.local/lib/python3.12/site-packages/airflow/example_dags/example_sensors.py
[2026-05-25T07:13:08.621+0000] {processor.py:830} INFO - Processing file /home/airflow/.local/lib/python3.12/site-packages/airflow/example_dags/example_sensors.py for tasks to queue
[2026-05-25T07:13:08.637+0000] {logging_mixin.py:188} INFO - [2026-05-25T07:13:08.635+0000] {dagbag.py:545} INFO - Filling up the DagBag from /home/airflow/.local/lib/python3.12/site-packages/airflow/example_dags/example_sensors.py
[2026-05-25T07:13:08.685+0000] {processor.py:840} INFO - DAG(s) 'example_sensors' retrieved from /home/airflow/.local/lib/python3.12/site-packages/airflow/example_dags/example_sensors.py
[2026-05-25T07:13:08.791+0000] {logging_mixin.py:188} INFO - [2026-05-25T07:13:08.790+0000] {dag.py:3089} INFO - Sync 1 DAGs
[2026-05-25T07:13:08.865+0000] {logging_mixin.py:188} INFO - [2026-05-25T07:13:08.865+0000] {dag.py:3947} INFO - Setting next_dagrun for example_sensors to None, run_after=None
[2026-05-25T07:13:08.981+0000] {processor.py:183} INFO - Processing /home/airflow/.local/lib/python3.12/site-packages/airflow/example_dags/example_sensors.py took 0.393 seconds
[2026-05-25T07:13:39.241+0000] {processor.py:161} INFO - Started process (PID=1058) to work on /home/airflow/.local/lib/python3.12/site-packages/airflow/example_dags/example_sensors.py
[2026-05-25T07:13:39.244+0000] {processor.py:830} INFO - Processing file /home/airflow/.local/lib/python3.12/site-packages/airflow/example_dags/example_sensors.py for tasks to queue
[2026-05-25T07:13:39.249+0000] {logging_mixin.py:188} INFO - [2026-05-25T07:13:39.248+0000] {dagbag.py:545} INFO - Filling up the DagBag from /home/airflow/.local/lib/python3.12/site-packages/airflow/example_dags/example_sensors.py
[2026-05-25T07:13:39.279+0000] {processor.py:840} INFO - DAG(s) 'example_sensors' retrieved from /home/airflow/.local/lib/python3.12/site-packages/airflow/example_dags/example_sensors.py
[2026-05-25T07:13:39.349+0000] {logging_mixin.py:188} INFO - [2026-05-25T07:13:39.349+0000] {dag.py:3089} INFO - Sync 1 DAGs
[2026-05-25T07:13:39.390+0000] {logging_mixin.py:188} INFO - [2026-05-25T07:13:39.390+0000] {dag.py:3947} INFO - Setting next_dagrun for example_sensors to None, run_after=None
[2026-05-25T07:13:39.456+0000] {processor.py:183} INFO - Processing /home/airflow/.local/lib/python3.12/site-packages/airflow/example_dags/example_sensors.py took 0.231 seconds
[2026-05-25T07:14:10.180+0000] {processor.py:161} INFO - Started process (PID=1118) to work on /home/airflow/.local/lib/python3.12/site-packages/airflow/example_dags/example_sensors.py
[2026-05-25T07:14:10.183+0000] {processor.py:830} INFO - Processing file /home/airflow/.local/lib/python3.12/site-packages/airflow/example_dags/example_sensors.py for tasks to queue
[2026-05-25T07:14:10.188+0000] {logging_mixin.py:188} INFO - [2026-05-25T07:14:10.187+0000] {dagbag.py:545} INFO - Filling up the DagBag from /home/airflow/.local/lib/python3.12/site-packages/airflow/example_dags/example_sensors.py
[2026-05-25T07:14:10.218+0000] {processor.py:840} INFO - DAG(s) 'example_sensors' retrieved from /home/airflow/.local/lib/python3.12/site-packages/airflow/example_dags/example_sensors.py
[2026-05-25T07:14:10.308+0000] {logging_mixin.py:188} INFO - [2026-05-25T07:14:10.307+0000] {dag.py:3089} INFO - Sync 1 DAGs
[2026-05-25T07:14:10.353+0000] {logging_mixin.py:188} INFO - [2026-05-25T07:14:10.352+0000] {dag.py:3947} INFO - Setting next_dagrun for example_sensors to None, run_after=None
[2026-05-25T07:14:10.433+0000] {processor.py:183} INFO - Processing /home/airflow/.local/lib/python3.12/site-packages/airflow/example_dags/example_sensors.py took 0.271 seconds
[2026-05-25T07:14:40.607+0000] {processor.py:161} INFO - Started process (PID=1177) to work on /home/airflow/.local/lib/python3.12/site-packages/airflow/example_dags/example_sensors.py
[2026-05-25T07:14:40.611+0000] {processor.py:830} INFO - Processing file /home/airflow/.local/lib/python3.12/site-packages/airflow/example_dags/example_sensors.py for tasks to queue
[2026-05-25T07:14:40.617+0000] {logging_mixin.py:188} INFO - [2026-05-25T07:14:40.616+0000] {dagbag.py:545} INFO - Filling up the DagBag from /home/airflow/.local/lib/python3.12/site-packages/airflow/example_dags/example_sensors.py
[2026-05-25T07:14:40.657+0000] {processor.py:840} INFO - DAG(s) 'example_sensors' retrieved from /home/airflow/.local/lib/python3.12/site-packages/airflow/example_dags/example_sensors.py
[2026-05-25T07:14:40.754+0000] {logging_mixin.py:188} INFO - [2026-05-25T07:14:40.753+0000] {dag.py:3089} INFO - Sync 1 DAGs
[2026-05-25T07:14:40.799+0000] {logging_mixin.py:188} INFO - [2026-05-25T07:14:40.798+0000] {dag.py:3947} INFO - Setting next_dagrun for example_sensors to None, run_after=None
[2026-05-25T07:14:40.913+0000] {processor.py:183} INFO - Processing /home/airflow/.local/lib/python3.12/site-packages/airflow/example_dags/example_sensors.py took 0.323 seconds
[2026-05-25T07:15:11.362+0000] {processor.py:161} INFO - Started process (PID=1243) to work on /home/airflow/.local/lib/python3.12/site-packages/airflow/example_dags/example_sensors.py
[2026-05-25T07:15:11.370+0000] {processor.py:830} INFO - Processing file /home/airflow/.local/lib/python3.12/site-packages/airflow/example_dags/example_sensors.py for tasks to queue
[2026-05-25T07:15:11.378+0000] {logging_mixin.py:188} INFO - [2026-05-25T07:15:11.377+0000] {dagbag.py:545} INFO - Filling up the DagBag from /home/airflow/.local/lib/python3.12/site-packages/airflow/example_dags/example_sensors.py
[2026-05-25T07:15:11.413+0000] {processor.py:840} INFO - DAG(s) 'example_sensors' retrieved from /home/airflow/.local/lib/python3.12/site-packages/airflow/example_dags/example_sensors.py
[2026-05-25T07:15:11.484+0000] {logging_mixin.py:188} INFO - [2026-05-25T07:15:11.483+0000] {dag.py:3089} INFO - Sync 1 DAGs
[2026-05-25T07:15:11.511+0000] {logging_mixin.py:188} INFO - [2026-05-25T07:15:11.510+0000] {dag.py:3947} INFO - Setting next_dagrun for example_sensors to None, run_after=None
[2026-05-25T07:15:11.544+0000] {processor.py:183} INFO - Processing /home/airflow/.local/lib/python3.12/site-packages/airflow/example_dags/example_sensors.py took 0.210 seconds
[2026-05-25T07:15:42.406+0000] {processor.py:161} INFO - Started process (PID=1304) to work on /home/airflow/.local/lib/python3.12/site-packages/airflow/example_dags/example_sensors.py
[2026-05-25T07:15:42.408+0000] {processor.py:830} INFO - Processing file /home/airflow/.local/lib/python3.12/site-packages/airflow/example_dags/example_sensors.py for tasks to queue
[2026-05-25T07:15:42.417+0000] {logging_mixin.py:188} INFO - [2026-05-25T07:15:42.415+0000] {dagbag.py:545} INFO - Filling up the DagBag from /home/airflow/.local/lib/python3.12/site-packages/airflow/example_dags/example_sensors.py
[2026-05-25T07:15:42.454+0000] {processor.py:840} INFO - DAG(s) 'example_sensors' retrieved from /home/airflow/.local/lib/python3.12/site-packages/airflow/example_dags/example_sensors.py
[2026-05-25T07:15:42.628+0000] {logging_mixin.py:188} INFO - [2026-05-25T07:15:42.627+0000] {dag.py:3089} INFO - Sync 1 DAGs
[2026-05-25T07:15:42.720+0000] {logging_mixin.py:188} INFO - [2026-05-25T07:15:42.720+0000] {dag.py:3947} INFO - Setting next_dagrun for example_sensors to None, run_after=None
[2026-05-25T07:15:42.772+0000] {processor.py:183} INFO - Processing /home/airflow/.local/lib/python3.12/site-packages/airflow/example_dags/example_sensors.py took 0.381 seconds
[2026-05-25T07:16:13.024+0000] {processor.py:161} INFO - Started process (PID=1363) to work on /home/airflow/.local/lib/python3.12/site-packages/airflow/example_dags/example_sensors.py
[2026-05-25T07:16:13.026+0000] {processor.py:830} INFO - Processing file /home/airflow/.local/lib/python3.12/site-packages/airflow/example_dags/example_sensors.py for tasks to queue
[2026-05-25T07:16:13.030+0000] {logging_mixin.py:188} INFO - [2026-05-25T07:16:13.030+0000] {dagbag.py:545} INFO - Filling up the DagBag from /home/airflow/.local/lib/python3.12/site-packages/airflow/example_dags/example_sensors.py
[2026-05-25T07:16:13.046+0000] {processor.py:840} INFO - DAG(s) 'example_sensors' retrieved from /home/airflow/.local/lib/python3.12/site-packages/airflow/example_dags/example_sensors.py
[2026-05-25T07:16:13.097+0000] {logging_mixin.py:188} INFO - [2026-05-25T07:16:13.096+0000] {dag.py:3089} INFO - Sync 1 DAGs
[2026-05-25T07:16:13.123+0000] {logging_mixin.py:188} INFO - [2026-05-25T07:16:13.123+0000] {dag.py:3947} INFO - Setting next_dagrun for example_sensors to None, run_after=None
[2026-05-25T07:16:13.165+0000] {processor.py:183} INFO - Processing /home/airflow/.local/lib/python3.12/site-packages/airflow/example_dags/example_sensors.py took 0.155 seconds
[2026-05-25T07:16:43.374+0000] {processor.py:161} INFO - Started process (PID=1422) to work on /home/airflow/.local/lib/python3.12/site-packages/airflow/example_dags/example_sensors.py
[2026-05-25T07:16:43.376+0000] {processor.py:830} INFO - Processing file /home/airflow/.local/lib/python3.12/site-packages/airflow/example_dags/example_sensors.py for tasks to queue
[2026-05-25T07:16:43.379+0000] {logging_mixin.py:188} INFO - [2026-05-25T07:16:43.379+0000] {dagbag.py:545} INFO - Filling up the DagBag from /home/airflow/.local/lib/python3.12/site-packages/airflow/example_dags/example_sensors.py
[2026-05-25T07:16:43.393+0000] {processor.py:840} INFO - DAG(s) 'example_sensors' retrieved from /home/airflow/.local/lib/python3.12/site-packages/airflow/example_dags/example_sensors.py
[2026-05-25T07:16:43.433+0000] {logging_mixin.py:188} INFO - [2026-05-25T07:16:43.433+0000] {dag.py:3089} INFO - Sync 1 DAGs
[2026-05-25T07:16:43.452+0000] {logging_mixin.py:188} INFO - [2026-05-25T07:16:43.452+0000] {dag.py:3947} INFO - Setting next_dagrun for example_sensors to None, run_after=None
[2026-05-25T07:16:43.482+0000] {processor.py:183} INFO - Processing /home/airflow/.local/lib/python3.12/site-packages/airflow/example_dags/example_sensors.py took 0.117 seconds
[2026-05-25T07:17:13.980+0000] {processor.py:161} INFO - Started process (PID=1482) to work on /home/airflow/.local/lib/python3.12/site-packages/airflow/example_dags/example_sensors.py
[2026-05-25T07:17:13.982+0000] {processor.py:830} INFO - Processing file /home/airflow/.local/lib/python3.12/site-packages/airflow/example_dags/example_sensors.py for tasks to queue
[2026-05-25T07:17:13.985+0000] {logging_mixin.py:188} INFO - [2026-05-25T07:17:13.985+0000] {dagbag.py:545} INFO - Filling up the DagBag from /home/airflow/.local/lib/python3.12/site-packages/airflow/example_dags/example_sensors.py
[2026-05-25T07:17:14.001+0000] {processor.py:840} INFO - DAG(s) 'example_sensors' retrieved from /home/airflow/.local/lib/python3.12/site-packages/airflow/example_dags/example_sensors.py
[2026-05-25T07:17:14.041+0000] {logging_mixin.py:188} INFO - [2026-05-25T07:17:14.040+0000] {dag.py:3089} INFO - Sync 1 DAGs
[2026-05-25T07:17:14.061+0000] {logging_mixin.py:188} INFO - [2026-05-25T07:17:14.061+0000] {dag.py:3947} INFO - Setting next_dagrun for example_sensors to None, run_after=None
[2026-05-25T07:17:14.092+0000] {processor.py:183} INFO - Processing /home/airflow/.local/lib/python3.12/site-packages/airflow/example_dags/example_sensors.py took 0.123 seconds
[2026-05-25T07:17:44.504+0000] {processor.py:161} INFO - Started process (PID=1542) to work on /home/airflow/.local/lib/python3.12/site-packages/airflow/example_dags/example_sensors.py
[2026-05-25T07:17:44.506+0000] {processor.py:830} INFO - Processing file /home/airflow/.local/lib/python3.12/site-packages/airflow/example_dags/example_sensors.py for tasks to queue
[2026-05-25T07:17:44.509+0000] {logging_mixin.py:188} INFO - [2026-05-25T07:17:44.509+0000] {dagbag.py:545} INFO - Filling up the DagBag from /home/airflow/.local/lib/python3.12/site-packages/airflow/example_dags/example_sensors.py
[2026-05-25T07:17:44.524+0000] {processor.py:840} INFO - DAG(s) 'example_sensors' retrieved from /home/airflow/.local/lib/python3.12/site-packages/airflow/example_dags/example_sensors.py
[2026-05-25T07:17:44.562+0000] {logging_mixin.py:188} INFO - [2026-05-25T07:17:44.562+0000] {dag.py:3089} INFO - Sync 1 DAGs
[2026-05-25T07:17:44.580+0000] {logging_mixin.py:188} INFO - [2026-05-25T07:17:44.580+0000] {dag.py:3947} INFO - Setting next_dagrun for example_sensors to None, run_after=None
[2026-05-25T07:17:44.610+0000] {processor.py:183} INFO - Processing /home/airflow/.local/lib/python3.12/site-packages/airflow/example_dags/example_sensors.py took 0.114 seconds
[2026-05-25T07:18:15.238+0000] {processor.py:161} INFO - Started process (PID=1603) to work on /home/airflow/.local/lib/python3.12/site-packages/airflow/example_dags/example_sensors.py
[2026-05-25T07:18:15.240+0000] {processor.py:830} INFO - Processing file /home/airflow/.local/lib/python3.12/site-packages/airflow/example_dags/example_sensors.py for tasks to queue
[2026-05-25T07:18:15.244+0000] {logging_mixin.py:188} INFO - [2026-05-25T07:18:15.243+0000] {dagbag.py:545} INFO - Filling up the DagBag from /home/airflow/.local/lib/python3.12/site-packages/airflow/example_dags/example_sensors.py
[2026-05-25T07:18:15.257+0000] {processor.py:840} INFO - DAG(s) 'example_sensors' retrieved from /home/airflow/.local/lib/python3.12/site-packages/airflow/example_dags/example_sensors.py
[2026-05-25T07:18:15.298+0000] {logging_mixin.py:188} INFO - [2026-05-25T07:18:15.298+0000] {dag.py:3089} INFO - Sync 1 DAGs
[2026-05-25T07:18:15.323+0000] {logging_mixin.py:188} INFO - [2026-05-25T07:18:15.322+0000] {dag.py:3947} INFO - Setting next_dagrun for example_sensors to None, run_after=None
[2026-05-25T07:18:15.360+0000] {processor.py:183} INFO - Processing /home/airflow/.local/lib/python3.12/site-packages/airflow/example_dags/example_sensors.py took 0.132 seconds
[2026-05-25T07:18:45.595+0000] {processor.py:161} INFO - Started process (PID=1663) to work on /home/airflow/.local/lib/python3.12/site-packages/airflow/example_dags/example_sensors.py
[2026-05-25T07:18:45.597+0000] {processor.py:830} INFO - Processing file /home/airflow/.local/lib/python3.12/site-packages/airflow/example_dags/example_sensors.py for tasks to queue
[2026-05-25T07:18:45.601+0000] {logging_mixin.py:188} INFO - [2026-05-25T07:18:45.600+0000] {dagbag.py:545} INFO - Filling up the DagBag from /home/airflow/.local/lib/python3.12/site-packages/airflow/example_dags/example_sensors.py
[2026-05-25T07:18:45.623+0000] {processor.py:840} INFO - DAG(s) 'example_sensors' retrieved from /home/airflow/.local/lib/python3.12/site-packages/airflow/example_dags/example_sensors.py
[2026-05-25T07:18:45.679+0000] {logging_mixin.py:188} INFO - [2026-05-25T07:18:45.678+0000] {dag.py:3089} INFO - Sync 1 DAGs
[2026-05-25T07:18:45.704+0000] {logging_mixin.py:188} INFO - [2026-05-25T07:18:45.704+0000] {dag.py:3947} INFO - Setting next_dagrun for example_sensors to None, run_after=None
[2026-05-25T07:18:45.739+0000] {processor.py:183} INFO - Processing /home/airflow/.local/lib/python3.12/site-packages/airflow/example_dags/example_sensors.py took 0.156 seconds
[2026-05-25T07:19:16.343+0000] {processor.py:161} INFO - Started process (PID=1723) to work on /home/airflow/.local/lib/python3.12/site-packages/airflow/example_dags/example_sensors.py
[2026-05-25T07:19:16.346+0000] {processor.py:830} INFO - Processing file /home/airflow/.local/lib/python3.12/site-packages/airflow/example_dags/example_sensors.py for tasks to queue
[2026-05-25T07:19:16.350+0000] {logging_mixin.py:188} INFO - [2026-05-25T07:19:16.350+0000] {dagbag.py:545} INFO - Filling up the DagBag from /home/airflow/.local/lib/python3.12/site-packages/airflow/example_dags/example_sensors.py
[2026-05-25T07:19:16.375+0000] {processor.py:840} INFO - DAG(s) 'example_sensors' retrieved from /home/airflow/.local/lib/python3.12/site-packages/airflow/example_dags/example_sensors.py
[2026-05-25T07:19:16.444+0000] {logging_mixin.py:188} INFO - [2026-05-25T07:19:16.443+0000] {dag.py:3089} INFO - Sync 1 DAGs
[2026-05-25T07:19:16.479+0000] {logging_mixin.py:188} INFO - [2026-05-25T07:19:16.478+0000] {dag.py:3947} INFO - Setting next_dagrun for example_sensors to None, run_after=None
[2026-05-25T07:19:16.532+0000] {processor.py:183} INFO - Processing /home/airflow/.local/lib/python3.12/site-packages/airflow/example_dags/example_sensors.py took 0.203 seconds
[2026-05-25T07:19:47.359+0000] {processor.py:161} INFO - Started process (PID=1783) to work on /home/airflow/.local/lib/python3.12/site-packages/airflow/example_dags/example_sensors.py
[2026-05-25T07:19:47.361+0000] {processor.py:830} INFO - Processing file /home/airflow/.local/lib/python3.12/site-packages/airflow/example_dags/example_sensors.py for tasks to queue
[2026-05-25T07:19:47.364+0000] {logging_mixin.py:188} INFO - [2026-05-25T07:19:47.364+0000] {dagbag.py:545} INFO - Filling up the DagBag from /home/airflow/.local/lib/python3.12/site-packages/airflow/example_dags/example_sensors.py
[2026-05-25T07:19:47.382+0000] {processor.py:840} INFO - DAG(s) 'example_sensors' retrieved from /home/airflow/.local/lib/python3.12/site-packages/airflow/example_dags/example_sensors.py
[2026-05-25T07:19:47.466+0000] {logging_mixin.py:188} INFO - [2026-05-25T07:19:47.466+0000] {dag.py:3089} INFO - Sync 1 DAGs
[2026-05-25T07:19:47.516+0000] {logging_mixin.py:188} INFO - [2026-05-25T07:19:47.515+0000] {dag.py:3947} INFO - Setting next_dagrun for example_sensors to None, run_after=None
[2026-05-25T07:19:47.557+0000] {processor.py:183} INFO - Processing /home/airflow/.local/lib/python3.12/site-packages/airflow/example_dags/example_sensors.py took 0.209 seconds
[2026-05-25T07:20:19.242+0000] {processor.py:161} INFO - Started process (PID=1843) to work on /home/airflow/.local/lib/python3.12/site-packages/airflow/example_dags/example_sensors.py
[2026-05-25T07:20:19.245+0000] {processor.py:830} INFO - Processing file /home/airflow/.local/lib/python3.12/site-packages/airflow/example_dags/example_sensors.py for tasks to queue
[2026-05-25T07:20:19.250+0000] {logging_mixin.py:188} INFO - [2026-05-25T07:20:19.249+0000] {dagbag.py:545} INFO - Filling up the DagBag from /home/airflow/.local/lib/python3.12/site-packages/airflow/example_dags/example_sensors.py
[2026-05-25T07:20:19.281+0000] {processor.py:840} INFO - DAG(s) 'example_sensors' retrieved from /home/airflow/.local/lib/python3.12/site-packages/airflow/example_dags/example_sensors.py
[2026-05-25T07:20:19.393+0000] {logging_mixin.py:188} INFO - [2026-05-25T07:20:19.392+0000] {dag.py:3089} INFO - Sync 1 DAGs
[2026-05-25T07:20:19.454+0000] {logging_mixin.py:188} INFO - [2026-05-25T07:20:19.453+0000] {dag.py:3947} INFO - Setting next_dagrun for example_sensors to None, run_after=None
[2026-05-25T07:20:19.504+0000] {processor.py:183} INFO - Processing /home/airflow/.local/lib/python3.12/site-packages/airflow/example_dags/example_sensors.py took 0.277 seconds
[2026-05-25T07:20:54.206+0000] {processor.py:161} INFO - Started process (PID=1894) to work on /home/airflow/.local/lib/python3.12/site-packages/airflow/example_dags/example_sensors.py
[2026-05-25T07:20:54.209+0000] {processor.py:830} INFO - Processing file /home/airflow/.local/lib/python3.12/site-packages/airflow/example_dags/example_sensors.py for tasks to queue
[2026-05-25T07:20:54.215+0000] {logging_mixin.py:188} INFO - [2026-05-25T07:20:54.214+0000] {dagbag.py:545} INFO - Filling up the DagBag from /home/airflow/.local/lib/python3.12/site-packages/airflow/example_dags/example_sensors.py
[2026-05-25T07:20:54.286+0000] {processor.py:840} INFO - DAG(s) 'example_sensors' retrieved from /home/airflow/.local/lib/python3.12/site-packages/airflow/example_dags/example_sensors.py
[2026-05-25T07:20:54.809+0000] {logging_mixin.py:188} INFO - [2026-05-25T07:20:54.808+0000] {dag.py:3089} INFO - Sync 1 DAGs
[2026-05-25T07:20:54.880+0000] {logging_mixin.py:188} INFO - [2026-05-25T07:20:54.879+0000] {dag.py:3947} INFO - Setting next_dagrun for example_sensors to None, run_after=None
[2026-05-25T07:20:54.980+0000] {processor.py:183} INFO - Processing /home/airflow/.local/lib/python3.12/site-packages/airflow/example_dags/example_sensors.py took 0.789 seconds
[2026-05-25T07:21:25.255+0000] {processor.py:161} INFO - Started process (PID=1953) to work on /home/airflow/.local/lib/python3.12/site-packages/airflow/example_dags/example_sensors.py
[2026-05-25T07:21:25.259+0000] {processor.py:830} INFO - Processing file /home/airflow/.local/lib/python3.12/site-packages/airflow/example_dags/example_sensors.py for tasks to queue
[2026-05-25T07:21:25.264+0000] {logging_mixin.py:188} INFO - [2026-05-25T07:21:25.263+0000] {dagbag.py:545} INFO - Filling up the DagBag from /home/airflow/.local/lib/python3.12/site-packages/airflow/example_dags/example_sensors.py
[2026-05-25T07:21:25.301+0000] {processor.py:840} INFO - DAG(s) 'example_sensors' retrieved from /home/airflow/.local/lib/python3.12/site-packages/airflow/example_dags/example_sensors.py
[2026-05-25T07:21:25.372+0000] {logging_mixin.py:188} INFO - [2026-05-25T07:21:25.371+0000] {dag.py:3089} INFO - Sync 1 DAGs
[2026-05-25T07:21:25.401+0000] {logging_mixin.py:188} INFO - [2026-05-25T07:21:25.400+0000] {dag.py:3947} INFO - Setting next_dagrun for example_sensors to None, run_after=None
[2026-05-25T07:21:25.448+0000] {processor.py:183} INFO - Processing /home/airflow/.local/lib/python3.12/site-packages/airflow/example_dags/example_sensors.py took 0.211 seconds
[2026-05-25T07:21:55.982+0000] {processor.py:161} INFO - Started process (PID=2014) to work on /home/airflow/.local/lib/python3.12/site-packages/airflow/example_dags/example_sensors.py
[2026-05-25T07:21:55.986+0000] {processor.py:830} INFO - Processing file /home/airflow/.local/lib/python3.12/site-packages/airflow/example_dags/example_sensors.py for tasks to queue
[2026-05-25T07:21:55.992+0000] {logging_mixin.py:188} INFO - [2026-05-25T07:21:55.991+0000] {dagbag.py:545} INFO - Filling up the DagBag from /home/airflow/.local/lib/python3.12/site-packages/airflow/example_dags/example_sensors.py
[2026-05-25T07:21:56.039+0000] {processor.py:840} INFO - DAG(s) 'example_sensors' retrieved from /home/airflow/.local/lib/python3.12/site-packages/airflow/example_dags/example_sensors.py
[2026-05-25T07:21:56.130+0000] {logging_mixin.py:188} INFO - [2026-05-25T07:21:56.129+0000] {dag.py:3089} INFO - Sync 1 DAGs
[2026-05-25T07:21:56.176+0000] {logging_mixin.py:188} INFO - [2026-05-25T07:21:56.176+0000] {dag.py:3947} INFO - Setting next_dagrun for example_sensors to None, run_after=None
[2026-05-25T07:21:56.246+0000] {processor.py:183} INFO - Processing /home/airflow/.local/lib/python3.12/site-packages/airflow/example_dags/example_sensors.py took 0.281 seconds
[2026-05-25T07:22:27.136+0000] {processor.py:161} INFO - Started process (PID=2074) to work on /home/airflow/.local/lib/python3.12/site-packages/airflow/example_dags/example_sensors.py
[2026-05-25T07:22:27.138+0000] {processor.py:830} INFO - Processing file /home/airflow/.local/lib/python3.12/site-packages/airflow/example_dags/example_sensors.py for tasks to queue
[2026-05-25T07:22:27.141+0000] {logging_mixin.py:188} INFO - [2026-05-25T07:22:27.141+0000] {dagbag.py:545} INFO - Filling up the DagBag from /home/airflow/.local/lib/python3.12/site-packages/airflow/example_dags/example_sensors.py
[2026-05-25T07:22:27.157+0000] {processor.py:840} INFO - DAG(s) 'example_sensors' retrieved from /home/airflow/.local/lib/python3.12/site-packages/airflow/example_dags/example_sensors.py
[2026-05-25T07:22:27.206+0000] {logging_mixin.py:188} INFO - [2026-05-25T07:22:27.205+0000] {dag.py:3089} INFO - Sync 1 DAGs
[2026-05-25T07:22:27.228+0000] {logging_mixin.py:188} INFO - [2026-05-25T07:22:27.227+0000] {dag.py:3947} INFO - Setting next_dagrun for example_sensors to None, run_after=None
[2026-05-25T07:22:27.268+0000] {processor.py:183} INFO - Processing /home/airflow/.local/lib/python3.12/site-packages/airflow/example_dags/example_sensors.py took 0.141 seconds
[2026-05-25T07:22:57.415+0000] {processor.py:161} INFO - Started process (PID=2135) to work on /home/airflow/.local/lib/python3.12/site-packages/airflow/example_dags/example_sensors.py
[2026-05-25T07:22:57.418+0000] {processor.py:830} INFO - Processing file /home/airflow/.local/lib/python3.12/site-packages/airflow/example_dags/example_sensors.py for tasks to queue
[2026-05-25T07:22:57.425+0000] {logging_mixin.py:188} INFO - [2026-05-25T07:22:57.424+0000] {dagbag.py:545} INFO - Filling up the DagBag from /home/airflow/.local/lib/python3.12/site-packages/airflow/example_dags/example_sensors.py
[2026-05-25T07:22:57.446+0000] {processor.py:840} INFO - DAG(s) 'example_sensors' retrieved from /home/airflow/.local/lib/python3.12/site-packages/airflow/example_dags/example_sensors.py
[2026-05-25T07:22:57.508+0000] {logging_mixin.py:188} INFO - [2026-05-25T07:22:57.507+0000] {dag.py:3089} INFO - Sync 1 DAGs
[2026-05-25T07:22:57.540+0000] {logging_mixin.py:188} INFO - [2026-05-25T07:22:57.539+0000] {dag.py:3947} INFO - Setting next_dagrun for example_sensors to None, run_after=None
[2026-05-25T07:22:57.598+0000] {processor.py:183} INFO - Processing /home/airflow/.local/lib/python3.12/site-packages/airflow/example_dags/example_sensors.py took 0.205 seconds
[2026-05-25T07:23:27.958+0000] {processor.py:161} INFO - Started process (PID=2195) to work on /home/airflow/.local/lib/python3.12/site-packages/airflow/example_dags/example_sensors.py
[2026-05-25T07:23:27.960+0000] {processor.py:830} INFO - Processing file /home/airflow/.local/lib/python3.12/site-packages/airflow/example_dags/example_sensors.py for tasks to queue
[2026-05-25T07:23:27.964+0000] {logging_mixin.py:188} INFO - [2026-05-25T07:23:27.963+0000] {dagbag.py:545} INFO - Filling up the DagBag from /home/airflow/.local/lib/python3.12/site-packages/airflow/example_dags/example_sensors.py
[2026-05-25T07:23:27.986+0000] {processor.py:840} INFO - DAG(s) 'example_sensors' retrieved from /home/airflow/.local/lib/python3.12/site-packages/airflow/example_dags/example_sensors.py
[2026-05-25T07:23:28.051+0000] {logging_mixin.py:188} INFO - [2026-05-25T07:23:28.050+0000] {dag.py:3089} INFO - Sync 1 DAGs
[2026-05-25T07:23:28.083+0000] {logging_mixin.py:188} INFO - [2026-05-25T07:23:28.082+0000] {dag.py:3947} INFO - Setting next_dagrun for example_sensors to None, run_after=None
[2026-05-25T07:23:28.131+0000] {processor.py:183} INFO - Processing /home/airflow/.local/lib/python3.12/site-packages/airflow/example_dags/example_sensors.py took 0.189 seconds
[2026-05-25T07:23:58.824+0000] {processor.py:161} INFO - Started process (PID=2255) to work on /home/airflow/.local/lib/python3.12/site-packages/airflow/example_dags/example_sensors.py
[2026-05-25T07:23:58.826+0000] {processor.py:830} INFO - Processing file /home/airflow/.local/lib/python3.12/site-packages/airflow/example_dags/example_sensors.py for tasks to queue
[2026-05-25T07:23:58.829+0000] {logging_mixin.py:188} INFO - [2026-05-25T07:23:58.828+0000] {dagbag.py:545} INFO - Filling up the DagBag from /home/airflow/.local/lib/python3.12/site-packages/airflow/example_dags/example_sensors.py
[2026-05-25T07:23:58.849+0000] {processor.py:840} INFO - DAG(s) 'example_sensors' retrieved from /home/airflow/.local/lib/python3.12/site-packages/airflow/example_dags/example_sensors.py
[2026-05-25T07:23:58.914+0000] {logging_mixin.py:188} INFO - [2026-05-25T07:23:58.914+0000] {dag.py:3089} INFO - Sync 1 DAGs
[2026-05-25T07:23:58.937+0000] {logging_mixin.py:188} INFO - [2026-05-25T07:23:58.937+0000] {dag.py:3947} INFO - Setting next_dagrun for example_sensors to None, run_after=None
[2026-05-25T07:23:58.977+0000] {processor.py:183} INFO - Processing /home/airflow/.local/lib/python3.12/site-packages/airflow/example_dags/example_sensors.py took 0.164 seconds
[2026-05-25T07:24:29.289+0000] {processor.py:161} INFO - Started process (PID=2315) to work on /home/airflow/.local/lib/python3.12/site-packages/airflow/example_dags/example_sensors.py
[2026-05-25T07:24:29.291+0000] {processor.py:830} INFO - Processing file /home/airflow/.local/lib/python3.12/site-packages/airflow/example_dags/example_sensors.py for tasks to queue
[2026-05-25T07:24:29.294+0000] {logging_mixin.py:188} INFO - [2026-05-25T07:24:29.293+0000] {dagbag.py:545} INFO - Filling up the DagBag from /home/airflow/.local/lib/python3.12/site-packages/airflow/example_dags/example_sensors.py
[2026-05-25T07:24:29.307+0000] {processor.py:840} INFO - DAG(s) 'example_sensors' retrieved from /home/airflow/.local/lib/python3.12/site-packages/airflow/example_dags/example_sensors.py
[2026-05-25T07:24:29.348+0000] {logging_mixin.py:188} INFO - [2026-05-25T07:24:29.348+0000] {dag.py:3089} INFO - Sync 1 DAGs
[2026-05-25T07:24:29.367+0000] {logging_mixin.py:188} INFO - [2026-05-25T07:24:29.367+0000] {dag.py:3947} INFO - Setting next_dagrun for example_sensors to None, run_after=None
[2026-05-25T07:24:29.399+0000] {processor.py:183} INFO - Processing /home/airflow/.local/lib/python3.12/site-packages/airflow/example_dags/example_sensors.py took 0.119 seconds
[2026-05-25T07:24:59.658+0000] {processor.py:161} INFO - Started process (PID=2375) to work on /home/airflow/.local/lib/python3.12/site-packages/airflow/example_dags/example_sensors.py
[2026-05-25T07:24:59.660+0000] {processor.py:830} INFO - Processing file /home/airflow/.local/lib/python3.12/site-packages/airflow/example_dags/example_sensors.py for tasks to queue
[2026-05-25T07:24:59.664+0000] {logging_mixin.py:188} INFO - [2026-05-25T07:24:59.664+0000] {dagbag.py:545} INFO - Filling up the DagBag from /home/airflow/.local/lib/python3.12/site-packages/airflow/example_dags/example_sensors.py
[2026-05-25T07:24:59.681+0000] {processor.py:840} INFO - DAG(s) 'example_sensors' retrieved from /home/airflow/.local/lib/python3.12/site-packages/airflow/example_dags/example_sensors.py
[2026-05-25T07:24:59.735+0000] {logging_mixin.py:188} INFO - [2026-05-25T07:24:59.734+0000] {dag.py:3089} INFO - Sync 1 DAGs
[2026-05-25T07:24:59.761+0000] {logging_mixin.py:188} INFO - [2026-05-25T07:24:59.761+0000] {dag.py:3947} INFO - Setting next_dagrun for example_sensors to None, run_after=None
[2026-05-25T07:24:59.806+0000] {processor.py:183} INFO - Processing /home/airflow/.local/lib/python3.12/site-packages/airflow/example_dags/example_sensors.py took 0.158 seconds
[2026-05-25T07:25:30.849+0000] {processor.py:161} INFO - Started process (PID=2434) to work on /home/airflow/.local/lib/python3.12/site-packages/airflow/example_dags/example_sensors.py
[2026-05-25T07:25:30.852+0000] {processor.py:830} INFO - Processing file /home/airflow/.local/lib/python3.12/site-packages/airflow/example_dags/example_sensors.py for tasks to queue
[2026-05-25T07:25:30.858+0000] {logging_mixin.py:188} INFO - [2026-05-25T07:25:30.857+0000] {dagbag.py:545} INFO - Filling up the DagBag from /home/airflow/.local/lib/python3.12/site-packages/airflow/example_dags/example_sensors.py
[2026-05-25T07:25:30.890+0000] {processor.py:840} INFO - DAG(s) 'example_sensors' retrieved from /home/airflow/.local/lib/python3.12/site-packages/airflow/example_dags/example_sensors.py
[2026-05-25T07:25:30.969+0000] {logging_mixin.py:188} INFO - [2026-05-25T07:25:30.969+0000] {dag.py:3089} INFO - Sync 1 DAGs
[2026-05-25T07:25:31.001+0000] {logging_mixin.py:188} INFO - [2026-05-25T07:25:31.000+0000] {dag.py:3947} INFO - Setting next_dagrun for example_sensors to None, run_after=None
[2026-05-25T07:25:31.043+0000] {processor.py:183} INFO - Processing /home/airflow/.local/lib/python3.12/site-packages/airflow/example_dags/example_sensors.py took 0.212 seconds
[2026-05-25T07:26:01.330+0000] {processor.py:161} INFO - Started process (PID=2494) to work on /home/airflow/.local/lib/python3.12/site-packages/airflow/example_dags/example_sensors.py
[2026-05-25T07:26:01.332+0000] {processor.py:830} INFO - Processing file /home/airflow/.local/lib/python3.12/site-packages/airflow/example_dags/example_sensors.py for tasks to queue
[2026-05-25T07:26:01.335+0000] {logging_mixin.py:188} INFO - [2026-05-25T07:26:01.335+0000] {dagbag.py:545} INFO - Filling up the DagBag from /home/airflow/.local/lib/python3.12/site-packages/airflow/example_dags/example_sensors.py
[2026-05-25T07:26:01.348+0000] {processor.py:840} INFO - DAG(s) 'example_sensors' retrieved from /home/airflow/.local/lib/python3.12/site-packages/airflow/example_dags/example_sensors.py
[2026-05-25T07:26:01.387+0000] {logging_mixin.py:188} INFO - [2026-05-25T07:26:01.386+0000] {dag.py:3089} INFO - Sync 1 DAGs
[2026-05-25T07:26:01.406+0000] {logging_mixin.py:188} INFO - [2026-05-25T07:26:01.406+0000] {dag.py:3947} INFO - Setting next_dagrun for example_sensors to None, run_after=None
[2026-05-25T07:26:01.441+0000] {processor.py:183} INFO - Processing /home/airflow/.local/lib/python3.12/site-packages/airflow/example_dags/example_sensors.py took 0.119 seconds
[2026-05-25T07:26:31.704+0000] {processor.py:161} INFO - Started process (PID=2552) to work on /home/airflow/.local/lib/python3.12/site-packages/airflow/example_dags/example_sensors.py
[2026-05-25T07:26:31.706+0000] {processor.py:830} INFO - Processing file /home/airflow/.local/lib/python3.12/site-packages/airflow/example_dags/example_sensors.py for tasks to queue
[2026-05-25T07:26:31.710+0000] {logging_mixin.py:188} INFO - [2026-05-25T07:26:31.709+0000] {dagbag.py:545} INFO - Filling up the DagBag from /home/airflow/.local/lib/python3.12/site-packages/airflow/example_dags/example_sensors.py
[2026-05-25T07:26:31.734+0000] {processor.py:840} INFO - DAG(s) 'example_sensors' retrieved from /home/airflow/.local/lib/python3.12/site-packages/airflow/example_dags/example_sensors.py
[2026-05-25T07:26:31.797+0000] {logging_mixin.py:188} INFO - [2026-05-25T07:26:31.797+0000] {dag.py:3089} INFO - Sync 1 DAGs
[2026-05-25T07:26:31.825+0000] {logging_mixin.py:188} INFO - [2026-05-25T07:26:31.824+0000] {dag.py:3947} INFO - Setting next_dagrun for example_sensors to None, run_after=None
[2026-05-25T07:26:31.866+0000] {processor.py:183} INFO - Processing /home/airflow/.local/lib/python3.12/site-packages/airflow/example_dags/example_sensors.py took 0.175 seconds
[2026-05-25T07:27:02.248+0000] {processor.py:161} INFO - Started process (PID=2611) to work on /home/airflow/.local/lib/python3.12/site-packages/airflow/example_dags/example_sensors.py
[2026-05-25T07:27:02.249+0000] {processor.py:830} INFO - Processing file /home/airflow/.local/lib/python3.12/site-packages/airflow/example_dags/example_sensors.py for tasks to queue
[2026-05-25T07:27:02.253+0000] {logging_mixin.py:188} INFO - [2026-05-25T07:27:02.253+0000] {dagbag.py:545} INFO - Filling up the DagBag from /home/airflow/.local/lib/python3.12/site-packages/airflow/example_dags/example_sensors.py
[2026-05-25T07:27:02.270+0000] {processor.py:840} INFO - DAG(s) 'example_sensors' retrieved from /home/airflow/.local/lib/python3.12/site-packages/airflow/example_dags/example_sensors.py
[2026-05-25T07:27:02.315+0000] {logging_mixin.py:188} INFO - [2026-05-25T07:27:02.315+0000] {dag.py:3089} INFO - Sync 1 DAGs
[2026-05-25T07:27:02.336+0000] {logging_mixin.py:188} INFO - [2026-05-25T07:27:02.336+0000] {dag.py:3947} INFO - Setting next_dagrun for example_sensors to None, run_after=None
[2026-05-25T07:27:02.369+0000] {processor.py:183} INFO - Processing /home/airflow/.local/lib/python3.12/site-packages/airflow/example_dags/example_sensors.py took 0.131 seconds
[2026-05-25T07:27:32.902+0000] {processor.py:161} INFO - Started process (PID=2671) to work on /home/airflow/.local/lib/python3.12/site-packages/airflow/example_dags/example_sensors.py
[2026-05-25T07:27:32.909+0000] {processor.py:830} INFO - Processing file /home/airflow/.local/lib/python3.12/site-packages/airflow/example_dags/example_sensors.py for tasks to queue
[2026-05-25T07:27:32.914+0000] {logging_mixin.py:188} INFO - [2026-05-25T07:27:32.913+0000] {dagbag.py:545} INFO - Filling up the DagBag from /home/airflow/.local/lib/python3.12/site-packages/airflow/example_dags/example_sensors.py
[2026-05-25T07:27:32.943+0000] {processor.py:840} INFO - DAG(s) 'example_sensors' retrieved from /home/airflow/.local/lib/python3.12/site-packages/airflow/example_dags/example_sensors.py
[2026-05-25T07:27:33.001+0000] {logging_mixin.py:188} INFO - [2026-05-25T07:27:33.001+0000] {dag.py:3089} INFO - Sync 1 DAGs
[2026-05-25T07:27:33.036+0000] {logging_mixin.py:188} INFO - [2026-05-25T07:27:33.036+0000] {dag.py:3947} INFO - Setting next_dagrun for example_sensors to None, run_after=None
[2026-05-25T07:27:33.110+0000] {processor.py:183} INFO - Processing /home/airflow/.local/lib/python3.12/site-packages/airflow/example_dags/example_sensors.py took 0.251 seconds
[2026-05-25T07:28:03.439+0000] {processor.py:161} INFO - Started process (PID=2731) to work on /home/airflow/.local/lib/python3.12/site-packages/airflow/example_dags/example_sensors.py
[2026-05-25T07:28:03.441+0000] {processor.py:830} INFO - Processing file /home/airflow/.local/lib/python3.12/site-packages/airflow/example_dags/example_sensors.py for tasks to queue
[2026-05-25T07:28:03.445+0000] {logging_mixin.py:188} INFO - [2026-05-25T07:28:03.445+0000] {dagbag.py:545} INFO - Filling up the DagBag from /home/airflow/.local/lib/python3.12/site-packages/airflow/example_dags/example_sensors.py
[2026-05-25T07:28:03.462+0000] {processor.py:840} INFO - DAG(s) 'example_sensors' retrieved from /home/airflow/.local/lib/python3.12/site-packages/airflow/example_dags/example_sensors.py
[2026-05-25T07:28:03.508+0000] {logging_mixin.py:188} INFO - [2026-05-25T07:28:03.508+0000] {dag.py:3089} INFO - Sync 1 DAGs
[2026-05-25T07:28:03.529+0000] {logging_mixin.py:188} INFO - [2026-05-25T07:28:03.529+0000] {dag.py:3947} INFO - Setting next_dagrun for example_sensors to None, run_after=None
[2026-05-25T07:28:03.560+0000] {processor.py:183} INFO - Processing /home/airflow/.local/lib/python3.12/site-packages/airflow/example_dags/example_sensors.py took 0.130 seconds
[2026-05-25T07:28:33.630+0000] {processor.py:161} INFO - Started process (PID=2791) to work on /home/airflow/.local/lib/python3.12/site-packages/airflow/example_dags/example_sensors.py
[2026-05-25T07:28:33.632+0000] {processor.py:830} INFO - Processing file /home/airflow/.local/lib/python3.12/site-packages/airflow/example_dags/example_sensors.py for tasks to queue
[2026-05-25T07:28:33.635+0000] {logging_mixin.py:188} INFO - [2026-05-25T07:28:33.634+0000] {dagbag.py:545} INFO - Filling up the DagBag from /home/airflow/.local/lib/python3.12/site-packages/airflow/example_dags/example_sensors.py
[2026-05-25T07:28:33.648+0000] {processor.py:840} INFO - DAG(s) 'example_sensors' retrieved from /home/airflow/.local/lib/python3.12/site-packages/airflow/example_dags/example_sensors.py
[2026-05-25T07:28:33.692+0000] {logging_mixin.py:188} INFO - [2026-05-25T07:28:33.691+0000] {dag.py:3089} INFO - Sync 1 DAGs
[2026-05-25T07:28:33.711+0000] {logging_mixin.py:188} INFO - [2026-05-25T07:28:33.710+0000] {dag.py:3947} INFO - Setting next_dagrun for example_sensors to None, run_after=None
[2026-05-25T07:28:33.742+0000] {processor.py:183} INFO - Processing /home/airflow/.local/lib/python3.12/site-packages/airflow/example_dags/example_sensors.py took 0.122 seconds
[2026-05-25T07:29:04.160+0000] {processor.py:161} INFO - Started process (PID=2851) to work on /home/airflow/.local/lib/python3.12/site-packages/airflow/example_dags/example_sensors.py
[2026-05-25T07:29:04.163+0000] {processor.py:830} INFO - Processing file /home/airflow/.local/lib/python3.12/site-packages/airflow/example_dags/example_sensors.py for tasks to queue
[2026-05-25T07:29:04.168+0000] {logging_mixin.py:188} INFO - [2026-05-25T07:29:04.168+0000] {dagbag.py:545} INFO - Filling up the DagBag from /home/airflow/.local/lib/python3.12/site-packages/airflow/example_dags/example_sensors.py
[2026-05-25T07:29:04.193+0000] {processor.py:840} INFO - DAG(s) 'example_sensors' retrieved from /home/airflow/.local/lib/python3.12/site-packages/airflow/example_dags/example_sensors.py
[2026-05-25T07:29:04.246+0000] {logging_mixin.py:188} INFO - [2026-05-25T07:29:04.245+0000] {dag.py:3089} INFO - Sync 1 DAGs
[2026-05-25T07:29:04.271+0000] {logging_mixin.py:188} INFO - [2026-05-25T07:29:04.270+0000] {dag.py:3947} INFO - Setting next_dagrun for example_sensors to None, run_after=None
[2026-05-25T07:29:04.310+0000] {processor.py:183} INFO - Processing /home/airflow/.local/lib/python3.12/site-packages/airflow/example_dags/example_sensors.py took 0.162 seconds
[2026-05-25T07:29:35.278+0000] {processor.py:161} INFO - Started process (PID=2911) to work on /home/airflow/.local/lib/python3.12/site-packages/airflow/example_dags/example_sensors.py
[2026-05-25T07:29:35.281+0000] {processor.py:830} INFO - Processing file /home/airflow/.local/lib/python3.12/site-packages/airflow/example_dags/example_sensors.py for tasks to queue
[2026-05-25T07:29:35.285+0000] {logging_mixin.py:188} INFO - [2026-05-25T07:29:35.284+0000] {dagbag.py:545} INFO - Filling up the DagBag from /home/airflow/.local/lib/python3.12/site-packages/airflow/example_dags/example_sensors.py
[2026-05-25T07:29:35.313+0000] {processor.py:840} INFO - DAG(s) 'example_sensors' retrieved from /home/airflow/.local/lib/python3.12/site-packages/airflow/example_dags/example_sensors.py
[2026-05-25T07:29:35.386+0000] {logging_mixin.py:188} INFO - [2026-05-25T07:29:35.386+0000] {dag.py:3089} INFO - Sync 1 DAGs
[2026-05-25T07:29:35.422+0000] {logging_mixin.py:188} INFO - [2026-05-25T07:29:35.422+0000] {dag.py:3947} INFO - Setting next_dagrun for example_sensors to None, run_after=None
[2026-05-25T07:29:35.471+0000] {processor.py:183} INFO - Processing /home/airflow/.local/lib/python3.12/site-packages/airflow/example_dags/example_sensors.py took 0.223 seconds
[2026-05-25T07:30:06.098+0000] {processor.py:161} INFO - Started process (PID=2971) to work on /home/airflow/.local/lib/python3.12/site-packages/airflow/example_dags/example_sensors.py
[2026-05-25T07:30:06.100+0000] {processor.py:830} INFO - Processing file /home/airflow/.local/lib/python3.12/site-packages/airflow/example_dags/example_sensors.py for tasks to queue
[2026-05-25T07:30:06.106+0000] {logging_mixin.py:188} INFO - [2026-05-25T07:30:06.105+0000] {dagbag.py:545} INFO - Filling up the DagBag from /home/airflow/.local/lib/python3.12/site-packages/airflow/example_dags/example_sensors.py
[2026-05-25T07:30:06.135+0000] {processor.py:840} INFO - DAG(s) 'example_sensors' retrieved from /home/airflow/.local/lib/python3.12/site-packages/airflow/example_dags/example_sensors.py
[2026-05-25T07:30:06.189+0000] {logging_mixin.py:188} INFO - [2026-05-25T07:30:06.188+0000] {dag.py:3089} INFO - Sync 1 DAGs
[2026-05-25T07:30:06.210+0000] {logging_mixin.py:188} INFO - [2026-05-25T07:30:06.210+0000] {dag.py:3947} INFO - Setting next_dagrun for example_sensors to None, run_after=None
[2026-05-25T07:30:06.255+0000] {processor.py:183} INFO - Processing /home/airflow/.local/lib/python3.12/site-packages/airflow/example_dags/example_sensors.py took 0.175 seconds
[2026-05-25T07:30:37.080+0000] {processor.py:161} INFO - Started process (PID=3031) to work on /home/airflow/.local/lib/python3.12/site-packages/airflow/example_dags/example_sensors.py
[2026-05-25T07:30:37.084+0000] {processor.py:830} INFO - Processing file /home/airflow/.local/lib/python3.12/site-packages/airflow/example_dags/example_sensors.py for tasks to queue
[2026-05-25T07:30:37.088+0000] {logging_mixin.py:188} INFO - [2026-05-25T07:30:37.087+0000] {dagbag.py:545} INFO - Filling up the DagBag from /home/airflow/.local/lib/python3.12/site-packages/airflow/example_dags/example_sensors.py
[2026-05-25T07:30:37.106+0000] {processor.py:840} INFO - DAG(s) 'example_sensors' retrieved from /home/airflow/.local/lib/python3.12/site-packages/airflow/example_dags/example_sensors.py
[2026-05-25T07:30:37.149+0000] {logging_mixin.py:188} INFO - [2026-05-25T07:30:37.148+0000] {dag.py:3089} INFO - Sync 1 DAGs
[2026-05-25T07:30:37.169+0000] {logging_mixin.py:188} INFO - [2026-05-25T07:30:37.169+0000] {dag.py:3947} INFO - Setting next_dagrun for example_sensors to None, run_after=None
[2026-05-25T07:30:37.201+0000] {processor.py:183} INFO - Processing /home/airflow/.local/lib/python3.12/site-packages/airflow/example_dags/example_sensors.py took 0.134 seconds
[2026-05-25T07:31:07.744+0000] {processor.py:161} INFO - Started process (PID=3091) to work on /home/airflow/.local/lib/python3.12/site-packages/airflow/example_dags/example_sensors.py
[2026-05-25T07:31:07.747+0000] {processor.py:830} INFO - Processing file /home/airflow/.local/lib/python3.12/site-packages/airflow/example_dags/example_sensors.py for tasks to queue
[2026-05-25T07:31:07.752+0000] {logging_mixin.py:188} INFO - [2026-05-25T07:31:07.751+0000] {dagbag.py:545} INFO - Filling up the DagBag from /home/airflow/.local/lib/python3.12/site-packages/airflow/example_dags/example_sensors.py
[2026-05-25T07:31:07.783+0000] {processor.py:840} INFO - DAG(s) 'example_sensors' retrieved from /home/airflow/.local/lib/python3.12/site-packages/airflow/example_dags/example_sensors.py
[2026-05-25T07:31:07.872+0000] {logging_mixin.py:188} INFO - [2026-05-25T07:31:07.871+0000] {dag.py:3089} INFO - Sync 1 DAGs
[2026-05-25T07:31:07.914+0000] {logging_mixin.py:188} INFO - [2026-05-25T07:31:07.913+0000] {dag.py:3947} INFO - Setting next_dagrun for example_sensors to None, run_after=None
[2026-05-25T07:31:07.961+0000] {processor.py:183} INFO - Processing /home/airflow/.local/lib/python3.12/site-packages/airflow/example_dags/example_sensors.py took 0.233 seconds
[2026-05-25T07:31:38.088+0000] {processor.py:161} INFO - Started process (PID=3151) to work on /home/airflow/.local/lib/python3.12/site-packages/airflow/example_dags/example_sensors.py
[2026-05-25T07:31:38.091+0000] {processor.py:830} INFO - Processing file /home/airflow/.local/lib/python3.12/site-packages/airflow/example_dags/example_sensors.py for tasks to queue
[2026-05-25T07:31:38.098+0000] {logging_mixin.py:188} INFO - [2026-05-25T07:31:38.097+0000] {dagbag.py:545} INFO - Filling up the DagBag from /home/airflow/.local/lib/python3.12/site-packages/airflow/example_dags/example_sensors.py
[2026-05-25T07:31:38.113+0000] {processor.py:840} INFO - DAG(s) 'example_sensors' retrieved from /home/airflow/.local/lib/python3.12/site-packages/airflow/example_dags/example_sensors.py
[2026-05-25T07:31:38.175+0000] {logging_mixin.py:188} INFO - [2026-05-25T07:31:38.173+0000] {dag.py:3089} INFO - Sync 1 DAGs
[2026-05-25T07:31:38.210+0000] {logging_mixin.py:188} INFO - [2026-05-25T07:31:38.209+0000] {dag.py:3947} INFO - Setting next_dagrun for example_sensors to None, run_after=None
[2026-05-25T07:31:38.257+0000] {processor.py:183} INFO - Processing /home/airflow/.local/lib/python3.12/site-packages/airflow/example_dags/example_sensors.py took 0.181 seconds
[2026-05-25T07:32:08.770+0000] {processor.py:161} INFO - Started process (PID=3211) to work on /home/airflow/.local/lib/python3.12/site-packages/airflow/example_dags/example_sensors.py
[2026-05-25T07:32:08.772+0000] {processor.py:830} INFO - Processing file /home/airflow/.local/lib/python3.12/site-packages/airflow/example_dags/example_sensors.py for tasks to queue
[2026-05-25T07:32:08.776+0000] {logging_mixin.py:188} INFO - [2026-05-25T07:32:08.776+0000] {dagbag.py:545} INFO - Filling up the DagBag from /home/airflow/.local/lib/python3.12/site-packages/airflow/example_dags/example_sensors.py
[2026-05-25T07:32:08.793+0000] {processor.py:840} INFO - DAG(s) 'example_sensors' retrieved from /home/airflow/.local/lib/python3.12/site-packages/airflow/example_dags/example_sensors.py
[2026-05-25T07:32:08.837+0000] {logging_mixin.py:188} INFO - [2026-05-25T07:32:08.836+0000] {dag.py:3089} INFO - Sync 1 DAGs
[2026-05-25T07:32:08.858+0000] {logging_mixin.py:188} INFO - [2026-05-25T07:32:08.858+0000] {dag.py:3947} INFO - Setting next_dagrun for example_sensors to None, run_after=None
[2026-05-25T07:32:08.890+0000] {processor.py:183} INFO - Processing /home/airflow/.local/lib/python3.12/site-packages/airflow/example_dags/example_sensors.py took 0.129 seconds
[2026-05-25T07:32:39.082+0000] {processor.py:161} INFO - Started process (PID=3271) to work on /home/airflow/.local/lib/python3.12/site-packages/airflow/example_dags/example_sensors.py
[2026-05-25T07:32:39.084+0000] {processor.py:830} INFO - Processing file /home/airflow/.local/lib/python3.12/site-packages/airflow/example_dags/example_sensors.py for tasks to queue
[2026-05-25T07:32:39.088+0000] {logging_mixin.py:188} INFO - [2026-05-25T07:32:39.087+0000] {dagbag.py:545} INFO - Filling up the DagBag from /home/airflow/.local/lib/python3.12/site-packages/airflow/example_dags/example_sensors.py
[2026-05-25T07:32:39.103+0000] {processor.py:840} INFO - DAG(s) 'example_sensors' retrieved from /home/airflow/.local/lib/python3.12/site-packages/airflow/example_dags/example_sensors.py
[2026-05-25T07:32:39.148+0000] {logging_mixin.py:188} INFO - [2026-05-25T07:32:39.147+0000] {dag.py:3089} INFO - Sync 1 DAGs
[2026-05-25T07:32:39.167+0000] {logging_mixin.py:188} INFO - [2026-05-25T07:32:39.166+0000] {dag.py:3947} INFO - Setting next_dagrun for example_sensors to None, run_after=None
[2026-05-25T07:32:39.198+0000] {processor.py:183} INFO - Processing /home/airflow/.local/lib/python3.12/site-packages/airflow/example_dags/example_sensors.py took 0.125 seconds
[2026-05-25T07:33:09.699+0000] {processor.py:161} INFO - Started process (PID=3331) to work on /home/airflow/.local/lib/python3.12/site-packages/airflow/example_dags/example_sensors.py
[2026-05-25T07:33:09.702+0000] {processor.py:830} INFO - Processing file /home/airflow/.local/lib/python3.12/site-packages/airflow/example_dags/example_sensors.py for tasks to queue
[2026-05-25T07:33:09.707+0000] {logging_mixin.py:188} INFO - [2026-05-25T07:33:09.706+0000] {dagbag.py:545} INFO - Filling up the DagBag from /home/airflow/.local/lib/python3.12/site-packages/airflow/example_dags/example_sensors.py
[2026-05-25T07:33:09.734+0000] {processor.py:840} INFO - DAG(s) 'example_sensors' retrieved from /home/airflow/.local/lib/python3.12/site-packages/airflow/example_dags/example_sensors.py
[2026-05-25T07:33:09.823+0000] {logging_mixin.py:188} INFO - [2026-05-25T07:33:09.822+0000] {dag.py:3089} INFO - Sync 1 DAGs
[2026-05-25T07:33:09.849+0000] {logging_mixin.py:188} INFO - [2026-05-25T07:33:09.849+0000] {dag.py:3947} INFO - Setting next_dagrun for example_sensors to None, run_after=None
[2026-05-25T07:33:09.895+0000] {processor.py:183} INFO - Processing /home/airflow/.local/lib/python3.12/site-packages/airflow/example_dags/example_sensors.py took 0.215 seconds
[2026-05-25T07:33:40.161+0000] {processor.py:161} INFO - Started process (PID=3391) to work on /home/airflow/.local/lib/python3.12/site-packages/airflow/example_dags/example_sensors.py
[2026-05-25T07:33:40.163+0000] {processor.py:830} INFO - Processing file /home/airflow/.local/lib/python3.12/site-packages/airflow/example_dags/example_sensors.py for tasks to queue
[2026-05-25T07:33:40.166+0000] {logging_mixin.py:188} INFO - [2026-05-25T07:33:40.165+0000] {dagbag.py:545} INFO - Filling up the DagBag from /home/airflow/.local/lib/python3.12/site-packages/airflow/example_dags/example_sensors.py
[2026-05-25T07:33:40.183+0000] {processor.py:840} INFO - DAG(s) 'example_sensors' retrieved from /home/airflow/.local/lib/python3.12/site-packages/airflow/example_dags/example_sensors.py
[2026-05-25T07:33:40.227+0000] {logging_mixin.py:188} INFO - [2026-05-25T07:33:40.227+0000] {dag.py:3089} INFO - Sync 1 DAGs
[2026-05-25T07:33:40.248+0000] {logging_mixin.py:188} INFO - [2026-05-25T07:33:40.248+0000] {dag.py:3947} INFO - Setting next_dagrun for example_sensors to None, run_after=None
[2026-05-25T07:33:40.280+0000] {processor.py:183} INFO - Processing /home/airflow/.local/lib/python3.12/site-packages/airflow/example_dags/example_sensors.py took 0.134 seconds
[2026-05-25T07:34:10.392+0000] {processor.py:161} INFO - Started process (PID=3451) to work on /home/airflow/.local/lib/python3.12/site-packages/airflow/example_dags/example_sensors.py
[2026-05-25T07:34:10.394+0000] {processor.py:830} INFO - Processing file /home/airflow/.local/lib/python3.12/site-packages/airflow/example_dags/example_sensors.py for tasks to queue
[2026-05-25T07:34:10.398+0000] {logging_mixin.py:188} INFO - [2026-05-25T07:34:10.397+0000] {dagbag.py:545} INFO - Filling up the DagBag from /home/airflow/.local/lib/python3.12/site-packages/airflow/example_dags/example_sensors.py
[2026-05-25T07:34:10.413+0000] {processor.py:840} INFO - DAG(s) 'example_sensors' retrieved from /home/airflow/.local/lib/python3.12/site-packages/airflow/example_dags/example_sensors.py
[2026-05-25T07:34:10.454+0000] {logging_mixin.py:188} INFO - [2026-05-25T07:34:10.453+0000] {dag.py:3089} INFO - Sync 1 DAGs
[2026-05-25T07:34:10.475+0000] {logging_mixin.py:188} INFO - [2026-05-25T07:34:10.475+0000] {dag.py:3947} INFO - Setting next_dagrun for example_sensors to None, run_after=None
[2026-05-25T07:34:10.510+0000] {processor.py:183} INFO - Processing /home/airflow/.local/lib/python3.12/site-packages/airflow/example_dags/example_sensors.py took 0.131 seconds
[2026-05-25T07:34:41.498+0000] {processor.py:161} INFO - Started process (PID=3511) to work on /home/airflow/.local/lib/python3.12/site-packages/airflow/example_dags/example_sensors.py
[2026-05-25T07:34:41.499+0000] {processor.py:830} INFO - Processing file /home/airflow/.local/lib/python3.12/site-packages/airflow/example_dags/example_sensors.py for tasks to queue
[2026-05-25T07:34:41.502+0000] {logging_mixin.py:188} INFO - [2026-05-25T07:34:41.502+0000] {dagbag.py:545} INFO - Filling up the DagBag from /home/airflow/.local/lib/python3.12/site-packages/airflow/example_dags/example_sensors.py
[2026-05-25T07:34:41.516+0000] {processor.py:840} INFO - DAG(s) 'example_sensors' retrieved from /home/airflow/.local/lib/python3.12/site-packages/airflow/example_dags/example_sensors.py
[2026-05-25T07:34:41.563+0000] {logging_mixin.py:188} INFO - [2026-05-25T07:34:41.563+0000] {dag.py:3089} INFO - Sync 1 DAGs
[2026-05-25T07:34:41.586+0000] {logging_mixin.py:188} INFO - [2026-05-25T07:34:41.585+0000] {dag.py:3947} INFO - Setting next_dagrun for example_sensors to None, run_after=None
[2026-05-25T07:34:41.618+0000] {processor.py:183} INFO - Processing /home/airflow/.local/lib/python3.12/site-packages/airflow/example_dags/example_sensors.py took 0.130 seconds
[2026-05-25T07:35:12.265+0000] {processor.py:161} INFO - Started process (PID=3571) to work on /home/airflow/.local/lib/python3.12/site-packages/airflow/example_dags/example_sensors.py
[2026-05-25T07:35:12.267+0000] {processor.py:830} INFO - Processing file /home/airflow/.local/lib/python3.12/site-packages/airflow/example_dags/example_sensors.py for tasks to queue
[2026-05-25T07:35:12.271+0000] {logging_mixin.py:188} INFO - [2026-05-25T07:35:12.270+0000] {dagbag.py:545} INFO - Filling up the DagBag from /home/airflow/.local/lib/python3.12/site-packages/airflow/example_dags/example_sensors.py
[2026-05-25T07:35:12.290+0000] {processor.py:840} INFO - DAG(s) 'example_sensors' retrieved from /home/airflow/.local/lib/python3.12/site-packages/airflow/example_dags/example_sensors.py
[2026-05-25T07:35:12.358+0000] {logging_mixin.py:188} INFO - [2026-05-25T07:35:12.358+0000] {dag.py:3089} INFO - Sync 1 DAGs
[2026-05-25T07:35:12.406+0000] {logging_mixin.py:188} INFO - [2026-05-25T07:35:12.405+0000] {dag.py:3947} INFO - Setting next_dagrun for example_sensors to None, run_after=None
[2026-05-25T07:35:12.465+0000] {processor.py:183} INFO - Processing /home/airflow/.local/lib/python3.12/site-packages/airflow/example_dags/example_sensors.py took 0.210 seconds
[2026-05-25T07:35:42.945+0000] {processor.py:161} INFO - Started process (PID=3631) to work on /home/airflow/.local/lib/python3.12/site-packages/airflow/example_dags/example_sensors.py
[2026-05-25T07:35:42.948+0000] {processor.py:830} INFO - Processing file /home/airflow/.local/lib/python3.12/site-packages/airflow/example_dags/example_sensors.py for tasks to queue
[2026-05-25T07:35:42.954+0000] {logging_mixin.py:188} INFO - [2026-05-25T07:35:42.953+0000] {dagbag.py:545} INFO - Filling up the DagBag from /home/airflow/.local/lib/python3.12/site-packages/airflow/example_dags/example_sensors.py
[2026-05-25T07:35:42.990+0000] {processor.py:840} INFO - DAG(s) 'example_sensors' retrieved from /home/airflow/.local/lib/python3.12/site-packages/airflow/example_dags/example_sensors.py
[2026-05-25T07:35:43.073+0000] {logging_mixin.py:188} INFO - [2026-05-25T07:35:43.072+0000] {dag.py:3089} INFO - Sync 1 DAGs
[2026-05-25T07:35:43.131+0000] {logging_mixin.py:188} INFO - [2026-05-25T07:35:43.130+0000] {dag.py:3947} INFO - Setting next_dagrun for example_sensors to None, run_after=None
[2026-05-25T07:35:43.286+0000] {processor.py:183} INFO - Processing /home/airflow/.local/lib/python3.12/site-packages/airflow/example_dags/example_sensors.py took 0.361 seconds
[2026-05-25T07:36:14.209+0000] {processor.py:161} INFO - Started process (PID=3691) to work on /home/airflow/.local/lib/python3.12/site-packages/airflow/example_dags/example_sensors.py
[2026-05-25T07:36:14.216+0000] {processor.py:830} INFO - Processing file /home/airflow/.local/lib/python3.12/site-packages/airflow/example_dags/example_sensors.py for tasks to queue
[2026-05-25T07:36:14.223+0000] {logging_mixin.py:188} INFO - [2026-05-25T07:36:14.222+0000] {dagbag.py:545} INFO - Filling up the DagBag from /home/airflow/.local/lib/python3.12/site-packages/airflow/example_dags/example_sensors.py
[2026-05-25T07:36:14.258+0000] {processor.py:840} INFO - DAG(s) 'example_sensors' retrieved from /home/airflow/.local/lib/python3.12/site-packages/airflow/example_dags/example_sensors.py
[2026-05-25T07:36:14.370+0000] {logging_mixin.py:188} INFO - [2026-05-25T07:36:14.370+0000] {dag.py:3089} INFO - Sync 1 DAGs
[2026-05-25T07:36:14.397+0000] {logging_mixin.py:188} INFO - [2026-05-25T07:36:14.396+0000] {dag.py:3947} INFO - Setting next_dagrun for example_sensors to None, run_after=None
[2026-05-25T07:36:14.443+0000] {processor.py:183} INFO - Processing /home/airflow/.local/lib/python3.12/site-packages/airflow/example_dags/example_sensors.py took 0.258 seconds
[2026-05-25T07:36:48.781+0000] {processor.py:161} INFO - Started process (PID=3757) to work on /home/airflow/.local/lib/python3.12/site-packages/airflow/example_dags/example_sensors.py
[2026-05-25T07:36:48.787+0000] {processor.py:830} INFO - Processing file /home/airflow/.local/lib/python3.12/site-packages/airflow/example_dags/example_sensors.py for tasks to queue
[2026-05-25T07:36:48.798+0000] {logging_mixin.py:188} INFO - [2026-05-25T07:36:48.797+0000] {dagbag.py:545} INFO - Filling up the DagBag from /home/airflow/.local/lib/python3.12/site-packages/airflow/example_dags/example_sensors.py
[2026-05-25T07:36:48.875+0000] {processor.py:840} INFO - DAG(s) 'example_sensors' retrieved from /home/airflow/.local/lib/python3.12/site-packages/airflow/example_dags/example_sensors.py
[2026-05-25T07:36:49.052+0000] {logging_mixin.py:188} INFO - [2026-05-25T07:36:49.051+0000] {dag.py:3089} INFO - Sync 1 DAGs
[2026-05-25T07:36:49.127+0000] {logging_mixin.py:188} INFO - [2026-05-25T07:36:49.127+0000] {dag.py:3947} INFO - Setting next_dagrun for example_sensors to None, run_after=None
[2026-05-25T07:36:49.245+0000] {processor.py:183} INFO - Processing /home/airflow/.local/lib/python3.12/site-packages/airflow/example_dags/example_sensors.py took 0.496 seconds
[2026-05-25T07:37:19.814+0000] {processor.py:161} INFO - Started process (PID=3817) to work on /home/airflow/.local/lib/python3.12/site-packages/airflow/example_dags/example_sensors.py
[2026-05-25T07:37:19.817+0000] {processor.py:830} INFO - Processing file /home/airflow/.local/lib/python3.12/site-packages/airflow/example_dags/example_sensors.py for tasks to queue
[2026-05-25T07:37:19.821+0000] {logging_mixin.py:188} INFO - [2026-05-25T07:37:19.820+0000] {dagbag.py:545} INFO - Filling up the DagBag from /home/airflow/.local/lib/python3.12/site-packages/airflow/example_dags/example_sensors.py
[2026-05-25T07:37:19.846+0000] {processor.py:840} INFO - DAG(s) 'example_sensors' retrieved from /home/airflow/.local/lib/python3.12/site-packages/airflow/example_dags/example_sensors.py
[2026-05-25T07:37:19.907+0000] {logging_mixin.py:188} INFO - [2026-05-25T07:37:19.907+0000] {dag.py:3089} INFO - Sync 1 DAGs
[2026-05-25T07:37:19.932+0000] {logging_mixin.py:188} INFO - [2026-05-25T07:37:19.932+0000] {dag.py:3947} INFO - Setting next_dagrun for example_sensors to None, run_after=None
[2026-05-25T07:37:19.968+0000] {processor.py:183} INFO - Processing /home/airflow/.local/lib/python3.12/site-packages/airflow/example_dags/example_sensors.py took 0.167 seconds
[2026-05-25T07:37:50.541+0000] {processor.py:161} INFO - Started process (PID=3878) to work on /home/airflow/.local/lib/python3.12/site-packages/airflow/example_dags/example_sensors.py
[2026-05-25T07:37:50.544+0000] {processor.py:830} INFO - Processing file /home/airflow/.local/lib/python3.12/site-packages/airflow/example_dags/example_sensors.py for tasks to queue
[2026-05-25T07:37:50.549+0000] {logging_mixin.py:188} INFO - [2026-05-25T07:37:50.548+0000] {dagbag.py:545} INFO - Filling up the DagBag from /home/airflow/.local/lib/python3.12/site-packages/airflow/example_dags/example_sensors.py
[2026-05-25T07:37:50.579+0000] {processor.py:840} INFO - DAG(s) 'example_sensors' retrieved from /home/airflow/.local/lib/python3.12/site-packages/airflow/example_dags/example_sensors.py
[2026-05-25T07:37:50.661+0000] {logging_mixin.py:188} INFO - [2026-05-25T07:37:50.660+0000] {dag.py:3089} INFO - Sync 1 DAGs
[2026-05-25T07:37:50.698+0000] {logging_mixin.py:188} INFO - [2026-05-25T07:37:50.697+0000] {dag.py:3947} INFO - Setting next_dagrun for example_sensors to None, run_after=None
[2026-05-25T07:37:50.743+0000] {processor.py:183} INFO - Processing /home/airflow/.local/lib/python3.12/site-packages/airflow/example_dags/example_sensors.py took 0.218 seconds
[2026-05-25T07:38:20.967+0000] {processor.py:161} INFO - Started process (PID=3937) to work on /home/airflow/.local/lib/python3.12/site-packages/airflow/example_dags/example_sensors.py
[2026-05-25T07:38:20.970+0000] {processor.py:830} INFO - Processing file /home/airflow/.local/lib/python3.12/site-packages/airflow/example_dags/example_sensors.py for tasks to queue
[2026-05-25T07:38:20.977+0000] {logging_mixin.py:188} INFO - [2026-05-25T07:38:20.975+0000] {dagbag.py:545} INFO - Filling up the DagBag from /home/airflow/.local/lib/python3.12/site-packages/airflow/example_dags/example_sensors.py
[2026-05-25T07:38:21.022+0000] {processor.py:840} INFO - DAG(s) 'example_sensors' retrieved from /home/airflow/.local/lib/python3.12/site-packages/airflow/example_dags/example_sensors.py
[2026-05-25T07:38:21.057+0000] {logging_mixin.py:188} INFO - [2026-05-25T07:38:21.056+0000] {dag.py:3089} INFO - Sync 1 DAGs
[2026-05-25T07:38:21.107+0000] {logging_mixin.py:188} INFO - [2026-05-25T07:38:21.106+0000] {dag.py:3947} INFO - Setting next_dagrun for example_sensors to None, run_after=None
[2026-05-25T07:38:21.172+0000] {processor.py:183} INFO - Processing /home/airflow/.local/lib/python3.12/site-packages/airflow/example_dags/example_sensors.py took 0.227 seconds
[2026-05-25T07:38:51.363+0000] {processor.py:161} INFO - Started process (PID=3995) to work on /home/airflow/.local/lib/python3.12/site-packages/airflow/example_dags/example_sensors.py
[2026-05-25T07:38:51.367+0000] {processor.py:830} INFO - Processing file /home/airflow/.local/lib/python3.12/site-packages/airflow/example_dags/example_sensors.py for tasks to queue
[2026-05-25T07:38:51.374+0000] {logging_mixin.py:188} INFO - [2026-05-25T07:38:51.373+0000] {dagbag.py:545} INFO - Filling up the DagBag from /home/airflow/.local/lib/python3.12/site-packages/airflow/example_dags/example_sensors.py
[2026-05-25T07:38:51.413+0000] {processor.py:840} INFO - DAG(s) 'example_sensors' retrieved from /home/airflow/.local/lib/python3.12/site-packages/airflow/example_dags/example_sensors.py
[2026-05-25T07:38:51.709+0000] {logging_mixin.py:188} INFO - [2026-05-25T07:38:51.709+0000] {dag.py:3089} INFO - Sync 1 DAGs
[2026-05-25T07:38:51.730+0000] {logging_mixin.py:188} INFO - [2026-05-25T07:38:51.729+0000] {dag.py:3947} INFO - Setting next_dagrun for example_sensors to None, run_after=None
[2026-05-25T07:38:51.806+0000] {processor.py:183} INFO - Processing /home/airflow/.local/lib/python3.12/site-packages/airflow/example_dags/example_sensors.py took 0.468 seconds
[2026-05-25T07:39:22.050+0000] {processor.py:161} INFO - Started process (PID=4055) to work on /home/airflow/.local/lib/python3.12/site-packages/airflow/example_dags/example_sensors.py
[2026-05-25T07:39:22.052+0000] {processor.py:830} INFO - Processing file /home/airflow/.local/lib/python3.12/site-packages/airflow/example_dags/example_sensors.py for tasks to queue
[2026-05-25T07:39:22.056+0000] {logging_mixin.py:188} INFO - [2026-05-25T07:39:22.055+0000] {dagbag.py:545} INFO - Filling up the DagBag from /home/airflow/.local/lib/python3.12/site-packages/airflow/example_dags/example_sensors.py
[2026-05-25T07:39:22.073+0000] {processor.py:840} INFO - DAG(s) 'example_sensors' retrieved from /home/airflow/.local/lib/python3.12/site-packages/airflow/example_dags/example_sensors.py
[2026-05-25T07:39:22.119+0000] {logging_mixin.py:188} INFO - [2026-05-25T07:39:22.119+0000] {dag.py:3089} INFO - Sync 1 DAGs
[2026-05-25T07:39:22.142+0000] {logging_mixin.py:188} INFO - [2026-05-25T07:39:22.142+0000] {dag.py:3947} INFO - Setting next_dagrun for example_sensors to None, run_after=None
[2026-05-25T07:39:22.185+0000] {processor.py:183} INFO - Processing /home/airflow/.local/lib/python3.12/site-packages/airflow/example_dags/example_sensors.py took 0.145 seconds
[2026-05-25T07:39:52.787+0000] {processor.py:161} INFO - Started process (PID=4115) to work on /home/airflow/.local/lib/python3.12/site-packages/airflow/example_dags/example_sensors.py
[2026-05-25T07:39:52.790+0000] {processor.py:830} INFO - Processing file /home/airflow/.local/lib/python3.12/site-packages/airflow/example_dags/example_sensors.py for tasks to queue
[2026-05-25T07:39:52.796+0000] {logging_mixin.py:188} INFO - [2026-05-25T07:39:52.795+0000] {dagbag.py:545} INFO - Filling up the DagBag from /home/airflow/.local/lib/python3.12/site-packages/airflow/example_dags/example_sensors.py
[2026-05-25T07:39:52.819+0000] {processor.py:840} INFO - DAG(s) 'example_sensors' retrieved from /home/airflow/.local/lib/python3.12/site-packages/airflow/example_dags/example_sensors.py
[2026-05-25T07:39:52.882+0000] {logging_mixin.py:188} INFO - [2026-05-25T07:39:52.882+0000] {dag.py:3089} INFO - Sync 1 DAGs
[2026-05-25T07:39:52.915+0000] {logging_mixin.py:188} INFO - [2026-05-25T07:39:52.915+0000] {dag.py:3947} INFO - Setting next_dagrun for example_sensors to None, run_after=None
[2026-05-25T07:39:52.978+0000] {processor.py:183} INFO - Processing /home/airflow/.local/lib/python3.12/site-packages/airflow/example_dags/example_sensors.py took 0.208 seconds
[2026-05-25T07:40:24.198+0000] {processor.py:161} INFO - Started process (PID=4175) to work on /home/airflow/.local/lib/python3.12/site-packages/airflow/example_dags/example_sensors.py
[2026-05-25T07:40:24.208+0000] {processor.py:830} INFO - Processing file /home/airflow/.local/lib/python3.12/site-packages/airflow/example_dags/example_sensors.py for tasks to queue
[2026-05-25T07:40:24.229+0000] {logging_mixin.py:188} INFO - [2026-05-25T07:40:24.228+0000] {dagbag.py:545} INFO - Filling up the DagBag from /home/airflow/.local/lib/python3.12/site-packages/airflow/example_dags/example_sensors.py
[2026-05-25T07:40:24.278+0000] {processor.py:840} INFO - DAG(s) 'example_sensors' retrieved from /home/airflow/.local/lib/python3.12/site-packages/airflow/example_dags/example_sensors.py
[2026-05-25T07:40:24.383+0000] {logging_mixin.py:188} INFO - [2026-05-25T07:40:24.382+0000] {dag.py:3089} INFO - Sync 1 DAGs
[2026-05-25T07:40:24.415+0000] {logging_mixin.py:188} INFO - [2026-05-25T07:40:24.415+0000] {dag.py:3947} INFO - Setting next_dagrun for example_sensors to None, run_after=None
[2026-05-25T07:40:24.456+0000] {processor.py:183} INFO - Processing /home/airflow/.local/lib/python3.12/site-packages/airflow/example_dags/example_sensors.py took 0.290 seconds
[2026-05-25T07:40:55.147+0000] {processor.py:161} INFO - Started process (PID=4235) to work on /home/airflow/.local/lib/python3.12/site-packages/airflow/example_dags/example_sensors.py
[2026-05-25T07:40:55.150+0000] {processor.py:830} INFO - Processing file /home/airflow/.local/lib/python3.12/site-packages/airflow/example_dags/example_sensors.py for tasks to queue
[2026-05-25T07:40:55.154+0000] {logging_mixin.py:188} INFO - [2026-05-25T07:40:55.153+0000] {dagbag.py:545} INFO - Filling up the DagBag from /home/airflow/.local/lib/python3.12/site-packages/airflow/example_dags/example_sensors.py
[2026-05-25T07:40:55.174+0000] {processor.py:840} INFO - DAG(s) 'example_sensors' retrieved from /home/airflow/.local/lib/python3.12/site-packages/airflow/example_dags/example_sensors.py
[2026-05-25T07:40:55.277+0000] {logging_mixin.py:188} INFO - [2026-05-25T07:40:55.277+0000] {dag.py:3089} INFO - Sync 1 DAGs
[2026-05-25T07:40:55.362+0000] {logging_mixin.py:188} INFO - [2026-05-25T07:40:55.360+0000] {dag.py:3947} INFO - Setting next_dagrun for example_sensors to None, run_after=None
[2026-05-25T07:40:55.418+0000] {processor.py:183} INFO - Processing /home/airflow/.local/lib/python3.12/site-packages/airflow/example_dags/example_sensors.py took 0.283 seconds
[2026-05-25T07:41:26.103+0000] {processor.py:161} INFO - Started process (PID=4295) to work on /home/airflow/.local/lib/python3.12/site-packages/airflow/example_dags/example_sensors.py
[2026-05-25T07:41:26.113+0000] {processor.py:830} INFO - Processing file /home/airflow/.local/lib/python3.12/site-packages/airflow/example_dags/example_sensors.py for tasks to queue
[2026-05-25T07:41:26.144+0000] {logging_mixin.py:188} INFO - [2026-05-25T07:41:26.142+0000] {dagbag.py:545} INFO - Filling up the DagBag from /home/airflow/.local/lib/python3.12/site-packages/airflow/example_dags/example_sensors.py
[2026-05-25T07:41:26.216+0000] {processor.py:840} INFO - DAG(s) 'example_sensors' retrieved from /home/airflow/.local/lib/python3.12/site-packages/airflow/example_dags/example_sensors.py
[2026-05-25T07:41:26.381+0000] {logging_mixin.py:188} INFO - [2026-05-25T07:41:26.380+0000] {dag.py:3089} INFO - Sync 1 DAGs
[2026-05-25T07:41:26.446+0000] {logging_mixin.py:188} INFO - [2026-05-25T07:41:26.445+0000] {dag.py:3947} INFO - Setting next_dagrun for example_sensors to None, run_after=None
[2026-05-25T07:41:26.637+0000] {processor.py:183} INFO - Processing /home/airflow/.local/lib/python3.12/site-packages/airflow/example_dags/example_sensors.py took 0.623 seconds
[2026-05-25T07:41:57.465+0000] {processor.py:161} INFO - Started process (PID=4355) to work on /home/airflow/.local/lib/python3.12/site-packages/airflow/example_dags/example_sensors.py
[2026-05-25T07:41:57.467+0000] {processor.py:830} INFO - Processing file /home/airflow/.local/lib/python3.12/site-packages/airflow/example_dags/example_sensors.py for tasks to queue
[2026-05-25T07:41:57.472+0000] {logging_mixin.py:188} INFO - [2026-05-25T07:41:57.471+0000] {dagbag.py:545} INFO - Filling up the DagBag from /home/airflow/.local/lib/python3.12/site-packages/airflow/example_dags/example_sensors.py
[2026-05-25T07:41:57.493+0000] {processor.py:840} INFO - DAG(s) 'example_sensors' retrieved from /home/airflow/.local/lib/python3.12/site-packages/airflow/example_dags/example_sensors.py
[2026-05-25T07:41:57.550+0000] {logging_mixin.py:188} INFO - [2026-05-25T07:41:57.550+0000] {dag.py:3089} INFO - Sync 1 DAGs
[2026-05-25T07:41:57.584+0000] {logging_mixin.py:188} INFO - [2026-05-25T07:41:57.584+0000] {dag.py:3947} INFO - Setting next_dagrun for example_sensors to None, run_after=None
[2026-05-25T07:41:57.625+0000] {processor.py:183} INFO - Processing /home/airflow/.local/lib/python3.12/site-packages/airflow/example_dags/example_sensors.py took 0.172 seconds
[2026-05-25T07:42:27.934+0000] {processor.py:161} INFO - Started process (PID=4415) to work on /home/airflow/.local/lib/python3.12/site-packages/airflow/example_dags/example_sensors.py
[2026-05-25T07:42:27.937+0000] {processor.py:830} INFO - Processing file /home/airflow/.local/lib/python3.12/site-packages/airflow/example_dags/example_sensors.py for tasks to queue
[2026-05-25T07:42:27.943+0000] {logging_mixin.py:188} INFO - [2026-05-25T07:42:27.942+0000] {dagbag.py:545} INFO - Filling up the DagBag from /home/airflow/.local/lib/python3.12/site-packages/airflow/example_dags/example_sensors.py
[2026-05-25T07:42:27.964+0000] {processor.py:840} INFO - DAG(s) 'example_sensors' retrieved from /home/airflow/.local/lib/python3.12/site-packages/airflow/example_dags/example_sensors.py
[2026-05-25T07:42:28.019+0000] {logging_mixin.py:188} INFO - [2026-05-25T07:42:28.018+0000] {dag.py:3089} INFO - Sync 1 DAGs
[2026-05-25T07:42:28.047+0000] {logging_mixin.py:188} INFO - [2026-05-25T07:42:28.047+0000] {dag.py:3947} INFO - Setting next_dagrun for example_sensors to None, run_after=None
[2026-05-25T07:42:28.084+0000] {processor.py:183} INFO - Processing /home/airflow/.local/lib/python3.12/site-packages/airflow/example_dags/example_sensors.py took 0.167 seconds
[2026-05-25T07:42:58.906+0000] {processor.py:161} INFO - Started process (PID=4475) to work on /home/airflow/.local/lib/python3.12/site-packages/airflow/example_dags/example_sensors.py
[2026-05-25T07:42:58.908+0000] {processor.py:830} INFO - Processing file /home/airflow/.local/lib/python3.12/site-packages/airflow/example_dags/example_sensors.py for tasks to queue
[2026-05-25T07:42:58.913+0000] {logging_mixin.py:188} INFO - [2026-05-25T07:42:58.912+0000] {dagbag.py:545} INFO - Filling up the DagBag from /home/airflow/.local/lib/python3.12/site-packages/airflow/example_dags/example_sensors.py
[2026-05-25T07:42:58.930+0000] {processor.py:840} INFO - DAG(s) 'example_sensors' retrieved from /home/airflow/.local/lib/python3.12/site-packages/airflow/example_dags/example_sensors.py
[2026-05-25T07:42:58.979+0000] {logging_mixin.py:188} INFO - [2026-05-25T07:42:58.978+0000] {dag.py:3089} INFO - Sync 1 DAGs
[2026-05-25T07:42:59.000+0000] {logging_mixin.py:188} INFO - [2026-05-25T07:42:59.000+0000] {dag.py:3947} INFO - Setting next_dagrun for example_sensors to None, run_after=None
[2026-05-25T07:42:59.037+0000] {processor.py:183} INFO - Processing /home/airflow/.local/lib/python3.12/site-packages/airflow/example_dags/example_sensors.py took 0.141 seconds
[2026-05-25T07:43:29.442+0000] {processor.py:161} INFO - Started process (PID=4535) to work on /home/airflow/.local/lib/python3.12/site-packages/airflow/example_dags/example_sensors.py
[2026-05-25T07:43:29.443+0000] {processor.py:830} INFO - Processing file /home/airflow/.local/lib/python3.12/site-packages/airflow/example_dags/example_sensors.py for tasks to queue
[2026-05-25T07:43:29.447+0000] {logging_mixin.py:188} INFO - [2026-05-25T07:43:29.446+0000] {dagbag.py:545} INFO - Filling up the DagBag from /home/airflow/.local/lib/python3.12/site-packages/airflow/example_dags/example_sensors.py
[2026-05-25T07:43:29.462+0000] {processor.py:840} INFO - DAG(s) 'example_sensors' retrieved from /home/airflow/.local/lib/python3.12/site-packages/airflow/example_dags/example_sensors.py
[2026-05-25T07:43:29.505+0000] {logging_mixin.py:188} INFO - [2026-05-25T07:43:29.504+0000] {dag.py:3089} INFO - Sync 1 DAGs
[2026-05-25T07:43:29.527+0000] {logging_mixin.py:188} INFO - [2026-05-25T07:43:29.527+0000] {dag.py:3947} INFO - Setting next_dagrun for example_sensors to None, run_after=None
[2026-05-25T07:43:29.561+0000] {processor.py:183} INFO - Processing /home/airflow/.local/lib/python3.12/site-packages/airflow/example_dags/example_sensors.py took 0.129 seconds
[2026-05-25T07:43:59.965+0000] {processor.py:161} INFO - Started process (PID=4594) to work on /home/airflow/.local/lib/python3.12/site-packages/airflow/example_dags/example_sensors.py
[2026-05-25T07:43:59.967+0000] {processor.py:830} INFO - Processing file /home/airflow/.local/lib/python3.12/site-packages/airflow/example_dags/example_sensors.py for tasks to queue
[2026-05-25T07:43:59.971+0000] {logging_mixin.py:188} INFO - [2026-05-25T07:43:59.970+0000] {dagbag.py:545} INFO - Filling up the DagBag from /home/airflow/.local/lib/python3.12/site-packages/airflow/example_dags/example_sensors.py
[2026-05-25T07:43:59.985+0000] {processor.py:840} INFO - DAG(s) 'example_sensors' retrieved from /home/airflow/.local/lib/python3.12/site-packages/airflow/example_dags/example_sensors.py
[2026-05-25T07:44:00.030+0000] {logging_mixin.py:188} INFO - [2026-05-25T07:44:00.030+0000] {dag.py:3089} INFO - Sync 1 DAGs
[2026-05-25T07:44:00.052+0000] {logging_mixin.py:188} INFO - [2026-05-25T07:44:00.052+0000] {dag.py:3947} INFO - Setting next_dagrun for example_sensors to None, run_after=None
[2026-05-25T07:44:00.088+0000] {processor.py:183} INFO - Processing /home/airflow/.local/lib/python3.12/site-packages/airflow/example_dags/example_sensors.py took 0.166 seconds
[2026-05-25T07:44:30.283+0000] {processor.py:161} INFO - Started process (PID=4654) to work on /home/airflow/.local/lib/python3.12/site-packages/airflow/example_dags/example_sensors.py
[2026-05-25T07:44:30.285+0000] {processor.py:830} INFO - Processing file /home/airflow/.local/lib/python3.12/site-packages/airflow/example_dags/example_sensors.py for tasks to queue
[2026-05-25T07:44:30.288+0000] {logging_mixin.py:188} INFO - [2026-05-25T07:44:30.288+0000] {dagbag.py:545} INFO - Filling up the DagBag from /home/airflow/.local/lib/python3.12/site-packages/airflow/example_dags/example_sensors.py
[2026-05-25T07:44:30.301+0000] {processor.py:840} INFO - DAG(s) 'example_sensors' retrieved from /home/airflow/.local/lib/python3.12/site-packages/airflow/example_dags/example_sensors.py
[2026-05-25T07:44:30.342+0000] {logging_mixin.py:188} INFO - [2026-05-25T07:44:30.342+0000] {dag.py:3089} INFO - Sync 1 DAGs
[2026-05-25T07:44:30.363+0000] {logging_mixin.py:188} INFO - [2026-05-25T07:44:30.363+0000] {dag.py:3947} INFO - Setting next_dagrun for example_sensors to None, run_after=None
[2026-05-25T07:44:30.395+0000] {processor.py:183} INFO - Processing /home/airflow/.local/lib/python3.12/site-packages/airflow/example_dags/example_sensors.py took 0.121 seconds
[2026-05-25T07:45:01.098+0000] {processor.py:161} INFO - Started process (PID=4714) to work on /home/airflow/.local/lib/python3.12/site-packages/airflow/example_dags/example_sensors.py
[2026-05-25T07:45:01.101+0000] {processor.py:830} INFO - Processing file /home/airflow/.local/lib/python3.12/site-packages/airflow/example_dags/example_sensors.py for tasks to queue
[2026-05-25T07:45:01.107+0000] {logging_mixin.py:188} INFO - [2026-05-25T07:45:01.106+0000] {dagbag.py:545} INFO - Filling up the DagBag from /home/airflow/.local/lib/python3.12/site-packages/airflow/example_dags/example_sensors.py
[2026-05-25T07:45:01.137+0000] {processor.py:840} INFO - DAG(s) 'example_sensors' retrieved from /home/airflow/.local/lib/python3.12/site-packages/airflow/example_dags/example_sensors.py
[2026-05-25T07:45:01.258+0000] {logging_mixin.py:188} INFO - [2026-05-25T07:45:01.257+0000] {dag.py:3089} INFO - Sync 1 DAGs
[2026-05-25T07:45:01.300+0000] {logging_mixin.py:188} INFO - [2026-05-25T07:45:01.295+0000] {dag.py:3947} INFO - Setting next_dagrun for example_sensors to None, run_after=None
[2026-05-25T07:45:01.345+0000] {processor.py:183} INFO - Processing /home/airflow/.local/lib/python3.12/site-packages/airflow/example_dags/example_sensors.py took 0.271 seconds
[2026-05-25T07:45:31.768+0000] {processor.py:161} INFO - Started process (PID=4774) to work on /home/airflow/.local/lib/python3.12/site-packages/airflow/example_dags/example_sensors.py
[2026-05-25T07:45:31.771+0000] {processor.py:830} INFO - Processing file /home/airflow/.local/lib/python3.12/site-packages/airflow/example_dags/example_sensors.py for tasks to queue
[2026-05-25T07:45:31.779+0000] {logging_mixin.py:188} INFO - [2026-05-25T07:45:31.777+0000] {dagbag.py:545} INFO - Filling up the DagBag from /home/airflow/.local/lib/python3.12/site-packages/airflow/example_dags/example_sensors.py
[2026-05-25T07:45:31.808+0000] {processor.py:840} INFO - DAG(s) 'example_sensors' retrieved from /home/airflow/.local/lib/python3.12/site-packages/airflow/example_dags/example_sensors.py
[2026-05-25T07:45:31.914+0000] {logging_mixin.py:188} INFO - [2026-05-25T07:45:31.914+0000] {dag.py:3089} INFO - Sync 1 DAGs
[2026-05-25T07:45:31.952+0000] {logging_mixin.py:188} INFO - [2026-05-25T07:45:31.951+0000] {dag.py:3947} INFO - Setting next_dagrun for example_sensors to None, run_after=None
[2026-05-25T07:45:32.001+0000] {processor.py:183} INFO - Processing /home/airflow/.local/lib/python3.12/site-packages/airflow/example_dags/example_sensors.py took 0.254 seconds
[2026-05-25T07:46:02.398+0000] {processor.py:161} INFO - Started process (PID=4834) to work on /home/airflow/.local/lib/python3.12/site-packages/airflow/example_dags/example_sensors.py
[2026-05-25T07:46:02.400+0000] {processor.py:830} INFO - Processing file /home/airflow/.local/lib/python3.12/site-packages/airflow/example_dags/example_sensors.py for tasks to queue
[2026-05-25T07:46:02.403+0000] {logging_mixin.py:188} INFO - [2026-05-25T07:46:02.402+0000] {dagbag.py:545} INFO - Filling up the DagBag from /home/airflow/.local/lib/python3.12/site-packages/airflow/example_dags/example_sensors.py
[2026-05-25T07:46:02.417+0000] {processor.py:840} INFO - DAG(s) 'example_sensors' retrieved from /home/airflow/.local/lib/python3.12/site-packages/airflow/example_dags/example_sensors.py
[2026-05-25T07:46:02.458+0000] {logging_mixin.py:188} INFO - [2026-05-25T07:46:02.458+0000] {dag.py:3089} INFO - Sync 1 DAGs
[2026-05-25T07:46:02.479+0000] {logging_mixin.py:188} INFO - [2026-05-25T07:46:02.478+0000] {dag.py:3947} INFO - Setting next_dagrun for example_sensors to None, run_after=None
[2026-05-25T07:46:02.514+0000] {processor.py:183} INFO - Processing /home/airflow/.local/lib/python3.12/site-packages/airflow/example_dags/example_sensors.py took 0.125 seconds
[2026-05-25T07:46:33.089+0000] {processor.py:161} INFO - Started process (PID=4894) to work on /home/airflow/.local/lib/python3.12/site-packages/airflow/example_dags/example_sensors.py
[2026-05-25T07:46:33.091+0000] {processor.py:830} INFO - Processing file /home/airflow/.local/lib/python3.12/site-packages/airflow/example_dags/example_sensors.py for tasks to queue
[2026-05-25T07:46:33.095+0000] {logging_mixin.py:188} INFO - [2026-05-25T07:46:33.094+0000] {dagbag.py:545} INFO - Filling up the DagBag from /home/airflow/.local/lib/python3.12/site-packages/airflow/example_dags/example_sensors.py
[2026-05-25T07:46:33.112+0000] {processor.py:840} INFO - DAG(s) 'example_sensors' retrieved from /home/airflow/.local/lib/python3.12/site-packages/airflow/example_dags/example_sensors.py
[2026-05-25T07:46:33.156+0000] {logging_mixin.py:188} INFO - [2026-05-25T07:46:33.156+0000] {dag.py:3089} INFO - Sync 1 DAGs
[2026-05-25T07:46:33.182+0000] {logging_mixin.py:188} INFO - [2026-05-25T07:46:33.182+0000] {dag.py:3947} INFO - Setting next_dagrun for example_sensors to None, run_after=None
[2026-05-25T07:46:33.245+0000] {processor.py:183} INFO - Processing /home/airflow/.local/lib/python3.12/site-packages/airflow/example_dags/example_sensors.py took 0.167 seconds
[2026-05-25T07:47:03.481+0000] {processor.py:161} INFO - Started process (PID=4952) to work on /home/airflow/.local/lib/python3.12/site-packages/airflow/example_dags/example_sensors.py
[2026-05-25T07:47:03.483+0000] {processor.py:830} INFO - Processing file /home/airflow/.local/lib/python3.12/site-packages/airflow/example_dags/example_sensors.py for tasks to queue
[2026-05-25T07:47:03.487+0000] {logging_mixin.py:188} INFO - [2026-05-25T07:47:03.486+0000] {dagbag.py:545} INFO - Filling up the DagBag from /home/airflow/.local/lib/python3.12/site-packages/airflow/example_dags/example_sensors.py
[2026-05-25T07:47:03.500+0000] {processor.py:840} INFO - DAG(s) 'example_sensors' retrieved from /home/airflow/.local/lib/python3.12/site-packages/airflow/example_dags/example_sensors.py
[2026-05-25T07:47:03.565+0000] {logging_mixin.py:188} INFO - [2026-05-25T07:47:03.564+0000] {dag.py:3089} INFO - Sync 1 DAGs
[2026-05-25T07:47:03.628+0000] {logging_mixin.py:188} INFO - [2026-05-25T07:47:03.627+0000] {dag.py:3947} INFO - Setting next_dagrun for example_sensors to None, run_after=None
[2026-05-25T07:47:03.696+0000] {processor.py:183} INFO - Processing /home/airflow/.local/lib/python3.12/site-packages/airflow/example_dags/example_sensors.py took 0.224 seconds
[2026-05-25T07:47:34.400+0000] {processor.py:161} INFO - Started process (PID=5012) to work on /home/airflow/.local/lib/python3.12/site-packages/airflow/example_dags/example_sensors.py
[2026-05-25T07:47:34.404+0000] {processor.py:830} INFO - Processing file /home/airflow/.local/lib/python3.12/site-packages/airflow/example_dags/example_sensors.py for tasks to queue
[2026-05-25T07:47:34.422+0000] {logging_mixin.py:188} INFO - [2026-05-25T07:47:34.418+0000] {dagbag.py:545} INFO - Filling up the DagBag from /home/airflow/.local/lib/python3.12/site-packages/airflow/example_dags/example_sensors.py
[2026-05-25T07:47:34.514+0000] {processor.py:840} INFO - DAG(s) 'example_sensors' retrieved from /home/airflow/.local/lib/python3.12/site-packages/airflow/example_dags/example_sensors.py
[2026-05-25T07:47:34.624+0000] {logging_mixin.py:188} INFO - [2026-05-25T07:47:34.624+0000] {dag.py:3089} INFO - Sync 1 DAGs
[2026-05-25T07:47:34.688+0000] {logging_mixin.py:188} INFO - [2026-05-25T07:47:34.687+0000] {dag.py:3947} INFO - Setting next_dagrun for example_sensors to None, run_after=None
[2026-05-25T07:47:34.750+0000] {processor.py:183} INFO - Processing /home/airflow/.local/lib/python3.12/site-packages/airflow/example_dags/example_sensors.py took 0.385 seconds
[2026-05-25T07:48:05.729+0000] {processor.py:161} INFO - Started process (PID=5072) to work on /home/airflow/.local/lib/python3.12/site-packages/airflow/example_dags/example_sensors.py
[2026-05-25T07:48:05.738+0000] {processor.py:830} INFO - Processing file /home/airflow/.local/lib/python3.12/site-packages/airflow/example_dags/example_sensors.py for tasks to queue
[2026-05-25T07:48:05.747+0000] {logging_mixin.py:188} INFO - [2026-05-25T07:48:05.746+0000] {dagbag.py:545} INFO - Filling up the DagBag from /home/airflow/.local/lib/python3.12/site-packages/airflow/example_dags/example_sensors.py
[2026-05-25T07:48:05.785+0000] {processor.py:840} INFO - DAG(s) 'example_sensors' retrieved from /home/airflow/.local/lib/python3.12/site-packages/airflow/example_dags/example_sensors.py
[2026-05-25T07:48:05.931+0000] {logging_mixin.py:188} INFO - [2026-05-25T07:48:05.930+0000] {dag.py:3089} INFO - Sync 1 DAGs
[2026-05-25T07:48:06.010+0000] {logging_mixin.py:188} INFO - [2026-05-25T07:48:06.004+0000] {dag.py:3947} INFO - Setting next_dagrun for example_sensors to None, run_after=None
[2026-05-25T07:48:06.105+0000] {processor.py:183} INFO - Processing /home/airflow/.local/lib/python3.12/site-packages/airflow/example_dags/example_sensors.py took 0.402 seconds
[2026-05-25T07:48:37.032+0000] {processor.py:161} INFO - Started process (PID=5132) to work on /home/airflow/.local/lib/python3.12/site-packages/airflow/example_dags/example_sensors.py
[2026-05-25T07:48:37.036+0000] {processor.py:830} INFO - Processing file /home/airflow/.local/lib/python3.12/site-packages/airflow/example_dags/example_sensors.py for tasks to queue
[2026-05-25T07:48:37.052+0000] {logging_mixin.py:188} INFO - [2026-05-25T07:48:37.044+0000] {dagbag.py:545} INFO - Filling up the DagBag from /home/airflow/.local/lib/python3.12/site-packages/airflow/example_dags/example_sensors.py
[2026-05-25T07:48:37.082+0000] {processor.py:840} INFO - DAG(s) 'example_sensors' retrieved from /home/airflow/.local/lib/python3.12/site-packages/airflow/example_dags/example_sensors.py
[2026-05-25T07:48:37.159+0000] {logging_mixin.py:188} INFO - [2026-05-25T07:48:37.158+0000] {dag.py:3089} INFO - Sync 1 DAGs
[2026-05-25T07:48:37.193+0000] {logging_mixin.py:188} INFO - [2026-05-25T07:48:37.192+0000] {dag.py:3947} INFO - Setting next_dagrun for example_sensors to None, run_after=None
[2026-05-25T07:48:37.257+0000] {processor.py:183} INFO - Processing /home/airflow/.local/lib/python3.12/site-packages/airflow/example_dags/example_sensors.py took 0.254 seconds
[2026-05-25T07:49:07.716+0000] {processor.py:161} INFO - Started process (PID=5192) to work on /home/airflow/.local/lib/python3.12/site-packages/airflow/example_dags/example_sensors.py
[2026-05-25T07:49:07.718+0000] {processor.py:830} INFO - Processing file /home/airflow/.local/lib/python3.12/site-packages/airflow/example_dags/example_sensors.py for tasks to queue
[2026-05-25T07:49:07.724+0000] {logging_mixin.py:188} INFO - [2026-05-25T07:49:07.723+0000] {dagbag.py:545} INFO - Filling up the DagBag from /home/airflow/.local/lib/python3.12/site-packages/airflow/example_dags/example_sensors.py
[2026-05-25T07:49:07.741+0000] {processor.py:840} INFO - DAG(s) 'example_sensors' retrieved from /home/airflow/.local/lib/python3.12/site-packages/airflow/example_dags/example_sensors.py
[2026-05-25T07:49:07.794+0000] {logging_mixin.py:188} INFO - [2026-05-25T07:49:07.793+0000] {dag.py:3089} INFO - Sync 1 DAGs
[2026-05-25T07:49:07.818+0000] {logging_mixin.py:188} INFO - [2026-05-25T07:49:07.818+0000] {dag.py:3947} INFO - Setting next_dagrun for example_sensors to None, run_after=None
[2026-05-25T07:49:07.858+0000] {processor.py:183} INFO - Processing /home/airflow/.local/lib/python3.12/site-packages/airflow/example_dags/example_sensors.py took 0.155 seconds
[2026-05-25T07:49:38.339+0000] {processor.py:161} INFO - Started process (PID=5252) to work on /home/airflow/.local/lib/python3.12/site-packages/airflow/example_dags/example_sensors.py
[2026-05-25T07:49:38.342+0000] {processor.py:830} INFO - Processing file /home/airflow/.local/lib/python3.12/site-packages/airflow/example_dags/example_sensors.py for tasks to queue
[2026-05-25T07:49:38.345+0000] {logging_mixin.py:188} INFO - [2026-05-25T07:49:38.344+0000] {dagbag.py:545} INFO - Filling up the DagBag from /home/airflow/.local/lib/python3.12/site-packages/airflow/example_dags/example_sensors.py
[2026-05-25T07:49:38.358+0000] {processor.py:840} INFO - DAG(s) 'example_sensors' retrieved from /home/airflow/.local/lib/python3.12/site-packages/airflow/example_dags/example_sensors.py
[2026-05-25T07:49:38.397+0000] {logging_mixin.py:188} INFO - [2026-05-25T07:49:38.397+0000] {dag.py:3089} INFO - Sync 1 DAGs
[2026-05-25T07:49:38.416+0000] {logging_mixin.py:188} INFO - [2026-05-25T07:49:38.416+0000] {dag.py:3947} INFO - Setting next_dagrun for example_sensors to None, run_after=None
[2026-05-25T07:49:38.447+0000] {processor.py:183} INFO - Processing /home/airflow/.local/lib/python3.12/site-packages/airflow/example_dags/example_sensors.py took 0.116 seconds
[2026-05-25T07:50:08.665+0000] {processor.py:161} INFO - Started process (PID=5312) to work on /home/airflow/.local/lib/python3.12/site-packages/airflow/example_dags/example_sensors.py
[2026-05-25T07:50:08.667+0000] {processor.py:830} INFO - Processing file /home/airflow/.local/lib/python3.12/site-packages/airflow/example_dags/example_sensors.py for tasks to queue
[2026-05-25T07:50:08.671+0000] {logging_mixin.py:188} INFO - [2026-05-25T07:50:08.670+0000] {dagbag.py:545} INFO - Filling up the DagBag from /home/airflow/.local/lib/python3.12/site-packages/airflow/example_dags/example_sensors.py
[2026-05-25T07:50:08.683+0000] {processor.py:840} INFO - DAG(s) 'example_sensors' retrieved from /home/airflow/.local/lib/python3.12/site-packages/airflow/example_dags/example_sensors.py
[2026-05-25T07:50:08.722+0000] {logging_mixin.py:188} INFO - [2026-05-25T07:50:08.722+0000] {dag.py:3089} INFO - Sync 1 DAGs
[2026-05-25T07:50:08.740+0000] {logging_mixin.py:188} INFO - [2026-05-25T07:50:08.740+0000] {dag.py:3947} INFO - Setting next_dagrun for example_sensors to None, run_after=None
[2026-05-25T07:50:08.773+0000] {processor.py:183} INFO - Processing /home/airflow/.local/lib/python3.12/site-packages/airflow/example_dags/example_sensors.py took 0.117 seconds
[2026-05-25T07:50:39.167+0000] {processor.py:161} INFO - Started process (PID=5372) to work on /home/airflow/.local/lib/python3.12/site-packages/airflow/example_dags/example_sensors.py
[2026-05-25T07:50:39.168+0000] {processor.py:830} INFO - Processing file /home/airflow/.local/lib/python3.12/site-packages/airflow/example_dags/example_sensors.py for tasks to queue
[2026-05-25T07:50:39.172+0000] {logging_mixin.py:188} INFO - [2026-05-25T07:50:39.171+0000] {dagbag.py:545} INFO - Filling up the DagBag from /home/airflow/.local/lib/python3.12/site-packages/airflow/example_dags/example_sensors.py
[2026-05-25T07:50:39.186+0000] {processor.py:840} INFO - DAG(s) 'example_sensors' retrieved from /home/airflow/.local/lib/python3.12/site-packages/airflow/example_dags/example_sensors.py
[2026-05-25T07:50:39.226+0000] {logging_mixin.py:188} INFO - [2026-05-25T07:50:39.225+0000] {dag.py:3089} INFO - Sync 1 DAGs
[2026-05-25T07:50:39.244+0000] {logging_mixin.py:188} INFO - [2026-05-25T07:50:39.244+0000] {dag.py:3947} INFO - Setting next_dagrun for example_sensors to None, run_after=None
[2026-05-25T07:50:39.274+0000] {processor.py:183} INFO - Processing /home/airflow/.local/lib/python3.12/site-packages/airflow/example_dags/example_sensors.py took 0.116 seconds
[2026-05-25T07:53:42.293+0000] {processor.py:161} INFO - Started process (PID=96) to work on /home/airflow/.local/lib/python3.12/site-packages/airflow/example_dags/example_sensors.py
[2026-05-25T07:53:42.296+0000] {processor.py:830} INFO - Processing file /home/airflow/.local/lib/python3.12/site-packages/airflow/example_dags/example_sensors.py for tasks to queue
[2026-05-25T07:53:42.300+0000] {logging_mixin.py:188} INFO - [2026-05-25T07:53:42.299+0000] {dagbag.py:545} INFO - Filling up the DagBag from /home/airflow/.local/lib/python3.12/site-packages/airflow/example_dags/example_sensors.py
[2026-05-25T07:53:42.328+0000] {processor.py:840} INFO - DAG(s) 'example_sensors' retrieved from /home/airflow/.local/lib/python3.12/site-packages/airflow/example_dags/example_sensors.py
[2026-05-25T07:53:42.653+0000] {logging_mixin.py:188} INFO - [2026-05-25T07:53:42.653+0000] {dag.py:3089} INFO - Sync 1 DAGs
[2026-05-25T07:53:42.676+0000] {logging_mixin.py:188} INFO - [2026-05-25T07:53:42.675+0000] {dag.py:3947} INFO - Setting next_dagrun for example_sensors to None, run_after=None
[2026-05-25T07:53:42.721+0000] {processor.py:183} INFO - Processing /home/airflow/.local/lib/python3.12/site-packages/airflow/example_dags/example_sensors.py took 0.440 seconds
[2026-05-25T07:54:17.226+0000] {processor.py:161} INFO - Started process (PID=155) to work on /home/airflow/.local/lib/python3.12/site-packages/airflow/example_dags/example_sensors.py
[2026-05-25T07:54:17.237+0000] {processor.py:830} INFO - Processing file /home/airflow/.local/lib/python3.12/site-packages/airflow/example_dags/example_sensors.py for tasks to queue
[2026-05-25T07:54:17.250+0000] {logging_mixin.py:188} INFO - [2026-05-25T07:54:17.249+0000] {dagbag.py:545} INFO - Filling up the DagBag from /home/airflow/.local/lib/python3.12/site-packages/airflow/example_dags/example_sensors.py
[2026-05-25T07:54:17.307+0000] {processor.py:840} INFO - DAG(s) 'example_sensors' retrieved from /home/airflow/.local/lib/python3.12/site-packages/airflow/example_dags/example_sensors.py
[2026-05-25T07:54:17.452+0000] {logging_mixin.py:188} INFO - [2026-05-25T07:54:17.451+0000] {dag.py:3089} INFO - Sync 1 DAGs
[2026-05-25T07:54:17.529+0000] {logging_mixin.py:188} INFO - [2026-05-25T07:54:17.528+0000] {dag.py:3947} INFO - Setting next_dagrun for example_sensors to None, run_after=None
[2026-05-25T07:54:17.642+0000] {processor.py:183} INFO - Processing /home/airflow/.local/lib/python3.12/site-packages/airflow/example_dags/example_sensors.py took 0.455 seconds
[2026-05-25T07:54:48.119+0000] {processor.py:161} INFO - Started process (PID=215) to work on /home/airflow/.local/lib/python3.12/site-packages/airflow/example_dags/example_sensors.py
[2026-05-25T07:54:48.121+0000] {processor.py:830} INFO - Processing file /home/airflow/.local/lib/python3.12/site-packages/airflow/example_dags/example_sensors.py for tasks to queue
[2026-05-25T07:54:48.125+0000] {logging_mixin.py:188} INFO - [2026-05-25T07:54:48.124+0000] {dagbag.py:545} INFO - Filling up the DagBag from /home/airflow/.local/lib/python3.12/site-packages/airflow/example_dags/example_sensors.py
[2026-05-25T07:54:48.141+0000] {processor.py:840} INFO - DAG(s) 'example_sensors' retrieved from /home/airflow/.local/lib/python3.12/site-packages/airflow/example_dags/example_sensors.py
[2026-05-25T07:54:48.191+0000] {logging_mixin.py:188} INFO - [2026-05-25T07:54:48.191+0000] {dag.py:3089} INFO - Sync 1 DAGs
[2026-05-25T07:54:48.214+0000] {logging_mixin.py:188} INFO - [2026-05-25T07:54:48.213+0000] {dag.py:3947} INFO - Setting next_dagrun for example_sensors to None, run_after=None
[2026-05-25T07:54:48.249+0000] {processor.py:183} INFO - Processing /home/airflow/.local/lib/python3.12/site-packages/airflow/example_dags/example_sensors.py took 0.141 seconds
[2026-05-25T07:56:21.758+0000] {processor.py:161} INFO - Started process (PID=92) to work on /home/airflow/.local/lib/python3.12/site-packages/airflow/example_dags/example_sensors.py
[2026-05-25T07:56:21.760+0000] {processor.py:830} INFO - Processing file /home/airflow/.local/lib/python3.12/site-packages/airflow/example_dags/example_sensors.py for tasks to queue
[2026-05-25T07:56:21.764+0000] {logging_mixin.py:188} INFO - [2026-05-25T07:56:21.763+0000] {dagbag.py:545} INFO - Filling up the DagBag from /home/airflow/.local/lib/python3.12/site-packages/airflow/example_dags/example_sensors.py
[2026-05-25T07:56:21.792+0000] {processor.py:840} INFO - DAG(s) 'example_sensors' retrieved from /home/airflow/.local/lib/python3.12/site-packages/airflow/example_dags/example_sensors.py
[2026-05-25T07:56:21.821+0000] {logging_mixin.py:188} INFO - [2026-05-25T07:56:21.820+0000] {dag.py:3089} INFO - Sync 1 DAGs
[2026-05-25T07:56:21.855+0000] {logging_mixin.py:188} INFO - [2026-05-25T07:56:21.855+0000] {dag.py:3947} INFO - Setting next_dagrun for example_sensors to None, run_after=None
[2026-05-25T07:56:21.902+0000] {processor.py:183} INFO - Processing /home/airflow/.local/lib/python3.12/site-packages/airflow/example_dags/example_sensors.py took 0.157 seconds
[2026-05-25T07:56:55.011+0000] {processor.py:161} INFO - Started process (PID=152) to work on /home/airflow/.local/lib/python3.12/site-packages/airflow/example_dags/example_sensors.py
[2026-05-25T07:56:55.016+0000] {processor.py:830} INFO - Processing file /home/airflow/.local/lib/python3.12/site-packages/airflow/example_dags/example_sensors.py for tasks to queue
[2026-05-25T07:56:55.029+0000] {logging_mixin.py:188} INFO - [2026-05-25T07:56:55.026+0000] {dagbag.py:545} INFO - Filling up the DagBag from /home/airflow/.local/lib/python3.12/site-packages/airflow/example_dags/example_sensors.py
[2026-05-25T07:56:55.063+0000] {processor.py:840} INFO - DAG(s) 'example_sensors' retrieved from /home/airflow/.local/lib/python3.12/site-packages/airflow/example_dags/example_sensors.py
[2026-05-25T07:56:55.437+0000] {logging_mixin.py:188} INFO - [2026-05-25T07:56:55.436+0000] {dag.py:3089} INFO - Sync 1 DAGs
[2026-05-25T07:56:55.469+0000] {logging_mixin.py:188} INFO - [2026-05-25T07:56:55.468+0000] {dag.py:3947} INFO - Setting next_dagrun for example_sensors to None, run_after=None
[2026-05-25T07:56:55.543+0000] {processor.py:183} INFO - Processing /home/airflow/.local/lib/python3.12/site-packages/airflow/example_dags/example_sensors.py took 0.560 seconds
[2026-05-25T07:57:25.867+0000] {processor.py:161} INFO - Started process (PID=211) to work on /home/airflow/.local/lib/python3.12/site-packages/airflow/example_dags/example_sensors.py
[2026-05-25T07:57:25.870+0000] {processor.py:830} INFO - Processing file /home/airflow/.local/lib/python3.12/site-packages/airflow/example_dags/example_sensors.py for tasks to queue
[2026-05-25T07:57:25.874+0000] {logging_mixin.py:188} INFO - [2026-05-25T07:57:25.874+0000] {dagbag.py:545} INFO - Filling up the DagBag from /home/airflow/.local/lib/python3.12/site-packages/airflow/example_dags/example_sensors.py
[2026-05-25T07:57:25.899+0000] {processor.py:840} INFO - DAG(s) 'example_sensors' retrieved from /home/airflow/.local/lib/python3.12/site-packages/airflow/example_dags/example_sensors.py
[2026-05-25T07:57:26.010+0000] {logging_mixin.py:188} INFO - [2026-05-25T07:57:26.010+0000] {dag.py:3089} INFO - Sync 1 DAGs
[2026-05-25T07:57:26.062+0000] {logging_mixin.py:188} INFO - [2026-05-25T07:57:26.061+0000] {dag.py:3947} INFO - Setting next_dagrun for example_sensors to None, run_after=None
[2026-05-25T07:57:26.125+0000] {processor.py:183} INFO - Processing /home/airflow/.local/lib/python3.12/site-packages/airflow/example_dags/example_sensors.py took 0.274 seconds
[2026-05-25T07:57:56.912+0000] {processor.py:161} INFO - Started process (PID=271) to work on /home/airflow/.local/lib/python3.12/site-packages/airflow/example_dags/example_sensors.py
[2026-05-25T07:57:56.914+0000] {processor.py:830} INFO - Processing file /home/airflow/.local/lib/python3.12/site-packages/airflow/example_dags/example_sensors.py for tasks to queue
[2026-05-25T07:57:56.923+0000] {logging_mixin.py:188} INFO - [2026-05-25T07:57:56.922+0000] {dagbag.py:545} INFO - Filling up the DagBag from /home/airflow/.local/lib/python3.12/site-packages/airflow/example_dags/example_sensors.py
[2026-05-25T07:57:56.945+0000] {processor.py:840} INFO - DAG(s) 'example_sensors' retrieved from /home/airflow/.local/lib/python3.12/site-packages/airflow/example_dags/example_sensors.py
[2026-05-25T07:57:57.015+0000] {logging_mixin.py:188} INFO - [2026-05-25T07:57:57.015+0000] {dag.py:3089} INFO - Sync 1 DAGs
[2026-05-25T07:57:57.050+0000] {logging_mixin.py:188} INFO - [2026-05-25T07:57:57.049+0000] {dag.py:3947} INFO - Setting next_dagrun for example_sensors to None, run_after=None
[2026-05-25T07:57:57.096+0000] {processor.py:183} INFO - Processing /home/airflow/.local/lib/python3.12/site-packages/airflow/example_dags/example_sensors.py took 0.197 seconds
[2026-05-25T07:58:27.824+0000] {processor.py:161} INFO - Started process (PID=330) to work on /home/airflow/.local/lib/python3.12/site-packages/airflow/example_dags/example_sensors.py
[2026-05-25T07:58:27.825+0000] {processor.py:830} INFO - Processing file /home/airflow/.local/lib/python3.12/site-packages/airflow/example_dags/example_sensors.py for tasks to queue
[2026-05-25T07:58:27.828+0000] {logging_mixin.py:188} INFO - [2026-05-25T07:58:27.828+0000] {dagbag.py:545} INFO - Filling up the DagBag from /home/airflow/.local/lib/python3.12/site-packages/airflow/example_dags/example_sensors.py
[2026-05-25T07:58:27.844+0000] {processor.py:840} INFO - DAG(s) 'example_sensors' retrieved from /home/airflow/.local/lib/python3.12/site-packages/airflow/example_dags/example_sensors.py
[2026-05-25T07:58:27.892+0000] {logging_mixin.py:188} INFO - [2026-05-25T07:58:27.892+0000] {dag.py:3089} INFO - Sync 1 DAGs
[2026-05-25T07:58:27.911+0000] {logging_mixin.py:188} INFO - [2026-05-25T07:58:27.911+0000] {dag.py:3947} INFO - Setting next_dagrun for example_sensors to None, run_after=None
[2026-05-25T07:58:27.940+0000] {processor.py:183} INFO - Processing /home/airflow/.local/lib/python3.12/site-packages/airflow/example_dags/example_sensors.py took 0.125 seconds
[2026-05-25T07:58:58.264+0000] {processor.py:161} INFO - Started process (PID=387) to work on /home/airflow/.local/lib/python3.12/site-packages/airflow/example_dags/example_sensors.py
[2026-05-25T07:58:58.265+0000] {processor.py:830} INFO - Processing file /home/airflow/.local/lib/python3.12/site-packages/airflow/example_dags/example_sensors.py for tasks to queue
[2026-05-25T07:58:58.269+0000] {logging_mixin.py:188} INFO - [2026-05-25T07:58:58.268+0000] {dagbag.py:545} INFO - Filling up the DagBag from /home/airflow/.local/lib/python3.12/site-packages/airflow/example_dags/example_sensors.py
[2026-05-25T07:58:58.282+0000] {processor.py:840} INFO - DAG(s) 'example_sensors' retrieved from /home/airflow/.local/lib/python3.12/site-packages/airflow/example_dags/example_sensors.py
[2026-05-25T07:58:58.319+0000] {logging_mixin.py:188} INFO - [2026-05-25T07:58:58.318+0000] {dag.py:3089} INFO - Sync 1 DAGs
[2026-05-25T07:58:58.341+0000] {logging_mixin.py:188} INFO - [2026-05-25T07:58:58.340+0000] {dag.py:3947} INFO - Setting next_dagrun for example_sensors to None, run_after=None
[2026-05-25T07:58:58.374+0000] {processor.py:183} INFO - Processing /home/airflow/.local/lib/python3.12/site-packages/airflow/example_dags/example_sensors.py took 0.119 seconds
[2026-05-25T07:59:29.078+0000] {processor.py:161} INFO - Started process (PID=447) to work on /home/airflow/.local/lib/python3.12/site-packages/airflow/example_dags/example_sensors.py
[2026-05-25T07:59:29.081+0000] {processor.py:830} INFO - Processing file /home/airflow/.local/lib/python3.12/site-packages/airflow/example_dags/example_sensors.py for tasks to queue
[2026-05-25T07:59:29.085+0000] {logging_mixin.py:188} INFO - [2026-05-25T07:59:29.085+0000] {dagbag.py:545} INFO - Filling up the DagBag from /home/airflow/.local/lib/python3.12/site-packages/airflow/example_dags/example_sensors.py
[2026-05-25T07:59:29.105+0000] {processor.py:840} INFO - DAG(s) 'example_sensors' retrieved from /home/airflow/.local/lib/python3.12/site-packages/airflow/example_dags/example_sensors.py
[2026-05-25T07:59:29.178+0000] {logging_mixin.py:188} INFO - [2026-05-25T07:59:29.177+0000] {dag.py:3089} INFO - Sync 1 DAGs
[2026-05-25T07:59:29.203+0000] {logging_mixin.py:188} INFO - [2026-05-25T07:59:29.202+0000] {dag.py:3947} INFO - Setting next_dagrun for example_sensors to None, run_after=None
[2026-05-25T07:59:29.246+0000] {processor.py:183} INFO - Processing /home/airflow/.local/lib/python3.12/site-packages/airflow/example_dags/example_sensors.py took 0.178 seconds
[2026-05-25T07:59:59.621+0000] {processor.py:161} INFO - Started process (PID=507) to work on /home/airflow/.local/lib/python3.12/site-packages/airflow/example_dags/example_sensors.py
[2026-05-25T07:59:59.627+0000] {processor.py:830} INFO - Processing file /home/airflow/.local/lib/python3.12/site-packages/airflow/example_dags/example_sensors.py for tasks to queue
[2026-05-25T07:59:59.633+0000] {logging_mixin.py:188} INFO - [2026-05-25T07:59:59.632+0000] {dagbag.py:545} INFO - Filling up the DagBag from /home/airflow/.local/lib/python3.12/site-packages/airflow/example_dags/example_sensors.py
[2026-05-25T07:59:59.666+0000] {processor.py:840} INFO - DAG(s) 'example_sensors' retrieved from /home/airflow/.local/lib/python3.12/site-packages/airflow/example_dags/example_sensors.py
[2026-05-25T07:59:59.739+0000] {logging_mixin.py:188} INFO - [2026-05-25T07:59:59.738+0000] {dag.py:3089} INFO - Sync 1 DAGs
[2026-05-25T07:59:59.790+0000] {logging_mixin.py:188} INFO - [2026-05-25T07:59:59.788+0000] {dag.py:3947} INFO - Setting next_dagrun for example_sensors to None, run_after=None
[2026-05-25T07:59:59.880+0000] {processor.py:183} INFO - Processing /home/airflow/.local/lib/python3.12/site-packages/airflow/example_dags/example_sensors.py took 0.297 seconds
[2026-05-25T08:00:31.329+0000] {processor.py:161} INFO - Started process (PID=567) to work on /home/airflow/.local/lib/python3.12/site-packages/airflow/example_dags/example_sensors.py
[2026-05-25T08:00:31.332+0000] {processor.py:830} INFO - Processing file /home/airflow/.local/lib/python3.12/site-packages/airflow/example_dags/example_sensors.py for tasks to queue
[2026-05-25T08:00:31.339+0000] {logging_mixin.py:188} INFO - [2026-05-25T08:00:31.338+0000] {dagbag.py:545} INFO - Filling up the DagBag from /home/airflow/.local/lib/python3.12/site-packages/airflow/example_dags/example_sensors.py
[2026-05-25T08:00:31.382+0000] {processor.py:840} INFO - DAG(s) 'example_sensors' retrieved from /home/airflow/.local/lib/python3.12/site-packages/airflow/example_dags/example_sensors.py
[2026-05-25T08:00:31.490+0000] {logging_mixin.py:188} INFO - [2026-05-25T08:00:31.489+0000] {dag.py:3089} INFO - Sync 1 DAGs
[2026-05-25T08:00:31.565+0000] {logging_mixin.py:188} INFO - [2026-05-25T08:00:31.564+0000] {dag.py:3947} INFO - Setting next_dagrun for example_sensors to None, run_after=None
[2026-05-25T08:00:31.748+0000] {processor.py:183} INFO - Processing /home/airflow/.local/lib/python3.12/site-packages/airflow/example_dags/example_sensors.py took 0.460 seconds
[2026-05-25T08:01:02.044+0000] {processor.py:161} INFO - Started process (PID=628) to work on /home/airflow/.local/lib/python3.12/site-packages/airflow/example_dags/example_sensors.py
[2026-05-25T08:01:02.047+0000] {processor.py:830} INFO - Processing file /home/airflow/.local/lib/python3.12/site-packages/airflow/example_dags/example_sensors.py for tasks to queue
[2026-05-25T08:01:02.054+0000] {logging_mixin.py:188} INFO - [2026-05-25T08:01:02.053+0000] {dagbag.py:545} INFO - Filling up the DagBag from /home/airflow/.local/lib/python3.12/site-packages/airflow/example_dags/example_sensors.py
[2026-05-25T08:01:02.094+0000] {processor.py:840} INFO - DAG(s) 'example_sensors' retrieved from /home/airflow/.local/lib/python3.12/site-packages/airflow/example_dags/example_sensors.py
[2026-05-25T08:01:02.167+0000] {logging_mixin.py:188} INFO - [2026-05-25T08:01:02.166+0000] {dag.py:3089} INFO - Sync 1 DAGs
[2026-05-25T08:01:02.215+0000] {logging_mixin.py:188} INFO - [2026-05-25T08:01:02.214+0000] {dag.py:3947} INFO - Setting next_dagrun for example_sensors to None, run_after=None
[2026-05-25T08:01:02.287+0000] {processor.py:183} INFO - Processing /home/airflow/.local/lib/python3.12/site-packages/airflow/example_dags/example_sensors.py took 0.261 seconds
[2026-05-25T08:01:32.820+0000] {processor.py:161} INFO - Started process (PID=689) to work on /home/airflow/.local/lib/python3.12/site-packages/airflow/example_dags/example_sensors.py
[2026-05-25T08:01:32.822+0000] {processor.py:830} INFO - Processing file /home/airflow/.local/lib/python3.12/site-packages/airflow/example_dags/example_sensors.py for tasks to queue
[2026-05-25T08:01:32.825+0000] {logging_mixin.py:188} INFO - [2026-05-25T08:01:32.824+0000] {dagbag.py:545} INFO - Filling up the DagBag from /home/airflow/.local/lib/python3.12/site-packages/airflow/example_dags/example_sensors.py
[2026-05-25T08:01:32.838+0000] {processor.py:840} INFO - DAG(s) 'example_sensors' retrieved from /home/airflow/.local/lib/python3.12/site-packages/airflow/example_dags/example_sensors.py
[2026-05-25T08:01:32.884+0000] {logging_mixin.py:188} INFO - [2026-05-25T08:01:32.883+0000] {dag.py:3089} INFO - Sync 1 DAGs
[2026-05-25T08:01:32.919+0000] {logging_mixin.py:188} INFO - [2026-05-25T08:01:32.919+0000] {dag.py:3947} INFO - Setting next_dagrun for example_sensors to None, run_after=None
[2026-05-25T08:01:32.982+0000] {processor.py:183} INFO - Processing /home/airflow/.local/lib/python3.12/site-packages/airflow/example_dags/example_sensors.py took 0.172 seconds
[2026-05-25T08:02:05.503+0000] {processor.py:161} INFO - Started process (PID=748) to work on /home/airflow/.local/lib/python3.12/site-packages/airflow/example_dags/example_sensors.py
[2026-05-25T08:02:05.507+0000] {processor.py:830} INFO - Processing file /home/airflow/.local/lib/python3.12/site-packages/airflow/example_dags/example_sensors.py for tasks to queue
[2026-05-25T08:02:05.514+0000] {logging_mixin.py:188} INFO - [2026-05-25T08:02:05.513+0000] {dagbag.py:545} INFO - Filling up the DagBag from /home/airflow/.local/lib/python3.12/site-packages/airflow/example_dags/example_sensors.py
[2026-05-25T08:02:05.547+0000] {processor.py:840} INFO - DAG(s) 'example_sensors' retrieved from /home/airflow/.local/lib/python3.12/site-packages/airflow/example_dags/example_sensors.py
[2026-05-25T08:02:05.648+0000] {logging_mixin.py:188} INFO - [2026-05-25T08:02:05.647+0000] {dag.py:3089} INFO - Sync 1 DAGs
[2026-05-25T08:02:05.712+0000] {logging_mixin.py:188} INFO - [2026-05-25T08:02:05.709+0000] {dag.py:3947} INFO - Setting next_dagrun for example_sensors to None, run_after=None
[2026-05-25T08:02:05.831+0000] {processor.py:183} INFO - Processing /home/airflow/.local/lib/python3.12/site-packages/airflow/example_dags/example_sensors.py took 0.360 seconds
[2026-05-25T08:02:36.271+0000] {processor.py:161} INFO - Started process (PID=808) to work on /home/airflow/.local/lib/python3.12/site-packages/airflow/example_dags/example_sensors.py
[2026-05-25T08:02:36.274+0000] {processor.py:830} INFO - Processing file /home/airflow/.local/lib/python3.12/site-packages/airflow/example_dags/example_sensors.py for tasks to queue
[2026-05-25T08:02:36.280+0000] {logging_mixin.py:188} INFO - [2026-05-25T08:02:36.279+0000] {dagbag.py:545} INFO - Filling up the DagBag from /home/airflow/.local/lib/python3.12/site-packages/airflow/example_dags/example_sensors.py
[2026-05-25T08:02:36.309+0000] {processor.py:840} INFO - DAG(s) 'example_sensors' retrieved from /home/airflow/.local/lib/python3.12/site-packages/airflow/example_dags/example_sensors.py
[2026-05-25T08:02:36.398+0000] {logging_mixin.py:188} INFO - [2026-05-25T08:02:36.397+0000] {dag.py:3089} INFO - Sync 1 DAGs
[2026-05-25T08:02:36.445+0000] {logging_mixin.py:188} INFO - [2026-05-25T08:02:36.444+0000] {dag.py:3947} INFO - Setting next_dagrun for example_sensors to None, run_after=None
[2026-05-25T08:02:36.504+0000] {processor.py:183} INFO - Processing /home/airflow/.local/lib/python3.12/site-packages/airflow/example_dags/example_sensors.py took 0.250 seconds
[2026-05-25T08:03:06.692+0000] {processor.py:161} INFO - Started process (PID=867) to work on /home/airflow/.local/lib/python3.12/site-packages/airflow/example_dags/example_sensors.py
[2026-05-25T08:03:06.694+0000] {processor.py:830} INFO - Processing file /home/airflow/.local/lib/python3.12/site-packages/airflow/example_dags/example_sensors.py for tasks to queue
[2026-05-25T08:03:06.698+0000] {logging_mixin.py:188} INFO - [2026-05-25T08:03:06.697+0000] {dagbag.py:545} INFO - Filling up the DagBag from /home/airflow/.local/lib/python3.12/site-packages/airflow/example_dags/example_sensors.py
[2026-05-25T08:03:06.718+0000] {processor.py:840} INFO - DAG(s) 'example_sensors' retrieved from /home/airflow/.local/lib/python3.12/site-packages/airflow/example_dags/example_sensors.py
[2026-05-25T08:03:06.775+0000] {logging_mixin.py:188} INFO - [2026-05-25T08:03:06.775+0000] {dag.py:3089} INFO - Sync 1 DAGs
[2026-05-25T08:03:06.800+0000] {logging_mixin.py:188} INFO - [2026-05-25T08:03:06.800+0000] {dag.py:3947} INFO - Setting next_dagrun for example_sensors to None, run_after=None
[2026-05-25T08:03:06.847+0000] {processor.py:183} INFO - Processing /home/airflow/.local/lib/python3.12/site-packages/airflow/example_dags/example_sensors.py took 0.168 seconds
[2026-05-25T08:03:37.626+0000] {processor.py:161} INFO - Started process (PID=927) to work on /home/airflow/.local/lib/python3.12/site-packages/airflow/example_dags/example_sensors.py
[2026-05-25T08:03:37.629+0000] {processor.py:830} INFO - Processing file /home/airflow/.local/lib/python3.12/site-packages/airflow/example_dags/example_sensors.py for tasks to queue
[2026-05-25T08:03:37.634+0000] {logging_mixin.py:188} INFO - [2026-05-25T08:03:37.633+0000] {dagbag.py:545} INFO - Filling up the DagBag from /home/airflow/.local/lib/python3.12/site-packages/airflow/example_dags/example_sensors.py
[2026-05-25T08:03:37.659+0000] {processor.py:840} INFO - DAG(s) 'example_sensors' retrieved from /home/airflow/.local/lib/python3.12/site-packages/airflow/example_dags/example_sensors.py
[2026-05-25T08:03:37.714+0000] {logging_mixin.py:188} INFO - [2026-05-25T08:03:37.714+0000] {dag.py:3089} INFO - Sync 1 DAGs
[2026-05-25T08:03:37.742+0000] {logging_mixin.py:188} INFO - [2026-05-25T08:03:37.741+0000] {dag.py:3947} INFO - Setting next_dagrun for example_sensors to None, run_after=None
[2026-05-25T08:03:37.786+0000] {processor.py:183} INFO - Processing /home/airflow/.local/lib/python3.12/site-packages/airflow/example_dags/example_sensors.py took 0.174 seconds
[2026-05-25T08:04:08.204+0000] {processor.py:161} INFO - Started process (PID=986) to work on /home/airflow/.local/lib/python3.12/site-packages/airflow/example_dags/example_sensors.py
[2026-05-25T08:04:08.207+0000] {processor.py:830} INFO - Processing file /home/airflow/.local/lib/python3.12/site-packages/airflow/example_dags/example_sensors.py for tasks to queue
[2026-05-25T08:04:08.212+0000] {logging_mixin.py:188} INFO - [2026-05-25T08:04:08.211+0000] {dagbag.py:545} INFO - Filling up the DagBag from /home/airflow/.local/lib/python3.12/site-packages/airflow/example_dags/example_sensors.py
[2026-05-25T08:04:08.232+0000] {processor.py:840} INFO - DAG(s) 'example_sensors' retrieved from /home/airflow/.local/lib/python3.12/site-packages/airflow/example_dags/example_sensors.py
[2026-05-25T08:04:08.301+0000] {logging_mixin.py:188} INFO - [2026-05-25T08:04:08.301+0000] {dag.py:3089} INFO - Sync 1 DAGs
[2026-05-25T08:04:08.331+0000] {logging_mixin.py:188} INFO - [2026-05-25T08:04:08.331+0000] {dag.py:3947} INFO - Setting next_dagrun for example_sensors to None, run_after=None
[2026-05-25T08:04:08.381+0000] {processor.py:183} INFO - Processing /home/airflow/.local/lib/python3.12/site-packages/airflow/example_dags/example_sensors.py took 0.191 seconds
[2026-05-25T08:04:38.888+0000] {processor.py:161} INFO - Started process (PID=1046) to work on /home/airflow/.local/lib/python3.12/site-packages/airflow/example_dags/example_sensors.py
[2026-05-25T08:04:38.895+0000] {processor.py:830} INFO - Processing file /home/airflow/.local/lib/python3.12/site-packages/airflow/example_dags/example_sensors.py for tasks to queue
[2026-05-25T08:04:38.922+0000] {logging_mixin.py:188} INFO - [2026-05-25T08:04:38.920+0000] {dagbag.py:545} INFO - Filling up the DagBag from /home/airflow/.local/lib/python3.12/site-packages/airflow/example_dags/example_sensors.py
[2026-05-25T08:04:38.972+0000] {processor.py:840} INFO - DAG(s) 'example_sensors' retrieved from /home/airflow/.local/lib/python3.12/site-packages/airflow/example_dags/example_sensors.py
[2026-05-25T08:04:39.053+0000] {logging_mixin.py:188} INFO - [2026-05-25T08:04:39.052+0000] {dag.py:3089} INFO - Sync 1 DAGs
[2026-05-25T08:04:39.084+0000] {logging_mixin.py:188} INFO - [2026-05-25T08:04:39.083+0000] {dag.py:3947} INFO - Setting next_dagrun for example_sensors to None, run_after=None
[2026-05-25T08:04:39.135+0000] {processor.py:183} INFO - Processing /home/airflow/.local/lib/python3.12/site-packages/airflow/example_dags/example_sensors.py took 0.280 seconds
[2026-05-25T08:05:09.910+0000] {processor.py:161} INFO - Started process (PID=1111) to work on /home/airflow/.local/lib/python3.12/site-packages/airflow/example_dags/example_sensors.py
[2026-05-25T08:05:09.913+0000] {processor.py:830} INFO - Processing file /home/airflow/.local/lib/python3.12/site-packages/airflow/example_dags/example_sensors.py for tasks to queue
[2026-05-25T08:05:09.918+0000] {logging_mixin.py:188} INFO - [2026-05-25T08:05:09.917+0000] {dagbag.py:545} INFO - Filling up the DagBag from /home/airflow/.local/lib/python3.12/site-packages/airflow/example_dags/example_sensors.py
[2026-05-25T08:05:09.939+0000] {processor.py:840} INFO - DAG(s) 'example_sensors' retrieved from /home/airflow/.local/lib/python3.12/site-packages/airflow/example_dags/example_sensors.py
[2026-05-25T08:05:10.004+0000] {logging_mixin.py:188} INFO - [2026-05-25T08:05:10.003+0000] {dag.py:3089} INFO - Sync 1 DAGs
[2026-05-25T08:05:10.040+0000] {logging_mixin.py:188} INFO - [2026-05-25T08:05:10.040+0000] {dag.py:3947} INFO - Setting next_dagrun for example_sensors to None, run_after=None
[2026-05-25T08:05:10.086+0000] {processor.py:183} INFO - Processing /home/airflow/.local/lib/python3.12/site-packages/airflow/example_dags/example_sensors.py took 0.192 seconds
[2026-05-25T08:05:40.661+0000] {processor.py:161} INFO - Started process (PID=1171) to work on /home/airflow/.local/lib/python3.12/site-packages/airflow/example_dags/example_sensors.py
[2026-05-25T08:05:40.663+0000] {processor.py:830} INFO - Processing file /home/airflow/.local/lib/python3.12/site-packages/airflow/example_dags/example_sensors.py for tasks to queue
[2026-05-25T08:05:40.668+0000] {logging_mixin.py:188} INFO - [2026-05-25T08:05:40.667+0000] {dagbag.py:545} INFO - Filling up the DagBag from /home/airflow/.local/lib/python3.12/site-packages/airflow/example_dags/example_sensors.py
[2026-05-25T08:05:40.692+0000] {processor.py:840} INFO - DAG(s) 'example_sensors' retrieved from /home/airflow/.local/lib/python3.12/site-packages/airflow/example_dags/example_sensors.py
[2026-05-25T08:05:40.805+0000] {logging_mixin.py:188} INFO - [2026-05-25T08:05:40.804+0000] {dag.py:3089} INFO - Sync 1 DAGs
[2026-05-25T08:05:40.896+0000] {logging_mixin.py:188} INFO - [2026-05-25T08:05:40.895+0000] {dag.py:3947} INFO - Setting next_dagrun for example_sensors to None, run_after=None
[2026-05-25T08:05:40.970+0000] {processor.py:183} INFO - Processing /home/airflow/.local/lib/python3.12/site-packages/airflow/example_dags/example_sensors.py took 0.321 seconds
[2026-05-25T08:06:11.599+0000] {processor.py:161} INFO - Started process (PID=1231) to work on /home/airflow/.local/lib/python3.12/site-packages/airflow/example_dags/example_sensors.py
[2026-05-25T08:06:11.603+0000] {processor.py:830} INFO - Processing file /home/airflow/.local/lib/python3.12/site-packages/airflow/example_dags/example_sensors.py for tasks to queue
[2026-05-25T08:06:11.613+0000] {logging_mixin.py:188} INFO - [2026-05-25T08:06:11.611+0000] {dagbag.py:545} INFO - Filling up the DagBag from /home/airflow/.local/lib/python3.12/site-packages/airflow/example_dags/example_sensors.py
[2026-05-25T08:06:11.672+0000] {processor.py:840} INFO - DAG(s) 'example_sensors' retrieved from /home/airflow/.local/lib/python3.12/site-packages/airflow/example_dags/example_sensors.py
[2026-05-25T08:06:11.776+0000] {logging_mixin.py:188} INFO - [2026-05-25T08:06:11.774+0000] {dag.py:3089} INFO - Sync 1 DAGs
[2026-05-25T08:06:11.842+0000] {logging_mixin.py:188} INFO - [2026-05-25T08:06:11.841+0000] {dag.py:3947} INFO - Setting next_dagrun for example_sensors to None, run_after=None
[2026-05-25T08:06:11.928+0000] {processor.py:183} INFO - Processing /home/airflow/.local/lib/python3.12/site-packages/airflow/example_dags/example_sensors.py took 0.346 seconds
[2026-05-25T08:06:42.679+0000] {processor.py:161} INFO - Started process (PID=1289) to work on /home/airflow/.local/lib/python3.12/site-packages/airflow/example_dags/example_sensors.py
[2026-05-25T08:06:42.682+0000] {processor.py:830} INFO - Processing file /home/airflow/.local/lib/python3.12/site-packages/airflow/example_dags/example_sensors.py for tasks to queue
[2026-05-25T08:06:42.685+0000] {logging_mixin.py:188} INFO - [2026-05-25T08:06:42.684+0000] {dagbag.py:545} INFO - Filling up the DagBag from /home/airflow/.local/lib/python3.12/site-packages/airflow/example_dags/example_sensors.py
[2026-05-25T08:06:42.702+0000] {processor.py:840} INFO - DAG(s) 'example_sensors' retrieved from /home/airflow/.local/lib/python3.12/site-packages/airflow/example_dags/example_sensors.py
[2026-05-25T08:06:42.781+0000] {logging_mixin.py:188} INFO - [2026-05-25T08:06:42.780+0000] {dag.py:3089} INFO - Sync 1 DAGs
[2026-05-25T08:06:42.869+0000] {logging_mixin.py:188} INFO - [2026-05-25T08:06:42.869+0000] {dag.py:3947} INFO - Setting next_dagrun for example_sensors to None, run_after=None
[2026-05-25T08:06:43.044+0000] {processor.py:183} INFO - Processing /home/airflow/.local/lib/python3.12/site-packages/airflow/example_dags/example_sensors.py took 0.374 seconds
[2026-05-25T08:07:13.275+0000] {processor.py:161} INFO - Started process (PID=1349) to work on /home/airflow/.local/lib/python3.12/site-packages/airflow/example_dags/example_sensors.py
[2026-05-25T08:07:13.279+0000] {processor.py:830} INFO - Processing file /home/airflow/.local/lib/python3.12/site-packages/airflow/example_dags/example_sensors.py for tasks to queue
[2026-05-25T08:07:13.290+0000] {logging_mixin.py:188} INFO - [2026-05-25T08:07:13.289+0000] {dagbag.py:545} INFO - Filling up the DagBag from /home/airflow/.local/lib/python3.12/site-packages/airflow/example_dags/example_sensors.py
[2026-05-25T08:07:13.328+0000] {processor.py:840} INFO - DAG(s) 'example_sensors' retrieved from /home/airflow/.local/lib/python3.12/site-packages/airflow/example_dags/example_sensors.py
[2026-05-25T08:07:13.431+0000] {logging_mixin.py:188} INFO - [2026-05-25T08:07:13.430+0000] {dag.py:3089} INFO - Sync 1 DAGs
[2026-05-25T08:07:13.475+0000] {logging_mixin.py:188} INFO - [2026-05-25T08:07:13.475+0000] {dag.py:3947} INFO - Setting next_dagrun for example_sensors to None, run_after=None
[2026-05-25T08:07:13.564+0000] {processor.py:183} INFO - Processing /home/airflow/.local/lib/python3.12/site-packages/airflow/example_dags/example_sensors.py took 0.303 seconds
[2026-05-25T08:07:44.322+0000] {processor.py:161} INFO - Started process (PID=1408) to work on /home/airflow/.local/lib/python3.12/site-packages/airflow/example_dags/example_sensors.py
[2026-05-25T08:07:44.327+0000] {processor.py:830} INFO - Processing file /home/airflow/.local/lib/python3.12/site-packages/airflow/example_dags/example_sensors.py for tasks to queue
[2026-05-25T08:07:44.340+0000] {logging_mixin.py:188} INFO - [2026-05-25T08:07:44.339+0000] {dagbag.py:545} INFO - Filling up the DagBag from /home/airflow/.local/lib/python3.12/site-packages/airflow/example_dags/example_sensors.py
[2026-05-25T08:07:44.420+0000] {processor.py:840} INFO - DAG(s) 'example_sensors' retrieved from /home/airflow/.local/lib/python3.12/site-packages/airflow/example_dags/example_sensors.py
[2026-05-25T08:07:44.605+0000] {logging_mixin.py:188} INFO - [2026-05-25T08:07:44.604+0000] {dag.py:3089} INFO - Sync 1 DAGs
[2026-05-25T08:07:44.745+0000] {logging_mixin.py:188} INFO - [2026-05-25T08:07:44.745+0000] {dag.py:3947} INFO - Setting next_dagrun for example_sensors to None, run_after=None
[2026-05-25T08:07:44.921+0000] {processor.py:183} INFO - Processing /home/airflow/.local/lib/python3.12/site-packages/airflow/example_dags/example_sensors.py took 0.625 seconds
[2026-05-25T08:08:15.538+0000] {processor.py:161} INFO - Started process (PID=1468) to work on /home/airflow/.local/lib/python3.12/site-packages/airflow/example_dags/example_sensors.py
[2026-05-25T08:08:15.540+0000] {processor.py:830} INFO - Processing file /home/airflow/.local/lib/python3.12/site-packages/airflow/example_dags/example_sensors.py for tasks to queue
[2026-05-25T08:08:15.543+0000] {logging_mixin.py:188} INFO - [2026-05-25T08:08:15.543+0000] {dagbag.py:545} INFO - Filling up the DagBag from /home/airflow/.local/lib/python3.12/site-packages/airflow/example_dags/example_sensors.py
[2026-05-25T08:08:15.557+0000] {processor.py:840} INFO - DAG(s) 'example_sensors' retrieved from /home/airflow/.local/lib/python3.12/site-packages/airflow/example_dags/example_sensors.py
[2026-05-25T08:08:15.601+0000] {logging_mixin.py:188} INFO - [2026-05-25T08:08:15.600+0000] {dag.py:3089} INFO - Sync 1 DAGs
[2026-05-25T08:08:15.622+0000] {logging_mixin.py:188} INFO - [2026-05-25T08:08:15.621+0000] {dag.py:3947} INFO - Setting next_dagrun for example_sensors to None, run_after=None
[2026-05-25T08:08:15.654+0000] {processor.py:183} INFO - Processing /home/airflow/.local/lib/python3.12/site-packages/airflow/example_dags/example_sensors.py took 0.126 seconds
[2026-05-25T08:08:46.014+0000] {processor.py:161} INFO - Started process (PID=1528) to work on /home/airflow/.local/lib/python3.12/site-packages/airflow/example_dags/example_sensors.py
[2026-05-25T08:08:46.016+0000] {processor.py:830} INFO - Processing file /home/airflow/.local/lib/python3.12/site-packages/airflow/example_dags/example_sensors.py for tasks to queue
[2026-05-25T08:08:46.020+0000] {logging_mixin.py:188} INFO - [2026-05-25T08:08:46.019+0000] {dagbag.py:545} INFO - Filling up the DagBag from /home/airflow/.local/lib/python3.12/site-packages/airflow/example_dags/example_sensors.py
[2026-05-25T08:08:46.041+0000] {processor.py:840} INFO - DAG(s) 'example_sensors' retrieved from /home/airflow/.local/lib/python3.12/site-packages/airflow/example_dags/example_sensors.py
[2026-05-25T08:08:46.090+0000] {logging_mixin.py:188} INFO - [2026-05-25T08:08:46.089+0000] {dag.py:3089} INFO - Sync 1 DAGs
[2026-05-25T08:08:46.113+0000] {logging_mixin.py:188} INFO - [2026-05-25T08:08:46.113+0000] {dag.py:3947} INFO - Setting next_dagrun for example_sensors to None, run_after=None
[2026-05-25T08:08:46.145+0000] {processor.py:183} INFO - Processing /home/airflow/.local/lib/python3.12/site-packages/airflow/example_dags/example_sensors.py took 0.143 seconds
[2026-05-25T08:09:16.440+0000] {processor.py:161} INFO - Started process (PID=1588) to work on /home/airflow/.local/lib/python3.12/site-packages/airflow/example_dags/example_sensors.py
[2026-05-25T08:09:16.442+0000] {processor.py:830} INFO - Processing file /home/airflow/.local/lib/python3.12/site-packages/airflow/example_dags/example_sensors.py for tasks to queue
[2026-05-25T08:09:16.446+0000] {logging_mixin.py:188} INFO - [2026-05-25T08:09:16.445+0000] {dagbag.py:545} INFO - Filling up the DagBag from /home/airflow/.local/lib/python3.12/site-packages/airflow/example_dags/example_sensors.py
[2026-05-25T08:09:16.465+0000] {processor.py:840} INFO - DAG(s) 'example_sensors' retrieved from /home/airflow/.local/lib/python3.12/site-packages/airflow/example_dags/example_sensors.py
[2026-05-25T08:09:16.515+0000] {logging_mixin.py:188} INFO - [2026-05-25T08:09:16.514+0000] {dag.py:3089} INFO - Sync 1 DAGs
[2026-05-25T08:09:16.537+0000] {logging_mixin.py:188} INFO - [2026-05-25T08:09:16.536+0000] {dag.py:3947} INFO - Setting next_dagrun for example_sensors to None, run_after=None
[2026-05-25T08:09:16.589+0000] {processor.py:183} INFO - Processing /home/airflow/.local/lib/python3.12/site-packages/airflow/example_dags/example_sensors.py took 0.160 seconds
[2026-05-25T08:09:46.777+0000] {processor.py:161} INFO - Started process (PID=1647) to work on /home/airflow/.local/lib/python3.12/site-packages/airflow/example_dags/example_sensors.py
[2026-05-25T08:09:46.779+0000] {processor.py:830} INFO - Processing file /home/airflow/.local/lib/python3.12/site-packages/airflow/example_dags/example_sensors.py for tasks to queue
[2026-05-25T08:09:46.782+0000] {logging_mixin.py:188} INFO - [2026-05-25T08:09:46.781+0000] {dagbag.py:545} INFO - Filling up the DagBag from /home/airflow/.local/lib/python3.12/site-packages/airflow/example_dags/example_sensors.py
[2026-05-25T08:09:46.796+0000] {processor.py:840} INFO - DAG(s) 'example_sensors' retrieved from /home/airflow/.local/lib/python3.12/site-packages/airflow/example_dags/example_sensors.py
[2026-05-25T08:09:46.882+0000] {logging_mixin.py:188} INFO - [2026-05-25T08:09:46.881+0000] {dag.py:3089} INFO - Sync 1 DAGs
[2026-05-25T08:09:46.909+0000] {logging_mixin.py:188} INFO - [2026-05-25T08:09:46.909+0000] {dag.py:3947} INFO - Setting next_dagrun for example_sensors to None, run_after=None
[2026-05-25T08:09:46.953+0000] {processor.py:183} INFO - Processing /home/airflow/.local/lib/python3.12/site-packages/airflow/example_dags/example_sensors.py took 0.185 seconds
[2026-05-25T08:10:17.212+0000] {processor.py:161} INFO - Started process (PID=1707) to work on /home/airflow/.local/lib/python3.12/site-packages/airflow/example_dags/example_sensors.py
[2026-05-25T08:10:17.215+0000] {processor.py:830} INFO - Processing file /home/airflow/.local/lib/python3.12/site-packages/airflow/example_dags/example_sensors.py for tasks to queue
[2026-05-25T08:10:17.221+0000] {logging_mixin.py:188} INFO - [2026-05-25T08:10:17.220+0000] {dagbag.py:545} INFO - Filling up the DagBag from /home/airflow/.local/lib/python3.12/site-packages/airflow/example_dags/example_sensors.py
[2026-05-25T08:10:17.254+0000] {processor.py:840} INFO - DAG(s) 'example_sensors' retrieved from /home/airflow/.local/lib/python3.12/site-packages/airflow/example_dags/example_sensors.py
[2026-05-25T08:10:17.300+0000] {logging_mixin.py:188} INFO - [2026-05-25T08:10:17.299+0000] {dag.py:3089} INFO - Sync 1 DAGs
[2026-05-25T08:10:17.327+0000] {logging_mixin.py:188} INFO - [2026-05-25T08:10:17.327+0000] {dag.py:3947} INFO - Setting next_dagrun for example_sensors to None, run_after=None
[2026-05-25T08:10:17.366+0000] {processor.py:183} INFO - Processing /home/airflow/.local/lib/python3.12/site-packages/airflow/example_dags/example_sensors.py took 0.171 seconds
[2026-05-25T08:10:47.932+0000] {processor.py:161} INFO - Started process (PID=1768) to work on /home/airflow/.local/lib/python3.12/site-packages/airflow/example_dags/example_sensors.py
[2026-05-25T08:10:47.936+0000] {processor.py:830} INFO - Processing file /home/airflow/.local/lib/python3.12/site-packages/airflow/example_dags/example_sensors.py for tasks to queue
[2026-05-25T08:10:47.951+0000] {logging_mixin.py:188} INFO - [2026-05-25T08:10:47.950+0000] {dagbag.py:545} INFO - Filling up the DagBag from /home/airflow/.local/lib/python3.12/site-packages/airflow/example_dags/example_sensors.py
[2026-05-25T08:10:47.994+0000] {processor.py:840} INFO - DAG(s) 'example_sensors' retrieved from /home/airflow/.local/lib/python3.12/site-packages/airflow/example_dags/example_sensors.py
[2026-05-25T08:10:48.084+0000] {logging_mixin.py:188} INFO - [2026-05-25T08:10:48.083+0000] {dag.py:3089} INFO - Sync 1 DAGs
[2026-05-25T08:10:48.129+0000] {logging_mixin.py:188} INFO - [2026-05-25T08:10:48.128+0000] {dag.py:3947} INFO - Setting next_dagrun for example_sensors to None, run_after=None
[2026-05-25T08:10:48.194+0000] {processor.py:183} INFO - Processing /home/airflow/.local/lib/python3.12/site-packages/airflow/example_dags/example_sensors.py took 0.308 seconds
[2026-05-25T08:11:18.568+0000] {processor.py:161} INFO - Started process (PID=1828) to work on /home/airflow/.local/lib/python3.12/site-packages/airflow/example_dags/example_sensors.py
[2026-05-25T08:11:18.570+0000] {processor.py:830} INFO - Processing file /home/airflow/.local/lib/python3.12/site-packages/airflow/example_dags/example_sensors.py for tasks to queue
[2026-05-25T08:11:18.573+0000] {logging_mixin.py:188} INFO - [2026-05-25T08:11:18.573+0000] {dagbag.py:545} INFO - Filling up the DagBag from /home/airflow/.local/lib/python3.12/site-packages/airflow/example_dags/example_sensors.py
[2026-05-25T08:11:18.587+0000] {processor.py:840} INFO - DAG(s) 'example_sensors' retrieved from /home/airflow/.local/lib/python3.12/site-packages/airflow/example_dags/example_sensors.py
[2026-05-25T08:11:18.633+0000] {logging_mixin.py:188} INFO - [2026-05-25T08:11:18.633+0000] {dag.py:3089} INFO - Sync 1 DAGs
[2026-05-25T08:11:18.666+0000] {logging_mixin.py:188} INFO - [2026-05-25T08:11:18.665+0000] {dag.py:3947} INFO - Setting next_dagrun for example_sensors to None, run_after=None
[2026-05-25T08:11:18.728+0000] {processor.py:183} INFO - Processing /home/airflow/.local/lib/python3.12/site-packages/airflow/example_dags/example_sensors.py took 0.169 seconds
[2026-05-25T08:11:49.667+0000] {processor.py:161} INFO - Started process (PID=1888) to work on /home/airflow/.local/lib/python3.12/site-packages/airflow/example_dags/example_sensors.py
[2026-05-25T08:11:49.670+0000] {processor.py:830} INFO - Processing file /home/airflow/.local/lib/python3.12/site-packages/airflow/example_dags/example_sensors.py for tasks to queue
[2026-05-25T08:11:49.675+0000] {logging_mixin.py:188} INFO - [2026-05-25T08:11:49.674+0000] {dagbag.py:545} INFO - Filling up the DagBag from /home/airflow/.local/lib/python3.12/site-packages/airflow/example_dags/example_sensors.py
[2026-05-25T08:11:49.701+0000] {processor.py:840} INFO - DAG(s) 'example_sensors' retrieved from /home/airflow/.local/lib/python3.12/site-packages/airflow/example_dags/example_sensors.py
[2026-05-25T08:11:49.765+0000] {logging_mixin.py:188} INFO - [2026-05-25T08:11:49.764+0000] {dag.py:3089} INFO - Sync 1 DAGs
[2026-05-25T08:11:49.789+0000] {logging_mixin.py:188} INFO - [2026-05-25T08:11:49.788+0000] {dag.py:3947} INFO - Setting next_dagrun for example_sensors to None, run_after=None
[2026-05-25T08:11:49.837+0000] {processor.py:183} INFO - Processing /home/airflow/.local/lib/python3.12/site-packages/airflow/example_dags/example_sensors.py took 0.185 seconds
[2026-05-25T08:12:20.723+0000] {processor.py:161} INFO - Started process (PID=1949) to work on /home/airflow/.local/lib/python3.12/site-packages/airflow/example_dags/example_sensors.py
[2026-05-25T08:12:20.724+0000] {processor.py:830} INFO - Processing file /home/airflow/.local/lib/python3.12/site-packages/airflow/example_dags/example_sensors.py for tasks to queue
[2026-05-25T08:12:20.728+0000] {logging_mixin.py:188} INFO - [2026-05-25T08:12:20.727+0000] {dagbag.py:545} INFO - Filling up the DagBag from /home/airflow/.local/lib/python3.12/site-packages/airflow/example_dags/example_sensors.py
[2026-05-25T08:12:20.742+0000] {processor.py:840} INFO - DAG(s) 'example_sensors' retrieved from /home/airflow/.local/lib/python3.12/site-packages/airflow/example_dags/example_sensors.py
[2026-05-25T08:12:20.789+0000] {logging_mixin.py:188} INFO - [2026-05-25T08:12:20.788+0000] {dag.py:3089} INFO - Sync 1 DAGs
[2026-05-25T08:12:20.810+0000] {logging_mixin.py:188} INFO - [2026-05-25T08:12:20.810+0000] {dag.py:3947} INFO - Setting next_dagrun for example_sensors to None, run_after=None
[2026-05-25T08:12:20.846+0000] {processor.py:183} INFO - Processing /home/airflow/.local/lib/python3.12/site-packages/airflow/example_dags/example_sensors.py took 0.133 seconds
[2026-05-25T08:12:51.522+0000] {processor.py:161} INFO - Started process (PID=2008) to work on /home/airflow/.local/lib/python3.12/site-packages/airflow/example_dags/example_sensors.py
[2026-05-25T08:12:51.525+0000] {processor.py:830} INFO - Processing file /home/airflow/.local/lib/python3.12/site-packages/airflow/example_dags/example_sensors.py for tasks to queue
[2026-05-25T08:12:51.531+0000] {logging_mixin.py:188} INFO - [2026-05-25T08:12:51.530+0000] {dagbag.py:545} INFO - Filling up the DagBag from /home/airflow/.local/lib/python3.12/site-packages/airflow/example_dags/example_sensors.py
[2026-05-25T08:12:51.565+0000] {processor.py:840} INFO - DAG(s) 'example_sensors' retrieved from /home/airflow/.local/lib/python3.12/site-packages/airflow/example_dags/example_sensors.py
[2026-05-25T08:12:51.618+0000] {logging_mixin.py:188} INFO - [2026-05-25T08:12:51.617+0000] {dag.py:3089} INFO - Sync 1 DAGs
[2026-05-25T08:12:51.645+0000] {logging_mixin.py:188} INFO - [2026-05-25T08:12:51.645+0000] {dag.py:3947} INFO - Setting next_dagrun for example_sensors to None, run_after=None
[2026-05-25T08:12:51.683+0000] {processor.py:183} INFO - Processing /home/airflow/.local/lib/python3.12/site-packages/airflow/example_dags/example_sensors.py took 0.183 seconds
[2026-05-25T08:13:22.515+0000] {processor.py:161} INFO - Started process (PID=2069) to work on /home/airflow/.local/lib/python3.12/site-packages/airflow/example_dags/example_sensors.py
[2026-05-25T08:13:22.520+0000] {processor.py:830} INFO - Processing file /home/airflow/.local/lib/python3.12/site-packages/airflow/example_dags/example_sensors.py for tasks to queue
[2026-05-25T08:13:22.526+0000] {logging_mixin.py:188} INFO - [2026-05-25T08:13:22.525+0000] {dagbag.py:545} INFO - Filling up the DagBag from /home/airflow/.local/lib/python3.12/site-packages/airflow/example_dags/example_sensors.py
[2026-05-25T08:13:22.552+0000] {processor.py:840} INFO - DAG(s) 'example_sensors' retrieved from /home/airflow/.local/lib/python3.12/site-packages/airflow/example_dags/example_sensors.py
[2026-05-25T08:13:22.616+0000] {logging_mixin.py:188} INFO - [2026-05-25T08:13:22.616+0000] {dag.py:3089} INFO - Sync 1 DAGs
[2026-05-25T08:13:22.648+0000] {logging_mixin.py:188} INFO - [2026-05-25T08:13:22.648+0000] {dag.py:3947} INFO - Setting next_dagrun for example_sensors to None, run_after=None
[2026-05-25T08:13:22.695+0000] {processor.py:183} INFO - Processing /home/airflow/.local/lib/python3.12/site-packages/airflow/example_dags/example_sensors.py took 0.196 seconds
[2026-05-25T08:13:53.295+0000] {processor.py:161} INFO - Started process (PID=2129) to work on /home/airflow/.local/lib/python3.12/site-packages/airflow/example_dags/example_sensors.py
[2026-05-25T08:13:53.297+0000] {processor.py:830} INFO - Processing file /home/airflow/.local/lib/python3.12/site-packages/airflow/example_dags/example_sensors.py for tasks to queue
[2026-05-25T08:13:53.304+0000] {logging_mixin.py:188} INFO - [2026-05-25T08:13:53.303+0000] {dagbag.py:545} INFO - Filling up the DagBag from /home/airflow/.local/lib/python3.12/site-packages/airflow/example_dags/example_sensors.py
[2026-05-25T08:13:53.323+0000] {processor.py:840} INFO - DAG(s) 'example_sensors' retrieved from /home/airflow/.local/lib/python3.12/site-packages/airflow/example_dags/example_sensors.py
[2026-05-25T08:13:53.432+0000] {logging_mixin.py:188} INFO - [2026-05-25T08:13:53.431+0000] {dag.py:3089} INFO - Sync 1 DAGs
[2026-05-25T08:13:53.511+0000] {logging_mixin.py:188} INFO - [2026-05-25T08:13:53.511+0000] {dag.py:3947} INFO - Setting next_dagrun for example_sensors to None, run_after=None
[2026-05-25T08:13:53.586+0000] {processor.py:183} INFO - Processing /home/airflow/.local/lib/python3.12/site-packages/airflow/example_dags/example_sensors.py took 0.304 seconds
[2026-05-25T08:14:24.237+0000] {processor.py:161} INFO - Started process (PID=2189) to work on /home/airflow/.local/lib/python3.12/site-packages/airflow/example_dags/example_sensors.py
[2026-05-25T08:14:24.240+0000] {processor.py:830} INFO - Processing file /home/airflow/.local/lib/python3.12/site-packages/airflow/example_dags/example_sensors.py for tasks to queue
[2026-05-25T08:14:24.246+0000] {logging_mixin.py:188} INFO - [2026-05-25T08:14:24.245+0000] {dagbag.py:545} INFO - Filling up the DagBag from /home/airflow/.local/lib/python3.12/site-packages/airflow/example_dags/example_sensors.py
[2026-05-25T08:14:24.273+0000] {processor.py:840} INFO - DAG(s) 'example_sensors' retrieved from /home/airflow/.local/lib/python3.12/site-packages/airflow/example_dags/example_sensors.py
[2026-05-25T08:14:24.356+0000] {logging_mixin.py:188} INFO - [2026-05-25T08:14:24.355+0000] {dag.py:3089} INFO - Sync 1 DAGs
[2026-05-25T08:14:24.400+0000] {logging_mixin.py:188} INFO - [2026-05-25T08:14:24.399+0000] {dag.py:3947} INFO - Setting next_dagrun for example_sensors to None, run_after=None
[2026-05-25T08:14:24.462+0000] {processor.py:183} INFO - Processing /home/airflow/.local/lib/python3.12/site-packages/airflow/example_dags/example_sensors.py took 0.241 seconds
[2026-05-25T08:14:54.777+0000] {processor.py:161} INFO - Started process (PID=2248) to work on /home/airflow/.local/lib/python3.12/site-packages/airflow/example_dags/example_sensors.py
[2026-05-25T08:14:54.781+0000] {processor.py:830} INFO - Processing file /home/airflow/.local/lib/python3.12/site-packages/airflow/example_dags/example_sensors.py for tasks to queue
[2026-05-25T08:14:54.791+0000] {logging_mixin.py:188} INFO - [2026-05-25T08:14:54.790+0000] {dagbag.py:545} INFO - Filling up the DagBag from /home/airflow/.local/lib/python3.12/site-packages/airflow/example_dags/example_sensors.py
[2026-05-25T08:14:54.847+0000] {processor.py:840} INFO - DAG(s) 'example_sensors' retrieved from /home/airflow/.local/lib/python3.12/site-packages/airflow/example_dags/example_sensors.py
[2026-05-25T08:14:55.028+0000] {logging_mixin.py:188} INFO - [2026-05-25T08:14:55.027+0000] {dag.py:3089} INFO - Sync 1 DAGs
[2026-05-25T08:14:55.111+0000] {logging_mixin.py:188} INFO - [2026-05-25T08:14:55.111+0000] {dag.py:3947} INFO - Setting next_dagrun for example_sensors to None, run_after=None
[2026-05-25T08:14:55.258+0000] {processor.py:183} INFO - Processing /home/airflow/.local/lib/python3.12/site-packages/airflow/example_dags/example_sensors.py took 0.509 seconds
[2026-05-25T08:15:25.867+0000] {processor.py:161} INFO - Started process (PID=2307) to work on /home/airflow/.local/lib/python3.12/site-packages/airflow/example_dags/example_sensors.py
[2026-05-25T08:15:25.868+0000] {processor.py:830} INFO - Processing file /home/airflow/.local/lib/python3.12/site-packages/airflow/example_dags/example_sensors.py for tasks to queue
[2026-05-25T08:15:25.872+0000] {logging_mixin.py:188} INFO - [2026-05-25T08:15:25.871+0000] {dagbag.py:545} INFO - Filling up the DagBag from /home/airflow/.local/lib/python3.12/site-packages/airflow/example_dags/example_sensors.py
[2026-05-25T08:15:25.890+0000] {processor.py:840} INFO - DAG(s) 'example_sensors' retrieved from /home/airflow/.local/lib/python3.12/site-packages/airflow/example_dags/example_sensors.py
[2026-05-25T08:15:25.947+0000] {logging_mixin.py:188} INFO - [2026-05-25T08:15:25.947+0000] {dag.py:3089} INFO - Sync 1 DAGs
[2026-05-25T08:15:25.985+0000] {logging_mixin.py:188} INFO - [2026-05-25T08:15:25.985+0000] {dag.py:3947} INFO - Setting next_dagrun for example_sensors to None, run_after=None
[2026-05-25T08:15:26.033+0000] {processor.py:183} INFO - Processing /home/airflow/.local/lib/python3.12/site-packages/airflow/example_dags/example_sensors.py took 0.177 seconds
[2026-05-25T08:15:56.372+0000] {processor.py:161} INFO - Started process (PID=2367) to work on /home/airflow/.local/lib/python3.12/site-packages/airflow/example_dags/example_sensors.py
[2026-05-25T08:15:56.380+0000] {processor.py:830} INFO - Processing file /home/airflow/.local/lib/python3.12/site-packages/airflow/example_dags/example_sensors.py for tasks to queue
[2026-05-25T08:15:56.390+0000] {logging_mixin.py:188} INFO - [2026-05-25T08:15:56.388+0000] {dagbag.py:545} INFO - Filling up the DagBag from /home/airflow/.local/lib/python3.12/site-packages/airflow/example_dags/example_sensors.py
[2026-05-25T08:15:56.423+0000] {processor.py:840} INFO - DAG(s) 'example_sensors' retrieved from /home/airflow/.local/lib/python3.12/site-packages/airflow/example_dags/example_sensors.py
[2026-05-25T08:15:56.506+0000] {logging_mixin.py:188} INFO - [2026-05-25T08:15:56.504+0000] {dag.py:3089} INFO - Sync 1 DAGs
[2026-05-25T08:15:56.542+0000] {logging_mixin.py:188} INFO - [2026-05-25T08:15:56.542+0000] {dag.py:3947} INFO - Setting next_dagrun for example_sensors to None, run_after=None
[2026-05-25T08:15:56.599+0000] {processor.py:183} INFO - Processing /home/airflow/.local/lib/python3.12/site-packages/airflow/example_dags/example_sensors.py took 0.242 seconds
[2026-05-25T08:16:26.800+0000] {processor.py:161} INFO - Started process (PID=2429) to work on /home/airflow/.local/lib/python3.12/site-packages/airflow/example_dags/example_sensors.py
[2026-05-25T08:16:26.802+0000] {processor.py:830} INFO - Processing file /home/airflow/.local/lib/python3.12/site-packages/airflow/example_dags/example_sensors.py for tasks to queue
[2026-05-25T08:16:26.806+0000] {logging_mixin.py:188} INFO - [2026-05-25T08:16:26.805+0000] {dagbag.py:545} INFO - Filling up the DagBag from /home/airflow/.local/lib/python3.12/site-packages/airflow/example_dags/example_sensors.py
[2026-05-25T08:16:26.838+0000] {processor.py:840} INFO - DAG(s) 'example_sensors' retrieved from /home/airflow/.local/lib/python3.12/site-packages/airflow/example_dags/example_sensors.py
[2026-05-25T08:16:26.904+0000] {logging_mixin.py:188} INFO - [2026-05-25T08:16:26.903+0000] {dag.py:3089} INFO - Sync 1 DAGs
[2026-05-25T08:16:26.942+0000] {logging_mixin.py:188} INFO - [2026-05-25T08:16:26.941+0000] {dag.py:3947} INFO - Setting next_dagrun for example_sensors to None, run_after=None
[2026-05-25T08:16:26.989+0000] {processor.py:183} INFO - Processing /home/airflow/.local/lib/python3.12/site-packages/airflow/example_dags/example_sensors.py took 0.205 seconds
[2026-05-25T08:16:57.897+0000] {processor.py:161} INFO - Started process (PID=2489) to work on /home/airflow/.local/lib/python3.12/site-packages/airflow/example_dags/example_sensors.py
[2026-05-25T08:16:57.899+0000] {processor.py:830} INFO - Processing file /home/airflow/.local/lib/python3.12/site-packages/airflow/example_dags/example_sensors.py for tasks to queue
[2026-05-25T08:16:57.904+0000] {logging_mixin.py:188} INFO - [2026-05-25T08:16:57.903+0000] {dagbag.py:545} INFO - Filling up the DagBag from /home/airflow/.local/lib/python3.12/site-packages/airflow/example_dags/example_sensors.py
[2026-05-25T08:16:57.929+0000] {processor.py:840} INFO - DAG(s) 'example_sensors' retrieved from /home/airflow/.local/lib/python3.12/site-packages/airflow/example_dags/example_sensors.py
[2026-05-25T08:16:57.990+0000] {logging_mixin.py:188} INFO - [2026-05-25T08:16:57.990+0000] {dag.py:3089} INFO - Sync 1 DAGs
[2026-05-25T08:16:58.016+0000] {logging_mixin.py:188} INFO - [2026-05-25T08:16:58.015+0000] {dag.py:3947} INFO - Setting next_dagrun for example_sensors to None, run_after=None
[2026-05-25T08:16:58.057+0000] {processor.py:183} INFO - Processing /home/airflow/.local/lib/python3.12/site-packages/airflow/example_dags/example_sensors.py took 0.174 seconds
[2026-05-25T08:17:28.296+0000] {processor.py:161} INFO - Started process (PID=2549) to work on /home/airflow/.local/lib/python3.12/site-packages/airflow/example_dags/example_sensors.py
[2026-05-25T08:17:28.298+0000] {processor.py:830} INFO - Processing file /home/airflow/.local/lib/python3.12/site-packages/airflow/example_dags/example_sensors.py for tasks to queue
[2026-05-25T08:17:28.302+0000] {logging_mixin.py:188} INFO - [2026-05-25T08:17:28.301+0000] {dagbag.py:545} INFO - Filling up the DagBag from /home/airflow/.local/lib/python3.12/site-packages/airflow/example_dags/example_sensors.py
[2026-05-25T08:17:28.321+0000] {processor.py:840} INFO - DAG(s) 'example_sensors' retrieved from /home/airflow/.local/lib/python3.12/site-packages/airflow/example_dags/example_sensors.py
[2026-05-25T08:17:28.380+0000] {logging_mixin.py:188} INFO - [2026-05-25T08:17:28.380+0000] {dag.py:3089} INFO - Sync 1 DAGs
[2026-05-25T08:17:28.413+0000] {logging_mixin.py:188} INFO - [2026-05-25T08:17:28.412+0000] {dag.py:3947} INFO - Setting next_dagrun for example_sensors to None, run_after=None
[2026-05-25T08:17:28.450+0000] {processor.py:183} INFO - Processing /home/airflow/.local/lib/python3.12/site-packages/airflow/example_dags/example_sensors.py took 0.168 seconds
[2026-05-25T08:17:58.876+0000] {processor.py:161} INFO - Started process (PID=2609) to work on /home/airflow/.local/lib/python3.12/site-packages/airflow/example_dags/example_sensors.py
[2026-05-25T08:17:58.879+0000] {processor.py:830} INFO - Processing file /home/airflow/.local/lib/python3.12/site-packages/airflow/example_dags/example_sensors.py for tasks to queue
[2026-05-25T08:17:58.887+0000] {logging_mixin.py:188} INFO - [2026-05-25T08:17:58.886+0000] {dagbag.py:545} INFO - Filling up the DagBag from /home/airflow/.local/lib/python3.12/site-packages/airflow/example_dags/example_sensors.py
[2026-05-25T08:17:58.921+0000] {processor.py:840} INFO - DAG(s) 'example_sensors' retrieved from /home/airflow/.local/lib/python3.12/site-packages/airflow/example_dags/example_sensors.py
[2026-05-25T08:17:58.981+0000] {logging_mixin.py:188} INFO - [2026-05-25T08:17:58.980+0000] {dag.py:3089} INFO - Sync 1 DAGs
[2026-05-25T08:17:59.016+0000] {logging_mixin.py:188} INFO - [2026-05-25T08:17:59.015+0000] {dag.py:3947} INFO - Setting next_dagrun for example_sensors to None, run_after=None
[2026-05-25T08:17:59.073+0000] {processor.py:183} INFO - Processing /home/airflow/.local/lib/python3.12/site-packages/airflow/example_dags/example_sensors.py took 0.214 seconds
[2026-05-25T08:18:29.606+0000] {processor.py:161} INFO - Started process (PID=2669) to work on /home/airflow/.local/lib/python3.12/site-packages/airflow/example_dags/example_sensors.py
[2026-05-25T08:18:29.609+0000] {processor.py:830} INFO - Processing file /home/airflow/.local/lib/python3.12/site-packages/airflow/example_dags/example_sensors.py for tasks to queue
[2026-05-25T08:18:29.614+0000] {logging_mixin.py:188} INFO - [2026-05-25T08:18:29.613+0000] {dagbag.py:545} INFO - Filling up the DagBag from /home/airflow/.local/lib/python3.12/site-packages/airflow/example_dags/example_sensors.py
[2026-05-25T08:18:29.629+0000] {processor.py:840} INFO - DAG(s) 'example_sensors' retrieved from /home/airflow/.local/lib/python3.12/site-packages/airflow/example_dags/example_sensors.py
[2026-05-25T08:18:29.675+0000] {logging_mixin.py:188} INFO - [2026-05-25T08:18:29.675+0000] {dag.py:3089} INFO - Sync 1 DAGs
[2026-05-25T08:18:29.694+0000] {logging_mixin.py:188} INFO - [2026-05-25T08:18:29.694+0000] {dag.py:3947} INFO - Setting next_dagrun for example_sensors to None, run_after=None
[2026-05-25T08:18:29.748+0000] {processor.py:183} INFO - Processing /home/airflow/.local/lib/python3.12/site-packages/airflow/example_dags/example_sensors.py took 0.157 seconds
[2026-05-25T08:19:00.018+0000] {processor.py:161} INFO - Started process (PID=2729) to work on /home/airflow/.local/lib/python3.12/site-packages/airflow/example_dags/example_sensors.py
[2026-05-25T08:19:00.021+0000] {processor.py:830} INFO - Processing file /home/airflow/.local/lib/python3.12/site-packages/airflow/example_dags/example_sensors.py for tasks to queue
[2026-05-25T08:19:00.026+0000] {logging_mixin.py:188} INFO - [2026-05-25T08:19:00.025+0000] {dagbag.py:545} INFO - Filling up the DagBag from /home/airflow/.local/lib/python3.12/site-packages/airflow/example_dags/example_sensors.py
[2026-05-25T08:19:00.049+0000] {processor.py:840} INFO - DAG(s) 'example_sensors' retrieved from /home/airflow/.local/lib/python3.12/site-packages/airflow/example_dags/example_sensors.py
[2026-05-25T08:19:00.111+0000] {logging_mixin.py:188} INFO - [2026-05-25T08:19:00.110+0000] {dag.py:3089} INFO - Sync 1 DAGs
[2026-05-25T08:19:00.140+0000] {logging_mixin.py:188} INFO - [2026-05-25T08:19:00.139+0000] {dag.py:3947} INFO - Setting next_dagrun for example_sensors to None, run_after=None
[2026-05-25T08:19:00.179+0000] {processor.py:183} INFO - Processing /home/airflow/.local/lib/python3.12/site-packages/airflow/example_dags/example_sensors.py took 0.177 seconds
[2026-05-25T08:19:30.893+0000] {processor.py:161} INFO - Started process (PID=2789) to work on /home/airflow/.local/lib/python3.12/site-packages/airflow/example_dags/example_sensors.py
[2026-05-25T08:19:30.896+0000] {processor.py:830} INFO - Processing file /home/airflow/.local/lib/python3.12/site-packages/airflow/example_dags/example_sensors.py for tasks to queue
[2026-05-25T08:19:30.901+0000] {logging_mixin.py:188} INFO - [2026-05-25T08:19:30.900+0000] {dagbag.py:545} INFO - Filling up the DagBag from /home/airflow/.local/lib/python3.12/site-packages/airflow/example_dags/example_sensors.py
[2026-05-25T08:19:30.925+0000] {processor.py:840} INFO - DAG(s) 'example_sensors' retrieved from /home/airflow/.local/lib/python3.12/site-packages/airflow/example_dags/example_sensors.py
[2026-05-25T08:19:31.004+0000] {logging_mixin.py:188} INFO - [2026-05-25T08:19:31.003+0000] {dag.py:3089} INFO - Sync 1 DAGs
[2026-05-25T08:19:31.044+0000] {logging_mixin.py:188} INFO - [2026-05-25T08:19:31.043+0000] {dag.py:3947} INFO - Setting next_dagrun for example_sensors to None, run_after=None
[2026-05-25T08:19:31.099+0000] {processor.py:183} INFO - Processing /home/airflow/.local/lib/python3.12/site-packages/airflow/example_dags/example_sensors.py took 0.223 seconds
